brand,city,review_text,rating,date,likes,author,place_id,food_items,food_items_list,taste_attributes,value_attributes,quality_attributes,sentiment_compound,sentiment_positive,sentiment_negative,item_sentiments
McDonald's,New York,the shake was dry. overall amazing experience.,1,2025-07-24,22,User8585,place_McDonald's_New York_2,shake,['shake'],dry,,,0.4767,0.362,0.162,{'shake': -0.1779}
McDonald's,New York,the salad was expensive. overall great experience.,1,2025-08-01,8,User5248,place_McDonald's_New York_3,salad,['salad'],,expensive,,0.6249,0.406,0.0,{'salad': 0.0}
McDonald's,New York,the shake was fresh. overall good experience.,1,2025-10-03,16,User2719,place_McDonald's_New York_5,shake,['shake'],,,fresh,0.5423,0.477,0.156,{'shake': 0.1531}
McDonald's,New York,the shake was cold. overall great experience.,5,2025-09-03,11,User5487,place_McDonald's_New York_4,shake,['shake'],,,cold,0.5267,0.38,0.157,{'shake': -0.1779}
McDonald's,New York,the pizza was dry. overall great experience.,5,2025-12-17,50,User6274,place_McDonald's_New York_4,,[],dry,,,0.6249,0.406,0.0,{}
McDonald's,New York,the fries was juicy. overall good experience.,5,2025-10-24,41,User1421,place_McDonald's_New York_2,fries,['fries'],juicy,,,0.4404,0.326,0.0,{'fries': 0.0}
McDonald's,New York,the nuggets was cheap. overall amazing experience.,3,2025-11-21,25,User4753,place_McDonald's_New York_5,nuggets,['nuggets'],,cheap,,0.5859,0.388,0.0,{'nuggets': 0.0}
McDonald's,New York,the shake was cheap. overall disappointing experience.,3,2025-09-10,31,User2472,place_McDonald's_New York_1,shake,['shake'],,cheap,,-0.5994,0.0,0.495,{'shake': -0.1779}
McDonald's,New York,the wrap was fresh. overall terrible experience.,4,2025-12-30,46,User3485,place_McDonald's_New York_5,wrap,['wrap'],,,fresh,-0.2023,0.221,0.298,{'wrap': 0.3182}
McDonald's,New York,the taco was hot. overall good experience.,3,2025-09-25,34,User1722,place_McDonald's_New York_4,taco,['taco'],,,hot,0.4404,0.326,0.0,{'taco': 0.0}
McDonald's,New York,the burger was stale. overall terrible experience.,5,2025-10-27,4,User1964,place_McDonald's_New York_5,burger,['burger'],,,stale,-0.4767,0.0,0.341,{'burger': 0.0}
McDonald's,Los Angeles,the wrap was cheap. overall disappointing experience.,3,2025-09-27,18,User6917,place_McDonald's_Los Angeles_2,wrap,['wrap'],,cheap,,-0.4939,0.0,0.348,{'wrap': 0.0}
McDonald's,Los Angeles,the shake was fresh. overall okay experience.,3,2025-12-13,31,User3511,place_McDonald's_Los Angeles_5,shake,['shake'],,,fresh,0.3612,0.424,0.172,{'shake': 0.1531}
McDonald's,Los Angeles,the burger was cold. overall good experience.,3,2025-11-15,45,User2744,place_McDonald's_Los Angeles_4,burger,['burger'],,,cold,0.4404,0.326,0.0,{'burger': 0.0}
McDonald's,Los Angeles,the wrap was dry. overall good experience.,3,2025-11-20,20,User3195,place_McDonald's_Los Angeles_3,wrap,['wrap'],dry,,,0.4404,0.326,0.0,{'wrap': 0.0}
McDonald's,Los Angeles,the nuggets was dry. overall great experience.,3,2025-07-05,15,User7643,place_McDonald's_Los Angeles_5,nuggets,['nuggets'],dry,,,0.6249,0.406,0.0,{'nuggets': 0.0}
McDonald's,Los Angeles,the nuggets was stale. overall great experience.,3,2025-08-22,36,User3806,place_McDonald's_Los Angeles_3,nuggets,['nuggets'],,,stale,0.6249,0.406,0.0,{'nuggets': 0.0}
McDonald's,Los Angeles,the burger was crispy. overall terrible experience.,1,2025-11-19,17,User6283,place_McDonald's_Los Angeles_5,burger,['burger'],crispy,,,-0.4767,0.0,0.341,{'burger': 0.0}
McDonald's,Los Angeles,the fries was crispy. overall disappointing experience.,4,2025-09-11,37,User3846,place_McDonald's_Los Angeles_2,fries,['fries'],crispy,,,-0.4939,0.0,0.348,{'fries': 0.0}
McDonald's,Los Angeles,the wrap was expensive. overall terrible experience.,5,2025-08-06,36,User5526,place_McDonald's_Los Angeles_5,wrap,['wrap'],,expensive,,-0.4767,0.0,0.341,{'wrap': 0.0}
McDonald's,Los Angeles,the coffee was crispy. overall amazing experience.,3,2025-11-23,7,User2597,place_McDonald's_Los Angeles_2,coffee,['coffee'],crispy,,,0.5859,0.388,0.0,{'coffee': 0.0}
McDonald's,Los Angeles,the fries was crispy. overall disappointing experience.,1,2025-10-08,42,User6902,place_McDonald's_Los Angeles_4,fries,['fries'],crispy,,,-0.4939,0.0,0.348,{'fries': 0.0}
McDonald's,Chicago,the fries was greasy. overall disappointing experience.,1,2025-10-10,50,User2481,place_McDonald's_Chicago_3,fries,['fries'],greasy,,,-0.4939,0.0,0.348,{'fries': 0.0}
McDonald's,Chicago,the shake was greasy. overall okay experience.,4,2025-10-31,42,User8937,place_McDonald's_Chicago_3,shake,['shake'],greasy,,,0.0516,0.221,0.198,{'shake': -0.1779}
McDonald's,Chicago,the nuggets was juicy. overall great experience.,4,2025-10-13,32,User1344,place_McDonald's_Chicago_2,nuggets,['nuggets'],juicy,,,0.6249,0.406,0.0,{'nuggets': 0.0}
McDonald's,Chicago,the chicken sandwich was juicy. overall great experience.,5,2025-11-30,36,User3001,place_McDonald's_Chicago_4,"chicken sandwich,sandwich,chicken","['chicken sandwich', 'sandwich', 'chicken']",juicy,,,0.6249,0.369,0.0,"{'chicken sandwich': 0.0, 'sandwich': 0.0, 'chicken': 0.0}"
McDonald's,Chicago,the coffee was juicy. overall great experience.,5,2025-12-20,4,User6453,place_McDonald's_Chicago_4,coffee,['coffee'],juicy,,,0.6249,0.406,0.0,{'coffee': 0.0}
McDonald's,Chicago,the nuggets was crispy. overall amazing experience.,5,2025-12-07,8,User7642,place_McDonald's_Chicago_5,nuggets,['nuggets'],crispy,,,0.5859,0.388,0.0,{'nuggets': 0.0}
McDonald's,Chicago,the shake was dry. overall good experience.,2,2025-08-12,5,User4542,place_McDonald's_Chicago_5,shake,['shake'],dry,,,0.296,0.302,0.177,{'shake': -0.1779}
McDonald's,Chicago,the nuggets was stale. overall okay experience.,2,2025-07-19,46,User8597,place_McDonald's_Chicago_1,nuggets,['nuggets'],,,stale,0.2263,0.241,0.0,{'nuggets': 0.0}
McDonald's,Chicago,the shake was juicy. overall disappointing experience.,3,2025-12-01,18,User9902,place_McDonald's_Chicago_4,shake,['shake'],juicy,,,-0.5994,0.0,0.495,{'shake': -0.1779}
McDonald's,Chicago,the burger was cheap. overall okay experience.,4,2025-08-14,36,User2948,place_McDonald's_Chicago_3,burger,['burger'],,cheap,,0.2263,0.241,0.0,{'burger': 0.0}
McDonald's,Chicago,the burger was dry. overall okay experience.,4,2025-11-06,43,User4818,place_McDonald's_Chicago_4,burger,['burger'],dry,,,0.2263,0.241,0.0,{'burger': 0.0}
McDonald's,Dallas,the nuggets was cheap. overall disappointing experience.,1,2025-12-21,1,User8155,place_McDonald's_Dallas_4,nuggets,['nuggets'],,cheap,,-0.4939,0.0,0.348,{'nuggets': 0.0}
McDonald's,Dallas,the salad was fresh. overall terrible experience.,5,2025-10-11,8,User3444,place_McDonald's_Dallas_1,salad,['salad'],,,fresh,-0.2023,0.221,0.298,{'salad': 0.3182}
McDonald's,Dallas,the shake was hot. overall great experience.,1,2025-08-28,19,User4373,place_McDonald's_Dallas_3,shake,['shake'],,,hot,0.5267,0.38,0.157,{'shake': -0.1779}
McDonald's,Dallas,the coffee was cold. overall amazing experience.,1,2025-11-13,0,User2928,place_McDonald's_Dallas_2,coffee,['coffee'],,,cold,0.5859,0.388,0.0,{'coffee': 0.0}
McDonald's,Dallas,the salad was cheap. overall good experience.,5,2025-07-16,40,User5864,place_McDonald's_Dallas_3,salad,['salad'],,cheap,,0.4404,0.326,0.0,{'salad': 0.0}
McDonald's,Dallas,the pizza was expensive. overall good experience.,1,2025-10-18,33,User2528,place_McDonald's_Dallas_4,,[],,expensive,,0.4404,0.326,0.0,{}
McDonald's,Dallas,the nuggets was cold. overall good experience.,5,2025-12-28,49,User3433,place_McDonald's_Dallas_1,nuggets,['nuggets'],,,cold,0.4404,0.326,0.0,{'nuggets': 0.0}
McDonald's,Dallas,the nuggets was hot. overall disappointing experience.,4,2025-12-29,11,User1368,place_McDonald's_Dallas_2,nuggets,['nuggets'],,,hot,-0.4939,0.0,0.348,{'nuggets': 0.0}
McDonald's,Dallas,the pizza was greasy. overall amazing experience.,5,2025-08-25,40,User4964,place_McDonald's_Dallas_4,,[],greasy,,,0.5859,0.388,0.0,{}
McDonald's,Dallas,the salad was fresh. overall disappointing experience.,3,2025-08-09,5,User9788,place_McDonald's_Dallas_1,salad,['salad'],,,fresh,-0.2263,0.219,0.305,{'salad': 0.3182}
McDonald's,Dallas,the shake was greasy. overall terrible experience.,1,2025-11-25,18,User8140,place_McDonald's_Dallas_4,shake,['shake'],greasy,,,-0.5859,0.0,0.49,{'shake': -0.1779}
McDonald's,Atlanta,the wrap was expensive. overall terrible experience.,3,2025-12-10,3,User6088,place_McDonald's_Atlanta_5,wrap,['wrap'],,expensive,,-0.4767,0.0,0.341,{'wrap': 0.0}
McDonald's,Atlanta,the salad was hot. overall terrible experience.,4,2025-11-03,18,User7247,place_McDonald's_Atlanta_4,salad,['salad'],,,hot,-0.4767,0.0,0.341,{'salad': 0.0}
McDonald's,Atlanta,the wrap was greasy. overall great experience.,1,2025-10-18,17,User8505,place_McDonald's_Atlanta_3,wrap,['wrap'],greasy,,,0.6249,0.406,0.0,{'wrap': 0.0}
McDonald's,Atlanta,the pizza was cheap. overall amazing experience.,5,2025-09-01,39,User7549,place_McDonald's_Atlanta_1,,[],,cheap,,0.5859,0.388,0.0,{}
McDonald's,Atlanta,the salad was hot. overall okay experience.,3,2025-09-22,33,User2786,place_McDonald's_Atlanta_1,salad,['salad'],,,hot,0.2263,0.241,0.0,{'salad': 0.0}
McDonald's,Atlanta,the chicken sandwich was dry. overall good experience.,3,2025-10-27,26,User3805,place_McDonald's_Atlanta_4,"chicken sandwich,sandwich,chicken","['chicken sandwich', 'sandwich', 'chicken']",dry,,,0.4404,0.293,0.0,"{'chicken sandwich': 0.0, 'sandwich': 0.0, 'chicken': 0.0}"
McDonald's,Atlanta,the nuggets was juicy. overall disappointing experience.,2,2025-11-12,5,User5475,place_McDonald's_Atlanta_1,nuggets,['nuggets'],juicy,,,-0.4939,0.0,0.348,{'nuggets': 0.0}
McDonald's,Atlanta,the taco was hot. overall terrible experience.,1,2025-11-30,48,User1360,place_McDonald's_Atlanta_1,taco,['taco'],,,hot,-0.4767,0.0,0.341,{'taco': 0.0}
McDonald's,Atlanta,the coffee was stale. overall disappointing experience.,5,2025-10-12,34,User8799,place_McDonald's_Atlanta_3,coffee,['coffee'],,,stale,-0.4939,0.0,0.348,{'coffee': 0.0}
McDonald's,Atlanta,the shake was juicy. overall great experience.,5,2025-08-11,49,User7887,place_McDonald's_Atlanta_1,shake,['shake'],juicy,,,0.5267,0.38,0.157,{'shake': -0.1779}
McDonald's,Atlanta,the chicken sandwich was crispy. overall amazing experience.,4,2025-09-08,9,User2979,place_McDonald's_Atlanta_4,"chicken sandwich,sandwich,chicken","['chicken sandwich', 'sandwich', 'chicken']",crispy,,,0.5859,0.352,0.0,"{'chicken sandwich': 0.0, 'sandwich': 0.0, 'chicken': 0.0}"
McDonald's,Houston,the coffee was greasy. overall terrible experience.,5,2025-08-05,3,User8693,place_McDonald's_Houston_4,coffee,['coffee'],greasy,,,-0.4767,0.0,0.341,{'coffee': 0.0}
McDonald's,Houston,the pizza was greasy. overall great experience.,5,2025-08-30,23,User1748,place_McDonald's_Houston_3,,[],greasy,,,0.6249,0.406,0.0,{}
McDonald's,Houston,the wrap was juicy. overall amazing experience.,2,2025-08-21,11,User4329,place_McDonald's_Houston_3,wrap,['wrap'],juicy,,,0.5859,0.388,0.0,{'wrap': 0.0}
McDonald's,Houston,the burger was stale. overall good experience.,1,2025-10-19,38,User9360,place_McDonald's_Houston_3,burger,['burger'],,,stale,0.4404,0.326,0.0,{'burger': 0.0}
McDonald's,Houston,the taco was dry. overall disappointing experience.,1,2025-11-24,26,User2892,place_McDonald's_Houston_3,taco,['taco'],dry,,,-0.4939,0.0,0.348,{'taco': 0.0}
McDonald's,Houston,the fries was juicy. overall amazing experience.,2,2025-11-29,45,User2096,place_McDonald's_Houston_2,fries,['fries'],juicy,,,0.5859,0.388,0.0,{'fries': 0.0}
McDonald's,Houston,the taco was greasy. overall okay experience.,4,2025-11-16,47,User4612,place_McDonald's_Houston_4,taco,['taco'],greasy,,,0.2263,0.241,0.0,{'taco': 0.0}
McDonald's,Houston,the burger was cold. overall good experience.,3,2025-10-25,42,User3626,place_McDonald's_Houston_1,burger,['burger'],,,cold,0.4404,0.326,0.0,{'burger': 0.0}
McDonald's,Houston,the fries was stale. overall great experience.,1,2025-09-26,35,User1814,place_McDonald's_Houston_1,fries,['fries'],,,stale,0.6249,0.406,0.0,{'fries': 0.0}
McDonald's,Houston,the shake was cheap. overall great experience.,3,2025-10-06,6,User2470,place_McDonald's_Houston_4,shake,['shake'],,cheap,,0.5267,0.38,0.157,{'shake': -0.1779}
McDonald's,Houston,the coffee was cheap. overall disappointing experience.,1,2025-12-02,38,User1951,place_McDonald's_Houston_1,coffee,['coffee'],,cheap,,-0.4939,0.0,0.348,{'coffee': 0.0}
McDonald's,Phoenix,the coffee was juicy. overall terrible experience.,2,2025-11-28,13,User6336,place_McDonald's_Phoenix_5,coffee,['coffee'],juicy,,,-0.4767,0.0,0.341,{'coffee': 0.0}
McDonald's,Phoenix,the burger was juicy. overall amazing experience.,2,2025-08-06,0,User3626,place_McDonald's_Phoenix_3,burger,['burger'],juicy,,,0.5859,0.388,0.0,{'burger': 0.0}
McDonald's,Phoenix,the taco was cold. overall amazing experience.,3,2025-09-18,3,User3570,place_McDonald's_Phoenix_5,taco,['taco'],,,cold,0.5859,0.388,0.0,{'taco': 0.0}
McDonald's,Phoenix,the fries was fresh. overall disappointing experience.,4,2025-11-07,43,User6044,place_McDonald's_Phoenix_5,fries,['fries'],,,fresh,-0.2263,0.219,0.305,{'fries': 0.3182}
McDonald's,Phoenix,the burger was expensive. overall good experience.,1,2025-09-01,32,User6002,place_McDonald's_Phoenix_2,burger,['burger'],,expensive,,0.4404,0.326,0.0,{'burger': 0.0}
McDonald's,Phoenix,the pizza was crispy. overall terrible experience.,4,2025-11-09,19,User9411,place_McDonald's_Phoenix_5,,[],crispy,,,-0.4767,0.0,0.341,{}
McDonald's,Phoenix,the coffee was fresh. overall terrible experience.,4,2025-12-07,50,User2182,place_McDonald's_Phoenix_3,coffee,['coffee'],,,fresh,-0.2023,0.221,0.298,{'coffee': 0.3182}
McDonald's,Phoenix,the nuggets was crispy. overall disappointing experience.,2,2025-09-10,41,User2058,place_McDonald's_Phoenix_5,nuggets,['nuggets'],crispy,,,-0.4939,0.0,0.348,{'nuggets': 0.0}
McDonald's,Phoenix,the nuggets was greasy. overall okay experience.,4,2025-07-22,16,User5791,place_McDonald's_Phoenix_4,nuggets,['nuggets'],greasy,,,0.2263,0.241,0.0,{'nuggets': 0.0}
McDonald's,Phoenix,the wrap was cheap. overall terrible experience.,1,2025-07-20,26,User5462,place_McDonald's_Phoenix_4,wrap,['wrap'],,cheap,,-0.4767,0.0,0.341,{'wrap': 0.0}
McDonald's,Phoenix,the nuggets was juicy. overall disappointing experience.,1,2025-12-21,10,User2738,place_McDonald's_Phoenix_2,nuggets,['nuggets'],juicy,,,-0.4939,0.0,0.348,{'nuggets': 0.0}
McDonald's,Philadelphia,the nuggets was hot. overall good experience.,3,2025-12-14,22,User1424,place_McDonald's_Philadelphia_1,nuggets,['nuggets'],,,hot,0.4404,0.326,0.0,{'nuggets': 0.0}
McDonald's,Philadelphia,the nuggets was hot. overall amazing experience.,4,2025-11-13,2,User2173,place_McDonald's_Philadelphia_5,nuggets,['nuggets'],,,hot,0.5859,0.388,0.0,{'nuggets': 0.0}
McDonald's,Philadelphia,the nuggets was juicy. overall great experience.,5,2025-08-28,7,User3419,place_McDonald's_Philadelphia_5,nuggets,['nuggets'],juicy,,,0.6249,0.406,0.0,{'nuggets': 0.0}
McDonald's,Philadelphia,the coffee was cold. overall okay experience.,4,2025-07-10,48,User8102,place_McDonald's_Philadelphia_5,coffee,['coffee'],,,cold,0.2263,0.241,0.0,{'coffee': 0.0}
McDonald's,Philadelphia,the pizza was stale. overall amazing experience.,5,2025-08-13,27,User9980,place_McDonald's_Philadelphia_1,,[],,,stale,0.5859,0.388,0.0,{}
McDonald's,Philadelphia,the taco was fresh. overall okay experience.,1,2025-09-02,11,User2173,place_McDonald's_Philadelphia_4,taco,['taco'],,,fresh,0.4939,0.457,0.0,{'taco': 0.3182}
McDonald's,Philadelphia,the taco was crispy. overall okay experience.,3,2025-08-22,27,User4103,place_McDonald's_Philadelphia_2,taco,['taco'],crispy,,,0.2263,0.241,0.0,{'taco': 0.0}
McDonald's,Philadelphia,the chicken sandwich was stale. overall great experience.,2,2025-10-11,19,User8201,place_McDonald's_Philadelphia_2,"chicken sandwich,sandwich,chicken","['chicken sandwich', 'sandwich', 'chicken']",,,stale,0.6249,0.369,0.0,"{'chicken sandwich': 0.0, 'sandwich': 0.0, 'chicken': 0.0}"
McDonald's,Philadelphia,the chicken sandwich was stale. overall amazing experience.,4,2025-10-10,13,User8291,place_McDonald's_Philadelphia_4,"chicken sandwich,sandwich,chicken","['chicken sandwich', 'sandwich', 'chicken']",,,stale,0.5859,0.352,0.0,"{'chicken sandwich': 0.0, 'sandwich': 0.0, 'chicken': 0.0}"
McDonald's,Philadelphia,the nuggets was expensive. overall great experience.,2,2025-09-09,7,User7917,place_McDonald's_Philadelphia_2,nuggets,['nuggets'],,expensive,,0.6249,0.406,0.0,{'nuggets': 0.0}
McDonald's,Philadelphia,the pizza was dry. overall good experience.,2,2025-10-08,41,User2404,place_McDonald's_Philadelphia_3,,[],dry,,,0.4404,0.326,0.0,{}
McDonald's,San Antonio,the coffee was juicy. overall amazing experience.,1,2025-08-11,38,User5557,place_McDonald's_San Antonio_4,coffee,['coffee'],juicy,,,0.5859,0.388,0.0,{'coffee': 0.0}
McDonald's,San Antonio,the wrap was juicy. overall great experience.,2,2025-11-30,46,User4370,place_McDonald's_San Antonio_4,wrap,['wrap'],juicy,,,0.6249,0.406,0.0,{'wrap': 0.0}
McDonald's,San Antonio,the shake was crispy. overall okay experience.,3,2025-09-18,25,User8485,place_McDonald's_San Antonio_1,shake,['shake'],crispy,,,0.0516,0.221,0.198,{'shake': -0.1779}
McDonald's,San Antonio,the taco was cheap. overall okay experience.,3,2025-11-05,39,User6641,place_McDonald's_San Antonio_1,taco,['taco'],,cheap,,0.2263,0.241,0.0,{'taco': 0.0}
McDonald's,San Antonio,the salad was cold. overall terrible experience.,2,2025-10-04,18,User7515,place_McDonald's_San Antonio_5,salad,['salad'],,,cold,-0.4767,0.0,0.341,{'salad': 0.0}
McDonald's,San Antonio,the pizza was cheap. overall terrible experience.,5,2025-09-21,5,User8458,place_McDonald's_San Antonio_5,,[],,cheap,,-0.4767,0.0,0.341,{}
McDonald's,San Antonio,the coffee was cold. overall disappointing experience.,5,2025-09-17,41,User6196,place_McDonald's_San Antonio_4,coffee,['coffee'],,,cold,-0.4939,0.0,0.348,{'coffee': 0.0}
McDonald's,San Antonio,the pizza was greasy. overall disappointing experience.,3,2025-10-12,30,User9794,place_McDonald's_San Antonio_3,,[],greasy,,,-0.4939,0.0,0.348,{}
McDonald's,San Antonio,the salad was fresh. overall terrible experience.,2,2025-07-21,28,User6094,place_McDonald's_San Antonio_1,salad,['salad'],,,fresh,-0.2023,0.221,0.298,{'salad': 0.3182}
McDonald's,San Antonio,the burger was fresh. overall amazing experience.,4,2025-09-14,16,User9234,place_McDonald's_San Antonio_5,burger,['burger'],,,fresh,0.7269,0.55,0.0,{'burger': 0.3182}
McDonald's,San Antonio,the fries was cheap. overall great experience.,5,2025-09-14,45,User7240,place_McDonald's_San Antonio_4,fries,['fries'],,cheap,,0.6249,0.406,0.0,{'fries': 0.0}
McDonald's,San Diego,the taco was stale. overall disappointing experience.,3,2025-11-12,27,User7644,place_McDonald's_San Diego_4,taco,['taco'],,,stale,-0.4939,0.0,0.348,{'taco': 0.0}
McDonald's,San Diego,the chicken sandwich was crispy. overall disappointing experience.,4,2025-12-15,48,User6004,place_McDonald's_San Diego_5,"chicken sandwich,sandwich,chicken","['chicken sandwich', 'sandwich', 'chicken']",crispy,,,-0.4939,0.0,0.314,"{'chicken sandwich': 0.0, 'sandwich': 0.0, 'chicken': 0.0}"
McDonald's,San Diego,the pizza was expensive. overall great experience.,5,2025-12-24,31,User1543,place_McDonald's_San Diego_4,,[],,expensive,,0.6249,0.406,0.0,{}
McDonald's,San Diego,the pizza was dry. overall good experience.,1,2025-09-09,49,User6256,place_McDonald's_San Diego_1,,[],dry,,,0.4404,0.326,0.0,{}
McDonald's,San Diego,the coffee was expensive. overall great experience.,1,2025-09-23,45,User6972,place_McDonald's_San Diego_3,coffee,['coffee'],,expensive,,0.6249,0.406,0.0,{'coffee': 0.0}
McDonald's,San Diego,the taco was fresh. overall terrible experience.,2,2025-10-16,10,User7241,place_McDonald's_San Diego_5,taco,['taco'],,,fresh,-0.2023,0.221,0.298,{'taco': 0.3182}
McDonald's,San Diego,the fries was dry. overall terrible experience.,1,2025-10-19,46,User1220,place_McDonald's_San Diego_4,fries,['fries'],dry,,,-0.4767,0.0,0.341,{'fries': 0.0}
McDonald's,San Diego,the burger was stale. overall terrible experience.,1,2025-08-13,27,User9772,place_McDonald's_San Diego_4,burger,['burger'],,,stale,-0.4767,0.0,0.341,{'burger': 0.0}
McDonald's,San Diego,the taco was stale. overall good experience.,1,2025-09-22,19,User5664,place_McDonald's_San Diego_1,taco,['taco'],,,stale,0.4404,0.326,0.0,{'taco': 0.0}
McDonald's,San Diego,the burger was juicy. overall disappointing experience.,2,2025-07-05,21,User7621,place_McDonald's_San Diego_2,burger,['burger'],juicy,,,-0.4939,0.0,0.348,{'burger': 0.0}
McDonald's,San Diego,the coffee was greasy. overall disappointing experience.,1,2025-10-28,1,User9475,place_McDonald's_San Diego_1,coffee,['coffee'],greasy,,,-0.4939,0.0,0.348,{'coffee': 0.0}
McDonald's,Miami,the burger was fresh. overall good experience.,4,2025-08-17,5,User7401,place_McDonald's_Miami_5,burger,['burger'],,,fresh,0.6369,0.51,0.0,{'burger': 0.3182}
McDonald's,Miami,the burger was expensive. overall okay experience.,5,2025-10-05,5,User8373,place_McDonald's_Miami_3,burger,['burger'],,expensive,,0.2263,0.241,0.0,{'burger': 0.0}
McDonald's,Miami,the burger was dry. overall okay experience.,5,2025-11-13,5,User4232,place_McDonald's_Miami_3,burger,['burger'],dry,,,0.2263,0.241,0.0,{'burger': 0.0}
McDonald's,Miami,the pizza was dry. overall disappointing experience.,2,2025-08-14,14,User5730,place_McDonald's_Miami_1,,[],dry,,,-0.4939,0.0,0.348,{}
McDonald's,Miami,the fries was cold. overall disappointing experience.,4,2025-08-17,46,User9016,place_McDonald's_Miami_5,fries,['fries'],,,cold,-0.4939,0.0,0.348,{'fries': 0.0}
McDonald's,Miami,the burger was dry. overall amazing experience.,5,2025-08-22,19,User4677,place_McDonald's_Miami_3,burger,['burger'],dry,,,0.5859,0.388,0.0,{'burger': 0.0}
McDonald's,Miami,the salad was expensive. overall okay experience.,4,2025-10-05,5,User1604,place_McDonald's_Miami_1,salad,['salad'],,expensive,,0.2263,0.241,0.0,{'salad': 0.0}
McDonald's,Miami,the wrap was cold. overall good experience.,5,2025-10-31,41,User8752,place_McDonald's_Miami_5,wrap,['wrap'],,,cold,0.4404,0.326,0.0,{'wrap': 0.0}
McDonald's,Miami,the burger was stale. overall okay experience.,1,2025-10-09,37,User1475,place_McDonald's_Miami_2,burger,['burger'],,,stale,0.2263,0.241,0.0,{'burger': 0.0}
McDonald's,Miami,the shake was juicy. overall great experience.,5,2025-11-08,44,User6156,place_McDonald's_Miami_3,shake,['shake'],juicy,,,0.5267,0.38,0.157,{'shake': -0.1779}
McDonald's,Miami,the salad was cold. overall terrible experience.,5,2025-12-17,34,User6084,place_McDonald's_Miami_4,salad,['salad'],,,cold,-0.4767,0.0,0.341,{'salad': 0.0}
McDonald's,Seattle,the nuggets was fresh. overall terrible experience.,1,2025-12-02,38,User1076,place_McDonald's_Seattle_3,nuggets,['nuggets'],,,fresh,-0.2023,0.221,0.298,{'nuggets': 0.3182}
McDonald's,Seattle,the salad was greasy. overall good experience.,3,2025-11-04,15,User3369,place_McDonald's_Seattle_2,salad,['salad'],greasy,,,0.4404,0.326,0.0,{'salad': 0.0}
McDonald's,Seattle,the shake was hot. overall great experience.,2,2025-10-09,10,User2220,place_McDonald's_Seattle_5,shake,['shake'],,,hot,0.5267,0.38,0.157,{'shake': -0.1779}
McDonald's,Seattle,the salad was dry. overall amazing experience.,5,2025-07-11,29,User6470,place_McDonald's_Seattle_1,salad,['salad'],dry,,,0.5859,0.388,0.0,{'salad': 0.0}
McDonald's,Seattle,the burger was dry. overall disappointing experience.,3,2025-09-25,36,User1540,place_McDonald's_Seattle_3,burger,['burger'],dry,,,-0.4939,0.0,0.348,{'burger': 0.0}
McDonald's,Seattle,the fries was dry. overall good experience.,2,2025-11-16,41,User4990,place_McDonald's_Seattle_5,fries,['fries'],dry,,,0.4404,0.326,0.0,{'fries': 0.0}
McDonald's,Seattle,the fries was dry. overall disappointing experience.,4,2025-07-04,46,User9239,place_McDonald's_Seattle_3,fries,['fries'],dry,,,-0.4939,0.0,0.348,{'fries': 0.0}
McDonald's,Seattle,the burger was expensive. overall great experience.,3,2025-07-10,10,User4213,place_McDonald's_Seattle_4,burger,['burger'],,expensive,,0.6249,0.406,0.0,{'burger': 0.0}
McDonald's,Seattle,the shake was crispy. overall disappointing experience.,4,2025-08-29,47,User5990,place_McDonald's_Seattle_4,shake,['shake'],crispy,,,-0.5994,0.0,0.495,{'shake': -0.1779}
McDonald's,Seattle,the chicken sandwich was expensive. overall great experience.,3,2025-07-15,33,User9595,place_McDonald's_Seattle_3,"chicken sandwich,sandwich,chicken","['chicken sandwich', 'sandwich', 'chicken']",,expensive,,0.6249,0.369,0.0,"{'chicken sandwich': 0.0, 'sandwich': 0.0, 'chicken': 0.0}"
McDonald's,Seattle,the chicken sandwich was expensive. overall great experience.,5,2025-07-22,49,User5368,place_McDonald's_Seattle_2,"chicken sandwich,sandwich,chicken","['chicken sandwich', 'sandwich', 'chicken']",,expensive,,0.6249,0.369,0.0,"{'chicken sandwich': 0.0, 'sandwich': 0.0, 'chicken': 0.0}"
McDonald's,Boston,the fries was stale. overall disappointing experience.,2,2025-09-10,31,User4278,place_McDonald's_Boston_5,fries,['fries'],,,stale,-0.4939,0.0,0.348,{'fries': 0.0}
McDonald's,Boston,the burger was stale. overall amazing experience.,5,2025-10-15,3,User5498,place_McDonald's_Boston_3,burger,['burger'],,,stale,0.5859,0.388,0.0,{'burger': 0.0}
McDonald's,Boston,the nuggets was fresh. overall okay experience.,2,2025-07-12,10,User5431,place_McDonald's_Boston_4,nuggets,['nuggets'],,,fresh,0.4939,0.457,0.0,{'nuggets': 0.3182}
McDonald's,Boston,the salad was expensive. overall good experience.,4,2025-08-25,11,User6901,place_McDonald's_Boston_1,salad,['salad'],,expensive,,0.4404,0.326,0.0,{'salad': 0.0}
McDonald's,Boston,the taco was fresh. overall okay experience.,3,2025-08-21,6,User6926,place_McDonald's_Boston_3,taco,['taco'],,,fresh,0.4939,0.457,0.0,{'taco': 0.3182}
McDonald's,Boston,the chicken sandwich was juicy. overall terrible experience.,1,2025-11-15,8,User5442,place_McDonald's_Boston_2,"chicken sandwich,sandwich,chicken","['chicken sandwich', 'sandwich', 'chicken']",juicy,,,-0.4767,0.0,0.307,"{'chicken sandwich': 0.0, 'sandwich': 0.0, 'chicken': 0.0}"
McDonald's,Boston,the nuggets was juicy. overall terrible experience.,1,2025-09-27,14,User4160,place_McDonald's_Boston_2,nuggets,['nuggets'],juicy,,,-0.4767,0.0,0.341,{'nuggets': 0.0}
McDonald's,Boston,the chicken sandwich was cold. overall great experience.,4,2025-10-03,19,User8586,place_McDonald's_Boston_1,"chicken sandwich,sandwich,chicken","['chicken sandwich', 'sandwich', 'chicken']",,,cold,0.6249,0.369,0.0,"{'chicken sandwich': 0.0, 'sandwich': 0.0, 'chicken': 0.0}"
McDonald's,Boston,the burger was greasy. overall disappointing experience.,1,2025-12-04,17,User6936,place_McDonald's_Boston_4,burger,['burger'],greasy,,,-0.4939,0.0,0.348,{'burger': 0.0}
McDonald's,Boston,the salad was cold. overall great experience.,5,2025-11-12,27,User3244,place_McDonald's_Boston_3,salad,['salad'],,,cold,0.6249,0.406,0.0,{'salad': 0.0}
McDonald's,Boston,the salad was hot. overall amazing experience.,3,2025-12-11,43,User6165,place_McDonald's_Boston_5,salad,['salad'],,,hot,0.5859,0.388,0.0,{'salad': 0.0}
McDonald's,Denver,the fries was hot. overall good experience.,1,2025-12-19,34,User8886,place_McDonald's_Denver_2,fries,['fries'],,,hot,0.4404,0.326,0.0,{'fries': 0.0}
McDonald's,Denver,the pizza was cold. overall good experience.,5,2025-11-12,25,User3533,place_McDonald's_Denver_1,,[],,,cold,0.4404,0.326,0.0,{}
McDonald's,Denver,the coffee was juicy. overall disappointing experience.,2,2025-10-03,8,User5489,place_McDonald's_Denver_5,coffee,['coffee'],juicy,,,-0.4939,0.0,0.348,{'coffee': 0.0}
McDonald's,Denver,the burger was dry. overall amazing experience.,3,2025-07-30,39,User9822,place_McDonald's_Denver_3,burger,['burger'],dry,,,0.5859,0.388,0.0,{'burger': 0.0}
McDonald's,Denver,the shake was fresh. overall amazing experience.,4,2025-11-25,7,User2174,place_McDonald's_Denver_1,shake,['shake'],,,fresh,0.6597,0.517,0.144,{'shake': 0.1531}
McDonald's,Denver,the wrap was juicy. overall great experience.,3,2025-09-16,4,User8104,place_McDonald's_Denver_3,wrap,['wrap'],juicy,,,0.6249,0.406,0.0,{'wrap': 0.0}
McDonald's,Denver,the shake was juicy. overall amazing experience.,3,2025-08-25,48,User6304,place_McDonald's_Denver_1,shake,['shake'],juicy,,,0.4767,0.362,0.162,{'shake': -0.1779}
McDonald's,Denver,the chicken sandwich was cheap. overall terrible experience.,5,2025-09-28,12,User5743,place_McDonald's_Denver_5,"chicken sandwich,sandwich,chicken","['chicken sandwich', 'sandwich', 'chicken']",,cheap,,-0.4767,0.0,0.307,"{'chicken sandwich': 0.0, 'sandwich': 0.0, 'chicken': 0.0}"
McDonald's,Denver,the burger was fresh. overall amazing experience.,1,2025-12-08,49,User8519,place_McDonald's_Denver_4,burger,['burger'],,,fresh,0.7269,0.55,0.0,{'burger': 0.3182}
McDonald's,Denver,the coffee was stale. overall okay experience.,1,2025-09-26,21,User6262,place_McDonald's_Denver_2,coffee,['coffee'],,,stale,0.2263,0.241,0.0,{'coffee': 0.0}
McDonald's,Denver,the shake was crispy. overall great experience.,5,2025-11-13,23,User6457,place_McDonald's_Denver_3,shake,['shake'],crispy,,,0.5267,0.38,0.157,{'shake': -0.1779}
McDonald's,Portland,the burger was expensive. overall okay experience.,5,2025-09-28,25,User7114,place_McDonald's_Portland_2,burger,['burger'],,expensive,,0.2263,0.241,0.0,{'burger': 0.0}
McDonald's,Portland,the burger was juicy. overall great experience.,5,2025-11-27,25,User6586,place_McDonald's_Portland_1,burger,['burger'],juicy,,,0.6249,0.406,0.0,{'burger': 0.0}
McDonald's,Portland,the salad was expensive. overall good experience.,3,2025-10-21,48,User3459,place_McDonald's_Portland_4,salad,['salad'],,expensive,,0.4404,0.326,0.0,{'salad': 0.0}
McDonald's,Portland,the wrap was cold. overall okay experience.,1,2025-10-30,35,User1944,place_McDonald's_Portland_3,wrap,['wrap'],,,cold,0.2263,0.241,0.0,{'wrap': 0.0}
McDonald's,Portland,the burger was cheap. overall disappointing experience.,3,2025-09-16,24,User7154,place_McDonald's_Portland_4,burger,['burger'],,cheap,,-0.4939,0.0,0.348,{'burger': 0.0}
McDonald's,Portland,the chicken sandwich was cold. overall disappointing experience.,1,2025-09-12,2,User1172,place_McDonald's_Portland_3,"chicken sandwich,sandwich,chicken","['chicken sandwich', 'sandwich', 'chicken']",,,cold,-0.4939,0.0,0.314,"{'chicken sandwich': 0.0, 'sandwich': 0.0, 'chicken': 0.0}"
McDonald's,Portland,the burger was dry. overall okay experience.,3,2025-12-28,18,User8870,place_McDonald's_Portland_2,burger,['burger'],dry,,,0.2263,0.241,0.0,{'burger': 0.0}
McDonald's,Portland,the fries was cheap. overall okay experience.,3,2025-12-10,49,User6954,place_McDonald's_Portland_1,fries,['fries'],,cheap,,0.2263,0.241,0.0,{'fries': 0.0}
McDonald's,Portland,the shake was dry. overall amazing experience.,1,2025-08-12,23,User6872,place_McDonald's_Portland_2,shake,['shake'],dry,,,0.4767,0.362,0.162,{'shake': -0.1779}
McDonald's,Portland,the burger was cheap. overall amazing experience.,5,2025-09-03,23,User4263,place_McDonald's_Portland_3,burger,['burger'],,cheap,,0.5859,0.388,0.0,{'burger': 0.0}
McDonald's,Portland,the fries was cold. overall terrible experience.,2,2025-08-09,15,User4082,place_McDonald's_Portland_4,fries,['fries'],,,cold,-0.4767,0.0,0.341,{'fries': 0.0}
Burger King,New York,the nuggets was dry. overall amazing experience.,3,2025-11-17,17,User4800,place_Burger King_New York_4,nuggets,['nuggets'],dry,,,0.5859,0.388,0.0,{'nuggets': 0.0}
Burger King,New York,the chicken sandwich was juicy. overall okay experience.,3,2025-10-17,6,User5561,place_Burger King_New York_4,"chicken sandwich,sandwich,chicken","['chicken sandwich', 'sandwich', 'chicken']",juicy,,,0.2263,0.213,0.0,"{'chicken sandwich': 0.0, 'sandwich': 0.0, 'chicken': 0.0}"
Burger King,New York,the coffee was cold. overall disappointing experience.,2,2025-08-25,4,User5188,place_Burger King_New York_3,coffee,['coffee'],,,cold,-0.4939,0.0,0.348,{'coffee': 0.0}
Burger King,New York,the burger was dry. overall disappointing experience.,2,2025-08-14,42,User6771,place_Burger King_New York_2,burger,['burger'],dry,,,-0.4939,0.0,0.348,{'burger': 0.0}
Burger King,New York,the wrap was juicy. overall terrible experience.,1,2025-08-24,24,User8889,place_Burger King_New York_2,wrap,['wrap'],juicy,,,-0.4767,0.0,0.341,{'wrap': 0.0}
Burger King,New York,the pizza was crispy. overall disappointing experience.,1,2025-08-12,49,User1941,place_Burger King_New York_3,,[],crispy,,,-0.4939,0.0,0.348,{}
Burger King,New York,the burger was stale. overall disappointing experience.,1,2025-12-21,12,User9152,place_Burger King_New York_4,burger,['burger'],,,stale,-0.4939,0.0,0.348,{'burger': 0.0}
Burger King,New York,the salad was hot. overall amazing experience.,5,2025-12-11,6,User6966,place_Burger King_New York_2,salad,['salad'],,,hot,0.5859,0.388,0.0,{'salad': 0.0}
Burger King,New York,the shake was cold. overall disappointing experience.,2,2025-07-31,26,User4801,place_Burger King_New York_5,shake,['shake'],,,cold,-0.5994,0.0,0.495,{'shake': -0.1779}
Burger King,New York,the burger was hot. overall good experience.,5,2025-12-17,35,User7620,place_Burger King_New York_5,burger,['burger'],,,hot,0.4404,0.326,0.0,{'burger': 0.0}
Burger King,New York,the shake was expensive. overall amazing experience.,1,2025-08-30,15,User8825,place_Burger King_New York_5,shake,['shake'],,expensive,,0.4767,0.362,0.162,{'shake': -0.1779}
Burger King,Los Angeles,the shake was cold. overall amazing experience.,2,2025-08-01,50,User7016,place_Burger King_Los Angeles_2,shake,['shake'],,,cold,0.4767,0.362,0.162,{'shake': -0.1779}
Burger King,Los Angeles,the wrap was fresh. overall amazing experience.,2,2025-12-29,0,User1950,place_Burger King_Los Angeles_5,wrap,['wrap'],,,fresh,0.7269,0.55,0.0,{'wrap': 0.3182}
Burger King,Los Angeles,the fries was stale. overall good experience.,2,2025-10-31,35,User1973,place_Burger King_Los Angeles_4,fries,['fries'],,,stale,0.4404,0.326,0.0,{'fries': 0.0}
Burger King,Los Angeles,the taco was juicy. overall terrible experience.,3,2025-11-01,16,User9444,place_Burger King_Los Angeles_1,taco,['taco'],juicy,,,-0.4767,0.0,0.341,{'taco': 0.0}
Burger King,Los Angeles,the pizza was dry. overall great experience.,2,2025-12-14,45,User5446,place_Burger King_Los Angeles_4,,[],dry,,,0.6249,0.406,0.0,{}
Burger King,Los Angeles,the pizza was cold. overall okay experience.,1,2025-09-17,12,User8364,place_Burger King_Los Angeles_4,,[],,,cold,0.2263,0.241,0.0,{}
Burger King,Los Angeles,the taco was fresh. overall disappointing experience.,4,2025-09-18,30,User4159,place_Burger King_Los Angeles_3,taco,['taco'],,,fresh,-0.2263,0.219,0.305,{'taco': 0.3182}
Burger King,Los Angeles,the shake was stale. overall okay experience.,2,2025-11-29,18,User1110,place_Burger King_Los Angeles_3,shake,['shake'],,,stale,0.0516,0.221,0.198,{'shake': -0.1779}
Burger King,Los Angeles,the taco was cheap. overall amazing experience.,3,2025-12-31,47,User3380,place_Burger King_Los Angeles_4,taco,['taco'],,cheap,,0.5859,0.388,0.0,{'taco': 0.0}
Burger King,Los Angeles,the taco was hot. overall disappointing experience.,4,2025-09-13,19,User6947,place_Burger King_Los Angeles_1,taco,['taco'],,,hot,-0.4939,0.0,0.348,{'taco': 0.0}
Burger King,Los Angeles,the fries was cheap. overall disappointing experience.,2,2025-11-10,40,User4733,place_Burger King_Los Angeles_3,fries,['fries'],,cheap,,-0.4939,0.0,0.348,{'fries': 0.0}
Burger King,Chicago,the wrap was dry. overall amazing experience.,1,2025-07-20,49,User8444,place_Burger King_Chicago_1,wrap,['wrap'],dry,,,0.5859,0.388,0.0,{'wrap': 0.0}
Burger King,Chicago,the salad was fresh. overall great experience.,3,2025-10-05,2,User9772,place_Burger King_Chicago_3,salad,['salad'],,,fresh,0.7506,0.561,0.0,{'salad': 0.3182}
Burger King,Chicago,the taco was cheap. overall terrible experience.,5,2025-10-29,28,User6734,place_Burger King_Chicago_1,taco,['taco'],,cheap,,-0.4767,0.0,0.341,{'taco': 0.0}
Burger King,Chicago,the coffee was cold. overall good experience.,5,2025-07-11,45,User1673,place_Burger King_Chicago_4,coffee,['coffee'],,,cold,0.4404,0.326,0.0,{'coffee': 0.0}
Burger King,Chicago,the wrap was cold. overall good experience.,5,2025-11-27,17,User6039,place_Burger King_Chicago_5,wrap,['wrap'],,,cold,0.4404,0.326,0.0,{'wrap': 0.0}
Burger King,Chicago,the taco was expensive. overall disappointing experience.,3,2025-07-14,8,User9217,place_Burger King_Chicago_3,taco,['taco'],,expensive,,-0.4939,0.0,0.348,{'taco': 0.0}
Burger King,Chicago,the pizza was hot. overall terrible experience.,3,2025-11-06,20,User4711,place_Burger King_Chicago_3,,[],,,hot,-0.4767,0.0,0.341,{}
Burger King,Chicago,the wrap was fresh. overall good experience.,5,2025-11-11,29,User3501,place_Burger King_Chicago_1,wrap,['wrap'],,,fresh,0.6369,0.51,0.0,{'wrap': 0.3182}
Burger King,Chicago,the taco was expensive. overall amazing experience.,2,2025-10-14,6,User3989,place_Burger King_Chicago_5,taco,['taco'],,expensive,,0.5859,0.388,0.0,{'taco': 0.0}
Burger King,Chicago,the salad was juicy. overall amazing experience.,2,2025-07-11,26,User6810,place_Burger King_Chicago_5,salad,['salad'],juicy,,,0.5859,0.388,0.0,{'salad': 0.0}
Burger King,Chicago,the pizza was dry. overall okay experience.,2,2025-12-06,42,User5653,place_Burger King_Chicago_5,,[],dry,,,0.2263,0.241,0.0,{}
Burger King,Dallas,the shake was stale. overall okay experience.,2,2025-12-04,6,User2497,place_Burger King_Dallas_4,shake,['shake'],,,stale,0.0516,0.221,0.198,{'shake': -0.1779}
Burger King,Dallas,the wrap was cheap. overall great experience.,3,2025-11-21,20,User8597,place_Burger King_Dallas_5,wrap,['wrap'],,cheap,,0.6249,0.406,0.0,{'wrap': 0.0}
Burger King,Dallas,the coffee was expensive. overall terrible experience.,2,2025-11-30,45,User6978,place_Burger King_Dallas_2,coffee,['coffee'],,expensive,,-0.4767,0.0,0.341,{'coffee': 0.0}
Burger King,Dallas,the coffee was expensive. overall amazing experience.,2,2025-08-17,26,User2719,place_Burger King_Dallas_2,coffee,['coffee'],,expensive,,0.5859,0.388,0.0,{'coffee': 0.0}
Burger King,Dallas,the fries was cold. overall disappointing experience.,2,2025-12-29,26,User8356,place_Burger King_Dallas_2,fries,['fries'],,,cold,-0.4939,0.0,0.348,{'fries': 0.0}
Burger King,Dallas,the burger was greasy. overall okay experience.,1,2025-07-13,17,User8971,place_Burger King_Dallas_4,burger,['burger'],greasy,,,0.2263,0.241,0.0,{'burger': 0.0}
Burger King,Dallas,the salad was hot. overall good experience.,5,2025-12-11,33,User6326,place_Burger King_Dallas_3,salad,['salad'],,,hot,0.4404,0.326,0.0,{'salad': 0.0}
Burger King,Dallas,the coffee was crispy. overall terrible experience.,3,2025-08-15,46,User1574,place_Burger King_Dallas_5,coffee,['coffee'],crispy,,,-0.4767,0.0,0.341,{'coffee': 0.0}
Burger King,Dallas,the shake was hot. overall disappointing experience.,3,2025-08-23,25,User4932,place_Burger King_Dallas_2,shake,['shake'],,,hot,-0.5994,0.0,0.495,{'shake': -0.1779}
Burger King,Dallas,the nuggets was cold. overall amazing experience.,3,2025-07-08,3,User5916,place_Burger King_Dallas_1,nuggets,['nuggets'],,,cold,0.5859,0.388,0.0,{'nuggets': 0.0}
Burger King,Dallas,the burger was cheap. overall good experience.,2,2025-12-10,21,User1383,place_Burger King_Dallas_4,burger,['burger'],,cheap,,0.4404,0.326,0.0,{'burger': 0.0}
Burger King,Atlanta,the nuggets was expensive. overall disappointing experience.,5,2025-11-01,24,User7844,place_Burger King_Atlanta_5,nuggets,['nuggets'],,expensive,,-0.4939,0.0,0.348,{'nuggets': 0.0}
Burger King,Atlanta,the taco was stale. overall great experience.,2,2025-08-13,4,User2007,place_Burger King_Atlanta_2,taco,['taco'],,,stale,0.6249,0.406,0.0,{'taco': 0.0}
Burger King,Atlanta,the burger was fresh. overall okay experience.,1,2025-11-12,9,User7205,place_Burger King_Atlanta_1,burger,['burger'],,,fresh,0.4939,0.457,0.0,{'burger': 0.3182}
Burger King,Atlanta,the chicken sandwich was crispy. overall amazing experience.,1,2025-11-02,20,User4105,place_Burger King_Atlanta_1,"chicken sandwich,sandwich,chicken","['chicken sandwich', 'sandwich', 'chicken']",crispy,,,0.5859,0.352,0.0,"{'chicken sandwich': 0.0, 'sandwich': 0.0, 'chicken': 0.0}"
Burger King,Atlanta,the burger was cold. overall terrible experience.,4,2025-07-07,6,User5694,place_Burger King_Atlanta_1,burger,['burger'],,,cold,-0.4767,0.0,0.341,{'burger': 0.0}
Burger King,Atlanta,the taco was crispy. overall good experience.,5,2025-09-19,3,User2009,place_Burger King_Atlanta_5,taco,['taco'],crispy,,,0.4404,0.326,0.0,{'taco': 0.0}
Burger King,Atlanta,the chicken sandwich was hot. overall amazing experience.,2,2025-12-02,34,User6029,place_Burger King_Atlanta_3,"chicken sandwich,sandwich,chicken","['chicken sandwich', 'sandwich', 'chicken']",,,hot,0.5859,0.352,0.0,"{'chicken sandwich': 0.0, 'sandwich': 0.0, 'chicken': 0.0}"
Burger King,Atlanta,the salad was expensive. overall okay experience.,5,2025-09-30,43,User4420,place_Burger King_Atlanta_5,salad,['salad'],,expensive,,0.2263,0.241,0.0,{'salad': 0.0}
Burger King,Atlanta,the burger was stale. overall great experience.,4,2025-09-06,50,User4432,place_Burger King_Atlanta_3,burger,['burger'],,,stale,0.6249,0.406,0.0,{'burger': 0.0}
Burger King,Atlanta,the nuggets was cheap. overall okay experience.,4,2025-09-21,3,User6098,place_Burger King_Atlanta_1,nuggets,['nuggets'],,cheap,,0.2263,0.241,0.0,{'nuggets': 0.0}
Burger King,Atlanta,the burger was greasy. overall disappointing experience.,3,2025-11-19,38,User8851,place_Burger King_Atlanta_1,burger,['burger'],greasy,,,-0.4939,0.0,0.348,{'burger': 0.0}
Burger King,Houston,the wrap was cold. overall amazing experience.,4,2025-08-17,27,User9626,place_Burger King_Houston_5,wrap,['wrap'],,,cold,0.5859,0.388,0.0,{'wrap': 0.0}
Burger King,Houston,the burger was dry. overall terrible experience.,2,2025-09-03,21,User6539,place_Burger King_Houston_3,burger,['burger'],dry,,,-0.4767,0.0,0.341,{'burger': 0.0}
Burger King,Houston,the fries was crispy. overall terrible experience.,5,2025-08-07,29,User6883,place_Burger King_Houston_5,fries,['fries'],crispy,,,-0.4767,0.0,0.341,{'fries': 0.0}
Burger King,Houston,the fries was hot. overall okay experience.,1,2025-09-23,34,User9905,place_Burger King_Houston_3,fries,['fries'],,,hot,0.2263,0.241,0.0,{'fries': 0.0}
Burger King,Houston,the chicken sandwich was cold. overall terrible experience.,4,2025-10-10,46,User9202,place_Burger King_Houston_5,"chicken sandwich,sandwich,chicken","['chicken sandwich', 'sandwich', 'chicken']",,,cold,-0.4767,0.0,0.307,"{'chicken sandwich': 0.0, 'sandwich': 0.0, 'chicken': 0.0}"
Burger King,Houston,the fries was juicy. overall disappointing experience.,3,2025-08-15,32,User6332,place_Burger King_Houston_4,fries,['fries'],juicy,,,-0.4939,0.0,0.348,{'fries': 0.0}
Burger King,Houston,the taco was dry. overall great experience.,5,2025-11-10,36,User1107,place_Burger King_Houston_4,taco,['taco'],dry,,,0.6249,0.406,0.0,{'taco': 0.0}
Burger King,Houston,the fries was cold. overall okay experience.,4,2025-08-23,39,User4186,place_Burger King_Houston_1,fries,['fries'],,,cold,0.2263,0.241,0.0,{'fries': 0.0}
Burger King,Houston,the burger was dry. overall terrible experience.,1,2025-08-03,16,User4100,place_Burger King_Houston_3,burger,['burger'],dry,,,-0.4767,0.0,0.341,{'burger': 0.0}
Burger King,Houston,the burger was expensive. overall terrible experience.,4,2025-11-25,29,User5467,place_Burger King_Houston_1,burger,['burger'],,expensive,,-0.4767,0.0,0.341,{'burger': 0.0}
Burger King,Houston,the shake was stale. overall disappointing experience.,1,2025-10-26,34,User8318,place_Burger King_Houston_4,shake,['shake'],,,stale,-0.5994,0.0,0.495,{'shake': -0.1779}
Burger King,Phoenix,the coffee was cold. overall disappointing experience.,4,2025-12-22,31,User6059,place_Burger King_Phoenix_2,coffee,['coffee'],,,cold,-0.4939,0.0,0.348,{'coffee': 0.0}
Burger King,Phoenix,the taco was greasy. overall disappointing experience.,2,2025-10-15,3,User2638,place_Burger King_Phoenix_4,taco,['taco'],greasy,,,-0.4939,0.0,0.348,{'taco': 0.0}
Burger King,Phoenix,the shake was hot. overall amazing experience.,3,2025-11-12,19,User8112,place_Burger King_Phoenix_3,shake,['shake'],,,hot,0.4767,0.362,0.162,{'shake': -0.1779}
Burger King,Phoenix,the wrap was dry. overall great experience.,4,2025-09-04,16,User7392,place_Burger King_Phoenix_3,wrap,['wrap'],dry,,,0.6249,0.406,0.0,{'wrap': 0.0}
Burger King,Phoenix,the shake was greasy. overall okay experience.,2,2025-10-27,36,User8020,place_Burger King_Phoenix_4,shake,['shake'],greasy,,,0.0516,0.221,0.198,{'shake': -0.1779}
Burger King,Phoenix,the chicken sandwich was stale. overall good experience.,3,2025-08-11,28,User8987,place_Burger King_Phoenix_5,"chicken sandwich,sandwich,chicken","['chicken sandwich', 'sandwich', 'chicken']",,,stale,0.4404,0.293,0.0,"{'chicken sandwich': 0.0, 'sandwich': 0.0, 'chicken': 0.0}"
Burger King,Phoenix,the burger was juicy. overall amazing experience.,4,2025-08-20,12,User2609,place_Burger King_Phoenix_1,burger,['burger'],juicy,,,0.5859,0.388,0.0,{'burger': 0.0}
Burger King,Phoenix,the nuggets was hot. overall terrible experience.,2,2025-12-20,38,User8242,place_Burger King_Phoenix_2,nuggets,['nuggets'],,,hot,-0.4767,0.0,0.341,{'nuggets': 0.0}
Burger King,Phoenix,the coffee was hot. overall disappointing experience.,1,2025-11-20,44,User3326,place_Burger King_Phoenix_3,coffee,['coffee'],,,hot,-0.4939,0.0,0.348,{'coffee': 0.0}
Burger King,Phoenix,the pizza was fresh. overall disappointing experience.,1,2025-07-13,4,User4766,place_Burger King_Phoenix_3,,[],,,fresh,-0.2263,0.219,0.305,{}
Burger King,Phoenix,the coffee was greasy. overall good experience.,5,2025-11-15,20,User7034,place_Burger King_Phoenix_4,coffee,['coffee'],greasy,,,0.4404,0.326,0.0,{'coffee': 0.0}
Burger King,Philadelphia,the chicken sandwich was greasy. overall amazing experience.,4,2025-07-17,21,User7767,place_Burger King_Philadelphia_2,"chicken sandwich,sandwich,chicken","['chicken sandwich', 'sandwich', 'chicken']",greasy,,,0.5859,0.352,0.0,"{'chicken sandwich': 0.0, 'sandwich': 0.0, 'chicken': 0.0}"
Burger King,Philadelphia,the pizza was cold. overall disappointing experience.,4,2025-08-21,38,User8739,place_Burger King_Philadelphia_5,,[],,,cold,-0.4939,0.0,0.348,{}
Burger King,Philadelphia,the nuggets was cheap. overall great experience.,5,2025-09-19,47,User1976,place_Burger King_Philadelphia_5,nuggets,['nuggets'],,cheap,,0.6249,0.406,0.0,{'nuggets': 0.0}
Burger King,Philadelphia,the shake was dry. overall terrible experience.,3,2025-12-25,27,User6104,place_Burger King_Philadelphia_4,shake,['shake'],dry,,,-0.5859,0.0,0.49,{'shake': -0.1779}
Burger King,Philadelphia,the shake was stale. overall okay experience.,1,2025-07-08,23,User7863,place_Burger King_Philadelphia_5,shake,['shake'],,,stale,0.0516,0.221,0.198,{'shake': -0.1779}
Burger King,Philadelphia,the pizza was greasy. overall great experience.,3,2025-08-19,19,User3104,place_Burger King_Philadelphia_3,,[],greasy,,,0.6249,0.406,0.0,{}
Burger King,Philadelphia,the nuggets was dry. overall good experience.,3,2025-07-13,5,User7626,place_Burger King_Philadelphia_5,nuggets,['nuggets'],dry,,,0.4404,0.326,0.0,{'nuggets': 0.0}
Burger King,Philadelphia,the salad was expensive. overall good experience.,3,2025-12-06,11,User7310,place_Burger King_Philadelphia_1,salad,['salad'],,expensive,,0.4404,0.326,0.0,{'salad': 0.0}
Burger King,Philadelphia,the nuggets was juicy. overall okay experience.,4,2025-12-08,8,User7095,place_Burger King_Philadelphia_4,nuggets,['nuggets'],juicy,,,0.2263,0.241,0.0,{'nuggets': 0.0}
Burger King,Philadelphia,the shake was greasy. overall amazing experience.,3,2025-08-29,21,User7351,place_Burger King_Philadelphia_4,shake,['shake'],greasy,,,0.4767,0.362,0.162,{'shake': -0.1779}
Burger King,Philadelphia,the coffee was dry. overall okay experience.,3,2025-08-14,49,User6882,place_Burger King_Philadelphia_4,coffee,['coffee'],dry,,,0.2263,0.241,0.0,{'coffee': 0.0}
Burger King,San Antonio,the shake was expensive. overall amazing experience.,4,2025-11-25,27,User8697,place_Burger King_San Antonio_4,shake,['shake'],,expensive,,0.4767,0.362,0.162,{'shake': -0.1779}
Burger King,San Antonio,the pizza was stale. overall okay experience.,5,2025-10-01,14,User7403,place_Burger King_San Antonio_2,,[],,,stale,0.2263,0.241,0.0,{}
Burger King,San Antonio,the wrap was fresh. overall okay experience.,4,2025-07-30,9,User6464,place_Burger King_San Antonio_5,wrap,['wrap'],,,fresh,0.4939,0.457,0.0,{'wrap': 0.3182}
Burger King,San Antonio,the nuggets was fresh. overall disappointing experience.,3,2025-08-05,45,User2600,place_Burger King_San Antonio_5,nuggets,['nuggets'],,,fresh,-0.2263,0.219,0.305,{'nuggets': 0.3182}
Burger King,San Antonio,the burger was greasy. overall good experience.,2,2025-08-28,29,User5303,place_Burger King_San Antonio_5,burger,['burger'],greasy,,,0.4404,0.326,0.0,{'burger': 0.0}
Burger King,San Antonio,the pizza was juicy. overall amazing experience.,3,2025-11-19,24,User8516,place_Burger King_San Antonio_4,,[],juicy,,,0.5859,0.388,0.0,{}
Burger King,San Antonio,the fries was cheap. overall great experience.,1,2025-07-04,46,User6183,place_Burger King_San Antonio_5,fries,['fries'],,cheap,,0.6249,0.406,0.0,{'fries': 0.0}
Burger King,San Antonio,the pizza was fresh. overall disappointing experience.,2,2025-12-08,6,User4194,place_Burger King_San Antonio_4,,[],,,fresh,-0.2263,0.219,0.305,{}
Burger King,San Antonio,the chicken sandwich was expensive. overall terrible experience.,4,2025-11-02,25,User4986,place_Burger King_San Antonio_5,"chicken sandwich,sandwich,chicken","['chicken sandwich', 'sandwich', 'chicken']",,expensive,,-0.4767,0.0,0.307,"{'chicken sandwich': 0.0, 'sandwich': 0.0, 'chicken': 0.0}"
Burger King,San Antonio,the fries was juicy. overall terrible experience.,5,2025-07-26,16,User2049,place_Burger King_San Antonio_1,fries,['fries'],juicy,,,-0.4767,0.0,0.341,{'fries': 0.0}
Burger King,San Antonio,the fries was greasy. overall terrible experience.,5,2025-12-04,8,User1965,place_Burger King_San Antonio_4,fries,['fries'],greasy,,,-0.4767,0.0,0.341,{'fries': 0.0}
Burger King,San Diego,the wrap was expensive. overall great experience.,4,2025-10-15,29,User7768,place_Burger King_San Diego_3,wrap,['wrap'],,expensive,,0.6249,0.406,0.0,{'wrap': 0.0}
Burger King,San Diego,the wrap was crispy. overall good experience.,1,2025-11-19,40,User4150,place_Burger King_San Diego_3,wrap,['wrap'],crispy,,,0.4404,0.326,0.0,{'wrap': 0.0}
Burger King,San Diego,the taco was crispy. overall terrible experience.,5,2025-12-28,26,User3836,place_Burger King_San Diego_3,taco,['taco'],crispy,,,-0.4767,0.0,0.341,{'taco': 0.0}
Burger King,San Diego,the fries was fresh. overall good experience.,2,2025-07-07,29,User3714,place_Burger King_San Diego_5,fries,['fries'],,,fresh,0.6369,0.51,0.0,{'fries': 0.3182}
Burger King,San Diego,the burger was juicy. overall great experience.,4,2025-09-05,44,User5914,place_Burger King_San Diego_4,burger,['burger'],juicy,,,0.6249,0.406,0.0,{'burger': 0.0}
Burger King,San Diego,the fries was expensive. overall great experience.,3,2025-08-15,7,User1071,place_Burger King_San Diego_1,fries,['fries'],,expensive,,0.6249,0.406,0.0,{'fries': 0.0}
Burger King,San Diego,the fries was crispy. overall terrible experience.,1,2025-07-17,3,User5241,place_Burger King_San Diego_1,fries,['fries'],crispy,,,-0.4767,0.0,0.341,{'fries': 0.0}
Burger King,San Diego,the taco was crispy. overall okay experience.,5,2025-11-12,25,User8394,place_Burger King_San Diego_2,taco,['taco'],crispy,,,0.2263,0.241,0.0,{'taco': 0.0}
Burger King,San Diego,the salad was greasy. overall amazing experience.,1,2025-08-05,48,User7471,place_Burger King_San Diego_1,salad,['salad'],greasy,,,0.5859,0.388,0.0,{'salad': 0.0}
Burger King,San Diego,the chicken sandwich was dry. overall okay experience.,1,2025-12-06,9,User7821,place_Burger King_San Diego_4,"chicken sandwich,sandwich,chicken","['chicken sandwich', 'sandwich', 'chicken']",dry,,,0.2263,0.213,0.0,"{'chicken sandwich': 0.0, 'sandwich': 0.0, 'chicken': 0.0}"
Burger King,San Diego,the shake was fresh. overall terrible experience.,1,2025-08-17,36,User2729,place_Burger King_San Diego_3,shake,['shake'],,,fresh,-0.3612,0.207,0.432,{'shake': 0.1531}
Burger King,Miami,the salad was fresh. overall disappointing experience.,3,2025-09-26,29,User9831,place_Burger King_Miami_3,salad,['salad'],,,fresh,-0.2263,0.219,0.305,{'salad': 0.3182}
Burger King,Miami,the pizza was fresh. overall amazing experience.,3,2025-11-26,18,User7389,place_Burger King_Miami_4,,[],,,fresh,0.7269,0.55,0.0,{}
Burger King,Miami,the shake was crispy. overall great experience.,3,2025-07-10,44,User4141,place_Burger King_Miami_2,shake,['shake'],crispy,,,0.5267,0.38,0.157,{'shake': -0.1779}
Burger King,Miami,the burger was stale. overall terrible experience.,4,2025-11-28,17,User6212,place_Burger King_Miami_5,burger,['burger'],,,stale,-0.4767,0.0,0.341,{'burger': 0.0}
Burger King,Miami,the shake was fresh. overall terrible experience.,1,2025-08-29,49,User8281,place_Burger King_Miami_1,shake,['shake'],,,fresh,-0.3612,0.207,0.432,{'shake': 0.1531}
Burger King,Miami,the wrap was cold. overall amazing experience.,4,2025-11-28,25,User2773,place_Burger King_Miami_1,wrap,['wrap'],,,cold,0.5859,0.388,0.0,{'wrap': 0.0}
Burger King,Miami,the nuggets was fresh. overall good experience.,2,2025-08-25,21,User7152,place_Burger King_Miami_5,nuggets,['nuggets'],,,fresh,0.6369,0.51,0.0,{'nuggets': 0.3182}
Burger King,Miami,the salad was cold. overall great experience.,2,2025-10-27,1,User3525,place_Burger King_Miami_4,salad,['salad'],,,cold,0.6249,0.406,0.0,{'salad': 0.0}
Burger King,Miami,the chicken sandwich was crispy. overall okay experience.,4,2025-11-10,36,User5483,place_Burger King_Miami_4,"chicken sandwich,sandwich,chicken","['chicken sandwich', 'sandwich', 'chicken']",crispy,,,0.2263,0.213,0.0,"{'chicken sandwich': 0.0, 'sandwich': 0.0, 'chicken': 0.0}"
Burger King,Miami,the taco was hot. overall amazing experience.,4,2025-09-12,0,User2711,place_Burger King_Miami_5,taco,['taco'],,,hot,0.5859,0.388,0.0,{'taco': 0.0}
Burger King,Miami,the coffee was fresh. overall amazing experience.,2,2025-11-09,23,User8319,place_Burger King_Miami_4,coffee,['coffee'],,,fresh,0.7269,0.55,0.0,{'coffee': 0.3182}
Burger King,Seattle,the fries was expensive. overall great experience.,2,2025-08-20,34,User6953,place_Burger King_Seattle_3,fries,['fries'],,expensive,,0.6249,0.406,0.0,{'fries': 0.0}
Burger King,Seattle,the shake was greasy. overall terrible experience.,3,2025-08-23,19,User8084,place_Burger King_Seattle_4,shake,['shake'],greasy,,,-0.5859,0.0,0.49,{'shake': -0.1779}
Burger King,Seattle,the fries was juicy. overall okay experience.,3,2025-11-22,17,User9719,place_Burger King_Seattle_1,fries,['fries'],juicy,,,0.2263,0.241,0.0,{'fries': 0.0}
Burger King,Seattle,the fries was fresh. overall okay experience.,1,2025-11-01,21,User5395,place_Burger King_Seattle_1,fries,['fries'],,,fresh,0.4939,0.457,0.0,{'fries': 0.3182}
Burger King,Seattle,the salad was fresh. overall great experience.,1,2025-12-29,8,User1510,place_Burger King_Seattle_2,salad,['salad'],,,fresh,0.7506,0.561,0.0,{'salad': 0.3182}
Burger King,Seattle,the shake was dry. overall disappointing experience.,2,2025-10-03,29,User2760,place_Burger King_Seattle_2,shake,['shake'],dry,,,-0.5994,0.0,0.495,{'shake': -0.1779}
Burger King,Seattle,the coffee was greasy. overall terrible experience.,1,2025-10-14,32,User3509,place_Burger King_Seattle_3,coffee,['coffee'],greasy,,,-0.4767,0.0,0.341,{'coffee': 0.0}
Burger King,Seattle,the fries was dry. overall good experience.,2,2025-09-03,28,User1046,place_Burger King_Seattle_5,fries,['fries'],dry,,,0.4404,0.326,0.0,{'fries': 0.0}
Burger King,Seattle,the shake was hot. overall okay experience.,5,2025-10-14,20,User4842,place_Burger King_Seattle_5,shake,['shake'],,,hot,0.0516,0.221,0.198,{'shake': -0.1779}
Burger King,Seattle,the pizza was cheap. overall amazing experience.,5,2025-08-25,3,User7922,place_Burger King_Seattle_5,,[],,cheap,,0.5859,0.388,0.0,{}
Burger King,Seattle,the salad was crispy. overall disappointing experience.,4,2025-07-26,10,User8675,place_Burger King_Seattle_3,salad,['salad'],crispy,,,-0.4939,0.0,0.348,{'salad': 0.0}
Burger King,Boston,the burger was dry. overall terrible experience.,3,2025-08-22,11,User6201,place_Burger King_Boston_1,burger,['burger'],dry,,,-0.4767,0.0,0.341,{'burger': 0.0}
Burger King,Boston,the taco was fresh. overall disappointing experience.,2,2025-11-07,18,User5522,place_Burger King_Boston_5,taco,['taco'],,,fresh,-0.2263,0.219,0.305,{'taco': 0.3182}
Burger King,Boston,the salad was cold. overall okay experience.,4,2025-09-23,28,User3019,place_Burger King_Boston_3,salad,['salad'],,,cold,0.2263,0.241,0.0,{'salad': 0.0}
Burger King,Boston,the pizza was juicy. overall great experience.,1,2025-09-26,48,User4445,place_Burger King_Boston_1,,[],juicy,,,0.6249,0.406,0.0,{}
Burger King,Boston,the chicken sandwich was expensive. overall okay experience.,2,2025-10-31,32,User4471,place_Burger King_Boston_3,"chicken sandwich,sandwich,chicken","['chicken sandwich', 'sandwich', 'chicken']",,expensive,,0.2263,0.213,0.0,"{'chicken sandwich': 0.0, 'sandwich': 0.0, 'chicken': 0.0}"
Burger King,Boston,the salad was fresh. overall amazing experience.,2,2025-07-10,42,User4348,place_Burger King_Boston_2,salad,['salad'],,,fresh,0.7269,0.55,0.0,{'salad': 0.3182}
Burger King,Boston,the wrap was expensive. overall amazing experience.,3,2025-11-01,0,User6246,place_Burger King_Boston_5,wrap,['wrap'],,expensive,,0.5859,0.388,0.0,{'wrap': 0.0}
Burger King,Boston,the pizza was cold. overall disappointing experience.,3,2025-08-30,5,User9251,place_Burger King_Boston_2,,[],,,cold,-0.4939,0.0,0.348,{}
Burger King,Boston,the burger was greasy. overall good experience.,4,2025-08-12,36,User1735,place_Burger King_Boston_3,burger,['burger'],greasy,,,0.4404,0.326,0.0,{'burger': 0.0}
Burger King,Boston,the wrap was stale. overall okay experience.,3,2025-08-25,10,User8168,place_Burger King_Boston_1,wrap,['wrap'],,,stale,0.2263,0.241,0.0,{'wrap': 0.0}
Burger King,Boston,the fries was cold. overall good experience.,4,2025-12-12,32,User5368,place_Burger King_Boston_4,fries,['fries'],,,cold,0.4404,0.326,0.0,{'fries': 0.0}
Burger King,Denver,the nuggets was stale. overall disappointing experience.,3,2025-07-05,35,User8975,place_Burger King_Denver_5,nuggets,['nuggets'],,,stale,-0.4939,0.0,0.348,{'nuggets': 0.0}
Burger King,Denver,the wrap was dry. overall terrible experience.,1,2025-11-28,40,User1369,place_Burger King_Denver_4,wrap,['wrap'],dry,,,-0.4767,0.0,0.341,{'wrap': 0.0}
Burger King,Denver,the wrap was cold. overall disappointing experience.,4,2025-09-07,35,User9514,place_Burger King_Denver_3,wrap,['wrap'],,,cold,-0.4939,0.0,0.348,{'wrap': 0.0}
Burger King,Denver,the wrap was greasy. overall great experience.,3,2025-12-01,12,User6799,place_Burger King_Denver_4,wrap,['wrap'],greasy,,,0.6249,0.406,0.0,{'wrap': 0.0}
Burger King,Denver,the wrap was hot. overall good experience.,5,2025-11-29,44,User3787,place_Burger King_Denver_5,wrap,['wrap'],,,hot,0.4404,0.326,0.0,{'wrap': 0.0}
Burger King,Denver,the taco was crispy. overall good experience.,4,2025-09-20,44,User3240,place_Burger King_Denver_5,taco,['taco'],crispy,,,0.4404,0.326,0.0,{'taco': 0.0}
Burger King,Denver,the wrap was expensive. overall terrible experience.,5,2025-12-12,30,User9244,place_Burger King_Denver_1,wrap,['wrap'],,expensive,,-0.4767,0.0,0.341,{'wrap': 0.0}
Burger King,Denver,the taco was fresh. overall amazing experience.,2,2025-09-05,33,User5309,place_Burger King_Denver_3,taco,['taco'],,,fresh,0.7269,0.55,0.0,{'taco': 0.3182}
Burger King,Denver,the taco was cheap. overall amazing experience.,3,2025-10-18,12,User9399,place_Burger King_Denver_5,taco,['taco'],,cheap,,0.5859,0.388,0.0,{'taco': 0.0}
Burger King,Denver,the salad was hot. overall amazing experience.,1,2025-12-07,17,User3542,place_Burger King_Denver_4,salad,['salad'],,,hot,0.5859,0.388,0.0,{'salad': 0.0}
Burger King,Denver,the burger was cold. overall great experience.,5,2025-08-20,49,User9373,place_Burger King_Denver_5,burger,['burger'],,,cold,0.6249,0.406,0.0,{'burger': 0.0}
Burger King,Portland,the salad was stale. overall amazing experience.,2,2025-12-20,22,User3425,place_Burger King_Portland_4,salad,['salad'],,,stale,0.5859,0.388,0.0,{'salad': 0.0}
Burger King,Portland,the shake was cheap. overall terrible experience.,2,2025-11-03,40,User2017,place_Burger King_Portland_5,shake,['shake'],,cheap,,-0.5859,0.0,0.49,{'shake': -0.1779}
Burger King,Portland,the fries was cold. overall terrible experience.,1,2025-12-04,46,User2625,place_Burger King_Portland_3,fries,['fries'],,,cold,-0.4767,0.0,0.341,{'fries': 0.0}
Burger King,Portland,the chicken sandwich was expensive. overall great experience.,4,2025-10-07,3,User1016,place_Burger King_Portland_3,"chicken sandwich,sandwich,chicken","['chicken sandwich', 'sandwich', 'chicken']",,expensive,,0.6249,0.369,0.0,"{'chicken sandwich': 0.0, 'sandwich': 0.0, 'chicken': 0.0}"
Burger King,Portland,the taco was expensive. overall disappointing experience.,5,2025-07-29,6,User6624,place_Burger King_Portland_5,taco,['taco'],,expensive,,-0.4939,0.0,0.348,{'taco': 0.0}
Burger King,Portland,the nuggets was crispy. overall okay experience.,5,2025-11-21,2,User9750,place_Burger King_Portland_2,nuggets,['nuggets'],crispy,,,0.2263,0.241,0.0,{'nuggets': 0.0}
Burger King,Portland,the shake was stale. overall good experience.,3,2025-10-07,35,User1833,place_Burger King_Portland_4,shake,['shake'],,,stale,0.296,0.302,0.177,{'shake': -0.1779}
Burger King,Portland,the chicken sandwich was crispy. overall okay experience.,3,2025-08-26,35,User6417,place_Burger King_Portland_3,"chicken sandwich,sandwich,chicken","['chicken sandwich', 'sandwich', 'chicken']",crispy,,,0.2263,0.213,0.0,"{'chicken sandwich': 0.0, 'sandwich': 0.0, 'chicken': 0.0}"
Burger King,Portland,the taco was juicy. overall good experience.,3,2025-12-02,24,User9314,place_Burger King_Portland_1,taco,['taco'],juicy,,,0.4404,0.326,0.0,{'taco': 0.0}
Burger King,Portland,the salad was crispy. overall disappointing experience.,2,2025-07-30,31,User8652,place_Burger King_Portland_1,salad,['salad'],crispy,,,-0.4939,0.0,0.348,{'salad': 0.0}
Burger King,Portland,the wrap was juicy. overall great experience.,3,2025-10-13,14,User8461,place_Burger King_Portland_2,wrap,['wrap'],juicy,,,0.6249,0.406,0.0,{'wrap': 0.0}
Wendy's,New York,the coffee was cold. overall okay experience.,1,2025-12-28,25,User4386,place_Wendy's_New York_2,coffee,['coffee'],,,cold,0.2263,0.241,0.0,{'coffee': 0.0}
Wendy's,New York,the nuggets was juicy. overall amazing experience.,4,2025-09-05,17,User9735,place_Wendy's_New York_5,nuggets,['nuggets'],juicy,,,0.5859,0.388,0.0,{'nuggets': 0.0}
Wendy's,New York,the wrap was expensive. overall terrible experience.,1,2025-09-12,49,User6369,place_Wendy's_New York_3,wrap,['wrap'],,expensive,,-0.4767,0.0,0.341,{'wrap': 0.0}
Wendy's,New York,the pizza was hot. overall terrible experience.,1,2025-11-07,50,User9639,place_Wendy's_New York_3,,[],,,hot,-0.4767,0.0,0.341,{}
Wendy's,New York,the shake was fresh. overall terrible experience.,5,2025-12-29,19,User1511,place_Wendy's_New York_5,shake,['shake'],,,fresh,-0.3612,0.207,0.432,{'shake': 0.1531}
Wendy's,New York,the burger was crispy. overall terrible experience.,1,2025-08-26,35,User6539,place_Wendy's_New York_4,burger,['burger'],crispy,,,-0.4767,0.0,0.341,{'burger': 0.0}
Wendy's,New York,the coffee was juicy. overall amazing experience.,1,2025-08-22,21,User2466,place_Wendy's_New York_5,coffee,['coffee'],juicy,,,0.5859,0.388,0.0,{'coffee': 0.0}
Wendy's,New York,the fries was dry. overall great experience.,5,2025-12-26,48,User4564,place_Wendy's_New York_4,fries,['fries'],dry,,,0.6249,0.406,0.0,{'fries': 0.0}
Wendy's,New York,the wrap was hot. overall good experience.,1,2025-10-17,46,User4758,place_Wendy's_New York_3,wrap,['wrap'],,,hot,0.4404,0.326,0.0,{'wrap': 0.0}
Wendy's,New York,the burger was stale. overall good experience.,3,2025-08-18,33,User8052,place_Wendy's_New York_3,burger,['burger'],,,stale,0.4404,0.326,0.0,{'burger': 0.0}
Wendy's,New York,the coffee was expensive. overall disappointing experience.,4,2025-07-12,8,User1327,place_Wendy's_New York_4,coffee,['coffee'],,expensive,,-0.4939,0.0,0.348,{'coffee': 0.0}
Wendy's,Los Angeles,the salad was crispy. overall terrible experience.,5,2025-09-07,41,User7224,place_Wendy's_Los Angeles_2,salad,['salad'],crispy,,,-0.4767,0.0,0.341,{'salad': 0.0}
Wendy's,Los Angeles,the coffee was crispy. overall amazing experience.,4,2025-11-27,44,User4705,place_Wendy's_Los Angeles_1,coffee,['coffee'],crispy,,,0.5859,0.388,0.0,{'coffee': 0.0}
Wendy's,Los Angeles,the burger was cheap. overall good experience.,3,2025-08-27,50,User1203,place_Wendy's_Los Angeles_4,burger,['burger'],,cheap,,0.4404,0.326,0.0,{'burger': 0.0}
Wendy's,Los Angeles,the salad was stale. overall okay experience.,4,2025-11-30,12,User2963,place_Wendy's_Los Angeles_5,salad,['salad'],,,stale,0.2263,0.241,0.0,{'salad': 0.0}
Wendy's,Los Angeles,the taco was fresh. overall terrible experience.,3,2025-12-17,30,User4413,place_Wendy's_Los Angeles_3,taco,['taco'],,,fresh,-0.2023,0.221,0.298,{'taco': 0.3182}
Wendy's,Los Angeles,the burger was juicy. overall amazing experience.,4,2025-09-10,36,User4192,place_Wendy's_Los Angeles_4,burger,['burger'],juicy,,,0.5859,0.388,0.0,{'burger': 0.0}
Wendy's,Los Angeles,the pizza was greasy. overall okay experience.,2,2025-07-10,49,User6058,place_Wendy's_Los Angeles_1,,[],greasy,,,0.2263,0.241,0.0,{}
Wendy's,Los Angeles,the taco was fresh. overall amazing experience.,1,2025-10-20,46,User4516,place_Wendy's_Los Angeles_1,taco,['taco'],,,fresh,0.7269,0.55,0.0,{'taco': 0.3182}
Wendy's,Los Angeles,the fries was greasy. overall okay experience.,2,2025-07-29,11,User9707,place_Wendy's_Los Angeles_3,fries,['fries'],greasy,,,0.2263,0.241,0.0,{'fries': 0.0}
Wendy's,Los Angeles,the shake was dry. overall good experience.,4,2025-10-17,14,User9487,place_Wendy's_Los Angeles_5,shake,['shake'],dry,,,0.296,0.302,0.177,{'shake': -0.1779}
Wendy's,Los Angeles,the coffee was cold. overall disappointing experience.,1,2025-09-19,34,User4513,place_Wendy's_Los Angeles_2,coffee,['coffee'],,,cold,-0.4939,0.0,0.348,{'coffee': 0.0}
Wendy's,Chicago,the burger was fresh. overall okay experience.,5,2025-07-14,14,User2105,place_Wendy's_Chicago_5,burger,['burger'],,,fresh,0.4939,0.457,0.0,{'burger': 0.3182}
Wendy's,Chicago,the salad was fresh. overall disappointing experience.,3,2025-12-20,21,User2112,place_Wendy's_Chicago_3,salad,['salad'],,,fresh,-0.2263,0.219,0.305,{'salad': 0.3182}
Wendy's,Chicago,the pizza was juicy. overall great experience.,1,2025-10-04,47,User5570,place_Wendy's_Chicago_1,,[],juicy,,,0.6249,0.406,0.0,{}
Wendy's,Chicago,the nuggets was stale. overall good experience.,1,2025-10-21,23,User7801,place_Wendy's_Chicago_5,nuggets,['nuggets'],,,stale,0.4404,0.326,0.0,{'nuggets': 0.0}
Wendy's,Chicago,the coffee was stale. overall amazing experience.,1,2025-09-01,13,User2599,place_Wendy's_Chicago_4,coffee,['coffee'],,,stale,0.5859,0.388,0.0,{'coffee': 0.0}
Wendy's,Chicago,the chicken sandwich was hot. overall disappointing experience.,1,2025-08-04,31,User6136,place_Wendy's_Chicago_5,"chicken sandwich,sandwich,chicken","['chicken sandwich', 'sandwich', 'chicken']",,,hot,-0.4939,0.0,0.314,"{'chicken sandwich': 0.0, 'sandwich': 0.0, 'chicken': 0.0}"
Wendy's,Chicago,the burger was dry. overall amazing experience.,4,2025-12-23,8,User6981,place_Wendy's_Chicago_5,burger,['burger'],dry,,,0.5859,0.388,0.0,{'burger': 0.0}
Wendy's,Chicago,the pizza was hot. overall disappointing experience.,4,2025-07-20,9,User3315,place_Wendy's_Chicago_5,,[],,,hot,-0.4939,0.0,0.348,{}
Wendy's,Chicago,the burger was expensive. overall good experience.,2,2025-10-21,29,User6785,place_Wendy's_Chicago_3,burger,['burger'],,expensive,,0.4404,0.326,0.0,{'burger': 0.0}
Wendy's,Chicago,the coffee was dry. overall terrible experience.,2,2025-11-28,8,User2321,place_Wendy's_Chicago_4,coffee,['coffee'],dry,,,-0.4767,0.0,0.341,{'coffee': 0.0}
Wendy's,Chicago,the burger was hot. overall terrible experience.,3,2025-07-13,36,User4906,place_Wendy's_Chicago_4,burger,['burger'],,,hot,-0.4767,0.0,0.341,{'burger': 0.0}
Wendy's,Dallas,the chicken sandwich was greasy. overall amazing experience.,5,2025-07-27,41,User1258,place_Wendy's_Dallas_1,"chicken sandwich,sandwich,chicken","['chicken sandwich', 'sandwich', 'chicken']",greasy,,,0.5859,0.352,0.0,"{'chicken sandwich': 0.0, 'sandwich': 0.0, 'chicken': 0.0}"
Wendy's,Dallas,the taco was fresh. overall okay experience.,3,2025-11-08,48,User4871,place_Wendy's_Dallas_5,taco,['taco'],,,fresh,0.4939,0.457,0.0,{'taco': 0.3182}
Wendy's,Dallas,the taco was expensive. overall great experience.,2,2025-11-04,18,User6602,place_Wendy's_Dallas_2,taco,['taco'],,expensive,,0.6249,0.406,0.0,{'taco': 0.0}
Wendy's,Dallas,the shake was stale. overall great experience.,4,2025-08-18,16,User4820,place_Wendy's_Dallas_3,shake,['shake'],,,stale,0.5267,0.38,0.157,{'shake': -0.1779}
Wendy's,Dallas,the wrap was hot. overall okay experience.,5,2025-11-28,6,User8728,place_Wendy's_Dallas_4,wrap,['wrap'],,,hot,0.2263,0.241,0.0,{'wrap': 0.0}
Wendy's,Dallas,the chicken sandwich was stale. overall great experience.,4,2025-09-07,50,User6863,place_Wendy's_Dallas_5,"chicken sandwich,sandwich,chicken","['chicken sandwich', 'sandwich', 'chicken']",,,stale,0.6249,0.369,0.0,"{'chicken sandwich': 0.0, 'sandwich': 0.0, 'chicken': 0.0}"
Wendy's,Dallas,the wrap was expensive. overall good experience.,1,2025-07-11,13,User7879,place_Wendy's_Dallas_5,wrap,['wrap'],,expensive,,0.4404,0.326,0.0,{'wrap': 0.0}
Wendy's,Dallas,the burger was juicy. overall terrible experience.,1,2025-09-02,10,User8352,place_Wendy's_Dallas_2,burger,['burger'],juicy,,,-0.4767,0.0,0.341,{'burger': 0.0}
Wendy's,Dallas,the coffee was crispy. overall great experience.,1,2025-10-31,14,User8792,place_Wendy's_Dallas_5,coffee,['coffee'],crispy,,,0.6249,0.406,0.0,{'coffee': 0.0}
Wendy's,Dallas,the coffee was stale. overall okay experience.,4,2025-12-12,2,User4337,place_Wendy's_Dallas_5,coffee,['coffee'],,,stale,0.2263,0.241,0.0,{'coffee': 0.0}
Wendy's,Dallas,the chicken sandwich was fresh. overall disappointing experience.,4,2025-09-06,47,User4079,place_Wendy's_Dallas_2,"chicken sandwich,sandwich,chicken","['chicken sandwich', 'sandwich', 'chicken']",,,fresh,-0.2263,0.2,0.278,"{'chicken sandwich': 0.3182, 'sandwich': 0.3182, 'chicken': 0.3182}"
Wendy's,Atlanta,the nuggets was fresh. overall good experience.,4,2025-10-09,7,User5872,place_Wendy's_Atlanta_2,nuggets,['nuggets'],,,fresh,0.6369,0.51,0.0,{'nuggets': 0.3182}
Wendy's,Atlanta,the burger was dry. overall amazing experience.,2,2025-12-21,46,User5909,place_Wendy's_Atlanta_2,burger,['burger'],dry,,,0.5859,0.388,0.0,{'burger': 0.0}
Wendy's,Atlanta,the coffee was juicy. overall terrible experience.,5,2025-12-21,38,User9278,place_Wendy's_Atlanta_3,coffee,['coffee'],juicy,,,-0.4767,0.0,0.341,{'coffee': 0.0}
Wendy's,Atlanta,the chicken sandwich was cold. overall great experience.,1,2025-09-17,11,User6052,place_Wendy's_Atlanta_5,"chicken sandwich,sandwich,chicken","['chicken sandwich', 'sandwich', 'chicken']",,,cold,0.6249,0.369,0.0,"{'chicken sandwich': 0.0, 'sandwich': 0.0, 'chicken': 0.0}"
Wendy's,Atlanta,the pizza was juicy. overall disappointing experience.,2,2025-08-14,23,User6098,place_Wendy's_Atlanta_5,,[],juicy,,,-0.4939,0.0,0.348,{}
Wendy's,Atlanta,the taco was cold. overall amazing experience.,3,2025-08-29,10,User4259,place_Wendy's_Atlanta_4,taco,['taco'],,,cold,0.5859,0.388,0.0,{'taco': 0.0}
Wendy's,Atlanta,the salad was juicy. overall okay experience.,3,2025-08-26,35,User9466,place_Wendy's_Atlanta_1,salad,['salad'],juicy,,,0.2263,0.241,0.0,{'salad': 0.0}
Wendy's,Atlanta,the nuggets was dry. overall terrible experience.,2,2025-11-04,19,User4734,place_Wendy's_Atlanta_1,nuggets,['nuggets'],dry,,,-0.4767,0.0,0.341,{'nuggets': 0.0}
Wendy's,Atlanta,the burger was cold. overall great experience.,5,2025-12-22,49,User9445,place_Wendy's_Atlanta_3,burger,['burger'],,,cold,0.6249,0.406,0.0,{'burger': 0.0}
Wendy's,Atlanta,the shake was cold. overall amazing experience.,3,2025-12-12,4,User6712,place_Wendy's_Atlanta_4,shake,['shake'],,,cold,0.4767,0.362,0.162,{'shake': -0.1779}
Wendy's,Atlanta,the salad was fresh. overall amazing experience.,5,2025-09-14,9,User5644,place_Wendy's_Atlanta_1,salad,['salad'],,,fresh,0.7269,0.55,0.0,{'salad': 0.3182}
Wendy's,Houston,the coffee was greasy. overall great experience.,4,2025-07-10,3,User1717,place_Wendy's_Houston_2,coffee,['coffee'],greasy,,,0.6249,0.406,0.0,{'coffee': 0.0}
Wendy's,Houston,the pizza was stale. overall amazing experience.,2,2025-11-25,41,User6106,place_Wendy's_Houston_5,,[],,,stale,0.5859,0.388,0.0,{}
Wendy's,Houston,the taco was juicy. overall disappointing experience.,3,2025-12-03,20,User2679,place_Wendy's_Houston_4,taco,['taco'],juicy,,,-0.4939,0.0,0.348,{'taco': 0.0}
Wendy's,Houston,the chicken sandwich was dry. overall disappointing experience.,4,2025-10-16,1,User8973,place_Wendy's_Houston_1,"chicken sandwich,sandwich,chicken","['chicken sandwich', 'sandwich', 'chicken']",dry,,,-0.4939,0.0,0.314,"{'chicken sandwich': 0.0, 'sandwich': 0.0, 'chicken': 0.0}"
Wendy's,Houston,the nuggets was stale. overall terrible experience.,5,2025-11-25,46,User4655,place_Wendy's_Houston_2,nuggets,['nuggets'],,,stale,-0.4767,0.0,0.341,{'nuggets': 0.0}
Wendy's,Houston,the pizza was expensive. overall amazing experience.,5,2025-08-12,24,User2425,place_Wendy's_Houston_4,,[],,expensive,,0.5859,0.388,0.0,{}
Wendy's,Houston,the nuggets was expensive. overall good experience.,3,2025-09-04,35,User5601,place_Wendy's_Houston_3,nuggets,['nuggets'],,expensive,,0.4404,0.326,0.0,{'nuggets': 0.0}
Wendy's,Houston,the nuggets was hot. overall amazing experience.,2,2025-07-19,43,User4142,place_Wendy's_Houston_1,nuggets,['nuggets'],,,hot,0.5859,0.388,0.0,{'nuggets': 0.0}
Wendy's,Houston,the chicken sandwich was crispy. overall terrible experience.,5,2025-12-30,49,User7356,place_Wendy's_Houston_1,"chicken sandwich,sandwich,chicken","['chicken sandwich', 'sandwich', 'chicken']",crispy,,,-0.4767,0.0,0.307,"{'chicken sandwich': 0.0, 'sandwich': 0.0, 'chicken': 0.0}"
Wendy's,Houston,the pizza was hot. overall disappointing experience.,1,2025-07-28,41,User4546,place_Wendy's_Houston_5,,[],,,hot,-0.4939,0.0,0.348,{}
Wendy's,Houston,the burger was stale. overall great experience.,3,2025-10-28,0,User6457,place_Wendy's_Houston_2,burger,['burger'],,,stale,0.6249,0.406,0.0,{'burger': 0.0}
Wendy's,Phoenix,the taco was crispy. overall great experience.,3,2025-08-14,48,User5943,place_Wendy's_Phoenix_3,taco,['taco'],crispy,,,0.6249,0.406,0.0,{'taco': 0.0}
Wendy's,Phoenix,the wrap was greasy. overall terrible experience.,2,2025-12-02,47,User7844,place_Wendy's_Phoenix_5,wrap,['wrap'],greasy,,,-0.4767,0.0,0.341,{'wrap': 0.0}
Wendy's,Phoenix,the burger was cheap. overall great experience.,1,2025-09-02,16,User8656,place_Wendy's_Phoenix_2,burger,['burger'],,cheap,,0.6249,0.406,0.0,{'burger': 0.0}
Wendy's,Phoenix,the fries was crispy. overall good experience.,5,2025-09-09,27,User3880,place_Wendy's_Phoenix_2,fries,['fries'],crispy,,,0.4404,0.326,0.0,{'fries': 0.0}
Wendy's,Phoenix,the burger was expensive. overall terrible experience.,1,2025-11-08,14,User8674,place_Wendy's_Phoenix_1,burger,['burger'],,expensive,,-0.4767,0.0,0.341,{'burger': 0.0}
Wendy's,Phoenix,the burger was juicy. overall good experience.,3,2025-08-24,5,User4483,place_Wendy's_Phoenix_4,burger,['burger'],juicy,,,0.4404,0.326,0.0,{'burger': 0.0}
Wendy's,Phoenix,the pizza was juicy. overall terrible experience.,1,2025-12-27,19,User6419,place_Wendy's_Phoenix_2,,[],juicy,,,-0.4767,0.0,0.341,{}
Wendy's,Phoenix,the burger was fresh. overall disappointing experience.,1,2025-08-18,8,User8088,place_Wendy's_Phoenix_1,burger,['burger'],,,fresh,-0.2263,0.219,0.305,{'burger': 0.3182}
Wendy's,Phoenix,the nuggets was expensive. overall disappointing experience.,4,2025-12-08,32,User8508,place_Wendy's_Phoenix_5,nuggets,['nuggets'],,expensive,,-0.4939,0.0,0.348,{'nuggets': 0.0}
Wendy's,Phoenix,the salad was cheap. overall terrible experience.,3,2025-11-01,5,User2986,place_Wendy's_Phoenix_5,salad,['salad'],,cheap,,-0.4767,0.0,0.341,{'salad': 0.0}
Wendy's,Phoenix,the coffee was greasy. overall great experience.,4,2025-09-28,34,User7149,place_Wendy's_Phoenix_4,coffee,['coffee'],greasy,,,0.6249,0.406,0.0,{'coffee': 0.0}
Wendy's,Philadelphia,the salad was greasy. overall disappointing experience.,5,2025-08-09,41,User4146,place_Wendy's_Philadelphia_4,salad,['salad'],greasy,,,-0.4939,0.0,0.348,{'salad': 0.0}
Wendy's,Philadelphia,the coffee was cheap. overall okay experience.,2,2025-10-17,29,User8174,place_Wendy's_Philadelphia_2,coffee,['coffee'],,cheap,,0.2263,0.241,0.0,{'coffee': 0.0}
Wendy's,Philadelphia,the coffee was crispy. overall great experience.,4,2025-10-04,21,User1768,place_Wendy's_Philadelphia_5,coffee,['coffee'],crispy,,,0.6249,0.406,0.0,{'coffee': 0.0}
Wendy's,Philadelphia,the salad was expensive. overall disappointing experience.,1,2025-11-01,10,User6610,place_Wendy's_Philadelphia_4,salad,['salad'],,expensive,,-0.4939,0.0,0.348,{'salad': 0.0}
Wendy's,Philadelphia,the coffee was cold. overall amazing experience.,5,2025-08-14,32,User1690,place_Wendy's_Philadelphia_4,coffee,['coffee'],,,cold,0.5859,0.388,0.0,{'coffee': 0.0}
Wendy's,Philadelphia,the fries was juicy. overall good experience.,2,2025-08-11,31,User6450,place_Wendy's_Philadelphia_5,fries,['fries'],juicy,,,0.4404,0.326,0.0,{'fries': 0.0}
Wendy's,Philadelphia,the salad was greasy. overall good experience.,4,2025-12-23,41,User4756,place_Wendy's_Philadelphia_4,salad,['salad'],greasy,,,0.4404,0.326,0.0,{'salad': 0.0}
Wendy's,Philadelphia,the chicken sandwich was cold. overall great experience.,4,2025-11-27,9,User6785,place_Wendy's_Philadelphia_3,"chicken sandwich,sandwich,chicken","['chicken sandwich', 'sandwich', 'chicken']",,,cold,0.6249,0.369,0.0,"{'chicken sandwich': 0.0, 'sandwich': 0.0, 'chicken': 0.0}"
Wendy's,Philadelphia,the fries was juicy. overall okay experience.,2,2025-09-20,19,User4252,place_Wendy's_Philadelphia_5,fries,['fries'],juicy,,,0.2263,0.241,0.0,{'fries': 0.0}
Wendy's,Philadelphia,the burger was dry. overall terrible experience.,5,2025-10-04,25,User6241,place_Wendy's_Philadelphia_3,burger,['burger'],dry,,,-0.4767,0.0,0.341,{'burger': 0.0}
Wendy's,Philadelphia,the wrap was hot. overall good experience.,1,2025-10-01,38,User5438,place_Wendy's_Philadelphia_5,wrap,['wrap'],,,hot,0.4404,0.326,0.0,{'wrap': 0.0}
Wendy's,San Antonio,the taco was hot. overall okay experience.,3,2025-10-01,27,User2882,place_Wendy's_San Antonio_3,taco,['taco'],,,hot,0.2263,0.241,0.0,{'taco': 0.0}
Wendy's,San Antonio,the wrap was stale. overall disappointing experience.,2,2025-09-04,32,User6823,place_Wendy's_San Antonio_5,wrap,['wrap'],,,stale,-0.4939,0.0,0.348,{'wrap': 0.0}
Wendy's,San Antonio,the pizza was expensive. overall okay experience.,5,2025-09-08,15,User5007,place_Wendy's_San Antonio_2,,[],,expensive,,0.2263,0.241,0.0,{}
Wendy's,San Antonio,the chicken sandwich was crispy. overall good experience.,3,2025-12-01,22,User9347,place_Wendy's_San Antonio_4,"chicken sandwich,sandwich,chicken","['chicken sandwich', 'sandwich', 'chicken']",crispy,,,0.4404,0.293,0.0,"{'chicken sandwich': 0.0, 'sandwich': 0.0, 'chicken': 0.0}"
Wendy's,San Antonio,the coffee was expensive. overall okay experience.,4,2025-07-10,23,User4481,place_Wendy's_San Antonio_4,coffee,['coffee'],,expensive,,0.2263,0.241,0.0,{'coffee': 0.0}
Wendy's,San Antonio,the wrap was greasy. overall amazing experience.,3,2025-08-24,50,User8822,place_Wendy's_San Antonio_1,wrap,['wrap'],greasy,,,0.5859,0.388,0.0,{'wrap': 0.0}
Wendy's,San Antonio,the shake was dry. overall amazing experience.,2,2025-11-20,44,User9248,place_Wendy's_San Antonio_3,shake,['shake'],dry,,,0.4767,0.362,0.162,{'shake': -0.1779}
Wendy's,San Antonio,the nuggets was greasy. overall good experience.,1,2025-09-25,48,User3304,place_Wendy's_San Antonio_5,nuggets,['nuggets'],greasy,,,0.4404,0.326,0.0,{'nuggets': 0.0}
Wendy's,San Antonio,the taco was expensive. overall great experience.,4,2025-07-14,50,User1057,place_Wendy's_San Antonio_1,taco,['taco'],,expensive,,0.6249,0.406,0.0,{'taco': 0.0}
Wendy's,San Antonio,the fries was hot. overall terrible experience.,4,2025-09-20,34,User4709,place_Wendy's_San Antonio_2,fries,['fries'],,,hot,-0.4767,0.0,0.341,{'fries': 0.0}
Wendy's,San Antonio,the salad was greasy. overall great experience.,4,2025-12-08,40,User7159,place_Wendy's_San Antonio_4,salad,['salad'],greasy,,,0.6249,0.406,0.0,{'salad': 0.0}
Wendy's,San Diego,the burger was crispy. overall okay experience.,5,2025-09-30,35,User7700,place_Wendy's_San Diego_2,burger,['burger'],crispy,,,0.2263,0.241,0.0,{'burger': 0.0}
Wendy's,San Diego,the pizza was greasy. overall okay experience.,5,2025-12-04,25,User5586,place_Wendy's_San Diego_1,,[],greasy,,,0.2263,0.241,0.0,{}
Wendy's,San Diego,the taco was dry. overall good experience.,1,2025-10-31,12,User6630,place_Wendy's_San Diego_1,taco,['taco'],dry,,,0.4404,0.326,0.0,{'taco': 0.0}
Wendy's,San Diego,the coffee was cold. overall great experience.,4,2025-09-03,24,User6200,place_Wendy's_San Diego_2,coffee,['coffee'],,,cold,0.6249,0.406,0.0,{'coffee': 0.0}
Wendy's,San Diego,the nuggets was juicy. overall amazing experience.,5,2025-11-03,39,User1003,place_Wendy's_San Diego_3,nuggets,['nuggets'],juicy,,,0.5859,0.388,0.0,{'nuggets': 0.0}
Wendy's,San Diego,the coffee was juicy. overall okay experience.,3,2025-12-12,38,User8532,place_Wendy's_San Diego_4,coffee,['coffee'],juicy,,,0.2263,0.241,0.0,{'coffee': 0.0}
Wendy's,San Diego,the chicken sandwich was greasy. overall terrible experience.,4,2025-08-08,35,User3373,place_Wendy's_San Diego_3,"chicken sandwich,sandwich,chicken","['chicken sandwich', 'sandwich', 'chicken']",greasy,,,-0.4767,0.0,0.307,"{'chicken sandwich': 0.0, 'sandwich': 0.0, 'chicken': 0.0}"
Wendy's,San Diego,the shake was expensive. overall great experience.,5,2025-12-23,19,User4150,place_Wendy's_San Diego_3,shake,['shake'],,expensive,,0.5267,0.38,0.157,{'shake': -0.1779}
Wendy's,San Diego,the taco was greasy. overall amazing experience.,2,2025-12-11,0,User8242,place_Wendy's_San Diego_3,taco,['taco'],greasy,,,0.5859,0.388,0.0,{'taco': 0.0}
Wendy's,San Diego,the salad was expensive. overall amazing experience.,1,2025-11-25,31,User8293,place_Wendy's_San Diego_2,salad,['salad'],,expensive,,0.5859,0.388,0.0,{'salad': 0.0}
Wendy's,San Diego,the chicken sandwich was stale. overall terrible experience.,4,2025-12-13,0,User8183,place_Wendy's_San Diego_2,"chicken sandwich,sandwich,chicken","['chicken sandwich', 'sandwich', 'chicken']",,,stale,-0.4767,0.0,0.307,"{'chicken sandwich': 0.0, 'sandwich': 0.0, 'chicken': 0.0}"
Wendy's,Miami,the coffee was juicy. overall disappointing experience.,3,2025-11-04,9,User9832,place_Wendy's_Miami_1,coffee,['coffee'],juicy,,,-0.4939,0.0,0.348,{'coffee': 0.0}
Wendy's,Miami,the taco was dry. overall terrible experience.,1,2025-10-27,31,User7612,place_Wendy's_Miami_1,taco,['taco'],dry,,,-0.4767,0.0,0.341,{'taco': 0.0}
Wendy's,Miami,the fries was expensive. overall disappointing experience.,2,2025-09-28,32,User5121,place_Wendy's_Miami_5,fries,['fries'],,expensive,,-0.4939,0.0,0.348,{'fries': 0.0}
Wendy's,Miami,the nuggets was expensive. overall disappointing experience.,5,2025-11-22,14,User4081,place_Wendy's_Miami_4,nuggets,['nuggets'],,expensive,,-0.4939,0.0,0.348,{'nuggets': 0.0}
Wendy's,Miami,the taco was fresh. overall amazing experience.,4,2025-08-15,30,User2851,place_Wendy's_Miami_1,taco,['taco'],,,fresh,0.7269,0.55,0.0,{'taco': 0.3182}
Wendy's,Miami,the wrap was cold. overall terrible experience.,3,2025-12-26,25,User1337,place_Wendy's_Miami_2,wrap,['wrap'],,,cold,-0.4767,0.0,0.341,{'wrap': 0.0}
Wendy's,Miami,the coffee was fresh. overall good experience.,3,2025-10-28,12,User7384,place_Wendy's_Miami_5,coffee,['coffee'],,,fresh,0.6369,0.51,0.0,{'coffee': 0.3182}
Wendy's,Miami,the fries was juicy. overall amazing experience.,2,2025-09-18,33,User5676,place_Wendy's_Miami_4,fries,['fries'],juicy,,,0.5859,0.388,0.0,{'fries': 0.0}
Wendy's,Miami,the fries was crispy. overall good experience.,4,2025-09-13,5,User6997,place_Wendy's_Miami_4,fries,['fries'],crispy,,,0.4404,0.326,0.0,{'fries': 0.0}
Wendy's,Miami,the shake was cheap. overall okay experience.,5,2025-08-24,32,User6584,place_Wendy's_Miami_3,shake,['shake'],,cheap,,0.0516,0.221,0.198,{'shake': -0.1779}
Wendy's,Miami,the pizza was dry. overall disappointing experience.,4,2025-12-10,34,User8789,place_Wendy's_Miami_1,,[],dry,,,-0.4939,0.0,0.348,{}
Wendy's,Seattle,the coffee was juicy. overall okay experience.,4,2025-12-28,41,User2718,place_Wendy's_Seattle_2,coffee,['coffee'],juicy,,,0.2263,0.241,0.0,{'coffee': 0.0}
Wendy's,Seattle,the taco was fresh. overall disappointing experience.,4,2025-11-25,37,User6533,place_Wendy's_Seattle_1,taco,['taco'],,,fresh,-0.2263,0.219,0.305,{'taco': 0.3182}
Wendy's,Seattle,the chicken sandwich was stale. overall disappointing experience.,3,2025-08-06,35,User7906,place_Wendy's_Seattle_3,"chicken sandwich,sandwich,chicken","['chicken sandwich', 'sandwich', 'chicken']",,,stale,-0.4939,0.0,0.314,"{'chicken sandwich': 0.0, 'sandwich': 0.0, 'chicken': 0.0}"
Wendy's,Seattle,the shake was cheap. overall okay experience.,5,2025-09-21,3,User3201,place_Wendy's_Seattle_4,shake,['shake'],,cheap,,0.0516,0.221,0.198,{'shake': -0.1779}
Wendy's,Seattle,the shake was cold. overall okay experience.,5,2025-11-12,18,User8930,place_Wendy's_Seattle_1,shake,['shake'],,,cold,0.0516,0.221,0.198,{'shake': -0.1779}
Wendy's,Seattle,the burger was expensive. overall terrible experience.,3,2025-12-09,4,User7559,place_Wendy's_Seattle_4,burger,['burger'],,expensive,,-0.4767,0.0,0.341,{'burger': 0.0}
Wendy's,Seattle,the salad was crispy. overall terrible experience.,1,2025-11-05,16,User9027,place_Wendy's_Seattle_4,salad,['salad'],crispy,,,-0.4767,0.0,0.341,{'salad': 0.0}
Wendy's,Seattle,the coffee was cold. overall okay experience.,2,2025-12-30,10,User5279,place_Wendy's_Seattle_2,coffee,['coffee'],,,cold,0.2263,0.241,0.0,{'coffee': 0.0}
Wendy's,Seattle,the salad was cheap. overall okay experience.,4,2025-11-01,47,User7340,place_Wendy's_Seattle_3,salad,['salad'],,cheap,,0.2263,0.241,0.0,{'salad': 0.0}
Wendy's,Seattle,the salad was expensive. overall disappointing experience.,5,2025-10-04,34,User8758,place_Wendy's_Seattle_3,salad,['salad'],,expensive,,-0.4939,0.0,0.348,{'salad': 0.0}
Wendy's,Seattle,the salad was cold. overall good experience.,5,2025-09-07,49,User6508,place_Wendy's_Seattle_2,salad,['salad'],,,cold,0.4404,0.326,0.0,{'salad': 0.0}
Wendy's,Boston,the burger was hot. overall okay experience.,2,2025-08-06,3,User3845,place_Wendy's_Boston_4,burger,['burger'],,,hot,0.2263,0.241,0.0,{'burger': 0.0}
Wendy's,Boston,the burger was cheap. overall good experience.,1,2025-09-23,35,User6314,place_Wendy's_Boston_5,burger,['burger'],,cheap,,0.4404,0.326,0.0,{'burger': 0.0}
Wendy's,Boston,the coffee was cheap. overall okay experience.,4,2025-09-13,30,User2733,place_Wendy's_Boston_3,coffee,['coffee'],,cheap,,0.2263,0.241,0.0,{'coffee': 0.0}
Wendy's,Boston,the pizza was juicy. overall good experience.,5,2025-10-29,48,User4821,place_Wendy's_Boston_1,,[],juicy,,,0.4404,0.326,0.0,{}
Wendy's,Boston,the coffee was juicy. overall good experience.,2,2025-07-16,3,User3950,place_Wendy's_Boston_4,coffee,['coffee'],juicy,,,0.4404,0.326,0.0,{'coffee': 0.0}
Wendy's,Boston,the taco was cold. overall good experience.,5,2025-11-06,48,User5169,place_Wendy's_Boston_4,taco,['taco'],,,cold,0.4404,0.326,0.0,{'taco': 0.0}
Wendy's,Boston,the nuggets was cheap. overall okay experience.,5,2025-07-31,26,User2304,place_Wendy's_Boston_4,nuggets,['nuggets'],,cheap,,0.2263,0.241,0.0,{'nuggets': 0.0}
Wendy's,Boston,the coffee was cheap. overall amazing experience.,1,2025-11-04,26,User4771,place_Wendy's_Boston_1,coffee,['coffee'],,cheap,,0.5859,0.388,0.0,{'coffee': 0.0}
Wendy's,Boston,the taco was dry. overall okay experience.,3,2025-12-25,35,User8161,place_Wendy's_Boston_3,taco,['taco'],dry,,,0.2263,0.241,0.0,{'taco': 0.0}
Wendy's,Boston,the pizza was juicy. overall terrible experience.,2,2025-09-28,6,User8065,place_Wendy's_Boston_5,,[],juicy,,,-0.4767,0.0,0.341,{}
Wendy's,Boston,the pizza was expensive. overall great experience.,5,2025-09-27,26,User2812,place_Wendy's_Boston_5,,[],,expensive,,0.6249,0.406,0.0,{}
Wendy's,Denver,the coffee was juicy. overall terrible experience.,5,2025-08-12,15,User7964,place_Wendy's_Denver_3,coffee,['coffee'],juicy,,,-0.4767,0.0,0.341,{'coffee': 0.0}
Wendy's,Denver,the pizza was hot. overall great experience.,4,2025-12-05,46,User4718,place_Wendy's_Denver_5,,[],,,hot,0.6249,0.406,0.0,{}
Wendy's,Denver,the shake was fresh. overall good experience.,4,2025-11-03,2,User5635,place_Wendy's_Denver_3,shake,['shake'],,,fresh,0.5423,0.477,0.156,{'shake': 0.1531}
Wendy's,Denver,the nuggets was dry. overall disappointing experience.,1,2025-07-23,3,User6019,place_Wendy's_Denver_3,nuggets,['nuggets'],dry,,,-0.4939,0.0,0.348,{'nuggets': 0.0}
Wendy's,Denver,the wrap was hot. overall disappointing experience.,5,2025-07-23,48,User1571,place_Wendy's_Denver_2,wrap,['wrap'],,,hot,-0.4939,0.0,0.348,{'wrap': 0.0}
Wendy's,Denver,the shake was stale. overall great experience.,2,2025-10-09,2,User7331,place_Wendy's_Denver_4,shake,['shake'],,,stale,0.5267,0.38,0.157,{'shake': -0.1779}
Wendy's,Denver,the nuggets was stale. overall great experience.,2,2025-09-27,4,User9445,place_Wendy's_Denver_1,nuggets,['nuggets'],,,stale,0.6249,0.406,0.0,{'nuggets': 0.0}
Wendy's,Denver,the wrap was juicy. overall okay experience.,1,2025-08-16,49,User7955,place_Wendy's_Denver_3,wrap,['wrap'],juicy,,,0.2263,0.241,0.0,{'wrap': 0.0}
Wendy's,Denver,the wrap was greasy. overall terrible experience.,5,2025-07-06,30,User7275,place_Wendy's_Denver_5,wrap,['wrap'],greasy,,,-0.4767,0.0,0.341,{'wrap': 0.0}
Wendy's,Denver,the shake was juicy. overall amazing experience.,2,2025-09-30,18,User6044,place_Wendy's_Denver_5,shake,['shake'],juicy,,,0.4767,0.362,0.162,{'shake': -0.1779}
Wendy's,Denver,the fries was hot. overall amazing experience.,4,2025-08-28,35,User2175,place_Wendy's_Denver_4,fries,['fries'],,,hot,0.5859,0.388,0.0,{'fries': 0.0}
Wendy's,Portland,the pizza was greasy. overall good experience.,4,2025-11-22,20,User9462,place_Wendy's_Portland_4,,[],greasy,,,0.4404,0.326,0.0,{}
Wendy's,Portland,the pizza was juicy. overall good experience.,4,2025-08-06,37,User3320,place_Wendy's_Portland_4,,[],juicy,,,0.4404,0.326,0.0,{}
Wendy's,Portland,the wrap was cheap. overall amazing experience.,4,2025-10-13,14,User7421,place_Wendy's_Portland_3,wrap,['wrap'],,cheap,,0.5859,0.388,0.0,{'wrap': 0.0}
Wendy's,Portland,the shake was greasy. overall great experience.,1,2025-08-18,38,User5600,place_Wendy's_Portland_3,shake,['shake'],greasy,,,0.5267,0.38,0.157,{'shake': -0.1779}
Wendy's,Portland,the salad was fresh. overall terrible experience.,1,2025-07-07,17,User4113,place_Wendy's_Portland_1,salad,['salad'],,,fresh,-0.2023,0.221,0.298,{'salad': 0.3182}
Wendy's,Portland,the salad was dry. overall good experience.,5,2025-08-02,29,User2317,place_Wendy's_Portland_2,salad,['salad'],dry,,,0.4404,0.326,0.0,{'salad': 0.0}
Wendy's,Portland,the pizza was stale. overall terrible experience.,1,2025-08-07,35,User5539,place_Wendy's_Portland_1,,[],,,stale,-0.4767,0.0,0.341,{}
Wendy's,Portland,the pizza was hot. overall amazing experience.,2,2025-10-13,35,User3734,place_Wendy's_Portland_5,,[],,,hot,0.5859,0.388,0.0,{}
Wendy's,Portland,the taco was expensive. overall okay experience.,3,2025-09-28,36,User5596,place_Wendy's_Portland_2,taco,['taco'],,expensive,,0.2263,0.241,0.0,{'taco': 0.0}
Wendy's,Portland,the salad was expensive. overall okay experience.,5,2025-10-31,38,User2329,place_Wendy's_Portland_1,salad,['salad'],,expensive,,0.2263,0.241,0.0,{'salad': 0.0}
Wendy's,Portland,the shake was greasy. overall good experience.,4,2025-09-21,31,User3042,place_Wendy's_Portland_1,shake,['shake'],greasy,,,0.296,0.302,0.177,{'shake': -0.1779}
Chick-fil-A,New York,the shake was juicy. overall disappointing experience.,4,2025-10-19,8,User2686,place_Chick-fil-A_New York_1,shake,['shake'],juicy,,,-0.5994,0.0,0.495,{'shake': -0.1779}
Chick-fil-A,New York,the nuggets was cold. overall great experience.,2,2025-11-28,21,User4788,place_Chick-fil-A_New York_1,nuggets,['nuggets'],,,cold,0.6249,0.406,0.0,{'nuggets': 0.0}
Chick-fil-A,New York,the salad was greasy. overall terrible experience.,5,2025-09-17,41,User1085,place_Chick-fil-A_New York_4,salad,['salad'],greasy,,,-0.4767,0.0,0.341,{'salad': 0.0}
Chick-fil-A,New York,the chicken sandwich was crispy. overall amazing experience.,2,2025-08-14,45,User6563,place_Chick-fil-A_New York_1,"chicken sandwich,sandwich,chicken","['chicken sandwich', 'sandwich', 'chicken']",crispy,,,0.5859,0.352,0.0,"{'chicken sandwich': 0.0, 'sandwich': 0.0, 'chicken': 0.0}"
Chick-fil-A,New York,the pizza was greasy. overall disappointing experience.,5,2025-10-26,43,User2455,place_Chick-fil-A_New York_5,,[],greasy,,,-0.4939,0.0,0.348,{}
Chick-fil-A,New York,the shake was hot. overall good experience.,5,2025-09-15,45,User6912,place_Chick-fil-A_New York_4,shake,['shake'],,,hot,0.296,0.302,0.177,{'shake': -0.1779}
Chick-fil-A,New York,the fries was juicy. overall great experience.,2,2025-12-14,38,User6659,place_Chick-fil-A_New York_4,fries,['fries'],juicy,,,0.6249,0.406,0.0,{'fries': 0.0}
Chick-fil-A,New York,the shake was crispy. overall disappointing experience.,4,2025-10-14,47,User8075,place_Chick-fil-A_New York_1,shake,['shake'],crispy,,,-0.5994,0.0,0.495,{'shake': -0.1779}
Chick-fil-A,New York,the salad was crispy. overall good experience.,5,2025-12-08,8,User9842,place_Chick-fil-A_New York_1,salad,['salad'],crispy,,,0.4404,0.326,0.0,{'salad': 0.0}
Chick-fil-A,New York,the chicken sandwich was juicy. overall good experience.,4,2025-12-27,36,User2699,place_Chick-fil-A_New York_3,"chicken sandwich,sandwich,chicken","['chicken sandwich', 'sandwich', 'chicken']",juicy,,,0.4404,0.293,0.0,"{'chicken sandwich': 0.0, 'sandwich': 0.0, 'chicken': 0.0}"
Chick-fil-A,New York,the fries was hot. overall great experience.,5,2025-08-01,17,User7883,place_Chick-fil-A_New York_4,fries,['fries'],,,hot,0.6249,0.406,0.0,{'fries': 0.0}
Chick-fil-A,Los Angeles,the fries was dry. overall good experience.,4,2025-07-05,11,User8163,place_Chick-fil-A_Los Angeles_1,fries,['fries'],dry,,,0.4404,0.326,0.0,{'fries': 0.0}
Chick-fil-A,Los Angeles,the shake was expensive. overall terrible experience.,1,2025-09-25,34,User9115,place_Chick-fil-A_Los Angeles_3,shake,['shake'],,expensive,,-0.5859,0.0,0.49,{'shake': -0.1779}
Chick-fil-A,Los Angeles,the salad was expensive. overall terrible experience.,5,2025-12-13,18,User4607,place_Chick-fil-A_Los Angeles_5,salad,['salad'],,expensive,,-0.4767,0.0,0.341,{'salad': 0.0}
Chick-fil-A,Los Angeles,the chicken sandwich was expensive. overall disappointing experience.,3,2025-08-31,39,User1579,place_Chick-fil-A_Los Angeles_1,"chicken sandwich,sandwich,chicken","['chicken sandwich', 'sandwich', 'chicken']",,expensive,,-0.4939,0.0,0.314,"{'chicken sandwich': 0.0, 'sandwich': 0.0, 'chicken': 0.0}"
Chick-fil-A,Los Angeles,the wrap was greasy. overall disappointing experience.,2,2025-11-11,25,User8381,place_Chick-fil-A_Los Angeles_5,wrap,['wrap'],greasy,,,-0.4939,0.0,0.348,{'wrap': 0.0}
Chick-fil-A,Los Angeles,the coffee was dry. overall terrible experience.,1,2025-11-21,23,User1035,place_Chick-fil-A_Los Angeles_3,coffee,['coffee'],dry,,,-0.4767,0.0,0.341,{'coffee': 0.0}
Chick-fil-A,Los Angeles,the chicken sandwich was stale. overall okay experience.,3,2025-08-16,46,User6391,place_Chick-fil-A_Los Angeles_3,"chicken sandwich,sandwich,chicken","['chicken sandwich', 'sandwich', 'chicken']",,,stale,0.2263,0.213,0.0,"{'chicken sandwich': 0.0, 'sandwich': 0.0, 'chicken': 0.0}"
Chick-fil-A,Los Angeles,the taco was cold. overall okay experience.,1,2025-11-18,18,User2399,place_Chick-fil-A_Los Angeles_2,taco,['taco'],,,cold,0.2263,0.241,0.0,{'taco': 0.0}
Chick-fil-A,Los Angeles,the salad was stale. overall great experience.,4,2025-10-15,10,User8181,place_Chick-fil-A_Los Angeles_2,salad,['salad'],,,stale,0.6249,0.406,0.0,{'salad': 0.0}
Chick-fil-A,Los Angeles,the pizza was hot. overall great experience.,5,2025-12-19,31,User3859,place_Chick-fil-A_Los Angeles_5,,[],,,hot,0.6249,0.406,0.0,{}
Chick-fil-A,Los Angeles,the wrap was hot. overall terrible experience.,3,2025-09-21,4,User5263,place_Chick-fil-A_Los Angeles_2,wrap,['wrap'],,,hot,-0.4767,0.0,0.341,{'wrap': 0.0}
Chick-fil-A,Chicago,the chicken sandwich was juicy. overall good experience.,3,2025-12-22,50,User6522,place_Chick-fil-A_Chicago_2,"chicken sandwich,sandwich,chicken","['chicken sandwich', 'sandwich', 'chicken']",juicy,,,0.4404,0.293,0.0,"{'chicken sandwich': 0.0, 'sandwich': 0.0, 'chicken': 0.0}"
Chick-fil-A,Chicago,the taco was greasy. overall good experience.,3,2025-11-13,25,User1727,place_Chick-fil-A_Chicago_3,taco,['taco'],greasy,,,0.4404,0.326,0.0,{'taco': 0.0}
Chick-fil-A,Chicago,the burger was expensive. overall great experience.,2,2025-09-29,46,User6050,place_Chick-fil-A_Chicago_1,burger,['burger'],,expensive,,0.6249,0.406,0.0,{'burger': 0.0}
Chick-fil-A,Chicago,the burger was hot. overall terrible experience.,3,2025-07-10,39,User9551,place_Chick-fil-A_Chicago_4,burger,['burger'],,,hot,-0.4767,0.0,0.341,{'burger': 0.0}
Chick-fil-A,Chicago,the wrap was cheap. overall terrible experience.,4,2025-09-16,27,User5189,place_Chick-fil-A_Chicago_5,wrap,['wrap'],,cheap,,-0.4767,0.0,0.341,{'wrap': 0.0}
Chick-fil-A,Chicago,the coffee was hot. overall okay experience.,5,2025-07-06,24,User3173,place_Chick-fil-A_Chicago_4,coffee,['coffee'],,,hot,0.2263,0.241,0.0,{'coffee': 0.0}
Chick-fil-A,Chicago,the salad was cheap. overall disappointing experience.,2,2025-07-28,3,User9055,place_Chick-fil-A_Chicago_4,salad,['salad'],,cheap,,-0.4939,0.0,0.348,{'salad': 0.0}
Chick-fil-A,Chicago,the wrap was hot. overall okay experience.,1,2025-12-13,19,User3349,place_Chick-fil-A_Chicago_4,wrap,['wrap'],,,hot,0.2263,0.241,0.0,{'wrap': 0.0}
Chick-fil-A,Chicago,the shake was stale. overall great experience.,3,2025-10-12,24,User2717,place_Chick-fil-A_Chicago_3,shake,['shake'],,,stale,0.5267,0.38,0.157,{'shake': -0.1779}
Chick-fil-A,Chicago,the taco was crispy. overall disappointing experience.,3,2025-11-15,18,User6104,place_Chick-fil-A_Chicago_2,taco,['taco'],crispy,,,-0.4939,0.0,0.348,{'taco': 0.0}
Chick-fil-A,Chicago,the burger was cheap. overall disappointing experience.,5,2025-10-21,16,User9052,place_Chick-fil-A_Chicago_3,burger,['burger'],,cheap,,-0.4939,0.0,0.348,{'burger': 0.0}
Chick-fil-A,Dallas,the wrap was cold. overall terrible experience.,2,2025-10-24,50,User5639,place_Chick-fil-A_Dallas_4,wrap,['wrap'],,,cold,-0.4767,0.0,0.341,{'wrap': 0.0}
Chick-fil-A,Dallas,the nuggets was fresh. overall great experience.,4,2025-12-12,36,User4110,place_Chick-fil-A_Dallas_4,nuggets,['nuggets'],,,fresh,0.7506,0.561,0.0,{'nuggets': 0.3182}
Chick-fil-A,Dallas,the burger was hot. overall terrible experience.,2,2025-09-07,50,User1633,place_Chick-fil-A_Dallas_2,burger,['burger'],,,hot,-0.4767,0.0,0.341,{'burger': 0.0}
Chick-fil-A,Dallas,the chicken sandwich was hot. overall great experience.,1,2025-09-26,27,User7915,place_Chick-fil-A_Dallas_5,"chicken sandwich,sandwich,chicken","['chicken sandwich', 'sandwich', 'chicken']",,,hot,0.6249,0.369,0.0,"{'chicken sandwich': 0.0, 'sandwich': 0.0, 'chicken': 0.0}"
Chick-fil-A,Dallas,the shake was stale. overall good experience.,4,2025-07-12,15,User7568,place_Chick-fil-A_Dallas_4,shake,['shake'],,,stale,0.296,0.302,0.177,{'shake': -0.1779}
Chick-fil-A,Dallas,the wrap was cheap. overall good experience.,1,2025-11-14,19,User8002,place_Chick-fil-A_Dallas_2,wrap,['wrap'],,cheap,,0.4404,0.326,0.0,{'wrap': 0.0}
Chick-fil-A,Dallas,the coffee was expensive. overall amazing experience.,4,2025-10-14,9,User8443,place_Chick-fil-A_Dallas_3,coffee,['coffee'],,expensive,,0.5859,0.388,0.0,{'coffee': 0.0}
Chick-fil-A,Dallas,the salad was cheap. overall amazing experience.,1,2025-10-14,39,User3699,place_Chick-fil-A_Dallas_2,salad,['salad'],,cheap,,0.5859,0.388,0.0,{'salad': 0.0}
Chick-fil-A,Dallas,the chicken sandwich was fresh. overall great experience.,3,2025-08-22,36,User3804,place_Chick-fil-A_Dallas_4,"chicken sandwich,sandwich,chicken","['chicken sandwich', 'sandwich', 'chicken']",,,fresh,0.7506,0.516,0.0,"{'chicken sandwich': 0.3182, 'sandwich': 0.3182, 'chicken': 0.3182}"
Chick-fil-A,Dallas,the coffee was greasy. overall good experience.,3,2025-10-01,5,User3905,place_Chick-fil-A_Dallas_1,coffee,['coffee'],greasy,,,0.4404,0.326,0.0,{'coffee': 0.0}
Chick-fil-A,Dallas,the coffee was juicy. overall amazing experience.,1,2025-10-13,10,User2718,place_Chick-fil-A_Dallas_1,coffee,['coffee'],juicy,,,0.5859,0.388,0.0,{'coffee': 0.0}
Chick-fil-A,Atlanta,the chicken sandwich was dry. overall great experience.,2,2025-08-17,0,User3377,place_Chick-fil-A_Atlanta_3,"chicken sandwich,sandwich,chicken","['chicken sandwich', 'sandwich', 'chicken']",dry,,,0.6249,0.369,0.0,"{'chicken sandwich': 0.0, 'sandwich': 0.0, 'chicken': 0.0}"
Chick-fil-A,Atlanta,the burger was hot. overall disappointing experience.,4,2025-12-12,30,User6608,place_Chick-fil-A_Atlanta_1,burger,['burger'],,,hot,-0.4939,0.0,0.348,{'burger': 0.0}
Chick-fil-A,Atlanta,the chicken sandwich was greasy. overall okay experience.,5,2025-08-21,16,User8780,place_Chick-fil-A_Atlanta_5,"chicken sandwich,sandwich,chicken","['chicken sandwich', 'sandwich', 'chicken']",greasy,,,0.2263,0.213,0.0,"{'chicken sandwich': 0.0, 'sandwich': 0.0, 'chicken': 0.0}"
Chick-fil-A,Atlanta,the wrap was cheap. overall amazing experience.,1,2025-07-06,21,User8595,place_Chick-fil-A_Atlanta_5,wrap,['wrap'],,cheap,,0.5859,0.388,0.0,{'wrap': 0.0}
Chick-fil-A,Atlanta,the pizza was cold. overall good experience.,1,2025-11-02,22,User1734,place_Chick-fil-A_Atlanta_1,,[],,,cold,0.4404,0.326,0.0,{}
Chick-fil-A,Atlanta,the shake was greasy. overall okay experience.,3,2025-11-13,0,User3965,place_Chick-fil-A_Atlanta_5,shake,['shake'],greasy,,,0.0516,0.221,0.198,{'shake': -0.1779}
Chick-fil-A,Atlanta,the burger was expensive. overall okay experience.,1,2025-09-09,6,User5747,place_Chick-fil-A_Atlanta_1,burger,['burger'],,expensive,,0.2263,0.241,0.0,{'burger': 0.0}
Chick-fil-A,Atlanta,the coffee was crispy. overall great experience.,2,2025-07-05,30,User5647,place_Chick-fil-A_Atlanta_2,coffee,['coffee'],crispy,,,0.6249,0.406,0.0,{'coffee': 0.0}
Chick-fil-A,Atlanta,the pizza was expensive. overall great experience.,1,2025-07-27,21,User1017,place_Chick-fil-A_Atlanta_5,,[],,expensive,,0.6249,0.406,0.0,{}
Chick-fil-A,Atlanta,the wrap was fresh. overall terrible experience.,1,2025-11-02,30,User1604,place_Chick-fil-A_Atlanta_5,wrap,['wrap'],,,fresh,-0.2023,0.221,0.298,{'wrap': 0.3182}
Chick-fil-A,Atlanta,the shake was cold. overall amazing experience.,5,2025-08-25,45,User4994,place_Chick-fil-A_Atlanta_1,shake,['shake'],,,cold,0.4767,0.362,0.162,{'shake': -0.1779}
Chick-fil-A,Houston,the nuggets was juicy. overall good experience.,2,2025-08-26,41,User1571,place_Chick-fil-A_Houston_3,nuggets,['nuggets'],juicy,,,0.4404,0.326,0.0,{'nuggets': 0.0}
Chick-fil-A,Houston,the nuggets was greasy. overall terrible experience.,1,2025-10-02,33,User2853,place_Chick-fil-A_Houston_5,nuggets,['nuggets'],greasy,,,-0.4767,0.0,0.341,{'nuggets': 0.0}
Chick-fil-A,Houston,the pizza was dry. overall great experience.,5,2025-07-27,47,User8694,place_Chick-fil-A_Houston_2,,[],dry,,,0.6249,0.406,0.0,{}
Chick-fil-A,Houston,the nuggets was hot. overall okay experience.,5,2025-08-07,17,User6491,place_Chick-fil-A_Houston_5,nuggets,['nuggets'],,,hot,0.2263,0.241,0.0,{'nuggets': 0.0}
Chick-fil-A,Houston,the nuggets was stale. overall disappointing experience.,5,2025-09-24,19,User6710,place_Chick-fil-A_Houston_1,nuggets,['nuggets'],,,stale,-0.4939,0.0,0.348,{'nuggets': 0.0}
Chick-fil-A,Houston,the salad was greasy. overall amazing experience.,4,2025-12-21,37,User4572,place_Chick-fil-A_Houston_3,salad,['salad'],greasy,,,0.5859,0.388,0.0,{'salad': 0.0}
Chick-fil-A,Houston,the shake was expensive. overall disappointing experience.,2,2025-07-08,22,User5877,place_Chick-fil-A_Houston_3,shake,['shake'],,expensive,,-0.5994,0.0,0.495,{'shake': -0.1779}
Chick-fil-A,Houston,the nuggets was stale. overall good experience.,5,2025-09-28,48,User8137,place_Chick-fil-A_Houston_5,nuggets,['nuggets'],,,stale,0.4404,0.326,0.0,{'nuggets': 0.0}
Chick-fil-A,Houston,the wrap was greasy. overall good experience.,4,2025-09-10,26,User9350,place_Chick-fil-A_Houston_2,wrap,['wrap'],greasy,,,0.4404,0.326,0.0,{'wrap': 0.0}
Chick-fil-A,Houston,the burger was stale. overall disappointing experience.,5,2025-11-03,2,User6321,place_Chick-fil-A_Houston_4,burger,['burger'],,,stale,-0.4939,0.0,0.348,{'burger': 0.0}
Chick-fil-A,Houston,the fries was cold. overall good experience.,4,2025-12-05,33,User4594,place_Chick-fil-A_Houston_4,fries,['fries'],,,cold,0.4404,0.326,0.0,{'fries': 0.0}
Chick-fil-A,Phoenix,the shake was cold. overall terrible experience.,1,2025-08-19,42,User4995,place_Chick-fil-A_Phoenix_5,shake,['shake'],,,cold,-0.5859,0.0,0.49,{'shake': -0.1779}
Chick-fil-A,Phoenix,the wrap was fresh. overall terrible experience.,2,2025-09-22,26,User6839,place_Chick-fil-A_Phoenix_1,wrap,['wrap'],,,fresh,-0.2023,0.221,0.298,{'wrap': 0.3182}
Chick-fil-A,Phoenix,the burger was expensive. overall terrible experience.,1,2025-10-05,23,User9759,place_Chick-fil-A_Phoenix_2,burger,['burger'],,expensive,,-0.4767,0.0,0.341,{'burger': 0.0}
Chick-fil-A,Phoenix,the pizza was juicy. overall terrible experience.,1,2025-11-16,20,User2502,place_Chick-fil-A_Phoenix_4,,[],juicy,,,-0.4767,0.0,0.341,{}
Chick-fil-A,Phoenix,the nuggets was cheap. overall disappointing experience.,4,2025-07-19,7,User7025,place_Chick-fil-A_Phoenix_2,nuggets,['nuggets'],,cheap,,-0.4939,0.0,0.348,{'nuggets': 0.0}
Chick-fil-A,Phoenix,the chicken sandwich was stale. overall great experience.,5,2025-10-24,42,User8017,place_Chick-fil-A_Phoenix_5,"chicken sandwich,sandwich,chicken","['chicken sandwich', 'sandwich', 'chicken']",,,stale,0.6249,0.369,0.0,"{'chicken sandwich': 0.0, 'sandwich': 0.0, 'chicken': 0.0}"
Chick-fil-A,Phoenix,the shake was greasy. overall good experience.,5,2025-07-11,30,User1003,place_Chick-fil-A_Phoenix_5,shake,['shake'],greasy,,,0.296,0.302,0.177,{'shake': -0.1779}
Chick-fil-A,Phoenix,the pizza was fresh. overall great experience.,3,2025-11-18,9,User5031,place_Chick-fil-A_Phoenix_4,,[],,,fresh,0.7506,0.561,0.0,{}
Chick-fil-A,Phoenix,the salad was cold. overall okay experience.,3,2025-10-31,41,User7360,place_Chick-fil-A_Phoenix_5,salad,['salad'],,,cold,0.2263,0.241,0.0,{'salad': 0.0}
Chick-fil-A,Phoenix,the pizza was cold. overall terrible experience.,5,2025-08-15,10,User2301,place_Chick-fil-A_Phoenix_2,,[],,,cold,-0.4767,0.0,0.341,{}
Chick-fil-A,Phoenix,the salad was expensive. overall good experience.,1,2025-11-03,45,User4896,place_Chick-fil-A_Phoenix_1,salad,['salad'],,expensive,,0.4404,0.326,0.0,{'salad': 0.0}
Chick-fil-A,Philadelphia,the chicken sandwich was expensive. overall disappointing experience.,5,2025-11-15,9,User6624,place_Chick-fil-A_Philadelphia_4,"chicken sandwich,sandwich,chicken","['chicken sandwich', 'sandwich', 'chicken']",,expensive,,-0.4939,0.0,0.314,"{'chicken sandwich': 0.0, 'sandwich': 0.0, 'chicken': 0.0}"
Chick-fil-A,Philadelphia,the coffee was crispy. overall amazing experience.,3,2025-11-03,34,User6520,place_Chick-fil-A_Philadelphia_2,coffee,['coffee'],crispy,,,0.5859,0.388,0.0,{'coffee': 0.0}
Chick-fil-A,Philadelphia,the shake was stale. overall good experience.,5,2025-10-16,15,User7794,place_Chick-fil-A_Philadelphia_1,shake,['shake'],,,stale,0.296,0.302,0.177,{'shake': -0.1779}
Chick-fil-A,Philadelphia,the shake was cold. overall terrible experience.,5,2025-10-22,48,User8835,place_Chick-fil-A_Philadelphia_5,shake,['shake'],,,cold,-0.5859,0.0,0.49,{'shake': -0.1779}
Chick-fil-A,Philadelphia,the chicken sandwich was dry. overall terrible experience.,1,2025-09-04,34,User8161,place_Chick-fil-A_Philadelphia_4,"chicken sandwich,sandwich,chicken","['chicken sandwich', 'sandwich', 'chicken']",dry,,,-0.4767,0.0,0.307,"{'chicken sandwich': 0.0, 'sandwich': 0.0, 'chicken': 0.0}"
Chick-fil-A,Philadelphia,the nuggets was juicy. overall great experience.,2,2025-08-30,43,User3772,place_Chick-fil-A_Philadelphia_2,nuggets,['nuggets'],juicy,,,0.6249,0.406,0.0,{'nuggets': 0.0}
Chick-fil-A,Philadelphia,the chicken sandwich was juicy. overall okay experience.,2,2025-11-06,35,User7203,place_Chick-fil-A_Philadelphia_4,"chicken sandwich,sandwich,chicken","['chicken sandwich', 'sandwich', 'chicken']",juicy,,,0.2263,0.213,0.0,"{'chicken sandwich': 0.0, 'sandwich': 0.0, 'chicken': 0.0}"
Chick-fil-A,Philadelphia,the chicken sandwich was greasy. overall amazing experience.,4,2025-11-07,29,User1153,place_Chick-fil-A_Philadelphia_4,"chicken sandwich,sandwich,chicken","['chicken sandwich', 'sandwich', 'chicken']",greasy,,,0.5859,0.352,0.0,"{'chicken sandwich': 0.0, 'sandwich': 0.0, 'chicken': 0.0}"
Chick-fil-A,Philadelphia,the salad was fresh. overall okay experience.,5,2025-10-30,41,User5705,place_Chick-fil-A_Philadelphia_2,salad,['salad'],,,fresh,0.4939,0.457,0.0,{'salad': 0.3182}
Chick-fil-A,Philadelphia,the nuggets was dry. overall good experience.,4,2025-10-16,4,User5702,place_Chick-fil-A_Philadelphia_5,nuggets,['nuggets'],dry,,,0.4404,0.326,0.0,{'nuggets': 0.0}
Chick-fil-A,Philadelphia,the shake was dry. overall amazing experience.,5,2025-10-18,46,User5721,place_Chick-fil-A_Philadelphia_2,shake,['shake'],dry,,,0.4767,0.362,0.162,{'shake': -0.1779}
Chick-fil-A,San Antonio,the chicken sandwich was fresh. overall good experience.,4,2025-12-10,28,User3208,place_Chick-fil-A_San Antonio_2,"chicken sandwich,sandwich,chicken","['chicken sandwich', 'sandwich', 'chicken']",,,fresh,0.6369,0.464,0.0,"{'chicken sandwich': 0.3182, 'sandwich': 0.3182, 'chicken': 0.3182}"
Chick-fil-A,San Antonio,the fries was hot. overall good experience.,3,2025-08-16,10,User9265,place_Chick-fil-A_San Antonio_2,fries,['fries'],,,hot,0.4404,0.326,0.0,{'fries': 0.0}
Chick-fil-A,San Antonio,the fries was cheap. overall disappointing experience.,4,2025-08-16,29,User2902,place_Chick-fil-A_San Antonio_4,fries,['fries'],,cheap,,-0.4939,0.0,0.348,{'fries': 0.0}
Chick-fil-A,San Antonio,the fries was stale. overall terrible experience.,2,2025-12-09,47,User3041,place_Chick-fil-A_San Antonio_1,fries,['fries'],,,stale,-0.4767,0.0,0.341,{'fries': 0.0}
Chick-fil-A,San Antonio,the nuggets was cold. overall disappointing experience.,3,2025-08-12,37,User4502,place_Chick-fil-A_San Antonio_5,nuggets,['nuggets'],,,cold,-0.4939,0.0,0.348,{'nuggets': 0.0}
Chick-fil-A,San Antonio,the fries was greasy. overall terrible experience.,4,2025-07-15,0,User2972,place_Chick-fil-A_San Antonio_3,fries,['fries'],greasy,,,-0.4767,0.0,0.341,{'fries': 0.0}
Chick-fil-A,San Antonio,the wrap was expensive. overall amazing experience.,1,2025-10-16,11,User4976,place_Chick-fil-A_San Antonio_4,wrap,['wrap'],,expensive,,0.5859,0.388,0.0,{'wrap': 0.0}
Chick-fil-A,San Antonio,the taco was crispy. overall great experience.,3,2025-09-01,47,User1147,place_Chick-fil-A_San Antonio_1,taco,['taco'],crispy,,,0.6249,0.406,0.0,{'taco': 0.0}
Chick-fil-A,San Antonio,the fries was juicy. overall terrible experience.,4,2025-12-06,21,User7681,place_Chick-fil-A_San Antonio_5,fries,['fries'],juicy,,,-0.4767,0.0,0.341,{'fries': 0.0}
Chick-fil-A,San Antonio,the chicken sandwich was stale. overall terrible experience.,1,2025-12-18,4,User6269,place_Chick-fil-A_San Antonio_4,"chicken sandwich,sandwich,chicken","['chicken sandwich', 'sandwich', 'chicken']",,,stale,-0.4767,0.0,0.307,"{'chicken sandwich': 0.0, 'sandwich': 0.0, 'chicken': 0.0}"
Chick-fil-A,San Antonio,the burger was expensive. overall terrible experience.,4,2025-07-20,35,User4218,place_Chick-fil-A_San Antonio_4,burger,['burger'],,expensive,,-0.4767,0.0,0.341,{'burger': 0.0}
Chick-fil-A,San Diego,the shake was hot. overall disappointing experience.,4,2025-09-17,41,User2935,place_Chick-fil-A_San Diego_2,shake,['shake'],,,hot,-0.5994,0.0,0.495,{'shake': -0.1779}
Chick-fil-A,San Diego,the wrap was cheap. overall okay experience.,4,2025-10-26,41,User2133,place_Chick-fil-A_San Diego_4,wrap,['wrap'],,cheap,,0.2263,0.241,0.0,{'wrap': 0.0}
Chick-fil-A,San Diego,the taco was stale. overall good experience.,5,2025-07-21,5,User3431,place_Chick-fil-A_San Diego_4,taco,['taco'],,,stale,0.4404,0.326,0.0,{'taco': 0.0}
Chick-fil-A,San Diego,the coffee was expensive. overall good experience.,4,2025-08-27,0,User7631,place_Chick-fil-A_San Diego_1,coffee,['coffee'],,expensive,,0.4404,0.326,0.0,{'coffee': 0.0}
Chick-fil-A,San Diego,the pizza was juicy. overall terrible experience.,2,2025-08-26,6,User4428,place_Chick-fil-A_San Diego_1,,[],juicy,,,-0.4767,0.0,0.341,{}
Chick-fil-A,San Diego,the wrap was greasy. overall good experience.,3,2025-10-01,19,User3629,place_Chick-fil-A_San Diego_5,wrap,['wrap'],greasy,,,0.4404,0.326,0.0,{'wrap': 0.0}
Chick-fil-A,San Diego,the shake was hot. overall terrible experience.,3,2025-07-24,6,User8234,place_Chick-fil-A_San Diego_5,shake,['shake'],,,hot,-0.5859,0.0,0.49,{'shake': -0.1779}
Chick-fil-A,San Diego,the wrap was greasy. overall good experience.,5,2025-09-23,50,User2647,place_Chick-fil-A_San Diego_2,wrap,['wrap'],greasy,,,0.4404,0.326,0.0,{'wrap': 0.0}
Chick-fil-A,San Diego,the burger was fresh. overall okay experience.,3,2025-09-12,27,User1922,place_Chick-fil-A_San Diego_1,burger,['burger'],,,fresh,0.4939,0.457,0.0,{'burger': 0.3182}
Chick-fil-A,San Diego,the wrap was dry. overall terrible experience.,2,2025-07-23,31,User5369,place_Chick-fil-A_San Diego_2,wrap,['wrap'],dry,,,-0.4767,0.0,0.341,{'wrap': 0.0}
Chick-fil-A,San Diego,the nuggets was hot. overall amazing experience.,1,2025-09-16,4,User6739,place_Chick-fil-A_San Diego_5,nuggets,['nuggets'],,,hot,0.5859,0.388,0.0,{'nuggets': 0.0}
Chick-fil-A,Miami,the taco was expensive. overall okay experience.,4,2025-12-09,42,User7880,place_Chick-fil-A_Miami_3,taco,['taco'],,expensive,,0.2263,0.241,0.0,{'taco': 0.0}
Chick-fil-A,Miami,the chicken sandwich was expensive. overall terrible experience.,1,2025-08-25,0,User5777,place_Chick-fil-A_Miami_2,"chicken sandwich,sandwich,chicken","['chicken sandwich', 'sandwich', 'chicken']",,expensive,,-0.4767,0.0,0.307,"{'chicken sandwich': 0.0, 'sandwich': 0.0, 'chicken': 0.0}"
Chick-fil-A,Miami,the burger was greasy. overall terrible experience.,2,2025-07-28,10,User1605,place_Chick-fil-A_Miami_5,burger,['burger'],greasy,,,-0.4767,0.0,0.341,{'burger': 0.0}
Chick-fil-A,Miami,the burger was stale. overall good experience.,4,2025-08-08,20,User3590,place_Chick-fil-A_Miami_3,burger,['burger'],,,stale,0.4404,0.326,0.0,{'burger': 0.0}
Chick-fil-A,Miami,the burger was dry. overall terrible experience.,3,2025-09-03,32,User9697,place_Chick-fil-A_Miami_1,burger,['burger'],dry,,,-0.4767,0.0,0.341,{'burger': 0.0}
Chick-fil-A,Miami,the nuggets was cold. overall disappointing experience.,4,2025-12-06,9,User9680,place_Chick-fil-A_Miami_3,nuggets,['nuggets'],,,cold,-0.4939,0.0,0.348,{'nuggets': 0.0}
Chick-fil-A,Miami,the salad was stale. overall amazing experience.,3,2025-10-21,15,User7711,place_Chick-fil-A_Miami_4,salad,['salad'],,,stale,0.5859,0.388,0.0,{'salad': 0.0}
Chick-fil-A,Miami,the pizza was cold. overall amazing experience.,1,2025-12-22,9,User3970,place_Chick-fil-A_Miami_2,,[],,,cold,0.5859,0.388,0.0,{}
Chick-fil-A,Miami,the shake was hot. overall disappointing experience.,4,2025-11-02,13,User7440,place_Chick-fil-A_Miami_3,shake,['shake'],,,hot,-0.5994,0.0,0.495,{'shake': -0.1779}
Chick-fil-A,Miami,the burger was cold. overall okay experience.,5,2025-11-16,47,User3512,place_Chick-fil-A_Miami_1,burger,['burger'],,,cold,0.2263,0.241,0.0,{'burger': 0.0}
Chick-fil-A,Miami,the taco was cheap. overall terrible experience.,2,2025-11-05,15,User4210,place_Chick-fil-A_Miami_5,taco,['taco'],,cheap,,-0.4767,0.0,0.341,{'taco': 0.0}
Chick-fil-A,Seattle,the nuggets was crispy. overall disappointing experience.,4,2025-11-12,27,User3516,place_Chick-fil-A_Seattle_2,nuggets,['nuggets'],crispy,,,-0.4939,0.0,0.348,{'nuggets': 0.0}
Chick-fil-A,Seattle,the salad was greasy. overall great experience.,4,2025-08-16,21,User9047,place_Chick-fil-A_Seattle_4,salad,['salad'],greasy,,,0.6249,0.406,0.0,{'salad': 0.0}
Chick-fil-A,Seattle,the chicken sandwich was dry. overall good experience.,2,2025-12-11,34,User4241,place_Chick-fil-A_Seattle_5,"chicken sandwich,sandwich,chicken","['chicken sandwich', 'sandwich', 'chicken']",dry,,,0.4404,0.293,0.0,"{'chicken sandwich': 0.0, 'sandwich': 0.0, 'chicken': 0.0}"
Chick-fil-A,Seattle,the nuggets was greasy. overall good experience.,4,2025-10-08,12,User5141,place_Chick-fil-A_Seattle_1,nuggets,['nuggets'],greasy,,,0.4404,0.326,0.0,{'nuggets': 0.0}
Chick-fil-A,Seattle,the salad was crispy. overall great experience.,3,2025-09-24,37,User3282,place_Chick-fil-A_Seattle_1,salad,['salad'],crispy,,,0.6249,0.406,0.0,{'salad': 0.0}
Chick-fil-A,Seattle,the salad was greasy. overall amazing experience.,2,2025-11-26,13,User3737,place_Chick-fil-A_Seattle_5,salad,['salad'],greasy,,,0.5859,0.388,0.0,{'salad': 0.0}
Chick-fil-A,Seattle,the pizza was fresh. overall great experience.,3,2025-07-16,21,User4713,place_Chick-fil-A_Seattle_2,,[],,,fresh,0.7506,0.561,0.0,{}
Chick-fil-A,Seattle,the nuggets was dry. overall disappointing experience.,1,2025-09-27,36,User4047,place_Chick-fil-A_Seattle_2,nuggets,['nuggets'],dry,,,-0.4939,0.0,0.348,{'nuggets': 0.0}
Chick-fil-A,Seattle,the salad was fresh. overall disappointing experience.,2,2025-07-12,13,User4172,place_Chick-fil-A_Seattle_1,salad,['salad'],,,fresh,-0.2263,0.219,0.305,{'salad': 0.3182}
Chick-fil-A,Seattle,the chicken sandwich was expensive. overall okay experience.,4,2025-11-18,17,User4839,place_Chick-fil-A_Seattle_3,"chicken sandwich,sandwich,chicken","['chicken sandwich', 'sandwich', 'chicken']",,expensive,,0.2263,0.213,0.0,"{'chicken sandwich': 0.0, 'sandwich': 0.0, 'chicken': 0.0}"
Chick-fil-A,Seattle,the wrap was cheap. overall good experience.,4,2025-08-02,41,User5295,place_Chick-fil-A_Seattle_3,wrap,['wrap'],,cheap,,0.4404,0.326,0.0,{'wrap': 0.0}
Chick-fil-A,Boston,the shake was crispy. overall disappointing experience.,4,2025-10-20,38,User6184,place_Chick-fil-A_Boston_2,shake,['shake'],crispy,,,-0.5994,0.0,0.495,{'shake': -0.1779}
Chick-fil-A,Boston,the taco was cold. overall okay experience.,5,2025-10-01,37,User8508,place_Chick-fil-A_Boston_3,taco,['taco'],,,cold,0.2263,0.241,0.0,{'taco': 0.0}
Chick-fil-A,Boston,the fries was dry. overall amazing experience.,5,2025-11-29,2,User2103,place_Chick-fil-A_Boston_5,fries,['fries'],dry,,,0.5859,0.388,0.0,{'fries': 0.0}
Chick-fil-A,Boston,the wrap was juicy. overall good experience.,2,2025-07-24,31,User7132,place_Chick-fil-A_Boston_4,wrap,['wrap'],juicy,,,0.4404,0.326,0.0,{'wrap': 0.0}
Chick-fil-A,Boston,the taco was crispy. overall amazing experience.,5,2025-07-08,16,User9840,place_Chick-fil-A_Boston_5,taco,['taco'],crispy,,,0.5859,0.388,0.0,{'taco': 0.0}
Chick-fil-A,Boston,the salad was dry. overall amazing experience.,4,2025-11-10,13,User7420,place_Chick-fil-A_Boston_5,salad,['salad'],dry,,,0.5859,0.388,0.0,{'salad': 0.0}
Chick-fil-A,Boston,the coffee was fresh. overall disappointing experience.,2,2025-12-30,4,User1988,place_Chick-fil-A_Boston_3,coffee,['coffee'],,,fresh,-0.2263,0.219,0.305,{'coffee': 0.3182}
Chick-fil-A,Boston,the burger was cold. overall good experience.,5,2025-11-17,34,User1700,place_Chick-fil-A_Boston_3,burger,['burger'],,,cold,0.4404,0.326,0.0,{'burger': 0.0}
Chick-fil-A,Boston,the wrap was juicy. overall great experience.,2,2025-10-23,6,User6799,place_Chick-fil-A_Boston_2,wrap,['wrap'],juicy,,,0.6249,0.406,0.0,{'wrap': 0.0}
Chick-fil-A,Boston,the burger was expensive. overall great experience.,1,2025-12-13,35,User6248,place_Chick-fil-A_Boston_4,burger,['burger'],,expensive,,0.6249,0.406,0.0,{'burger': 0.0}
Chick-fil-A,Boston,the fries was fresh. overall okay experience.,1,2025-09-11,34,User2356,place_Chick-fil-A_Boston_2,fries,['fries'],,,fresh,0.4939,0.457,0.0,{'fries': 0.3182}
Chick-fil-A,Denver,the taco was crispy. overall disappointing experience.,4,2025-11-12,4,User4904,place_Chick-fil-A_Denver_1,taco,['taco'],crispy,,,-0.4939,0.0,0.348,{'taco': 0.0}
Chick-fil-A,Denver,the fries was greasy. overall amazing experience.,3,2025-11-27,33,User4145,place_Chick-fil-A_Denver_3,fries,['fries'],greasy,,,0.5859,0.388,0.0,{'fries': 0.0}
Chick-fil-A,Denver,the pizza was crispy. overall disappointing experience.,5,2025-12-11,27,User5296,place_Chick-fil-A_Denver_4,,[],crispy,,,-0.4939,0.0,0.348,{}
Chick-fil-A,Denver,the salad was dry. overall good experience.,4,2025-10-17,0,User5540,place_Chick-fil-A_Denver_5,salad,['salad'],dry,,,0.4404,0.326,0.0,{'salad': 0.0}
Chick-fil-A,Denver,the fries was stale. overall great experience.,1,2025-07-04,28,User1295,place_Chick-fil-A_Denver_1,fries,['fries'],,,stale,0.6249,0.406,0.0,{'fries': 0.0}
Chick-fil-A,Denver,the fries was cold. overall amazing experience.,4,2025-10-26,15,User7948,place_Chick-fil-A_Denver_2,fries,['fries'],,,cold,0.5859,0.388,0.0,{'fries': 0.0}
Chick-fil-A,Denver,the salad was expensive. overall okay experience.,3,2025-12-03,6,User3882,place_Chick-fil-A_Denver_4,salad,['salad'],,expensive,,0.2263,0.241,0.0,{'salad': 0.0}
Chick-fil-A,Denver,the burger was fresh. overall okay experience.,3,2025-12-20,40,User4959,place_Chick-fil-A_Denver_2,burger,['burger'],,,fresh,0.4939,0.457,0.0,{'burger': 0.3182}
Chick-fil-A,Denver,the burger was expensive. overall great experience.,3,2025-08-24,42,User7513,place_Chick-fil-A_Denver_3,burger,['burger'],,expensive,,0.6249,0.406,0.0,{'burger': 0.0}
Chick-fil-A,Denver,the wrap was stale. overall good experience.,5,2025-07-15,34,User5126,place_Chick-fil-A_Denver_4,wrap,['wrap'],,,stale,0.4404,0.326,0.0,{'wrap': 0.0}
Chick-fil-A,Denver,the wrap was fresh. overall terrible experience.,2,2025-08-16,34,User6470,place_Chick-fil-A_Denver_1,wrap,['wrap'],,,fresh,-0.2023,0.221,0.298,{'wrap': 0.3182}
Chick-fil-A,Portland,the taco was juicy. overall okay experience.,1,2025-07-25,15,User8995,place_Chick-fil-A_Portland_4,taco,['taco'],juicy,,,0.2263,0.241,0.0,{'taco': 0.0}
Chick-fil-A,Portland,the taco was expensive. overall amazing experience.,3,2025-09-14,16,User7192,place_Chick-fil-A_Portland_4,taco,['taco'],,expensive,,0.5859,0.388,0.0,{'taco': 0.0}
Chick-fil-A,Portland,the fries was dry. overall good experience.,5,2025-10-07,40,User7699,place_Chick-fil-A_Portland_4,fries,['fries'],dry,,,0.4404,0.326,0.0,{'fries': 0.0}
Chick-fil-A,Portland,the nuggets was fresh. overall great experience.,5,2025-08-26,31,User5652,place_Chick-fil-A_Portland_2,nuggets,['nuggets'],,,fresh,0.7506,0.561,0.0,{'nuggets': 0.3182}
Chick-fil-A,Portland,the shake was fresh. overall disappointing experience.,3,2025-09-14,25,User7997,place_Chick-fil-A_Portland_4,shake,['shake'],,,fresh,-0.3818,0.205,0.438,{'shake': 0.1531}
Chick-fil-A,Portland,the salad was fresh. overall okay experience.,1,2025-07-13,2,User2087,place_Chick-fil-A_Portland_2,salad,['salad'],,,fresh,0.4939,0.457,0.0,{'salad': 0.3182}
Chick-fil-A,Portland,the nuggets was cheap. overall amazing experience.,2,2025-11-16,7,User8153,place_Chick-fil-A_Portland_4,nuggets,['nuggets'],,cheap,,0.5859,0.388,0.0,{'nuggets': 0.0}
Chick-fil-A,Portland,the fries was fresh. overall good experience.,5,2025-11-12,16,User4304,place_Chick-fil-A_Portland_2,fries,['fries'],,,fresh,0.6369,0.51,0.0,{'fries': 0.3182}
Chick-fil-A,Portland,the nuggets was cheap. overall okay experience.,4,2025-12-27,25,User2103,place_Chick-fil-A_Portland_1,nuggets,['nuggets'],,cheap,,0.2263,0.241,0.0,{'nuggets': 0.0}
Chick-fil-A,Portland,the wrap was fresh. overall disappointing experience.,1,2025-07-15,45,User8216,place_Chick-fil-A_Portland_2,wrap,['wrap'],,,fresh,-0.2263,0.219,0.305,{'wrap': 0.3182}
Chick-fil-A,Portland,the chicken sandwich was juicy. overall amazing experience.,1,2025-11-06,19,User1574,place_Chick-fil-A_Portland_2,"chicken sandwich,sandwich,chicken","['chicken sandwich', 'sandwich', 'chicken']",juicy,,,0.5859,0.352,0.0,"{'chicken sandwich': 0.0, 'sandwich': 0.0, 'chicken': 0.0}"
Popeyes,New York,the shake was greasy. overall amazing experience.,3,2025-08-29,12,User3578,place_Popeyes_New York_5,shake,['shake'],greasy,,,0.4767,0.362,0.162,{'shake': -0.1779}
Popeyes,New York,the wrap was fresh. overall good experience.,2,2025-10-02,43,User2259,place_Popeyes_New York_1,wrap,['wrap'],,,fresh,0.6369,0.51,0.0,{'wrap': 0.3182}
Popeyes,New York,the salad was juicy. overall disappointing experience.,3,2025-12-01,20,User7012,place_Popeyes_New York_5,salad,['salad'],juicy,,,-0.4939,0.0,0.348,{'salad': 0.0}
Popeyes,New York,the shake was expensive. overall disappointing experience.,4,2025-12-25,34,User3845,place_Popeyes_New York_1,shake,['shake'],,expensive,,-0.5994,0.0,0.495,{'shake': -0.1779}
Popeyes,New York,the pizza was stale. overall amazing experience.,3,2025-08-14,41,User3607,place_Popeyes_New York_2,,[],,,stale,0.5859,0.388,0.0,{}
Popeyes,New York,the taco was cold. overall terrible experience.,5,2025-11-30,11,User2896,place_Popeyes_New York_2,taco,['taco'],,,cold,-0.4767,0.0,0.341,{'taco': 0.0}
Popeyes,New York,the nuggets was cold. overall amazing experience.,5,2025-11-16,1,User1731,place_Popeyes_New York_3,nuggets,['nuggets'],,,cold,0.5859,0.388,0.0,{'nuggets': 0.0}
Popeyes,New York,the shake was juicy. overall good experience.,1,2025-09-02,30,User8832,place_Popeyes_New York_5,shake,['shake'],juicy,,,0.296,0.302,0.177,{'shake': -0.1779}
Popeyes,New York,the salad was juicy. overall okay experience.,1,2025-08-03,37,User8745,place_Popeyes_New York_1,salad,['salad'],juicy,,,0.2263,0.241,0.0,{'salad': 0.0}
Popeyes,New York,the pizza was crispy. overall terrible experience.,4,2025-09-13,14,User6278,place_Popeyes_New York_3,,[],crispy,,,-0.4767,0.0,0.341,{}
Popeyes,New York,the burger was dry. overall amazing experience.,1,2025-11-20,36,User5261,place_Popeyes_New York_5,burger,['burger'],dry,,,0.5859,0.388,0.0,{'burger': 0.0}
Popeyes,Los Angeles,the nuggets was hot. overall amazing experience.,1,2025-08-13,34,User8626,place_Popeyes_Los Angeles_4,nuggets,['nuggets'],,,hot,0.5859,0.388,0.0,{'nuggets': 0.0}
Popeyes,Los Angeles,the shake was expensive. overall great experience.,1,2025-07-24,24,User9140,place_Popeyes_Los Angeles_4,shake,['shake'],,expensive,,0.5267,0.38,0.157,{'shake': -0.1779}
Popeyes,Los Angeles,the wrap was fresh. overall good experience.,2,2025-10-15,44,User3694,place_Popeyes_Los Angeles_5,wrap,['wrap'],,,fresh,0.6369,0.51,0.0,{'wrap': 0.3182}
Popeyes,Los Angeles,the chicken sandwich was crispy. overall amazing experience.,1,2025-12-01,49,User8293,place_Popeyes_Los Angeles_2,"chicken sandwich,sandwich,chicken","['chicken sandwich', 'sandwich', 'chicken']",crispy,,,0.5859,0.352,0.0,"{'chicken sandwich': 0.0, 'sandwich': 0.0, 'chicken': 0.0}"
Popeyes,Los Angeles,the wrap was fresh. overall disappointing experience.,4,2025-07-26,21,User9334,place_Popeyes_Los Angeles_2,wrap,['wrap'],,,fresh,-0.2263,0.219,0.305,{'wrap': 0.3182}
Popeyes,Los Angeles,the salad was stale. overall great experience.,5,2025-10-03,3,User3146,place_Popeyes_Los Angeles_5,salad,['salad'],,,stale,0.6249,0.406,0.0,{'salad': 0.0}
Popeyes,Los Angeles,the salad was stale. overall great experience.,2,2025-12-22,50,User5010,place_Popeyes_Los Angeles_3,salad,['salad'],,,stale,0.6249,0.406,0.0,{'salad': 0.0}
Popeyes,Los Angeles,the coffee was expensive. overall okay experience.,3,2025-10-07,18,User8515,place_Popeyes_Los Angeles_3,coffee,['coffee'],,expensive,,0.2263,0.241,0.0,{'coffee': 0.0}
Popeyes,Los Angeles,the pizza was stale. overall good experience.,4,2025-11-13,33,User2640,place_Popeyes_Los Angeles_5,,[],,,stale,0.4404,0.326,0.0,{}
Popeyes,Los Angeles,the chicken sandwich was cold. overall terrible experience.,2,2025-07-08,46,User2876,place_Popeyes_Los Angeles_4,"chicken sandwich,sandwich,chicken","['chicken sandwich', 'sandwich', 'chicken']",,,cold,-0.4767,0.0,0.307,"{'chicken sandwich': 0.0, 'sandwich': 0.0, 'chicken': 0.0}"
Popeyes,Los Angeles,the coffee was greasy. overall amazing experience.,3,2025-07-26,40,User7047,place_Popeyes_Los Angeles_5,coffee,['coffee'],greasy,,,0.5859,0.388,0.0,{'coffee': 0.0}
Popeyes,Chicago,the fries was juicy. overall terrible experience.,4,2025-10-10,34,User5746,place_Popeyes_Chicago_3,fries,['fries'],juicy,,,-0.4767,0.0,0.341,{'fries': 0.0}
Popeyes,Chicago,the shake was stale. overall okay experience.,5,2025-12-28,23,User6830,place_Popeyes_Chicago_1,shake,['shake'],,,stale,0.0516,0.221,0.198,{'shake': -0.1779}
Popeyes,Chicago,the wrap was greasy. overall terrible experience.,1,2025-12-29,29,User9059,place_Popeyes_Chicago_1,wrap,['wrap'],greasy,,,-0.4767,0.0,0.341,{'wrap': 0.0}
Popeyes,Chicago,the burger was expensive. overall great experience.,2,2025-08-05,29,User5011,place_Popeyes_Chicago_3,burger,['burger'],,expensive,,0.6249,0.406,0.0,{'burger': 0.0}
Popeyes,Chicago,the fries was juicy. overall good experience.,4,2025-12-19,23,User2646,place_Popeyes_Chicago_3,fries,['fries'],juicy,,,0.4404,0.326,0.0,{'fries': 0.0}
Popeyes,Chicago,the taco was fresh. overall okay experience.,1,2025-07-12,17,User4016,place_Popeyes_Chicago_1,taco,['taco'],,,fresh,0.4939,0.457,0.0,{'taco': 0.3182}
Popeyes,Chicago,the nuggets was crispy. overall great experience.,3,2025-11-26,29,User1623,place_Popeyes_Chicago_3,nuggets,['nuggets'],crispy,,,0.6249,0.406,0.0,{'nuggets': 0.0}
Popeyes,Chicago,the nuggets was greasy. overall terrible experience.,1,2025-08-04,31,User7455,place_Popeyes_Chicago_2,nuggets,['nuggets'],greasy,,,-0.4767,0.0,0.341,{'nuggets': 0.0}
Popeyes,Chicago,the burger was hot. overall amazing experience.,5,2025-11-27,37,User6314,place_Popeyes_Chicago_2,burger,['burger'],,,hot,0.5859,0.388,0.0,{'burger': 0.0}
Popeyes,Chicago,the fries was cold. overall terrible experience.,3,2025-11-18,4,User1976,place_Popeyes_Chicago_1,fries,['fries'],,,cold,-0.4767,0.0,0.341,{'fries': 0.0}
Popeyes,Chicago,the salad was greasy. overall great experience.,1,2025-12-24,39,User9804,place_Popeyes_Chicago_1,salad,['salad'],greasy,,,0.6249,0.406,0.0,{'salad': 0.0}
Popeyes,Dallas,the coffee was fresh. overall terrible experience.,1,2025-09-01,36,User6648,place_Popeyes_Dallas_3,coffee,['coffee'],,,fresh,-0.2023,0.221,0.298,{'coffee': 0.3182}
Popeyes,Dallas,the shake was cold. overall amazing experience.,5,2025-11-25,8,User6957,place_Popeyes_Dallas_5,shake,['shake'],,,cold,0.4767,0.362,0.162,{'shake': -0.1779}
Popeyes,Dallas,the taco was juicy. overall amazing experience.,2,2025-08-18,30,User8281,place_Popeyes_Dallas_2,taco,['taco'],juicy,,,0.5859,0.388,0.0,{'taco': 0.0}
Popeyes,Dallas,the shake was juicy. overall disappointing experience.,2,2025-11-17,47,User8390,place_Popeyes_Dallas_1,shake,['shake'],juicy,,,-0.5994,0.0,0.495,{'shake': -0.1779}
Popeyes,Dallas,the burger was dry. overall disappointing experience.,5,2025-12-21,19,User6053,place_Popeyes_Dallas_4,burger,['burger'],dry,,,-0.4939,0.0,0.348,{'burger': 0.0}
Popeyes,Dallas,the wrap was cheap. overall great experience.,1,2025-12-07,43,User7474,place_Popeyes_Dallas_1,wrap,['wrap'],,cheap,,0.6249,0.406,0.0,{'wrap': 0.0}
Popeyes,Dallas,the fries was dry. overall okay experience.,2,2025-10-09,47,User1306,place_Popeyes_Dallas_2,fries,['fries'],dry,,,0.2263,0.241,0.0,{'fries': 0.0}
Popeyes,Dallas,the shake was hot. overall okay experience.,4,2025-09-29,44,User7385,place_Popeyes_Dallas_2,shake,['shake'],,,hot,0.0516,0.221,0.198,{'shake': -0.1779}
Popeyes,Dallas,the taco was dry. overall great experience.,1,2025-11-10,23,User1177,place_Popeyes_Dallas_2,taco,['taco'],dry,,,0.6249,0.406,0.0,{'taco': 0.0}
Popeyes,Dallas,the salad was stale. overall good experience.,3,2025-12-19,38,User2694,place_Popeyes_Dallas_2,salad,['salad'],,,stale,0.4404,0.326,0.0,{'salad': 0.0}
Popeyes,Dallas,the taco was cold. overall amazing experience.,4,2025-10-26,16,User4595,place_Popeyes_Dallas_4,taco,['taco'],,,cold,0.5859,0.388,0.0,{'taco': 0.0}
Popeyes,Atlanta,the coffee was dry. overall great experience.,4,2025-08-12,17,User4466,place_Popeyes_Atlanta_2,coffee,['coffee'],dry,,,0.6249,0.406,0.0,{'coffee': 0.0}
Popeyes,Atlanta,the salad was expensive. overall okay experience.,4,2025-12-15,28,User8541,place_Popeyes_Atlanta_5,salad,['salad'],,expensive,,0.2263,0.241,0.0,{'salad': 0.0}
Popeyes,Atlanta,the salad was stale. overall great experience.,3,2025-12-12,34,User3900,place_Popeyes_Atlanta_2,salad,['salad'],,,stale,0.6249,0.406,0.0,{'salad': 0.0}
Popeyes,Atlanta,the pizza was fresh. overall amazing experience.,5,2025-08-20,17,User2950,place_Popeyes_Atlanta_3,,[],,,fresh,0.7269,0.55,0.0,{}
Popeyes,Atlanta,the nuggets was cheap. overall amazing experience.,3,2025-09-10,5,User9421,place_Popeyes_Atlanta_5,nuggets,['nuggets'],,cheap,,0.5859,0.388,0.0,{'nuggets': 0.0}
Popeyes,Atlanta,the taco was greasy. overall disappointing experience.,3,2025-09-10,39,User3657,place_Popeyes_Atlanta_4,taco,['taco'],greasy,,,-0.4939,0.0,0.348,{'taco': 0.0}
Popeyes,Atlanta,the shake was expensive. overall amazing experience.,4,2025-11-30,6,User7388,place_Popeyes_Atlanta_2,shake,['shake'],,expensive,,0.4767,0.362,0.162,{'shake': -0.1779}
Popeyes,Atlanta,the wrap was cheap. overall terrible experience.,4,2025-08-06,38,User7865,place_Popeyes_Atlanta_5,wrap,['wrap'],,cheap,,-0.4767,0.0,0.341,{'wrap': 0.0}
Popeyes,Atlanta,the burger was greasy. overall disappointing experience.,2,2025-07-11,13,User4433,place_Popeyes_Atlanta_3,burger,['burger'],greasy,,,-0.4939,0.0,0.348,{'burger': 0.0}
Popeyes,Atlanta,the nuggets was stale. overall okay experience.,2,2025-09-29,49,User3410,place_Popeyes_Atlanta_1,nuggets,['nuggets'],,,stale,0.2263,0.241,0.0,{'nuggets': 0.0}
Popeyes,Atlanta,the taco was cheap. overall amazing experience.,2,2025-09-02,47,User2737,place_Popeyes_Atlanta_5,taco,['taco'],,cheap,,0.5859,0.388,0.0,{'taco': 0.0}
Popeyes,Houston,the shake was cold. overall amazing experience.,2,2025-10-01,33,User7129,place_Popeyes_Houston_1,shake,['shake'],,,cold,0.4767,0.362,0.162,{'shake': -0.1779}
Popeyes,Houston,the nuggets was cold. overall amazing experience.,4,2025-09-23,35,User2189,place_Popeyes_Houston_3,nuggets,['nuggets'],,,cold,0.5859,0.388,0.0,{'nuggets': 0.0}
Popeyes,Houston,the fries was fresh. overall great experience.,5,2025-07-04,24,User5099,place_Popeyes_Houston_5,fries,['fries'],,,fresh,0.7506,0.561,0.0,{'fries': 0.3182}
Popeyes,Houston,the pizza was greasy. overall disappointing experience.,3,2025-11-20,47,User9672,place_Popeyes_Houston_5,,[],greasy,,,-0.4939,0.0,0.348,{}
Popeyes,Houston,the wrap was greasy. overall amazing experience.,4,2025-09-05,26,User4391,place_Popeyes_Houston_2,wrap,['wrap'],greasy,,,0.5859,0.388,0.0,{'wrap': 0.0}
Popeyes,Houston,the nuggets was cold. overall disappointing experience.,3,2025-07-06,7,User5735,place_Popeyes_Houston_2,nuggets,['nuggets'],,,cold,-0.4939,0.0,0.348,{'nuggets': 0.0}
Popeyes,Houston,the taco was cheap. overall disappointing experience.,1,2025-12-13,40,User2537,place_Popeyes_Houston_2,taco,['taco'],,cheap,,-0.4939,0.0,0.348,{'taco': 0.0}
Popeyes,Houston,the chicken sandwich was cold. overall great experience.,2,2025-08-09,18,User7117,place_Popeyes_Houston_3,"chicken sandwich,sandwich,chicken","['chicken sandwich', 'sandwich', 'chicken']",,,cold,0.6249,0.369,0.0,"{'chicken sandwich': 0.0, 'sandwich': 0.0, 'chicken': 0.0}"
Popeyes,Houston,the fries was expensive. overall good experience.,1,2025-07-07,40,User8218,place_Popeyes_Houston_1,fries,['fries'],,expensive,,0.4404,0.326,0.0,{'fries': 0.0}
Popeyes,Houston,the taco was dry. overall good experience.,4,2025-10-21,49,User4771,place_Popeyes_Houston_2,taco,['taco'],dry,,,0.4404,0.326,0.0,{'taco': 0.0}
Popeyes,Houston,the coffee was expensive. overall amazing experience.,3,2025-10-12,19,User2138,place_Popeyes_Houston_2,coffee,['coffee'],,expensive,,0.5859,0.388,0.0,{'coffee': 0.0}
Popeyes,Phoenix,the pizza was cold. overall amazing experience.,3,2025-11-21,22,User9323,place_Popeyes_Phoenix_3,,[],,,cold,0.5859,0.388,0.0,{}
Popeyes,Phoenix,the chicken sandwich was expensive. overall disappointing experience.,5,2025-09-18,38,User6223,place_Popeyes_Phoenix_4,"chicken sandwich,sandwich,chicken","['chicken sandwich', 'sandwich', 'chicken']",,expensive,,-0.4939,0.0,0.314,"{'chicken sandwich': 0.0, 'sandwich': 0.0, 'chicken': 0.0}"
Popeyes,Phoenix,the nuggets was greasy. overall disappointing experience.,5,2025-07-22,34,User9877,place_Popeyes_Phoenix_1,nuggets,['nuggets'],greasy,,,-0.4939,0.0,0.348,{'nuggets': 0.0}
Popeyes,Phoenix,the taco was greasy. overall great experience.,3,2025-10-25,25,User5616,place_Popeyes_Phoenix_4,taco,['taco'],greasy,,,0.6249,0.406,0.0,{'taco': 0.0}
Popeyes,Phoenix,the salad was greasy. overall disappointing experience.,3,2025-12-26,12,User6395,place_Popeyes_Phoenix_5,salad,['salad'],greasy,,,-0.4939,0.0,0.348,{'salad': 0.0}
Popeyes,Phoenix,the fries was juicy. overall okay experience.,4,2025-08-26,16,User8163,place_Popeyes_Phoenix_5,fries,['fries'],juicy,,,0.2263,0.241,0.0,{'fries': 0.0}
Popeyes,Phoenix,the wrap was fresh. overall great experience.,4,2025-11-27,10,User6565,place_Popeyes_Phoenix_4,wrap,['wrap'],,,fresh,0.7506,0.561,0.0,{'wrap': 0.3182}
Popeyes,Phoenix,the pizza was stale. overall great experience.,2,2025-09-19,26,User3531,place_Popeyes_Phoenix_2,,[],,,stale,0.6249,0.406,0.0,{}
Popeyes,Phoenix,the pizza was stale. overall terrible experience.,2,2025-08-28,1,User7662,place_Popeyes_Phoenix_5,,[],,,stale,-0.4767,0.0,0.341,{}
Popeyes,Phoenix,the pizza was expensive. overall okay experience.,2,2025-11-22,12,User5715,place_Popeyes_Phoenix_4,,[],,expensive,,0.2263,0.241,0.0,{}
Popeyes,Phoenix,the wrap was stale. overall amazing experience.,5,2025-09-17,5,User3607,place_Popeyes_Phoenix_5,wrap,['wrap'],,,stale,0.5859,0.388,0.0,{'wrap': 0.0}
Popeyes,Philadelphia,the taco was stale. overall terrible experience.,3,2025-12-16,50,User6409,place_Popeyes_Philadelphia_3,taco,['taco'],,,stale,-0.4767,0.0,0.341,{'taco': 0.0}
Popeyes,Philadelphia,the taco was crispy. overall great experience.,2,2025-07-25,2,User2953,place_Popeyes_Philadelphia_3,taco,['taco'],crispy,,,0.6249,0.406,0.0,{'taco': 0.0}
Popeyes,Philadelphia,the fries was hot. overall great experience.,5,2025-10-23,43,User2650,place_Popeyes_Philadelphia_4,fries,['fries'],,,hot,0.6249,0.406,0.0,{'fries': 0.0}
Popeyes,Philadelphia,the pizza was dry. overall great experience.,5,2025-12-30,8,User1263,place_Popeyes_Philadelphia_1,,[],dry,,,0.6249,0.406,0.0,{}
Popeyes,Philadelphia,the salad was crispy. overall terrible experience.,2,2025-08-20,9,User5996,place_Popeyes_Philadelphia_5,salad,['salad'],crispy,,,-0.4767,0.0,0.341,{'salad': 0.0}
Popeyes,Philadelphia,the chicken sandwich was expensive. overall terrible experience.,3,2025-10-24,20,User5454,place_Popeyes_Philadelphia_4,"chicken sandwich,sandwich,chicken","['chicken sandwich', 'sandwich', 'chicken']",,expensive,,-0.4767,0.0,0.307,"{'chicken sandwich': 0.0, 'sandwich': 0.0, 'chicken': 0.0}"
Popeyes,Philadelphia,the fries was fresh. overall disappointing experience.,5,2025-10-20,12,User9114,place_Popeyes_Philadelphia_4,fries,['fries'],,,fresh,-0.2263,0.219,0.305,{'fries': 0.3182}
Popeyes,Philadelphia,the chicken sandwich was cheap. overall okay experience.,5,2025-10-12,4,User3158,place_Popeyes_Philadelphia_5,"chicken sandwich,sandwich,chicken","['chicken sandwich', 'sandwich', 'chicken']",,cheap,,0.2263,0.213,0.0,"{'chicken sandwich': 0.0, 'sandwich': 0.0, 'chicken': 0.0}"
Popeyes,Philadelphia,the shake was crispy. overall disappointing experience.,1,2025-08-09,37,User7220,place_Popeyes_Philadelphia_5,shake,['shake'],crispy,,,-0.5994,0.0,0.495,{'shake': -0.1779}
Popeyes,Philadelphia,the wrap was fresh. overall good experience.,1,2025-11-23,42,User7623,place_Popeyes_Philadelphia_4,wrap,['wrap'],,,fresh,0.6369,0.51,0.0,{'wrap': 0.3182}
Popeyes,Philadelphia,the wrap was dry. overall terrible experience.,1,2025-10-29,15,User7186,place_Popeyes_Philadelphia_3,wrap,['wrap'],dry,,,-0.4767,0.0,0.341,{'wrap': 0.0}
Popeyes,San Antonio,the shake was cold. overall great experience.,5,2025-12-31,37,User7996,place_Popeyes_San Antonio_3,shake,['shake'],,,cold,0.5267,0.38,0.157,{'shake': -0.1779}
Popeyes,San Antonio,the nuggets was cheap. overall okay experience.,5,2025-07-09,14,User4137,place_Popeyes_San Antonio_4,nuggets,['nuggets'],,cheap,,0.2263,0.241,0.0,{'nuggets': 0.0}
Popeyes,San Antonio,the burger was cheap. overall disappointing experience.,1,2025-12-05,14,User1454,place_Popeyes_San Antonio_3,burger,['burger'],,cheap,,-0.4939,0.0,0.348,{'burger': 0.0}
Popeyes,San Antonio,the taco was cold. overall amazing experience.,1,2025-07-30,31,User8593,place_Popeyes_San Antonio_1,taco,['taco'],,,cold,0.5859,0.388,0.0,{'taco': 0.0}
Popeyes,San Antonio,the taco was expensive. overall terrible experience.,5,2025-09-09,31,User2779,place_Popeyes_San Antonio_5,taco,['taco'],,expensive,,-0.4767,0.0,0.341,{'taco': 0.0}
Popeyes,San Antonio,the nuggets was juicy. overall disappointing experience.,4,2025-11-21,10,User8880,place_Popeyes_San Antonio_5,nuggets,['nuggets'],juicy,,,-0.4939,0.0,0.348,{'nuggets': 0.0}
Popeyes,San Antonio,the coffee was hot. overall okay experience.,2,2025-12-10,47,User4084,place_Popeyes_San Antonio_1,coffee,['coffee'],,,hot,0.2263,0.241,0.0,{'coffee': 0.0}
Popeyes,San Antonio,the shake was expensive. overall okay experience.,1,2025-12-30,11,User9255,place_Popeyes_San Antonio_1,shake,['shake'],,expensive,,0.0516,0.221,0.198,{'shake': -0.1779}
Popeyes,San Antonio,the coffee was cheap. overall good experience.,5,2025-11-11,7,User8436,place_Popeyes_San Antonio_4,coffee,['coffee'],,cheap,,0.4404,0.326,0.0,{'coffee': 0.0}
Popeyes,San Antonio,the wrap was juicy. overall great experience.,5,2025-11-25,50,User1242,place_Popeyes_San Antonio_2,wrap,['wrap'],juicy,,,0.6249,0.406,0.0,{'wrap': 0.0}
Popeyes,San Antonio,the salad was hot. overall terrible experience.,5,2025-11-12,7,User1017,place_Popeyes_San Antonio_2,salad,['salad'],,,hot,-0.4767,0.0,0.341,{'salad': 0.0}
Popeyes,San Diego,the burger was cheap. overall good experience.,3,2025-11-22,4,User9069,place_Popeyes_San Diego_2,burger,['burger'],,cheap,,0.4404,0.326,0.0,{'burger': 0.0}
Popeyes,San Diego,the chicken sandwich was stale. overall great experience.,1,2025-09-30,5,User9471,place_Popeyes_San Diego_1,"chicken sandwich,sandwich,chicken","['chicken sandwich', 'sandwich', 'chicken']",,,stale,0.6249,0.369,0.0,"{'chicken sandwich': 0.0, 'sandwich': 0.0, 'chicken': 0.0}"
Popeyes,San Diego,the taco was juicy. overall good experience.,2,2025-08-11,21,User6694,place_Popeyes_San Diego_4,taco,['taco'],juicy,,,0.4404,0.326,0.0,{'taco': 0.0}
Popeyes,San Diego,the chicken sandwich was greasy. overall great experience.,5,2025-09-03,50,User3853,place_Popeyes_San Diego_5,"chicken sandwich,sandwich,chicken","['chicken sandwich', 'sandwich', 'chicken']",greasy,,,0.6249,0.369,0.0,"{'chicken sandwich': 0.0, 'sandwich': 0.0, 'chicken': 0.0}"
Popeyes,San Diego,the pizza was expensive. overall disappointing experience.,5,2025-12-29,34,User2514,place_Popeyes_San Diego_5,,[],,expensive,,-0.4939,0.0,0.348,{}
Popeyes,San Diego,the nuggets was hot. overall good experience.,1,2025-11-26,50,User1039,place_Popeyes_San Diego_5,nuggets,['nuggets'],,,hot,0.4404,0.326,0.0,{'nuggets': 0.0}
Popeyes,San Diego,the nuggets was greasy. overall great experience.,1,2025-10-19,6,User8687,place_Popeyes_San Diego_3,nuggets,['nuggets'],greasy,,,0.6249,0.406,0.0,{'nuggets': 0.0}
Popeyes,San Diego,the pizza was juicy. overall disappointing experience.,3,2025-09-07,50,User3818,place_Popeyes_San Diego_5,,[],juicy,,,-0.4939,0.0,0.348,{}
Popeyes,San Diego,the shake was greasy. overall terrible experience.,2,2025-10-26,28,User8237,place_Popeyes_San Diego_1,shake,['shake'],greasy,,,-0.5859,0.0,0.49,{'shake': -0.1779}
Popeyes,San Diego,the burger was hot. overall amazing experience.,1,2025-09-13,10,User2948,place_Popeyes_San Diego_1,burger,['burger'],,,hot,0.5859,0.388,0.0,{'burger': 0.0}
Popeyes,San Diego,the coffee was dry. overall amazing experience.,5,2025-12-15,44,User1571,place_Popeyes_San Diego_5,coffee,['coffee'],dry,,,0.5859,0.388,0.0,{'coffee': 0.0}
Popeyes,Miami,the salad was juicy. overall terrible experience.,1,2025-08-22,37,User4966,place_Popeyes_Miami_3,salad,['salad'],juicy,,,-0.4767,0.0,0.341,{'salad': 0.0}
Popeyes,Miami,the salad was greasy. overall terrible experience.,5,2025-12-23,4,User7711,place_Popeyes_Miami_4,salad,['salad'],greasy,,,-0.4767,0.0,0.341,{'salad': 0.0}
Popeyes,Miami,the fries was crispy. overall great experience.,5,2025-09-23,5,User5243,place_Popeyes_Miami_1,fries,['fries'],crispy,,,0.6249,0.406,0.0,{'fries': 0.0}
Popeyes,Miami,the salad was cold. overall great experience.,4,2025-09-10,5,User7617,place_Popeyes_Miami_1,salad,['salad'],,,cold,0.6249,0.406,0.0,{'salad': 0.0}
Popeyes,Miami,the burger was expensive. overall good experience.,4,2025-07-05,29,User9126,place_Popeyes_Miami_2,burger,['burger'],,expensive,,0.4404,0.326,0.0,{'burger': 0.0}
Popeyes,Miami,the pizza was hot. overall okay experience.,1,2025-09-15,39,User5599,place_Popeyes_Miami_3,,[],,,hot,0.2263,0.241,0.0,{}
Popeyes,Miami,the wrap was cheap. overall okay experience.,1,2025-08-19,10,User4294,place_Popeyes_Miami_2,wrap,['wrap'],,cheap,,0.2263,0.241,0.0,{'wrap': 0.0}
Popeyes,Miami,the fries was expensive. overall terrible experience.,4,2025-11-01,36,User7514,place_Popeyes_Miami_3,fries,['fries'],,expensive,,-0.4767,0.0,0.341,{'fries': 0.0}
Popeyes,Miami,the wrap was cheap. overall amazing experience.,2,2025-08-23,3,User4278,place_Popeyes_Miami_5,wrap,['wrap'],,cheap,,0.5859,0.388,0.0,{'wrap': 0.0}
Popeyes,Miami,the taco was cheap. overall amazing experience.,1,2025-10-26,24,User9112,place_Popeyes_Miami_3,taco,['taco'],,cheap,,0.5859,0.388,0.0,{'taco': 0.0}
Popeyes,Miami,the wrap was greasy. overall okay experience.,2,2025-09-05,1,User1147,place_Popeyes_Miami_1,wrap,['wrap'],greasy,,,0.2263,0.241,0.0,{'wrap': 0.0}
Popeyes,Seattle,the nuggets was stale. overall terrible experience.,1,2025-08-17,39,User2204,place_Popeyes_Seattle_2,nuggets,['nuggets'],,,stale,-0.4767,0.0,0.341,{'nuggets': 0.0}
Popeyes,Seattle,the pizza was crispy. overall disappointing experience.,2,2025-08-05,45,User1461,place_Popeyes_Seattle_4,,[],crispy,,,-0.4939,0.0,0.348,{}
Popeyes,Seattle,the fries was juicy. overall okay experience.,2,2025-10-17,26,User7412,place_Popeyes_Seattle_2,fries,['fries'],juicy,,,0.2263,0.241,0.0,{'fries': 0.0}
Popeyes,Seattle,the wrap was crispy. overall good experience.,1,2025-11-30,49,User1659,place_Popeyes_Seattle_3,wrap,['wrap'],crispy,,,0.4404,0.326,0.0,{'wrap': 0.0}
Popeyes,Seattle,the pizza was fresh. overall amazing experience.,1,2025-12-01,9,User5897,place_Popeyes_Seattle_1,,[],,,fresh,0.7269,0.55,0.0,{}
Popeyes,Seattle,the shake was juicy. overall great experience.,4,2025-12-30,49,User1788,place_Popeyes_Seattle_3,shake,['shake'],juicy,,,0.5267,0.38,0.157,{'shake': -0.1779}
Popeyes,Seattle,the nuggets was dry. overall disappointing experience.,4,2025-10-15,48,User7769,place_Popeyes_Seattle_4,nuggets,['nuggets'],dry,,,-0.4939,0.0,0.348,{'nuggets': 0.0}
Popeyes,Seattle,the chicken sandwich was juicy. overall disappointing experience.,1,2025-10-10,16,User6867,place_Popeyes_Seattle_1,"chicken sandwich,sandwich,chicken","['chicken sandwich', 'sandwich', 'chicken']",juicy,,,-0.4939,0.0,0.314,"{'chicken sandwich': 0.0, 'sandwich': 0.0, 'chicken': 0.0}"
Popeyes,Seattle,the wrap was hot. overall okay experience.,1,2025-10-07,14,User9767,place_Popeyes_Seattle_3,wrap,['wrap'],,,hot,0.2263,0.241,0.0,{'wrap': 0.0}
Popeyes,Seattle,the chicken sandwich was greasy. overall amazing experience.,2,2025-11-27,49,User2154,place_Popeyes_Seattle_1,"chicken sandwich,sandwich,chicken","['chicken sandwich', 'sandwich', 'chicken']",greasy,,,0.5859,0.352,0.0,"{'chicken sandwich': 0.0, 'sandwich': 0.0, 'chicken': 0.0}"
Popeyes,Seattle,the coffee was cold. overall good experience.,5,2025-12-26,18,User9726,place_Popeyes_Seattle_1,coffee,['coffee'],,,cold,0.4404,0.326,0.0,{'coffee': 0.0}
Popeyes,Boston,the taco was fresh. overall terrible experience.,4,2025-10-19,20,User3388,place_Popeyes_Boston_4,taco,['taco'],,,fresh,-0.2023,0.221,0.298,{'taco': 0.3182}
Popeyes,Boston,the nuggets was dry. overall okay experience.,2,2025-12-27,22,User3618,place_Popeyes_Boston_1,nuggets,['nuggets'],dry,,,0.2263,0.241,0.0,{'nuggets': 0.0}
Popeyes,Boston,the fries was greasy. overall amazing experience.,4,2025-12-19,11,User5853,place_Popeyes_Boston_5,fries,['fries'],greasy,,,0.5859,0.388,0.0,{'fries': 0.0}
Popeyes,Boston,the nuggets was fresh. overall terrible experience.,4,2025-10-12,12,User7706,place_Popeyes_Boston_2,nuggets,['nuggets'],,,fresh,-0.2023,0.221,0.298,{'nuggets': 0.3182}
Popeyes,Boston,the fries was stale. overall good experience.,4,2025-10-15,0,User1222,place_Popeyes_Boston_5,fries,['fries'],,,stale,0.4404,0.326,0.0,{'fries': 0.0}
Popeyes,Boston,the chicken sandwich was fresh. overall disappointing experience.,4,2025-11-22,1,User9259,place_Popeyes_Boston_4,"chicken sandwich,sandwich,chicken","['chicken sandwich', 'sandwich', 'chicken']",,,fresh,-0.2263,0.2,0.278,"{'chicken sandwich': 0.3182, 'sandwich': 0.3182, 'chicken': 0.3182}"
Popeyes,Boston,the pizza was crispy. overall good experience.,1,2025-09-07,31,User6404,place_Popeyes_Boston_5,,[],crispy,,,0.4404,0.326,0.0,{}
Popeyes,Boston,the wrap was expensive. overall amazing experience.,1,2025-07-27,6,User1476,place_Popeyes_Boston_4,wrap,['wrap'],,expensive,,0.5859,0.388,0.0,{'wrap': 0.0}
Popeyes,Boston,the nuggets was crispy. overall disappointing experience.,4,2025-09-29,9,User8500,place_Popeyes_Boston_4,nuggets,['nuggets'],crispy,,,-0.4939,0.0,0.348,{'nuggets': 0.0}
Popeyes,Boston,the wrap was fresh. overall terrible experience.,3,2025-12-14,33,User9331,place_Popeyes_Boston_3,wrap,['wrap'],,,fresh,-0.2023,0.221,0.298,{'wrap': 0.3182}
Popeyes,Boston,the shake was juicy. overall great experience.,3,2025-08-23,48,User7927,place_Popeyes_Boston_2,shake,['shake'],juicy,,,0.5267,0.38,0.157,{'shake': -0.1779}
Popeyes,Denver,the wrap was cold. overall disappointing experience.,2,2025-11-14,32,User2770,place_Popeyes_Denver_5,wrap,['wrap'],,,cold,-0.4939,0.0,0.348,{'wrap': 0.0}
Popeyes,Denver,the chicken sandwich was hot. overall okay experience.,1,2025-11-18,23,User7928,place_Popeyes_Denver_5,"chicken sandwich,sandwich,chicken","['chicken sandwich', 'sandwich', 'chicken']",,,hot,0.2263,0.213,0.0,"{'chicken sandwich': 0.0, 'sandwich': 0.0, 'chicken': 0.0}"
Popeyes,Denver,the burger was expensive. overall disappointing experience.,5,2025-12-22,36,User5643,place_Popeyes_Denver_4,burger,['burger'],,expensive,,-0.4939,0.0,0.348,{'burger': 0.0}
Popeyes,Denver,the taco was hot. overall good experience.,3,2025-09-23,35,User3215,place_Popeyes_Denver_1,taco,['taco'],,,hot,0.4404,0.326,0.0,{'taco': 0.0}
Popeyes,Denver,the pizza was stale. overall amazing experience.,3,2025-11-29,21,User2145,place_Popeyes_Denver_4,,[],,,stale,0.5859,0.388,0.0,{}
Popeyes,Denver,the salad was cold. overall okay experience.,3,2025-11-04,14,User8349,place_Popeyes_Denver_1,salad,['salad'],,,cold,0.2263,0.241,0.0,{'salad': 0.0}
Popeyes,Denver,the coffee was stale. overall good experience.,1,2025-08-18,1,User2009,place_Popeyes_Denver_4,coffee,['coffee'],,,stale,0.4404,0.326,0.0,{'coffee': 0.0}
Popeyes,Denver,the salad was juicy. overall amazing experience.,3,2025-08-11,16,User9280,place_Popeyes_Denver_4,salad,['salad'],juicy,,,0.5859,0.388,0.0,{'salad': 0.0}
Popeyes,Denver,the shake was crispy. overall great experience.,4,2025-12-20,39,User5257,place_Popeyes_Denver_4,shake,['shake'],crispy,,,0.5267,0.38,0.157,{'shake': -0.1779}
Popeyes,Denver,the fries was cheap. overall great experience.,2,2025-09-02,3,User6719,place_Popeyes_Denver_2,fries,['fries'],,cheap,,0.6249,0.406,0.0,{'fries': 0.0}
Popeyes,Denver,the salad was juicy. overall disappointing experience.,3,2025-09-14,7,User7809,place_Popeyes_Denver_5,salad,['salad'],juicy,,,-0.4939,0.0,0.348,{'salad': 0.0}
Popeyes,Portland,the nuggets was hot. overall terrible experience.,1,2025-10-21,27,User5502,place_Popeyes_Portland_2,nuggets,['nuggets'],,,hot,-0.4767,0.0,0.341,{'nuggets': 0.0}
Popeyes,Portland,the burger was cold. overall amazing experience.,4,2025-11-15,12,User8345,place_Popeyes_Portland_2,burger,['burger'],,,cold,0.5859,0.388,0.0,{'burger': 0.0}
Popeyes,Portland,the taco was cold. overall terrible experience.,4,2025-07-15,34,User2562,place_Popeyes_Portland_1,taco,['taco'],,,cold,-0.4767,0.0,0.341,{'taco': 0.0}
Popeyes,Portland,the nuggets was greasy. overall disappointing experience.,5,2025-07-25,17,User4477,place_Popeyes_Portland_5,nuggets,['nuggets'],greasy,,,-0.4939,0.0,0.348,{'nuggets': 0.0}
Popeyes,Portland,the burger was stale. overall okay experience.,1,2025-12-31,32,User6034,place_Popeyes_Portland_1,burger,['burger'],,,stale,0.2263,0.241,0.0,{'burger': 0.0}
Popeyes,Portland,the nuggets was expensive. overall okay experience.,5,2025-07-17,35,User5545,place_Popeyes_Portland_2,nuggets,['nuggets'],,expensive,,0.2263,0.241,0.0,{'nuggets': 0.0}
Popeyes,Portland,the burger was juicy. overall great experience.,3,2025-07-12,32,User5845,place_Popeyes_Portland_3,burger,['burger'],juicy,,,0.6249,0.406,0.0,{'burger': 0.0}
Popeyes,Portland,the coffee was crispy. overall disappointing experience.,2,2025-12-15,27,User5537,place_Popeyes_Portland_3,coffee,['coffee'],crispy,,,-0.4939,0.0,0.348,{'coffee': 0.0}
Popeyes,Portland,the coffee was expensive. overall amazing experience.,4,2025-08-06,31,User4088,place_Popeyes_Portland_1,coffee,['coffee'],,expensive,,0.5859,0.388,0.0,{'coffee': 0.0}
Popeyes,Portland,the shake was fresh. overall good experience.,1,2025-10-09,2,User8138,place_Popeyes_Portland_3,shake,['shake'],,,fresh,0.5423,0.477,0.156,{'shake': 0.1531}
Popeyes,Portland,the taco was greasy. overall disappointing experience.,3,2025-10-23,31,User9963,place_Popeyes_Portland_5,taco,['taco'],greasy,,,-0.4939,0.0,0.348,{'taco': 0.0}
KFC,New York,the pizza was juicy. overall good experience.,5,2025-11-13,11,User9390,place_KFC_New York_1,,[],juicy,,,0.4404,0.326,0.0,{}
KFC,New York,the taco was crispy. overall terrible experience.,2,2025-11-06,22,User2153,place_KFC_New York_1,taco,['taco'],crispy,,,-0.4767,0.0,0.341,{'taco': 0.0}
KFC,New York,the taco was greasy. overall okay experience.,2,2025-09-09,26,User9371,place_KFC_New York_4,taco,['taco'],greasy,,,0.2263,0.241,0.0,{'taco': 0.0}
KFC,New York,the coffee was fresh. overall good experience.,2,2025-09-16,44,User4169,place_KFC_New York_2,coffee,['coffee'],,,fresh,0.6369,0.51,0.0,{'coffee': 0.3182}
KFC,New York,the fries was cold. overall great experience.,1,2025-07-25,7,User9806,place_KFC_New York_5,fries,['fries'],,,cold,0.6249,0.406,0.0,{'fries': 0.0}
KFC,New York,the taco was stale. overall disappointing experience.,1,2025-12-12,9,User6834,place_KFC_New York_1,taco,['taco'],,,stale,-0.4939,0.0,0.348,{'taco': 0.0}
KFC,New York,the fries was expensive. overall terrible experience.,5,2025-08-06,48,User6953,place_KFC_New York_1,fries,['fries'],,expensive,,-0.4767,0.0,0.341,{'fries': 0.0}
KFC,New York,the taco was hot. overall great experience.,4,2025-07-08,6,User4336,place_KFC_New York_2,taco,['taco'],,,hot,0.6249,0.406,0.0,{'taco': 0.0}
KFC,New York,the burger was juicy. overall okay experience.,1,2025-12-12,7,User8136,place_KFC_New York_1,burger,['burger'],juicy,,,0.2263,0.241,0.0,{'burger': 0.0}
KFC,New York,the salad was cold. overall good experience.,2,2025-08-24,29,User5267,place_KFC_New York_5,salad,['salad'],,,cold,0.4404,0.326,0.0,{'salad': 0.0}
KFC,New York,the fries was hot. overall good experience.,1,2025-11-12,30,User1843,place_KFC_New York_3,fries,['fries'],,,hot,0.4404,0.326,0.0,{'fries': 0.0}
KFC,Los Angeles,the nuggets was stale. overall terrible experience.,3,2025-11-28,46,User8505,place_KFC_Los Angeles_5,nuggets,['nuggets'],,,stale,-0.4767,0.0,0.341,{'nuggets': 0.0}
KFC,Los Angeles,the coffee was cold. overall okay experience.,4,2025-10-30,24,User2087,place_KFC_Los Angeles_4,coffee,['coffee'],,,cold,0.2263,0.241,0.0,{'coffee': 0.0}
KFC,Los Angeles,the burger was fresh. overall good experience.,4,2025-09-05,41,User5829,place_KFC_Los Angeles_3,burger,['burger'],,,fresh,0.6369,0.51,0.0,{'burger': 0.3182}
KFC,Los Angeles,the salad was cold. overall okay experience.,4,2025-11-07,32,User7727,place_KFC_Los Angeles_5,salad,['salad'],,,cold,0.2263,0.241,0.0,{'salad': 0.0}
KFC,Los Angeles,the coffee was hot. overall disappointing experience.,2,2025-10-20,30,User2312,place_KFC_Los Angeles_5,coffee,['coffee'],,,hot,-0.4939,0.0,0.348,{'coffee': 0.0}
KFC,Los Angeles,the shake was cold. overall good experience.,1,2025-08-31,36,User8897,place_KFC_Los Angeles_2,shake,['shake'],,,cold,0.296,0.302,0.177,{'shake': -0.1779}
KFC,Los Angeles,the pizza was cheap. overall amazing experience.,1,2025-08-07,48,User8819,place_KFC_Los Angeles_3,,[],,cheap,,0.5859,0.388,0.0,{}
KFC,Los Angeles,the wrap was cheap. overall terrible experience.,5,2025-09-30,7,User4475,place_KFC_Los Angeles_5,wrap,['wrap'],,cheap,,-0.4767,0.0,0.341,{'wrap': 0.0}
KFC,Los Angeles,the burger was dry. overall terrible experience.,3,2025-12-05,30,User3034,place_KFC_Los Angeles_1,burger,['burger'],dry,,,-0.4767,0.0,0.341,{'burger': 0.0}
KFC,Los Angeles,the nuggets was dry. overall great experience.,3,2025-09-03,39,User1012,place_KFC_Los Angeles_3,nuggets,['nuggets'],dry,,,0.6249,0.406,0.0,{'nuggets': 0.0}
KFC,Los Angeles,the coffee was cold. overall disappointing experience.,2,2025-10-04,6,User5487,place_KFC_Los Angeles_3,coffee,['coffee'],,,cold,-0.4939,0.0,0.348,{'coffee': 0.0}
KFC,Chicago,the taco was hot. overall great experience.,4,2025-08-14,9,User6120,place_KFC_Chicago_5,taco,['taco'],,,hot,0.6249,0.406,0.0,{'taco': 0.0}
KFC,Chicago,the nuggets was stale. overall amazing experience.,2,2025-07-05,5,User7499,place_KFC_Chicago_2,nuggets,['nuggets'],,,stale,0.5859,0.388,0.0,{'nuggets': 0.0}
KFC,Chicago,the shake was juicy. overall terrible experience.,1,2025-08-15,48,User2543,place_KFC_Chicago_1,shake,['shake'],juicy,,,-0.5859,0.0,0.49,{'shake': -0.1779}
KFC,Chicago,the pizza was cheap. overall good experience.,2,2025-08-25,16,User5774,place_KFC_Chicago_4,,[],,cheap,,0.4404,0.326,0.0,{}
KFC,Chicago,the burger was stale. overall terrible experience.,4,2025-10-18,31,User6867,place_KFC_Chicago_1,burger,['burger'],,,stale,-0.4767,0.0,0.341,{'burger': 0.0}
KFC,Chicago,the wrap was stale. overall terrible experience.,4,2025-08-17,9,User9463,place_KFC_Chicago_2,wrap,['wrap'],,,stale,-0.4767,0.0,0.341,{'wrap': 0.0}
KFC,Chicago,the wrap was dry. overall amazing experience.,5,2025-12-28,0,User8475,place_KFC_Chicago_2,wrap,['wrap'],dry,,,0.5859,0.388,0.0,{'wrap': 0.0}
KFC,Chicago,the coffee was juicy. overall good experience.,2,2025-12-22,45,User6169,place_KFC_Chicago_3,coffee,['coffee'],juicy,,,0.4404,0.326,0.0,{'coffee': 0.0}
KFC,Chicago,the taco was expensive. overall amazing experience.,5,2025-11-27,44,User7590,place_KFC_Chicago_3,taco,['taco'],,expensive,,0.5859,0.388,0.0,{'taco': 0.0}
KFC,Chicago,the chicken sandwich was cold. overall disappointing experience.,1,2025-12-30,20,User5369,place_KFC_Chicago_2,"chicken sandwich,sandwich,chicken","['chicken sandwich', 'sandwich', 'chicken']",,,cold,-0.4939,0.0,0.314,"{'chicken sandwich': 0.0, 'sandwich': 0.0, 'chicken': 0.0}"
KFC,Chicago,the shake was cheap. overall terrible experience.,1,2025-12-11,17,User2898,place_KFC_Chicago_4,shake,['shake'],,cheap,,-0.5859,0.0,0.49,{'shake': -0.1779}
KFC,Dallas,the salad was crispy. overall okay experience.,1,2025-09-17,30,User8034,place_KFC_Dallas_3,salad,['salad'],crispy,,,0.2263,0.241,0.0,{'salad': 0.0}
KFC,Dallas,the salad was hot. overall amazing experience.,4,2025-11-19,18,User4809,place_KFC_Dallas_3,salad,['salad'],,,hot,0.5859,0.388,0.0,{'salad': 0.0}
KFC,Dallas,the salad was fresh. overall great experience.,1,2025-12-09,34,User1427,place_KFC_Dallas_4,salad,['salad'],,,fresh,0.7506,0.561,0.0,{'salad': 0.3182}
KFC,Dallas,the wrap was fresh. overall terrible experience.,2,2025-09-03,31,User9048,place_KFC_Dallas_1,wrap,['wrap'],,,fresh,-0.2023,0.221,0.298,{'wrap': 0.3182}
KFC,Dallas,the taco was stale. overall good experience.,2,2025-10-17,5,User4424,place_KFC_Dallas_3,taco,['taco'],,,stale,0.4404,0.326,0.0,{'taco': 0.0}
KFC,Dallas,the burger was hot. overall amazing experience.,4,2025-10-14,31,User7267,place_KFC_Dallas_2,burger,['burger'],,,hot,0.5859,0.388,0.0,{'burger': 0.0}
KFC,Dallas,the pizza was fresh. overall okay experience.,2,2025-09-09,20,User4449,place_KFC_Dallas_3,,[],,,fresh,0.4939,0.457,0.0,{}
KFC,Dallas,the chicken sandwich was cold. overall okay experience.,2,2025-07-26,45,User6770,place_KFC_Dallas_3,"chicken sandwich,sandwich,chicken","['chicken sandwich', 'sandwich', 'chicken']",,,cold,0.2263,0.213,0.0,"{'chicken sandwich': 0.0, 'sandwich': 0.0, 'chicken': 0.0}"
KFC,Dallas,the fries was dry. overall great experience.,3,2025-11-21,19,User3143,place_KFC_Dallas_5,fries,['fries'],dry,,,0.6249,0.406,0.0,{'fries': 0.0}
KFC,Dallas,the taco was fresh. overall good experience.,3,2025-09-07,5,User5700,place_KFC_Dallas_2,taco,['taco'],,,fresh,0.6369,0.51,0.0,{'taco': 0.3182}
KFC,Dallas,the salad was cheap. overall terrible experience.,1,2025-09-23,45,User2769,place_KFC_Dallas_2,salad,['salad'],,cheap,,-0.4767,0.0,0.341,{'salad': 0.0}
KFC,Atlanta,the wrap was greasy. overall good experience.,1,2025-09-09,37,User3483,place_KFC_Atlanta_2,wrap,['wrap'],greasy,,,0.4404,0.326,0.0,{'wrap': 0.0}
KFC,Atlanta,the chicken sandwich was dry. overall terrible experience.,5,2025-10-09,17,User3521,place_KFC_Atlanta_4,"chicken sandwich,sandwich,chicken","['chicken sandwich', 'sandwich', 'chicken']",dry,,,-0.4767,0.0,0.307,"{'chicken sandwich': 0.0, 'sandwich': 0.0, 'chicken': 0.0}"
KFC,Atlanta,the chicken sandwich was greasy. overall amazing experience.,1,2025-12-28,46,User2049,place_KFC_Atlanta_2,"chicken sandwich,sandwich,chicken","['chicken sandwich', 'sandwich', 'chicken']",greasy,,,0.5859,0.352,0.0,"{'chicken sandwich': 0.0, 'sandwich': 0.0, 'chicken': 0.0}"
KFC,Atlanta,the taco was cold. overall amazing experience.,1,2025-07-18,32,User5170,place_KFC_Atlanta_1,taco,['taco'],,,cold,0.5859,0.388,0.0,{'taco': 0.0}
KFC,Atlanta,the burger was stale. overall okay experience.,1,2025-11-12,18,User7542,place_KFC_Atlanta_2,burger,['burger'],,,stale,0.2263,0.241,0.0,{'burger': 0.0}
KFC,Atlanta,the chicken sandwich was juicy. overall amazing experience.,1,2025-10-14,41,User5413,place_KFC_Atlanta_3,"chicken sandwich,sandwich,chicken","['chicken sandwich', 'sandwich', 'chicken']",juicy,,,0.5859,0.352,0.0,"{'chicken sandwich': 0.0, 'sandwich': 0.0, 'chicken': 0.0}"
KFC,Atlanta,the wrap was cheap. overall amazing experience.,2,2025-12-13,23,User5086,place_KFC_Atlanta_1,wrap,['wrap'],,cheap,,0.5859,0.388,0.0,{'wrap': 0.0}
KFC,Atlanta,the wrap was cold. overall okay experience.,2,2025-07-28,2,User3194,place_KFC_Atlanta_5,wrap,['wrap'],,,cold,0.2263,0.241,0.0,{'wrap': 0.0}
KFC,Atlanta,the nuggets was dry. overall amazing experience.,1,2025-07-21,40,User6007,place_KFC_Atlanta_1,nuggets,['nuggets'],dry,,,0.5859,0.388,0.0,{'nuggets': 0.0}
KFC,Atlanta,the shake was crispy. overall disappointing experience.,3,2025-08-12,28,User7238,place_KFC_Atlanta_2,shake,['shake'],crispy,,,-0.5994,0.0,0.495,{'shake': -0.1779}
KFC,Atlanta,the fries was stale. overall terrible experience.,2,2025-08-23,49,User2246,place_KFC_Atlanta_5,fries,['fries'],,,stale,-0.4767,0.0,0.341,{'fries': 0.0}
KFC,Houston,the burger was hot. overall amazing experience.,1,2025-09-02,33,User8350,place_KFC_Houston_2,burger,['burger'],,,hot,0.5859,0.388,0.0,{'burger': 0.0}
KFC,Houston,the chicken sandwich was cold. overall amazing experience.,5,2025-12-28,29,User8240,place_KFC_Houston_4,"chicken sandwich,sandwich,chicken","['chicken sandwich', 'sandwich', 'chicken']",,,cold,0.5859,0.352,0.0,"{'chicken sandwich': 0.0, 'sandwich': 0.0, 'chicken': 0.0}"
KFC,Houston,the fries was crispy. overall disappointing experience.,3,2025-09-15,27,User6266,place_KFC_Houston_2,fries,['fries'],crispy,,,-0.4939,0.0,0.348,{'fries': 0.0}
KFC,Houston,the salad was crispy. overall disappointing experience.,4,2025-10-25,29,User6703,place_KFC_Houston_5,salad,['salad'],crispy,,,-0.4939,0.0,0.348,{'salad': 0.0}
KFC,Houston,the burger was hot. overall great experience.,2,2025-10-08,18,User1962,place_KFC_Houston_1,burger,['burger'],,,hot,0.6249,0.406,0.0,{'burger': 0.0}
KFC,Houston,the coffee was stale. overall amazing experience.,3,2025-11-26,17,User5384,place_KFC_Houston_3,coffee,['coffee'],,,stale,0.5859,0.388,0.0,{'coffee': 0.0}
KFC,Houston,the wrap was expensive. overall terrible experience.,3,2025-08-31,10,User9593,place_KFC_Houston_5,wrap,['wrap'],,expensive,,-0.4767,0.0,0.341,{'wrap': 0.0}
KFC,Houston,the shake was hot. overall great experience.,2,2025-09-05,45,User1871,place_KFC_Houston_3,shake,['shake'],,,hot,0.5267,0.38,0.157,{'shake': -0.1779}
KFC,Houston,the taco was cheap. overall disappointing experience.,3,2025-10-27,50,User3360,place_KFC_Houston_2,taco,['taco'],,cheap,,-0.4939,0.0,0.348,{'taco': 0.0}
KFC,Houston,the pizza was greasy. overall okay experience.,5,2025-09-08,34,User2813,place_KFC_Houston_4,,[],greasy,,,0.2263,0.241,0.0,{}
KFC,Houston,the coffee was cheap. overall amazing experience.,2,2025-11-12,43,User8206,place_KFC_Houston_2,coffee,['coffee'],,cheap,,0.5859,0.388,0.0,{'coffee': 0.0}
KFC,Phoenix,the wrap was expensive. overall good experience.,2,2025-12-20,47,User1388,place_KFC_Phoenix_1,wrap,['wrap'],,expensive,,0.4404,0.326,0.0,{'wrap': 0.0}
KFC,Phoenix,the pizza was greasy. overall amazing experience.,5,2025-12-10,22,User2144,place_KFC_Phoenix_5,,[],greasy,,,0.5859,0.388,0.0,{}
KFC,Phoenix,the chicken sandwich was expensive. overall terrible experience.,2,2025-10-02,19,User1268,place_KFC_Phoenix_2,"chicken sandwich,sandwich,chicken","['chicken sandwich', 'sandwich', 'chicken']",,expensive,,-0.4767,0.0,0.307,"{'chicken sandwich': 0.0, 'sandwich': 0.0, 'chicken': 0.0}"
KFC,Phoenix,the wrap was juicy. overall disappointing experience.,3,2025-10-19,26,User3441,place_KFC_Phoenix_5,wrap,['wrap'],juicy,,,-0.4939,0.0,0.348,{'wrap': 0.0}
KFC,Phoenix,the chicken sandwich was crispy. overall okay experience.,2,2025-11-20,39,User5842,place_KFC_Phoenix_4,"chicken sandwich,sandwich,chicken","['chicken sandwich', 'sandwich', 'chicken']",crispy,,,0.2263,0.213,0.0,"{'chicken sandwich': 0.0, 'sandwich': 0.0, 'chicken': 0.0}"
KFC,Phoenix,the wrap was cheap. overall good experience.,1,2025-12-13,10,User3132,place_KFC_Phoenix_5,wrap,['wrap'],,cheap,,0.4404,0.326,0.0,{'wrap': 0.0}
KFC,Phoenix,the salad was crispy. overall okay experience.,2,2025-08-04,0,User5156,place_KFC_Phoenix_1,salad,['salad'],crispy,,,0.2263,0.241,0.0,{'salad': 0.0}
KFC,Phoenix,the fries was fresh. overall terrible experience.,5,2025-08-22,40,User2238,place_KFC_Phoenix_5,fries,['fries'],,,fresh,-0.2023,0.221,0.298,{'fries': 0.3182}
KFC,Phoenix,the wrap was juicy. overall great experience.,2,2025-10-27,37,User4409,place_KFC_Phoenix_5,wrap,['wrap'],juicy,,,0.6249,0.406,0.0,{'wrap': 0.0}
KFC,Phoenix,the nuggets was expensive. overall okay experience.,3,2025-11-24,36,User2694,place_KFC_Phoenix_1,nuggets,['nuggets'],,expensive,,0.2263,0.241,0.0,{'nuggets': 0.0}
KFC,Phoenix,the nuggets was fresh. overall amazing experience.,2,2025-12-24,5,User6446,place_KFC_Phoenix_2,nuggets,['nuggets'],,,fresh,0.7269,0.55,0.0,{'nuggets': 0.3182}
KFC,Philadelphia,the taco was cold. overall okay experience.,3,2025-12-16,43,User6507,place_KFC_Philadelphia_5,taco,['taco'],,,cold,0.2263,0.241,0.0,{'taco': 0.0}
KFC,Philadelphia,the pizza was cheap. overall great experience.,3,2025-08-29,18,User8743,place_KFC_Philadelphia_5,,[],,cheap,,0.6249,0.406,0.0,{}
KFC,Philadelphia,the taco was stale. overall disappointing experience.,1,2025-12-21,48,User9664,place_KFC_Philadelphia_2,taco,['taco'],,,stale,-0.4939,0.0,0.348,{'taco': 0.0}
KFC,Philadelphia,the burger was dry. overall great experience.,5,2025-11-18,31,User5862,place_KFC_Philadelphia_5,burger,['burger'],dry,,,0.6249,0.406,0.0,{'burger': 0.0}
KFC,Philadelphia,the coffee was juicy. overall disappointing experience.,1,2025-09-12,20,User8329,place_KFC_Philadelphia_5,coffee,['coffee'],juicy,,,-0.4939,0.0,0.348,{'coffee': 0.0}
KFC,Philadelphia,the pizza was cheap. overall okay experience.,4,2025-11-26,46,User8284,place_KFC_Philadelphia_2,,[],,cheap,,0.2263,0.241,0.0,{}
KFC,Philadelphia,the burger was hot. overall amazing experience.,1,2025-10-06,41,User8693,place_KFC_Philadelphia_4,burger,['burger'],,,hot,0.5859,0.388,0.0,{'burger': 0.0}
KFC,Philadelphia,the wrap was juicy. overall disappointing experience.,5,2025-10-29,3,User5322,place_KFC_Philadelphia_1,wrap,['wrap'],juicy,,,-0.4939,0.0,0.348,{'wrap': 0.0}
KFC,Philadelphia,the burger was crispy. overall great experience.,2,2025-10-07,43,User9912,place_KFC_Philadelphia_3,burger,['burger'],crispy,,,0.6249,0.406,0.0,{'burger': 0.0}
KFC,Philadelphia,the pizza was hot. overall okay experience.,4,2025-08-15,43,User6223,place_KFC_Philadelphia_3,,[],,,hot,0.2263,0.241,0.0,{}
KFC,Philadelphia,the taco was stale. overall disappointing experience.,2,2025-09-17,27,User9688,place_KFC_Philadelphia_5,taco,['taco'],,,stale,-0.4939,0.0,0.348,{'taco': 0.0}
KFC,San Antonio,the fries was greasy. overall great experience.,5,2025-07-25,5,User6630,place_KFC_San Antonio_1,fries,['fries'],greasy,,,0.6249,0.406,0.0,{'fries': 0.0}
KFC,San Antonio,the fries was cheap. overall terrible experience.,3,2025-09-15,11,User7892,place_KFC_San Antonio_4,fries,['fries'],,cheap,,-0.4767,0.0,0.341,{'fries': 0.0}
KFC,San Antonio,the wrap was greasy. overall good experience.,5,2025-11-03,35,User9599,place_KFC_San Antonio_3,wrap,['wrap'],greasy,,,0.4404,0.326,0.0,{'wrap': 0.0}
KFC,San Antonio,the pizza was expensive. overall disappointing experience.,3,2025-10-08,35,User2643,place_KFC_San Antonio_2,,[],,expensive,,-0.4939,0.0,0.348,{}
KFC,San Antonio,the wrap was cold. overall disappointing experience.,2,2025-11-25,18,User9016,place_KFC_San Antonio_4,wrap,['wrap'],,,cold,-0.4939,0.0,0.348,{'wrap': 0.0}
KFC,San Antonio,the chicken sandwich was stale. overall disappointing experience.,1,2025-10-18,30,User7082,place_KFC_San Antonio_1,"chicken sandwich,sandwich,chicken","['chicken sandwich', 'sandwich', 'chicken']",,,stale,-0.4939,0.0,0.314,"{'chicken sandwich': 0.0, 'sandwich': 0.0, 'chicken': 0.0}"
KFC,San Antonio,the salad was hot. overall great experience.,5,2025-10-27,11,User4002,place_KFC_San Antonio_2,salad,['salad'],,,hot,0.6249,0.406,0.0,{'salad': 0.0}
KFC,San Antonio,the wrap was fresh. overall amazing experience.,4,2025-11-29,3,User5385,place_KFC_San Antonio_2,wrap,['wrap'],,,fresh,0.7269,0.55,0.0,{'wrap': 0.3182}
KFC,San Antonio,the burger was juicy. overall great experience.,4,2025-11-29,19,User8775,place_KFC_San Antonio_4,burger,['burger'],juicy,,,0.6249,0.406,0.0,{'burger': 0.0}
KFC,San Antonio,the salad was fresh. overall terrible experience.,4,2025-08-09,7,User7188,place_KFC_San Antonio_2,salad,['salad'],,,fresh,-0.2023,0.221,0.298,{'salad': 0.3182}
KFC,San Antonio,the wrap was cold. overall great experience.,3,2025-11-22,48,User2599,place_KFC_San Antonio_3,wrap,['wrap'],,,cold,0.6249,0.406,0.0,{'wrap': 0.0}
KFC,San Diego,the nuggets was juicy. overall okay experience.,2,2025-10-22,23,User8365,place_KFC_San Diego_5,nuggets,['nuggets'],juicy,,,0.2263,0.241,0.0,{'nuggets': 0.0}
KFC,San Diego,the chicken sandwich was fresh. overall great experience.,3,2025-10-23,40,User4417,place_KFC_San Diego_3,"chicken sandwich,sandwich,chicken","['chicken sandwich', 'sandwich', 'chicken']",,,fresh,0.7506,0.516,0.0,"{'chicken sandwich': 0.3182, 'sandwich': 0.3182, 'chicken': 0.3182}"
KFC,San Diego,the taco was juicy. overall great experience.,2,2025-11-30,46,User2768,place_KFC_San Diego_2,taco,['taco'],juicy,,,0.6249,0.406,0.0,{'taco': 0.0}
KFC,San Diego,the chicken sandwich was juicy. overall terrible experience.,2,2025-10-06,25,User9725,place_KFC_San Diego_4,"chicken sandwich,sandwich,chicken","['chicken sandwich', 'sandwich', 'chicken']",juicy,,,-0.4767,0.0,0.307,"{'chicken sandwich': 0.0, 'sandwich': 0.0, 'chicken': 0.0}"
KFC,San Diego,the fries was cold. overall okay experience.,1,2025-10-04,29,User4345,place_KFC_San Diego_3,fries,['fries'],,,cold,0.2263,0.241,0.0,{'fries': 0.0}
KFC,San Diego,the shake was juicy. overall great experience.,4,2025-08-06,28,User2991,place_KFC_San Diego_2,shake,['shake'],juicy,,,0.5267,0.38,0.157,{'shake': -0.1779}
KFC,San Diego,the salad was juicy. overall terrible experience.,4,2025-07-08,45,User9373,place_KFC_San Diego_3,salad,['salad'],juicy,,,-0.4767,0.0,0.341,{'salad': 0.0}
KFC,San Diego,the shake was stale. overall great experience.,2,2025-09-18,42,User2976,place_KFC_San Diego_5,shake,['shake'],,,stale,0.5267,0.38,0.157,{'shake': -0.1779}
KFC,San Diego,the nuggets was fresh. overall great experience.,3,2025-08-12,43,User6581,place_KFC_San Diego_1,nuggets,['nuggets'],,,fresh,0.7506,0.561,0.0,{'nuggets': 0.3182}
KFC,San Diego,the coffee was cheap. overall terrible experience.,4,2025-08-23,30,User7607,place_KFC_San Diego_3,coffee,['coffee'],,cheap,,-0.4767,0.0,0.341,{'coffee': 0.0}
KFC,San Diego,the wrap was stale. overall terrible experience.,3,2025-11-23,34,User4945,place_KFC_San Diego_1,wrap,['wrap'],,,stale,-0.4767,0.0,0.341,{'wrap': 0.0}
KFC,Miami,the burger was hot. overall terrible experience.,3,2025-12-03,35,User2994,place_KFC_Miami_2,burger,['burger'],,,hot,-0.4767,0.0,0.341,{'burger': 0.0}
KFC,Miami,the taco was juicy. overall amazing experience.,5,2025-08-04,28,User2823,place_KFC_Miami_3,taco,['taco'],juicy,,,0.5859,0.388,0.0,{'taco': 0.0}
KFC,Miami,the taco was dry. overall amazing experience.,3,2025-07-09,23,User4642,place_KFC_Miami_3,taco,['taco'],dry,,,0.5859,0.388,0.0,{'taco': 0.0}
KFC,Miami,the pizza was cold. overall disappointing experience.,4,2025-09-22,26,User9476,place_KFC_Miami_2,,[],,,cold,-0.4939,0.0,0.348,{}
KFC,Miami,the taco was stale. overall terrible experience.,4,2025-07-31,43,User8647,place_KFC_Miami_2,taco,['taco'],,,stale,-0.4767,0.0,0.341,{'taco': 0.0}
KFC,Miami,the fries was fresh. overall disappointing experience.,4,2025-07-11,20,User1355,place_KFC_Miami_4,fries,['fries'],,,fresh,-0.2263,0.219,0.305,{'fries': 0.3182}
KFC,Miami,the taco was expensive. overall disappointing experience.,4,2025-09-21,49,User4915,place_KFC_Miami_1,taco,['taco'],,expensive,,-0.4939,0.0,0.348,{'taco': 0.0}
KFC,Miami,the shake was greasy. overall great experience.,4,2025-08-15,14,User6850,place_KFC_Miami_3,shake,['shake'],greasy,,,0.5267,0.38,0.157,{'shake': -0.1779}
KFC,Miami,the nuggets was cheap. overall terrible experience.,3,2025-11-01,9,User2414,place_KFC_Miami_3,nuggets,['nuggets'],,cheap,,-0.4767,0.0,0.341,{'nuggets': 0.0}
KFC,Miami,the pizza was fresh. overall amazing experience.,5,2025-11-02,11,User9427,place_KFC_Miami_2,,[],,,fresh,0.7269,0.55,0.0,{}
KFC,Miami,the nuggets was cheap. overall amazing experience.,3,2025-10-06,11,User6564,place_KFC_Miami_5,nuggets,['nuggets'],,cheap,,0.5859,0.388,0.0,{'nuggets': 0.0}
KFC,Seattle,the wrap was cold. overall disappointing experience.,3,2025-12-29,46,User4107,place_KFC_Seattle_4,wrap,['wrap'],,,cold,-0.4939,0.0,0.348,{'wrap': 0.0}
KFC,Seattle,the burger was stale. overall disappointing experience.,4,2025-09-22,28,User6893,place_KFC_Seattle_3,burger,['burger'],,,stale,-0.4939,0.0,0.348,{'burger': 0.0}
KFC,Seattle,the chicken sandwich was hot. overall terrible experience.,3,2025-09-26,44,User9854,place_KFC_Seattle_4,"chicken sandwich,sandwich,chicken","['chicken sandwich', 'sandwich', 'chicken']",,,hot,-0.4767,0.0,0.307,"{'chicken sandwich': 0.0, 'sandwich': 0.0, 'chicken': 0.0}"
KFC,Seattle,the nuggets was cold. overall good experience.,1,2025-11-28,43,User1423,place_KFC_Seattle_2,nuggets,['nuggets'],,,cold,0.4404,0.326,0.0,{'nuggets': 0.0}
KFC,Seattle,the fries was stale. overall great experience.,5,2025-12-28,48,User7892,place_KFC_Seattle_3,fries,['fries'],,,stale,0.6249,0.406,0.0,{'fries': 0.0}
KFC,Seattle,the coffee was dry. overall okay experience.,3,2025-12-04,44,User9606,place_KFC_Seattle_3,coffee,['coffee'],dry,,,0.2263,0.241,0.0,{'coffee': 0.0}
KFC,Seattle,the shake was cheap. overall terrible experience.,3,2025-12-11,10,User6738,place_KFC_Seattle_5,shake,['shake'],,cheap,,-0.5859,0.0,0.49,{'shake': -0.1779}
KFC,Seattle,the coffee was dry. overall good experience.,1,2025-09-07,43,User9598,place_KFC_Seattle_3,coffee,['coffee'],dry,,,0.4404,0.326,0.0,{'coffee': 0.0}
KFC,Seattle,the burger was greasy. overall disappointing experience.,5,2025-07-31,42,User7480,place_KFC_Seattle_5,burger,['burger'],greasy,,,-0.4939,0.0,0.348,{'burger': 0.0}
KFC,Seattle,the burger was stale. overall great experience.,5,2025-10-06,7,User3913,place_KFC_Seattle_3,burger,['burger'],,,stale,0.6249,0.406,0.0,{'burger': 0.0}
KFC,Seattle,the coffee was crispy. overall great experience.,3,2025-11-09,43,User4462,place_KFC_Seattle_3,coffee,['coffee'],crispy,,,0.6249,0.406,0.0,{'coffee': 0.0}
KFC,Boston,the pizza was dry. overall disappointing experience.,3,2025-09-16,38,User9146,place_KFC_Boston_2,,[],dry,,,-0.4939,0.0,0.348,{}
KFC,Boston,the burger was stale. overall okay experience.,2,2025-08-31,4,User5623,place_KFC_Boston_1,burger,['burger'],,,stale,0.2263,0.241,0.0,{'burger': 0.0}
KFC,Boston,the nuggets was cold. overall disappointing experience.,4,2025-08-20,14,User6462,place_KFC_Boston_3,nuggets,['nuggets'],,,cold,-0.4939,0.0,0.348,{'nuggets': 0.0}
KFC,Boston,the salad was cold. overall amazing experience.,4,2025-10-04,22,User5084,place_KFC_Boston_2,salad,['salad'],,,cold,0.5859,0.388,0.0,{'salad': 0.0}
KFC,Boston,the fries was expensive. overall okay experience.,3,2025-08-12,29,User7726,place_KFC_Boston_2,fries,['fries'],,expensive,,0.2263,0.241,0.0,{'fries': 0.0}
KFC,Boston,the burger was greasy. overall disappointing experience.,4,2025-07-25,24,User5560,place_KFC_Boston_1,burger,['burger'],greasy,,,-0.4939,0.0,0.348,{'burger': 0.0}
KFC,Boston,the shake was cheap. overall amazing experience.,5,2025-08-14,16,User5539,place_KFC_Boston_5,shake,['shake'],,cheap,,0.4767,0.362,0.162,{'shake': -0.1779}
KFC,Boston,the pizza was cold. overall terrible experience.,1,2025-11-23,17,User9087,place_KFC_Boston_5,,[],,,cold,-0.4767,0.0,0.341,{}
KFC,Boston,the chicken sandwich was stale. overall okay experience.,1,2025-10-30,28,User5735,place_KFC_Boston_5,"chicken sandwich,sandwich,chicken","['chicken sandwich', 'sandwich', 'chicken']",,,stale,0.2263,0.213,0.0,"{'chicken sandwich': 0.0, 'sandwich': 0.0, 'chicken': 0.0}"
KFC,Boston,the burger was cheap. overall good experience.,4,2025-10-21,35,User5174,place_KFC_Boston_2,burger,['burger'],,cheap,,0.4404,0.326,0.0,{'burger': 0.0}
KFC,Boston,the nuggets was expensive. overall disappointing experience.,4,2025-12-22,49,User2199,place_KFC_Boston_4,nuggets,['nuggets'],,expensive,,-0.4939,0.0,0.348,{'nuggets': 0.0}
KFC,Denver,the pizza was hot. overall terrible experience.,4,2025-10-06,16,User4414,place_KFC_Denver_1,,[],,,hot,-0.4767,0.0,0.341,{}
KFC,Denver,the wrap was juicy. overall amazing experience.,5,2025-10-10,24,User3540,place_KFC_Denver_5,wrap,['wrap'],juicy,,,0.5859,0.388,0.0,{'wrap': 0.0}
KFC,Denver,the nuggets was dry. overall okay experience.,1,2025-11-07,45,User8734,place_KFC_Denver_4,nuggets,['nuggets'],dry,,,0.2263,0.241,0.0,{'nuggets': 0.0}
KFC,Denver,the pizza was juicy. overall great experience.,5,2025-08-02,21,User8700,place_KFC_Denver_3,,[],juicy,,,0.6249,0.406,0.0,{}
KFC,Denver,the chicken sandwich was cheap. overall disappointing experience.,3,2025-08-21,19,User3210,place_KFC_Denver_5,"chicken sandwich,sandwich,chicken","['chicken sandwich', 'sandwich', 'chicken']",,cheap,,-0.4939,0.0,0.314,"{'chicken sandwich': 0.0, 'sandwich': 0.0, 'chicken': 0.0}"
KFC,Denver,the shake was stale. overall amazing experience.,4,2025-08-31,26,User7737,place_KFC_Denver_4,shake,['shake'],,,stale,0.4767,0.362,0.162,{'shake': -0.1779}
KFC,Denver,the fries was dry. overall terrible experience.,1,2025-07-13,5,User8420,place_KFC_Denver_2,fries,['fries'],dry,,,-0.4767,0.0,0.341,{'fries': 0.0}
KFC,Denver,the pizza was juicy. overall great experience.,2,2025-11-02,19,User4402,place_KFC_Denver_1,,[],juicy,,,0.6249,0.406,0.0,{}
KFC,Denver,the pizza was stale. overall disappointing experience.,3,2025-07-06,41,User8701,place_KFC_Denver_4,,[],,,stale,-0.4939,0.0,0.348,{}
KFC,Denver,the nuggets was crispy. overall disappointing experience.,5,2025-09-30,16,User6130,place_KFC_Denver_1,nuggets,['nuggets'],crispy,,,-0.4939,0.0,0.348,{'nuggets': 0.0}
KFC,Denver,the coffee was stale. overall amazing experience.,5,2025-07-29,12,User5717,place_KFC_Denver_5,coffee,['coffee'],,,stale,0.5859,0.388,0.0,{'coffee': 0.0}
KFC,Portland,the shake was cold. overall good experience.,1,2025-12-23,12,User3424,place_KFC_Portland_2,shake,['shake'],,,cold,0.296,0.302,0.177,{'shake': -0.1779}
KFC,Portland,the pizza was crispy. overall amazing experience.,2,2025-08-24,3,User6363,place_KFC_Portland_5,,[],crispy,,,0.5859,0.388,0.0,{}
KFC,Portland,the salad was greasy. overall disappointing experience.,4,2025-10-13,5,User1322,place_KFC_Portland_5,salad,['salad'],greasy,,,-0.4939,0.0,0.348,{'salad': 0.0}
KFC,Portland,the taco was juicy. overall terrible experience.,2,2025-09-10,16,User1790,place_KFC_Portland_5,taco,['taco'],juicy,,,-0.4767,0.0,0.341,{'taco': 0.0}
KFC,Portland,the taco was cold. overall amazing experience.,1,2025-12-12,26,User6464,place_KFC_Portland_4,taco,['taco'],,,cold,0.5859,0.388,0.0,{'taco': 0.0}
KFC,Portland,the coffee was hot. overall disappointing experience.,1,2025-12-25,13,User4394,place_KFC_Portland_5,coffee,['coffee'],,,hot,-0.4939,0.0,0.348,{'coffee': 0.0}
KFC,Portland,the wrap was expensive. overall disappointing experience.,1,2025-12-10,10,User5544,place_KFC_Portland_1,wrap,['wrap'],,expensive,,-0.4939,0.0,0.348,{'wrap': 0.0}
KFC,Portland,the wrap was hot. overall disappointing experience.,2,2025-09-14,41,User4077,place_KFC_Portland_3,wrap,['wrap'],,,hot,-0.4939,0.0,0.348,{'wrap': 0.0}
KFC,Portland,the pizza was crispy. overall good experience.,5,2025-11-19,5,User4530,place_KFC_Portland_3,,[],crispy,,,0.4404,0.326,0.0,{}
KFC,Portland,the coffee was fresh. overall terrible experience.,4,2025-12-10,44,User4516,place_KFC_Portland_5,coffee,['coffee'],,,fresh,-0.2023,0.221,0.298,{'coffee': 0.3182}
KFC,Portland,the taco was crispy. overall amazing experience.,3,2025-08-26,43,User5401,place_KFC_Portland_4,taco,['taco'],crispy,,,0.5859,0.388,0.0,{'taco': 0.0}
Taco Bell,New York,the coffee was cold. overall great experience.,1,2025-08-22,41,User4420,place_Taco Bell_New York_4,coffee,['coffee'],,,cold,0.6249,0.406,0.0,{'coffee': 0.0}
Taco Bell,New York,the burger was fresh. overall okay experience.,3,2025-09-01,12,User6530,place_Taco Bell_New York_3,burger,['burger'],,,fresh,0.4939,0.457,0.0,{'burger': 0.3182}
Taco Bell,New York,the shake was cold. overall amazing experience.,4,2025-08-27,42,User4912,place_Taco Bell_New York_5,shake,['shake'],,,cold,0.4767,0.362,0.162,{'shake': -0.1779}
Taco Bell,New York,the salad was expensive. overall great experience.,2,2025-10-14,5,User5067,place_Taco Bell_New York_1,salad,['salad'],,expensive,,0.6249,0.406,0.0,{'salad': 0.0}
Taco Bell,New York,the shake was stale. overall okay experience.,1,2025-12-09,23,User7252,place_Taco Bell_New York_3,shake,['shake'],,,stale,0.0516,0.221,0.198,{'shake': -0.1779}
Taco Bell,New York,the pizza was cold. overall amazing experience.,3,2025-10-04,42,User3814,place_Taco Bell_New York_3,,[],,,cold,0.5859,0.388,0.0,{}
Taco Bell,New York,the chicken sandwich was juicy. overall good experience.,5,2025-10-13,18,User7770,place_Taco Bell_New York_3,"chicken sandwich,sandwich,chicken","['chicken sandwich', 'sandwich', 'chicken']",juicy,,,0.4404,0.293,0.0,"{'chicken sandwich': 0.0, 'sandwich': 0.0, 'chicken': 0.0}"
Taco Bell,New York,the fries was greasy. overall okay experience.,3,2025-09-06,39,User5600,place_Taco Bell_New York_5,fries,['fries'],greasy,,,0.2263,0.241,0.0,{'fries': 0.0}
Taco Bell,New York,the chicken sandwich was cheap. overall amazing experience.,4,2025-08-04,1,User4166,place_Taco Bell_New York_2,"chicken sandwich,sandwich,chicken","['chicken sandwich', 'sandwich', 'chicken']",,cheap,,0.5859,0.352,0.0,"{'chicken sandwich': 0.0, 'sandwich': 0.0, 'chicken': 0.0}"
Taco Bell,New York,the burger was fresh. overall amazing experience.,2,2025-10-21,39,User6790,place_Taco Bell_New York_4,burger,['burger'],,,fresh,0.7269,0.55,0.0,{'burger': 0.3182}
Taco Bell,New York,the chicken sandwich was cold. overall okay experience.,2,2025-12-28,20,User9159,place_Taco Bell_New York_4,"chicken sandwich,sandwich,chicken","['chicken sandwich', 'sandwich', 'chicken']",,,cold,0.2263,0.213,0.0,"{'chicken sandwich': 0.0, 'sandwich': 0.0, 'chicken': 0.0}"
Taco Bell,Los Angeles,the fries was stale. overall disappointing experience.,4,2025-11-12,25,User2554,place_Taco Bell_Los Angeles_4,fries,['fries'],,,stale,-0.4939,0.0,0.348,{'fries': 0.0}
Taco Bell,Los Angeles,the wrap was juicy. overall amazing experience.,4,2025-09-29,12,User7042,place_Taco Bell_Los Angeles_2,wrap,['wrap'],juicy,,,0.5859,0.388,0.0,{'wrap': 0.0}
Taco Bell,Los Angeles,the chicken sandwich was hot. overall amazing experience.,4,2025-07-30,50,User6436,place_Taco Bell_Los Angeles_4,"chicken sandwich,sandwich,chicken","['chicken sandwich', 'sandwich', 'chicken']",,,hot,0.5859,0.352,0.0,"{'chicken sandwich': 0.0, 'sandwich': 0.0, 'chicken': 0.0}"
Taco Bell,Los Angeles,the taco was expensive. overall great experience.,5,2025-11-20,40,User9306,place_Taco Bell_Los Angeles_5,taco,['taco'],,expensive,,0.6249,0.406,0.0,{'taco': 0.0}
Taco Bell,Los Angeles,the salad was cold. overall good experience.,5,2025-12-18,17,User3404,place_Taco Bell_Los Angeles_3,salad,['salad'],,,cold,0.4404,0.326,0.0,{'salad': 0.0}
Taco Bell,Los Angeles,the burger was cold. overall amazing experience.,5,2025-11-27,40,User1475,place_Taco Bell_Los Angeles_4,burger,['burger'],,,cold,0.5859,0.388,0.0,{'burger': 0.0}
Taco Bell,Los Angeles,the shake was cheap. overall great experience.,5,2025-11-21,3,User7943,place_Taco Bell_Los Angeles_2,shake,['shake'],,cheap,,0.5267,0.38,0.157,{'shake': -0.1779}
Taco Bell,Los Angeles,the fries was juicy. overall okay experience.,4,2025-09-18,37,User6702,place_Taco Bell_Los Angeles_2,fries,['fries'],juicy,,,0.2263,0.241,0.0,{'fries': 0.0}
Taco Bell,Los Angeles,the fries was expensive. overall disappointing experience.,5,2025-10-29,28,User3696,place_Taco Bell_Los Angeles_5,fries,['fries'],,expensive,,-0.4939,0.0,0.348,{'fries': 0.0}
Taco Bell,Los Angeles,the chicken sandwich was hot. overall amazing experience.,1,2025-12-07,27,User6880,place_Taco Bell_Los Angeles_1,"chicken sandwich,sandwich,chicken","['chicken sandwich', 'sandwich', 'chicken']",,,hot,0.5859,0.352,0.0,"{'chicken sandwich': 0.0, 'sandwich': 0.0, 'chicken': 0.0}"
Taco Bell,Los Angeles,the nuggets was juicy. overall terrible experience.,3,2025-07-08,46,User9906,place_Taco Bell_Los Angeles_3,nuggets,['nuggets'],juicy,,,-0.4767,0.0,0.341,{'nuggets': 0.0}
Taco Bell,Chicago,the shake was fresh. overall good experience.,2,2025-11-26,38,User8334,place_Taco Bell_Chicago_3,shake,['shake'],,,fresh,0.5423,0.477,0.156,{'shake': 0.1531}
Taco Bell,Chicago,the burger was dry. overall terrible experience.,3,2025-11-14,33,User7224,place_Taco Bell_Chicago_1,burger,['burger'],dry,,,-0.4767,0.0,0.341,{'burger': 0.0}
Taco Bell,Chicago,the wrap was juicy. overall amazing experience.,3,2025-12-13,15,User8404,place_Taco Bell_Chicago_5,wrap,['wrap'],juicy,,,0.5859,0.388,0.0,{'wrap': 0.0}
Taco Bell,Chicago,the shake was expensive. overall good experience.,5,2025-07-10,44,User8255,place_Taco Bell_Chicago_3,shake,['shake'],,expensive,,0.296,0.302,0.177,{'shake': -0.1779}
Taco Bell,Chicago,the shake was cold. overall terrible experience.,5,2025-07-21,43,User3999,place_Taco Bell_Chicago_3,shake,['shake'],,,cold,-0.5859,0.0,0.49,{'shake': -0.1779}
Taco Bell,Chicago,the shake was juicy. overall okay experience.,1,2025-10-19,49,User5191,place_Taco Bell_Chicago_5,shake,['shake'],juicy,,,0.0516,0.221,0.198,{'shake': -0.1779}
Taco Bell,Chicago,the shake was cheap. overall great experience.,2,2025-12-23,28,User1094,place_Taco Bell_Chicago_3,shake,['shake'],,cheap,,0.5267,0.38,0.157,{'shake': -0.1779}
Taco Bell,Chicago,the fries was cheap. overall great experience.,3,2025-10-01,43,User4940,place_Taco Bell_Chicago_4,fries,['fries'],,cheap,,0.6249,0.406,0.0,{'fries': 0.0}
Taco Bell,Chicago,the nuggets was greasy. overall great experience.,4,2025-11-29,11,User3136,place_Taco Bell_Chicago_4,nuggets,['nuggets'],greasy,,,0.6249,0.406,0.0,{'nuggets': 0.0}
Taco Bell,Chicago,the burger was expensive. overall amazing experience.,5,2025-09-01,7,User2773,place_Taco Bell_Chicago_3,burger,['burger'],,expensive,,0.5859,0.388,0.0,{'burger': 0.0}
Taco Bell,Chicago,the chicken sandwich was cold. overall terrible experience.,1,2025-11-02,22,User1317,place_Taco Bell_Chicago_4,"chicken sandwich,sandwich,chicken","['chicken sandwich', 'sandwich', 'chicken']",,,cold,-0.4767,0.0,0.307,"{'chicken sandwich': 0.0, 'sandwich': 0.0, 'chicken': 0.0}"
Taco Bell,Dallas,the taco was stale. overall great experience.,4,2025-08-22,28,User3013,place_Taco Bell_Dallas_4,taco,['taco'],,,stale,0.6249,0.406,0.0,{'taco': 0.0}
Taco Bell,Dallas,the chicken sandwich was fresh. overall great experience.,3,2025-11-30,26,User2258,place_Taco Bell_Dallas_4,"chicken sandwich,sandwich,chicken","['chicken sandwich', 'sandwich', 'chicken']",,,fresh,0.7506,0.516,0.0,"{'chicken sandwich': 0.3182, 'sandwich': 0.3182, 'chicken': 0.3182}"
Taco Bell,Dallas,the wrap was juicy. overall good experience.,2,2025-10-29,40,User7418,place_Taco Bell_Dallas_4,wrap,['wrap'],juicy,,,0.4404,0.326,0.0,{'wrap': 0.0}
Taco Bell,Dallas,the chicken sandwich was fresh. overall disappointing experience.,4,2025-09-24,8,User7483,place_Taco Bell_Dallas_1,"chicken sandwich,sandwich,chicken","['chicken sandwich', 'sandwich', 'chicken']",,,fresh,-0.2263,0.2,0.278,"{'chicken sandwich': 0.3182, 'sandwich': 0.3182, 'chicken': 0.3182}"
Taco Bell,Dallas,the fries was greasy. overall good experience.,2,2025-10-19,20,User6718,place_Taco Bell_Dallas_4,fries,['fries'],greasy,,,0.4404,0.326,0.0,{'fries': 0.0}
Taco Bell,Dallas,the salad was cold. overall great experience.,5,2025-07-08,13,User2987,place_Taco Bell_Dallas_4,salad,['salad'],,,cold,0.6249,0.406,0.0,{'salad': 0.0}
Taco Bell,Dallas,the nuggets was cheap. overall okay experience.,2,2025-12-29,32,User4614,place_Taco Bell_Dallas_4,nuggets,['nuggets'],,cheap,,0.2263,0.241,0.0,{'nuggets': 0.0}
Taco Bell,Dallas,the shake was cheap. overall good experience.,1,2025-08-05,4,User7075,place_Taco Bell_Dallas_3,shake,['shake'],,cheap,,0.296,0.302,0.177,{'shake': -0.1779}
Taco Bell,Dallas,the shake was cold. overall amazing experience.,4,2025-10-20,43,User1487,place_Taco Bell_Dallas_1,shake,['shake'],,,cold,0.4767,0.362,0.162,{'shake': -0.1779}
Taco Bell,Dallas,the coffee was hot. overall good experience.,3,2025-12-31,11,User1569,place_Taco Bell_Dallas_5,coffee,['coffee'],,,hot,0.4404,0.326,0.0,{'coffee': 0.0}
Taco Bell,Dallas,the fries was stale. overall good experience.,1,2025-09-10,25,User4538,place_Taco Bell_Dallas_5,fries,['fries'],,,stale,0.4404,0.326,0.0,{'fries': 0.0}
Taco Bell,Atlanta,the nuggets was fresh. overall amazing experience.,4,2025-12-20,24,User2978,place_Taco Bell_Atlanta_4,nuggets,['nuggets'],,,fresh,0.7269,0.55,0.0,{'nuggets': 0.3182}
Taco Bell,Atlanta,the salad was dry. overall disappointing experience.,4,2025-08-25,36,User6403,place_Taco Bell_Atlanta_2,salad,['salad'],dry,,,-0.4939,0.0,0.348,{'salad': 0.0}
Taco Bell,Atlanta,the pizza was stale. overall amazing experience.,1,2025-08-09,16,User3176,place_Taco Bell_Atlanta_4,,[],,,stale,0.5859,0.388,0.0,{}
Taco Bell,Atlanta,the shake was cold. overall disappointing experience.,2,2025-08-28,28,User8721,place_Taco Bell_Atlanta_2,shake,['shake'],,,cold,-0.5994,0.0,0.495,{'shake': -0.1779}
Taco Bell,Atlanta,the pizza was greasy. overall great experience.,1,2025-07-18,44,User7278,place_Taco Bell_Atlanta_5,,[],greasy,,,0.6249,0.406,0.0,{}
Taco Bell,Atlanta,the salad was juicy. overall okay experience.,4,2025-08-22,37,User2721,place_Taco Bell_Atlanta_5,salad,['salad'],juicy,,,0.2263,0.241,0.0,{'salad': 0.0}
Taco Bell,Atlanta,the fries was stale. overall great experience.,1,2025-10-08,32,User2995,place_Taco Bell_Atlanta_1,fries,['fries'],,,stale,0.6249,0.406,0.0,{'fries': 0.0}
Taco Bell,Atlanta,the pizza was crispy. overall terrible experience.,1,2025-10-27,3,User2805,place_Taco Bell_Atlanta_2,,[],crispy,,,-0.4767,0.0,0.341,{}
Taco Bell,Atlanta,the nuggets was hot. overall terrible experience.,3,2025-12-26,37,User5322,place_Taco Bell_Atlanta_3,nuggets,['nuggets'],,,hot,-0.4767,0.0,0.341,{'nuggets': 0.0}
Taco Bell,Atlanta,the taco was juicy. overall disappointing experience.,5,2025-10-11,32,User6696,place_Taco Bell_Atlanta_1,taco,['taco'],juicy,,,-0.4939,0.0,0.348,{'taco': 0.0}
Taco Bell,Atlanta,the coffee was cheap. overall amazing experience.,5,2025-08-02,12,User2113,place_Taco Bell_Atlanta_3,coffee,['coffee'],,cheap,,0.5859,0.388,0.0,{'coffee': 0.0}
Taco Bell,Houston,the wrap was cold. overall amazing experience.,5,2025-09-08,13,User5474,place_Taco Bell_Houston_3,wrap,['wrap'],,,cold,0.5859,0.388,0.0,{'wrap': 0.0}
Taco Bell,Houston,the salad was cold. overall okay experience.,2,2025-07-06,5,User3046,place_Taco Bell_Houston_5,salad,['salad'],,,cold,0.2263,0.241,0.0,{'salad': 0.0}
Taco Bell,Houston,the taco was greasy. overall good experience.,4,2025-12-10,7,User6572,place_Taco Bell_Houston_4,taco,['taco'],greasy,,,0.4404,0.326,0.0,{'taco': 0.0}
Taco Bell,Houston,the nuggets was crispy. overall terrible experience.,3,2025-11-23,0,User2269,place_Taco Bell_Houston_3,nuggets,['nuggets'],crispy,,,-0.4767,0.0,0.341,{'nuggets': 0.0}
Taco Bell,Houston,the coffee was hot. overall disappointing experience.,1,2025-09-28,40,User4911,place_Taco Bell_Houston_1,coffee,['coffee'],,,hot,-0.4939,0.0,0.348,{'coffee': 0.0}
Taco Bell,Houston,the burger was expensive. overall disappointing experience.,5,2025-09-10,34,User1863,place_Taco Bell_Houston_4,burger,['burger'],,expensive,,-0.4939,0.0,0.348,{'burger': 0.0}
Taco Bell,Houston,the pizza was greasy. overall amazing experience.,1,2025-07-19,35,User4436,place_Taco Bell_Houston_5,,[],greasy,,,0.5859,0.388,0.0,{}
Taco Bell,Houston,the shake was expensive. overall good experience.,2,2025-08-06,20,User7688,place_Taco Bell_Houston_3,shake,['shake'],,expensive,,0.296,0.302,0.177,{'shake': -0.1779}
Taco Bell,Houston,the salad was greasy. overall amazing experience.,5,2025-10-03,26,User7971,place_Taco Bell_Houston_4,salad,['salad'],greasy,,,0.5859,0.388,0.0,{'salad': 0.0}
Taco Bell,Houston,the shake was dry. overall good experience.,3,2025-08-17,12,User6059,place_Taco Bell_Houston_2,shake,['shake'],dry,,,0.296,0.302,0.177,{'shake': -0.1779}
Taco Bell,Houston,the salad was expensive. overall amazing experience.,1,2025-10-18,6,User8542,place_Taco Bell_Houston_3,salad,['salad'],,expensive,,0.5859,0.388,0.0,{'salad': 0.0}
Taco Bell,Phoenix,the coffee was expensive. overall okay experience.,4,2025-08-23,1,User7101,place_Taco Bell_Phoenix_1,coffee,['coffee'],,expensive,,0.2263,0.241,0.0,{'coffee': 0.0}
Taco Bell,Phoenix,the shake was fresh. overall great experience.,1,2025-09-21,30,User6138,place_Taco Bell_Phoenix_2,shake,['shake'],,,fresh,0.6908,0.529,0.14,{'shake': 0.1531}
Taco Bell,Phoenix,the salad was greasy. overall okay experience.,1,2025-11-23,42,User4012,place_Taco Bell_Phoenix_1,salad,['salad'],greasy,,,0.2263,0.241,0.0,{'salad': 0.0}
Taco Bell,Phoenix,the burger was cheap. overall disappointing experience.,1,2025-07-21,25,User3588,place_Taco Bell_Phoenix_3,burger,['burger'],,cheap,,-0.4939,0.0,0.348,{'burger': 0.0}
Taco Bell,Phoenix,the nuggets was hot. overall good experience.,2,2025-12-12,5,User3167,place_Taco Bell_Phoenix_2,nuggets,['nuggets'],,,hot,0.4404,0.326,0.0,{'nuggets': 0.0}
Taco Bell,Phoenix,the pizza was expensive. overall disappointing experience.,4,2025-10-01,33,User2955,place_Taco Bell_Phoenix_2,,[],,expensive,,-0.4939,0.0,0.348,{}
Taco Bell,Phoenix,the burger was fresh. overall amazing experience.,2,2025-08-12,20,User2051,place_Taco Bell_Phoenix_4,burger,['burger'],,,fresh,0.7269,0.55,0.0,{'burger': 0.3182}
Taco Bell,Phoenix,the salad was cheap. overall terrible experience.,2,2025-11-18,35,User1461,place_Taco Bell_Phoenix_4,salad,['salad'],,cheap,,-0.4767,0.0,0.341,{'salad': 0.0}
Taco Bell,Phoenix,the burger was cheap. overall great experience.,1,2025-11-17,35,User2024,place_Taco Bell_Phoenix_1,burger,['burger'],,cheap,,0.6249,0.406,0.0,{'burger': 0.0}
Taco Bell,Phoenix,the fries was expensive. overall amazing experience.,1,2025-08-08,15,User9352,place_Taco Bell_Phoenix_3,fries,['fries'],,expensive,,0.5859,0.388,0.0,{'fries': 0.0}
Taco Bell,Phoenix,the nuggets was crispy. overall okay experience.,2,2025-11-01,48,User3408,place_Taco Bell_Phoenix_2,nuggets,['nuggets'],crispy,,,0.2263,0.241,0.0,{'nuggets': 0.0}
Taco Bell,Philadelphia,the shake was dry. overall great experience.,5,2025-10-27,16,User6329,place_Taco Bell_Philadelphia_2,shake,['shake'],dry,,,0.5267,0.38,0.157,{'shake': -0.1779}
Taco Bell,Philadelphia,the wrap was dry. overall great experience.,2,2025-10-20,43,User2002,place_Taco Bell_Philadelphia_3,wrap,['wrap'],dry,,,0.6249,0.406,0.0,{'wrap': 0.0}
Taco Bell,Philadelphia,the salad was stale. overall good experience.,1,2025-12-22,10,User1036,place_Taco Bell_Philadelphia_4,salad,['salad'],,,stale,0.4404,0.326,0.0,{'salad': 0.0}
Taco Bell,Philadelphia,the chicken sandwich was cold. overall amazing experience.,1,2025-10-03,36,User6548,place_Taco Bell_Philadelphia_2,"chicken sandwich,sandwich,chicken","['chicken sandwich', 'sandwich', 'chicken']",,,cold,0.5859,0.352,0.0,"{'chicken sandwich': 0.0, 'sandwich': 0.0, 'chicken': 0.0}"
Taco Bell,Philadelphia,the taco was crispy. overall amazing experience.,5,2025-07-14,33,User4585,place_Taco Bell_Philadelphia_3,taco,['taco'],crispy,,,0.5859,0.388,0.0,{'taco': 0.0}
Taco Bell,Philadelphia,the coffee was hot. overall amazing experience.,4,2025-11-30,15,User1325,place_Taco Bell_Philadelphia_1,coffee,['coffee'],,,hot,0.5859,0.388,0.0,{'coffee': 0.0}
Taco Bell,Philadelphia,the burger was cheap. overall good experience.,1,2025-08-12,28,User8145,place_Taco Bell_Philadelphia_4,burger,['burger'],,cheap,,0.4404,0.326,0.0,{'burger': 0.0}
Taco Bell,Philadelphia,the coffee was expensive. overall great experience.,5,2025-08-16,43,User9692,place_Taco Bell_Philadelphia_3,coffee,['coffee'],,expensive,,0.6249,0.406,0.0,{'coffee': 0.0}
Taco Bell,Philadelphia,the coffee was greasy. overall terrible experience.,2,2025-12-30,24,User6602,place_Taco Bell_Philadelphia_2,coffee,['coffee'],greasy,,,-0.4767,0.0,0.341,{'coffee': 0.0}
Taco Bell,Philadelphia,the burger was greasy. overall disappointing experience.,4,2025-10-30,25,User5197,place_Taco Bell_Philadelphia_2,burger,['burger'],greasy,,,-0.4939,0.0,0.348,{'burger': 0.0}
Taco Bell,Philadelphia,the pizza was cold. overall terrible experience.,4,2025-11-07,11,User6347,place_Taco Bell_Philadelphia_5,,[],,,cold,-0.4767,0.0,0.341,{}
Taco Bell,San Antonio,the burger was expensive. overall disappointing experience.,5,2025-11-20,43,User3879,place_Taco Bell_San Antonio_2,burger,['burger'],,expensive,,-0.4939,0.0,0.348,{'burger': 0.0}
Taco Bell,San Antonio,the wrap was stale. overall good experience.,4,2025-09-08,12,User9883,place_Taco Bell_San Antonio_5,wrap,['wrap'],,,stale,0.4404,0.326,0.0,{'wrap': 0.0}
Taco Bell,San Antonio,the fries was hot. overall okay experience.,1,2025-07-25,0,User9507,place_Taco Bell_San Antonio_1,fries,['fries'],,,hot,0.2263,0.241,0.0,{'fries': 0.0}
Taco Bell,San Antonio,the shake was cold. overall amazing experience.,3,2025-07-07,29,User8795,place_Taco Bell_San Antonio_1,shake,['shake'],,,cold,0.4767,0.362,0.162,{'shake': -0.1779}
Taco Bell,San Antonio,the wrap was expensive. overall great experience.,4,2025-11-01,5,User4536,place_Taco Bell_San Antonio_1,wrap,['wrap'],,expensive,,0.6249,0.406,0.0,{'wrap': 0.0}
Taco Bell,San Antonio,the coffee was juicy. overall amazing experience.,1,2025-11-15,8,User4023,place_Taco Bell_San Antonio_5,coffee,['coffee'],juicy,,,0.5859,0.388,0.0,{'coffee': 0.0}
Taco Bell,San Antonio,the pizza was crispy. overall okay experience.,4,2025-09-09,13,User4624,place_Taco Bell_San Antonio_1,,[],crispy,,,0.2263,0.241,0.0,{}
Taco Bell,San Antonio,the fries was fresh. overall okay experience.,5,2025-07-22,48,User2118,place_Taco Bell_San Antonio_4,fries,['fries'],,,fresh,0.4939,0.457,0.0,{'fries': 0.3182}
Taco Bell,San Antonio,the shake was dry. overall okay experience.,3,2025-08-11,14,User8605,place_Taco Bell_San Antonio_2,shake,['shake'],dry,,,0.0516,0.221,0.198,{'shake': -0.1779}
Taco Bell,San Antonio,the taco was cold. overall disappointing experience.,2,2025-12-12,14,User4103,place_Taco Bell_San Antonio_3,taco,['taco'],,,cold,-0.4939,0.0,0.348,{'taco': 0.0}
Taco Bell,San Antonio,the fries was expensive. overall terrible experience.,1,2025-08-21,49,User2121,place_Taco Bell_San Antonio_1,fries,['fries'],,expensive,,-0.4767,0.0,0.341,{'fries': 0.0}
Taco Bell,San Diego,the pizza was crispy. overall good experience.,4,2025-07-19,34,User4436,place_Taco Bell_San Diego_1,,[],crispy,,,0.4404,0.326,0.0,{}
Taco Bell,San Diego,the nuggets was greasy. overall amazing experience.,5,2025-10-27,39,User2443,place_Taco Bell_San Diego_3,nuggets,['nuggets'],greasy,,,0.5859,0.388,0.0,{'nuggets': 0.0}
Taco Bell,San Diego,the taco was juicy. overall amazing experience.,2,2025-07-31,23,User1114,place_Taco Bell_San Diego_4,taco,['taco'],juicy,,,0.5859,0.388,0.0,{'taco': 0.0}
Taco Bell,San Diego,the fries was dry. overall terrible experience.,1,2025-07-05,33,User9549,place_Taco Bell_San Diego_5,fries,['fries'],dry,,,-0.4767,0.0,0.341,{'fries': 0.0}
Taco Bell,San Diego,the chicken sandwich was cheap. overall disappointing experience.,3,2025-10-30,9,User5340,place_Taco Bell_San Diego_3,"chicken sandwich,sandwich,chicken","['chicken sandwich', 'sandwich', 'chicken']",,cheap,,-0.4939,0.0,0.314,"{'chicken sandwich': 0.0, 'sandwich': 0.0, 'chicken': 0.0}"
Taco Bell,San Diego,the chicken sandwich was juicy. overall terrible experience.,2,2025-08-02,46,User3516,place_Taco Bell_San Diego_5,"chicken sandwich,sandwich,chicken","['chicken sandwich', 'sandwich', 'chicken']",juicy,,,-0.4767,0.0,0.307,"{'chicken sandwich': 0.0, 'sandwich': 0.0, 'chicken': 0.0}"
Taco Bell,San Diego,the pizza was expensive. overall okay experience.,4,2025-11-06,4,User2373,place_Taco Bell_San Diego_5,,[],,expensive,,0.2263,0.241,0.0,{}
Taco Bell,San Diego,the coffee was stale. overall okay experience.,1,2025-07-04,35,User1206,place_Taco Bell_San Diego_3,coffee,['coffee'],,,stale,0.2263,0.241,0.0,{'coffee': 0.0}
Taco Bell,San Diego,the pizza was fresh. overall good experience.,3,2025-07-14,17,User4696,place_Taco Bell_San Diego_1,,[],,,fresh,0.6369,0.51,0.0,{}
Taco Bell,San Diego,the shake was cheap. overall good experience.,4,2025-12-22,39,User1422,place_Taco Bell_San Diego_1,shake,['shake'],,cheap,,0.296,0.302,0.177,{'shake': -0.1779}
Taco Bell,San Diego,the burger was juicy. overall terrible experience.,4,2025-12-30,7,User9251,place_Taco Bell_San Diego_1,burger,['burger'],juicy,,,-0.4767,0.0,0.341,{'burger': 0.0}
Taco Bell,Miami,the wrap was stale. overall great experience.,3,2025-11-27,23,User1683,place_Taco Bell_Miami_5,wrap,['wrap'],,,stale,0.6249,0.406,0.0,{'wrap': 0.0}
Taco Bell,Miami,the nuggets was stale. overall amazing experience.,2,2025-07-29,3,User5987,place_Taco Bell_Miami_3,nuggets,['nuggets'],,,stale,0.5859,0.388,0.0,{'nuggets': 0.0}
Taco Bell,Miami,the wrap was dry. overall great experience.,4,2025-09-09,27,User7902,place_Taco Bell_Miami_2,wrap,['wrap'],dry,,,0.6249,0.406,0.0,{'wrap': 0.0}
Taco Bell,Miami,the chicken sandwich was hot. overall okay experience.,5,2025-08-15,38,User9968,place_Taco Bell_Miami_2,"chicken sandwich,sandwich,chicken","['chicken sandwich', 'sandwich', 'chicken']",,,hot,0.2263,0.213,0.0,"{'chicken sandwich': 0.0, 'sandwich': 0.0, 'chicken': 0.0}"
Taco Bell,Miami,the taco was fresh. overall terrible experience.,1,2025-12-23,34,User3461,place_Taco Bell_Miami_2,taco,['taco'],,,fresh,-0.2023,0.221,0.298,{'taco': 0.3182}
Taco Bell,Miami,the shake was greasy. overall good experience.,2,2025-09-29,13,User1680,place_Taco Bell_Miami_3,shake,['shake'],greasy,,,0.296,0.302,0.177,{'shake': -0.1779}
Taco Bell,Miami,the pizza was stale. overall amazing experience.,3,2025-08-14,9,User6775,place_Taco Bell_Miami_4,,[],,,stale,0.5859,0.388,0.0,{}
Taco Bell,Miami,the fries was cold. overall amazing experience.,4,2025-12-10,10,User5288,place_Taco Bell_Miami_4,fries,['fries'],,,cold,0.5859,0.388,0.0,{'fries': 0.0}
Taco Bell,Miami,the chicken sandwich was greasy. overall great experience.,5,2025-11-28,49,User4514,place_Taco Bell_Miami_1,"chicken sandwich,sandwich,chicken","['chicken sandwich', 'sandwich', 'chicken']",greasy,,,0.6249,0.369,0.0,"{'chicken sandwich': 0.0, 'sandwich': 0.0, 'chicken': 0.0}"
Taco Bell,Miami,the nuggets was hot. overall disappointing experience.,1,2025-10-28,25,User7939,place_Taco Bell_Miami_1,nuggets,['nuggets'],,,hot,-0.4939,0.0,0.348,{'nuggets': 0.0}
Taco Bell,Miami,the taco was greasy. overall good experience.,3,2025-08-16,45,User5016,place_Taco Bell_Miami_2,taco,['taco'],greasy,,,0.4404,0.326,0.0,{'taco': 0.0}
Taco Bell,Seattle,the taco was hot. overall great experience.,3,2025-10-03,22,User7701,place_Taco Bell_Seattle_4,taco,['taco'],,,hot,0.6249,0.406,0.0,{'taco': 0.0}
Taco Bell,Seattle,the burger was greasy. overall amazing experience.,5,2025-09-10,29,User3546,place_Taco Bell_Seattle_5,burger,['burger'],greasy,,,0.5859,0.388,0.0,{'burger': 0.0}
Taco Bell,Seattle,the wrap was dry. overall okay experience.,3,2025-07-06,13,User2013,place_Taco Bell_Seattle_2,wrap,['wrap'],dry,,,0.2263,0.241,0.0,{'wrap': 0.0}
Taco Bell,Seattle,the nuggets was crispy. overall terrible experience.,1,2025-08-27,26,User2918,place_Taco Bell_Seattle_3,nuggets,['nuggets'],crispy,,,-0.4767,0.0,0.341,{'nuggets': 0.0}
Taco Bell,Seattle,the wrap was juicy. overall great experience.,1,2025-11-03,36,User5188,place_Taco Bell_Seattle_4,wrap,['wrap'],juicy,,,0.6249,0.406,0.0,{'wrap': 0.0}
Taco Bell,Seattle,the fries was juicy. overall good experience.,5,2025-12-08,42,User4949,place_Taco Bell_Seattle_2,fries,['fries'],juicy,,,0.4404,0.326,0.0,{'fries': 0.0}
Taco Bell,Seattle,the chicken sandwich was cheap. overall terrible experience.,2,2025-10-02,24,User4044,place_Taco Bell_Seattle_3,"chicken sandwich,sandwich,chicken","['chicken sandwich', 'sandwich', 'chicken']",,cheap,,-0.4767,0.0,0.307,"{'chicken sandwich': 0.0, 'sandwich': 0.0, 'chicken': 0.0}"
Taco Bell,Seattle,the coffee was greasy. overall great experience.,2,2025-10-14,34,User1494,place_Taco Bell_Seattle_2,coffee,['coffee'],greasy,,,0.6249,0.406,0.0,{'coffee': 0.0}
Taco Bell,Seattle,the nuggets was hot. overall disappointing experience.,2,2025-09-24,39,User4421,place_Taco Bell_Seattle_2,nuggets,['nuggets'],,,hot,-0.4939,0.0,0.348,{'nuggets': 0.0}
Taco Bell,Seattle,the taco was expensive. overall amazing experience.,2,2025-10-11,50,User4592,place_Taco Bell_Seattle_2,taco,['taco'],,expensive,,0.5859,0.388,0.0,{'taco': 0.0}
Taco Bell,Seattle,the fries was expensive. overall amazing experience.,1,2025-08-12,0,User4405,place_Taco Bell_Seattle_5,fries,['fries'],,expensive,,0.5859,0.388,0.0,{'fries': 0.0}
Taco Bell,Boston,the salad was cheap. overall disappointing experience.,1,2025-12-24,13,User2225,place_Taco Bell_Boston_1,salad,['salad'],,cheap,,-0.4939,0.0,0.348,{'salad': 0.0}
Taco Bell,Boston,the fries was greasy. overall disappointing experience.,1,2025-10-20,20,User5295,place_Taco Bell_Boston_3,fries,['fries'],greasy,,,-0.4939,0.0,0.348,{'fries': 0.0}
Taco Bell,Boston,the wrap was cold. overall okay experience.,5,2025-11-28,38,User4804,place_Taco Bell_Boston_1,wrap,['wrap'],,,cold,0.2263,0.241,0.0,{'wrap': 0.0}
Taco Bell,Boston,the fries was greasy. overall terrible experience.,3,2025-12-21,33,User4265,place_Taco Bell_Boston_5,fries,['fries'],greasy,,,-0.4767,0.0,0.341,{'fries': 0.0}
Taco Bell,Boston,the fries was stale. overall amazing experience.,2,2025-07-17,27,User9585,place_Taco Bell_Boston_2,fries,['fries'],,,stale,0.5859,0.388,0.0,{'fries': 0.0}
Taco Bell,Boston,the pizza was hot. overall disappointing experience.,3,2025-08-10,8,User8879,place_Taco Bell_Boston_5,,[],,,hot,-0.4939,0.0,0.348,{}
Taco Bell,Boston,the burger was expensive. overall terrible experience.,3,2025-09-20,49,User7053,place_Taco Bell_Boston_2,burger,['burger'],,expensive,,-0.4767,0.0,0.341,{'burger': 0.0}
Taco Bell,Boston,the taco was expensive. overall disappointing experience.,5,2025-07-20,42,User5927,place_Taco Bell_Boston_5,taco,['taco'],,expensive,,-0.4939,0.0,0.348,{'taco': 0.0}
Taco Bell,Boston,the fries was fresh. overall great experience.,2,2025-07-05,13,User2454,place_Taco Bell_Boston_1,fries,['fries'],,,fresh,0.7506,0.561,0.0,{'fries': 0.3182}
Taco Bell,Boston,the shake was expensive. overall good experience.,3,2025-12-23,21,User3249,place_Taco Bell_Boston_2,shake,['shake'],,expensive,,0.296,0.302,0.177,{'shake': -0.1779}
Taco Bell,Boston,the pizza was juicy. overall disappointing experience.,2,2025-10-23,45,User1834,place_Taco Bell_Boston_3,,[],juicy,,,-0.4939,0.0,0.348,{}
Taco Bell,Denver,the salad was cheap. overall great experience.,2,2025-09-19,6,User7059,place_Taco Bell_Denver_4,salad,['salad'],,cheap,,0.6249,0.406,0.0,{'salad': 0.0}
Taco Bell,Denver,the coffee was crispy. overall terrible experience.,1,2025-10-11,20,User9362,place_Taco Bell_Denver_3,coffee,['coffee'],crispy,,,-0.4767,0.0,0.341,{'coffee': 0.0}
Taco Bell,Denver,the salad was hot. overall great experience.,3,2025-08-04,8,User9821,place_Taco Bell_Denver_5,salad,['salad'],,,hot,0.6249,0.406,0.0,{'salad': 0.0}
Taco Bell,Denver,the fries was cheap. overall disappointing experience.,3,2025-10-23,26,User4499,place_Taco Bell_Denver_5,fries,['fries'],,cheap,,-0.4939,0.0,0.348,{'fries': 0.0}
Taco Bell,Denver,the nuggets was crispy. overall okay experience.,5,2025-10-23,31,User7140,place_Taco Bell_Denver_2,nuggets,['nuggets'],crispy,,,0.2263,0.241,0.0,{'nuggets': 0.0}
Taco Bell,Denver,the pizza was crispy. overall great experience.,3,2025-12-13,14,User9349,place_Taco Bell_Denver_5,,[],crispy,,,0.6249,0.406,0.0,{}
Taco Bell,Denver,the taco was hot. overall good experience.,1,2025-07-22,13,User9316,place_Taco Bell_Denver_1,taco,['taco'],,,hot,0.4404,0.326,0.0,{'taco': 0.0}
Taco Bell,Denver,the chicken sandwich was dry. overall great experience.,3,2025-11-02,38,User8479,place_Taco Bell_Denver_4,"chicken sandwich,sandwich,chicken","['chicken sandwich', 'sandwich', 'chicken']",dry,,,0.6249,0.369,0.0,"{'chicken sandwich': 0.0, 'sandwich': 0.0, 'chicken': 0.0}"
Taco Bell,Denver,the shake was cold. overall great experience.,2,2025-09-19,12,User6522,place_Taco Bell_Denver_2,shake,['shake'],,,cold,0.5267,0.38,0.157,{'shake': -0.1779}
Taco Bell,Denver,the wrap was hot. overall disappointing experience.,4,2025-11-04,32,User4391,place_Taco Bell_Denver_5,wrap,['wrap'],,,hot,-0.4939,0.0,0.348,{'wrap': 0.0}
Taco Bell,Denver,the salad was crispy. overall great experience.,3,2025-07-14,33,User3283,place_Taco Bell_Denver_1,salad,['salad'],crispy,,,0.6249,0.406,0.0,{'salad': 0.0}
Taco Bell,Portland,the chicken sandwich was stale. overall amazing experience.,3,2025-12-28,33,User9479,place_Taco Bell_Portland_2,"chicken sandwich,sandwich,chicken","['chicken sandwich', 'sandwich', 'chicken']",,,stale,0.5859,0.352,0.0,"{'chicken sandwich': 0.0, 'sandwich': 0.0, 'chicken': 0.0}"
Taco Bell,Portland,the coffee was dry. overall okay experience.,2,2025-08-13,6,User6558,place_Taco Bell_Portland_3,coffee,['coffee'],dry,,,0.2263,0.241,0.0,{'coffee': 0.0}
Taco Bell,Portland,the wrap was crispy. overall good experience.,2,2025-10-09,18,User7492,place_Taco Bell_Portland_1,wrap,['wrap'],crispy,,,0.4404,0.326,0.0,{'wrap': 0.0}
Taco Bell,Portland,the wrap was expensive. overall disappointing experience.,3,2025-09-28,13,User4588,place_Taco Bell_Portland_5,wrap,['wrap'],,expensive,,-0.4939,0.0,0.348,{'wrap': 0.0}
Taco Bell,Portland,the pizza was dry. overall amazing experience.,2,2025-08-11,15,User9568,place_Taco Bell_Portland_3,,[],dry,,,0.5859,0.388,0.0,{}
Taco Bell,Portland,the shake was dry. overall great experience.,5,2025-09-16,1,User5798,place_Taco Bell_Portland_5,shake,['shake'],dry,,,0.5267,0.38,0.157,{'shake': -0.1779}
Taco Bell,Portland,the burger was fresh. overall amazing experience.,3,2025-10-08,7,User1906,place_Taco Bell_Portland_4,burger,['burger'],,,fresh,0.7269,0.55,0.0,{'burger': 0.3182}
Taco Bell,Portland,the chicken sandwich was cheap. overall okay experience.,5,2025-07-12,33,User7801,place_Taco Bell_Portland_2,"chicken sandwich,sandwich,chicken","['chicken sandwich', 'sandwich', 'chicken']",,cheap,,0.2263,0.213,0.0,"{'chicken sandwich': 0.0, 'sandwich': 0.0, 'chicken': 0.0}"
Taco Bell,Portland,the burger was cold. overall terrible experience.,1,2025-07-27,16,User1835,place_Taco Bell_Portland_2,burger,['burger'],,,cold,-0.4767,0.0,0.341,{'burger': 0.0}
Taco Bell,Portland,the taco was fresh. overall disappointing experience.,5,2025-07-23,15,User2723,place_Taco Bell_Portland_2,taco,['taco'],,,fresh,-0.2263,0.219,0.305,{'taco': 0.3182}
Taco Bell,Portland,the shake was crispy. overall okay experience.,1,2025-11-27,28,User3497,place_Taco Bell_Portland_4,shake,['shake'],crispy,,,0.0516,0.221,0.198,{'shake': -0.1779}
Subway,New York,the taco was expensive. overall okay experience.,3,2025-10-02,21,User3393,place_Subway_New York_5,taco,['taco'],,expensive,,0.2263,0.241,0.0,{'taco': 0.0}
Subway,New York,the shake was cheap. overall amazing experience.,5,2025-07-21,16,User1071,place_Subway_New York_1,shake,['shake'],,cheap,,0.4767,0.362,0.162,{'shake': -0.1779}
Subway,New York,the taco was hot. overall amazing experience.,2,2025-10-12,47,User7576,place_Subway_New York_2,taco,['taco'],,,hot,0.5859,0.388,0.0,{'taco': 0.0}
Subway,New York,the pizza was hot. overall good experience.,4,2025-08-12,28,User5439,place_Subway_New York_1,,[],,,hot,0.4404,0.326,0.0,{}
Subway,New York,the nuggets was crispy. overall disappointing experience.,3,2025-10-31,48,User3383,place_Subway_New York_4,nuggets,['nuggets'],crispy,,,-0.4939,0.0,0.348,{'nuggets': 0.0}
Subway,New York,the chicken sandwich was stale. overall good experience.,5,2025-10-12,40,User6651,place_Subway_New York_3,"chicken sandwich,sandwich,chicken","['chicken sandwich', 'sandwich', 'chicken']",,,stale,0.4404,0.293,0.0,"{'chicken sandwich': 0.0, 'sandwich': 0.0, 'chicken': 0.0}"
Subway,New York,the salad was dry. overall great experience.,4,2025-10-05,16,User6895,place_Subway_New York_4,salad,['salad'],dry,,,0.6249,0.406,0.0,{'salad': 0.0}
Subway,New York,the taco was juicy. overall disappointing experience.,1,2025-12-05,32,User5213,place_Subway_New York_1,taco,['taco'],juicy,,,-0.4939,0.0,0.348,{'taco': 0.0}
Subway,New York,the shake was cold. overall good experience.,5,2025-07-29,41,User6914,place_Subway_New York_2,shake,['shake'],,,cold,0.296,0.302,0.177,{'shake': -0.1779}
Subway,New York,the nuggets was crispy. overall great experience.,3,2025-12-16,21,User7571,place_Subway_New York_1,nuggets,['nuggets'],crispy,,,0.6249,0.406,0.0,{'nuggets': 0.0}
Subway,New York,the burger was dry. overall disappointing experience.,3,2025-08-22,16,User6044,place_Subway_New York_2,burger,['burger'],dry,,,-0.4939,0.0,0.348,{'burger': 0.0}
Subway,Los Angeles,the shake was cheap. overall okay experience.,5,2025-11-09,31,User3827,place_Subway_Los Angeles_5,shake,['shake'],,cheap,,0.0516,0.221,0.198,{'shake': -0.1779}
Subway,Los Angeles,the pizza was hot. overall disappointing experience.,4,2025-11-15,37,User8680,place_Subway_Los Angeles_1,,[],,,hot,-0.4939,0.0,0.348,{}
Subway,Los Angeles,the shake was expensive. overall disappointing experience.,2,2025-08-22,15,User7415,place_Subway_Los Angeles_2,shake,['shake'],,expensive,,-0.5994,0.0,0.495,{'shake': -0.1779}
Subway,Los Angeles,the wrap was hot. overall disappointing experience.,1,2025-12-24,28,User8691,place_Subway_Los Angeles_4,wrap,['wrap'],,,hot,-0.4939,0.0,0.348,{'wrap': 0.0}
Subway,Los Angeles,the wrap was cheap. overall great experience.,2,2025-12-19,17,User1634,place_Subway_Los Angeles_4,wrap,['wrap'],,cheap,,0.6249,0.406,0.0,{'wrap': 0.0}
Subway,Los Angeles,the taco was greasy. overall okay experience.,2,2025-09-15,46,User2520,place_Subway_Los Angeles_5,taco,['taco'],greasy,,,0.2263,0.241,0.0,{'taco': 0.0}
Subway,Los Angeles,the burger was dry. overall disappointing experience.,2,2025-07-18,6,User5053,place_Subway_Los Angeles_1,burger,['burger'],dry,,,-0.4939,0.0,0.348,{'burger': 0.0}
Subway,Los Angeles,the wrap was cheap. overall disappointing experience.,5,2025-09-23,17,User7884,place_Subway_Los Angeles_3,wrap,['wrap'],,cheap,,-0.4939,0.0,0.348,{'wrap': 0.0}
Subway,Los Angeles,the salad was stale. overall amazing experience.,1,2025-11-18,31,User6884,place_Subway_Los Angeles_4,salad,['salad'],,,stale,0.5859,0.388,0.0,{'salad': 0.0}
Subway,Los Angeles,the nuggets was hot. overall good experience.,5,2025-07-10,15,User7434,place_Subway_Los Angeles_2,nuggets,['nuggets'],,,hot,0.4404,0.326,0.0,{'nuggets': 0.0}
Subway,Los Angeles,the taco was cheap. overall great experience.,4,2025-11-17,38,User2913,place_Subway_Los Angeles_4,taco,['taco'],,cheap,,0.6249,0.406,0.0,{'taco': 0.0}
Subway,Chicago,the wrap was greasy. overall good experience.,3,2025-07-14,5,User6732,place_Subway_Chicago_4,wrap,['wrap'],greasy,,,0.4404,0.326,0.0,{'wrap': 0.0}
Subway,Chicago,the chicken sandwich was greasy. overall good experience.,2,2025-10-03,13,User5936,place_Subway_Chicago_5,"chicken sandwich,sandwich,chicken","['chicken sandwich', 'sandwich', 'chicken']",greasy,,,0.4404,0.293,0.0,"{'chicken sandwich': 0.0, 'sandwich': 0.0, 'chicken': 0.0}"
Subway,Chicago,the shake was cheap. overall good experience.,5,2025-09-11,40,User2642,place_Subway_Chicago_2,shake,['shake'],,cheap,,0.296,0.302,0.177,{'shake': -0.1779}
Subway,Chicago,the taco was cold. overall disappointing experience.,3,2025-07-31,12,User5386,place_Subway_Chicago_1,taco,['taco'],,,cold,-0.4939,0.0,0.348,{'taco': 0.0}
Subway,Chicago,the chicken sandwich was stale. overall amazing experience.,5,2025-09-09,35,User2351,place_Subway_Chicago_2,"chicken sandwich,sandwich,chicken","['chicken sandwich', 'sandwich', 'chicken']",,,stale,0.5859,0.352,0.0,"{'chicken sandwich': 0.0, 'sandwich': 0.0, 'chicken': 0.0}"
Subway,Chicago,the burger was crispy. overall okay experience.,4,2025-07-27,21,User2568,place_Subway_Chicago_3,burger,['burger'],crispy,,,0.2263,0.241,0.0,{'burger': 0.0}
Subway,Chicago,the fries was cold. overall terrible experience.,4,2025-11-03,21,User5605,place_Subway_Chicago_4,fries,['fries'],,,cold,-0.4767,0.0,0.341,{'fries': 0.0}
Subway,Chicago,the taco was cold. overall great experience.,1,2025-07-18,47,User2591,place_Subway_Chicago_1,taco,['taco'],,,cold,0.6249,0.406,0.0,{'taco': 0.0}
Subway,Chicago,the shake was stale. overall good experience.,2,2025-09-15,8,User9719,place_Subway_Chicago_2,shake,['shake'],,,stale,0.296,0.302,0.177,{'shake': -0.1779}
Subway,Chicago,the shake was cheap. overall terrible experience.,3,2025-09-20,15,User1621,place_Subway_Chicago_1,shake,['shake'],,cheap,,-0.5859,0.0,0.49,{'shake': -0.1779}
Subway,Chicago,the shake was hot. overall great experience.,4,2025-10-25,0,User9088,place_Subway_Chicago_1,shake,['shake'],,,hot,0.5267,0.38,0.157,{'shake': -0.1779}
Subway,Dallas,the fries was cold. overall okay experience.,3,2025-07-24,30,User5242,place_Subway_Dallas_2,fries,['fries'],,,cold,0.2263,0.241,0.0,{'fries': 0.0}
Subway,Dallas,the coffee was fresh. overall disappointing experience.,2,2025-08-28,27,User9771,place_Subway_Dallas_4,coffee,['coffee'],,,fresh,-0.2263,0.219,0.305,{'coffee': 0.3182}
Subway,Dallas,the shake was greasy. overall good experience.,3,2025-07-23,15,User6537,place_Subway_Dallas_2,shake,['shake'],greasy,,,0.296,0.302,0.177,{'shake': -0.1779}
Subway,Dallas,the pizza was crispy. overall disappointing experience.,2,2025-08-15,20,User5836,place_Subway_Dallas_4,,[],crispy,,,-0.4939,0.0,0.348,{}
Subway,Dallas,the chicken sandwich was fresh. overall okay experience.,4,2025-12-30,13,User8203,place_Subway_Dallas_5,"chicken sandwich,sandwich,chicken","['chicken sandwich', 'sandwich', 'chicken']",,,fresh,0.4939,0.412,0.0,"{'chicken sandwich': 0.3182, 'sandwich': 0.3182, 'chicken': 0.3182}"
Subway,Dallas,the pizza was hot. overall good experience.,3,2025-07-22,5,User1024,place_Subway_Dallas_2,,[],,,hot,0.4404,0.326,0.0,{}
Subway,Dallas,the wrap was hot. overall terrible experience.,3,2025-12-23,50,User6725,place_Subway_Dallas_5,wrap,['wrap'],,,hot,-0.4767,0.0,0.341,{'wrap': 0.0}
Subway,Dallas,the chicken sandwich was cheap. overall terrible experience.,2,2025-09-13,50,User8028,place_Subway_Dallas_4,"chicken sandwich,sandwich,chicken","['chicken sandwich', 'sandwich', 'chicken']",,cheap,,-0.4767,0.0,0.307,"{'chicken sandwich': 0.0, 'sandwich': 0.0, 'chicken': 0.0}"
Subway,Dallas,the coffee was fresh. overall okay experience.,3,2025-10-13,27,User6624,place_Subway_Dallas_2,coffee,['coffee'],,,fresh,0.4939,0.457,0.0,{'coffee': 0.3182}
Subway,Dallas,the fries was expensive. overall good experience.,4,2025-11-27,13,User4830,place_Subway_Dallas_5,fries,['fries'],,expensive,,0.4404,0.326,0.0,{'fries': 0.0}
Subway,Dallas,the burger was cold. overall disappointing experience.,1,2025-11-05,10,User9520,place_Subway_Dallas_3,burger,['burger'],,,cold,-0.4939,0.0,0.348,{'burger': 0.0}
Subway,Atlanta,the burger was expensive. overall great experience.,5,2025-08-22,14,User9758,place_Subway_Atlanta_5,burger,['burger'],,expensive,,0.6249,0.406,0.0,{'burger': 0.0}
Subway,Atlanta,the pizza was crispy. overall amazing experience.,2,2025-08-24,37,User8969,place_Subway_Atlanta_1,,[],crispy,,,0.5859,0.388,0.0,{}
Subway,Atlanta,the salad was cold. overall terrible experience.,4,2025-11-05,43,User9830,place_Subway_Atlanta_1,salad,['salad'],,,cold,-0.4767,0.0,0.341,{'salad': 0.0}
Subway,Atlanta,the chicken sandwich was cheap. overall good experience.,5,2025-12-26,36,User8356,place_Subway_Atlanta_5,"chicken sandwich,sandwich,chicken","['chicken sandwich', 'sandwich', 'chicken']",,cheap,,0.4404,0.293,0.0,"{'chicken sandwich': 0.0, 'sandwich': 0.0, 'chicken': 0.0}"
Subway,Atlanta,the shake was crispy. overall okay experience.,3,2025-08-30,41,User8168,place_Subway_Atlanta_2,shake,['shake'],crispy,,,0.0516,0.221,0.198,{'shake': -0.1779}
Subway,Atlanta,the salad was dry. overall amazing experience.,1,2025-10-22,40,User8359,place_Subway_Atlanta_4,salad,['salad'],dry,,,0.5859,0.388,0.0,{'salad': 0.0}
Subway,Atlanta,the shake was cold. overall great experience.,5,2025-10-29,49,User8920,place_Subway_Atlanta_5,shake,['shake'],,,cold,0.5267,0.38,0.157,{'shake': -0.1779}
Subway,Atlanta,the pizza was expensive. overall terrible experience.,1,2025-12-25,40,User9276,place_Subway_Atlanta_4,,[],,expensive,,-0.4767,0.0,0.341,{}
Subway,Atlanta,the nuggets was fresh. overall terrible experience.,4,2025-10-21,42,User2398,place_Subway_Atlanta_1,nuggets,['nuggets'],,,fresh,-0.2023,0.221,0.298,{'nuggets': 0.3182}
Subway,Atlanta,the shake was greasy. overall good experience.,2,2025-08-20,0,User9167,place_Subway_Atlanta_4,shake,['shake'],greasy,,,0.296,0.302,0.177,{'shake': -0.1779}
Subway,Atlanta,the fries was juicy. overall good experience.,5,2025-08-28,17,User6217,place_Subway_Atlanta_1,fries,['fries'],juicy,,,0.4404,0.326,0.0,{'fries': 0.0}
Subway,Houston,the fries was stale. overall amazing experience.,4,2025-09-15,20,User1046,place_Subway_Houston_4,fries,['fries'],,,stale,0.5859,0.388,0.0,{'fries': 0.0}
Subway,Houston,the salad was cheap. overall amazing experience.,2,2025-09-11,15,User4905,place_Subway_Houston_1,salad,['salad'],,cheap,,0.5859,0.388,0.0,{'salad': 0.0}
Subway,Houston,the pizza was juicy. overall terrible experience.,4,2025-09-04,42,User2177,place_Subway_Houston_1,,[],juicy,,,-0.4767,0.0,0.341,{}
Subway,Houston,the nuggets was expensive. overall great experience.,5,2025-10-25,14,User8086,place_Subway_Houston_2,nuggets,['nuggets'],,expensive,,0.6249,0.406,0.0,{'nuggets': 0.0}
Subway,Houston,the salad was dry. overall terrible experience.,4,2025-11-17,38,User5403,place_Subway_Houston_4,salad,['salad'],dry,,,-0.4767,0.0,0.341,{'salad': 0.0}
Subway,Houston,the chicken sandwich was crispy. overall disappointing experience.,2,2025-08-09,11,User5868,place_Subway_Houston_5,"chicken sandwich,sandwich,chicken","['chicken sandwich', 'sandwich', 'chicken']",crispy,,,-0.4939,0.0,0.314,"{'chicken sandwich': 0.0, 'sandwich': 0.0, 'chicken': 0.0}"
Subway,Houston,the nuggets was cheap. overall disappointing experience.,2,2025-11-04,23,User5156,place_Subway_Houston_3,nuggets,['nuggets'],,cheap,,-0.4939,0.0,0.348,{'nuggets': 0.0}
Subway,Houston,the fries was fresh. overall terrible experience.,1,2025-09-19,35,User6178,place_Subway_Houston_5,fries,['fries'],,,fresh,-0.2023,0.221,0.298,{'fries': 0.3182}
Subway,Houston,the fries was fresh. overall disappointing experience.,4,2025-11-28,19,User7309,place_Subway_Houston_1,fries,['fries'],,,fresh,-0.2263,0.219,0.305,{'fries': 0.3182}
Subway,Houston,the shake was cold. overall okay experience.,1,2025-07-30,26,User3356,place_Subway_Houston_3,shake,['shake'],,,cold,0.0516,0.221,0.198,{'shake': -0.1779}
Subway,Houston,the wrap was fresh. overall good experience.,1,2025-08-12,50,User5849,place_Subway_Houston_2,wrap,['wrap'],,,fresh,0.6369,0.51,0.0,{'wrap': 0.3182}
Subway,Phoenix,the wrap was fresh. overall terrible experience.,4,2025-11-13,3,User7656,place_Subway_Phoenix_4,wrap,['wrap'],,,fresh,-0.2023,0.221,0.298,{'wrap': 0.3182}
Subway,Phoenix,the nuggets was juicy. overall good experience.,2,2025-12-28,24,User5657,place_Subway_Phoenix_2,nuggets,['nuggets'],juicy,,,0.4404,0.326,0.0,{'nuggets': 0.0}
Subway,Phoenix,the wrap was hot. overall great experience.,4,2025-08-11,9,User7553,place_Subway_Phoenix_1,wrap,['wrap'],,,hot,0.6249,0.406,0.0,{'wrap': 0.0}
Subway,Phoenix,the pizza was hot. overall disappointing experience.,5,2025-11-11,0,User5325,place_Subway_Phoenix_5,,[],,,hot,-0.4939,0.0,0.348,{}
Subway,Phoenix,the coffee was cold. overall amazing experience.,3,2025-09-21,14,User5901,place_Subway_Phoenix_3,coffee,['coffee'],,,cold,0.5859,0.388,0.0,{'coffee': 0.0}
Subway,Phoenix,the chicken sandwich was juicy. overall okay experience.,1,2025-08-01,43,User7314,place_Subway_Phoenix_5,"chicken sandwich,sandwich,chicken","['chicken sandwich', 'sandwich', 'chicken']",juicy,,,0.2263,0.213,0.0,"{'chicken sandwich': 0.0, 'sandwich': 0.0, 'chicken': 0.0}"
Subway,Phoenix,the pizza was cold. overall amazing experience.,1,2025-11-17,43,User5053,place_Subway_Phoenix_3,,[],,,cold,0.5859,0.388,0.0,{}
Subway,Phoenix,the salad was greasy. overall amazing experience.,2,2025-12-17,33,User3514,place_Subway_Phoenix_5,salad,['salad'],greasy,,,0.5859,0.388,0.0,{'salad': 0.0}
Subway,Phoenix,the taco was greasy. overall okay experience.,2,2025-12-20,16,User7866,place_Subway_Phoenix_3,taco,['taco'],greasy,,,0.2263,0.241,0.0,{'taco': 0.0}
Subway,Phoenix,the chicken sandwich was cheap. overall okay experience.,5,2025-08-03,16,User7727,place_Subway_Phoenix_4,"chicken sandwich,sandwich,chicken","['chicken sandwich', 'sandwich', 'chicken']",,cheap,,0.2263,0.213,0.0,"{'chicken sandwich': 0.0, 'sandwich': 0.0, 'chicken': 0.0}"
Subway,Phoenix,the salad was cold. overall amazing experience.,1,2025-07-25,28,User2195,place_Subway_Phoenix_3,salad,['salad'],,,cold,0.5859,0.388,0.0,{'salad': 0.0}
Subway,Philadelphia,the pizza was juicy. overall good experience.,3,2025-12-24,21,User4637,place_Subway_Philadelphia_4,,[],juicy,,,0.4404,0.326,0.0,{}
Subway,Philadelphia,the coffee was greasy. overall disappointing experience.,2,2025-08-05,32,User1976,place_Subway_Philadelphia_3,coffee,['coffee'],greasy,,,-0.4939,0.0,0.348,{'coffee': 0.0}
Subway,Philadelphia,the fries was dry. overall disappointing experience.,5,2025-12-04,26,User3819,place_Subway_Philadelphia_5,fries,['fries'],dry,,,-0.4939,0.0,0.348,{'fries': 0.0}
Subway,Philadelphia,the burger was cold. overall good experience.,1,2025-12-28,23,User1770,place_Subway_Philadelphia_4,burger,['burger'],,,cold,0.4404,0.326,0.0,{'burger': 0.0}
Subway,Philadelphia,the pizza was greasy. overall okay experience.,2,2025-08-31,20,User7407,place_Subway_Philadelphia_3,,[],greasy,,,0.2263,0.241,0.0,{}
Subway,Philadelphia,the pizza was fresh. overall terrible experience.,1,2025-07-30,13,User6687,place_Subway_Philadelphia_1,,[],,,fresh,-0.2023,0.221,0.298,{}
Subway,Philadelphia,the salad was stale. overall okay experience.,3,2025-07-10,34,User9248,place_Subway_Philadelphia_2,salad,['salad'],,,stale,0.2263,0.241,0.0,{'salad': 0.0}
Subway,Philadelphia,the pizza was hot. overall great experience.,3,2025-07-20,32,User3503,place_Subway_Philadelphia_3,,[],,,hot,0.6249,0.406,0.0,{}
Subway,Philadelphia,the fries was greasy. overall amazing experience.,1,2025-09-19,35,User8266,place_Subway_Philadelphia_3,fries,['fries'],greasy,,,0.5859,0.388,0.0,{'fries': 0.0}
Subway,Philadelphia,the pizza was juicy. overall disappointing experience.,1,2025-07-04,50,User5361,place_Subway_Philadelphia_4,,[],juicy,,,-0.4939,0.0,0.348,{}
Subway,Philadelphia,the fries was stale. overall amazing experience.,3,2025-08-14,32,User4050,place_Subway_Philadelphia_2,fries,['fries'],,,stale,0.5859,0.388,0.0,{'fries': 0.0}
Subway,San Antonio,the chicken sandwich was hot. overall okay experience.,5,2025-12-21,49,User8826,place_Subway_San Antonio_5,"chicken sandwich,sandwich,chicken","['chicken sandwich', 'sandwich', 'chicken']",,,hot,0.2263,0.213,0.0,"{'chicken sandwich': 0.0, 'sandwich': 0.0, 'chicken': 0.0}"
Subway,San Antonio,the salad was hot. overall great experience.,1,2025-09-29,29,User8044,place_Subway_San Antonio_5,salad,['salad'],,,hot,0.6249,0.406,0.0,{'salad': 0.0}
Subway,San Antonio,the salad was cold. overall good experience.,3,2025-07-07,19,User3548,place_Subway_San Antonio_1,salad,['salad'],,,cold,0.4404,0.326,0.0,{'salad': 0.0}
Subway,San Antonio,the nuggets was cold. overall disappointing experience.,2,2025-11-10,3,User6765,place_Subway_San Antonio_2,nuggets,['nuggets'],,,cold,-0.4939,0.0,0.348,{'nuggets': 0.0}
Subway,San Antonio,the shake was crispy. overall good experience.,2,2025-09-24,5,User6035,place_Subway_San Antonio_1,shake,['shake'],crispy,,,0.296,0.302,0.177,{'shake': -0.1779}
Subway,San Antonio,the pizza was cheap. overall good experience.,5,2025-11-05,13,User4600,place_Subway_San Antonio_2,,[],,cheap,,0.4404,0.326,0.0,{}
Subway,San Antonio,the taco was crispy. overall okay experience.,5,2025-09-01,9,User8136,place_Subway_San Antonio_1,taco,['taco'],crispy,,,0.2263,0.241,0.0,{'taco': 0.0}
Subway,San Antonio,the taco was stale. overall great experience.,3,2025-10-22,32,User7389,place_Subway_San Antonio_5,taco,['taco'],,,stale,0.6249,0.406,0.0,{'taco': 0.0}
Subway,San Antonio,the salad was cold. overall terrible experience.,4,2025-10-02,40,User2912,place_Subway_San Antonio_1,salad,['salad'],,,cold,-0.4767,0.0,0.341,{'salad': 0.0}
Subway,San Antonio,the pizza was cold. overall good experience.,5,2025-10-16,37,User1405,place_Subway_San Antonio_5,,[],,,cold,0.4404,0.326,0.0,{}
Subway,San Antonio,the chicken sandwich was dry. overall terrible experience.,3,2025-10-16,27,User6791,place_Subway_San Antonio_3,"chicken sandwich,sandwich,chicken","['chicken sandwich', 'sandwich', 'chicken']",dry,,,-0.4767,0.0,0.307,"{'chicken sandwich': 0.0, 'sandwich': 0.0, 'chicken': 0.0}"
Subway,San Diego,the wrap was juicy. overall amazing experience.,4,2025-07-10,39,User3328,place_Subway_San Diego_5,wrap,['wrap'],juicy,,,0.5859,0.388,0.0,{'wrap': 0.0}
Subway,San Diego,the wrap was stale. overall great experience.,3,2025-08-03,26,User4532,place_Subway_San Diego_3,wrap,['wrap'],,,stale,0.6249,0.406,0.0,{'wrap': 0.0}
Subway,San Diego,the pizza was crispy. overall amazing experience.,5,2025-07-19,14,User7154,place_Subway_San Diego_2,,[],crispy,,,0.5859,0.388,0.0,{}
Subway,San Diego,the fries was stale. overall okay experience.,4,2025-09-01,37,User7857,place_Subway_San Diego_3,fries,['fries'],,,stale,0.2263,0.241,0.0,{'fries': 0.0}
Subway,San Diego,the burger was crispy. overall amazing experience.,2,2025-09-18,44,User9817,place_Subway_San Diego_4,burger,['burger'],crispy,,,0.5859,0.388,0.0,{'burger': 0.0}
Subway,San Diego,the fries was cheap. overall good experience.,3,2025-11-02,0,User2716,place_Subway_San Diego_2,fries,['fries'],,cheap,,0.4404,0.326,0.0,{'fries': 0.0}
Subway,San Diego,the wrap was crispy. overall amazing experience.,3,2025-11-27,0,User7181,place_Subway_San Diego_4,wrap,['wrap'],crispy,,,0.5859,0.388,0.0,{'wrap': 0.0}
Subway,San Diego,the burger was cold. overall good experience.,3,2025-12-29,33,User7926,place_Subway_San Diego_4,burger,['burger'],,,cold,0.4404,0.326,0.0,{'burger': 0.0}
Subway,San Diego,the shake was hot. overall great experience.,5,2025-11-26,40,User1316,place_Subway_San Diego_1,shake,['shake'],,,hot,0.5267,0.38,0.157,{'shake': -0.1779}
Subway,San Diego,the pizza was stale. overall good experience.,1,2025-12-02,15,User8362,place_Subway_San Diego_2,,[],,,stale,0.4404,0.326,0.0,{}
Subway,San Diego,the burger was dry. overall disappointing experience.,5,2025-07-26,18,User5691,place_Subway_San Diego_3,burger,['burger'],dry,,,-0.4939,0.0,0.348,{'burger': 0.0}
Subway,Miami,the burger was hot. overall good experience.,4,2025-08-30,46,User3736,place_Subway_Miami_5,burger,['burger'],,,hot,0.4404,0.326,0.0,{'burger': 0.0}
Subway,Miami,the salad was juicy. overall great experience.,3,2025-12-14,8,User6000,place_Subway_Miami_2,salad,['salad'],juicy,,,0.6249,0.406,0.0,{'salad': 0.0}
Subway,Miami,the burger was cheap. overall disappointing experience.,5,2025-07-13,20,User8624,place_Subway_Miami_3,burger,['burger'],,cheap,,-0.4939,0.0,0.348,{'burger': 0.0}
Subway,Miami,the wrap was cold. overall amazing experience.,1,2025-12-25,12,User9703,place_Subway_Miami_5,wrap,['wrap'],,,cold,0.5859,0.388,0.0,{'wrap': 0.0}
Subway,Miami,the wrap was expensive. overall amazing experience.,5,2025-12-26,44,User9745,place_Subway_Miami_5,wrap,['wrap'],,expensive,,0.5859,0.388,0.0,{'wrap': 0.0}
Subway,Miami,the salad was expensive. overall okay experience.,3,2025-07-30,1,User8072,place_Subway_Miami_3,salad,['salad'],,expensive,,0.2263,0.241,0.0,{'salad': 0.0}
Subway,Miami,the pizza was hot. overall great experience.,5,2025-09-14,14,User1386,place_Subway_Miami_4,,[],,,hot,0.6249,0.406,0.0,{}
Subway,Miami,the burger was juicy. overall amazing experience.,1,2025-08-04,43,User6655,place_Subway_Miami_4,burger,['burger'],juicy,,,0.5859,0.388,0.0,{'burger': 0.0}
Subway,Miami,the chicken sandwich was stale. overall okay experience.,4,2025-09-23,1,User7127,place_Subway_Miami_2,"chicken sandwich,sandwich,chicken","['chicken sandwich', 'sandwich', 'chicken']",,,stale,0.2263,0.213,0.0,"{'chicken sandwich': 0.0, 'sandwich': 0.0, 'chicken': 0.0}"
Subway,Miami,the shake was crispy. overall terrible experience.,4,2025-12-31,21,User9223,place_Subway_Miami_2,shake,['shake'],crispy,,,-0.5859,0.0,0.49,{'shake': -0.1779}
Subway,Miami,the wrap was stale. overall amazing experience.,3,2025-10-15,49,User3304,place_Subway_Miami_5,wrap,['wrap'],,,stale,0.5859,0.388,0.0,{'wrap': 0.0}
Subway,Seattle,the chicken sandwich was cold. overall amazing experience.,3,2025-09-04,11,User3662,place_Subway_Seattle_1,"chicken sandwich,sandwich,chicken","['chicken sandwich', 'sandwich', 'chicken']",,,cold,0.5859,0.352,0.0,"{'chicken sandwich': 0.0, 'sandwich': 0.0, 'chicken': 0.0}"
Subway,Seattle,the chicken sandwich was hot. overall disappointing experience.,3,2025-12-22,13,User9574,place_Subway_Seattle_1,"chicken sandwich,sandwich,chicken","['chicken sandwich', 'sandwich', 'chicken']",,,hot,-0.4939,0.0,0.314,"{'chicken sandwich': 0.0, 'sandwich': 0.0, 'chicken': 0.0}"
Subway,Seattle,the chicken sandwich was juicy. overall terrible experience.,3,2025-07-23,5,User9545,place_Subway_Seattle_2,"chicken sandwich,sandwich,chicken","['chicken sandwich', 'sandwich', 'chicken']",juicy,,,-0.4767,0.0,0.307,"{'chicken sandwich': 0.0, 'sandwich': 0.0, 'chicken': 0.0}"
Subway,Seattle,the coffee was cheap. overall disappointing experience.,3,2025-11-11,37,User8355,place_Subway_Seattle_4,coffee,['coffee'],,cheap,,-0.4939,0.0,0.348,{'coffee': 0.0}
Subway,Seattle,the taco was stale. overall okay experience.,2,2025-12-11,26,User5597,place_Subway_Seattle_4,taco,['taco'],,,stale,0.2263,0.241,0.0,{'taco': 0.0}
Subway,Seattle,the shake was dry. overall amazing experience.,1,2025-10-21,13,User2370,place_Subway_Seattle_1,shake,['shake'],dry,,,0.4767,0.362,0.162,{'shake': -0.1779}
Subway,Seattle,the wrap was dry. overall terrible experience.,5,2025-09-06,43,User8153,place_Subway_Seattle_1,wrap,['wrap'],dry,,,-0.4767,0.0,0.341,{'wrap': 0.0}
Subway,Seattle,the burger was juicy. overall amazing experience.,3,2025-12-17,11,User7282,place_Subway_Seattle_4,burger,['burger'],juicy,,,0.5859,0.388,0.0,{'burger': 0.0}
Subway,Seattle,the burger was stale. overall great experience.,4,2025-08-17,46,User7045,place_Subway_Seattle_1,burger,['burger'],,,stale,0.6249,0.406,0.0,{'burger': 0.0}
Subway,Seattle,the burger was hot. overall amazing experience.,2,2025-07-25,40,User3207,place_Subway_Seattle_2,burger,['burger'],,,hot,0.5859,0.388,0.0,{'burger': 0.0}
Subway,Seattle,the fries was stale. overall amazing experience.,3,2025-12-14,36,User9601,place_Subway_Seattle_3,fries,['fries'],,,stale,0.5859,0.388,0.0,{'fries': 0.0}
Subway,Boston,the taco was cold. overall terrible experience.,1,2025-07-25,23,User4753,place_Subway_Boston_2,taco,['taco'],,,cold,-0.4767,0.0,0.341,{'taco': 0.0}
Subway,Boston,the chicken sandwich was hot. overall good experience.,5,2025-11-08,34,User8830,place_Subway_Boston_5,"chicken sandwich,sandwich,chicken","['chicken sandwich', 'sandwich', 'chicken']",,,hot,0.4404,0.293,0.0,"{'chicken sandwich': 0.0, 'sandwich': 0.0, 'chicken': 0.0}"
Subway,Boston,the shake was crispy. overall disappointing experience.,5,2025-09-03,37,User1873,place_Subway_Boston_3,shake,['shake'],crispy,,,-0.5994,0.0,0.495,{'shake': -0.1779}
Subway,Boston,the burger was juicy. overall good experience.,5,2025-12-03,17,User3588,place_Subway_Boston_2,burger,['burger'],juicy,,,0.4404,0.326,0.0,{'burger': 0.0}
Subway,Boston,the salad was stale. overall great experience.,3,2025-07-05,34,User2172,place_Subway_Boston_3,salad,['salad'],,,stale,0.6249,0.406,0.0,{'salad': 0.0}
Subway,Boston,the coffee was crispy. overall great experience.,4,2025-07-09,17,User2838,place_Subway_Boston_5,coffee,['coffee'],crispy,,,0.6249,0.406,0.0,{'coffee': 0.0}
Subway,Boston,the chicken sandwich was dry. overall disappointing experience.,3,2025-07-06,20,User2654,place_Subway_Boston_4,"chicken sandwich,sandwich,chicken","['chicken sandwich', 'sandwich', 'chicken']",dry,,,-0.4939,0.0,0.314,"{'chicken sandwich': 0.0, 'sandwich': 0.0, 'chicken': 0.0}"
Subway,Boston,the taco was crispy. overall terrible experience.,5,2025-07-24,7,User3396,place_Subway_Boston_2,taco,['taco'],crispy,,,-0.4767,0.0,0.341,{'taco': 0.0}
Subway,Boston,the coffee was fresh. overall okay experience.,5,2025-08-14,45,User1186,place_Subway_Boston_4,coffee,['coffee'],,,fresh,0.4939,0.457,0.0,{'coffee': 0.3182}
Subway,Boston,the shake was stale. overall amazing experience.,4,2025-07-15,21,User8723,place_Subway_Boston_3,shake,['shake'],,,stale,0.4767,0.362,0.162,{'shake': -0.1779}
Subway,Boston,the coffee was dry. overall great experience.,4,2025-12-17,7,User8007,place_Subway_Boston_3,coffee,['coffee'],dry,,,0.6249,0.406,0.0,{'coffee': 0.0}
Subway,Denver,the taco was expensive. overall terrible experience.,4,2025-11-25,38,User6129,place_Subway_Denver_5,taco,['taco'],,expensive,,-0.4767,0.0,0.341,{'taco': 0.0}
Subway,Denver,the nuggets was cheap. overall okay experience.,3,2025-10-01,27,User1356,place_Subway_Denver_4,nuggets,['nuggets'],,cheap,,0.2263,0.241,0.0,{'nuggets': 0.0}
Subway,Denver,the coffee was expensive. overall good experience.,5,2025-09-18,45,User2608,place_Subway_Denver_2,coffee,['coffee'],,expensive,,0.4404,0.326,0.0,{'coffee': 0.0}
Subway,Denver,the shake was cold. overall okay experience.,4,2025-11-05,35,User7503,place_Subway_Denver_2,shake,['shake'],,,cold,0.0516,0.221,0.198,{'shake': -0.1779}
Subway,Denver,the chicken sandwich was juicy. overall terrible experience.,1,2025-09-30,35,User8530,place_Subway_Denver_3,"chicken sandwich,sandwich,chicken","['chicken sandwich', 'sandwich', 'chicken']",juicy,,,-0.4767,0.0,0.307,"{'chicken sandwich': 0.0, 'sandwich': 0.0, 'chicken': 0.0}"
Subway,Denver,the salad was cheap. overall terrible experience.,5,2025-12-01,4,User6855,place_Subway_Denver_2,salad,['salad'],,cheap,,-0.4767,0.0,0.341,{'salad': 0.0}
Subway,Denver,the chicken sandwich was hot. overall terrible experience.,5,2025-12-19,49,User8418,place_Subway_Denver_2,"chicken sandwich,sandwich,chicken","['chicken sandwich', 'sandwich', 'chicken']",,,hot,-0.4767,0.0,0.307,"{'chicken sandwich': 0.0, 'sandwich': 0.0, 'chicken': 0.0}"
Subway,Denver,the chicken sandwich was juicy. overall good experience.,4,2025-10-08,47,User5116,place_Subway_Denver_1,"chicken sandwich,sandwich,chicken","['chicken sandwich', 'sandwich', 'chicken']",juicy,,,0.4404,0.293,0.0,"{'chicken sandwich': 0.0, 'sandwich': 0.0, 'chicken': 0.0}"
Subway,Denver,the taco was dry. overall okay experience.,2,2025-09-10,24,User7526,place_Subway_Denver_5,taco,['taco'],dry,,,0.2263,0.241,0.0,{'taco': 0.0}
Subway,Denver,the taco was hot. overall great experience.,1,2025-10-03,24,User9289,place_Subway_Denver_5,taco,['taco'],,,hot,0.6249,0.406,0.0,{'taco': 0.0}
Subway,Denver,the taco was cold. overall amazing experience.,1,2025-08-30,40,User9262,place_Subway_Denver_4,taco,['taco'],,,cold,0.5859,0.388,0.0,{'taco': 0.0}
Subway,Portland,the pizza was greasy. overall disappointing experience.,5,2025-09-15,37,User4818,place_Subway_Portland_4,,[],greasy,,,-0.4939,0.0,0.348,{}
Subway,Portland,the shake was stale. overall great experience.,4,2025-11-07,24,User8461,place_Subway_Portland_1,shake,['shake'],,,stale,0.5267,0.38,0.157,{'shake': -0.1779}
Subway,Portland,the shake was cheap. overall great experience.,3,2025-08-19,38,User1635,place_Subway_Portland_5,shake,['shake'],,cheap,,0.5267,0.38,0.157,{'shake': -0.1779}
Subway,Portland,the wrap was dry. overall amazing experience.,4,2025-07-23,19,User4563,place_Subway_Portland_3,wrap,['wrap'],dry,,,0.5859,0.388,0.0,{'wrap': 0.0}
Subway,Portland,the coffee was stale. overall disappointing experience.,1,2025-07-20,22,User5161,place_Subway_Portland_4,coffee,['coffee'],,,stale,-0.4939,0.0,0.348,{'coffee': 0.0}
Subway,Portland,the nuggets was cold. overall good experience.,5,2025-09-27,0,User7488,place_Subway_Portland_1,nuggets,['nuggets'],,,cold,0.4404,0.326,0.0,{'nuggets': 0.0}
Subway,Portland,the burger was cold. overall amazing experience.,2,2025-11-27,35,User1177,place_Subway_Portland_5,burger,['burger'],,,cold,0.5859,0.388,0.0,{'burger': 0.0}
Subway,Portland,the fries was juicy. overall great experience.,1,2025-11-24,1,User1125,place_Subway_Portland_1,fries,['fries'],juicy,,,0.6249,0.406,0.0,{'fries': 0.0}
Subway,Portland,the nuggets was greasy. overall great experience.,2,2025-12-25,30,User5944,place_Subway_Portland_3,nuggets,['nuggets'],greasy,,,0.6249,0.406,0.0,{'nuggets': 0.0}
Subway,Portland,the wrap was fresh. overall terrible experience.,1,2025-12-17,32,User3730,place_Subway_Portland_3,wrap,['wrap'],,,fresh,-0.2023,0.221,0.298,{'wrap': 0.3182}
Subway,Portland,the shake was stale. overall okay experience.,2,2025-12-16,40,User9631,place_Subway_Portland_3,shake,['shake'],,,stale,0.0516,0.221,0.198,{'shake': -0.1779}
Domino's,New York,the fries was fresh. overall good experience.,3,2025-08-08,21,User8263,place_Domino's_New York_4,fries,['fries'],,,fresh,0.6369,0.51,0.0,{'fries': 0.3182}
Domino's,New York,the coffee was cheap. overall amazing experience.,3,2025-07-07,24,User9007,place_Domino's_New York_5,coffee,['coffee'],,cheap,,0.5859,0.388,0.0,{'coffee': 0.0}
Domino's,New York,the coffee was crispy. overall great experience.,1,2025-10-19,28,User6243,place_Domino's_New York_1,coffee,['coffee'],crispy,,,0.6249,0.406,0.0,{'coffee': 0.0}
Domino's,New York,the salad was hot. overall great experience.,2,2025-12-09,43,User5543,place_Domino's_New York_3,salad,['salad'],,,hot,0.6249,0.406,0.0,{'salad': 0.0}
Domino's,New York,the nuggets was cheap. overall good experience.,3,2025-07-20,47,User7060,place_Domino's_New York_1,nuggets,['nuggets'],,cheap,,0.4404,0.326,0.0,{'nuggets': 0.0}
Domino's,New York,the nuggets was dry. overall terrible experience.,5,2025-10-08,36,User2064,place_Domino's_New York_5,nuggets,['nuggets'],dry,,,-0.4767,0.0,0.341,{'nuggets': 0.0}
Domino's,New York,the wrap was crispy. overall good experience.,3,2025-11-06,16,User9721,place_Domino's_New York_5,wrap,['wrap'],crispy,,,0.4404,0.326,0.0,{'wrap': 0.0}
Domino's,New York,the burger was stale. overall terrible experience.,1,2025-08-19,16,User8515,place_Domino's_New York_5,burger,['burger'],,,stale,-0.4767,0.0,0.341,{'burger': 0.0}
Domino's,New York,the nuggets was cold. overall great experience.,3,2025-11-03,31,User6038,place_Domino's_New York_5,nuggets,['nuggets'],,,cold,0.6249,0.406,0.0,{'nuggets': 0.0}
Domino's,New York,the fries was stale. overall amazing experience.,1,2025-10-23,2,User4159,place_Domino's_New York_1,fries,['fries'],,,stale,0.5859,0.388,0.0,{'fries': 0.0}
Domino's,New York,the taco was stale. overall terrible experience.,5,2025-09-28,37,User4451,place_Domino's_New York_1,taco,['taco'],,,stale,-0.4767,0.0,0.341,{'taco': 0.0}
Domino's,Los Angeles,the nuggets was juicy. overall disappointing experience.,4,2025-11-10,36,User5521,place_Domino's_Los Angeles_5,nuggets,['nuggets'],juicy,,,-0.4939,0.0,0.348,{'nuggets': 0.0}
Domino's,Los Angeles,the chicken sandwich was fresh. overall disappointing experience.,5,2025-12-14,40,User4611,place_Domino's_Los Angeles_4,"chicken sandwich,sandwich,chicken","['chicken sandwich', 'sandwich', 'chicken']",,,fresh,-0.2263,0.2,0.278,"{'chicken sandwich': 0.3182, 'sandwich': 0.3182, 'chicken': 0.3182}"
Domino's,Los Angeles,the shake was juicy. overall okay experience.,4,2025-10-25,8,User1725,place_Domino's_Los Angeles_4,shake,['shake'],juicy,,,0.0516,0.221,0.198,{'shake': -0.1779}
Domino's,Los Angeles,the shake was cheap. overall okay experience.,5,2025-07-31,22,User4688,place_Domino's_Los Angeles_3,shake,['shake'],,cheap,,0.0516,0.221,0.198,{'shake': -0.1779}
Domino's,Los Angeles,the salad was greasy. overall disappointing experience.,2,2025-11-25,29,User4317,place_Domino's_Los Angeles_2,salad,['salad'],greasy,,,-0.4939,0.0,0.348,{'salad': 0.0}
Domino's,Los Angeles,the nuggets was crispy. overall amazing experience.,5,2025-12-09,0,User5859,place_Domino's_Los Angeles_2,nuggets,['nuggets'],crispy,,,0.5859,0.388,0.0,{'nuggets': 0.0}
Domino's,Los Angeles,the chicken sandwich was cheap. overall disappointing experience.,5,2025-10-17,50,User9711,place_Domino's_Los Angeles_2,"chicken sandwich,sandwich,chicken","['chicken sandwich', 'sandwich', 'chicken']",,cheap,,-0.4939,0.0,0.314,"{'chicken sandwich': 0.0, 'sandwich': 0.0, 'chicken': 0.0}"
Domino's,Los Angeles,the nuggets was greasy. overall disappointing experience.,5,2025-09-18,40,User1281,place_Domino's_Los Angeles_1,nuggets,['nuggets'],greasy,,,-0.4939,0.0,0.348,{'nuggets': 0.0}
Domino's,Los Angeles,the fries was greasy. overall good experience.,3,2025-08-04,42,User7452,place_Domino's_Los Angeles_2,fries,['fries'],greasy,,,0.4404,0.326,0.0,{'fries': 0.0}
Domino's,Los Angeles,the fries was cheap. overall okay experience.,5,2025-08-27,50,User8723,place_Domino's_Los Angeles_3,fries,['fries'],,cheap,,0.2263,0.241,0.0,{'fries': 0.0}
Domino's,Los Angeles,the taco was expensive. overall disappointing experience.,2,2025-08-25,9,User5380,place_Domino's_Los Angeles_2,taco,['taco'],,expensive,,-0.4939,0.0,0.348,{'taco': 0.0}
Domino's,Chicago,the shake was cold. overall terrible experience.,2,2025-12-03,41,User5776,place_Domino's_Chicago_2,shake,['shake'],,,cold,-0.5859,0.0,0.49,{'shake': -0.1779}
Domino's,Chicago,the nuggets was dry. overall terrible experience.,5,2025-10-16,13,User5664,place_Domino's_Chicago_5,nuggets,['nuggets'],dry,,,-0.4767,0.0,0.341,{'nuggets': 0.0}
Domino's,Chicago,the nuggets was cheap. overall amazing experience.,2,2025-08-02,0,User3292,place_Domino's_Chicago_2,nuggets,['nuggets'],,cheap,,0.5859,0.388,0.0,{'nuggets': 0.0}
Domino's,Chicago,the burger was juicy. overall great experience.,2,2025-11-12,18,User4180,place_Domino's_Chicago_1,burger,['burger'],juicy,,,0.6249,0.406,0.0,{'burger': 0.0}
Domino's,Chicago,the coffee was stale. overall okay experience.,4,2025-07-28,47,User3398,place_Domino's_Chicago_5,coffee,['coffee'],,,stale,0.2263,0.241,0.0,{'coffee': 0.0}
Domino's,Chicago,the wrap was stale. overall okay experience.,3,2025-08-23,45,User7781,place_Domino's_Chicago_5,wrap,['wrap'],,,stale,0.2263,0.241,0.0,{'wrap': 0.0}
Domino's,Chicago,the nuggets was juicy. overall good experience.,5,2025-10-10,13,User3899,place_Domino's_Chicago_5,nuggets,['nuggets'],juicy,,,0.4404,0.326,0.0,{'nuggets': 0.0}
Domino's,Chicago,the pizza was crispy. overall amazing experience.,1,2025-11-07,12,User3458,place_Domino's_Chicago_2,,[],crispy,,,0.5859,0.388,0.0,{}
Domino's,Chicago,the taco was cheap. overall terrible experience.,5,2025-11-08,23,User7075,place_Domino's_Chicago_2,taco,['taco'],,cheap,,-0.4767,0.0,0.341,{'taco': 0.0}
Domino's,Chicago,the wrap was crispy. overall great experience.,5,2025-11-08,38,User4202,place_Domino's_Chicago_3,wrap,['wrap'],crispy,,,0.6249,0.406,0.0,{'wrap': 0.0}
Domino's,Chicago,the chicken sandwich was cheap. overall good experience.,1,2025-09-12,2,User4842,place_Domino's_Chicago_3,"chicken sandwich,sandwich,chicken","['chicken sandwich', 'sandwich', 'chicken']",,cheap,,0.4404,0.293,0.0,"{'chicken sandwich': 0.0, 'sandwich': 0.0, 'chicken': 0.0}"
Domino's,Dallas,the coffee was greasy. overall good experience.,2,2025-10-29,21,User9895,place_Domino's_Dallas_5,coffee,['coffee'],greasy,,,0.4404,0.326,0.0,{'coffee': 0.0}
Domino's,Dallas,the chicken sandwich was crispy. overall good experience.,1,2025-10-16,33,User9769,place_Domino's_Dallas_2,"chicken sandwich,sandwich,chicken","['chicken sandwich', 'sandwich', 'chicken']",crispy,,,0.4404,0.293,0.0,"{'chicken sandwich': 0.0, 'sandwich': 0.0, 'chicken': 0.0}"
Domino's,Dallas,the wrap was greasy. overall great experience.,4,2025-08-18,15,User6517,place_Domino's_Dallas_4,wrap,['wrap'],greasy,,,0.6249,0.406,0.0,{'wrap': 0.0}
Domino's,Dallas,the pizza was stale. overall amazing experience.,2,2025-10-22,48,User3278,place_Domino's_Dallas_1,,[],,,stale,0.5859,0.388,0.0,{}
Domino's,Dallas,the shake was hot. overall good experience.,5,2025-07-31,45,User8128,place_Domino's_Dallas_1,shake,['shake'],,,hot,0.296,0.302,0.177,{'shake': -0.1779}
Domino's,Dallas,the chicken sandwich was greasy. overall good experience.,5,2025-10-16,15,User1541,place_Domino's_Dallas_5,"chicken sandwich,sandwich,chicken","['chicken sandwich', 'sandwich', 'chicken']",greasy,,,0.4404,0.293,0.0,"{'chicken sandwich': 0.0, 'sandwich': 0.0, 'chicken': 0.0}"
Domino's,Dallas,the nuggets was hot. overall disappointing experience.,3,2025-12-28,8,User4974,place_Domino's_Dallas_3,nuggets,['nuggets'],,,hot,-0.4939,0.0,0.348,{'nuggets': 0.0}
Domino's,Dallas,the burger was crispy. overall good experience.,3,2025-07-07,15,User9286,place_Domino's_Dallas_5,burger,['burger'],crispy,,,0.4404,0.326,0.0,{'burger': 0.0}
Domino's,Dallas,the coffee was stale. overall amazing experience.,3,2025-09-14,37,User9547,place_Domino's_Dallas_1,coffee,['coffee'],,,stale,0.5859,0.388,0.0,{'coffee': 0.0}
Domino's,Dallas,the burger was cheap. overall terrible experience.,5,2025-09-10,39,User3347,place_Domino's_Dallas_5,burger,['burger'],,cheap,,-0.4767,0.0,0.341,{'burger': 0.0}
Domino's,Dallas,the nuggets was cold. overall great experience.,1,2025-09-09,39,User2884,place_Domino's_Dallas_1,nuggets,['nuggets'],,,cold,0.6249,0.406,0.0,{'nuggets': 0.0}
Domino's,Atlanta,the chicken sandwich was stale. overall great experience.,5,2025-10-06,28,User4772,place_Domino's_Atlanta_5,"chicken sandwich,sandwich,chicken","['chicken sandwich', 'sandwich', 'chicken']",,,stale,0.6249,0.369,0.0,"{'chicken sandwich': 0.0, 'sandwich': 0.0, 'chicken': 0.0}"
Domino's,Atlanta,the coffee was stale. overall good experience.,3,2025-11-09,45,User5006,place_Domino's_Atlanta_4,coffee,['coffee'],,,stale,0.4404,0.326,0.0,{'coffee': 0.0}
Domino's,Atlanta,the fries was stale. overall great experience.,1,2025-10-07,15,User2404,place_Domino's_Atlanta_3,fries,['fries'],,,stale,0.6249,0.406,0.0,{'fries': 0.0}
Domino's,Atlanta,the nuggets was juicy. overall great experience.,1,2025-08-22,39,User7707,place_Domino's_Atlanta_4,nuggets,['nuggets'],juicy,,,0.6249,0.406,0.0,{'nuggets': 0.0}
Domino's,Atlanta,the pizza was stale. overall disappointing experience.,4,2025-11-19,2,User4796,place_Domino's_Atlanta_4,,[],,,stale,-0.4939,0.0,0.348,{}
Domino's,Atlanta,the shake was hot. overall great experience.,3,2025-12-23,42,User7278,place_Domino's_Atlanta_1,shake,['shake'],,,hot,0.5267,0.38,0.157,{'shake': -0.1779}
Domino's,Atlanta,the chicken sandwich was stale. overall terrible experience.,3,2025-07-26,35,User9424,place_Domino's_Atlanta_5,"chicken sandwich,sandwich,chicken","['chicken sandwich', 'sandwich', 'chicken']",,,stale,-0.4767,0.0,0.307,"{'chicken sandwich': 0.0, 'sandwich': 0.0, 'chicken': 0.0}"
Domino's,Atlanta,the burger was cheap. overall great experience.,4,2025-11-26,1,User8477,place_Domino's_Atlanta_4,burger,['burger'],,cheap,,0.6249,0.406,0.0,{'burger': 0.0}
Domino's,Atlanta,the burger was hot. overall terrible experience.,5,2025-10-29,24,User2840,place_Domino's_Atlanta_1,burger,['burger'],,,hot,-0.4767,0.0,0.341,{'burger': 0.0}
Domino's,Atlanta,the shake was stale. overall amazing experience.,1,2025-10-13,49,User9145,place_Domino's_Atlanta_4,shake,['shake'],,,stale,0.4767,0.362,0.162,{'shake': -0.1779}
Domino's,Atlanta,the salad was fresh. overall amazing experience.,3,2025-08-14,49,User3765,place_Domino's_Atlanta_3,salad,['salad'],,,fresh,0.7269,0.55,0.0,{'salad': 0.3182}
Domino's,Houston,the chicken sandwich was fresh. overall disappointing experience.,2,2025-09-15,23,User4195,place_Domino's_Houston_5,"chicken sandwich,sandwich,chicken","['chicken sandwich', 'sandwich', 'chicken']",,,fresh,-0.2263,0.2,0.278,"{'chicken sandwich': 0.3182, 'sandwich': 0.3182, 'chicken': 0.3182}"
Domino's,Houston,the pizza was crispy. overall disappointing experience.,4,2025-12-17,5,User9229,place_Domino's_Houston_2,,[],crispy,,,-0.4939,0.0,0.348,{}
Domino's,Houston,the taco was crispy. overall terrible experience.,5,2025-12-22,15,User2621,place_Domino's_Houston_1,taco,['taco'],crispy,,,-0.4767,0.0,0.341,{'taco': 0.0}
Domino's,Houston,the wrap was cheap. overall disappointing experience.,4,2025-07-11,42,User8228,place_Domino's_Houston_2,wrap,['wrap'],,cheap,,-0.4939,0.0,0.348,{'wrap': 0.0}
Domino's,Houston,the burger was juicy. overall terrible experience.,1,2025-09-22,11,User9814,place_Domino's_Houston_1,burger,['burger'],juicy,,,-0.4767,0.0,0.341,{'burger': 0.0}
Domino's,Houston,the coffee was cold. overall okay experience.,1,2025-08-09,20,User1071,place_Domino's_Houston_3,coffee,['coffee'],,,cold,0.2263,0.241,0.0,{'coffee': 0.0}
Domino's,Houston,the shake was dry. overall disappointing experience.,4,2025-09-04,27,User6675,place_Domino's_Houston_3,shake,['shake'],dry,,,-0.5994,0.0,0.495,{'shake': -0.1779}
Domino's,Houston,the shake was crispy. overall disappointing experience.,1,2025-10-27,20,User7916,place_Domino's_Houston_3,shake,['shake'],crispy,,,-0.5994,0.0,0.495,{'shake': -0.1779}
Domino's,Houston,the chicken sandwich was cold. overall amazing experience.,2,2025-12-05,0,User3532,place_Domino's_Houston_5,"chicken sandwich,sandwich,chicken","['chicken sandwich', 'sandwich', 'chicken']",,,cold,0.5859,0.352,0.0,"{'chicken sandwich': 0.0, 'sandwich': 0.0, 'chicken': 0.0}"
Domino's,Houston,the burger was hot. overall good experience.,1,2025-11-26,19,User3555,place_Domino's_Houston_4,burger,['burger'],,,hot,0.4404,0.326,0.0,{'burger': 0.0}
Domino's,Houston,the burger was expensive. overall great experience.,3,2025-10-09,7,User3545,place_Domino's_Houston_2,burger,['burger'],,expensive,,0.6249,0.406,0.0,{'burger': 0.0}
Domino's,Phoenix,the nuggets was dry. overall good experience.,3,2025-12-29,12,User5089,place_Domino's_Phoenix_3,nuggets,['nuggets'],dry,,,0.4404,0.326,0.0,{'nuggets': 0.0}
Domino's,Phoenix,the taco was expensive. overall disappointing experience.,5,2025-10-24,13,User4022,place_Domino's_Phoenix_2,taco,['taco'],,expensive,,-0.4939,0.0,0.348,{'taco': 0.0}
Domino's,Phoenix,the nuggets was expensive. overall amazing experience.,4,2025-11-10,46,User6847,place_Domino's_Phoenix_4,nuggets,['nuggets'],,expensive,,0.5859,0.388,0.0,{'nuggets': 0.0}
Domino's,Phoenix,the coffee was stale. overall disappointing experience.,4,2025-12-08,31,User3494,place_Domino's_Phoenix_1,coffee,['coffee'],,,stale,-0.4939,0.0,0.348,{'coffee': 0.0}
Domino's,Phoenix,the shake was expensive. overall great experience.,1,2025-11-27,30,User5607,place_Domino's_Phoenix_2,shake,['shake'],,expensive,,0.5267,0.38,0.157,{'shake': -0.1779}
Domino's,Phoenix,the nuggets was hot. overall terrible experience.,4,2025-07-04,16,User4373,place_Domino's_Phoenix_5,nuggets,['nuggets'],,,hot,-0.4767,0.0,0.341,{'nuggets': 0.0}
Domino's,Phoenix,the wrap was stale. overall good experience.,1,2025-11-03,31,User1512,place_Domino's_Phoenix_2,wrap,['wrap'],,,stale,0.4404,0.326,0.0,{'wrap': 0.0}
Domino's,Phoenix,the fries was stale. overall great experience.,4,2025-11-17,14,User1620,place_Domino's_Phoenix_5,fries,['fries'],,,stale,0.6249,0.406,0.0,{'fries': 0.0}
Domino's,Phoenix,the fries was cheap. overall great experience.,3,2025-12-19,48,User2555,place_Domino's_Phoenix_4,fries,['fries'],,cheap,,0.6249,0.406,0.0,{'fries': 0.0}
Domino's,Phoenix,the pizza was cheap. overall great experience.,1,2025-12-05,28,User4077,place_Domino's_Phoenix_5,,[],,cheap,,0.6249,0.406,0.0,{}
Domino's,Phoenix,the salad was cheap. overall disappointing experience.,3,2025-07-22,36,User3012,place_Domino's_Phoenix_2,salad,['salad'],,cheap,,-0.4939,0.0,0.348,{'salad': 0.0}
Domino's,Philadelphia,the taco was cold. overall disappointing experience.,3,2025-09-28,14,User5095,place_Domino's_Philadelphia_5,taco,['taco'],,,cold,-0.4939,0.0,0.348,{'taco': 0.0}
Domino's,Philadelphia,the fries was cold. overall amazing experience.,5,2025-07-12,2,User6131,place_Domino's_Philadelphia_3,fries,['fries'],,,cold,0.5859,0.388,0.0,{'fries': 0.0}
Domino's,Philadelphia,the taco was crispy. overall amazing experience.,3,2025-10-03,10,User6145,place_Domino's_Philadelphia_2,taco,['taco'],crispy,,,0.5859,0.388,0.0,{'taco': 0.0}
Domino's,Philadelphia,the chicken sandwich was juicy. overall terrible experience.,1,2025-08-23,40,User8841,place_Domino's_Philadelphia_1,"chicken sandwich,sandwich,chicken","['chicken sandwich', 'sandwich', 'chicken']",juicy,,,-0.4767,0.0,0.307,"{'chicken sandwich': 0.0, 'sandwich': 0.0, 'chicken': 0.0}"
Domino's,Philadelphia,the nuggets was hot. overall terrible experience.,5,2025-07-21,36,User4710,place_Domino's_Philadelphia_3,nuggets,['nuggets'],,,hot,-0.4767,0.0,0.341,{'nuggets': 0.0}
Domino's,Philadelphia,the salad was hot. overall okay experience.,3,2025-10-19,25,User6215,place_Domino's_Philadelphia_1,salad,['salad'],,,hot,0.2263,0.241,0.0,{'salad': 0.0}
Domino's,Philadelphia,the burger was stale. overall amazing experience.,1,2025-12-27,34,User5004,place_Domino's_Philadelphia_2,burger,['burger'],,,stale,0.5859,0.388,0.0,{'burger': 0.0}
Domino's,Philadelphia,the shake was dry. overall good experience.,5,2025-08-09,25,User7266,place_Domino's_Philadelphia_2,shake,['shake'],dry,,,0.296,0.302,0.177,{'shake': -0.1779}
Domino's,Philadelphia,the nuggets was stale. overall disappointing experience.,4,2025-11-07,33,User5728,place_Domino's_Philadelphia_1,nuggets,['nuggets'],,,stale,-0.4939,0.0,0.348,{'nuggets': 0.0}
Domino's,Philadelphia,the burger was juicy. overall terrible experience.,3,2025-09-21,2,User9627,place_Domino's_Philadelphia_4,burger,['burger'],juicy,,,-0.4767,0.0,0.341,{'burger': 0.0}
Domino's,Philadelphia,the shake was cheap. overall good experience.,5,2025-11-23,25,User4945,place_Domino's_Philadelphia_4,shake,['shake'],,cheap,,0.296,0.302,0.177,{'shake': -0.1779}
Domino's,San Antonio,the pizza was cold. overall great experience.,5,2025-10-03,41,User8480,place_Domino's_San Antonio_5,,[],,,cold,0.6249,0.406,0.0,{}
Domino's,San Antonio,the chicken sandwich was dry. overall okay experience.,1,2025-12-19,41,User7556,place_Domino's_San Antonio_2,"chicken sandwich,sandwich,chicken","['chicken sandwich', 'sandwich', 'chicken']",dry,,,0.2263,0.213,0.0,"{'chicken sandwich': 0.0, 'sandwich': 0.0, 'chicken': 0.0}"
Domino's,San Antonio,the burger was cheap. overall amazing experience.,1,2025-07-04,29,User1546,place_Domino's_San Antonio_2,burger,['burger'],,cheap,,0.5859,0.388,0.0,{'burger': 0.0}
Domino's,San Antonio,the shake was cold. overall disappointing experience.,1,2025-10-05,48,User8103,place_Domino's_San Antonio_5,shake,['shake'],,,cold,-0.5994,0.0,0.495,{'shake': -0.1779}
Domino's,San Antonio,the fries was juicy. overall okay experience.,2,2025-11-09,19,User3157,place_Domino's_San Antonio_3,fries,['fries'],juicy,,,0.2263,0.241,0.0,{'fries': 0.0}
Domino's,San Antonio,the fries was cheap. overall great experience.,3,2025-12-04,17,User4862,place_Domino's_San Antonio_1,fries,['fries'],,cheap,,0.6249,0.406,0.0,{'fries': 0.0}
Domino's,San Antonio,the salad was expensive. overall disappointing experience.,4,2025-11-20,23,User4504,place_Domino's_San Antonio_3,salad,['salad'],,expensive,,-0.4939,0.0,0.348,{'salad': 0.0}
Domino's,San Antonio,the chicken sandwich was expensive. overall terrible experience.,2,2025-11-16,21,User8037,place_Domino's_San Antonio_3,"chicken sandwich,sandwich,chicken","['chicken sandwich', 'sandwich', 'chicken']",,expensive,,-0.4767,0.0,0.307,"{'chicken sandwich': 0.0, 'sandwich': 0.0, 'chicken': 0.0}"
Domino's,San Antonio,the chicken sandwich was expensive. overall disappointing experience.,3,2025-09-21,36,User9314,place_Domino's_San Antonio_5,"chicken sandwich,sandwich,chicken","['chicken sandwich', 'sandwich', 'chicken']",,expensive,,-0.4939,0.0,0.314,"{'chicken sandwich': 0.0, 'sandwich': 0.0, 'chicken': 0.0}"
Domino's,San Antonio,the wrap was cold. overall good experience.,1,2025-08-30,15,User2777,place_Domino's_San Antonio_4,wrap,['wrap'],,,cold,0.4404,0.326,0.0,{'wrap': 0.0}
Domino's,San Antonio,the nuggets was greasy. overall terrible experience.,3,2025-08-29,4,User4946,place_Domino's_San Antonio_5,nuggets,['nuggets'],greasy,,,-0.4767,0.0,0.341,{'nuggets': 0.0}
Domino's,San Diego,the coffee was fresh. overall great experience.,1,2025-11-11,38,User7191,place_Domino's_San Diego_4,coffee,['coffee'],,,fresh,0.7506,0.561,0.0,{'coffee': 0.3182}
Domino's,San Diego,the fries was cheap. overall okay experience.,4,2025-08-25,35,User2804,place_Domino's_San Diego_2,fries,['fries'],,cheap,,0.2263,0.241,0.0,{'fries': 0.0}
Domino's,San Diego,the shake was cheap. overall great experience.,3,2025-10-19,7,User5194,place_Domino's_San Diego_3,shake,['shake'],,cheap,,0.5267,0.38,0.157,{'shake': -0.1779}
Domino's,San Diego,the burger was stale. overall terrible experience.,5,2025-12-27,17,User7903,place_Domino's_San Diego_4,burger,['burger'],,,stale,-0.4767,0.0,0.341,{'burger': 0.0}
Domino's,San Diego,the pizza was dry. overall disappointing experience.,3,2025-08-10,49,User3512,place_Domino's_San Diego_5,,[],dry,,,-0.4939,0.0,0.348,{}
Domino's,San Diego,the fries was stale. overall terrible experience.,4,2025-08-21,11,User4393,place_Domino's_San Diego_2,fries,['fries'],,,stale,-0.4767,0.0,0.341,{'fries': 0.0}
Domino's,San Diego,the pizza was cold. overall disappointing experience.,4,2025-12-14,6,User6799,place_Domino's_San Diego_4,,[],,,cold,-0.4939,0.0,0.348,{}
Domino's,San Diego,the taco was fresh. overall good experience.,2,2025-10-06,1,User2031,place_Domino's_San Diego_3,taco,['taco'],,,fresh,0.6369,0.51,0.0,{'taco': 0.3182}
Domino's,San Diego,the wrap was juicy. overall okay experience.,2,2025-10-11,6,User8947,place_Domino's_San Diego_2,wrap,['wrap'],juicy,,,0.2263,0.241,0.0,{'wrap': 0.0}
Domino's,San Diego,the fries was crispy. overall terrible experience.,5,2025-08-28,16,User2574,place_Domino's_San Diego_5,fries,['fries'],crispy,,,-0.4767,0.0,0.341,{'fries': 0.0}
Domino's,San Diego,the fries was stale. overall disappointing experience.,4,2025-09-07,36,User9582,place_Domino's_San Diego_1,fries,['fries'],,,stale,-0.4939,0.0,0.348,{'fries': 0.0}
Domino's,Miami,the taco was greasy. overall great experience.,2,2025-12-05,39,User6064,place_Domino's_Miami_5,taco,['taco'],greasy,,,0.6249,0.406,0.0,{'taco': 0.0}
Domino's,Miami,the salad was juicy. overall terrible experience.,4,2025-08-23,30,User8987,place_Domino's_Miami_5,salad,['salad'],juicy,,,-0.4767,0.0,0.341,{'salad': 0.0}
Domino's,Miami,the coffee was stale. overall okay experience.,4,2025-11-16,13,User2159,place_Domino's_Miami_5,coffee,['coffee'],,,stale,0.2263,0.241,0.0,{'coffee': 0.0}
Domino's,Miami,the pizza was hot. overall good experience.,2,2025-11-22,20,User4359,place_Domino's_Miami_5,,[],,,hot,0.4404,0.326,0.0,{}
Domino's,Miami,the fries was dry. overall great experience.,1,2025-07-12,44,User8855,place_Domino's_Miami_2,fries,['fries'],dry,,,0.6249,0.406,0.0,{'fries': 0.0}
Domino's,Miami,the burger was dry. overall good experience.,5,2025-09-24,40,User7770,place_Domino's_Miami_4,burger,['burger'],dry,,,0.4404,0.326,0.0,{'burger': 0.0}
Domino's,Miami,the shake was crispy. overall amazing experience.,5,2025-08-04,37,User2359,place_Domino's_Miami_3,shake,['shake'],crispy,,,0.4767,0.362,0.162,{'shake': -0.1779}
Domino's,Miami,the fries was crispy. overall great experience.,4,2025-08-27,0,User1529,place_Domino's_Miami_2,fries,['fries'],crispy,,,0.6249,0.406,0.0,{'fries': 0.0}
Domino's,Miami,the shake was cheap. overall great experience.,2,2025-12-29,42,User1876,place_Domino's_Miami_3,shake,['shake'],,cheap,,0.5267,0.38,0.157,{'shake': -0.1779}
Domino's,Miami,the wrap was juicy. overall good experience.,2,2025-10-05,47,User8953,place_Domino's_Miami_1,wrap,['wrap'],juicy,,,0.4404,0.326,0.0,{'wrap': 0.0}
Domino's,Miami,the fries was cold. overall okay experience.,3,2025-11-13,20,User2224,place_Domino's_Miami_1,fries,['fries'],,,cold,0.2263,0.241,0.0,{'fries': 0.0}
Domino's,Seattle,the burger was juicy. overall okay experience.,5,2025-11-16,5,User1537,place_Domino's_Seattle_2,burger,['burger'],juicy,,,0.2263,0.241,0.0,{'burger': 0.0}
Domino's,Seattle,the shake was cheap. overall disappointing experience.,2,2025-09-17,2,User1952,place_Domino's_Seattle_5,shake,['shake'],,cheap,,-0.5994,0.0,0.495,{'shake': -0.1779}
Domino's,Seattle,the nuggets was stale. overall amazing experience.,4,2025-10-22,8,User9791,place_Domino's_Seattle_1,nuggets,['nuggets'],,,stale,0.5859,0.388,0.0,{'nuggets': 0.0}
Domino's,Seattle,the pizza was cheap. overall okay experience.,3,2025-07-14,13,User7212,place_Domino's_Seattle_5,,[],,cheap,,0.2263,0.241,0.0,{}
Domino's,Seattle,the wrap was cheap. overall okay experience.,1,2025-08-20,50,User6214,place_Domino's_Seattle_4,wrap,['wrap'],,cheap,,0.2263,0.241,0.0,{'wrap': 0.0}
Domino's,Seattle,the salad was hot. overall okay experience.,5,2025-11-12,10,User9000,place_Domino's_Seattle_2,salad,['salad'],,,hot,0.2263,0.241,0.0,{'salad': 0.0}
Domino's,Seattle,the salad was cheap. overall terrible experience.,4,2025-09-27,15,User4870,place_Domino's_Seattle_4,salad,['salad'],,cheap,,-0.4767,0.0,0.341,{'salad': 0.0}
Domino's,Seattle,the fries was crispy. overall terrible experience.,5,2025-10-18,30,User1342,place_Domino's_Seattle_2,fries,['fries'],crispy,,,-0.4767,0.0,0.341,{'fries': 0.0}
Domino's,Seattle,the taco was crispy. overall great experience.,4,2025-07-24,23,User5825,place_Domino's_Seattle_1,taco,['taco'],crispy,,,0.6249,0.406,0.0,{'taco': 0.0}
Domino's,Seattle,the wrap was cheap. overall disappointing experience.,2,2025-11-20,31,User8910,place_Domino's_Seattle_3,wrap,['wrap'],,cheap,,-0.4939,0.0,0.348,{'wrap': 0.0}
Domino's,Seattle,the salad was cheap. overall terrible experience.,3,2025-09-21,17,User6015,place_Domino's_Seattle_2,salad,['salad'],,cheap,,-0.4767,0.0,0.341,{'salad': 0.0}
Domino's,Boston,the wrap was stale. overall amazing experience.,2,2025-09-14,32,User9494,place_Domino's_Boston_1,wrap,['wrap'],,,stale,0.5859,0.388,0.0,{'wrap': 0.0}
Domino's,Boston,the fries was crispy. overall okay experience.,4,2025-09-28,6,User6071,place_Domino's_Boston_4,fries,['fries'],crispy,,,0.2263,0.241,0.0,{'fries': 0.0}
Domino's,Boston,the burger was greasy. overall okay experience.,1,2025-12-16,16,User8625,place_Domino's_Boston_4,burger,['burger'],greasy,,,0.2263,0.241,0.0,{'burger': 0.0}
Domino's,Boston,the shake was dry. overall okay experience.,3,2025-09-29,29,User6041,place_Domino's_Boston_2,shake,['shake'],dry,,,0.0516,0.221,0.198,{'shake': -0.1779}
Domino's,Boston,the chicken sandwich was crispy. overall good experience.,4,2025-07-26,16,User7520,place_Domino's_Boston_3,"chicken sandwich,sandwich,chicken","['chicken sandwich', 'sandwich', 'chicken']",crispy,,,0.4404,0.293,0.0,"{'chicken sandwich': 0.0, 'sandwich': 0.0, 'chicken': 0.0}"
Domino's,Boston,the coffee was juicy. overall okay experience.,2,2025-12-19,50,User6487,place_Domino's_Boston_5,coffee,['coffee'],juicy,,,0.2263,0.241,0.0,{'coffee': 0.0}
Domino's,Boston,the wrap was fresh. overall amazing experience.,3,2025-11-22,16,User6268,place_Domino's_Boston_5,wrap,['wrap'],,,fresh,0.7269,0.55,0.0,{'wrap': 0.3182}
Domino's,Boston,the chicken sandwich was expensive. overall okay experience.,1,2025-12-21,10,User9133,place_Domino's_Boston_5,"chicken sandwich,sandwich,chicken","['chicken sandwich', 'sandwich', 'chicken']",,expensive,,0.2263,0.213,0.0,"{'chicken sandwich': 0.0, 'sandwich': 0.0, 'chicken': 0.0}"
Domino's,Boston,the burger was greasy. overall good experience.,1,2025-07-15,21,User1481,place_Domino's_Boston_5,burger,['burger'],greasy,,,0.4404,0.326,0.0,{'burger': 0.0}
Domino's,Boston,the burger was cold. overall terrible experience.,3,2025-10-04,10,User7010,place_Domino's_Boston_2,burger,['burger'],,,cold,-0.4767,0.0,0.341,{'burger': 0.0}
Domino's,Boston,the fries was expensive. overall amazing experience.,2,2025-09-13,38,User1002,place_Domino's_Boston_5,fries,['fries'],,expensive,,0.5859,0.388,0.0,{'fries': 0.0}
Domino's,Denver,the coffee was crispy. overall good experience.,4,2025-11-14,30,User1278,place_Domino's_Denver_4,coffee,['coffee'],crispy,,,0.4404,0.326,0.0,{'coffee': 0.0}
Domino's,Denver,the wrap was greasy. overall amazing experience.,2,2025-07-19,20,User9870,place_Domino's_Denver_1,wrap,['wrap'],greasy,,,0.5859,0.388,0.0,{'wrap': 0.0}
Domino's,Denver,the nuggets was hot. overall okay experience.,1,2025-12-14,49,User7348,place_Domino's_Denver_5,nuggets,['nuggets'],,,hot,0.2263,0.241,0.0,{'nuggets': 0.0}
Domino's,Denver,the coffee was dry. overall good experience.,1,2025-09-30,12,User4826,place_Domino's_Denver_1,coffee,['coffee'],dry,,,0.4404,0.326,0.0,{'coffee': 0.0}
Domino's,Denver,the shake was juicy. overall good experience.,5,2025-08-06,50,User1411,place_Domino's_Denver_1,shake,['shake'],juicy,,,0.296,0.302,0.177,{'shake': -0.1779}
Domino's,Denver,the nuggets was stale. overall terrible experience.,2,2025-10-02,35,User9070,place_Domino's_Denver_1,nuggets,['nuggets'],,,stale,-0.4767,0.0,0.341,{'nuggets': 0.0}
Domino's,Denver,the nuggets was cheap. overall good experience.,1,2025-08-06,30,User8147,place_Domino's_Denver_1,nuggets,['nuggets'],,cheap,,0.4404,0.326,0.0,{'nuggets': 0.0}
Domino's,Denver,the taco was expensive. overall great experience.,2,2025-09-25,23,User2822,place_Domino's_Denver_3,taco,['taco'],,expensive,,0.6249,0.406,0.0,{'taco': 0.0}
Domino's,Denver,the fries was hot. overall amazing experience.,3,2025-07-27,44,User1531,place_Domino's_Denver_1,fries,['fries'],,,hot,0.5859,0.388,0.0,{'fries': 0.0}
Domino's,Denver,the pizza was juicy. overall good experience.,5,2025-10-06,9,User2082,place_Domino's_Denver_5,,[],juicy,,,0.4404,0.326,0.0,{}
Domino's,Denver,the chicken sandwich was cold. overall disappointing experience.,3,2025-08-07,39,User4477,place_Domino's_Denver_4,"chicken sandwich,sandwich,chicken","['chicken sandwich', 'sandwich', 'chicken']",,,cold,-0.4939,0.0,0.314,"{'chicken sandwich': 0.0, 'sandwich': 0.0, 'chicken': 0.0}"
Domino's,Portland,the burger was stale. overall disappointing experience.,2,2025-08-23,47,User7579,place_Domino's_Portland_2,burger,['burger'],,,stale,-0.4939,0.0,0.348,{'burger': 0.0}
Domino's,Portland,the salad was hot. overall great experience.,3,2025-11-18,5,User7459,place_Domino's_Portland_2,salad,['salad'],,,hot,0.6249,0.406,0.0,{'salad': 0.0}
Domino's,Portland,the coffee was dry. overall disappointing experience.,3,2025-08-23,25,User1527,place_Domino's_Portland_4,coffee,['coffee'],dry,,,-0.4939,0.0,0.348,{'coffee': 0.0}
Domino's,Portland,the chicken sandwich was stale. overall good experience.,4,2025-09-23,23,User8290,place_Domino's_Portland_1,"chicken sandwich,sandwich,chicken","['chicken sandwich', 'sandwich', 'chicken']",,,stale,0.4404,0.293,0.0,"{'chicken sandwich': 0.0, 'sandwich': 0.0, 'chicken': 0.0}"
Domino's,Portland,the wrap was fresh. overall terrible experience.,2,2025-08-14,40,User6962,place_Domino's_Portland_3,wrap,['wrap'],,,fresh,-0.2023,0.221,0.298,{'wrap': 0.3182}
Domino's,Portland,the taco was stale. overall terrible experience.,5,2025-09-27,14,User5669,place_Domino's_Portland_4,taco,['taco'],,,stale,-0.4767,0.0,0.341,{'taco': 0.0}
Domino's,Portland,the burger was juicy. overall okay experience.,1,2025-07-07,8,User1544,place_Domino's_Portland_1,burger,['burger'],juicy,,,0.2263,0.241,0.0,{'burger': 0.0}
Domino's,Portland,the nuggets was dry. overall okay experience.,1,2025-11-10,33,User8011,place_Domino's_Portland_2,nuggets,['nuggets'],dry,,,0.2263,0.241,0.0,{'nuggets': 0.0}
Domino's,Portland,the chicken sandwich was crispy. overall okay experience.,2,2025-12-13,28,User2484,place_Domino's_Portland_1,"chicken sandwich,sandwich,chicken","['chicken sandwich', 'sandwich', 'chicken']",crispy,,,0.2263,0.213,0.0,"{'chicken sandwich': 0.0, 'sandwich': 0.0, 'chicken': 0.0}"
Domino's,Portland,the burger was stale. overall terrible experience.,1,2025-11-29,4,User7314,place_Domino's_Portland_4,burger,['burger'],,,stale,-0.4767,0.0,0.341,{'burger': 0.0}
Domino's,Portland,the burger was crispy. overall great experience.,1,2025-08-01,48,User6755,place_Domino's_Portland_1,burger,['burger'],crispy,,,0.6249,0.406,0.0,{'burger': 0.0}
Pizza Hut,New York,the taco was fresh. overall disappointing experience.,3,2025-09-05,13,User3344,place_Pizza Hut_New York_2,taco,['taco'],,,fresh,-0.2263,0.219,0.305,{'taco': 0.3182}
Pizza Hut,New York,the burger was stale. overall great experience.,5,2025-10-04,31,User7371,place_Pizza Hut_New York_3,burger,['burger'],,,stale,0.6249,0.406,0.0,{'burger': 0.0}
Pizza Hut,New York,the fries was fresh. overall good experience.,2,2025-07-06,30,User6429,place_Pizza Hut_New York_5,fries,['fries'],,,fresh,0.6369,0.51,0.0,{'fries': 0.3182}
Pizza Hut,New York,the pizza was expensive. overall good experience.,2,2025-12-11,26,User8983,place_Pizza Hut_New York_5,,[],,expensive,,0.4404,0.326,0.0,{}
Pizza Hut,New York,the taco was hot. overall disappointing experience.,1,2025-08-02,15,User1135,place_Pizza Hut_New York_3,taco,['taco'],,,hot,-0.4939,0.0,0.348,{'taco': 0.0}
Pizza Hut,New York,the nuggets was stale. overall okay experience.,3,2025-08-17,11,User9626,place_Pizza Hut_New York_5,nuggets,['nuggets'],,,stale,0.2263,0.241,0.0,{'nuggets': 0.0}
Pizza Hut,New York,the chicken sandwich was cheap. overall great experience.,5,2025-09-08,19,User4135,place_Pizza Hut_New York_2,"chicken sandwich,sandwich,chicken","['chicken sandwich', 'sandwich', 'chicken']",,cheap,,0.6249,0.369,0.0,"{'chicken sandwich': 0.0, 'sandwich': 0.0, 'chicken': 0.0}"
Pizza Hut,New York,the fries was stale. overall amazing experience.,5,2025-10-09,49,User8416,place_Pizza Hut_New York_1,fries,['fries'],,,stale,0.5859,0.388,0.0,{'fries': 0.0}
Pizza Hut,New York,the wrap was expensive. overall terrible experience.,1,2025-11-24,13,User6929,place_Pizza Hut_New York_3,wrap,['wrap'],,expensive,,-0.4767,0.0,0.341,{'wrap': 0.0}
Pizza Hut,New York,the coffee was greasy. overall amazing experience.,4,2025-10-15,0,User9717,place_Pizza Hut_New York_5,coffee,['coffee'],greasy,,,0.5859,0.388,0.0,{'coffee': 0.0}
Pizza Hut,New York,the fries was greasy. overall disappointing experience.,1,2025-07-12,8,User5005,place_Pizza Hut_New York_5,fries,['fries'],greasy,,,-0.4939,0.0,0.348,{'fries': 0.0}
Pizza Hut,Los Angeles,the salad was hot. overall okay experience.,3,2025-12-25,23,User3051,place_Pizza Hut_Los Angeles_5,salad,['salad'],,,hot,0.2263,0.241,0.0,{'salad': 0.0}
Pizza Hut,Los Angeles,the coffee was greasy. overall okay experience.,1,2025-09-19,0,User2803,place_Pizza Hut_Los Angeles_2,coffee,['coffee'],greasy,,,0.2263,0.241,0.0,{'coffee': 0.0}
Pizza Hut,Los Angeles,the wrap was expensive. overall good experience.,5,2025-10-25,41,User2872,place_Pizza Hut_Los Angeles_1,wrap,['wrap'],,expensive,,0.4404,0.326,0.0,{'wrap': 0.0}
Pizza Hut,Los Angeles,the coffee was expensive. overall terrible experience.,3,2025-08-06,8,User8634,place_Pizza Hut_Los Angeles_5,coffee,['coffee'],,expensive,,-0.4767,0.0,0.341,{'coffee': 0.0}
Pizza Hut,Los Angeles,the taco was crispy. overall terrible experience.,1,2025-11-05,45,User1848,place_Pizza Hut_Los Angeles_2,taco,['taco'],crispy,,,-0.4767,0.0,0.341,{'taco': 0.0}
Pizza Hut,Los Angeles,the salad was cheap. overall okay experience.,3,2025-10-19,46,User8347,place_Pizza Hut_Los Angeles_5,salad,['salad'],,cheap,,0.2263,0.241,0.0,{'salad': 0.0}
Pizza Hut,Los Angeles,the wrap was greasy. overall good experience.,5,2025-07-24,32,User2599,place_Pizza Hut_Los Angeles_4,wrap,['wrap'],greasy,,,0.4404,0.326,0.0,{'wrap': 0.0}
Pizza Hut,Los Angeles,the shake was cheap. overall disappointing experience.,5,2025-09-04,20,User3141,place_Pizza Hut_Los Angeles_5,shake,['shake'],,cheap,,-0.5994,0.0,0.495,{'shake': -0.1779}
Pizza Hut,Los Angeles,the burger was greasy. overall disappointing experience.,4,2025-10-13,2,User4685,place_Pizza Hut_Los Angeles_4,burger,['burger'],greasy,,,-0.4939,0.0,0.348,{'burger': 0.0}
Pizza Hut,Los Angeles,the taco was stale. overall amazing experience.,1,2025-10-11,31,User2247,place_Pizza Hut_Los Angeles_5,taco,['taco'],,,stale,0.5859,0.388,0.0,{'taco': 0.0}
Pizza Hut,Los Angeles,the chicken sandwich was expensive. overall good experience.,5,2025-11-23,22,User6235,place_Pizza Hut_Los Angeles_2,"chicken sandwich,sandwich,chicken","['chicken sandwich', 'sandwich', 'chicken']",,expensive,,0.4404,0.293,0.0,"{'chicken sandwich': 0.0, 'sandwich': 0.0, 'chicken': 0.0}"
Pizza Hut,Chicago,the taco was expensive. overall good experience.,5,2025-10-11,24,User3516,place_Pizza Hut_Chicago_5,taco,['taco'],,expensive,,0.4404,0.326,0.0,{'taco': 0.0}
Pizza Hut,Chicago,the nuggets was hot. overall good experience.,4,2025-07-14,14,User4731,place_Pizza Hut_Chicago_1,nuggets,['nuggets'],,,hot,0.4404,0.326,0.0,{'nuggets': 0.0}
Pizza Hut,Chicago,the shake was cold. overall okay experience.,2,2025-08-13,7,User2457,place_Pizza Hut_Chicago_3,shake,['shake'],,,cold,0.0516,0.221,0.198,{'shake': -0.1779}
Pizza Hut,Chicago,the coffee was dry. overall good experience.,4,2025-09-26,22,User5158,place_Pizza Hut_Chicago_3,coffee,['coffee'],dry,,,0.4404,0.326,0.0,{'coffee': 0.0}
Pizza Hut,Chicago,the fries was stale. overall great experience.,4,2025-09-20,21,User2332,place_Pizza Hut_Chicago_5,fries,['fries'],,,stale,0.6249,0.406,0.0,{'fries': 0.0}
Pizza Hut,Chicago,the taco was dry. overall good experience.,2,2025-07-07,24,User8492,place_Pizza Hut_Chicago_5,taco,['taco'],dry,,,0.4404,0.326,0.0,{'taco': 0.0}
Pizza Hut,Chicago,the wrap was hot. overall disappointing experience.,5,2025-08-09,43,User4038,place_Pizza Hut_Chicago_2,wrap,['wrap'],,,hot,-0.4939,0.0,0.348,{'wrap': 0.0}
Pizza Hut,Chicago,the taco was juicy. overall amazing experience.,5,2025-12-01,30,User6536,place_Pizza Hut_Chicago_3,taco,['taco'],juicy,,,0.5859,0.388,0.0,{'taco': 0.0}
Pizza Hut,Chicago,the wrap was dry. overall disappointing experience.,5,2025-07-27,50,User7120,place_Pizza Hut_Chicago_5,wrap,['wrap'],dry,,,-0.4939,0.0,0.348,{'wrap': 0.0}
Pizza Hut,Chicago,the wrap was hot. overall great experience.,1,2025-11-27,22,User6736,place_Pizza Hut_Chicago_5,wrap,['wrap'],,,hot,0.6249,0.406,0.0,{'wrap': 0.0}
Pizza Hut,Chicago,the fries was crispy. overall good experience.,5,2025-12-03,5,User8065,place_Pizza Hut_Chicago_1,fries,['fries'],crispy,,,0.4404,0.326,0.0,{'fries': 0.0}
Pizza Hut,Dallas,the nuggets was expensive. overall great experience.,5,2025-11-20,48,User2900,place_Pizza Hut_Dallas_1,nuggets,['nuggets'],,expensive,,0.6249,0.406,0.0,{'nuggets': 0.0}
Pizza Hut,Dallas,the coffee was cold. overall great experience.,2,2025-10-20,40,User8973,place_Pizza Hut_Dallas_2,coffee,['coffee'],,,cold,0.6249,0.406,0.0,{'coffee': 0.0}
Pizza Hut,Dallas,the fries was stale. overall terrible experience.,2,2025-11-28,19,User1362,place_Pizza Hut_Dallas_5,fries,['fries'],,,stale,-0.4767,0.0,0.341,{'fries': 0.0}
Pizza Hut,Dallas,the shake was crispy. overall okay experience.,3,2025-12-15,33,User4593,place_Pizza Hut_Dallas_2,shake,['shake'],crispy,,,0.0516,0.221,0.198,{'shake': -0.1779}
Pizza Hut,Dallas,the burger was juicy. overall great experience.,3,2025-09-30,45,User2041,place_Pizza Hut_Dallas_1,burger,['burger'],juicy,,,0.6249,0.406,0.0,{'burger': 0.0}
Pizza Hut,Dallas,the wrap was stale. overall disappointing experience.,3,2025-08-03,10,User3235,place_Pizza Hut_Dallas_2,wrap,['wrap'],,,stale,-0.4939,0.0,0.348,{'wrap': 0.0}
Pizza Hut,Dallas,the burger was stale. overall amazing experience.,1,2025-07-07,27,User2107,place_Pizza Hut_Dallas_5,burger,['burger'],,,stale,0.5859,0.388,0.0,{'burger': 0.0}
Pizza Hut,Dallas,the chicken sandwich was fresh. overall great experience.,1,2025-09-16,46,User2106,place_Pizza Hut_Dallas_2,"chicken sandwich,sandwich,chicken","['chicken sandwich', 'sandwich', 'chicken']",,,fresh,0.7506,0.516,0.0,"{'chicken sandwich': 0.3182, 'sandwich': 0.3182, 'chicken': 0.3182}"
Pizza Hut,Dallas,the taco was stale. overall okay experience.,2,2025-09-30,5,User8500,place_Pizza Hut_Dallas_4,taco,['taco'],,,stale,0.2263,0.241,0.0,{'taco': 0.0}
Pizza Hut,Dallas,the coffee was stale. overall great experience.,3,2025-12-22,45,User3476,place_Pizza Hut_Dallas_3,coffee,['coffee'],,,stale,0.6249,0.406,0.0,{'coffee': 0.0}
Pizza Hut,Dallas,the chicken sandwich was cold. overall okay experience.,5,2025-07-14,30,User2874,place_Pizza Hut_Dallas_3,"chicken sandwich,sandwich,chicken","['chicken sandwich', 'sandwich', 'chicken']",,,cold,0.2263,0.213,0.0,"{'chicken sandwich': 0.0, 'sandwich': 0.0, 'chicken': 0.0}"
Pizza Hut,Atlanta,the wrap was fresh. overall good experience.,2,2025-08-30,21,User6286,place_Pizza Hut_Atlanta_1,wrap,['wrap'],,,fresh,0.6369,0.51,0.0,{'wrap': 0.3182}
Pizza Hut,Atlanta,the chicken sandwich was fresh. overall disappointing experience.,1,2025-09-19,1,User1473,place_Pizza Hut_Atlanta_2,"chicken sandwich,sandwich,chicken","['chicken sandwich', 'sandwich', 'chicken']",,,fresh,-0.2263,0.2,0.278,"{'chicken sandwich': 0.3182, 'sandwich': 0.3182, 'chicken': 0.3182}"
Pizza Hut,Atlanta,the fries was expensive. overall okay experience.,3,2025-09-25,46,User9593,place_Pizza Hut_Atlanta_2,fries,['fries'],,expensive,,0.2263,0.241,0.0,{'fries': 0.0}
Pizza Hut,Atlanta,the salad was fresh. overall great experience.,2,2025-07-14,26,User4774,place_Pizza Hut_Atlanta_2,salad,['salad'],,,fresh,0.7506,0.561,0.0,{'salad': 0.3182}
Pizza Hut,Atlanta,the taco was dry. overall amazing experience.,2,2025-07-16,12,User8909,place_Pizza Hut_Atlanta_4,taco,['taco'],dry,,,0.5859,0.388,0.0,{'taco': 0.0}
Pizza Hut,Atlanta,the chicken sandwich was greasy. overall amazing experience.,3,2025-11-09,45,User6045,place_Pizza Hut_Atlanta_4,"chicken sandwich,sandwich,chicken","['chicken sandwich', 'sandwich', 'chicken']",greasy,,,0.5859,0.352,0.0,"{'chicken sandwich': 0.0, 'sandwich': 0.0, 'chicken': 0.0}"
Pizza Hut,Atlanta,the salad was fresh. overall okay experience.,1,2025-12-25,37,User3830,place_Pizza Hut_Atlanta_3,salad,['salad'],,,fresh,0.4939,0.457,0.0,{'salad': 0.3182}
Pizza Hut,Atlanta,the chicken sandwich was greasy. overall amazing experience.,1,2025-08-16,12,User5878,place_Pizza Hut_Atlanta_3,"chicken sandwich,sandwich,chicken","['chicken sandwich', 'sandwich', 'chicken']",greasy,,,0.5859,0.352,0.0,"{'chicken sandwich': 0.0, 'sandwich': 0.0, 'chicken': 0.0}"
Pizza Hut,Atlanta,the chicken sandwich was expensive. overall okay experience.,4,2025-07-08,25,User8564,place_Pizza Hut_Atlanta_5,"chicken sandwich,sandwich,chicken","['chicken sandwich', 'sandwich', 'chicken']",,expensive,,0.2263,0.213,0.0,"{'chicken sandwich': 0.0, 'sandwich': 0.0, 'chicken': 0.0}"
Pizza Hut,Atlanta,the pizza was hot. overall okay experience.,4,2025-09-24,26,User4203,place_Pizza Hut_Atlanta_3,,[],,,hot,0.2263,0.241,0.0,{}
Pizza Hut,Atlanta,the nuggets was greasy. overall okay experience.,3,2025-12-06,11,User7493,place_Pizza Hut_Atlanta_3,nuggets,['nuggets'],greasy,,,0.2263,0.241,0.0,{'nuggets': 0.0}
Pizza Hut,Houston,the shake was hot. overall amazing experience.,2,2025-12-16,31,User7370,place_Pizza Hut_Houston_2,shake,['shake'],,,hot,0.4767,0.362,0.162,{'shake': -0.1779}
Pizza Hut,Houston,the wrap was greasy. overall great experience.,2,2025-08-01,29,User6229,place_Pizza Hut_Houston_2,wrap,['wrap'],greasy,,,0.6249,0.406,0.0,{'wrap': 0.0}
Pizza Hut,Houston,the pizza was crispy. overall okay experience.,2,2025-08-23,39,User7577,place_Pizza Hut_Houston_3,,[],crispy,,,0.2263,0.241,0.0,{}
Pizza Hut,Houston,the wrap was crispy. overall terrible experience.,4,2025-11-17,25,User4819,place_Pizza Hut_Houston_1,wrap,['wrap'],crispy,,,-0.4767,0.0,0.341,{'wrap': 0.0}
Pizza Hut,Houston,the burger was stale. overall okay experience.,4,2025-12-30,37,User1626,place_Pizza Hut_Houston_4,burger,['burger'],,,stale,0.2263,0.241,0.0,{'burger': 0.0}
Pizza Hut,Houston,the wrap was crispy. overall disappointing experience.,2,2025-12-26,20,User9441,place_Pizza Hut_Houston_2,wrap,['wrap'],crispy,,,-0.4939,0.0,0.348,{'wrap': 0.0}
Pizza Hut,Houston,the fries was juicy. overall okay experience.,4,2025-08-02,40,User2433,place_Pizza Hut_Houston_2,fries,['fries'],juicy,,,0.2263,0.241,0.0,{'fries': 0.0}
Pizza Hut,Houston,the salad was expensive. overall disappointing experience.,1,2025-07-19,37,User8426,place_Pizza Hut_Houston_2,salad,['salad'],,expensive,,-0.4939,0.0,0.348,{'salad': 0.0}
Pizza Hut,Houston,the burger was expensive. overall okay experience.,5,2025-07-28,7,User3707,place_Pizza Hut_Houston_5,burger,['burger'],,expensive,,0.2263,0.241,0.0,{'burger': 0.0}
Pizza Hut,Houston,the coffee was greasy. overall great experience.,5,2025-07-05,34,User1721,place_Pizza Hut_Houston_3,coffee,['coffee'],greasy,,,0.6249,0.406,0.0,{'coffee': 0.0}
Pizza Hut,Houston,the chicken sandwich was greasy. overall great experience.,5,2025-07-17,9,User6918,place_Pizza Hut_Houston_2,"chicken sandwich,sandwich,chicken","['chicken sandwich', 'sandwich', 'chicken']",greasy,,,0.6249,0.369,0.0,"{'chicken sandwich': 0.0, 'sandwich': 0.0, 'chicken': 0.0}"
Pizza Hut,Phoenix,the wrap was fresh. overall amazing experience.,4,2025-10-16,16,User7778,place_Pizza Hut_Phoenix_2,wrap,['wrap'],,,fresh,0.7269,0.55,0.0,{'wrap': 0.3182}
Pizza Hut,Phoenix,the burger was expensive. overall amazing experience.,1,2025-10-04,7,User1550,place_Pizza Hut_Phoenix_4,burger,['burger'],,expensive,,0.5859,0.388,0.0,{'burger': 0.0}
Pizza Hut,Phoenix,the pizza was greasy. overall disappointing experience.,2,2025-09-15,12,User6315,place_Pizza Hut_Phoenix_4,,[],greasy,,,-0.4939,0.0,0.348,{}
Pizza Hut,Phoenix,the coffee was stale. overall good experience.,4,2025-12-06,14,User2876,place_Pizza Hut_Phoenix_3,coffee,['coffee'],,,stale,0.4404,0.326,0.0,{'coffee': 0.0}
Pizza Hut,Phoenix,the pizza was greasy. overall amazing experience.,3,2025-10-14,16,User7126,place_Pizza Hut_Phoenix_4,,[],greasy,,,0.5859,0.388,0.0,{}
Pizza Hut,Phoenix,the wrap was cheap. overall amazing experience.,4,2025-11-21,14,User1988,place_Pizza Hut_Phoenix_5,wrap,['wrap'],,cheap,,0.5859,0.388,0.0,{'wrap': 0.0}
Pizza Hut,Phoenix,the wrap was stale. overall great experience.,4,2025-12-26,13,User7929,place_Pizza Hut_Phoenix_2,wrap,['wrap'],,,stale,0.6249,0.406,0.0,{'wrap': 0.0}
Pizza Hut,Phoenix,the chicken sandwich was stale. overall terrible experience.,2,2025-08-22,13,User2720,place_Pizza Hut_Phoenix_5,"chicken sandwich,sandwich,chicken","['chicken sandwich', 'sandwich', 'chicken']",,,stale,-0.4767,0.0,0.307,"{'chicken sandwich': 0.0, 'sandwich': 0.0, 'chicken': 0.0}"
Pizza Hut,Phoenix,the taco was fresh. overall good experience.,5,2025-09-18,49,User2394,place_Pizza Hut_Phoenix_2,taco,['taco'],,,fresh,0.6369,0.51,0.0,{'taco': 0.3182}
Pizza Hut,Phoenix,the coffee was juicy. overall okay experience.,1,2025-12-29,35,User4893,place_Pizza Hut_Phoenix_2,coffee,['coffee'],juicy,,,0.2263,0.241,0.0,{'coffee': 0.0}
Pizza Hut,Phoenix,the wrap was dry. overall okay experience.,5,2025-12-22,40,User1403,place_Pizza Hut_Phoenix_3,wrap,['wrap'],dry,,,0.2263,0.241,0.0,{'wrap': 0.0}
Pizza Hut,Philadelphia,the wrap was greasy. overall disappointing experience.,4,2025-09-03,42,User1387,place_Pizza Hut_Philadelphia_3,wrap,['wrap'],greasy,,,-0.4939,0.0,0.348,{'wrap': 0.0}
Pizza Hut,Philadelphia,the salad was juicy. overall great experience.,2,2025-11-04,8,User1878,place_Pizza Hut_Philadelphia_5,salad,['salad'],juicy,,,0.6249,0.406,0.0,{'salad': 0.0}
Pizza Hut,Philadelphia,the taco was expensive. overall terrible experience.,1,2025-08-02,9,User6919,place_Pizza Hut_Philadelphia_3,taco,['taco'],,expensive,,-0.4767,0.0,0.341,{'taco': 0.0}
Pizza Hut,Philadelphia,the wrap was expensive. overall good experience.,3,2025-11-12,31,User3945,place_Pizza Hut_Philadelphia_5,wrap,['wrap'],,expensive,,0.4404,0.326,0.0,{'wrap': 0.0}
Pizza Hut,Philadelphia,the nuggets was expensive. overall great experience.,2,2025-12-27,41,User8024,place_Pizza Hut_Philadelphia_3,nuggets,['nuggets'],,expensive,,0.6249,0.406,0.0,{'nuggets': 0.0}
Pizza Hut,Philadelphia,the chicken sandwich was fresh. overall great experience.,1,2025-12-27,17,User8717,place_Pizza Hut_Philadelphia_1,"chicken sandwich,sandwich,chicken","['chicken sandwich', 'sandwich', 'chicken']",,,fresh,0.7506,0.516,0.0,"{'chicken sandwich': 0.3182, 'sandwich': 0.3182, 'chicken': 0.3182}"
Pizza Hut,Philadelphia,the fries was stale. overall amazing experience.,2,2025-12-16,18,User1810,place_Pizza Hut_Philadelphia_5,fries,['fries'],,,stale,0.5859,0.388,0.0,{'fries': 0.0}
Pizza Hut,Philadelphia,the chicken sandwich was cheap. overall great experience.,2,2025-07-13,15,User6889,place_Pizza Hut_Philadelphia_2,"chicken sandwich,sandwich,chicken","['chicken sandwich', 'sandwich', 'chicken']",,cheap,,0.6249,0.369,0.0,"{'chicken sandwich': 0.0, 'sandwich': 0.0, 'chicken': 0.0}"
Pizza Hut,Philadelphia,the taco was juicy. overall terrible experience.,2,2025-09-13,34,User9055,place_Pizza Hut_Philadelphia_1,taco,['taco'],juicy,,,-0.4767,0.0,0.341,{'taco': 0.0}
Pizza Hut,Philadelphia,the chicken sandwich was juicy. overall terrible experience.,3,2025-12-26,48,User1725,place_Pizza Hut_Philadelphia_2,"chicken sandwich,sandwich,chicken","['chicken sandwich', 'sandwich', 'chicken']",juicy,,,-0.4767,0.0,0.307,"{'chicken sandwich': 0.0, 'sandwich': 0.0, 'chicken': 0.0}"
Pizza Hut,Philadelphia,the fries was stale. overall terrible experience.,3,2025-10-25,44,User4483,place_Pizza Hut_Philadelphia_5,fries,['fries'],,,stale,-0.4767,0.0,0.341,{'fries': 0.0}
Pizza Hut,San Antonio,the shake was cheap. overall disappointing experience.,3,2025-10-28,25,User8593,place_Pizza Hut_San Antonio_2,shake,['shake'],,cheap,,-0.5994,0.0,0.495,{'shake': -0.1779}
Pizza Hut,San Antonio,the taco was expensive. overall good experience.,1,2025-11-10,4,User1634,place_Pizza Hut_San Antonio_5,taco,['taco'],,expensive,,0.4404,0.326,0.0,{'taco': 0.0}
Pizza Hut,San Antonio,the pizza was stale. overall disappointing experience.,4,2025-10-20,2,User9191,place_Pizza Hut_San Antonio_4,,[],,,stale,-0.4939,0.0,0.348,{}
Pizza Hut,San Antonio,the wrap was juicy. overall terrible experience.,4,2025-09-02,5,User6481,place_Pizza Hut_San Antonio_3,wrap,['wrap'],juicy,,,-0.4767,0.0,0.341,{'wrap': 0.0}
Pizza Hut,San Antonio,the salad was stale. overall good experience.,2,2025-07-27,31,User2646,place_Pizza Hut_San Antonio_2,salad,['salad'],,,stale,0.4404,0.326,0.0,{'salad': 0.0}
Pizza Hut,San Antonio,the fries was crispy. overall great experience.,2,2025-10-09,6,User4228,place_Pizza Hut_San Antonio_5,fries,['fries'],crispy,,,0.6249,0.406,0.0,{'fries': 0.0}
Pizza Hut,San Antonio,the taco was stale. overall amazing experience.,2,2025-08-01,1,User3633,place_Pizza Hut_San Antonio_2,taco,['taco'],,,stale,0.5859,0.388,0.0,{'taco': 0.0}
Pizza Hut,San Antonio,the taco was dry. overall amazing experience.,1,2025-08-28,2,User4551,place_Pizza Hut_San Antonio_1,taco,['taco'],dry,,,0.5859,0.388,0.0,{'taco': 0.0}
Pizza Hut,San Antonio,the fries was cold. overall amazing experience.,1,2025-08-14,25,User2841,place_Pizza Hut_San Antonio_2,fries,['fries'],,,cold,0.5859,0.388,0.0,{'fries': 0.0}
Pizza Hut,San Antonio,the salad was crispy. overall disappointing experience.,5,2025-11-29,45,User8514,place_Pizza Hut_San Antonio_1,salad,['salad'],crispy,,,-0.4939,0.0,0.348,{'salad': 0.0}
Pizza Hut,San Antonio,the fries was hot. overall good experience.,4,2025-11-24,29,User9312,place_Pizza Hut_San Antonio_2,fries,['fries'],,,hot,0.4404,0.326,0.0,{'fries': 0.0}
Pizza Hut,San Diego,the taco was greasy. overall disappointing experience.,1,2025-09-28,49,User5983,place_Pizza Hut_San Diego_5,taco,['taco'],greasy,,,-0.4939,0.0,0.348,{'taco': 0.0}
Pizza Hut,San Diego,the burger was dry. overall terrible experience.,3,2025-12-18,12,User2655,place_Pizza Hut_San Diego_4,burger,['burger'],dry,,,-0.4767,0.0,0.341,{'burger': 0.0}
Pizza Hut,San Diego,the shake was hot. overall good experience.,2,2025-08-16,19,User1810,place_Pizza Hut_San Diego_4,shake,['shake'],,,hot,0.296,0.302,0.177,{'shake': -0.1779}
Pizza Hut,San Diego,the wrap was hot. overall okay experience.,1,2025-07-23,22,User2077,place_Pizza Hut_San Diego_3,wrap,['wrap'],,,hot,0.2263,0.241,0.0,{'wrap': 0.0}
Pizza Hut,San Diego,the nuggets was juicy. overall disappointing experience.,5,2025-11-20,39,User7525,place_Pizza Hut_San Diego_5,nuggets,['nuggets'],juicy,,,-0.4939,0.0,0.348,{'nuggets': 0.0}
Pizza Hut,San Diego,the coffee was juicy. overall terrible experience.,1,2025-08-20,14,User9181,place_Pizza Hut_San Diego_4,coffee,['coffee'],juicy,,,-0.4767,0.0,0.341,{'coffee': 0.0}
Pizza Hut,San Diego,the nuggets was crispy. overall okay experience.,2,2025-11-05,10,User1554,place_Pizza Hut_San Diego_3,nuggets,['nuggets'],crispy,,,0.2263,0.241,0.0,{'nuggets': 0.0}
Pizza Hut,San Diego,the pizza was greasy. overall okay experience.,3,2025-12-03,10,User3511,place_Pizza Hut_San Diego_2,,[],greasy,,,0.2263,0.241,0.0,{}
Pizza Hut,San Diego,the wrap was cold. overall great experience.,3,2025-10-20,24,User8131,place_Pizza Hut_San Diego_2,wrap,['wrap'],,,cold,0.6249,0.406,0.0,{'wrap': 0.0}
Pizza Hut,San Diego,the coffee was greasy. overall good experience.,3,2025-12-18,39,User7701,place_Pizza Hut_San Diego_3,coffee,['coffee'],greasy,,,0.4404,0.326,0.0,{'coffee': 0.0}
Pizza Hut,San Diego,the burger was stale. overall great experience.,4,2025-10-07,12,User4167,place_Pizza Hut_San Diego_1,burger,['burger'],,,stale,0.6249,0.406,0.0,{'burger': 0.0}
Pizza Hut,Miami,the nuggets was greasy. overall disappointing experience.,4,2025-12-18,10,User3135,place_Pizza Hut_Miami_1,nuggets,['nuggets'],greasy,,,-0.4939,0.0,0.348,{'nuggets': 0.0}
Pizza Hut,Miami,the chicken sandwich was juicy. overall disappointing experience.,4,2025-07-12,24,User8119,place_Pizza Hut_Miami_2,"chicken sandwich,sandwich,chicken","['chicken sandwich', 'sandwich', 'chicken']",juicy,,,-0.4939,0.0,0.314,"{'chicken sandwich': 0.0, 'sandwich': 0.0, 'chicken': 0.0}"
Pizza Hut,Miami,the taco was dry. overall good experience.,3,2025-07-31,11,User6209,place_Pizza Hut_Miami_5,taco,['taco'],dry,,,0.4404,0.326,0.0,{'taco': 0.0}
Pizza Hut,Miami,the salad was dry. overall good experience.,4,2025-12-24,22,User4498,place_Pizza Hut_Miami_3,salad,['salad'],dry,,,0.4404,0.326,0.0,{'salad': 0.0}
Pizza Hut,Miami,the fries was cold. overall amazing experience.,1,2025-12-14,47,User5362,place_Pizza Hut_Miami_1,fries,['fries'],,,cold,0.5859,0.388,0.0,{'fries': 0.0}
Pizza Hut,Miami,the fries was juicy. overall okay experience.,2,2025-09-03,22,User6597,place_Pizza Hut_Miami_5,fries,['fries'],juicy,,,0.2263,0.241,0.0,{'fries': 0.0}
Pizza Hut,Miami,the nuggets was crispy. overall amazing experience.,4,2025-11-19,16,User7239,place_Pizza Hut_Miami_2,nuggets,['nuggets'],crispy,,,0.5859,0.388,0.0,{'nuggets': 0.0}
Pizza Hut,Miami,the coffee was crispy. overall great experience.,3,2025-11-14,42,User1558,place_Pizza Hut_Miami_1,coffee,['coffee'],crispy,,,0.6249,0.406,0.0,{'coffee': 0.0}
Pizza Hut,Miami,the wrap was stale. overall terrible experience.,1,2025-09-06,44,User2907,place_Pizza Hut_Miami_3,wrap,['wrap'],,,stale,-0.4767,0.0,0.341,{'wrap': 0.0}
Pizza Hut,Miami,the fries was stale. overall disappointing experience.,3,2025-10-02,25,User7674,place_Pizza Hut_Miami_4,fries,['fries'],,,stale,-0.4939,0.0,0.348,{'fries': 0.0}
Pizza Hut,Miami,the fries was crispy. overall okay experience.,5,2025-08-27,1,User8241,place_Pizza Hut_Miami_4,fries,['fries'],crispy,,,0.2263,0.241,0.0,{'fries': 0.0}
Pizza Hut,Seattle,the nuggets was juicy. overall terrible experience.,5,2025-09-01,36,User4581,place_Pizza Hut_Seattle_4,nuggets,['nuggets'],juicy,,,-0.4767,0.0,0.341,{'nuggets': 0.0}
Pizza Hut,Seattle,the chicken sandwich was greasy. overall great experience.,4,2025-12-30,20,User2717,place_Pizza Hut_Seattle_3,"chicken sandwich,sandwich,chicken","['chicken sandwich', 'sandwich', 'chicken']",greasy,,,0.6249,0.369,0.0,"{'chicken sandwich': 0.0, 'sandwich': 0.0, 'chicken': 0.0}"
Pizza Hut,Seattle,the fries was fresh. overall terrible experience.,1,2025-10-22,25,User6226,place_Pizza Hut_Seattle_4,fries,['fries'],,,fresh,-0.2023,0.221,0.298,{'fries': 0.3182}
Pizza Hut,Seattle,the fries was hot. overall terrible experience.,1,2025-07-26,11,User4559,place_Pizza Hut_Seattle_1,fries,['fries'],,,hot,-0.4767,0.0,0.341,{'fries': 0.0}
Pizza Hut,Seattle,the wrap was hot. overall terrible experience.,5,2025-09-19,48,User1945,place_Pizza Hut_Seattle_5,wrap,['wrap'],,,hot,-0.4767,0.0,0.341,{'wrap': 0.0}
Pizza Hut,Seattle,the nuggets was dry. overall amazing experience.,5,2025-07-28,46,User6760,place_Pizza Hut_Seattle_3,nuggets,['nuggets'],dry,,,0.5859,0.388,0.0,{'nuggets': 0.0}
Pizza Hut,Seattle,the salad was dry. overall good experience.,4,2025-11-23,43,User2620,place_Pizza Hut_Seattle_2,salad,['salad'],dry,,,0.4404,0.326,0.0,{'salad': 0.0}
Pizza Hut,Seattle,the burger was greasy. overall okay experience.,2,2025-08-24,7,User1232,place_Pizza Hut_Seattle_4,burger,['burger'],greasy,,,0.2263,0.241,0.0,{'burger': 0.0}
Pizza Hut,Seattle,the taco was stale. overall amazing experience.,5,2025-12-21,23,User7968,place_Pizza Hut_Seattle_1,taco,['taco'],,,stale,0.5859,0.388,0.0,{'taco': 0.0}
Pizza Hut,Seattle,the fries was cheap. overall good experience.,3,2025-12-01,12,User1640,place_Pizza Hut_Seattle_3,fries,['fries'],,cheap,,0.4404,0.326,0.0,{'fries': 0.0}
Pizza Hut,Seattle,the chicken sandwich was stale. overall okay experience.,3,2025-07-18,40,User9503,place_Pizza Hut_Seattle_3,"chicken sandwich,sandwich,chicken","['chicken sandwich', 'sandwich', 'chicken']",,,stale,0.2263,0.213,0.0,"{'chicken sandwich': 0.0, 'sandwich': 0.0, 'chicken': 0.0}"
Pizza Hut,Boston,the burger was expensive. overall great experience.,5,2025-09-02,42,User6760,place_Pizza Hut_Boston_2,burger,['burger'],,expensive,,0.6249,0.406,0.0,{'burger': 0.0}
Pizza Hut,Boston,the pizza was greasy. overall good experience.,3,2025-08-15,45,User3710,place_Pizza Hut_Boston_1,,[],greasy,,,0.4404,0.326,0.0,{}
Pizza Hut,Boston,the coffee was stale. overall terrible experience.,4,2025-12-11,44,User2371,place_Pizza Hut_Boston_1,coffee,['coffee'],,,stale,-0.4767,0.0,0.341,{'coffee': 0.0}
Pizza Hut,Boston,the fries was fresh. overall terrible experience.,2,2025-11-20,34,User2445,place_Pizza Hut_Boston_2,fries,['fries'],,,fresh,-0.2023,0.221,0.298,{'fries': 0.3182}
Pizza Hut,Boston,the salad was dry. overall great experience.,3,2025-10-29,3,User8943,place_Pizza Hut_Boston_4,salad,['salad'],dry,,,0.6249,0.406,0.0,{'salad': 0.0}
Pizza Hut,Boston,the taco was expensive. overall great experience.,4,2025-10-27,43,User7631,place_Pizza Hut_Boston_1,taco,['taco'],,expensive,,0.6249,0.406,0.0,{'taco': 0.0}
Pizza Hut,Boston,the salad was expensive. overall disappointing experience.,1,2025-11-11,1,User6572,place_Pizza Hut_Boston_2,salad,['salad'],,expensive,,-0.4939,0.0,0.348,{'salad': 0.0}
Pizza Hut,Boston,the nuggets was hot. overall okay experience.,2,2025-07-26,26,User1979,place_Pizza Hut_Boston_2,nuggets,['nuggets'],,,hot,0.2263,0.241,0.0,{'nuggets': 0.0}
Pizza Hut,Boston,the coffee was greasy. overall okay experience.,1,2025-07-07,20,User1743,place_Pizza Hut_Boston_5,coffee,['coffee'],greasy,,,0.2263,0.241,0.0,{'coffee': 0.0}
Pizza Hut,Boston,the burger was hot. overall okay experience.,2,2025-07-12,23,User8985,place_Pizza Hut_Boston_1,burger,['burger'],,,hot,0.2263,0.241,0.0,{'burger': 0.0}
Pizza Hut,Boston,the burger was greasy. overall terrible experience.,2,2025-08-10,7,User5803,place_Pizza Hut_Boston_2,burger,['burger'],greasy,,,-0.4767,0.0,0.341,{'burger': 0.0}
Pizza Hut,Denver,the fries was cheap. overall disappointing experience.,3,2025-08-06,31,User6095,place_Pizza Hut_Denver_2,fries,['fries'],,cheap,,-0.4939,0.0,0.348,{'fries': 0.0}
Pizza Hut,Denver,the burger was fresh. overall good experience.,3,2025-09-08,13,User2469,place_Pizza Hut_Denver_1,burger,['burger'],,,fresh,0.6369,0.51,0.0,{'burger': 0.3182}
Pizza Hut,Denver,the shake was crispy. overall great experience.,3,2025-11-16,5,User5909,place_Pizza Hut_Denver_1,shake,['shake'],crispy,,,0.5267,0.38,0.157,{'shake': -0.1779}
Pizza Hut,Denver,the taco was stale. overall okay experience.,2,2025-07-11,46,User8438,place_Pizza Hut_Denver_2,taco,['taco'],,,stale,0.2263,0.241,0.0,{'taco': 0.0}
Pizza Hut,Denver,the burger was stale. overall terrible experience.,2,2025-12-26,28,User6565,place_Pizza Hut_Denver_3,burger,['burger'],,,stale,-0.4767,0.0,0.341,{'burger': 0.0}
Pizza Hut,Denver,the burger was crispy. overall okay experience.,1,2025-08-12,22,User8102,place_Pizza Hut_Denver_4,burger,['burger'],crispy,,,0.2263,0.241,0.0,{'burger': 0.0}
Pizza Hut,Denver,the coffee was greasy. overall disappointing experience.,4,2025-08-22,14,User6882,place_Pizza Hut_Denver_3,coffee,['coffee'],greasy,,,-0.4939,0.0,0.348,{'coffee': 0.0}
Pizza Hut,Denver,the pizza was crispy. overall good experience.,5,2025-07-10,44,User9101,place_Pizza Hut_Denver_3,,[],crispy,,,0.4404,0.326,0.0,{}
Pizza Hut,Denver,the wrap was cold. overall great experience.,4,2025-10-04,16,User2827,place_Pizza Hut_Denver_5,wrap,['wrap'],,,cold,0.6249,0.406,0.0,{'wrap': 0.0}
Pizza Hut,Denver,the chicken sandwich was fresh. overall amazing experience.,2,2025-10-28,19,User6141,place_Pizza Hut_Denver_3,"chicken sandwich,sandwich,chicken","['chicken sandwich', 'sandwich', 'chicken']",,,fresh,0.7269,0.504,0.0,"{'chicken sandwich': 0.3182, 'sandwich': 0.3182, 'chicken': 0.3182}"
Pizza Hut,Denver,the shake was hot. overall disappointing experience.,3,2025-10-08,28,User1646,place_Pizza Hut_Denver_5,shake,['shake'],,,hot,-0.5994,0.0,0.495,{'shake': -0.1779}
Pizza Hut,Portland,the taco was stale. overall disappointing experience.,2,2025-10-15,33,User2159,place_Pizza Hut_Portland_1,taco,['taco'],,,stale,-0.4939,0.0,0.348,{'taco': 0.0}
Pizza Hut,Portland,the shake was cheap. overall amazing experience.,2,2025-10-09,1,User8258,place_Pizza Hut_Portland_1,shake,['shake'],,cheap,,0.4767,0.362,0.162,{'shake': -0.1779}
Pizza Hut,Portland,the shake was crispy. overall great experience.,3,2025-11-23,43,User4265,place_Pizza Hut_Portland_5,shake,['shake'],crispy,,,0.5267,0.38,0.157,{'shake': -0.1779}
Pizza Hut,Portland,the nuggets was cheap. overall good experience.,1,2025-07-25,29,User9698,place_Pizza Hut_Portland_5,nuggets,['nuggets'],,cheap,,0.4404,0.326,0.0,{'nuggets': 0.0}
Pizza Hut,Portland,the fries was hot. overall good experience.,1,2025-09-09,24,User4973,place_Pizza Hut_Portland_2,fries,['fries'],,,hot,0.4404,0.326,0.0,{'fries': 0.0}
Pizza Hut,Portland,the salad was expensive. overall great experience.,1,2025-10-29,36,User7812,place_Pizza Hut_Portland_4,salad,['salad'],,expensive,,0.6249,0.406,0.0,{'salad': 0.0}
Pizza Hut,Portland,the nuggets was hot. overall great experience.,4,2025-12-16,41,User6629,place_Pizza Hut_Portland_1,nuggets,['nuggets'],,,hot,0.6249,0.406,0.0,{'nuggets': 0.0}
Pizza Hut,Portland,the coffee was cheap. overall good experience.,5,2025-09-21,41,User6996,place_Pizza Hut_Portland_2,coffee,['coffee'],,cheap,,0.4404,0.326,0.0,{'coffee': 0.0}
Pizza Hut,Portland,the nuggets was juicy. overall disappointing experience.,3,2025-09-22,11,User4649,place_Pizza Hut_Portland_5,nuggets,['nuggets'],juicy,,,-0.4939,0.0,0.348,{'nuggets': 0.0}
Pizza Hut,Portland,the wrap was cheap. overall great experience.,5,2025-10-12,16,User3610,place_Pizza Hut_Portland_1,wrap,['wrap'],,cheap,,0.6249,0.406,0.0,{'wrap': 0.0}
Pizza Hut,Portland,the shake was juicy. overall great experience.,5,2025-07-10,38,User2852,place_Pizza Hut_Portland_1,shake,['shake'],juicy,,,0.5267,0.38,0.157,{'shake': -0.1779}
Chipotle,New York,the burger was juicy. overall good experience.,3,2025-08-17,15,User4291,place_Chipotle_New York_4,burger,['burger'],juicy,,,0.4404,0.326,0.0,{'burger': 0.0}
Chipotle,New York,the taco was cheap. overall terrible experience.,5,2025-09-15,45,User4749,place_Chipotle_New York_2,taco,['taco'],,cheap,,-0.4767,0.0,0.341,{'taco': 0.0}
Chipotle,New York,the coffee was fresh. overall amazing experience.,5,2025-10-07,1,User8084,place_Chipotle_New York_3,coffee,['coffee'],,,fresh,0.7269,0.55,0.0,{'coffee': 0.3182}
Chipotle,New York,the nuggets was cheap. overall great experience.,1,2025-07-10,25,User5924,place_Chipotle_New York_5,nuggets,['nuggets'],,cheap,,0.6249,0.406,0.0,{'nuggets': 0.0}
Chipotle,New York,the shake was stale. overall okay experience.,3,2025-08-04,44,User9049,place_Chipotle_New York_2,shake,['shake'],,,stale,0.0516,0.221,0.198,{'shake': -0.1779}
Chipotle,New York,the fries was fresh. overall good experience.,5,2025-07-26,38,User9784,place_Chipotle_New York_2,fries,['fries'],,,fresh,0.6369,0.51,0.0,{'fries': 0.3182}
Chipotle,New York,the fries was dry. overall terrible experience.,3,2025-09-30,32,User8807,place_Chipotle_New York_2,fries,['fries'],dry,,,-0.4767,0.0,0.341,{'fries': 0.0}
Chipotle,New York,the taco was hot. overall okay experience.,2,2025-08-13,16,User1815,place_Chipotle_New York_2,taco,['taco'],,,hot,0.2263,0.241,0.0,{'taco': 0.0}
Chipotle,New York,the pizza was cheap. overall okay experience.,5,2025-11-02,13,User4705,place_Chipotle_New York_1,,[],,cheap,,0.2263,0.241,0.0,{}
Chipotle,New York,the taco was fresh. overall great experience.,1,2025-11-06,19,User3810,place_Chipotle_New York_1,taco,['taco'],,,fresh,0.7506,0.561,0.0,{'taco': 0.3182}
Chipotle,New York,the fries was greasy. overall amazing experience.,1,2025-11-09,19,User8777,place_Chipotle_New York_4,fries,['fries'],greasy,,,0.5859,0.388,0.0,{'fries': 0.0}
Chipotle,Los Angeles,the fries was crispy. overall okay experience.,5,2025-10-20,42,User6547,place_Chipotle_Los Angeles_4,fries,['fries'],crispy,,,0.2263,0.241,0.0,{'fries': 0.0}
Chipotle,Los Angeles,the coffee was juicy. overall terrible experience.,3,2025-10-21,44,User4106,place_Chipotle_Los Angeles_5,coffee,['coffee'],juicy,,,-0.4767,0.0,0.341,{'coffee': 0.0}
Chipotle,Los Angeles,the salad was greasy. overall terrible experience.,3,2025-12-19,17,User4275,place_Chipotle_Los Angeles_2,salad,['salad'],greasy,,,-0.4767,0.0,0.341,{'salad': 0.0}
Chipotle,Los Angeles,the taco was greasy. overall terrible experience.,3,2025-10-21,1,User7963,place_Chipotle_Los Angeles_1,taco,['taco'],greasy,,,-0.4767,0.0,0.341,{'taco': 0.0}
Chipotle,Los Angeles,the coffee was cheap. overall disappointing experience.,3,2025-08-12,35,User8151,place_Chipotle_Los Angeles_2,coffee,['coffee'],,cheap,,-0.4939,0.0,0.348,{'coffee': 0.0}
Chipotle,Los Angeles,the wrap was stale. overall amazing experience.,3,2025-12-06,27,User7925,place_Chipotle_Los Angeles_1,wrap,['wrap'],,,stale,0.5859,0.388,0.0,{'wrap': 0.0}
Chipotle,Los Angeles,the fries was hot. overall okay experience.,2,2025-09-13,24,User9840,place_Chipotle_Los Angeles_1,fries,['fries'],,,hot,0.2263,0.241,0.0,{'fries': 0.0}
Chipotle,Los Angeles,the shake was crispy. overall disappointing experience.,3,2025-11-03,28,User4965,place_Chipotle_Los Angeles_3,shake,['shake'],crispy,,,-0.5994,0.0,0.495,{'shake': -0.1779}
Chipotle,Los Angeles,the pizza was greasy. overall okay experience.,5,2025-12-18,37,User9477,place_Chipotle_Los Angeles_2,,[],greasy,,,0.2263,0.241,0.0,{}
Chipotle,Los Angeles,the pizza was cold. overall disappointing experience.,5,2025-11-06,44,User8317,place_Chipotle_Los Angeles_3,,[],,,cold,-0.4939,0.0,0.348,{}
Chipotle,Los Angeles,the coffee was crispy. overall disappointing experience.,2,2025-11-19,33,User1306,place_Chipotle_Los Angeles_5,coffee,['coffee'],crispy,,,-0.4939,0.0,0.348,{'coffee': 0.0}
Chipotle,Chicago,the chicken sandwich was stale. overall great experience.,2,2025-08-27,21,User3259,place_Chipotle_Chicago_4,"chicken sandwich,sandwich,chicken","['chicken sandwich', 'sandwich', 'chicken']",,,stale,0.6249,0.369,0.0,"{'chicken sandwich': 0.0, 'sandwich': 0.0, 'chicken': 0.0}"
Chipotle,Chicago,the taco was fresh. overall disappointing experience.,1,2025-11-02,20,User3462,place_Chipotle_Chicago_1,taco,['taco'],,,fresh,-0.2263,0.219,0.305,{'taco': 0.3182}
Chipotle,Chicago,the wrap was cold. overall amazing experience.,4,2025-11-09,17,User3192,place_Chipotle_Chicago_1,wrap,['wrap'],,,cold,0.5859,0.388,0.0,{'wrap': 0.0}
Chipotle,Chicago,the fries was crispy. overall disappointing experience.,4,2025-12-30,31,User9763,place_Chipotle_Chicago_1,fries,['fries'],crispy,,,-0.4939,0.0,0.348,{'fries': 0.0}
Chipotle,Chicago,the nuggets was crispy. overall amazing experience.,4,2025-09-28,0,User9497,place_Chipotle_Chicago_2,nuggets,['nuggets'],crispy,,,0.5859,0.388,0.0,{'nuggets': 0.0}
Chipotle,Chicago,the pizza was hot. overall terrible experience.,4,2025-12-29,45,User2090,place_Chipotle_Chicago_5,,[],,,hot,-0.4767,0.0,0.341,{}
Chipotle,Chicago,the wrap was expensive. overall great experience.,1,2025-10-05,26,User7685,place_Chipotle_Chicago_5,wrap,['wrap'],,expensive,,0.6249,0.406,0.0,{'wrap': 0.0}
Chipotle,Chicago,the nuggets was expensive. overall great experience.,4,2025-07-14,29,User6499,place_Chipotle_Chicago_5,nuggets,['nuggets'],,expensive,,0.6249,0.406,0.0,{'nuggets': 0.0}
Chipotle,Chicago,the nuggets was fresh. overall disappointing experience.,4,2025-12-06,13,User4226,place_Chipotle_Chicago_1,nuggets,['nuggets'],,,fresh,-0.2263,0.219,0.305,{'nuggets': 0.3182}
Chipotle,Chicago,the taco was dry. overall disappointing experience.,4,2025-07-23,11,User5377,place_Chipotle_Chicago_3,taco,['taco'],dry,,,-0.4939,0.0,0.348,{'taco': 0.0}
Chipotle,Chicago,the salad was cheap. overall okay experience.,3,2025-07-29,2,User9308,place_Chipotle_Chicago_1,salad,['salad'],,cheap,,0.2263,0.241,0.0,{'salad': 0.0}
Chipotle,Dallas,the nuggets was dry. overall disappointing experience.,3,2025-08-23,27,User4456,place_Chipotle_Dallas_3,nuggets,['nuggets'],dry,,,-0.4939,0.0,0.348,{'nuggets': 0.0}
Chipotle,Dallas,the salad was cheap. overall disappointing experience.,5,2025-12-08,24,User1044,place_Chipotle_Dallas_1,salad,['salad'],,cheap,,-0.4939,0.0,0.348,{'salad': 0.0}
Chipotle,Dallas,the nuggets was cold. overall great experience.,1,2025-11-09,42,User2655,place_Chipotle_Dallas_2,nuggets,['nuggets'],,,cold,0.6249,0.406,0.0,{'nuggets': 0.0}
Chipotle,Dallas,the nuggets was greasy. overall good experience.,3,2025-08-02,39,User3260,place_Chipotle_Dallas_4,nuggets,['nuggets'],greasy,,,0.4404,0.326,0.0,{'nuggets': 0.0}
Chipotle,Dallas,the pizza was cold. overall great experience.,4,2025-07-06,28,User7699,place_Chipotle_Dallas_5,,[],,,cold,0.6249,0.406,0.0,{}
Chipotle,Dallas,the shake was juicy. overall great experience.,2,2025-12-14,13,User4327,place_Chipotle_Dallas_5,shake,['shake'],juicy,,,0.5267,0.38,0.157,{'shake': -0.1779}
Chipotle,Dallas,the burger was fresh. overall good experience.,4,2025-08-25,8,User8906,place_Chipotle_Dallas_4,burger,['burger'],,,fresh,0.6369,0.51,0.0,{'burger': 0.3182}
Chipotle,Dallas,the shake was crispy. overall terrible experience.,2,2025-10-20,1,User8679,place_Chipotle_Dallas_1,shake,['shake'],crispy,,,-0.5859,0.0,0.49,{'shake': -0.1779}
Chipotle,Dallas,the nuggets was stale. overall terrible experience.,2,2025-07-22,40,User3762,place_Chipotle_Dallas_3,nuggets,['nuggets'],,,stale,-0.4767,0.0,0.341,{'nuggets': 0.0}
Chipotle,Dallas,the chicken sandwich was cheap. overall terrible experience.,1,2025-09-27,29,User6521,place_Chipotle_Dallas_3,"chicken sandwich,sandwich,chicken","['chicken sandwich', 'sandwich', 'chicken']",,cheap,,-0.4767,0.0,0.307,"{'chicken sandwich': 0.0, 'sandwich': 0.0, 'chicken': 0.0}"
Chipotle,Dallas,the wrap was hot. overall disappointing experience.,2,2025-11-22,7,User1091,place_Chipotle_Dallas_1,wrap,['wrap'],,,hot,-0.4939,0.0,0.348,{'wrap': 0.0}
Chipotle,Atlanta,the wrap was cheap. overall great experience.,5,2025-09-05,24,User9409,place_Chipotle_Atlanta_5,wrap,['wrap'],,cheap,,0.6249,0.406,0.0,{'wrap': 0.0}
Chipotle,Atlanta,the taco was expensive. overall great experience.,5,2025-09-21,20,User7843,place_Chipotle_Atlanta_4,taco,['taco'],,expensive,,0.6249,0.406,0.0,{'taco': 0.0}
Chipotle,Atlanta,the nuggets was cold. overall good experience.,5,2025-08-14,15,User4662,place_Chipotle_Atlanta_4,nuggets,['nuggets'],,,cold,0.4404,0.326,0.0,{'nuggets': 0.0}
Chipotle,Atlanta,the taco was juicy. overall okay experience.,3,2025-10-07,36,User9045,place_Chipotle_Atlanta_2,taco,['taco'],juicy,,,0.2263,0.241,0.0,{'taco': 0.0}
Chipotle,Atlanta,the wrap was fresh. overall good experience.,2,2025-10-25,20,User5703,place_Chipotle_Atlanta_3,wrap,['wrap'],,,fresh,0.6369,0.51,0.0,{'wrap': 0.3182}
Chipotle,Atlanta,the pizza was crispy. overall great experience.,4,2025-10-19,45,User5996,place_Chipotle_Atlanta_3,,[],crispy,,,0.6249,0.406,0.0,{}
Chipotle,Atlanta,the chicken sandwich was expensive. overall great experience.,3,2025-12-28,10,User1809,place_Chipotle_Atlanta_2,"chicken sandwich,sandwich,chicken","['chicken sandwich', 'sandwich', 'chicken']",,expensive,,0.6249,0.369,0.0,"{'chicken sandwich': 0.0, 'sandwich': 0.0, 'chicken': 0.0}"
Chipotle,Atlanta,the salad was crispy. overall great experience.,5,2025-10-29,37,User3047,place_Chipotle_Atlanta_5,salad,['salad'],crispy,,,0.6249,0.406,0.0,{'salad': 0.0}
Chipotle,Atlanta,the salad was hot. overall okay experience.,4,2025-08-22,9,User8224,place_Chipotle_Atlanta_5,salad,['salad'],,,hot,0.2263,0.241,0.0,{'salad': 0.0}
Chipotle,Atlanta,the shake was dry. overall good experience.,5,2025-12-10,3,User7889,place_Chipotle_Atlanta_4,shake,['shake'],dry,,,0.296,0.302,0.177,{'shake': -0.1779}
Chipotle,Atlanta,the coffee was crispy. overall good experience.,5,2025-12-09,21,User3613,place_Chipotle_Atlanta_1,coffee,['coffee'],crispy,,,0.4404,0.326,0.0,{'coffee': 0.0}
Chipotle,Houston,the shake was juicy. overall amazing experience.,3,2025-09-24,2,User6769,place_Chipotle_Houston_1,shake,['shake'],juicy,,,0.4767,0.362,0.162,{'shake': -0.1779}
Chipotle,Houston,the coffee was cold. overall good experience.,5,2025-11-11,41,User9321,place_Chipotle_Houston_4,coffee,['coffee'],,,cold,0.4404,0.326,0.0,{'coffee': 0.0}
Chipotle,Houston,the shake was greasy. overall good experience.,1,2025-11-22,38,User6445,place_Chipotle_Houston_1,shake,['shake'],greasy,,,0.296,0.302,0.177,{'shake': -0.1779}
Chipotle,Houston,the taco was stale. overall good experience.,3,2025-09-12,40,User4667,place_Chipotle_Houston_3,taco,['taco'],,,stale,0.4404,0.326,0.0,{'taco': 0.0}
Chipotle,Houston,the taco was stale. overall terrible experience.,2,2025-09-29,22,User2015,place_Chipotle_Houston_4,taco,['taco'],,,stale,-0.4767,0.0,0.341,{'taco': 0.0}
Chipotle,Houston,the coffee was dry. overall good experience.,2,2025-09-16,38,User4374,place_Chipotle_Houston_4,coffee,['coffee'],dry,,,0.4404,0.326,0.0,{'coffee': 0.0}
Chipotle,Houston,the burger was greasy. overall great experience.,1,2025-12-07,22,User3136,place_Chipotle_Houston_1,burger,['burger'],greasy,,,0.6249,0.406,0.0,{'burger': 0.0}
Chipotle,Houston,the burger was cold. overall good experience.,1,2025-09-05,23,User3837,place_Chipotle_Houston_2,burger,['burger'],,,cold,0.4404,0.326,0.0,{'burger': 0.0}
Chipotle,Houston,the pizza was hot. overall terrible experience.,1,2025-09-02,0,User7735,place_Chipotle_Houston_2,,[],,,hot,-0.4767,0.0,0.341,{}
Chipotle,Houston,the burger was hot. overall terrible experience.,5,2025-12-18,9,User1772,place_Chipotle_Houston_4,burger,['burger'],,,hot,-0.4767,0.0,0.341,{'burger': 0.0}
Chipotle,Houston,the burger was stale. overall good experience.,2,2025-08-12,37,User9502,place_Chipotle_Houston_3,burger,['burger'],,,stale,0.4404,0.326,0.0,{'burger': 0.0}
Chipotle,Phoenix,the pizza was fresh. overall disappointing experience.,1,2025-09-29,2,User1608,place_Chipotle_Phoenix_2,,[],,,fresh,-0.2263,0.219,0.305,{}
Chipotle,Phoenix,the taco was fresh. overall okay experience.,1,2025-12-01,8,User2510,place_Chipotle_Phoenix_2,taco,['taco'],,,fresh,0.4939,0.457,0.0,{'taco': 0.3182}
Chipotle,Phoenix,the chicken sandwich was fresh. overall amazing experience.,4,2025-11-24,42,User6891,place_Chipotle_Phoenix_2,"chicken sandwich,sandwich,chicken","['chicken sandwich', 'sandwich', 'chicken']",,,fresh,0.7269,0.504,0.0,"{'chicken sandwich': 0.3182, 'sandwich': 0.3182, 'chicken': 0.3182}"
Chipotle,Phoenix,the salad was fresh. overall great experience.,1,2025-09-30,20,User1082,place_Chipotle_Phoenix_3,salad,['salad'],,,fresh,0.7506,0.561,0.0,{'salad': 0.3182}
Chipotle,Phoenix,the coffee was cold. overall amazing experience.,4,2025-08-24,9,User1453,place_Chipotle_Phoenix_2,coffee,['coffee'],,,cold,0.5859,0.388,0.0,{'coffee': 0.0}
Chipotle,Phoenix,the coffee was juicy. overall good experience.,4,2025-12-27,25,User4542,place_Chipotle_Phoenix_4,coffee,['coffee'],juicy,,,0.4404,0.326,0.0,{'coffee': 0.0}
Chipotle,Phoenix,the nuggets was stale. overall amazing experience.,5,2025-12-21,15,User7660,place_Chipotle_Phoenix_4,nuggets,['nuggets'],,,stale,0.5859,0.388,0.0,{'nuggets': 0.0}
Chipotle,Phoenix,the taco was crispy. overall amazing experience.,3,2025-09-13,24,User7346,place_Chipotle_Phoenix_3,taco,['taco'],crispy,,,0.5859,0.388,0.0,{'taco': 0.0}
Chipotle,Phoenix,the taco was fresh. overall disappointing experience.,2,2025-11-29,1,User8958,place_Chipotle_Phoenix_3,taco,['taco'],,,fresh,-0.2263,0.219,0.305,{'taco': 0.3182}
Chipotle,Phoenix,the chicken sandwich was fresh. overall good experience.,2,2025-08-09,35,User5255,place_Chipotle_Phoenix_3,"chicken sandwich,sandwich,chicken","['chicken sandwich', 'sandwich', 'chicken']",,,fresh,0.6369,0.464,0.0,"{'chicken sandwich': 0.3182, 'sandwich': 0.3182, 'chicken': 0.3182}"
Chipotle,Phoenix,the salad was stale. overall disappointing experience.,2,2025-10-06,42,User4368,place_Chipotle_Phoenix_5,salad,['salad'],,,stale,-0.4939,0.0,0.348,{'salad': 0.0}
Chipotle,Philadelphia,the chicken sandwich was cheap. overall great experience.,3,2025-08-09,6,User6338,place_Chipotle_Philadelphia_2,"chicken sandwich,sandwich,chicken","['chicken sandwich', 'sandwich', 'chicken']",,cheap,,0.6249,0.369,0.0,"{'chicken sandwich': 0.0, 'sandwich': 0.0, 'chicken': 0.0}"
Chipotle,Philadelphia,the pizza was stale. overall great experience.,5,2025-12-14,14,User9958,place_Chipotle_Philadelphia_1,,[],,,stale,0.6249,0.406,0.0,{}
Chipotle,Philadelphia,the taco was expensive. overall great experience.,5,2025-10-12,30,User4807,place_Chipotle_Philadelphia_1,taco,['taco'],,expensive,,0.6249,0.406,0.0,{'taco': 0.0}
Chipotle,Philadelphia,the chicken sandwich was greasy. overall good experience.,2,2025-07-13,3,User7690,place_Chipotle_Philadelphia_4,"chicken sandwich,sandwich,chicken","['chicken sandwich', 'sandwich', 'chicken']",greasy,,,0.4404,0.293,0.0,"{'chicken sandwich': 0.0, 'sandwich': 0.0, 'chicken': 0.0}"
Chipotle,Philadelphia,the salad was hot. overall disappointing experience.,4,2025-10-15,50,User8880,place_Chipotle_Philadelphia_2,salad,['salad'],,,hot,-0.4939,0.0,0.348,{'salad': 0.0}
Chipotle,Philadelphia,the burger was hot. overall amazing experience.,1,2025-09-25,14,User7368,place_Chipotle_Philadelphia_2,burger,['burger'],,,hot,0.5859,0.388,0.0,{'burger': 0.0}
Chipotle,Philadelphia,the coffee was greasy. overall amazing experience.,5,2025-11-19,35,User3135,place_Chipotle_Philadelphia_4,coffee,['coffee'],greasy,,,0.5859,0.388,0.0,{'coffee': 0.0}
Chipotle,Philadelphia,the chicken sandwich was greasy. overall terrible experience.,2,2025-07-04,19,User5415,place_Chipotle_Philadelphia_2,"chicken sandwich,sandwich,chicken","['chicken sandwich', 'sandwich', 'chicken']",greasy,,,-0.4767,0.0,0.307,"{'chicken sandwich': 0.0, 'sandwich': 0.0, 'chicken': 0.0}"
Chipotle,Philadelphia,the pizza was dry. overall terrible experience.,1,2025-11-09,9,User7420,place_Chipotle_Philadelphia_3,,[],dry,,,-0.4767,0.0,0.341,{}
Chipotle,Philadelphia,the taco was dry. overall okay experience.,3,2025-10-30,26,User1008,place_Chipotle_Philadelphia_2,taco,['taco'],dry,,,0.2263,0.241,0.0,{'taco': 0.0}
Chipotle,Philadelphia,the fries was fresh. overall great experience.,5,2025-12-27,13,User5704,place_Chipotle_Philadelphia_3,fries,['fries'],,,fresh,0.7506,0.561,0.0,{'fries': 0.3182}
Chipotle,San Antonio,the chicken sandwich was expensive. overall terrible experience.,1,2025-12-06,16,User5737,place_Chipotle_San Antonio_1,"chicken sandwich,sandwich,chicken","['chicken sandwich', 'sandwich', 'chicken']",,expensive,,-0.4767,0.0,0.307,"{'chicken sandwich': 0.0, 'sandwich': 0.0, 'chicken': 0.0}"
Chipotle,San Antonio,the shake was crispy. overall amazing experience.,3,2025-10-09,38,User1988,place_Chipotle_San Antonio_4,shake,['shake'],crispy,,,0.4767,0.362,0.162,{'shake': -0.1779}
Chipotle,San Antonio,the salad was dry. overall great experience.,2,2025-09-06,8,User4625,place_Chipotle_San Antonio_3,salad,['salad'],dry,,,0.6249,0.406,0.0,{'salad': 0.0}
Chipotle,San Antonio,the coffee was dry. overall terrible experience.,4,2025-08-28,38,User4370,place_Chipotle_San Antonio_1,coffee,['coffee'],dry,,,-0.4767,0.0,0.341,{'coffee': 0.0}
Chipotle,San Antonio,the coffee was greasy. overall terrible experience.,5,2025-11-03,12,User2785,place_Chipotle_San Antonio_3,coffee,['coffee'],greasy,,,-0.4767,0.0,0.341,{'coffee': 0.0}
Chipotle,San Antonio,the taco was dry. overall good experience.,1,2025-12-29,18,User5460,place_Chipotle_San Antonio_2,taco,['taco'],dry,,,0.4404,0.326,0.0,{'taco': 0.0}
Chipotle,San Antonio,the shake was juicy. overall amazing experience.,1,2025-11-08,4,User5051,place_Chipotle_San Antonio_5,shake,['shake'],juicy,,,0.4767,0.362,0.162,{'shake': -0.1779}
Chipotle,San Antonio,the taco was fresh. overall good experience.,2,2025-09-04,39,User3659,place_Chipotle_San Antonio_4,taco,['taco'],,,fresh,0.6369,0.51,0.0,{'taco': 0.3182}
Chipotle,San Antonio,the coffee was juicy. overall amazing experience.,5,2025-08-04,50,User9115,place_Chipotle_San Antonio_4,coffee,['coffee'],juicy,,,0.5859,0.388,0.0,{'coffee': 0.0}
Chipotle,San Antonio,the pizza was stale. overall great experience.,5,2025-12-28,37,User3581,place_Chipotle_San Antonio_4,,[],,,stale,0.6249,0.406,0.0,{}
Chipotle,San Antonio,the taco was crispy. overall okay experience.,4,2025-09-05,25,User1767,place_Chipotle_San Antonio_2,taco,['taco'],crispy,,,0.2263,0.241,0.0,{'taco': 0.0}
Chipotle,San Diego,the wrap was cold. overall great experience.,4,2025-11-09,18,User7007,place_Chipotle_San Diego_1,wrap,['wrap'],,,cold,0.6249,0.406,0.0,{'wrap': 0.0}
Chipotle,San Diego,the chicken sandwich was stale. overall good experience.,2,2025-11-02,13,User8959,place_Chipotle_San Diego_2,"chicken sandwich,sandwich,chicken","['chicken sandwich', 'sandwich', 'chicken']",,,stale,0.4404,0.293,0.0,"{'chicken sandwich': 0.0, 'sandwich': 0.0, 'chicken': 0.0}"
Chipotle,San Diego,the wrap was dry. overall good experience.,5,2025-10-02,3,User5785,place_Chipotle_San Diego_5,wrap,['wrap'],dry,,,0.4404,0.326,0.0,{'wrap': 0.0}
Chipotle,San Diego,the fries was cheap. overall amazing experience.,2,2025-12-15,6,User8237,place_Chipotle_San Diego_2,fries,['fries'],,cheap,,0.5859,0.388,0.0,{'fries': 0.0}
Chipotle,San Diego,the chicken sandwich was cheap. overall terrible experience.,5,2025-10-31,15,User8568,place_Chipotle_San Diego_4,"chicken sandwich,sandwich,chicken","['chicken sandwich', 'sandwich', 'chicken']",,cheap,,-0.4767,0.0,0.307,"{'chicken sandwich': 0.0, 'sandwich': 0.0, 'chicken': 0.0}"
Chipotle,San Diego,the pizza was expensive. overall good experience.,1,2025-11-15,32,User6040,place_Chipotle_San Diego_2,,[],,expensive,,0.4404,0.326,0.0,{}
Chipotle,San Diego,the taco was cold. overall amazing experience.,4,2025-11-01,10,User9370,place_Chipotle_San Diego_2,taco,['taco'],,,cold,0.5859,0.388,0.0,{'taco': 0.0}
Chipotle,San Diego,the burger was cheap. overall amazing experience.,2,2025-12-03,7,User9097,place_Chipotle_San Diego_2,burger,['burger'],,cheap,,0.5859,0.388,0.0,{'burger': 0.0}
Chipotle,San Diego,the fries was dry. overall okay experience.,2,2025-11-11,20,User2216,place_Chipotle_San Diego_2,fries,['fries'],dry,,,0.2263,0.241,0.0,{'fries': 0.0}
Chipotle,San Diego,the chicken sandwich was cheap. overall good experience.,4,2025-09-01,36,User7494,place_Chipotle_San Diego_3,"chicken sandwich,sandwich,chicken","['chicken sandwich', 'sandwich', 'chicken']",,cheap,,0.4404,0.293,0.0,"{'chicken sandwich': 0.0, 'sandwich': 0.0, 'chicken': 0.0}"
Chipotle,San Diego,the nuggets was cheap. overall good experience.,5,2025-11-29,32,User7636,place_Chipotle_San Diego_5,nuggets,['nuggets'],,cheap,,0.4404,0.326,0.0,{'nuggets': 0.0}
Chipotle,Miami,the nuggets was greasy. overall terrible experience.,2,2025-11-03,30,User1972,place_Chipotle_Miami_2,nuggets,['nuggets'],greasy,,,-0.4767,0.0,0.341,{'nuggets': 0.0}
Chipotle,Miami,the nuggets was cold. overall terrible experience.,2,2025-08-27,36,User8180,place_Chipotle_Miami_1,nuggets,['nuggets'],,,cold,-0.4767,0.0,0.341,{'nuggets': 0.0}
Chipotle,Miami,the burger was expensive. overall great experience.,2,2025-11-08,16,User2364,place_Chipotle_Miami_4,burger,['burger'],,expensive,,0.6249,0.406,0.0,{'burger': 0.0}
Chipotle,Miami,the coffee was hot. overall okay experience.,4,2025-07-30,19,User1739,place_Chipotle_Miami_3,coffee,['coffee'],,,hot,0.2263,0.241,0.0,{'coffee': 0.0}
Chipotle,Miami,the chicken sandwich was hot. overall great experience.,4,2025-09-06,17,User3253,place_Chipotle_Miami_4,"chicken sandwich,sandwich,chicken","['chicken sandwich', 'sandwich', 'chicken']",,,hot,0.6249,0.369,0.0,"{'chicken sandwich': 0.0, 'sandwich': 0.0, 'chicken': 0.0}"
Chipotle,Miami,the pizza was greasy. overall disappointing experience.,3,2025-08-29,43,User2559,place_Chipotle_Miami_5,,[],greasy,,,-0.4939,0.0,0.348,{}
Chipotle,Miami,the coffee was juicy. overall good experience.,3,2025-09-15,21,User5382,place_Chipotle_Miami_1,coffee,['coffee'],juicy,,,0.4404,0.326,0.0,{'coffee': 0.0}
Chipotle,Miami,the burger was stale. overall great experience.,5,2025-12-11,46,User4458,place_Chipotle_Miami_4,burger,['burger'],,,stale,0.6249,0.406,0.0,{'burger': 0.0}
Chipotle,Miami,the chicken sandwich was hot. overall great experience.,4,2025-08-16,25,User8100,place_Chipotle_Miami_4,"chicken sandwich,sandwich,chicken","['chicken sandwich', 'sandwich', 'chicken']",,,hot,0.6249,0.369,0.0,"{'chicken sandwich': 0.0, 'sandwich': 0.0, 'chicken': 0.0}"
Chipotle,Miami,the coffee was juicy. overall amazing experience.,1,2025-09-11,27,User1250,place_Chipotle_Miami_1,coffee,['coffee'],juicy,,,0.5859,0.388,0.0,{'coffee': 0.0}
Chipotle,Miami,the nuggets was hot. overall good experience.,1,2025-08-27,1,User5408,place_Chipotle_Miami_4,nuggets,['nuggets'],,,hot,0.4404,0.326,0.0,{'nuggets': 0.0}
Chipotle,Seattle,the nuggets was crispy. overall terrible experience.,1,2025-12-08,29,User7417,place_Chipotle_Seattle_3,nuggets,['nuggets'],crispy,,,-0.4767,0.0,0.341,{'nuggets': 0.0}
Chipotle,Seattle,the wrap was hot. overall okay experience.,5,2025-07-06,12,User4223,place_Chipotle_Seattle_5,wrap,['wrap'],,,hot,0.2263,0.241,0.0,{'wrap': 0.0}
Chipotle,Seattle,the wrap was crispy. overall okay experience.,4,2025-07-24,31,User9663,place_Chipotle_Seattle_2,wrap,['wrap'],crispy,,,0.2263,0.241,0.0,{'wrap': 0.0}
Chipotle,Seattle,the chicken sandwich was dry. overall disappointing experience.,4,2025-07-16,2,User1847,place_Chipotle_Seattle_5,"chicken sandwich,sandwich,chicken","['chicken sandwich', 'sandwich', 'chicken']",dry,,,-0.4939,0.0,0.314,"{'chicken sandwich': 0.0, 'sandwich': 0.0, 'chicken': 0.0}"
Chipotle,Seattle,the pizza was expensive. overall okay experience.,5,2025-12-09,31,User8419,place_Chipotle_Seattle_3,,[],,expensive,,0.2263,0.241,0.0,{}
Chipotle,Seattle,the salad was crispy. overall terrible experience.,2,2025-08-14,43,User8284,place_Chipotle_Seattle_4,salad,['salad'],crispy,,,-0.4767,0.0,0.341,{'salad': 0.0}
Chipotle,Seattle,the pizza was hot. overall good experience.,5,2025-10-13,13,User4995,place_Chipotle_Seattle_3,,[],,,hot,0.4404,0.326,0.0,{}
Chipotle,Seattle,the coffee was expensive. overall disappointing experience.,3,2025-11-06,14,User3034,place_Chipotle_Seattle_5,coffee,['coffee'],,expensive,,-0.4939,0.0,0.348,{'coffee': 0.0}
Chipotle,Seattle,the nuggets was fresh. overall good experience.,3,2025-11-22,27,User4102,place_Chipotle_Seattle_2,nuggets,['nuggets'],,,fresh,0.6369,0.51,0.0,{'nuggets': 0.3182}
Chipotle,Seattle,the nuggets was hot. overall disappointing experience.,2,2025-08-31,34,User3682,place_Chipotle_Seattle_3,nuggets,['nuggets'],,,hot,-0.4939,0.0,0.348,{'nuggets': 0.0}
Chipotle,Seattle,the coffee was cheap. overall great experience.,2,2025-12-25,43,User1165,place_Chipotle_Seattle_5,coffee,['coffee'],,cheap,,0.6249,0.406,0.0,{'coffee': 0.0}
Chipotle,Boston,the taco was stale. overall okay experience.,4,2025-10-17,38,User2717,place_Chipotle_Boston_4,taco,['taco'],,,stale,0.2263,0.241,0.0,{'taco': 0.0}
Chipotle,Boston,the fries was stale. overall amazing experience.,1,2025-07-18,9,User3986,place_Chipotle_Boston_4,fries,['fries'],,,stale,0.5859,0.388,0.0,{'fries': 0.0}
Chipotle,Boston,the coffee was cheap. overall okay experience.,4,2025-08-10,29,User3016,place_Chipotle_Boston_5,coffee,['coffee'],,cheap,,0.2263,0.241,0.0,{'coffee': 0.0}
Chipotle,Boston,the shake was stale. overall good experience.,4,2025-07-05,10,User5891,place_Chipotle_Boston_3,shake,['shake'],,,stale,0.296,0.302,0.177,{'shake': -0.1779}
Chipotle,Boston,the pizza was cold. overall terrible experience.,1,2025-08-05,41,User5987,place_Chipotle_Boston_3,,[],,,cold,-0.4767,0.0,0.341,{}
Chipotle,Boston,the taco was stale. overall amazing experience.,1,2025-09-07,2,User6870,place_Chipotle_Boston_4,taco,['taco'],,,stale,0.5859,0.388,0.0,{'taco': 0.0}
Chipotle,Boston,the nuggets was hot. overall okay experience.,2,2025-11-17,3,User9397,place_Chipotle_Boston_3,nuggets,['nuggets'],,,hot,0.2263,0.241,0.0,{'nuggets': 0.0}
Chipotle,Boston,the nuggets was crispy. overall amazing experience.,1,2025-10-01,34,User4999,place_Chipotle_Boston_5,nuggets,['nuggets'],crispy,,,0.5859,0.388,0.0,{'nuggets': 0.0}
Chipotle,Boston,the pizza was cold. overall disappointing experience.,2,2025-12-24,24,User7299,place_Chipotle_Boston_5,,[],,,cold,-0.4939,0.0,0.348,{}
Chipotle,Boston,the coffee was cold. overall amazing experience.,3,2025-07-04,9,User9420,place_Chipotle_Boston_1,coffee,['coffee'],,,cold,0.5859,0.388,0.0,{'coffee': 0.0}
Chipotle,Boston,the chicken sandwich was dry. overall amazing experience.,2,2025-07-04,47,User9081,place_Chipotle_Boston_3,"chicken sandwich,sandwich,chicken","['chicken sandwich', 'sandwich', 'chicken']",dry,,,0.5859,0.352,0.0,"{'chicken sandwich': 0.0, 'sandwich': 0.0, 'chicken': 0.0}"
Chipotle,Denver,the taco was hot. overall terrible experience.,1,2025-08-17,46,User4475,place_Chipotle_Denver_5,taco,['taco'],,,hot,-0.4767,0.0,0.341,{'taco': 0.0}
Chipotle,Denver,the burger was expensive. overall disappointing experience.,1,2025-12-25,14,User1900,place_Chipotle_Denver_4,burger,['burger'],,expensive,,-0.4939,0.0,0.348,{'burger': 0.0}
Chipotle,Denver,the shake was stale. overall terrible experience.,1,2025-11-30,24,User1030,place_Chipotle_Denver_2,shake,['shake'],,,stale,-0.5859,0.0,0.49,{'shake': -0.1779}
Chipotle,Denver,the shake was greasy. overall terrible experience.,5,2025-07-23,15,User5810,place_Chipotle_Denver_2,shake,['shake'],greasy,,,-0.5859,0.0,0.49,{'shake': -0.1779}
Chipotle,Denver,the fries was hot. overall good experience.,1,2025-12-21,48,User4797,place_Chipotle_Denver_4,fries,['fries'],,,hot,0.4404,0.326,0.0,{'fries': 0.0}
Chipotle,Denver,the pizza was dry. overall great experience.,2,2025-07-11,41,User5821,place_Chipotle_Denver_2,,[],dry,,,0.6249,0.406,0.0,{}
Chipotle,Denver,the pizza was cheap. overall great experience.,5,2025-10-06,2,User6491,place_Chipotle_Denver_5,,[],,cheap,,0.6249,0.406,0.0,{}
Chipotle,Denver,the chicken sandwich was stale. overall amazing experience.,3,2025-09-29,17,User7092,place_Chipotle_Denver_3,"chicken sandwich,sandwich,chicken","['chicken sandwich', 'sandwich', 'chicken']",,,stale,0.5859,0.352,0.0,"{'chicken sandwich': 0.0, 'sandwich': 0.0, 'chicken': 0.0}"
Chipotle,Denver,the pizza was fresh. overall good experience.,2,2025-10-19,22,User1477,place_Chipotle_Denver_1,,[],,,fresh,0.6369,0.51,0.0,{}
Chipotle,Denver,the chicken sandwich was stale. overall great experience.,2,2025-11-30,9,User6424,place_Chipotle_Denver_1,"chicken sandwich,sandwich,chicken","['chicken sandwich', 'sandwich', 'chicken']",,,stale,0.6249,0.369,0.0,"{'chicken sandwich': 0.0, 'sandwich': 0.0, 'chicken': 0.0}"
Chipotle,Denver,the fries was stale. overall great experience.,5,2025-10-03,33,User3637,place_Chipotle_Denver_1,fries,['fries'],,,stale,0.6249,0.406,0.0,{'fries': 0.0}
Chipotle,Portland,the fries was fresh. overall amazing experience.,4,2025-09-25,48,User8317,place_Chipotle_Portland_5,fries,['fries'],,,fresh,0.7269,0.55,0.0,{'fries': 0.3182}
Chipotle,Portland,the wrap was dry. overall amazing experience.,1,2025-10-15,20,User7168,place_Chipotle_Portland_5,wrap,['wrap'],dry,,,0.5859,0.388,0.0,{'wrap': 0.0}
Chipotle,Portland,the burger was expensive. overall amazing experience.,5,2025-10-21,17,User4336,place_Chipotle_Portland_4,burger,['burger'],,expensive,,0.5859,0.388,0.0,{'burger': 0.0}
Chipotle,Portland,the coffee was stale. overall terrible experience.,4,2025-08-10,13,User2372,place_Chipotle_Portland_5,coffee,['coffee'],,,stale,-0.4767,0.0,0.341,{'coffee': 0.0}
Chipotle,Portland,the nuggets was cold. overall disappointing experience.,3,2025-10-01,13,User5272,place_Chipotle_Portland_5,nuggets,['nuggets'],,,cold,-0.4939,0.0,0.348,{'nuggets': 0.0}
Chipotle,Portland,the chicken sandwich was hot. overall okay experience.,4,2025-10-06,29,User2108,place_Chipotle_Portland_5,"chicken sandwich,sandwich,chicken","['chicken sandwich', 'sandwich', 'chicken']",,,hot,0.2263,0.213,0.0,"{'chicken sandwich': 0.0, 'sandwich': 0.0, 'chicken': 0.0}"
Chipotle,Portland,the fries was juicy. overall great experience.,5,2025-08-16,37,User1837,place_Chipotle_Portland_2,fries,['fries'],juicy,,,0.6249,0.406,0.0,{'fries': 0.0}
Chipotle,Portland,the pizza was stale. overall terrible experience.,1,2025-08-22,6,User3487,place_Chipotle_Portland_1,,[],,,stale,-0.4767,0.0,0.341,{}
Chipotle,Portland,the wrap was crispy. overall great experience.,3,2025-09-29,13,User4258,place_Chipotle_Portland_3,wrap,['wrap'],crispy,,,0.6249,0.406,0.0,{'wrap': 0.0}
Chipotle,Portland,the burger was hot. overall terrible experience.,3,2025-08-12,7,User3965,place_Chipotle_Portland_4,burger,['burger'],,,hot,-0.4767,0.0,0.341,{'burger': 0.0}
Chipotle,Portland,the salad was fresh. overall good experience.,4,2025-12-30,22,User7940,place_Chipotle_Portland_5,salad,['salad'],,,fresh,0.6369,0.51,0.0,{'salad': 0.3182}
Starbucks,New York,the pizza was juicy. overall amazing experience.,4,2025-09-20,40,User6142,place_Starbucks_New York_5,,[],juicy,,,0.5859,0.388,0.0,{}
Starbucks,New York,the burger was juicy. overall amazing experience.,3,2025-09-07,32,User3487,place_Starbucks_New York_2,burger,['burger'],juicy,,,0.5859,0.388,0.0,{'burger': 0.0}
Starbucks,New York,the fries was dry. overall amazing experience.,1,2025-07-25,13,User8389,place_Starbucks_New York_5,fries,['fries'],dry,,,0.5859,0.388,0.0,{'fries': 0.0}
Starbucks,New York,the burger was crispy. overall disappointing experience.,3,2025-12-20,35,User4625,place_Starbucks_New York_5,burger,['burger'],crispy,,,-0.4939,0.0,0.348,{'burger': 0.0}
Starbucks,New York,the coffee was expensive. overall amazing experience.,3,2025-12-03,27,User7874,place_Starbucks_New York_2,coffee,['coffee'],,expensive,,0.5859,0.388,0.0,{'coffee': 0.0}
Starbucks,New York,the wrap was juicy. overall disappointing experience.,3,2025-09-10,4,User5720,place_Starbucks_New York_4,wrap,['wrap'],juicy,,,-0.4939,0.0,0.348,{'wrap': 0.0}
Starbucks,New York,the salad was greasy. overall good experience.,3,2025-10-07,15,User6163,place_Starbucks_New York_5,salad,['salad'],greasy,,,0.4404,0.326,0.0,{'salad': 0.0}
Starbucks,New York,the burger was crispy. overall disappointing experience.,5,2025-10-12,8,User2325,place_Starbucks_New York_3,burger,['burger'],crispy,,,-0.4939,0.0,0.348,{'burger': 0.0}
Starbucks,New York,the wrap was cold. overall terrible experience.,5,2025-12-07,1,User1304,place_Starbucks_New York_4,wrap,['wrap'],,,cold,-0.4767,0.0,0.341,{'wrap': 0.0}
Starbucks,New York,the wrap was fresh. overall terrible experience.,3,2025-08-26,27,User5034,place_Starbucks_New York_3,wrap,['wrap'],,,fresh,-0.2023,0.221,0.298,{'wrap': 0.3182}
Starbucks,New York,the wrap was fresh. overall okay experience.,2,2025-07-10,7,User2136,place_Starbucks_New York_2,wrap,['wrap'],,,fresh,0.4939,0.457,0.0,{'wrap': 0.3182}
Starbucks,Los Angeles,the fries was cheap. overall disappointing experience.,1,2025-09-27,28,User9125,place_Starbucks_Los Angeles_2,fries,['fries'],,cheap,,-0.4939,0.0,0.348,{'fries': 0.0}
Starbucks,Los Angeles,the fries was cold. overall disappointing experience.,4,2025-09-22,41,User8880,place_Starbucks_Los Angeles_4,fries,['fries'],,,cold,-0.4939,0.0,0.348,{'fries': 0.0}
Starbucks,Los Angeles,the chicken sandwich was juicy. overall amazing experience.,4,2025-08-24,48,User9492,place_Starbucks_Los Angeles_4,"chicken sandwich,sandwich,chicken","['chicken sandwich', 'sandwich', 'chicken']",juicy,,,0.5859,0.352,0.0,"{'chicken sandwich': 0.0, 'sandwich': 0.0, 'chicken': 0.0}"
Starbucks,Los Angeles,the chicken sandwich was juicy. overall good experience.,4,2025-09-07,34,User2497,place_Starbucks_Los Angeles_1,"chicken sandwich,sandwich,chicken","['chicken sandwich', 'sandwich', 'chicken']",juicy,,,0.4404,0.293,0.0,"{'chicken sandwich': 0.0, 'sandwich': 0.0, 'chicken': 0.0}"
Starbucks,Los Angeles,the fries was cheap. overall disappointing experience.,4,2025-08-08,7,User9864,place_Starbucks_Los Angeles_3,fries,['fries'],,cheap,,-0.4939,0.0,0.348,{'fries': 0.0}
Starbucks,Los Angeles,the pizza was stale. overall okay experience.,5,2025-09-24,37,User6343,place_Starbucks_Los Angeles_4,,[],,,stale,0.2263,0.241,0.0,{}
Starbucks,Los Angeles,the salad was stale. overall good experience.,2,2025-08-28,14,User7502,place_Starbucks_Los Angeles_2,salad,['salad'],,,stale,0.4404,0.326,0.0,{'salad': 0.0}
Starbucks,Los Angeles,the coffee was crispy. overall good experience.,3,2025-09-14,10,User9083,place_Starbucks_Los Angeles_3,coffee,['coffee'],crispy,,,0.4404,0.326,0.0,{'coffee': 0.0}
Starbucks,Los Angeles,the nuggets was crispy. overall disappointing experience.,5,2025-07-26,6,User5370,place_Starbucks_Los Angeles_4,nuggets,['nuggets'],crispy,,,-0.4939,0.0,0.348,{'nuggets': 0.0}
Starbucks,Los Angeles,the shake was cheap. overall amazing experience.,2,2025-08-08,9,User5419,place_Starbucks_Los Angeles_1,shake,['shake'],,cheap,,0.4767,0.362,0.162,{'shake': -0.1779}
Starbucks,Los Angeles,the taco was juicy. overall good experience.,3,2025-10-07,41,User6288,place_Starbucks_Los Angeles_1,taco,['taco'],juicy,,,0.4404,0.326,0.0,{'taco': 0.0}
Starbucks,Chicago,the coffee was greasy. overall good experience.,4,2025-11-19,49,User2929,place_Starbucks_Chicago_5,coffee,['coffee'],greasy,,,0.4404,0.326,0.0,{'coffee': 0.0}
Starbucks,Chicago,the taco was cheap. overall great experience.,1,2025-11-13,37,User6428,place_Starbucks_Chicago_5,taco,['taco'],,cheap,,0.6249,0.406,0.0,{'taco': 0.0}
Starbucks,Chicago,the salad was crispy. overall disappointing experience.,5,2025-11-20,21,User8811,place_Starbucks_Chicago_1,salad,['salad'],crispy,,,-0.4939,0.0,0.348,{'salad': 0.0}
Starbucks,Chicago,the wrap was expensive. overall okay experience.,5,2025-09-13,8,User9479,place_Starbucks_Chicago_1,wrap,['wrap'],,expensive,,0.2263,0.241,0.0,{'wrap': 0.0}
Starbucks,Chicago,the fries was expensive. overall disappointing experience.,2,2025-12-28,19,User6407,place_Starbucks_Chicago_5,fries,['fries'],,expensive,,-0.4939,0.0,0.348,{'fries': 0.0}
Starbucks,Chicago,the burger was cheap. overall terrible experience.,2,2025-10-26,43,User9868,place_Starbucks_Chicago_2,burger,['burger'],,cheap,,-0.4767,0.0,0.341,{'burger': 0.0}
Starbucks,Chicago,the taco was cheap. overall terrible experience.,2,2025-10-31,35,User2655,place_Starbucks_Chicago_1,taco,['taco'],,cheap,,-0.4767,0.0,0.341,{'taco': 0.0}
Starbucks,Chicago,the nuggets was crispy. overall good experience.,2,2025-07-29,3,User3797,place_Starbucks_Chicago_1,nuggets,['nuggets'],crispy,,,0.4404,0.326,0.0,{'nuggets': 0.0}
Starbucks,Chicago,the chicken sandwich was cheap. overall amazing experience.,2,2025-09-18,26,User6734,place_Starbucks_Chicago_2,"chicken sandwich,sandwich,chicken","['chicken sandwich', 'sandwich', 'chicken']",,cheap,,0.5859,0.352,0.0,"{'chicken sandwich': 0.0, 'sandwich': 0.0, 'chicken': 0.0}"
Starbucks,Chicago,the taco was stale. overall okay experience.,2,2025-08-24,13,User5352,place_Starbucks_Chicago_1,taco,['taco'],,,stale,0.2263,0.241,0.0,{'taco': 0.0}
Starbucks,Chicago,the wrap was cold. overall disappointing experience.,3,2025-08-10,47,User5583,place_Starbucks_Chicago_3,wrap,['wrap'],,,cold,-0.4939,0.0,0.348,{'wrap': 0.0}
Starbucks,Dallas,the pizza was hot. overall okay experience.,5,2025-09-13,21,User6944,place_Starbucks_Dallas_5,,[],,,hot,0.2263,0.241,0.0,{}
Starbucks,Dallas,the salad was dry. overall disappointing experience.,5,2025-07-10,23,User6640,place_Starbucks_Dallas_1,salad,['salad'],dry,,,-0.4939,0.0,0.348,{'salad': 0.0}
Starbucks,Dallas,the fries was juicy. overall good experience.,3,2025-12-05,47,User1317,place_Starbucks_Dallas_5,fries,['fries'],juicy,,,0.4404,0.326,0.0,{'fries': 0.0}
Starbucks,Dallas,the burger was fresh. overall terrible experience.,5,2025-07-26,49,User3230,place_Starbucks_Dallas_1,burger,['burger'],,,fresh,-0.2023,0.221,0.298,{'burger': 0.3182}
Starbucks,Dallas,the shake was stale. overall great experience.,3,2025-10-22,36,User7195,place_Starbucks_Dallas_5,shake,['shake'],,,stale,0.5267,0.38,0.157,{'shake': -0.1779}
Starbucks,Dallas,the shake was cold. overall amazing experience.,3,2025-09-13,28,User6500,place_Starbucks_Dallas_4,shake,['shake'],,,cold,0.4767,0.362,0.162,{'shake': -0.1779}
Starbucks,Dallas,the chicken sandwich was cold. overall disappointing experience.,2,2025-07-15,19,User7873,place_Starbucks_Dallas_3,"chicken sandwich,sandwich,chicken","['chicken sandwich', 'sandwich', 'chicken']",,,cold,-0.4939,0.0,0.314,"{'chicken sandwich': 0.0, 'sandwich': 0.0, 'chicken': 0.0}"
Starbucks,Dallas,the pizza was crispy. overall amazing experience.,5,2025-11-07,7,User8229,place_Starbucks_Dallas_1,,[],crispy,,,0.5859,0.388,0.0,{}
Starbucks,Dallas,the nuggets was greasy. overall disappointing experience.,1,2025-09-28,15,User6635,place_Starbucks_Dallas_5,nuggets,['nuggets'],greasy,,,-0.4939,0.0,0.348,{'nuggets': 0.0}
Starbucks,Dallas,the burger was cold. overall okay experience.,4,2025-11-28,20,User1587,place_Starbucks_Dallas_2,burger,['burger'],,,cold,0.2263,0.241,0.0,{'burger': 0.0}
Starbucks,Dallas,the shake was cheap. overall okay experience.,5,2025-09-06,39,User6691,place_Starbucks_Dallas_2,shake,['shake'],,cheap,,0.0516,0.221,0.198,{'shake': -0.1779}
Starbucks,Atlanta,the pizza was crispy. overall terrible experience.,3,2025-07-18,0,User4793,place_Starbucks_Atlanta_4,,[],crispy,,,-0.4767,0.0,0.341,{}
Starbucks,Atlanta,the shake was greasy. overall great experience.,1,2025-08-30,37,User5325,place_Starbucks_Atlanta_2,shake,['shake'],greasy,,,0.5267,0.38,0.157,{'shake': -0.1779}
Starbucks,Atlanta,the shake was fresh. overall great experience.,3,2025-09-22,10,User7053,place_Starbucks_Atlanta_3,shake,['shake'],,,fresh,0.6908,0.529,0.14,{'shake': 0.1531}
Starbucks,Atlanta,the fries was hot. overall amazing experience.,5,2025-10-01,29,User9668,place_Starbucks_Atlanta_1,fries,['fries'],,,hot,0.5859,0.388,0.0,{'fries': 0.0}
Starbucks,Atlanta,the taco was cheap. overall amazing experience.,4,2025-10-04,50,User1116,place_Starbucks_Atlanta_1,taco,['taco'],,cheap,,0.5859,0.388,0.0,{'taco': 0.0}
Starbucks,Atlanta,the shake was cold. overall disappointing experience.,5,2025-09-08,21,User9545,place_Starbucks_Atlanta_1,shake,['shake'],,,cold,-0.5994,0.0,0.495,{'shake': -0.1779}
Starbucks,Atlanta,the coffee was hot. overall disappointing experience.,3,2025-12-05,49,User9775,place_Starbucks_Atlanta_4,coffee,['coffee'],,,hot,-0.4939,0.0,0.348,{'coffee': 0.0}
Starbucks,Atlanta,the nuggets was dry. overall great experience.,2,2025-12-17,33,User5271,place_Starbucks_Atlanta_5,nuggets,['nuggets'],dry,,,0.6249,0.406,0.0,{'nuggets': 0.0}
Starbucks,Atlanta,the burger was juicy. overall disappointing experience.,1,2025-07-13,40,User2913,place_Starbucks_Atlanta_2,burger,['burger'],juicy,,,-0.4939,0.0,0.348,{'burger': 0.0}
Starbucks,Atlanta,the shake was crispy. overall okay experience.,5,2025-08-18,47,User4373,place_Starbucks_Atlanta_4,shake,['shake'],crispy,,,0.0516,0.221,0.198,{'shake': -0.1779}
Starbucks,Atlanta,the nuggets was stale. overall amazing experience.,3,2025-07-14,26,User4853,place_Starbucks_Atlanta_3,nuggets,['nuggets'],,,stale,0.5859,0.388,0.0,{'nuggets': 0.0}
Starbucks,Houston,the chicken sandwich was hot. overall amazing experience.,1,2025-10-21,23,User9688,place_Starbucks_Houston_2,"chicken sandwich,sandwich,chicken","['chicken sandwich', 'sandwich', 'chicken']",,,hot,0.5859,0.352,0.0,"{'chicken sandwich': 0.0, 'sandwich': 0.0, 'chicken': 0.0}"
Starbucks,Houston,the shake was dry. overall good experience.,3,2025-07-27,0,User8350,place_Starbucks_Houston_1,shake,['shake'],dry,,,0.296,0.302,0.177,{'shake': -0.1779}
Starbucks,Houston,the coffee was expensive. overall amazing experience.,2,2025-11-15,48,User4234,place_Starbucks_Houston_2,coffee,['coffee'],,expensive,,0.5859,0.388,0.0,{'coffee': 0.0}
Starbucks,Houston,the shake was cold. overall good experience.,4,2025-10-09,41,User8961,place_Starbucks_Houston_1,shake,['shake'],,,cold,0.296,0.302,0.177,{'shake': -0.1779}
Starbucks,Houston,the shake was cold. overall good experience.,1,2025-09-01,50,User4834,place_Starbucks_Houston_4,shake,['shake'],,,cold,0.296,0.302,0.177,{'shake': -0.1779}
Starbucks,Houston,the coffee was juicy. overall good experience.,4,2025-09-27,34,User1590,place_Starbucks_Houston_5,coffee,['coffee'],juicy,,,0.4404,0.326,0.0,{'coffee': 0.0}
Starbucks,Houston,the chicken sandwich was juicy. overall great experience.,5,2025-07-14,42,User3559,place_Starbucks_Houston_2,"chicken sandwich,sandwich,chicken","['chicken sandwich', 'sandwich', 'chicken']",juicy,,,0.6249,0.369,0.0,"{'chicken sandwich': 0.0, 'sandwich': 0.0, 'chicken': 0.0}"
Starbucks,Houston,the pizza was greasy. overall good experience.,3,2025-07-14,9,User8070,place_Starbucks_Houston_3,,[],greasy,,,0.4404,0.326,0.0,{}
Starbucks,Houston,the wrap was cold. overall terrible experience.,3,2025-08-02,38,User8796,place_Starbucks_Houston_4,wrap,['wrap'],,,cold,-0.4767,0.0,0.341,{'wrap': 0.0}
Starbucks,Houston,the burger was stale. overall disappointing experience.,2,2025-08-05,31,User9097,place_Starbucks_Houston_5,burger,['burger'],,,stale,-0.4939,0.0,0.348,{'burger': 0.0}
Starbucks,Houston,the fries was expensive. overall terrible experience.,5,2025-07-25,34,User4529,place_Starbucks_Houston_3,fries,['fries'],,expensive,,-0.4767,0.0,0.341,{'fries': 0.0}
Starbucks,Phoenix,the chicken sandwich was crispy. overall good experience.,5,2025-11-24,46,User7292,place_Starbucks_Phoenix_4,"chicken sandwich,sandwich,chicken","['chicken sandwich', 'sandwich', 'chicken']",crispy,,,0.4404,0.293,0.0,"{'chicken sandwich': 0.0, 'sandwich': 0.0, 'chicken': 0.0}"
Starbucks,Phoenix,the wrap was cold. overall amazing experience.,3,2025-12-08,31,User1648,place_Starbucks_Phoenix_3,wrap,['wrap'],,,cold,0.5859,0.388,0.0,{'wrap': 0.0}
Starbucks,Phoenix,the burger was greasy. overall disappointing experience.,5,2025-09-08,46,User8589,place_Starbucks_Phoenix_1,burger,['burger'],greasy,,,-0.4939,0.0,0.348,{'burger': 0.0}
Starbucks,Phoenix,the pizza was dry. overall good experience.,3,2025-07-09,21,User8870,place_Starbucks_Phoenix_1,,[],dry,,,0.4404,0.326,0.0,{}
Starbucks,Phoenix,the chicken sandwich was hot. overall good experience.,1,2025-09-19,36,User7061,place_Starbucks_Phoenix_4,"chicken sandwich,sandwich,chicken","['chicken sandwich', 'sandwich', 'chicken']",,,hot,0.4404,0.293,0.0,"{'chicken sandwich': 0.0, 'sandwich': 0.0, 'chicken': 0.0}"
Starbucks,Phoenix,the pizza was crispy. overall great experience.,4,2025-12-31,21,User3318,place_Starbucks_Phoenix_5,,[],crispy,,,0.6249,0.406,0.0,{}
Starbucks,Phoenix,the pizza was fresh. overall amazing experience.,1,2025-11-18,24,User5428,place_Starbucks_Phoenix_2,,[],,,fresh,0.7269,0.55,0.0,{}
Starbucks,Phoenix,the fries was fresh. overall great experience.,4,2025-09-15,35,User5482,place_Starbucks_Phoenix_1,fries,['fries'],,,fresh,0.7506,0.561,0.0,{'fries': 0.3182}
Starbucks,Phoenix,the wrap was cheap. overall amazing experience.,3,2025-08-05,34,User8266,place_Starbucks_Phoenix_1,wrap,['wrap'],,cheap,,0.5859,0.388,0.0,{'wrap': 0.0}
Starbucks,Phoenix,the wrap was fresh. overall okay experience.,3,2025-11-01,16,User5729,place_Starbucks_Phoenix_5,wrap,['wrap'],,,fresh,0.4939,0.457,0.0,{'wrap': 0.3182}
Starbucks,Phoenix,the burger was crispy. overall terrible experience.,4,2025-10-04,18,User9498,place_Starbucks_Phoenix_3,burger,['burger'],crispy,,,-0.4767,0.0,0.341,{'burger': 0.0}
Starbucks,Philadelphia,the fries was expensive. overall good experience.,3,2025-12-05,0,User4607,place_Starbucks_Philadelphia_2,fries,['fries'],,expensive,,0.4404,0.326,0.0,{'fries': 0.0}
Starbucks,Philadelphia,the pizza was dry. overall disappointing experience.,1,2025-09-12,36,User8580,place_Starbucks_Philadelphia_1,,[],dry,,,-0.4939,0.0,0.348,{}
Starbucks,Philadelphia,the nuggets was greasy. overall amazing experience.,3,2025-08-21,35,User4692,place_Starbucks_Philadelphia_1,nuggets,['nuggets'],greasy,,,0.5859,0.388,0.0,{'nuggets': 0.0}
Starbucks,Philadelphia,the pizza was crispy. overall amazing experience.,4,2025-07-10,43,User9652,place_Starbucks_Philadelphia_5,,[],crispy,,,0.5859,0.388,0.0,{}
Starbucks,Philadelphia,the shake was stale. overall okay experience.,1,2025-12-17,20,User1920,place_Starbucks_Philadelphia_1,shake,['shake'],,,stale,0.0516,0.221,0.198,{'shake': -0.1779}
Starbucks,Philadelphia,the fries was dry. overall good experience.,2,2025-09-06,43,User3537,place_Starbucks_Philadelphia_2,fries,['fries'],dry,,,0.4404,0.326,0.0,{'fries': 0.0}
Starbucks,Philadelphia,the taco was hot. overall great experience.,1,2025-10-06,40,User7037,place_Starbucks_Philadelphia_1,taco,['taco'],,,hot,0.6249,0.406,0.0,{'taco': 0.0}
Starbucks,Philadelphia,the nuggets was greasy. overall amazing experience.,3,2025-08-10,7,User8405,place_Starbucks_Philadelphia_4,nuggets,['nuggets'],greasy,,,0.5859,0.388,0.0,{'nuggets': 0.0}
Starbucks,Philadelphia,the chicken sandwich was dry. overall terrible experience.,2,2025-11-03,8,User5521,place_Starbucks_Philadelphia_4,"chicken sandwich,sandwich,chicken","['chicken sandwich', 'sandwich', 'chicken']",dry,,,-0.4767,0.0,0.307,"{'chicken sandwich': 0.0, 'sandwich': 0.0, 'chicken': 0.0}"
Starbucks,Philadelphia,the wrap was crispy. overall amazing experience.,5,2025-11-18,6,User3780,place_Starbucks_Philadelphia_2,wrap,['wrap'],crispy,,,0.5859,0.388,0.0,{'wrap': 0.0}
Starbucks,Philadelphia,the burger was cheap. overall amazing experience.,1,2025-07-07,17,User1336,place_Starbucks_Philadelphia_4,burger,['burger'],,cheap,,0.5859,0.388,0.0,{'burger': 0.0}
Starbucks,San Antonio,the burger was juicy. overall amazing experience.,5,2025-07-25,33,User2377,place_Starbucks_San Antonio_5,burger,['burger'],juicy,,,0.5859,0.388,0.0,{'burger': 0.0}
Starbucks,San Antonio,the coffee was hot. overall okay experience.,3,2025-12-19,1,User6177,place_Starbucks_San Antonio_3,coffee,['coffee'],,,hot,0.2263,0.241,0.0,{'coffee': 0.0}
Starbucks,San Antonio,the burger was stale. overall terrible experience.,3,2025-07-21,44,User6303,place_Starbucks_San Antonio_1,burger,['burger'],,,stale,-0.4767,0.0,0.341,{'burger': 0.0}
Starbucks,San Antonio,the coffee was dry. overall good experience.,3,2025-11-14,26,User8726,place_Starbucks_San Antonio_5,coffee,['coffee'],dry,,,0.4404,0.326,0.0,{'coffee': 0.0}
Starbucks,San Antonio,the fries was cheap. overall good experience.,1,2025-08-14,37,User1715,place_Starbucks_San Antonio_2,fries,['fries'],,cheap,,0.4404,0.326,0.0,{'fries': 0.0}
Starbucks,San Antonio,the taco was stale. overall amazing experience.,4,2025-08-07,37,User4033,place_Starbucks_San Antonio_3,taco,['taco'],,,stale,0.5859,0.388,0.0,{'taco': 0.0}
Starbucks,San Antonio,the chicken sandwich was greasy. overall okay experience.,5,2025-08-15,25,User4028,place_Starbucks_San Antonio_3,"chicken sandwich,sandwich,chicken","['chicken sandwich', 'sandwich', 'chicken']",greasy,,,0.2263,0.213,0.0,"{'chicken sandwich': 0.0, 'sandwich': 0.0, 'chicken': 0.0}"
Starbucks,San Antonio,the burger was greasy. overall great experience.,4,2025-07-23,40,User1568,place_Starbucks_San Antonio_5,burger,['burger'],greasy,,,0.6249,0.406,0.0,{'burger': 0.0}
Starbucks,San Antonio,the taco was juicy. overall good experience.,3,2025-07-19,14,User5807,place_Starbucks_San Antonio_1,taco,['taco'],juicy,,,0.4404,0.326,0.0,{'taco': 0.0}
Starbucks,San Antonio,the salad was hot. overall disappointing experience.,5,2025-12-19,45,User2969,place_Starbucks_San Antonio_5,salad,['salad'],,,hot,-0.4939,0.0,0.348,{'salad': 0.0}
Starbucks,San Antonio,the salad was greasy. overall terrible experience.,2,2025-09-21,21,User6552,place_Starbucks_San Antonio_3,salad,['salad'],greasy,,,-0.4767,0.0,0.341,{'salad': 0.0}
Starbucks,San Diego,the fries was cheap. overall okay experience.,2,2025-09-22,5,User8650,place_Starbucks_San Diego_1,fries,['fries'],,cheap,,0.2263,0.241,0.0,{'fries': 0.0}
Starbucks,San Diego,the chicken sandwich was fresh. overall great experience.,5,2025-11-28,29,User6998,place_Starbucks_San Diego_5,"chicken sandwich,sandwich,chicken","['chicken sandwich', 'sandwich', 'chicken']",,,fresh,0.7506,0.516,0.0,"{'chicken sandwich': 0.3182, 'sandwich': 0.3182, 'chicken': 0.3182}"
Starbucks,San Diego,the coffee was crispy. overall great experience.,3,2025-11-23,24,User7437,place_Starbucks_San Diego_5,coffee,['coffee'],crispy,,,0.6249,0.406,0.0,{'coffee': 0.0}
Starbucks,San Diego,the fries was crispy. overall disappointing experience.,2,2025-11-02,45,User9538,place_Starbucks_San Diego_5,fries,['fries'],crispy,,,-0.4939,0.0,0.348,{'fries': 0.0}
Starbucks,San Diego,the salad was cheap. overall disappointing experience.,5,2025-08-14,19,User9081,place_Starbucks_San Diego_1,salad,['salad'],,cheap,,-0.4939,0.0,0.348,{'salad': 0.0}
Starbucks,San Diego,the chicken sandwich was juicy. overall great experience.,5,2025-09-18,33,User1251,place_Starbucks_San Diego_5,"chicken sandwich,sandwich,chicken","['chicken sandwich', 'sandwich', 'chicken']",juicy,,,0.6249,0.369,0.0,"{'chicken sandwich': 0.0, 'sandwich': 0.0, 'chicken': 0.0}"
Starbucks,San Diego,the nuggets was cold. overall great experience.,1,2025-08-16,33,User3604,place_Starbucks_San Diego_1,nuggets,['nuggets'],,,cold,0.6249,0.406,0.0,{'nuggets': 0.0}
Starbucks,San Diego,the fries was dry. overall great experience.,5,2025-12-17,18,User3513,place_Starbucks_San Diego_4,fries,['fries'],dry,,,0.6249,0.406,0.0,{'fries': 0.0}
Starbucks,San Diego,the burger was dry. overall terrible experience.,3,2025-09-08,17,User1908,place_Starbucks_San Diego_4,burger,['burger'],dry,,,-0.4767,0.0,0.341,{'burger': 0.0}
Starbucks,San Diego,the pizza was dry. overall amazing experience.,1,2025-07-29,14,User5966,place_Starbucks_San Diego_5,,[],dry,,,0.5859,0.388,0.0,{}
Starbucks,San Diego,the burger was cheap. overall disappointing experience.,2,2025-12-05,21,User8973,place_Starbucks_San Diego_5,burger,['burger'],,cheap,,-0.4939,0.0,0.348,{'burger': 0.0}
Starbucks,Miami,the wrap was fresh. overall amazing experience.,4,2025-08-02,14,User5913,place_Starbucks_Miami_4,wrap,['wrap'],,,fresh,0.7269,0.55,0.0,{'wrap': 0.3182}
Starbucks,Miami,the salad was greasy. overall good experience.,1,2025-08-11,37,User9978,place_Starbucks_Miami_4,salad,['salad'],greasy,,,0.4404,0.326,0.0,{'salad': 0.0}
Starbucks,Miami,the chicken sandwich was cold. overall good experience.,4,2025-09-06,34,User1452,place_Starbucks_Miami_5,"chicken sandwich,sandwich,chicken","['chicken sandwich', 'sandwich', 'chicken']",,,cold,0.4404,0.293,0.0,"{'chicken sandwich': 0.0, 'sandwich': 0.0, 'chicken': 0.0}"
Starbucks,Miami,the wrap was cold. overall good experience.,2,2025-08-01,41,User7826,place_Starbucks_Miami_4,wrap,['wrap'],,,cold,0.4404,0.326,0.0,{'wrap': 0.0}
Starbucks,Miami,the salad was dry. overall good experience.,5,2025-10-27,36,User3344,place_Starbucks_Miami_1,salad,['salad'],dry,,,0.4404,0.326,0.0,{'salad': 0.0}
Starbucks,Miami,the burger was juicy. overall good experience.,3,2025-11-05,33,User2122,place_Starbucks_Miami_1,burger,['burger'],juicy,,,0.4404,0.326,0.0,{'burger': 0.0}
Starbucks,Miami,the nuggets was dry. overall okay experience.,2,2025-07-26,32,User6677,place_Starbucks_Miami_5,nuggets,['nuggets'],dry,,,0.2263,0.241,0.0,{'nuggets': 0.0}
Starbucks,Miami,the salad was dry. overall terrible experience.,2,2025-07-18,41,User7358,place_Starbucks_Miami_2,salad,['salad'],dry,,,-0.4767,0.0,0.341,{'salad': 0.0}
Starbucks,Miami,the salad was cheap. overall disappointing experience.,4,2025-12-19,16,User3929,place_Starbucks_Miami_1,salad,['salad'],,cheap,,-0.4939,0.0,0.348,{'salad': 0.0}
Starbucks,Miami,the shake was fresh. overall disappointing experience.,2,2025-08-06,22,User2498,place_Starbucks_Miami_2,shake,['shake'],,,fresh,-0.3818,0.205,0.438,{'shake': 0.1531}
Starbucks,Miami,the fries was stale. overall terrible experience.,4,2025-09-04,35,User4833,place_Starbucks_Miami_3,fries,['fries'],,,stale,-0.4767,0.0,0.341,{'fries': 0.0}
Starbucks,Seattle,the salad was expensive. overall terrible experience.,5,2025-11-01,10,User9812,place_Starbucks_Seattle_3,salad,['salad'],,expensive,,-0.4767,0.0,0.341,{'salad': 0.0}
Starbucks,Seattle,the salad was juicy. overall amazing experience.,5,2025-12-06,46,User7482,place_Starbucks_Seattle_4,salad,['salad'],juicy,,,0.5859,0.388,0.0,{'salad': 0.0}
Starbucks,Seattle,the shake was stale. overall terrible experience.,2,2025-07-11,33,User9372,place_Starbucks_Seattle_1,shake,['shake'],,,stale,-0.5859,0.0,0.49,{'shake': -0.1779}
Starbucks,Seattle,the chicken sandwich was cheap. overall disappointing experience.,5,2025-10-28,42,User8061,place_Starbucks_Seattle_2,"chicken sandwich,sandwich,chicken","['chicken sandwich', 'sandwich', 'chicken']",,cheap,,-0.4939,0.0,0.314,"{'chicken sandwich': 0.0, 'sandwich': 0.0, 'chicken': 0.0}"
Starbucks,Seattle,the taco was stale. overall good experience.,2,2025-10-01,5,User6726,place_Starbucks_Seattle_2,taco,['taco'],,,stale,0.4404,0.326,0.0,{'taco': 0.0}
Starbucks,Seattle,the wrap was dry. overall terrible experience.,2,2025-10-28,39,User2426,place_Starbucks_Seattle_3,wrap,['wrap'],dry,,,-0.4767,0.0,0.341,{'wrap': 0.0}
Starbucks,Seattle,the fries was cold. overall terrible experience.,4,2025-07-21,31,User6839,place_Starbucks_Seattle_3,fries,['fries'],,,cold,-0.4767,0.0,0.341,{'fries': 0.0}
Starbucks,Seattle,the pizza was expensive. overall amazing experience.,1,2025-11-28,37,User3367,place_Starbucks_Seattle_1,,[],,expensive,,0.5859,0.388,0.0,{}
Starbucks,Seattle,the wrap was expensive. overall disappointing experience.,4,2025-11-12,31,User9163,place_Starbucks_Seattle_5,wrap,['wrap'],,expensive,,-0.4939,0.0,0.348,{'wrap': 0.0}
Starbucks,Seattle,the salad was fresh. overall okay experience.,5,2025-07-07,44,User7537,place_Starbucks_Seattle_1,salad,['salad'],,,fresh,0.4939,0.457,0.0,{'salad': 0.3182}
Starbucks,Seattle,the burger was cold. overall good experience.,2,2025-07-20,11,User2747,place_Starbucks_Seattle_5,burger,['burger'],,,cold,0.4404,0.326,0.0,{'burger': 0.0}
Starbucks,Boston,the shake was cold. overall amazing experience.,1,2025-12-05,9,User4448,place_Starbucks_Boston_2,shake,['shake'],,,cold,0.4767,0.362,0.162,{'shake': -0.1779}
Starbucks,Boston,the shake was stale. overall okay experience.,5,2025-10-17,9,User9809,place_Starbucks_Boston_3,shake,['shake'],,,stale,0.0516,0.221,0.198,{'shake': -0.1779}
Starbucks,Boston,the chicken sandwich was cold. overall okay experience.,2,2025-10-11,28,User9853,place_Starbucks_Boston_1,"chicken sandwich,sandwich,chicken","['chicken sandwich', 'sandwich', 'chicken']",,,cold,0.2263,0.213,0.0,"{'chicken sandwich': 0.0, 'sandwich': 0.0, 'chicken': 0.0}"
Starbucks,Boston,the fries was hot. overall good experience.,4,2025-12-07,43,User5464,place_Starbucks_Boston_2,fries,['fries'],,,hot,0.4404,0.326,0.0,{'fries': 0.0}
Starbucks,Boston,the coffee was dry. overall disappointing experience.,1,2025-12-21,39,User6768,place_Starbucks_Boston_5,coffee,['coffee'],dry,,,-0.4939,0.0,0.348,{'coffee': 0.0}
Starbucks,Boston,the taco was stale. overall disappointing experience.,4,2025-07-04,18,User6996,place_Starbucks_Boston_4,taco,['taco'],,,stale,-0.4939,0.0,0.348,{'taco': 0.0}
Starbucks,Boston,the fries was dry. overall terrible experience.,2,2025-11-26,25,User1804,place_Starbucks_Boston_4,fries,['fries'],dry,,,-0.4767,0.0,0.341,{'fries': 0.0}
Starbucks,Boston,the wrap was cold. overall terrible experience.,1,2025-09-29,38,User9291,place_Starbucks_Boston_5,wrap,['wrap'],,,cold,-0.4767,0.0,0.341,{'wrap': 0.0}
Starbucks,Boston,the coffee was cold. overall okay experience.,2,2025-08-25,25,User8291,place_Starbucks_Boston_2,coffee,['coffee'],,,cold,0.2263,0.241,0.0,{'coffee': 0.0}
Starbucks,Boston,the shake was cold. overall amazing experience.,5,2025-12-15,39,User8913,place_Starbucks_Boston_5,shake,['shake'],,,cold,0.4767,0.362,0.162,{'shake': -0.1779}
Starbucks,Boston,the nuggets was expensive. overall terrible experience.,4,2025-12-25,49,User5684,place_Starbucks_Boston_2,nuggets,['nuggets'],,expensive,,-0.4767,0.0,0.341,{'nuggets': 0.0}
Starbucks,Denver,the wrap was greasy. overall good experience.,1,2025-10-24,6,User7667,place_Starbucks_Denver_5,wrap,['wrap'],greasy,,,0.4404,0.326,0.0,{'wrap': 0.0}
Starbucks,Denver,the salad was dry. overall disappointing experience.,1,2025-10-13,4,User5621,place_Starbucks_Denver_1,salad,['salad'],dry,,,-0.4939,0.0,0.348,{'salad': 0.0}
Starbucks,Denver,the burger was fresh. overall great experience.,5,2025-09-20,37,User3219,place_Starbucks_Denver_3,burger,['burger'],,,fresh,0.7506,0.561,0.0,{'burger': 0.3182}
Starbucks,Denver,the salad was cold. overall terrible experience.,4,2025-09-26,16,User4557,place_Starbucks_Denver_3,salad,['salad'],,,cold,-0.4767,0.0,0.341,{'salad': 0.0}
Starbucks,Denver,the fries was dry. overall great experience.,4,2025-10-17,32,User8103,place_Starbucks_Denver_4,fries,['fries'],dry,,,0.6249,0.406,0.0,{'fries': 0.0}
Starbucks,Denver,the chicken sandwich was crispy. overall terrible experience.,4,2025-10-24,50,User5487,place_Starbucks_Denver_3,"chicken sandwich,sandwich,chicken","['chicken sandwich', 'sandwich', 'chicken']",crispy,,,-0.4767,0.0,0.307,"{'chicken sandwich': 0.0, 'sandwich': 0.0, 'chicken': 0.0}"
Starbucks,Denver,the taco was crispy. overall good experience.,1,2025-09-21,33,User2735,place_Starbucks_Denver_1,taco,['taco'],crispy,,,0.4404,0.326,0.0,{'taco': 0.0}
Starbucks,Denver,the coffee was juicy. overall great experience.,1,2025-11-29,49,User5911,place_Starbucks_Denver_5,coffee,['coffee'],juicy,,,0.6249,0.406,0.0,{'coffee': 0.0}
Starbucks,Denver,the fries was juicy. overall terrible experience.,1,2025-12-04,37,User9724,place_Starbucks_Denver_5,fries,['fries'],juicy,,,-0.4767,0.0,0.341,{'fries': 0.0}
Starbucks,Denver,the coffee was hot. overall great experience.,3,2025-09-24,31,User3165,place_Starbucks_Denver_5,coffee,['coffee'],,,hot,0.6249,0.406,0.0,{'coffee': 0.0}
Starbucks,Denver,the shake was greasy. overall great experience.,1,2025-11-21,5,User4815,place_Starbucks_Denver_3,shake,['shake'],greasy,,,0.5267,0.38,0.157,{'shake': -0.1779}
Starbucks,Portland,the pizza was hot. overall disappointing experience.,5,2025-10-15,30,User7312,place_Starbucks_Portland_4,,[],,,hot,-0.4939,0.0,0.348,{}
Starbucks,Portland,the pizza was greasy. overall amazing experience.,3,2025-10-23,33,User5985,place_Starbucks_Portland_1,,[],greasy,,,0.5859,0.388,0.0,{}
Starbucks,Portland,the salad was greasy. overall amazing experience.,1,2025-07-12,19,User3535,place_Starbucks_Portland_5,salad,['salad'],greasy,,,0.5859,0.388,0.0,{'salad': 0.0}
Starbucks,Portland,the chicken sandwich was greasy. overall terrible experience.,3,2025-08-17,2,User3464,place_Starbucks_Portland_3,"chicken sandwich,sandwich,chicken","['chicken sandwich', 'sandwich', 'chicken']",greasy,,,-0.4767,0.0,0.307,"{'chicken sandwich': 0.0, 'sandwich': 0.0, 'chicken': 0.0}"
Starbucks,Portland,the nuggets was fresh. overall good experience.,1,2025-08-30,24,User2060,place_Starbucks_Portland_1,nuggets,['nuggets'],,,fresh,0.6369,0.51,0.0,{'nuggets': 0.3182}
Starbucks,Portland,the burger was hot. overall okay experience.,5,2025-10-06,49,User9410,place_Starbucks_Portland_4,burger,['burger'],,,hot,0.2263,0.241,0.0,{'burger': 0.0}
Starbucks,Portland,the taco was cold. overall disappointing experience.,2,2025-11-06,6,User3135,place_Starbucks_Portland_2,taco,['taco'],,,cold,-0.4939,0.0,0.348,{'taco': 0.0}
Starbucks,Portland,the burger was dry. overall terrible experience.,4,2025-11-04,34,User3517,place_Starbucks_Portland_2,burger,['burger'],dry,,,-0.4767,0.0,0.341,{'burger': 0.0}
Starbucks,Portland,the nuggets was hot. overall terrible experience.,2,2025-11-23,27,User4957,place_Starbucks_Portland_2,nuggets,['nuggets'],,,hot,-0.4767,0.0,0.341,{'nuggets': 0.0}
Starbucks,Portland,the taco was greasy. overall great experience.,5,2025-11-20,39,User1168,place_Starbucks_Portland_1,taco,['taco'],greasy,,,0.6249,0.406,0.0,{'taco': 0.0}
Starbucks,Portland,the coffee was expensive. overall great experience.,5,2025-10-07,30,User1975,place_Starbucks_Portland_1,coffee,['coffee'],,expensive,,0.6249,0.406,0.0,{'coffee': 0.0}
Dunkin',New York,the fries was juicy. overall okay experience.,5,2025-09-09,37,User9895,place_Dunkin'_New York_2,fries,['fries'],juicy,,,0.2263,0.241,0.0,{'fries': 0.0}
Dunkin',New York,the salad was crispy. overall good experience.,1,2025-09-17,24,User7175,place_Dunkin'_New York_4,salad,['salad'],crispy,,,0.4404,0.326,0.0,{'salad': 0.0}
Dunkin',New York,the salad was dry. overall great experience.,2,2025-07-24,34,User8357,place_Dunkin'_New York_1,salad,['salad'],dry,,,0.6249,0.406,0.0,{'salad': 0.0}
Dunkin',New York,the pizza was stale. overall terrible experience.,5,2025-11-30,28,User9581,place_Dunkin'_New York_4,,[],,,stale,-0.4767,0.0,0.341,{}
Dunkin',New York,the fries was greasy. overall disappointing experience.,4,2025-09-04,35,User1237,place_Dunkin'_New York_2,fries,['fries'],greasy,,,-0.4939,0.0,0.348,{'fries': 0.0}
Dunkin',New York,the fries was cold. overall terrible experience.,2,2025-12-12,6,User9091,place_Dunkin'_New York_1,fries,['fries'],,,cold,-0.4767,0.0,0.341,{'fries': 0.0}
Dunkin',New York,the chicken sandwich was cold. overall okay experience.,3,2025-10-30,36,User3843,place_Dunkin'_New York_5,"chicken sandwich,sandwich,chicken","['chicken sandwich', 'sandwich', 'chicken']",,,cold,0.2263,0.213,0.0,"{'chicken sandwich': 0.0, 'sandwich': 0.0, 'chicken': 0.0}"
Dunkin',New York,the salad was cheap. overall great experience.,5,2025-12-14,24,User1511,place_Dunkin'_New York_5,salad,['salad'],,cheap,,0.6249,0.406,0.0,{'salad': 0.0}
Dunkin',New York,the nuggets was cold. overall amazing experience.,3,2025-11-12,44,User7620,place_Dunkin'_New York_5,nuggets,['nuggets'],,,cold,0.5859,0.388,0.0,{'nuggets': 0.0}
Dunkin',New York,the shake was dry. overall okay experience.,3,2025-09-06,43,User3455,place_Dunkin'_New York_3,shake,['shake'],dry,,,0.0516,0.221,0.198,{'shake': -0.1779}
Dunkin',New York,the wrap was cheap. overall great experience.,1,2025-07-14,3,User8962,place_Dunkin'_New York_4,wrap,['wrap'],,cheap,,0.6249,0.406,0.0,{'wrap': 0.0}
Dunkin',Los Angeles,the salad was stale. overall disappointing experience.,3,2025-09-12,6,User9854,place_Dunkin'_Los Angeles_3,salad,['salad'],,,stale,-0.4939,0.0,0.348,{'salad': 0.0}
Dunkin',Los Angeles,the chicken sandwich was expensive. overall amazing experience.,5,2025-12-29,9,User1415,place_Dunkin'_Los Angeles_5,"chicken sandwich,sandwich,chicken","['chicken sandwich', 'sandwich', 'chicken']",,expensive,,0.5859,0.352,0.0,"{'chicken sandwich': 0.0, 'sandwich': 0.0, 'chicken': 0.0}"
Dunkin',Los Angeles,the burger was hot. overall disappointing experience.,3,2025-09-03,0,User9793,place_Dunkin'_Los Angeles_3,burger,['burger'],,,hot,-0.4939,0.0,0.348,{'burger': 0.0}
Dunkin',Los Angeles,the nuggets was dry. overall amazing experience.,1,2025-07-06,20,User9266,place_Dunkin'_Los Angeles_2,nuggets,['nuggets'],dry,,,0.5859,0.388,0.0,{'nuggets': 0.0}
Dunkin',Los Angeles,the taco was cold. overall disappointing experience.,4,2025-09-24,43,User8297,place_Dunkin'_Los Angeles_1,taco,['taco'],,,cold,-0.4939,0.0,0.348,{'taco': 0.0}
Dunkin',Los Angeles,the chicken sandwich was dry. overall amazing experience.,1,2025-08-29,19,User9006,place_Dunkin'_Los Angeles_5,"chicken sandwich,sandwich,chicken","['chicken sandwich', 'sandwich', 'chicken']",dry,,,0.5859,0.352,0.0,"{'chicken sandwich': 0.0, 'sandwich': 0.0, 'chicken': 0.0}"
Dunkin',Los Angeles,the taco was cold. overall great experience.,3,2025-09-19,19,User1479,place_Dunkin'_Los Angeles_4,taco,['taco'],,,cold,0.6249,0.406,0.0,{'taco': 0.0}
Dunkin',Los Angeles,the salad was greasy. overall amazing experience.,5,2025-12-17,27,User7251,place_Dunkin'_Los Angeles_1,salad,['salad'],greasy,,,0.5859,0.388,0.0,{'salad': 0.0}
Dunkin',Los Angeles,the nuggets was fresh. overall okay experience.,5,2025-08-21,16,User5098,place_Dunkin'_Los Angeles_1,nuggets,['nuggets'],,,fresh,0.4939,0.457,0.0,{'nuggets': 0.3182}
Dunkin',Los Angeles,the nuggets was juicy. overall terrible experience.,5,2025-11-30,41,User2813,place_Dunkin'_Los Angeles_3,nuggets,['nuggets'],juicy,,,-0.4767,0.0,0.341,{'nuggets': 0.0}
Dunkin',Los Angeles,the coffee was expensive. overall okay experience.,4,2025-12-18,19,User2908,place_Dunkin'_Los Angeles_1,coffee,['coffee'],,expensive,,0.2263,0.241,0.0,{'coffee': 0.0}
Dunkin',Chicago,the wrap was expensive. overall terrible experience.,2,2025-11-06,13,User8135,place_Dunkin'_Chicago_4,wrap,['wrap'],,expensive,,-0.4767,0.0,0.341,{'wrap': 0.0}
Dunkin',Chicago,the salad was expensive. overall terrible experience.,2,2025-08-17,13,User2553,place_Dunkin'_Chicago_5,salad,['salad'],,expensive,,-0.4767,0.0,0.341,{'salad': 0.0}
Dunkin',Chicago,the pizza was cold. overall good experience.,3,2025-08-13,39,User3141,place_Dunkin'_Chicago_4,,[],,,cold,0.4404,0.326,0.0,{}
Dunkin',Chicago,the chicken sandwich was hot. overall good experience.,2,2025-10-08,45,User8896,place_Dunkin'_Chicago_3,"chicken sandwich,sandwich,chicken","['chicken sandwich', 'sandwich', 'chicken']",,,hot,0.4404,0.293,0.0,"{'chicken sandwich': 0.0, 'sandwich': 0.0, 'chicken': 0.0}"
Dunkin',Chicago,the pizza was fresh. overall disappointing experience.,2,2025-08-09,49,User6693,place_Dunkin'_Chicago_4,,[],,,fresh,-0.2263,0.219,0.305,{}
Dunkin',Chicago,the chicken sandwich was juicy. overall terrible experience.,2,2025-12-29,2,User9061,place_Dunkin'_Chicago_4,"chicken sandwich,sandwich,chicken","['chicken sandwich', 'sandwich', 'chicken']",juicy,,,-0.4767,0.0,0.307,"{'chicken sandwich': 0.0, 'sandwich': 0.0, 'chicken': 0.0}"
Dunkin',Chicago,the shake was expensive. overall good experience.,1,2025-11-03,9,User3856,place_Dunkin'_Chicago_5,shake,['shake'],,expensive,,0.296,0.302,0.177,{'shake': -0.1779}
Dunkin',Chicago,the nuggets was expensive. overall disappointing experience.,2,2025-09-22,45,User2048,place_Dunkin'_Chicago_4,nuggets,['nuggets'],,expensive,,-0.4939,0.0,0.348,{'nuggets': 0.0}
Dunkin',Chicago,the taco was fresh. overall terrible experience.,5,2025-08-18,16,User7715,place_Dunkin'_Chicago_4,taco,['taco'],,,fresh,-0.2023,0.221,0.298,{'taco': 0.3182}
Dunkin',Chicago,the burger was greasy. overall terrible experience.,4,2025-09-09,9,User7044,place_Dunkin'_Chicago_1,burger,['burger'],greasy,,,-0.4767,0.0,0.341,{'burger': 0.0}
Dunkin',Chicago,the taco was greasy. overall disappointing experience.,3,2025-08-16,14,User3292,place_Dunkin'_Chicago_3,taco,['taco'],greasy,,,-0.4939,0.0,0.348,{'taco': 0.0}
Dunkin',Dallas,the salad was greasy. overall disappointing experience.,5,2025-12-29,8,User6718,place_Dunkin'_Dallas_4,salad,['salad'],greasy,,,-0.4939,0.0,0.348,{'salad': 0.0}
Dunkin',Dallas,the salad was cheap. overall amazing experience.,2,2025-09-05,4,User7332,place_Dunkin'_Dallas_4,salad,['salad'],,cheap,,0.5859,0.388,0.0,{'salad': 0.0}
Dunkin',Dallas,the wrap was expensive. overall great experience.,2,2025-07-30,9,User1215,place_Dunkin'_Dallas_4,wrap,['wrap'],,expensive,,0.6249,0.406,0.0,{'wrap': 0.0}
Dunkin',Dallas,the burger was stale. overall amazing experience.,3,2025-10-24,38,User1736,place_Dunkin'_Dallas_1,burger,['burger'],,,stale,0.5859,0.388,0.0,{'burger': 0.0}
Dunkin',Dallas,the fries was expensive. overall terrible experience.,1,2025-08-31,34,User4311,place_Dunkin'_Dallas_3,fries,['fries'],,expensive,,-0.4767,0.0,0.341,{'fries': 0.0}
Dunkin',Dallas,the nuggets was juicy. overall good experience.,3,2025-12-07,23,User5221,place_Dunkin'_Dallas_3,nuggets,['nuggets'],juicy,,,0.4404,0.326,0.0,{'nuggets': 0.0}
Dunkin',Dallas,the salad was expensive. overall great experience.,4,2025-10-24,27,User7661,place_Dunkin'_Dallas_2,salad,['salad'],,expensive,,0.6249,0.406,0.0,{'salad': 0.0}
Dunkin',Dallas,the fries was fresh. overall great experience.,5,2025-07-17,18,User7272,place_Dunkin'_Dallas_2,fries,['fries'],,,fresh,0.7506,0.561,0.0,{'fries': 0.3182}
Dunkin',Dallas,the fries was cheap. overall good experience.,5,2025-09-01,7,User3764,place_Dunkin'_Dallas_2,fries,['fries'],,cheap,,0.4404,0.326,0.0,{'fries': 0.0}
Dunkin',Dallas,the salad was cold. overall great experience.,3,2025-07-07,39,User7084,place_Dunkin'_Dallas_1,salad,['salad'],,,cold,0.6249,0.406,0.0,{'salad': 0.0}
Dunkin',Dallas,the taco was juicy. overall disappointing experience.,3,2025-12-04,14,User8681,place_Dunkin'_Dallas_4,taco,['taco'],juicy,,,-0.4939,0.0,0.348,{'taco': 0.0}
Dunkin',Atlanta,the burger was juicy. overall good experience.,2,2025-08-28,47,User9136,place_Dunkin'_Atlanta_5,burger,['burger'],juicy,,,0.4404,0.326,0.0,{'burger': 0.0}
Dunkin',Atlanta,the fries was cheap. overall amazing experience.,2,2025-08-01,46,User3126,place_Dunkin'_Atlanta_5,fries,['fries'],,cheap,,0.5859,0.388,0.0,{'fries': 0.0}
Dunkin',Atlanta,the fries was hot. overall amazing experience.,2,2025-12-12,11,User4765,place_Dunkin'_Atlanta_2,fries,['fries'],,,hot,0.5859,0.388,0.0,{'fries': 0.0}
Dunkin',Atlanta,the shake was expensive. overall amazing experience.,5,2025-11-22,16,User6867,place_Dunkin'_Atlanta_2,shake,['shake'],,expensive,,0.4767,0.362,0.162,{'shake': -0.1779}
Dunkin',Atlanta,the chicken sandwich was juicy. overall okay experience.,1,2025-08-02,23,User6747,place_Dunkin'_Atlanta_1,"chicken sandwich,sandwich,chicken","['chicken sandwich', 'sandwich', 'chicken']",juicy,,,0.2263,0.213,0.0,"{'chicken sandwich': 0.0, 'sandwich': 0.0, 'chicken': 0.0}"
Dunkin',Atlanta,the pizza was greasy. overall terrible experience.,4,2025-08-29,18,User7550,place_Dunkin'_Atlanta_3,,[],greasy,,,-0.4767,0.0,0.341,{}
Dunkin',Atlanta,the shake was stale. overall disappointing experience.,5,2025-11-20,16,User1567,place_Dunkin'_Atlanta_1,shake,['shake'],,,stale,-0.5994,0.0,0.495,{'shake': -0.1779}
Dunkin',Atlanta,the coffee was dry. overall okay experience.,5,2025-07-24,43,User4424,place_Dunkin'_Atlanta_4,coffee,['coffee'],dry,,,0.2263,0.241,0.0,{'coffee': 0.0}
Dunkin',Atlanta,the taco was dry. overall disappointing experience.,1,2025-12-10,9,User9280,place_Dunkin'_Atlanta_3,taco,['taco'],dry,,,-0.4939,0.0,0.348,{'taco': 0.0}
Dunkin',Atlanta,the taco was cheap. overall amazing experience.,1,2025-10-01,22,User2148,place_Dunkin'_Atlanta_2,taco,['taco'],,cheap,,0.5859,0.388,0.0,{'taco': 0.0}
Dunkin',Atlanta,the burger was cheap. overall okay experience.,5,2025-09-14,4,User3158,place_Dunkin'_Atlanta_5,burger,['burger'],,cheap,,0.2263,0.241,0.0,{'burger': 0.0}
Dunkin',Houston,the taco was cold. overall okay experience.,5,2025-07-30,38,User4127,place_Dunkin'_Houston_4,taco,['taco'],,,cold,0.2263,0.241,0.0,{'taco': 0.0}
Dunkin',Houston,the fries was cheap. overall great experience.,3,2025-07-23,40,User5757,place_Dunkin'_Houston_3,fries,['fries'],,cheap,,0.6249,0.406,0.0,{'fries': 0.0}
Dunkin',Houston,the chicken sandwich was fresh. overall disappointing experience.,1,2025-10-11,50,User1524,place_Dunkin'_Houston_4,"chicken sandwich,sandwich,chicken","['chicken sandwich', 'sandwich', 'chicken']",,,fresh,-0.2263,0.2,0.278,"{'chicken sandwich': 0.3182, 'sandwich': 0.3182, 'chicken': 0.3182}"
Dunkin',Houston,the fries was juicy. overall great experience.,5,2025-12-23,48,User5052,place_Dunkin'_Houston_3,fries,['fries'],juicy,,,0.6249,0.406,0.0,{'fries': 0.0}
Dunkin',Houston,the taco was greasy. overall great experience.,2,2025-09-04,30,User9662,place_Dunkin'_Houston_4,taco,['taco'],greasy,,,0.6249,0.406,0.0,{'taco': 0.0}
Dunkin',Houston,the fries was fresh. overall terrible experience.,2,2025-12-06,34,User1594,place_Dunkin'_Houston_3,fries,['fries'],,,fresh,-0.2023,0.221,0.298,{'fries': 0.3182}
Dunkin',Houston,the burger was greasy. overall disappointing experience.,4,2025-10-08,42,User6969,place_Dunkin'_Houston_5,burger,['burger'],greasy,,,-0.4939,0.0,0.348,{'burger': 0.0}
Dunkin',Houston,the chicken sandwich was stale. overall great experience.,5,2025-12-01,43,User6523,place_Dunkin'_Houston_1,"chicken sandwich,sandwich,chicken","['chicken sandwich', 'sandwich', 'chicken']",,,stale,0.6249,0.369,0.0,"{'chicken sandwich': 0.0, 'sandwich': 0.0, 'chicken': 0.0}"
Dunkin',Houston,the salad was fresh. overall disappointing experience.,3,2025-07-13,6,User3745,place_Dunkin'_Houston_5,salad,['salad'],,,fresh,-0.2263,0.219,0.305,{'salad': 0.3182}
Dunkin',Houston,the salad was cheap. overall amazing experience.,1,2025-08-26,14,User8849,place_Dunkin'_Houston_5,salad,['salad'],,cheap,,0.5859,0.388,0.0,{'salad': 0.0}
Dunkin',Houston,the chicken sandwich was cheap. overall terrible experience.,1,2025-11-29,15,User3494,place_Dunkin'_Houston_2,"chicken sandwich,sandwich,chicken","['chicken sandwich', 'sandwich', 'chicken']",,cheap,,-0.4767,0.0,0.307,"{'chicken sandwich': 0.0, 'sandwich': 0.0, 'chicken': 0.0}"
Dunkin',Phoenix,the nuggets was fresh. overall terrible experience.,2,2025-07-13,35,User7827,place_Dunkin'_Phoenix_5,nuggets,['nuggets'],,,fresh,-0.2023,0.221,0.298,{'nuggets': 0.3182}
Dunkin',Phoenix,the burger was cheap. overall okay experience.,3,2025-12-11,49,User8022,place_Dunkin'_Phoenix_5,burger,['burger'],,cheap,,0.2263,0.241,0.0,{'burger': 0.0}
Dunkin',Phoenix,the coffee was fresh. overall amazing experience.,3,2025-09-17,42,User1329,place_Dunkin'_Phoenix_1,coffee,['coffee'],,,fresh,0.7269,0.55,0.0,{'coffee': 0.3182}
Dunkin',Phoenix,the pizza was cold. overall terrible experience.,5,2025-08-08,44,User1321,place_Dunkin'_Phoenix_5,,[],,,cold,-0.4767,0.0,0.341,{}
Dunkin',Phoenix,the pizza was crispy. overall terrible experience.,4,2025-07-08,49,User1661,place_Dunkin'_Phoenix_4,,[],crispy,,,-0.4767,0.0,0.341,{}
Dunkin',Phoenix,the burger was hot. overall terrible experience.,4,2025-12-17,38,User2748,place_Dunkin'_Phoenix_4,burger,['burger'],,,hot,-0.4767,0.0,0.341,{'burger': 0.0}
Dunkin',Phoenix,the nuggets was juicy. overall disappointing experience.,5,2025-08-05,14,User4682,place_Dunkin'_Phoenix_2,nuggets,['nuggets'],juicy,,,-0.4939,0.0,0.348,{'nuggets': 0.0}
Dunkin',Phoenix,the shake was fresh. overall disappointing experience.,3,2025-08-18,2,User2010,place_Dunkin'_Phoenix_3,shake,['shake'],,,fresh,-0.3818,0.205,0.438,{'shake': 0.1531}
Dunkin',Phoenix,the wrap was greasy. overall terrible experience.,4,2025-07-16,12,User5277,place_Dunkin'_Phoenix_5,wrap,['wrap'],greasy,,,-0.4767,0.0,0.341,{'wrap': 0.0}
Dunkin',Phoenix,the taco was juicy. overall amazing experience.,4,2025-11-02,30,User2549,place_Dunkin'_Phoenix_4,taco,['taco'],juicy,,,0.5859,0.388,0.0,{'taco': 0.0}
Dunkin',Phoenix,the shake was crispy. overall good experience.,1,2025-10-22,35,User2753,place_Dunkin'_Phoenix_1,shake,['shake'],crispy,,,0.296,0.302,0.177,{'shake': -0.1779}
Dunkin',Philadelphia,the fries was fresh. overall amazing experience.,3,2025-09-12,9,User2482,place_Dunkin'_Philadelphia_1,fries,['fries'],,,fresh,0.7269,0.55,0.0,{'fries': 0.3182}
Dunkin',Philadelphia,the taco was cheap. overall great experience.,3,2025-10-24,5,User8626,place_Dunkin'_Philadelphia_1,taco,['taco'],,cheap,,0.6249,0.406,0.0,{'taco': 0.0}
Dunkin',Philadelphia,the wrap was stale. overall okay experience.,1,2025-10-22,8,User5472,place_Dunkin'_Philadelphia_3,wrap,['wrap'],,,stale,0.2263,0.241,0.0,{'wrap': 0.0}
Dunkin',Philadelphia,the salad was hot. overall amazing experience.,1,2025-08-04,50,User3767,place_Dunkin'_Philadelphia_5,salad,['salad'],,,hot,0.5859,0.388,0.0,{'salad': 0.0}
Dunkin',Philadelphia,the chicken sandwich was expensive. overall great experience.,1,2025-10-24,24,User5232,place_Dunkin'_Philadelphia_1,"chicken sandwich,sandwich,chicken","['chicken sandwich', 'sandwich', 'chicken']",,expensive,,0.6249,0.369,0.0,"{'chicken sandwich': 0.0, 'sandwich': 0.0, 'chicken': 0.0}"
Dunkin',Philadelphia,the pizza was fresh. overall amazing experience.,4,2025-12-18,5,User4084,place_Dunkin'_Philadelphia_3,,[],,,fresh,0.7269,0.55,0.0,{}
Dunkin',Philadelphia,the shake was dry. overall terrible experience.,5,2025-10-29,6,User8322,place_Dunkin'_Philadelphia_5,shake,['shake'],dry,,,-0.5859,0.0,0.49,{'shake': -0.1779}
Dunkin',Philadelphia,the pizza was juicy. overall great experience.,4,2025-12-26,4,User6794,place_Dunkin'_Philadelphia_2,,[],juicy,,,0.6249,0.406,0.0,{}
Dunkin',Philadelphia,the fries was cheap. overall great experience.,4,2025-07-06,37,User9940,place_Dunkin'_Philadelphia_1,fries,['fries'],,cheap,,0.6249,0.406,0.0,{'fries': 0.0}
Dunkin',Philadelphia,the taco was hot. overall terrible experience.,1,2025-07-23,2,User1068,place_Dunkin'_Philadelphia_4,taco,['taco'],,,hot,-0.4767,0.0,0.341,{'taco': 0.0}
Dunkin',Philadelphia,the nuggets was hot. overall okay experience.,3,2025-09-08,12,User5086,place_Dunkin'_Philadelphia_3,nuggets,['nuggets'],,,hot,0.2263,0.241,0.0,{'nuggets': 0.0}
Dunkin',San Antonio,the wrap was dry. overall amazing experience.,2,2025-09-19,17,User2091,place_Dunkin'_San Antonio_5,wrap,['wrap'],dry,,,0.5859,0.388,0.0,{'wrap': 0.0}
Dunkin',San Antonio,the taco was juicy. overall great experience.,1,2025-11-13,3,User9401,place_Dunkin'_San Antonio_5,taco,['taco'],juicy,,,0.6249,0.406,0.0,{'taco': 0.0}
Dunkin',San Antonio,the shake was crispy. overall terrible experience.,5,2025-11-22,40,User6553,place_Dunkin'_San Antonio_2,shake,['shake'],crispy,,,-0.5859,0.0,0.49,{'shake': -0.1779}
Dunkin',San Antonio,the nuggets was crispy. overall terrible experience.,5,2025-11-23,50,User2825,place_Dunkin'_San Antonio_5,nuggets,['nuggets'],crispy,,,-0.4767,0.0,0.341,{'nuggets': 0.0}
Dunkin',San Antonio,the nuggets was stale. overall disappointing experience.,3,2025-10-13,34,User5472,place_Dunkin'_San Antonio_2,nuggets,['nuggets'],,,stale,-0.4939,0.0,0.348,{'nuggets': 0.0}
Dunkin',San Antonio,the chicken sandwich was cold. overall terrible experience.,1,2025-11-29,28,User4141,place_Dunkin'_San Antonio_4,"chicken sandwich,sandwich,chicken","['chicken sandwich', 'sandwich', 'chicken']",,,cold,-0.4767,0.0,0.307,"{'chicken sandwich': 0.0, 'sandwich': 0.0, 'chicken': 0.0}"
Dunkin',San Antonio,the pizza was greasy. overall amazing experience.,3,2025-11-20,33,User3430,place_Dunkin'_San Antonio_4,,[],greasy,,,0.5859,0.388,0.0,{}
Dunkin',San Antonio,the wrap was fresh. overall okay experience.,1,2025-10-16,9,User9126,place_Dunkin'_San Antonio_5,wrap,['wrap'],,,fresh,0.4939,0.457,0.0,{'wrap': 0.3182}
Dunkin',San Antonio,the wrap was crispy. overall good experience.,2,2025-07-20,25,User3796,place_Dunkin'_San Antonio_4,wrap,['wrap'],crispy,,,0.4404,0.326,0.0,{'wrap': 0.0}
Dunkin',San Antonio,the salad was dry. overall amazing experience.,3,2025-07-29,2,User3079,place_Dunkin'_San Antonio_1,salad,['salad'],dry,,,0.5859,0.388,0.0,{'salad': 0.0}
Dunkin',San Antonio,the taco was cold. overall terrible experience.,1,2025-09-30,41,User9839,place_Dunkin'_San Antonio_5,taco,['taco'],,,cold,-0.4767,0.0,0.341,{'taco': 0.0}
Dunkin',San Diego,the fries was juicy. overall good experience.,1,2025-10-08,27,User1118,place_Dunkin'_San Diego_3,fries,['fries'],juicy,,,0.4404,0.326,0.0,{'fries': 0.0}
Dunkin',San Diego,the chicken sandwich was cold. overall good experience.,2,2025-11-30,50,User7983,place_Dunkin'_San Diego_3,"chicken sandwich,sandwich,chicken","['chicken sandwich', 'sandwich', 'chicken']",,,cold,0.4404,0.293,0.0,"{'chicken sandwich': 0.0, 'sandwich': 0.0, 'chicken': 0.0}"
Dunkin',San Diego,the salad was expensive. overall disappointing experience.,1,2025-12-22,49,User9794,place_Dunkin'_San Diego_1,salad,['salad'],,expensive,,-0.4939,0.0,0.348,{'salad': 0.0}
Dunkin',San Diego,the burger was dry. overall good experience.,3,2025-11-01,33,User2903,place_Dunkin'_San Diego_3,burger,['burger'],dry,,,0.4404,0.326,0.0,{'burger': 0.0}
Dunkin',San Diego,the chicken sandwich was hot. overall amazing experience.,3,2025-08-04,49,User6353,place_Dunkin'_San Diego_4,"chicken sandwich,sandwich,chicken","['chicken sandwich', 'sandwich', 'chicken']",,,hot,0.5859,0.352,0.0,"{'chicken sandwich': 0.0, 'sandwich': 0.0, 'chicken': 0.0}"
Dunkin',San Diego,the coffee was dry. overall great experience.,3,2025-11-06,37,User1144,place_Dunkin'_San Diego_5,coffee,['coffee'],dry,,,0.6249,0.406,0.0,{'coffee': 0.0}
Dunkin',San Diego,the chicken sandwich was cold. overall amazing experience.,3,2025-12-11,2,User5842,place_Dunkin'_San Diego_2,"chicken sandwich,sandwich,chicken","['chicken sandwich', 'sandwich', 'chicken']",,,cold,0.5859,0.352,0.0,"{'chicken sandwich': 0.0, 'sandwich': 0.0, 'chicken': 0.0}"
Dunkin',San Diego,the wrap was cold. overall terrible experience.,5,2025-08-31,7,User7886,place_Dunkin'_San Diego_5,wrap,['wrap'],,,cold,-0.4767,0.0,0.341,{'wrap': 0.0}
Dunkin',San Diego,the wrap was dry. overall disappointing experience.,1,2025-08-06,38,User5483,place_Dunkin'_San Diego_5,wrap,['wrap'],dry,,,-0.4939,0.0,0.348,{'wrap': 0.0}
Dunkin',San Diego,the shake was cold. overall okay experience.,4,2025-09-20,42,User5276,place_Dunkin'_San Diego_3,shake,['shake'],,,cold,0.0516,0.221,0.198,{'shake': -0.1779}
Dunkin',San Diego,the pizza was greasy. overall good experience.,3,2025-10-31,17,User6995,place_Dunkin'_San Diego_3,,[],greasy,,,0.4404,0.326,0.0,{}
Dunkin',Miami,the pizza was fresh. overall okay experience.,4,2025-12-01,1,User5236,place_Dunkin'_Miami_3,,[],,,fresh,0.4939,0.457,0.0,{}
Dunkin',Miami,the fries was dry. overall terrible experience.,5,2025-12-19,10,User5466,place_Dunkin'_Miami_4,fries,['fries'],dry,,,-0.4767,0.0,0.341,{'fries': 0.0}
Dunkin',Miami,the pizza was juicy. overall okay experience.,4,2025-12-05,49,User7022,place_Dunkin'_Miami_3,,[],juicy,,,0.2263,0.241,0.0,{}
Dunkin',Miami,the coffee was stale. overall good experience.,1,2025-11-02,24,User3949,place_Dunkin'_Miami_5,coffee,['coffee'],,,stale,0.4404,0.326,0.0,{'coffee': 0.0}
Dunkin',Miami,the shake was dry. overall okay experience.,1,2025-12-16,42,User9507,place_Dunkin'_Miami_5,shake,['shake'],dry,,,0.0516,0.221,0.198,{'shake': -0.1779}
Dunkin',Miami,the wrap was greasy. overall okay experience.,1,2025-12-05,20,User8144,place_Dunkin'_Miami_2,wrap,['wrap'],greasy,,,0.2263,0.241,0.0,{'wrap': 0.0}
Dunkin',Miami,the nuggets was stale. overall okay experience.,3,2025-08-26,30,User1682,place_Dunkin'_Miami_4,nuggets,['nuggets'],,,stale,0.2263,0.241,0.0,{'nuggets': 0.0}
Dunkin',Miami,the fries was cheap. overall okay experience.,3,2025-11-10,44,User1521,place_Dunkin'_Miami_5,fries,['fries'],,cheap,,0.2263,0.241,0.0,{'fries': 0.0}
Dunkin',Miami,the wrap was fresh. overall terrible experience.,5,2025-07-08,7,User7499,place_Dunkin'_Miami_5,wrap,['wrap'],,,fresh,-0.2023,0.221,0.298,{'wrap': 0.3182}
Dunkin',Miami,the salad was crispy. overall great experience.,4,2025-12-30,11,User5370,place_Dunkin'_Miami_4,salad,['salad'],crispy,,,0.6249,0.406,0.0,{'salad': 0.0}
Dunkin',Miami,the burger was dry. overall okay experience.,2,2025-11-13,47,User8355,place_Dunkin'_Miami_1,burger,['burger'],dry,,,0.2263,0.241,0.0,{'burger': 0.0}
Dunkin',Seattle,the wrap was stale. overall good experience.,5,2025-07-19,5,User1937,place_Dunkin'_Seattle_3,wrap,['wrap'],,,stale,0.4404,0.326,0.0,{'wrap': 0.0}
Dunkin',Seattle,the wrap was juicy. overall disappointing experience.,4,2025-09-09,19,User9049,place_Dunkin'_Seattle_5,wrap,['wrap'],juicy,,,-0.4939,0.0,0.348,{'wrap': 0.0}
Dunkin',Seattle,the taco was cold. overall terrible experience.,1,2025-10-04,3,User2385,place_Dunkin'_Seattle_1,taco,['taco'],,,cold,-0.4767,0.0,0.341,{'taco': 0.0}
Dunkin',Seattle,the shake was hot. overall okay experience.,2,2025-11-12,8,User6623,place_Dunkin'_Seattle_4,shake,['shake'],,,hot,0.0516,0.221,0.198,{'shake': -0.1779}
Dunkin',Seattle,the taco was hot. overall disappointing experience.,5,2025-07-15,38,User1896,place_Dunkin'_Seattle_1,taco,['taco'],,,hot,-0.4939,0.0,0.348,{'taco': 0.0}
Dunkin',Seattle,the taco was cold. overall great experience.,3,2025-10-30,34,User8584,place_Dunkin'_Seattle_2,taco,['taco'],,,cold,0.6249,0.406,0.0,{'taco': 0.0}
Dunkin',Seattle,the coffee was crispy. overall amazing experience.,3,2025-10-10,24,User1939,place_Dunkin'_Seattle_1,coffee,['coffee'],crispy,,,0.5859,0.388,0.0,{'coffee': 0.0}
Dunkin',Seattle,the taco was expensive. overall great experience.,2,2025-12-17,5,User9399,place_Dunkin'_Seattle_1,taco,['taco'],,expensive,,0.6249,0.406,0.0,{'taco': 0.0}
Dunkin',Seattle,the chicken sandwich was juicy. overall great experience.,5,2025-08-06,31,User1600,place_Dunkin'_Seattle_3,"chicken sandwich,sandwich,chicken","['chicken sandwich', 'sandwich', 'chicken']",juicy,,,0.6249,0.369,0.0,"{'chicken sandwich': 0.0, 'sandwich': 0.0, 'chicken': 0.0}"
Dunkin',Seattle,the coffee was hot. overall terrible experience.,4,2025-08-14,4,User8263,place_Dunkin'_Seattle_5,coffee,['coffee'],,,hot,-0.4767,0.0,0.341,{'coffee': 0.0}
Dunkin',Seattle,the taco was cold. overall disappointing experience.,5,2025-10-30,36,User9016,place_Dunkin'_Seattle_2,taco,['taco'],,,cold,-0.4939,0.0,0.348,{'taco': 0.0}
Dunkin',Boston,the nuggets was crispy. overall amazing experience.,4,2025-10-28,46,User9101,place_Dunkin'_Boston_1,nuggets,['nuggets'],crispy,,,0.5859,0.388,0.0,{'nuggets': 0.0}
Dunkin',Boston,the shake was juicy. overall great experience.,5,2025-11-08,9,User2405,place_Dunkin'_Boston_2,shake,['shake'],juicy,,,0.5267,0.38,0.157,{'shake': -0.1779}
Dunkin',Boston,the pizza was stale. overall good experience.,3,2025-12-14,5,User4754,place_Dunkin'_Boston_2,,[],,,stale,0.4404,0.326,0.0,{}
Dunkin',Boston,the chicken sandwich was expensive. overall disappointing experience.,3,2025-08-27,7,User3496,place_Dunkin'_Boston_3,"chicken sandwich,sandwich,chicken","['chicken sandwich', 'sandwich', 'chicken']",,expensive,,-0.4939,0.0,0.314,"{'chicken sandwich': 0.0, 'sandwich': 0.0, 'chicken': 0.0}"
Dunkin',Boston,the coffee was expensive. overall amazing experience.,4,2025-10-02,23,User4602,place_Dunkin'_Boston_2,coffee,['coffee'],,expensive,,0.5859,0.388,0.0,{'coffee': 0.0}
Dunkin',Boston,the pizza was stale. overall great experience.,1,2025-09-12,39,User6622,place_Dunkin'_Boston_5,,[],,,stale,0.6249,0.406,0.0,{}
Dunkin',Boston,the taco was crispy. overall amazing experience.,3,2025-07-16,26,User5536,place_Dunkin'_Boston_1,taco,['taco'],crispy,,,0.5859,0.388,0.0,{'taco': 0.0}
Dunkin',Boston,the taco was hot. overall okay experience.,2,2025-12-28,2,User3706,place_Dunkin'_Boston_1,taco,['taco'],,,hot,0.2263,0.241,0.0,{'taco': 0.0}
Dunkin',Boston,the wrap was hot. overall terrible experience.,5,2025-11-28,13,User3104,place_Dunkin'_Boston_3,wrap,['wrap'],,,hot,-0.4767,0.0,0.341,{'wrap': 0.0}
Dunkin',Boston,the coffee was expensive. overall good experience.,2,2025-11-25,29,User4917,place_Dunkin'_Boston_3,coffee,['coffee'],,expensive,,0.4404,0.326,0.0,{'coffee': 0.0}
Dunkin',Boston,the burger was hot. overall terrible experience.,2,2025-10-07,19,User2520,place_Dunkin'_Boston_3,burger,['burger'],,,hot,-0.4767,0.0,0.341,{'burger': 0.0}
Dunkin',Denver,the wrap was juicy. overall terrible experience.,5,2025-07-17,40,User3395,place_Dunkin'_Denver_5,wrap,['wrap'],juicy,,,-0.4767,0.0,0.341,{'wrap': 0.0}
Dunkin',Denver,the nuggets was crispy. overall okay experience.,4,2025-10-07,28,User9114,place_Dunkin'_Denver_3,nuggets,['nuggets'],crispy,,,0.2263,0.241,0.0,{'nuggets': 0.0}
Dunkin',Denver,the burger was greasy. overall disappointing experience.,2,2025-12-22,4,User9720,place_Dunkin'_Denver_4,burger,['burger'],greasy,,,-0.4939,0.0,0.348,{'burger': 0.0}
Dunkin',Denver,the wrap was hot. overall disappointing experience.,4,2025-09-02,15,User3372,place_Dunkin'_Denver_4,wrap,['wrap'],,,hot,-0.4939,0.0,0.348,{'wrap': 0.0}
Dunkin',Denver,the fries was juicy. overall terrible experience.,4,2025-08-07,11,User5391,place_Dunkin'_Denver_5,fries,['fries'],juicy,,,-0.4767,0.0,0.341,{'fries': 0.0}
Dunkin',Denver,the salad was fresh. overall great experience.,4,2025-09-02,30,User7546,place_Dunkin'_Denver_4,salad,['salad'],,,fresh,0.7506,0.561,0.0,{'salad': 0.3182}
Dunkin',Denver,the burger was dry. overall amazing experience.,5,2025-11-16,43,User4385,place_Dunkin'_Denver_4,burger,['burger'],dry,,,0.5859,0.388,0.0,{'burger': 0.0}
Dunkin',Denver,the chicken sandwich was cold. overall amazing experience.,3,2025-10-05,44,User8285,place_Dunkin'_Denver_2,"chicken sandwich,sandwich,chicken","['chicken sandwich', 'sandwich', 'chicken']",,,cold,0.5859,0.352,0.0,"{'chicken sandwich': 0.0, 'sandwich': 0.0, 'chicken': 0.0}"
Dunkin',Denver,the salad was hot. overall good experience.,2,2025-07-23,36,User1610,place_Dunkin'_Denver_2,salad,['salad'],,,hot,0.4404,0.326,0.0,{'salad': 0.0}
Dunkin',Denver,the chicken sandwich was hot. overall okay experience.,2,2025-11-27,46,User2094,place_Dunkin'_Denver_2,"chicken sandwich,sandwich,chicken","['chicken sandwich', 'sandwich', 'chicken']",,,hot,0.2263,0.213,0.0,"{'chicken sandwich': 0.0, 'sandwich': 0.0, 'chicken': 0.0}"
Dunkin',Denver,the pizza was cold. overall disappointing experience.,1,2025-11-12,46,User9817,place_Dunkin'_Denver_2,,[],,,cold,-0.4939,0.0,0.348,{}
Dunkin',Portland,the burger was dry. overall terrible experience.,5,2025-12-05,15,User7365,place_Dunkin'_Portland_1,burger,['burger'],dry,,,-0.4767,0.0,0.341,{'burger': 0.0}
Dunkin',Portland,the fries was hot. overall great experience.,5,2025-11-29,45,User1789,place_Dunkin'_Portland_5,fries,['fries'],,,hot,0.6249,0.406,0.0,{'fries': 0.0}
Dunkin',Portland,the nuggets was expensive. overall amazing experience.,2,2025-09-30,9,User3199,place_Dunkin'_Portland_4,nuggets,['nuggets'],,expensive,,0.5859,0.388,0.0,{'nuggets': 0.0}
Dunkin',Portland,the pizza was stale. overall amazing experience.,5,2025-08-27,23,User3782,place_Dunkin'_Portland_4,,[],,,stale,0.5859,0.388,0.0,{}
Dunkin',Portland,the nuggets was fresh. overall good experience.,5,2025-11-06,25,User5676,place_Dunkin'_Portland_2,nuggets,['nuggets'],,,fresh,0.6369,0.51,0.0,{'nuggets': 0.3182}
Dunkin',Portland,the wrap was cold. overall good experience.,1,2025-09-24,12,User9761,place_Dunkin'_Portland_1,wrap,['wrap'],,,cold,0.4404,0.326,0.0,{'wrap': 0.0}
Dunkin',Portland,the fries was juicy. overall good experience.,4,2025-10-21,42,User9256,place_Dunkin'_Portland_1,fries,['fries'],juicy,,,0.4404,0.326,0.0,{'fries': 0.0}
Dunkin',Portland,the shake was crispy. overall okay experience.,2,2025-07-04,5,User5842,place_Dunkin'_Portland_3,shake,['shake'],crispy,,,0.0516,0.221,0.198,{'shake': -0.1779}
Dunkin',Portland,the nuggets was crispy. overall good experience.,2,2025-09-05,25,User7867,place_Dunkin'_Portland_1,nuggets,['nuggets'],crispy,,,0.4404,0.326,0.0,{'nuggets': 0.0}
Dunkin',Portland,the salad was hot. overall good experience.,1,2025-08-19,18,User7644,place_Dunkin'_Portland_2,salad,['salad'],,,hot,0.4404,0.326,0.0,{'salad': 0.0}
Dunkin',Portland,the coffee was cold. overall disappointing experience.,2,2025-08-27,30,User8014,place_Dunkin'_Portland_2,coffee,['coffee'],,,cold,-0.4939,0.0,0.348,{'coffee': 0.0}
Arby's,New York,the pizza was juicy. overall good experience.,4,2025-09-25,27,User4988,place_Arby's_New York_3,,[],juicy,,,0.4404,0.326,0.0,{}
Arby's,New York,the fries was juicy. overall okay experience.,2,2025-07-05,43,User3429,place_Arby's_New York_2,fries,['fries'],juicy,,,0.2263,0.241,0.0,{'fries': 0.0}
Arby's,New York,the taco was hot. overall good experience.,4,2025-09-02,6,User6182,place_Arby's_New York_2,taco,['taco'],,,hot,0.4404,0.326,0.0,{'taco': 0.0}
Arby's,New York,the nuggets was cheap. overall okay experience.,3,2025-08-09,20,User5388,place_Arby's_New York_5,nuggets,['nuggets'],,cheap,,0.2263,0.241,0.0,{'nuggets': 0.0}
Arby's,New York,the burger was fresh. overall terrible experience.,3,2025-09-08,30,User5608,place_Arby's_New York_2,burger,['burger'],,,fresh,-0.2023,0.221,0.298,{'burger': 0.3182}
Arby's,New York,the salad was hot. overall good experience.,5,2025-07-22,23,User3062,place_Arby's_New York_5,salad,['salad'],,,hot,0.4404,0.326,0.0,{'salad': 0.0}
Arby's,New York,the burger was crispy. overall disappointing experience.,1,2025-07-31,4,User3454,place_Arby's_New York_5,burger,['burger'],crispy,,,-0.4939,0.0,0.348,{'burger': 0.0}
Arby's,New York,the taco was dry. overall good experience.,3,2025-10-20,7,User7542,place_Arby's_New York_1,taco,['taco'],dry,,,0.4404,0.326,0.0,{'taco': 0.0}
Arby's,New York,the wrap was stale. overall terrible experience.,4,2025-11-27,45,User6497,place_Arby's_New York_3,wrap,['wrap'],,,stale,-0.4767,0.0,0.341,{'wrap': 0.0}
Arby's,New York,the salad was hot. overall good experience.,3,2025-07-20,4,User1519,place_Arby's_New York_4,salad,['salad'],,,hot,0.4404,0.326,0.0,{'salad': 0.0}
Arby's,New York,the fries was juicy. overall okay experience.,3,2025-12-30,1,User5349,place_Arby's_New York_1,fries,['fries'],juicy,,,0.2263,0.241,0.0,{'fries': 0.0}
Arby's,Los Angeles,the chicken sandwich was cold. overall okay experience.,4,2025-08-07,21,User3532,place_Arby's_Los Angeles_5,"chicken sandwich,sandwich,chicken","['chicken sandwich', 'sandwich', 'chicken']",,,cold,0.2263,0.213,0.0,"{'chicken sandwich': 0.0, 'sandwich': 0.0, 'chicken': 0.0}"
Arby's,Los Angeles,the salad was dry. overall good experience.,1,2025-10-26,17,User7949,place_Arby's_Los Angeles_2,salad,['salad'],dry,,,0.4404,0.326,0.0,{'salad': 0.0}
Arby's,Los Angeles,the chicken sandwich was stale. overall good experience.,3,2025-10-29,42,User6852,place_Arby's_Los Angeles_3,"chicken sandwich,sandwich,chicken","['chicken sandwich', 'sandwich', 'chicken']",,,stale,0.4404,0.293,0.0,"{'chicken sandwich': 0.0, 'sandwich': 0.0, 'chicken': 0.0}"
Arby's,Los Angeles,the coffee was stale. overall good experience.,5,2025-12-26,30,User5066,place_Arby's_Los Angeles_1,coffee,['coffee'],,,stale,0.4404,0.326,0.0,{'coffee': 0.0}
Arby's,Los Angeles,the fries was expensive. overall amazing experience.,2,2025-10-14,48,User8677,place_Arby's_Los Angeles_1,fries,['fries'],,expensive,,0.5859,0.388,0.0,{'fries': 0.0}
Arby's,Los Angeles,the shake was dry. overall good experience.,1,2025-10-29,25,User9168,place_Arby's_Los Angeles_3,shake,['shake'],dry,,,0.296,0.302,0.177,{'shake': -0.1779}
Arby's,Los Angeles,the fries was dry. overall disappointing experience.,5,2025-11-07,28,User1953,place_Arby's_Los Angeles_1,fries,['fries'],dry,,,-0.4939,0.0,0.348,{'fries': 0.0}
Arby's,Los Angeles,the burger was fresh. overall amazing experience.,1,2025-09-10,21,User3236,place_Arby's_Los Angeles_5,burger,['burger'],,,fresh,0.7269,0.55,0.0,{'burger': 0.3182}
Arby's,Los Angeles,the nuggets was hot. overall disappointing experience.,5,2025-12-13,36,User2838,place_Arby's_Los Angeles_4,nuggets,['nuggets'],,,hot,-0.4939,0.0,0.348,{'nuggets': 0.0}
Arby's,Los Angeles,the salad was dry. overall good experience.,2,2025-10-28,7,User1990,place_Arby's_Los Angeles_4,salad,['salad'],dry,,,0.4404,0.326,0.0,{'salad': 0.0}
Arby's,Los Angeles,the nuggets was greasy. overall good experience.,3,2025-07-27,10,User9796,place_Arby's_Los Angeles_2,nuggets,['nuggets'],greasy,,,0.4404,0.326,0.0,{'nuggets': 0.0}
Arby's,Chicago,the pizza was fresh. overall okay experience.,1,2025-11-13,19,User1062,place_Arby's_Chicago_3,,[],,,fresh,0.4939,0.457,0.0,{}
Arby's,Chicago,the pizza was expensive. overall terrible experience.,4,2025-09-06,37,User6822,place_Arby's_Chicago_5,,[],,expensive,,-0.4767,0.0,0.341,{}
Arby's,Chicago,the nuggets was juicy. overall amazing experience.,5,2025-11-11,36,User4237,place_Arby's_Chicago_5,nuggets,['nuggets'],juicy,,,0.5859,0.388,0.0,{'nuggets': 0.0}
Arby's,Chicago,the pizza was hot. overall amazing experience.,5,2025-08-24,27,User4941,place_Arby's_Chicago_4,,[],,,hot,0.5859,0.388,0.0,{}
Arby's,Chicago,the chicken sandwich was stale. overall okay experience.,2,2025-08-01,6,User1382,place_Arby's_Chicago_2,"chicken sandwich,sandwich,chicken","['chicken sandwich', 'sandwich', 'chicken']",,,stale,0.2263,0.213,0.0,"{'chicken sandwich': 0.0, 'sandwich': 0.0, 'chicken': 0.0}"
Arby's,Chicago,the pizza was greasy. overall great experience.,2,2025-08-01,17,User6757,place_Arby's_Chicago_5,,[],greasy,,,0.6249,0.406,0.0,{}
Arby's,Chicago,the pizza was crispy. overall okay experience.,3,2025-12-01,34,User1767,place_Arby's_Chicago_3,,[],crispy,,,0.2263,0.241,0.0,{}
Arby's,Chicago,the nuggets was greasy. overall okay experience.,3,2025-10-26,19,User1547,place_Arby's_Chicago_2,nuggets,['nuggets'],greasy,,,0.2263,0.241,0.0,{'nuggets': 0.0}
Arby's,Chicago,the coffee was hot. overall disappointing experience.,3,2025-12-03,2,User2980,place_Arby's_Chicago_5,coffee,['coffee'],,,hot,-0.4939,0.0,0.348,{'coffee': 0.0}
Arby's,Chicago,the fries was cold. overall disappointing experience.,1,2025-08-25,39,User3718,place_Arby's_Chicago_5,fries,['fries'],,,cold,-0.4939,0.0,0.348,{'fries': 0.0}
Arby's,Chicago,the wrap was stale. overall okay experience.,3,2025-09-22,2,User2643,place_Arby's_Chicago_4,wrap,['wrap'],,,stale,0.2263,0.241,0.0,{'wrap': 0.0}
Arby's,Dallas,the salad was stale. overall good experience.,3,2025-09-28,35,User4540,place_Arby's_Dallas_1,salad,['salad'],,,stale,0.4404,0.326,0.0,{'salad': 0.0}
Arby's,Dallas,the chicken sandwich was hot. overall good experience.,4,2025-09-10,43,User5385,place_Arby's_Dallas_2,"chicken sandwich,sandwich,chicken","['chicken sandwich', 'sandwich', 'chicken']",,,hot,0.4404,0.293,0.0,"{'chicken sandwich': 0.0, 'sandwich': 0.0, 'chicken': 0.0}"
Arby's,Dallas,the pizza was cheap. overall great experience.,3,2025-11-11,28,User9978,place_Arby's_Dallas_4,,[],,cheap,,0.6249,0.406,0.0,{}
Arby's,Dallas,the coffee was stale. overall disappointing experience.,4,2025-10-23,21,User2675,place_Arby's_Dallas_3,coffee,['coffee'],,,stale,-0.4939,0.0,0.348,{'coffee': 0.0}
Arby's,Dallas,the pizza was juicy. overall great experience.,3,2025-07-24,22,User3023,place_Arby's_Dallas_5,,[],juicy,,,0.6249,0.406,0.0,{}
Arby's,Dallas,the fries was cheap. overall amazing experience.,5,2025-10-22,39,User3159,place_Arby's_Dallas_4,fries,['fries'],,cheap,,0.5859,0.388,0.0,{'fries': 0.0}
Arby's,Dallas,the taco was dry. overall okay experience.,5,2025-11-18,38,User6694,place_Arby's_Dallas_2,taco,['taco'],dry,,,0.2263,0.241,0.0,{'taco': 0.0}
Arby's,Dallas,the burger was fresh. overall great experience.,1,2025-07-05,34,User6727,place_Arby's_Dallas_3,burger,['burger'],,,fresh,0.7506,0.561,0.0,{'burger': 0.3182}
Arby's,Dallas,the pizza was juicy. overall great experience.,5,2025-08-21,6,User7371,place_Arby's_Dallas_5,,[],juicy,,,0.6249,0.406,0.0,{}
Arby's,Dallas,the nuggets was greasy. overall disappointing experience.,1,2025-11-12,40,User3033,place_Arby's_Dallas_2,nuggets,['nuggets'],greasy,,,-0.4939,0.0,0.348,{'nuggets': 0.0}
Arby's,Dallas,the taco was crispy. overall great experience.,4,2025-11-25,31,User7908,place_Arby's_Dallas_1,taco,['taco'],crispy,,,0.6249,0.406,0.0,{'taco': 0.0}
Arby's,Atlanta,the salad was greasy. overall okay experience.,2,2025-12-17,13,User6191,place_Arby's_Atlanta_4,salad,['salad'],greasy,,,0.2263,0.241,0.0,{'salad': 0.0}
Arby's,Atlanta,the burger was greasy. overall terrible experience.,1,2025-07-11,29,User1987,place_Arby's_Atlanta_1,burger,['burger'],greasy,,,-0.4767,0.0,0.341,{'burger': 0.0}
Arby's,Atlanta,the wrap was fresh. overall okay experience.,4,2025-10-22,44,User1003,place_Arby's_Atlanta_1,wrap,['wrap'],,,fresh,0.4939,0.457,0.0,{'wrap': 0.3182}
Arby's,Atlanta,the burger was dry. overall disappointing experience.,1,2025-10-07,46,User9459,place_Arby's_Atlanta_3,burger,['burger'],dry,,,-0.4939,0.0,0.348,{'burger': 0.0}
Arby's,Atlanta,the burger was hot. overall terrible experience.,1,2025-08-15,5,User8830,place_Arby's_Atlanta_4,burger,['burger'],,,hot,-0.4767,0.0,0.341,{'burger': 0.0}
Arby's,Atlanta,the burger was dry. overall good experience.,5,2025-12-23,24,User5681,place_Arby's_Atlanta_2,burger,['burger'],dry,,,0.4404,0.326,0.0,{'burger': 0.0}
Arby's,Atlanta,the taco was cold. overall amazing experience.,1,2025-08-26,43,User5964,place_Arby's_Atlanta_1,taco,['taco'],,,cold,0.5859,0.388,0.0,{'taco': 0.0}
Arby's,Atlanta,the coffee was crispy. overall okay experience.,4,2025-09-09,13,User4514,place_Arby's_Atlanta_2,coffee,['coffee'],crispy,,,0.2263,0.241,0.0,{'coffee': 0.0}
Arby's,Atlanta,the burger was expensive. overall disappointing experience.,2,2025-10-02,41,User2957,place_Arby's_Atlanta_1,burger,['burger'],,expensive,,-0.4939,0.0,0.348,{'burger': 0.0}
Arby's,Atlanta,the fries was stale. overall disappointing experience.,3,2025-10-03,33,User1390,place_Arby's_Atlanta_4,fries,['fries'],,,stale,-0.4939,0.0,0.348,{'fries': 0.0}
Arby's,Atlanta,the salad was expensive. overall disappointing experience.,5,2025-12-26,14,User1451,place_Arby's_Atlanta_4,salad,['salad'],,expensive,,-0.4939,0.0,0.348,{'salad': 0.0}
Arby's,Houston,the salad was fresh. overall great experience.,4,2025-12-06,10,User2244,place_Arby's_Houston_1,salad,['salad'],,,fresh,0.7506,0.561,0.0,{'salad': 0.3182}
Arby's,Houston,the shake was fresh. overall okay experience.,1,2025-07-06,41,User8240,place_Arby's_Houston_5,shake,['shake'],,,fresh,0.3612,0.424,0.172,{'shake': 0.1531}
Arby's,Houston,the taco was dry. overall good experience.,1,2025-12-19,9,User2501,place_Arby's_Houston_5,taco,['taco'],dry,,,0.4404,0.326,0.0,{'taco': 0.0}
Arby's,Houston,the shake was crispy. overall okay experience.,1,2025-12-28,43,User3127,place_Arby's_Houston_5,shake,['shake'],crispy,,,0.0516,0.221,0.198,{'shake': -0.1779}
Arby's,Houston,the burger was cold. overall great experience.,4,2025-09-22,47,User5992,place_Arby's_Houston_1,burger,['burger'],,,cold,0.6249,0.406,0.0,{'burger': 0.0}
Arby's,Houston,the coffee was expensive. overall terrible experience.,3,2025-11-03,3,User9393,place_Arby's_Houston_4,coffee,['coffee'],,expensive,,-0.4767,0.0,0.341,{'coffee': 0.0}
Arby's,Houston,the taco was crispy. overall okay experience.,5,2025-07-23,12,User5010,place_Arby's_Houston_5,taco,['taco'],crispy,,,0.2263,0.241,0.0,{'taco': 0.0}
Arby's,Houston,the coffee was hot. overall amazing experience.,4,2025-08-12,38,User9545,place_Arby's_Houston_3,coffee,['coffee'],,,hot,0.5859,0.388,0.0,{'coffee': 0.0}
Arby's,Houston,the nuggets was cheap. overall terrible experience.,3,2025-10-29,3,User3902,place_Arby's_Houston_2,nuggets,['nuggets'],,cheap,,-0.4767,0.0,0.341,{'nuggets': 0.0}
Arby's,Houston,the fries was stale. overall great experience.,1,2025-08-27,35,User4646,place_Arby's_Houston_1,fries,['fries'],,,stale,0.6249,0.406,0.0,{'fries': 0.0}
Arby's,Houston,the burger was cold. overall terrible experience.,3,2025-10-12,26,User2448,place_Arby's_Houston_2,burger,['burger'],,,cold,-0.4767,0.0,0.341,{'burger': 0.0}
Arby's,Phoenix,the burger was cheap. overall amazing experience.,4,2025-07-19,12,User3004,place_Arby's_Phoenix_4,burger,['burger'],,cheap,,0.5859,0.388,0.0,{'burger': 0.0}
Arby's,Phoenix,the fries was stale. overall terrible experience.,3,2025-11-16,44,User2673,place_Arby's_Phoenix_2,fries,['fries'],,,stale,-0.4767,0.0,0.341,{'fries': 0.0}
Arby's,Phoenix,the salad was dry. overall terrible experience.,1,2025-12-08,32,User1913,place_Arby's_Phoenix_5,salad,['salad'],dry,,,-0.4767,0.0,0.341,{'salad': 0.0}
Arby's,Phoenix,the fries was dry. overall disappointing experience.,2,2025-09-28,21,User8919,place_Arby's_Phoenix_1,fries,['fries'],dry,,,-0.4939,0.0,0.348,{'fries': 0.0}
Arby's,Phoenix,the pizza was stale. overall terrible experience.,1,2025-10-12,28,User4193,place_Arby's_Phoenix_5,,[],,,stale,-0.4767,0.0,0.341,{}
Arby's,Phoenix,the salad was stale. overall terrible experience.,5,2025-12-03,30,User3786,place_Arby's_Phoenix_3,salad,['salad'],,,stale,-0.4767,0.0,0.341,{'salad': 0.0}
Arby's,Phoenix,the coffee was dry. overall amazing experience.,4,2025-07-10,28,User3085,place_Arby's_Phoenix_3,coffee,['coffee'],dry,,,0.5859,0.388,0.0,{'coffee': 0.0}
Arby's,Phoenix,the salad was greasy. overall great experience.,2,2025-08-13,46,User3794,place_Arby's_Phoenix_5,salad,['salad'],greasy,,,0.6249,0.406,0.0,{'salad': 0.0}
Arby's,Phoenix,the wrap was greasy. overall okay experience.,4,2025-10-07,43,User6255,place_Arby's_Phoenix_5,wrap,['wrap'],greasy,,,0.2263,0.241,0.0,{'wrap': 0.0}
Arby's,Phoenix,the shake was dry. overall amazing experience.,4,2025-09-09,33,User3376,place_Arby's_Phoenix_1,shake,['shake'],dry,,,0.4767,0.362,0.162,{'shake': -0.1779}
Arby's,Phoenix,the wrap was dry. overall good experience.,1,2025-07-17,5,User6877,place_Arby's_Phoenix_1,wrap,['wrap'],dry,,,0.4404,0.326,0.0,{'wrap': 0.0}
Arby's,Philadelphia,the fries was hot. overall disappointing experience.,5,2025-10-27,12,User1280,place_Arby's_Philadelphia_1,fries,['fries'],,,hot,-0.4939,0.0,0.348,{'fries': 0.0}
Arby's,Philadelphia,the coffee was fresh. overall disappointing experience.,2,2025-09-26,14,User6038,place_Arby's_Philadelphia_1,coffee,['coffee'],,,fresh,-0.2263,0.219,0.305,{'coffee': 0.3182}
Arby's,Philadelphia,the taco was juicy. overall amazing experience.,1,2025-08-29,26,User2417,place_Arby's_Philadelphia_5,taco,['taco'],juicy,,,0.5859,0.388,0.0,{'taco': 0.0}
Arby's,Philadelphia,the chicken sandwich was expensive. overall great experience.,3,2025-09-22,0,User9681,place_Arby's_Philadelphia_4,"chicken sandwich,sandwich,chicken","['chicken sandwich', 'sandwich', 'chicken']",,expensive,,0.6249,0.369,0.0,"{'chicken sandwich': 0.0, 'sandwich': 0.0, 'chicken': 0.0}"
Arby's,Philadelphia,the shake was cold. overall great experience.,4,2025-09-29,15,User6403,place_Arby's_Philadelphia_2,shake,['shake'],,,cold,0.5267,0.38,0.157,{'shake': -0.1779}
Arby's,Philadelphia,the taco was stale. overall good experience.,4,2025-12-12,32,User4249,place_Arby's_Philadelphia_4,taco,['taco'],,,stale,0.4404,0.326,0.0,{'taco': 0.0}
Arby's,Philadelphia,the nuggets was cheap. overall okay experience.,4,2025-12-26,0,User5590,place_Arby's_Philadelphia_5,nuggets,['nuggets'],,cheap,,0.2263,0.241,0.0,{'nuggets': 0.0}
Arby's,Philadelphia,the shake was crispy. overall disappointing experience.,1,2025-08-15,21,User1562,place_Arby's_Philadelphia_5,shake,['shake'],crispy,,,-0.5994,0.0,0.495,{'shake': -0.1779}
Arby's,Philadelphia,the salad was cheap. overall disappointing experience.,1,2025-11-05,49,User6690,place_Arby's_Philadelphia_1,salad,['salad'],,cheap,,-0.4939,0.0,0.348,{'salad': 0.0}
Arby's,Philadelphia,the fries was hot. overall good experience.,5,2025-10-01,2,User5204,place_Arby's_Philadelphia_4,fries,['fries'],,,hot,0.4404,0.326,0.0,{'fries': 0.0}
Arby's,Philadelphia,the chicken sandwich was expensive. overall great experience.,5,2025-07-28,4,User6470,place_Arby's_Philadelphia_5,"chicken sandwich,sandwich,chicken","['chicken sandwich', 'sandwich', 'chicken']",,expensive,,0.6249,0.369,0.0,"{'chicken sandwich': 0.0, 'sandwich': 0.0, 'chicken': 0.0}"
Arby's,San Antonio,the taco was fresh. overall good experience.,2,2025-12-21,27,User9426,place_Arby's_San Antonio_4,taco,['taco'],,,fresh,0.6369,0.51,0.0,{'taco': 0.3182}
Arby's,San Antonio,the chicken sandwich was hot. overall amazing experience.,4,2025-10-23,13,User6324,place_Arby's_San Antonio_3,"chicken sandwich,sandwich,chicken","['chicken sandwich', 'sandwich', 'chicken']",,,hot,0.5859,0.352,0.0,"{'chicken sandwich': 0.0, 'sandwich': 0.0, 'chicken': 0.0}"
Arby's,San Antonio,the fries was cheap. overall terrible experience.,2,2025-09-22,39,User2895,place_Arby's_San Antonio_5,fries,['fries'],,cheap,,-0.4767,0.0,0.341,{'fries': 0.0}
Arby's,San Antonio,the shake was stale. overall good experience.,1,2025-11-21,22,User1499,place_Arby's_San Antonio_1,shake,['shake'],,,stale,0.296,0.302,0.177,{'shake': -0.1779}
Arby's,San Antonio,the fries was expensive. overall amazing experience.,1,2025-11-05,36,User5651,place_Arby's_San Antonio_4,fries,['fries'],,expensive,,0.5859,0.388,0.0,{'fries': 0.0}
Arby's,San Antonio,the wrap was dry. overall amazing experience.,4,2025-10-15,1,User6586,place_Arby's_San Antonio_5,wrap,['wrap'],dry,,,0.5859,0.388,0.0,{'wrap': 0.0}
Arby's,San Antonio,the fries was dry. overall amazing experience.,4,2025-11-21,3,User6719,place_Arby's_San Antonio_3,fries,['fries'],dry,,,0.5859,0.388,0.0,{'fries': 0.0}
Arby's,San Antonio,the chicken sandwich was hot. overall good experience.,2,2025-11-05,15,User6150,place_Arby's_San Antonio_4,"chicken sandwich,sandwich,chicken","['chicken sandwich', 'sandwich', 'chicken']",,,hot,0.4404,0.293,0.0,"{'chicken sandwich': 0.0, 'sandwich': 0.0, 'chicken': 0.0}"
Arby's,San Antonio,the salad was expensive. overall great experience.,1,2025-07-09,28,User9902,place_Arby's_San Antonio_2,salad,['salad'],,expensive,,0.6249,0.406,0.0,{'salad': 0.0}
Arby's,San Antonio,the salad was juicy. overall amazing experience.,2,2025-11-26,22,User8949,place_Arby's_San Antonio_4,salad,['salad'],juicy,,,0.5859,0.388,0.0,{'salad': 0.0}
Arby's,San Antonio,the burger was dry. overall okay experience.,5,2025-09-13,38,User5719,place_Arby's_San Antonio_5,burger,['burger'],dry,,,0.2263,0.241,0.0,{'burger': 0.0}
Arby's,San Diego,the wrap was dry. overall amazing experience.,2,2025-09-08,49,User3357,place_Arby's_San Diego_1,wrap,['wrap'],dry,,,0.5859,0.388,0.0,{'wrap': 0.0}
Arby's,San Diego,the burger was hot. overall okay experience.,5,2025-09-04,28,User2306,place_Arby's_San Diego_2,burger,['burger'],,,hot,0.2263,0.241,0.0,{'burger': 0.0}
Arby's,San Diego,the coffee was dry. overall good experience.,5,2025-07-14,22,User1389,place_Arby's_San Diego_3,coffee,['coffee'],dry,,,0.4404,0.326,0.0,{'coffee': 0.0}
Arby's,San Diego,the taco was juicy. overall terrible experience.,2,2025-07-28,14,User6337,place_Arby's_San Diego_5,taco,['taco'],juicy,,,-0.4767,0.0,0.341,{'taco': 0.0}
Arby's,San Diego,the fries was expensive. overall amazing experience.,1,2025-09-27,43,User3483,place_Arby's_San Diego_2,fries,['fries'],,expensive,,0.5859,0.388,0.0,{'fries': 0.0}
Arby's,San Diego,the pizza was greasy. overall amazing experience.,1,2025-08-01,12,User2309,place_Arby's_San Diego_4,,[],greasy,,,0.5859,0.388,0.0,{}
Arby's,San Diego,the nuggets was juicy. overall good experience.,1,2025-07-18,25,User6738,place_Arby's_San Diego_3,nuggets,['nuggets'],juicy,,,0.4404,0.326,0.0,{'nuggets': 0.0}
Arby's,San Diego,the pizza was stale. overall amazing experience.,1,2025-11-01,34,User6942,place_Arby's_San Diego_2,,[],,,stale,0.5859,0.388,0.0,{}
Arby's,San Diego,the taco was dry. overall good experience.,2,2025-12-07,31,User7885,place_Arby's_San Diego_5,taco,['taco'],dry,,,0.4404,0.326,0.0,{'taco': 0.0}
Arby's,San Diego,the shake was hot. overall terrible experience.,4,2025-12-20,15,User2624,place_Arby's_San Diego_3,shake,['shake'],,,hot,-0.5859,0.0,0.49,{'shake': -0.1779}
Arby's,San Diego,the coffee was dry. overall disappointing experience.,4,2025-08-28,25,User2358,place_Arby's_San Diego_2,coffee,['coffee'],dry,,,-0.4939,0.0,0.348,{'coffee': 0.0}
Arby's,Miami,the pizza was stale. overall okay experience.,3,2025-09-13,9,User2349,place_Arby's_Miami_4,,[],,,stale,0.2263,0.241,0.0,{}
Arby's,Miami,the salad was greasy. overall disappointing experience.,5,2025-12-14,31,User6324,place_Arby's_Miami_5,salad,['salad'],greasy,,,-0.4939,0.0,0.348,{'salad': 0.0}
Arby's,Miami,the fries was fresh. overall great experience.,3,2025-11-18,30,User7921,place_Arby's_Miami_4,fries,['fries'],,,fresh,0.7506,0.561,0.0,{'fries': 0.3182}
Arby's,Miami,the salad was stale. overall terrible experience.,4,2025-12-19,6,User9464,place_Arby's_Miami_4,salad,['salad'],,,stale,-0.4767,0.0,0.341,{'salad': 0.0}
Arby's,Miami,the fries was stale. overall great experience.,1,2025-11-01,27,User2771,place_Arby's_Miami_1,fries,['fries'],,,stale,0.6249,0.406,0.0,{'fries': 0.0}
Arby's,Miami,the nuggets was crispy. overall good experience.,4,2025-11-12,18,User3275,place_Arby's_Miami_4,nuggets,['nuggets'],crispy,,,0.4404,0.326,0.0,{'nuggets': 0.0}
Arby's,Miami,the taco was stale. overall good experience.,2,2025-07-13,23,User1655,place_Arby's_Miami_1,taco,['taco'],,,stale,0.4404,0.326,0.0,{'taco': 0.0}
Arby's,Miami,the pizza was juicy. overall great experience.,1,2025-08-28,36,User4362,place_Arby's_Miami_2,,[],juicy,,,0.6249,0.406,0.0,{}
Arby's,Miami,the taco was crispy. overall okay experience.,2,2025-10-03,22,User6207,place_Arby's_Miami_5,taco,['taco'],crispy,,,0.2263,0.241,0.0,{'taco': 0.0}
Arby's,Miami,the burger was crispy. overall good experience.,4,2025-09-04,42,User7278,place_Arby's_Miami_2,burger,['burger'],crispy,,,0.4404,0.326,0.0,{'burger': 0.0}
Arby's,Miami,the salad was crispy. overall terrible experience.,2,2025-11-16,2,User2240,place_Arby's_Miami_3,salad,['salad'],crispy,,,-0.4767,0.0,0.341,{'salad': 0.0}
Arby's,Seattle,the burger was hot. overall good experience.,4,2025-08-05,11,User6953,place_Arby's_Seattle_5,burger,['burger'],,,hot,0.4404,0.326,0.0,{'burger': 0.0}
Arby's,Seattle,the shake was fresh. overall disappointing experience.,2,2025-10-29,47,User9708,place_Arby's_Seattle_3,shake,['shake'],,,fresh,-0.3818,0.205,0.438,{'shake': 0.1531}
Arby's,Seattle,the shake was cold. overall okay experience.,2,2025-11-20,39,User4081,place_Arby's_Seattle_3,shake,['shake'],,,cold,0.0516,0.221,0.198,{'shake': -0.1779}
Arby's,Seattle,the fries was stale. overall great experience.,4,2025-09-24,22,User9047,place_Arby's_Seattle_1,fries,['fries'],,,stale,0.6249,0.406,0.0,{'fries': 0.0}
Arby's,Seattle,the chicken sandwich was crispy. overall good experience.,3,2025-11-13,1,User6049,place_Arby's_Seattle_2,"chicken sandwich,sandwich,chicken","['chicken sandwich', 'sandwich', 'chicken']",crispy,,,0.4404,0.293,0.0,"{'chicken sandwich': 0.0, 'sandwich': 0.0, 'chicken': 0.0}"
Arby's,Seattle,the shake was stale. overall good experience.,2,2025-09-15,46,User7658,place_Arby's_Seattle_2,shake,['shake'],,,stale,0.296,0.302,0.177,{'shake': -0.1779}
Arby's,Seattle,the wrap was cold. overall amazing experience.,5,2025-09-08,1,User8979,place_Arby's_Seattle_4,wrap,['wrap'],,,cold,0.5859,0.388,0.0,{'wrap': 0.0}
Arby's,Seattle,the fries was cheap. overall great experience.,1,2025-11-06,45,User9327,place_Arby's_Seattle_4,fries,['fries'],,cheap,,0.6249,0.406,0.0,{'fries': 0.0}
Arby's,Seattle,the burger was expensive. overall terrible experience.,4,2025-09-06,2,User2038,place_Arby's_Seattle_1,burger,['burger'],,expensive,,-0.4767,0.0,0.341,{'burger': 0.0}
Arby's,Seattle,the fries was hot. overall good experience.,5,2025-11-12,41,User2740,place_Arby's_Seattle_5,fries,['fries'],,,hot,0.4404,0.326,0.0,{'fries': 0.0}
Arby's,Seattle,the taco was cheap. overall good experience.,1,2025-07-09,10,User8199,place_Arby's_Seattle_3,taco,['taco'],,cheap,,0.4404,0.326,0.0,{'taco': 0.0}
Arby's,Boston,the wrap was juicy. overall terrible experience.,3,2025-08-23,16,User6340,place_Arby's_Boston_5,wrap,['wrap'],juicy,,,-0.4767,0.0,0.341,{'wrap': 0.0}
Arby's,Boston,the taco was hot. overall amazing experience.,4,2025-10-15,4,User9738,place_Arby's_Boston_4,taco,['taco'],,,hot,0.5859,0.388,0.0,{'taco': 0.0}
Arby's,Boston,the salad was cold. overall great experience.,3,2025-12-22,17,User6834,place_Arby's_Boston_1,salad,['salad'],,,cold,0.6249,0.406,0.0,{'salad': 0.0}
Arby's,Boston,the wrap was fresh. overall terrible experience.,5,2025-10-21,28,User5727,place_Arby's_Boston_3,wrap,['wrap'],,,fresh,-0.2023,0.221,0.298,{'wrap': 0.3182}
Arby's,Boston,the taco was fresh. overall terrible experience.,3,2025-08-23,4,User5992,place_Arby's_Boston_1,taco,['taco'],,,fresh,-0.2023,0.221,0.298,{'taco': 0.3182}
Arby's,Boston,the taco was hot. overall terrible experience.,5,2025-12-09,37,User4478,place_Arby's_Boston_4,taco,['taco'],,,hot,-0.4767,0.0,0.341,{'taco': 0.0}
Arby's,Boston,the wrap was hot. overall disappointing experience.,5,2025-12-12,46,User3186,place_Arby's_Boston_2,wrap,['wrap'],,,hot,-0.4939,0.0,0.348,{'wrap': 0.0}
Arby's,Boston,the taco was expensive. overall terrible experience.,1,2025-09-24,7,User6679,place_Arby's_Boston_3,taco,['taco'],,expensive,,-0.4767,0.0,0.341,{'taco': 0.0}
Arby's,Boston,the coffee was juicy. overall good experience.,2,2025-08-11,22,User8477,place_Arby's_Boston_1,coffee,['coffee'],juicy,,,0.4404,0.326,0.0,{'coffee': 0.0}
Arby's,Boston,the taco was greasy. overall terrible experience.,5,2025-11-24,26,User5282,place_Arby's_Boston_5,taco,['taco'],greasy,,,-0.4767,0.0,0.341,{'taco': 0.0}
Arby's,Boston,the salad was expensive. overall great experience.,1,2025-12-04,3,User6877,place_Arby's_Boston_4,salad,['salad'],,expensive,,0.6249,0.406,0.0,{'salad': 0.0}
Arby's,Denver,the shake was hot. overall great experience.,1,2025-09-11,6,User6387,place_Arby's_Denver_1,shake,['shake'],,,hot,0.5267,0.38,0.157,{'shake': -0.1779}
Arby's,Denver,the wrap was juicy. overall good experience.,1,2025-10-08,49,User4192,place_Arby's_Denver_1,wrap,['wrap'],juicy,,,0.4404,0.326,0.0,{'wrap': 0.0}
Arby's,Denver,the fries was greasy. overall amazing experience.,4,2025-12-15,34,User2121,place_Arby's_Denver_3,fries,['fries'],greasy,,,0.5859,0.388,0.0,{'fries': 0.0}
Arby's,Denver,the fries was cold. overall great experience.,5,2025-08-02,5,User1396,place_Arby's_Denver_4,fries,['fries'],,,cold,0.6249,0.406,0.0,{'fries': 0.0}
Arby's,Denver,the nuggets was hot. overall okay experience.,2,2025-09-05,48,User7588,place_Arby's_Denver_1,nuggets,['nuggets'],,,hot,0.2263,0.241,0.0,{'nuggets': 0.0}
Arby's,Denver,the salad was expensive. overall terrible experience.,5,2025-10-30,15,User9340,place_Arby's_Denver_4,salad,['salad'],,expensive,,-0.4767,0.0,0.341,{'salad': 0.0}
Arby's,Denver,the coffee was expensive. overall amazing experience.,4,2025-12-27,28,User5348,place_Arby's_Denver_2,coffee,['coffee'],,expensive,,0.5859,0.388,0.0,{'coffee': 0.0}
Arby's,Denver,the pizza was greasy. overall great experience.,3,2025-07-10,29,User7208,place_Arby's_Denver_3,,[],greasy,,,0.6249,0.406,0.0,{}
Arby's,Denver,the fries was cold. overall disappointing experience.,4,2025-11-24,39,User1820,place_Arby's_Denver_4,fries,['fries'],,,cold,-0.4939,0.0,0.348,{'fries': 0.0}
Arby's,Denver,the pizza was stale. overall amazing experience.,3,2025-07-13,34,User6787,place_Arby's_Denver_4,,[],,,stale,0.5859,0.388,0.0,{}
Arby's,Denver,the wrap was cheap. overall good experience.,5,2025-11-08,28,User7664,place_Arby's_Denver_5,wrap,['wrap'],,cheap,,0.4404,0.326,0.0,{'wrap': 0.0}
Arby's,Portland,the pizza was juicy. overall good experience.,1,2025-07-25,22,User1047,place_Arby's_Portland_5,,[],juicy,,,0.4404,0.326,0.0,{}
Arby's,Portland,the pizza was greasy. overall disappointing experience.,4,2025-12-29,40,User3730,place_Arby's_Portland_4,,[],greasy,,,-0.4939,0.0,0.348,{}
Arby's,Portland,the burger was crispy. overall great experience.,3,2025-09-02,25,User4149,place_Arby's_Portland_4,burger,['burger'],crispy,,,0.6249,0.406,0.0,{'burger': 0.0}
Arby's,Portland,the pizza was cold. overall disappointing experience.,3,2025-10-15,36,User7188,place_Arby's_Portland_3,,[],,,cold,-0.4939,0.0,0.348,{}
Arby's,Portland,the coffee was cheap. overall amazing experience.,4,2025-12-27,32,User3805,place_Arby's_Portland_2,coffee,['coffee'],,cheap,,0.5859,0.388,0.0,{'coffee': 0.0}
Arby's,Portland,the shake was cold. overall amazing experience.,2,2025-09-04,40,User3102,place_Arby's_Portland_5,shake,['shake'],,,cold,0.4767,0.362,0.162,{'shake': -0.1779}
Arby's,Portland,the nuggets was stale. overall disappointing experience.,5,2025-08-16,50,User8630,place_Arby's_Portland_1,nuggets,['nuggets'],,,stale,-0.4939,0.0,0.348,{'nuggets': 0.0}
Arby's,Portland,the burger was stale. overall great experience.,3,2025-11-10,19,User8171,place_Arby's_Portland_5,burger,['burger'],,,stale,0.6249,0.406,0.0,{'burger': 0.0}
Arby's,Portland,the taco was hot. overall terrible experience.,4,2025-10-13,21,User6576,place_Arby's_Portland_1,taco,['taco'],,,hot,-0.4767,0.0,0.341,{'taco': 0.0}
Arby's,Portland,the salad was juicy. overall disappointing experience.,4,2025-10-17,12,User7952,place_Arby's_Portland_3,salad,['salad'],juicy,,,-0.4939,0.0,0.348,{'salad': 0.0}
Arby's,Portland,the coffee was fresh. overall okay experience.,4,2025-09-13,21,User7769,place_Arby's_Portland_3,coffee,['coffee'],,,fresh,0.4939,0.457,0.0,{'coffee': 0.3182}
Jack in the Box,New York,the nuggets was hot. overall good experience.,3,2025-11-03,5,User2100,place_Jack in the Box_New York_2,nuggets,['nuggets'],,,hot,0.4404,0.326,0.0,{'nuggets': 0.0}
Jack in the Box,New York,the chicken sandwich was cheap. overall terrible experience.,1,2025-08-01,7,User6738,place_Jack in the Box_New York_4,"chicken sandwich,sandwich,chicken","['chicken sandwich', 'sandwich', 'chicken']",,cheap,,-0.4767,0.0,0.307,"{'chicken sandwich': 0.0, 'sandwich': 0.0, 'chicken': 0.0}"
Jack in the Box,New York,the chicken sandwich was cheap. overall okay experience.,2,2025-11-21,1,User4443,place_Jack in the Box_New York_3,"chicken sandwich,sandwich,chicken","['chicken sandwich', 'sandwich', 'chicken']",,cheap,,0.2263,0.213,0.0,"{'chicken sandwich': 0.0, 'sandwich': 0.0, 'chicken': 0.0}"
Jack in the Box,New York,the salad was greasy. overall terrible experience.,1,2025-10-11,33,User6707,place_Jack in the Box_New York_5,salad,['salad'],greasy,,,-0.4767,0.0,0.341,{'salad': 0.0}
Jack in the Box,New York,the taco was stale. overall okay experience.,2,2025-11-01,19,User6732,place_Jack in the Box_New York_2,taco,['taco'],,,stale,0.2263,0.241,0.0,{'taco': 0.0}
Jack in the Box,New York,the fries was stale. overall great experience.,2,2025-10-28,12,User4617,place_Jack in the Box_New York_2,fries,['fries'],,,stale,0.6249,0.406,0.0,{'fries': 0.0}
Jack in the Box,New York,the fries was dry. overall amazing experience.,2,2025-10-07,11,User1864,place_Jack in the Box_New York_2,fries,['fries'],dry,,,0.5859,0.388,0.0,{'fries': 0.0}
Jack in the Box,New York,the coffee was cold. overall okay experience.,4,2025-07-12,46,User2102,place_Jack in the Box_New York_1,coffee,['coffee'],,,cold,0.2263,0.241,0.0,{'coffee': 0.0}
Jack in the Box,New York,the taco was greasy. overall terrible experience.,4,2025-11-17,45,User8718,place_Jack in the Box_New York_2,taco,['taco'],greasy,,,-0.4767,0.0,0.341,{'taco': 0.0}
Jack in the Box,New York,the coffee was fresh. overall amazing experience.,3,2025-10-21,31,User1407,place_Jack in the Box_New York_4,coffee,['coffee'],,,fresh,0.7269,0.55,0.0,{'coffee': 0.3182}
Jack in the Box,New York,the fries was juicy. overall good experience.,3,2025-11-30,0,User1784,place_Jack in the Box_New York_1,fries,['fries'],juicy,,,0.4404,0.326,0.0,{'fries': 0.0}
Jack in the Box,Los Angeles,the shake was juicy. overall terrible experience.,4,2025-10-11,18,User4487,place_Jack in the Box_Los Angeles_1,shake,['shake'],juicy,,,-0.5859,0.0,0.49,{'shake': -0.1779}
Jack in the Box,Los Angeles,the fries was stale. overall disappointing experience.,2,2025-08-14,17,User8996,place_Jack in the Box_Los Angeles_4,fries,['fries'],,,stale,-0.4939,0.0,0.348,{'fries': 0.0}
Jack in the Box,Los Angeles,the wrap was stale. overall okay experience.,4,2025-09-11,19,User2015,place_Jack in the Box_Los Angeles_1,wrap,['wrap'],,,stale,0.2263,0.241,0.0,{'wrap': 0.0}
Jack in the Box,Los Angeles,the burger was crispy. overall great experience.,2,2025-09-15,27,User9199,place_Jack in the Box_Los Angeles_3,burger,['burger'],crispy,,,0.6249,0.406,0.0,{'burger': 0.0}
Jack in the Box,Los Angeles,the chicken sandwich was dry. overall amazing experience.,3,2025-12-17,0,User1546,place_Jack in the Box_Los Angeles_3,"chicken sandwich,sandwich,chicken","['chicken sandwich', 'sandwich', 'chicken']",dry,,,0.5859,0.352,0.0,"{'chicken sandwich': 0.0, 'sandwich': 0.0, 'chicken': 0.0}"
Jack in the Box,Los Angeles,the wrap was crispy. overall amazing experience.,2,2025-09-24,47,User2403,place_Jack in the Box_Los Angeles_1,wrap,['wrap'],crispy,,,0.5859,0.388,0.0,{'wrap': 0.0}
Jack in the Box,Los Angeles,the nuggets was greasy. overall terrible experience.,3,2025-07-16,11,User9340,place_Jack in the Box_Los Angeles_1,nuggets,['nuggets'],greasy,,,-0.4767,0.0,0.341,{'nuggets': 0.0}
Jack in the Box,Los Angeles,the fries was stale. overall terrible experience.,1,2025-08-08,11,User2933,place_Jack in the Box_Los Angeles_5,fries,['fries'],,,stale,-0.4767,0.0,0.341,{'fries': 0.0}
Jack in the Box,Los Angeles,the shake was crispy. overall okay experience.,2,2025-12-20,25,User6825,place_Jack in the Box_Los Angeles_5,shake,['shake'],crispy,,,0.0516,0.221,0.198,{'shake': -0.1779}
Jack in the Box,Los Angeles,the pizza was cold. overall great experience.,1,2025-09-10,0,User6072,place_Jack in the Box_Los Angeles_5,,[],,,cold,0.6249,0.406,0.0,{}
Jack in the Box,Los Angeles,the wrap was cold. overall good experience.,3,2025-11-29,50,User5809,place_Jack in the Box_Los Angeles_2,wrap,['wrap'],,,cold,0.4404,0.326,0.0,{'wrap': 0.0}
Jack in the Box,Chicago,the shake was stale. overall good experience.,4,2025-07-12,0,User9657,place_Jack in the Box_Chicago_2,shake,['shake'],,,stale,0.296,0.302,0.177,{'shake': -0.1779}
Jack in the Box,Chicago,the taco was hot. overall okay experience.,4,2025-10-02,48,User4616,place_Jack in the Box_Chicago_4,taco,['taco'],,,hot,0.2263,0.241,0.0,{'taco': 0.0}
Jack in the Box,Chicago,the taco was juicy. overall disappointing experience.,2,2025-12-14,20,User6717,place_Jack in the Box_Chicago_4,taco,['taco'],juicy,,,-0.4939,0.0,0.348,{'taco': 0.0}
Jack in the Box,Chicago,the pizza was fresh. overall good experience.,1,2025-10-09,13,User3715,place_Jack in the Box_Chicago_4,,[],,,fresh,0.6369,0.51,0.0,{}
Jack in the Box,Chicago,the taco was crispy. overall terrible experience.,3,2025-09-07,14,User5828,place_Jack in the Box_Chicago_5,taco,['taco'],crispy,,,-0.4767,0.0,0.341,{'taco': 0.0}
Jack in the Box,Chicago,the taco was cold. overall amazing experience.,2,2025-10-05,50,User6255,place_Jack in the Box_Chicago_5,taco,['taco'],,,cold,0.5859,0.388,0.0,{'taco': 0.0}
Jack in the Box,Chicago,the shake was cold. overall amazing experience.,4,2025-08-06,6,User9752,place_Jack in the Box_Chicago_3,shake,['shake'],,,cold,0.4767,0.362,0.162,{'shake': -0.1779}
Jack in the Box,Chicago,the nuggets was cold. overall great experience.,1,2025-09-24,32,User1811,place_Jack in the Box_Chicago_1,nuggets,['nuggets'],,,cold,0.6249,0.406,0.0,{'nuggets': 0.0}
Jack in the Box,Chicago,the taco was cold. overall okay experience.,5,2025-07-13,4,User7635,place_Jack in the Box_Chicago_4,taco,['taco'],,,cold,0.2263,0.241,0.0,{'taco': 0.0}
Jack in the Box,Chicago,the burger was fresh. overall amazing experience.,4,2025-12-02,27,User3671,place_Jack in the Box_Chicago_3,burger,['burger'],,,fresh,0.7269,0.55,0.0,{'burger': 0.3182}
Jack in the Box,Chicago,the taco was expensive. overall okay experience.,3,2025-09-03,46,User7977,place_Jack in the Box_Chicago_4,taco,['taco'],,expensive,,0.2263,0.241,0.0,{'taco': 0.0}
Jack in the Box,Dallas,the taco was stale. overall good experience.,3,2025-12-04,20,User4562,place_Jack in the Box_Dallas_4,taco,['taco'],,,stale,0.4404,0.326,0.0,{'taco': 0.0}
Jack in the Box,Dallas,the wrap was greasy. overall great experience.,2,2025-10-16,23,User6452,place_Jack in the Box_Dallas_1,wrap,['wrap'],greasy,,,0.6249,0.406,0.0,{'wrap': 0.0}
Jack in the Box,Dallas,the pizza was crispy. overall great experience.,2,2025-09-21,13,User6525,place_Jack in the Box_Dallas_5,,[],crispy,,,0.6249,0.406,0.0,{}
Jack in the Box,Dallas,the wrap was greasy. overall disappointing experience.,4,2025-07-19,13,User9331,place_Jack in the Box_Dallas_1,wrap,['wrap'],greasy,,,-0.4939,0.0,0.348,{'wrap': 0.0}
Jack in the Box,Dallas,the chicken sandwich was juicy. overall okay experience.,5,2025-10-20,18,User9126,place_Jack in the Box_Dallas_1,"chicken sandwich,sandwich,chicken","['chicken sandwich', 'sandwich', 'chicken']",juicy,,,0.2263,0.213,0.0,"{'chicken sandwich': 0.0, 'sandwich': 0.0, 'chicken': 0.0}"
Jack in the Box,Dallas,the fries was cold. overall terrible experience.,3,2025-07-22,36,User2344,place_Jack in the Box_Dallas_5,fries,['fries'],,,cold,-0.4767,0.0,0.341,{'fries': 0.0}
Jack in the Box,Dallas,the fries was juicy. overall good experience.,4,2025-09-07,36,User4151,place_Jack in the Box_Dallas_5,fries,['fries'],juicy,,,0.4404,0.326,0.0,{'fries': 0.0}
Jack in the Box,Dallas,the chicken sandwich was cold. overall disappointing experience.,5,2025-11-15,45,User2238,place_Jack in the Box_Dallas_5,"chicken sandwich,sandwich,chicken","['chicken sandwich', 'sandwich', 'chicken']",,,cold,-0.4939,0.0,0.314,"{'chicken sandwich': 0.0, 'sandwich': 0.0, 'chicken': 0.0}"
Jack in the Box,Dallas,the salad was fresh. overall terrible experience.,3,2025-10-02,32,User6159,place_Jack in the Box_Dallas_1,salad,['salad'],,,fresh,-0.2023,0.221,0.298,{'salad': 0.3182}
Jack in the Box,Dallas,the pizza was dry. overall good experience.,1,2025-08-11,38,User4327,place_Jack in the Box_Dallas_1,,[],dry,,,0.4404,0.326,0.0,{}
Jack in the Box,Dallas,the wrap was juicy. overall good experience.,3,2025-11-11,49,User1904,place_Jack in the Box_Dallas_2,wrap,['wrap'],juicy,,,0.4404,0.326,0.0,{'wrap': 0.0}
Jack in the Box,Atlanta,the nuggets was juicy. overall okay experience.,2,2025-12-16,39,User3138,place_Jack in the Box_Atlanta_3,nuggets,['nuggets'],juicy,,,0.2263,0.241,0.0,{'nuggets': 0.0}
Jack in the Box,Atlanta,the shake was cold. overall okay experience.,2,2025-11-11,26,User1650,place_Jack in the Box_Atlanta_4,shake,['shake'],,,cold,0.0516,0.221,0.198,{'shake': -0.1779}
Jack in the Box,Atlanta,the nuggets was dry. overall great experience.,2,2025-11-11,47,User1902,place_Jack in the Box_Atlanta_5,nuggets,['nuggets'],dry,,,0.6249,0.406,0.0,{'nuggets': 0.0}
Jack in the Box,Atlanta,the taco was cold. overall good experience.,5,2025-09-27,17,User7446,place_Jack in the Box_Atlanta_4,taco,['taco'],,,cold,0.4404,0.326,0.0,{'taco': 0.0}
Jack in the Box,Atlanta,the burger was stale. overall amazing experience.,3,2025-08-20,46,User2177,place_Jack in the Box_Atlanta_3,burger,['burger'],,,stale,0.5859,0.388,0.0,{'burger': 0.0}
Jack in the Box,Atlanta,the wrap was cheap. overall okay experience.,3,2025-12-07,17,User9434,place_Jack in the Box_Atlanta_5,wrap,['wrap'],,cheap,,0.2263,0.241,0.0,{'wrap': 0.0}
Jack in the Box,Atlanta,the nuggets was cold. overall disappointing experience.,5,2025-11-07,6,User9182,place_Jack in the Box_Atlanta_1,nuggets,['nuggets'],,,cold,-0.4939,0.0,0.348,{'nuggets': 0.0}
Jack in the Box,Atlanta,the pizza was cheap. overall terrible experience.,4,2025-10-01,14,User2755,place_Jack in the Box_Atlanta_3,,[],,cheap,,-0.4767,0.0,0.341,{}
Jack in the Box,Atlanta,the shake was hot. overall good experience.,2,2025-08-23,20,User2474,place_Jack in the Box_Atlanta_1,shake,['shake'],,,hot,0.296,0.302,0.177,{'shake': -0.1779}
Jack in the Box,Atlanta,the salad was dry. overall disappointing experience.,2,2025-09-30,12,User8403,place_Jack in the Box_Atlanta_5,salad,['salad'],dry,,,-0.4939,0.0,0.348,{'salad': 0.0}
Jack in the Box,Atlanta,the burger was fresh. overall disappointing experience.,1,2025-11-01,23,User8560,place_Jack in the Box_Atlanta_2,burger,['burger'],,,fresh,-0.2263,0.219,0.305,{'burger': 0.3182}
Jack in the Box,Houston,the fries was dry. overall disappointing experience.,1,2025-08-23,39,User3145,place_Jack in the Box_Houston_4,fries,['fries'],dry,,,-0.4939,0.0,0.348,{'fries': 0.0}
Jack in the Box,Houston,the coffee was juicy. overall okay experience.,4,2025-07-09,11,User6441,place_Jack in the Box_Houston_4,coffee,['coffee'],juicy,,,0.2263,0.241,0.0,{'coffee': 0.0}
Jack in the Box,Houston,the burger was cheap. overall good experience.,5,2025-10-27,36,User9449,place_Jack in the Box_Houston_5,burger,['burger'],,cheap,,0.4404,0.326,0.0,{'burger': 0.0}
Jack in the Box,Houston,the pizza was juicy. overall okay experience.,3,2025-08-23,50,User4425,place_Jack in the Box_Houston_4,,[],juicy,,,0.2263,0.241,0.0,{}
Jack in the Box,Houston,the shake was stale. overall good experience.,3,2025-09-16,28,User4950,place_Jack in the Box_Houston_2,shake,['shake'],,,stale,0.296,0.302,0.177,{'shake': -0.1779}
Jack in the Box,Houston,the wrap was greasy. overall disappointing experience.,2,2025-09-17,26,User6648,place_Jack in the Box_Houston_5,wrap,['wrap'],greasy,,,-0.4939,0.0,0.348,{'wrap': 0.0}
Jack in the Box,Houston,the burger was greasy. overall great experience.,1,2025-12-21,2,User9857,place_Jack in the Box_Houston_3,burger,['burger'],greasy,,,0.6249,0.406,0.0,{'burger': 0.0}
Jack in the Box,Houston,the wrap was hot. overall good experience.,5,2025-08-22,10,User5088,place_Jack in the Box_Houston_5,wrap,['wrap'],,,hot,0.4404,0.326,0.0,{'wrap': 0.0}
Jack in the Box,Houston,the fries was juicy. overall terrible experience.,2,2025-08-13,19,User5162,place_Jack in the Box_Houston_5,fries,['fries'],juicy,,,-0.4767,0.0,0.341,{'fries': 0.0}
Jack in the Box,Houston,the burger was cold. overall terrible experience.,5,2025-09-10,18,User2243,place_Jack in the Box_Houston_5,burger,['burger'],,,cold,-0.4767,0.0,0.341,{'burger': 0.0}
Jack in the Box,Houston,the pizza was dry. overall great experience.,4,2025-11-30,35,User5603,place_Jack in the Box_Houston_2,,[],dry,,,0.6249,0.406,0.0,{}
Jack in the Box,Phoenix,the chicken sandwich was hot. overall good experience.,3,2025-08-10,15,User3466,place_Jack in the Box_Phoenix_3,"chicken sandwich,sandwich,chicken","['chicken sandwich', 'sandwich', 'chicken']",,,hot,0.4404,0.293,0.0,"{'chicken sandwich': 0.0, 'sandwich': 0.0, 'chicken': 0.0}"
Jack in the Box,Phoenix,the shake was crispy. overall amazing experience.,2,2025-12-07,41,User1488,place_Jack in the Box_Phoenix_3,shake,['shake'],crispy,,,0.4767,0.362,0.162,{'shake': -0.1779}
Jack in the Box,Phoenix,the salad was dry. overall good experience.,2,2025-09-27,50,User5029,place_Jack in the Box_Phoenix_4,salad,['salad'],dry,,,0.4404,0.326,0.0,{'salad': 0.0}
Jack in the Box,Phoenix,the salad was dry. overall okay experience.,2,2025-12-21,14,User6963,place_Jack in the Box_Phoenix_5,salad,['salad'],dry,,,0.2263,0.241,0.0,{'salad': 0.0}
Jack in the Box,Phoenix,the nuggets was fresh. overall amazing experience.,2,2025-10-27,22,User1130,place_Jack in the Box_Phoenix_3,nuggets,['nuggets'],,,fresh,0.7269,0.55,0.0,{'nuggets': 0.3182}
Jack in the Box,Phoenix,the taco was crispy. overall good experience.,2,2025-07-23,2,User2179,place_Jack in the Box_Phoenix_3,taco,['taco'],crispy,,,0.4404,0.326,0.0,{'taco': 0.0}
Jack in the Box,Phoenix,the wrap was dry. overall amazing experience.,3,2025-12-14,35,User4502,place_Jack in the Box_Phoenix_5,wrap,['wrap'],dry,,,0.5859,0.388,0.0,{'wrap': 0.0}
Jack in the Box,Phoenix,the pizza was crispy. overall great experience.,1,2025-11-04,28,User2942,place_Jack in the Box_Phoenix_3,,[],crispy,,,0.6249,0.406,0.0,{}
Jack in the Box,Phoenix,the fries was juicy. overall good experience.,5,2025-08-07,24,User2213,place_Jack in the Box_Phoenix_5,fries,['fries'],juicy,,,0.4404,0.326,0.0,{'fries': 0.0}
Jack in the Box,Phoenix,the coffee was crispy. overall terrible experience.,5,2025-07-07,16,User7978,place_Jack in the Box_Phoenix_2,coffee,['coffee'],crispy,,,-0.4767,0.0,0.341,{'coffee': 0.0}
Jack in the Box,Phoenix,the fries was hot. overall great experience.,4,2025-08-28,29,User4800,place_Jack in the Box_Phoenix_1,fries,['fries'],,,hot,0.6249,0.406,0.0,{'fries': 0.0}
Jack in the Box,Philadelphia,the taco was greasy. overall amazing experience.,3,2025-07-24,42,User5588,place_Jack in the Box_Philadelphia_4,taco,['taco'],greasy,,,0.5859,0.388,0.0,{'taco': 0.0}
Jack in the Box,Philadelphia,the salad was cheap. overall great experience.,2,2025-11-22,7,User8261,place_Jack in the Box_Philadelphia_5,salad,['salad'],,cheap,,0.6249,0.406,0.0,{'salad': 0.0}
Jack in the Box,Philadelphia,the wrap was crispy. overall good experience.,1,2025-11-22,12,User9833,place_Jack in the Box_Philadelphia_3,wrap,['wrap'],crispy,,,0.4404,0.326,0.0,{'wrap': 0.0}
Jack in the Box,Philadelphia,the fries was expensive. overall good experience.,1,2025-11-11,37,User5709,place_Jack in the Box_Philadelphia_5,fries,['fries'],,expensive,,0.4404,0.326,0.0,{'fries': 0.0}
Jack in the Box,Philadelphia,the pizza was dry. overall good experience.,2,2025-11-16,2,User5798,place_Jack in the Box_Philadelphia_1,,[],dry,,,0.4404,0.326,0.0,{}
Jack in the Box,Philadelphia,the nuggets was dry. overall okay experience.,1,2025-10-02,31,User4580,place_Jack in the Box_Philadelphia_5,nuggets,['nuggets'],dry,,,0.2263,0.241,0.0,{'nuggets': 0.0}
Jack in the Box,Philadelphia,the nuggets was hot. overall disappointing experience.,3,2025-08-02,16,User3911,place_Jack in the Box_Philadelphia_3,nuggets,['nuggets'],,,hot,-0.4939,0.0,0.348,{'nuggets': 0.0}
Jack in the Box,Philadelphia,the burger was cold. overall okay experience.,1,2025-11-21,45,User1231,place_Jack in the Box_Philadelphia_3,burger,['burger'],,,cold,0.2263,0.241,0.0,{'burger': 0.0}
Jack in the Box,Philadelphia,the coffee was cold. overall great experience.,3,2025-12-13,27,User6248,place_Jack in the Box_Philadelphia_2,coffee,['coffee'],,,cold,0.6249,0.406,0.0,{'coffee': 0.0}
Jack in the Box,Philadelphia,the burger was stale. overall disappointing experience.,4,2025-08-19,43,User6150,place_Jack in the Box_Philadelphia_5,burger,['burger'],,,stale,-0.4939,0.0,0.348,{'burger': 0.0}
Jack in the Box,Philadelphia,the wrap was crispy. overall great experience.,1,2025-08-03,14,User1239,place_Jack in the Box_Philadelphia_2,wrap,['wrap'],crispy,,,0.6249,0.406,0.0,{'wrap': 0.0}
Jack in the Box,San Antonio,the coffee was greasy. overall disappointing experience.,2,2025-09-05,49,User1045,place_Jack in the Box_San Antonio_1,coffee,['coffee'],greasy,,,-0.4939,0.0,0.348,{'coffee': 0.0}
Jack in the Box,San Antonio,the burger was fresh. overall great experience.,3,2025-07-04,21,User7870,place_Jack in the Box_San Antonio_4,burger,['burger'],,,fresh,0.7506,0.561,0.0,{'burger': 0.3182}
Jack in the Box,San Antonio,the wrap was dry. overall great experience.,5,2025-08-27,20,User1589,place_Jack in the Box_San Antonio_1,wrap,['wrap'],dry,,,0.6249,0.406,0.0,{'wrap': 0.0}
Jack in the Box,San Antonio,the taco was crispy. overall terrible experience.,3,2025-07-10,8,User1373,place_Jack in the Box_San Antonio_5,taco,['taco'],crispy,,,-0.4767,0.0,0.341,{'taco': 0.0}
Jack in the Box,San Antonio,the nuggets was hot. overall terrible experience.,3,2025-07-12,45,User2482,place_Jack in the Box_San Antonio_4,nuggets,['nuggets'],,,hot,-0.4767,0.0,0.341,{'nuggets': 0.0}
Jack in the Box,San Antonio,the salad was stale. overall terrible experience.,4,2025-10-06,9,User8451,place_Jack in the Box_San Antonio_3,salad,['salad'],,,stale,-0.4767,0.0,0.341,{'salad': 0.0}
Jack in the Box,San Antonio,the wrap was hot. overall disappointing experience.,3,2025-09-03,39,User4561,place_Jack in the Box_San Antonio_1,wrap,['wrap'],,,hot,-0.4939,0.0,0.348,{'wrap': 0.0}
Jack in the Box,San Antonio,the salad was fresh. overall amazing experience.,4,2025-08-02,17,User6261,place_Jack in the Box_San Antonio_5,salad,['salad'],,,fresh,0.7269,0.55,0.0,{'salad': 0.3182}
Jack in the Box,San Antonio,the coffee was expensive. overall great experience.,4,2025-10-09,13,User3776,place_Jack in the Box_San Antonio_1,coffee,['coffee'],,expensive,,0.6249,0.406,0.0,{'coffee': 0.0}
Jack in the Box,San Antonio,the nuggets was dry. overall good experience.,5,2025-07-25,14,User2723,place_Jack in the Box_San Antonio_1,nuggets,['nuggets'],dry,,,0.4404,0.326,0.0,{'nuggets': 0.0}
Jack in the Box,San Antonio,the chicken sandwich was greasy. overall amazing experience.,2,2025-12-12,26,User8570,place_Jack in the Box_San Antonio_3,"chicken sandwich,sandwich,chicken","['chicken sandwich', 'sandwich', 'chicken']",greasy,,,0.5859,0.352,0.0,"{'chicken sandwich': 0.0, 'sandwich': 0.0, 'chicken': 0.0}"
Jack in the Box,San Diego,the wrap was cold. overall okay experience.,5,2025-12-03,33,User9135,place_Jack in the Box_San Diego_5,wrap,['wrap'],,,cold,0.2263,0.241,0.0,{'wrap': 0.0}
Jack in the Box,San Diego,the shake was fresh. overall okay experience.,4,2025-11-18,39,User7448,place_Jack in the Box_San Diego_2,shake,['shake'],,,fresh,0.3612,0.424,0.172,{'shake': 0.1531}
Jack in the Box,San Diego,the shake was dry. overall great experience.,1,2025-09-06,8,User4938,place_Jack in the Box_San Diego_2,shake,['shake'],dry,,,0.5267,0.38,0.157,{'shake': -0.1779}
Jack in the Box,San Diego,the fries was crispy. overall great experience.,3,2025-12-28,50,User5478,place_Jack in the Box_San Diego_5,fries,['fries'],crispy,,,0.6249,0.406,0.0,{'fries': 0.0}
Jack in the Box,San Diego,the nuggets was cheap. overall disappointing experience.,4,2025-08-04,38,User5788,place_Jack in the Box_San Diego_4,nuggets,['nuggets'],,cheap,,-0.4939,0.0,0.348,{'nuggets': 0.0}
Jack in the Box,San Diego,the burger was juicy. overall amazing experience.,1,2025-08-16,44,User9406,place_Jack in the Box_San Diego_1,burger,['burger'],juicy,,,0.5859,0.388,0.0,{'burger': 0.0}
Jack in the Box,San Diego,the salad was cold. overall okay experience.,4,2025-10-02,48,User5690,place_Jack in the Box_San Diego_3,salad,['salad'],,,cold,0.2263,0.241,0.0,{'salad': 0.0}
Jack in the Box,San Diego,the taco was juicy. overall great experience.,5,2025-07-27,20,User8076,place_Jack in the Box_San Diego_1,taco,['taco'],juicy,,,0.6249,0.406,0.0,{'taco': 0.0}
Jack in the Box,San Diego,the shake was cold. overall amazing experience.,4,2025-12-31,4,User7530,place_Jack in the Box_San Diego_2,shake,['shake'],,,cold,0.4767,0.362,0.162,{'shake': -0.1779}
Jack in the Box,San Diego,the taco was expensive. overall amazing experience.,5,2025-12-23,44,User5521,place_Jack in the Box_San Diego_1,taco,['taco'],,expensive,,0.5859,0.388,0.0,{'taco': 0.0}
Jack in the Box,San Diego,the wrap was expensive. overall good experience.,5,2025-11-27,19,User4466,place_Jack in the Box_San Diego_2,wrap,['wrap'],,expensive,,0.4404,0.326,0.0,{'wrap': 0.0}
Jack in the Box,Miami,the fries was juicy. overall great experience.,3,2025-10-15,12,User7401,place_Jack in the Box_Miami_5,fries,['fries'],juicy,,,0.6249,0.406,0.0,{'fries': 0.0}
Jack in the Box,Miami,the pizza was expensive. overall terrible experience.,3,2025-08-05,21,User7821,place_Jack in the Box_Miami_1,,[],,expensive,,-0.4767,0.0,0.341,{}
Jack in the Box,Miami,the taco was expensive. overall terrible experience.,1,2025-10-24,24,User4133,place_Jack in the Box_Miami_1,taco,['taco'],,expensive,,-0.4767,0.0,0.341,{'taco': 0.0}
Jack in the Box,Miami,the pizza was fresh. overall terrible experience.,5,2025-09-06,21,User7864,place_Jack in the Box_Miami_5,,[],,,fresh,-0.2023,0.221,0.298,{}
Jack in the Box,Miami,the salad was dry. overall great experience.,4,2025-07-24,9,User3833,place_Jack in the Box_Miami_4,salad,['salad'],dry,,,0.6249,0.406,0.0,{'salad': 0.0}
Jack in the Box,Miami,the burger was cold. overall terrible experience.,1,2025-12-31,33,User2127,place_Jack in the Box_Miami_3,burger,['burger'],,,cold,-0.4767,0.0,0.341,{'burger': 0.0}
Jack in the Box,Miami,the fries was juicy. overall disappointing experience.,3,2025-09-26,22,User8426,place_Jack in the Box_Miami_1,fries,['fries'],juicy,,,-0.4939,0.0,0.348,{'fries': 0.0}
Jack in the Box,Miami,the shake was cold. overall terrible experience.,1,2025-08-29,29,User2632,place_Jack in the Box_Miami_5,shake,['shake'],,,cold,-0.5859,0.0,0.49,{'shake': -0.1779}
Jack in the Box,Miami,the burger was dry. overall disappointing experience.,1,2025-11-25,28,User6175,place_Jack in the Box_Miami_2,burger,['burger'],dry,,,-0.4939,0.0,0.348,{'burger': 0.0}
Jack in the Box,Miami,the taco was greasy. overall amazing experience.,5,2025-07-06,6,User7011,place_Jack in the Box_Miami_5,taco,['taco'],greasy,,,0.5859,0.388,0.0,{'taco': 0.0}
Jack in the Box,Miami,the shake was juicy. overall okay experience.,2,2025-07-20,28,User4695,place_Jack in the Box_Miami_4,shake,['shake'],juicy,,,0.0516,0.221,0.198,{'shake': -0.1779}
Jack in the Box,Seattle,the wrap was greasy. overall good experience.,5,2025-10-05,8,User6010,place_Jack in the Box_Seattle_5,wrap,['wrap'],greasy,,,0.4404,0.326,0.0,{'wrap': 0.0}
Jack in the Box,Seattle,the nuggets was fresh. overall good experience.,1,2025-09-23,23,User8732,place_Jack in the Box_Seattle_3,nuggets,['nuggets'],,,fresh,0.6369,0.51,0.0,{'nuggets': 0.3182}
Jack in the Box,Seattle,the wrap was cold. overall disappointing experience.,4,2025-10-09,25,User3924,place_Jack in the Box_Seattle_2,wrap,['wrap'],,,cold,-0.4939,0.0,0.348,{'wrap': 0.0}
Jack in the Box,Seattle,the coffee was expensive. overall okay experience.,4,2025-11-24,21,User7800,place_Jack in the Box_Seattle_1,coffee,['coffee'],,expensive,,0.2263,0.241,0.0,{'coffee': 0.0}
Jack in the Box,Seattle,the coffee was fresh. overall terrible experience.,2,2025-10-27,43,User6610,place_Jack in the Box_Seattle_4,coffee,['coffee'],,,fresh,-0.2023,0.221,0.298,{'coffee': 0.3182}
Jack in the Box,Seattle,the chicken sandwich was stale. overall great experience.,2,2025-12-28,9,User5093,place_Jack in the Box_Seattle_3,"chicken sandwich,sandwich,chicken","['chicken sandwich', 'sandwich', 'chicken']",,,stale,0.6249,0.369,0.0,"{'chicken sandwich': 0.0, 'sandwich': 0.0, 'chicken': 0.0}"
Jack in the Box,Seattle,the pizza was fresh. overall okay experience.,4,2025-11-13,2,User3855,place_Jack in the Box_Seattle_2,,[],,,fresh,0.4939,0.457,0.0,{}
Jack in the Box,Seattle,the salad was juicy. overall disappointing experience.,1,2025-11-22,2,User2886,place_Jack in the Box_Seattle_5,salad,['salad'],juicy,,,-0.4939,0.0,0.348,{'salad': 0.0}
Jack in the Box,Seattle,the chicken sandwich was expensive. overall okay experience.,3,2025-09-15,44,User9664,place_Jack in the Box_Seattle_3,"chicken sandwich,sandwich,chicken","['chicken sandwich', 'sandwich', 'chicken']",,expensive,,0.2263,0.213,0.0,"{'chicken sandwich': 0.0, 'sandwich': 0.0, 'chicken': 0.0}"
Jack in the Box,Seattle,the burger was expensive. overall disappointing experience.,4,2025-11-27,47,User2029,place_Jack in the Box_Seattle_2,burger,['burger'],,expensive,,-0.4939,0.0,0.348,{'burger': 0.0}
Jack in the Box,Seattle,the taco was juicy. overall amazing experience.,1,2025-12-09,37,User2061,place_Jack in the Box_Seattle_1,taco,['taco'],juicy,,,0.5859,0.388,0.0,{'taco': 0.0}
Jack in the Box,Boston,the fries was cold. overall amazing experience.,4,2025-09-18,49,User8932,place_Jack in the Box_Boston_3,fries,['fries'],,,cold,0.5859,0.388,0.0,{'fries': 0.0}
Jack in the Box,Boston,the burger was crispy. overall great experience.,4,2025-07-09,39,User1879,place_Jack in the Box_Boston_4,burger,['burger'],crispy,,,0.6249,0.406,0.0,{'burger': 0.0}
Jack in the Box,Boston,the shake was greasy. overall amazing experience.,3,2025-09-18,18,User6535,place_Jack in the Box_Boston_2,shake,['shake'],greasy,,,0.4767,0.362,0.162,{'shake': -0.1779}
Jack in the Box,Boston,the nuggets was cheap. overall okay experience.,3,2025-10-06,25,User7969,place_Jack in the Box_Boston_5,nuggets,['nuggets'],,cheap,,0.2263,0.241,0.0,{'nuggets': 0.0}
Jack in the Box,Boston,the burger was stale. overall terrible experience.,5,2025-07-30,49,User3576,place_Jack in the Box_Boston_2,burger,['burger'],,,stale,-0.4767,0.0,0.341,{'burger': 0.0}
Jack in the Box,Boston,the burger was fresh. overall okay experience.,2,2025-09-21,36,User9996,place_Jack in the Box_Boston_4,burger,['burger'],,,fresh,0.4939,0.457,0.0,{'burger': 0.3182}
Jack in the Box,Boston,the nuggets was dry. overall amazing experience.,2,2025-09-28,20,User6478,place_Jack in the Box_Boston_5,nuggets,['nuggets'],dry,,,0.5859,0.388,0.0,{'nuggets': 0.0}
Jack in the Box,Boston,the fries was hot. overall great experience.,4,2025-07-28,42,User1515,place_Jack in the Box_Boston_3,fries,['fries'],,,hot,0.6249,0.406,0.0,{'fries': 0.0}
Jack in the Box,Boston,the coffee was hot. overall disappointing experience.,2,2025-08-08,2,User5475,place_Jack in the Box_Boston_5,coffee,['coffee'],,,hot,-0.4939,0.0,0.348,{'coffee': 0.0}
Jack in the Box,Boston,the wrap was cold. overall great experience.,2,2025-09-20,3,User8879,place_Jack in the Box_Boston_3,wrap,['wrap'],,,cold,0.6249,0.406,0.0,{'wrap': 0.0}
Jack in the Box,Boston,the nuggets was crispy. overall terrible experience.,5,2025-11-19,9,User7519,place_Jack in the Box_Boston_1,nuggets,['nuggets'],crispy,,,-0.4767,0.0,0.341,{'nuggets': 0.0}
Jack in the Box,Denver,the fries was fresh. overall terrible experience.,1,2025-09-09,23,User5656,place_Jack in the Box_Denver_5,fries,['fries'],,,fresh,-0.2023,0.221,0.298,{'fries': 0.3182}
Jack in the Box,Denver,the coffee was juicy. overall great experience.,1,2025-07-05,15,User5398,place_Jack in the Box_Denver_2,coffee,['coffee'],juicy,,,0.6249,0.406,0.0,{'coffee': 0.0}
Jack in the Box,Denver,the coffee was hot. overall good experience.,5,2025-11-04,43,User5626,place_Jack in the Box_Denver_4,coffee,['coffee'],,,hot,0.4404,0.326,0.0,{'coffee': 0.0}
Jack in the Box,Denver,the burger was stale. overall okay experience.,3,2025-12-28,11,User5465,place_Jack in the Box_Denver_4,burger,['burger'],,,stale,0.2263,0.241,0.0,{'burger': 0.0}
Jack in the Box,Denver,the burger was expensive. overall disappointing experience.,4,2025-11-27,44,User7062,place_Jack in the Box_Denver_1,burger,['burger'],,expensive,,-0.4939,0.0,0.348,{'burger': 0.0}
Jack in the Box,Denver,the chicken sandwich was stale. overall good experience.,4,2025-08-13,29,User3141,place_Jack in the Box_Denver_1,"chicken sandwich,sandwich,chicken","['chicken sandwich', 'sandwich', 'chicken']",,,stale,0.4404,0.293,0.0,"{'chicken sandwich': 0.0, 'sandwich': 0.0, 'chicken': 0.0}"
Jack in the Box,Denver,the fries was fresh. overall good experience.,3,2025-11-26,48,User1619,place_Jack in the Box_Denver_1,fries,['fries'],,,fresh,0.6369,0.51,0.0,{'fries': 0.3182}
Jack in the Box,Denver,the fries was crispy. overall terrible experience.,3,2025-09-24,25,User2183,place_Jack in the Box_Denver_4,fries,['fries'],crispy,,,-0.4767,0.0,0.341,{'fries': 0.0}
Jack in the Box,Denver,the pizza was expensive. overall terrible experience.,5,2025-07-11,7,User5637,place_Jack in the Box_Denver_5,,[],,expensive,,-0.4767,0.0,0.341,{}
Jack in the Box,Denver,the taco was crispy. overall amazing experience.,3,2025-07-14,41,User3865,place_Jack in the Box_Denver_1,taco,['taco'],crispy,,,0.5859,0.388,0.0,{'taco': 0.0}
Jack in the Box,Denver,the chicken sandwich was crispy. overall good experience.,1,2025-08-14,16,User5869,place_Jack in the Box_Denver_3,"chicken sandwich,sandwich,chicken","['chicken sandwich', 'sandwich', 'chicken']",crispy,,,0.4404,0.293,0.0,"{'chicken sandwich': 0.0, 'sandwich': 0.0, 'chicken': 0.0}"
Jack in the Box,Portland,the shake was cheap. overall terrible experience.,1,2025-10-16,0,User5525,place_Jack in the Box_Portland_2,shake,['shake'],,cheap,,-0.5859,0.0,0.49,{'shake': -0.1779}
Jack in the Box,Portland,the fries was hot. overall good experience.,5,2025-09-10,27,User7996,place_Jack in the Box_Portland_5,fries,['fries'],,,hot,0.4404,0.326,0.0,{'fries': 0.0}
Jack in the Box,Portland,the wrap was fresh. overall okay experience.,2,2025-09-07,44,User7784,place_Jack in the Box_Portland_5,wrap,['wrap'],,,fresh,0.4939,0.457,0.0,{'wrap': 0.3182}
Jack in the Box,Portland,the salad was cold. overall disappointing experience.,3,2025-07-17,12,User1143,place_Jack in the Box_Portland_4,salad,['salad'],,,cold,-0.4939,0.0,0.348,{'salad': 0.0}
Jack in the Box,Portland,the salad was juicy. overall good experience.,5,2025-12-07,43,User4215,place_Jack in the Box_Portland_4,salad,['salad'],juicy,,,0.4404,0.326,0.0,{'salad': 0.0}
Jack in the Box,Portland,the nuggets was expensive. overall terrible experience.,2,2025-09-15,16,User1112,place_Jack in the Box_Portland_2,nuggets,['nuggets'],,expensive,,-0.4767,0.0,0.341,{'nuggets': 0.0}
Jack in the Box,Portland,the wrap was juicy. overall amazing experience.,5,2025-07-22,19,User8137,place_Jack in the Box_Portland_5,wrap,['wrap'],juicy,,,0.5859,0.388,0.0,{'wrap': 0.0}
Jack in the Box,Portland,the burger was crispy. overall great experience.,3,2025-12-04,28,User7913,place_Jack in the Box_Portland_5,burger,['burger'],crispy,,,0.6249,0.406,0.0,{'burger': 0.0}
Jack in the Box,Portland,the taco was fresh. overall amazing experience.,1,2025-12-19,17,User7477,place_Jack in the Box_Portland_4,taco,['taco'],,,fresh,0.7269,0.55,0.0,{'taco': 0.3182}
Jack in the Box,Portland,the fries was stale. overall amazing experience.,5,2025-09-10,43,User8869,place_Jack in the Box_Portland_4,fries,['fries'],,,stale,0.5859,0.388,0.0,{'fries': 0.0}
Jack in the Box,Portland,the fries was dry. overall great experience.,2,2025-10-30,33,User3255,place_Jack in the Box_Portland_2,fries,['fries'],dry,,,0.6249,0.406,0.0,{'fries': 0.0}
Carl's Jr.,New York,the taco was hot. overall amazing experience.,3,2025-11-13,14,User1483,place_Carl's Jr._New York_4,taco,['taco'],,,hot,0.5859,0.388,0.0,{'taco': 0.0}
Carl's Jr.,New York,the pizza was crispy. overall okay experience.,3,2025-07-04,18,User5383,place_Carl's Jr._New York_5,,[],crispy,,,0.2263,0.241,0.0,{}
Carl's Jr.,New York,the wrap was fresh. overall good experience.,4,2025-09-02,46,User6406,place_Carl's Jr._New York_3,wrap,['wrap'],,,fresh,0.6369,0.51,0.0,{'wrap': 0.3182}
Carl's Jr.,New York,the taco was stale. overall amazing experience.,1,2025-12-28,30,User3893,place_Carl's Jr._New York_3,taco,['taco'],,,stale,0.5859,0.388,0.0,{'taco': 0.0}
Carl's Jr.,New York,the chicken sandwich was crispy. overall okay experience.,1,2025-10-01,21,User2497,place_Carl's Jr._New York_4,"chicken sandwich,sandwich,chicken","['chicken sandwich', 'sandwich', 'chicken']",crispy,,,0.2263,0.213,0.0,"{'chicken sandwich': 0.0, 'sandwich': 0.0, 'chicken': 0.0}"
Carl's Jr.,New York,the coffee was cold. overall good experience.,1,2025-08-23,17,User4055,place_Carl's Jr._New York_5,coffee,['coffee'],,,cold,0.4404,0.326,0.0,{'coffee': 0.0}
Carl's Jr.,New York,the taco was stale. overall okay experience.,5,2025-08-28,43,User3580,place_Carl's Jr._New York_4,taco,['taco'],,,stale,0.2263,0.241,0.0,{'taco': 0.0}
Carl's Jr.,New York,the salad was fresh. overall disappointing experience.,5,2025-09-20,17,User8261,place_Carl's Jr._New York_4,salad,['salad'],,,fresh,-0.2263,0.219,0.305,{'salad': 0.3182}
Carl's Jr.,New York,the shake was dry. overall disappointing experience.,4,2025-10-19,5,User4382,place_Carl's Jr._New York_3,shake,['shake'],dry,,,-0.5994,0.0,0.495,{'shake': -0.1779}
Carl's Jr.,New York,the fries was fresh. overall okay experience.,2,2025-12-29,27,User6944,place_Carl's Jr._New York_4,fries,['fries'],,,fresh,0.4939,0.457,0.0,{'fries': 0.3182}
Carl's Jr.,New York,the fries was dry. overall good experience.,2,2025-07-19,38,User5360,place_Carl's Jr._New York_3,fries,['fries'],dry,,,0.4404,0.326,0.0,{'fries': 0.0}
Carl's Jr.,Los Angeles,the salad was expensive. overall good experience.,5,2025-09-30,2,User8813,place_Carl's Jr._Los Angeles_3,salad,['salad'],,expensive,,0.4404,0.326,0.0,{'salad': 0.0}
Carl's Jr.,Los Angeles,the burger was dry. overall terrible experience.,1,2025-07-13,39,User2576,place_Carl's Jr._Los Angeles_3,burger,['burger'],dry,,,-0.4767,0.0,0.341,{'burger': 0.0}
Carl's Jr.,Los Angeles,the shake was greasy. overall okay experience.,2,2025-09-14,3,User5724,place_Carl's Jr._Los Angeles_4,shake,['shake'],greasy,,,0.0516,0.221,0.198,{'shake': -0.1779}
Carl's Jr.,Los Angeles,the coffee was cheap. overall disappointing experience.,1,2025-10-18,33,User2015,place_Carl's Jr._Los Angeles_1,coffee,['coffee'],,cheap,,-0.4939,0.0,0.348,{'coffee': 0.0}
Carl's Jr.,Los Angeles,the salad was dry. overall okay experience.,3,2025-09-21,35,User1411,place_Carl's Jr._Los Angeles_3,salad,['salad'],dry,,,0.2263,0.241,0.0,{'salad': 0.0}
Carl's Jr.,Los Angeles,the taco was dry. overall disappointing experience.,2,2025-09-02,19,User5898,place_Carl's Jr._Los Angeles_1,taco,['taco'],dry,,,-0.4939,0.0,0.348,{'taco': 0.0}
Carl's Jr.,Los Angeles,the salad was stale. overall good experience.,3,2025-07-24,6,User4433,place_Carl's Jr._Los Angeles_5,salad,['salad'],,,stale,0.4404,0.326,0.0,{'salad': 0.0}
Carl's Jr.,Los Angeles,the taco was fresh. overall amazing experience.,4,2025-08-17,15,User5902,place_Carl's Jr._Los Angeles_1,taco,['taco'],,,fresh,0.7269,0.55,0.0,{'taco': 0.3182}
Carl's Jr.,Los Angeles,the nuggets was greasy. overall okay experience.,4,2025-09-23,39,User5189,place_Carl's Jr._Los Angeles_5,nuggets,['nuggets'],greasy,,,0.2263,0.241,0.0,{'nuggets': 0.0}
Carl's Jr.,Los Angeles,the shake was dry. overall great experience.,4,2025-07-19,40,User2941,place_Carl's Jr._Los Angeles_4,shake,['shake'],dry,,,0.5267,0.38,0.157,{'shake': -0.1779}
Carl's Jr.,Los Angeles,the fries was greasy. overall amazing experience.,1,2025-12-21,18,User2494,place_Carl's Jr._Los Angeles_2,fries,['fries'],greasy,,,0.5859,0.388,0.0,{'fries': 0.0}
Carl's Jr.,Chicago,the chicken sandwich was fresh. overall amazing experience.,3,2025-10-18,26,User4780,place_Carl's Jr._Chicago_5,"chicken sandwich,sandwich,chicken","['chicken sandwich', 'sandwich', 'chicken']",,,fresh,0.7269,0.504,0.0,"{'chicken sandwich': 0.3182, 'sandwich': 0.3182, 'chicken': 0.3182}"
Carl's Jr.,Chicago,the pizza was hot. overall disappointing experience.,5,2025-10-03,25,User8684,place_Carl's Jr._Chicago_1,,[],,,hot,-0.4939,0.0,0.348,{}
Carl's Jr.,Chicago,the fries was stale. overall terrible experience.,1,2025-11-29,49,User4965,place_Carl's Jr._Chicago_4,fries,['fries'],,,stale,-0.4767,0.0,0.341,{'fries': 0.0}
Carl's Jr.,Chicago,the chicken sandwich was dry. overall disappointing experience.,1,2025-11-29,26,User6862,place_Carl's Jr._Chicago_1,"chicken sandwich,sandwich,chicken","['chicken sandwich', 'sandwich', 'chicken']",dry,,,-0.4939,0.0,0.314,"{'chicken sandwich': 0.0, 'sandwich': 0.0, 'chicken': 0.0}"
Carl's Jr.,Chicago,the fries was cheap. overall amazing experience.,2,2025-12-11,12,User9486,place_Carl's Jr._Chicago_4,fries,['fries'],,cheap,,0.5859,0.388,0.0,{'fries': 0.0}
Carl's Jr.,Chicago,the burger was stale. overall good experience.,4,2025-11-24,18,User5338,place_Carl's Jr._Chicago_4,burger,['burger'],,,stale,0.4404,0.326,0.0,{'burger': 0.0}
Carl's Jr.,Chicago,the coffee was fresh. overall good experience.,1,2025-07-20,23,User1073,place_Carl's Jr._Chicago_3,coffee,['coffee'],,,fresh,0.6369,0.51,0.0,{'coffee': 0.3182}
Carl's Jr.,Chicago,the chicken sandwich was greasy. overall amazing experience.,5,2025-10-22,29,User4376,place_Carl's Jr._Chicago_2,"chicken sandwich,sandwich,chicken","['chicken sandwich', 'sandwich', 'chicken']",greasy,,,0.5859,0.352,0.0,"{'chicken sandwich': 0.0, 'sandwich': 0.0, 'chicken': 0.0}"
Carl's Jr.,Chicago,the taco was expensive. overall amazing experience.,3,2025-09-13,38,User9009,place_Carl's Jr._Chicago_1,taco,['taco'],,expensive,,0.5859,0.388,0.0,{'taco': 0.0}
Carl's Jr.,Chicago,the shake was stale. overall great experience.,5,2025-10-07,28,User5274,place_Carl's Jr._Chicago_4,shake,['shake'],,,stale,0.5267,0.38,0.157,{'shake': -0.1779}
Carl's Jr.,Chicago,the salad was expensive. overall disappointing experience.,4,2025-10-09,21,User8283,place_Carl's Jr._Chicago_1,salad,['salad'],,expensive,,-0.4939,0.0,0.348,{'salad': 0.0}
Carl's Jr.,Dallas,the burger was cheap. overall great experience.,5,2025-08-17,29,User3521,place_Carl's Jr._Dallas_3,burger,['burger'],,cheap,,0.6249,0.406,0.0,{'burger': 0.0}
Carl's Jr.,Dallas,the chicken sandwich was crispy. overall good experience.,4,2025-10-05,46,User3480,place_Carl's Jr._Dallas_2,"chicken sandwich,sandwich,chicken","['chicken sandwich', 'sandwich', 'chicken']",crispy,,,0.4404,0.293,0.0,"{'chicken sandwich': 0.0, 'sandwich': 0.0, 'chicken': 0.0}"
Carl's Jr.,Dallas,the burger was dry. overall amazing experience.,2,2025-09-05,48,User3819,place_Carl's Jr._Dallas_2,burger,['burger'],dry,,,0.5859,0.388,0.0,{'burger': 0.0}
Carl's Jr.,Dallas,the pizza was dry. overall disappointing experience.,2,2025-10-12,42,User2134,place_Carl's Jr._Dallas_1,,[],dry,,,-0.4939,0.0,0.348,{}
Carl's Jr.,Dallas,the nuggets was stale. overall amazing experience.,3,2025-11-08,37,User2628,place_Carl's Jr._Dallas_2,nuggets,['nuggets'],,,stale,0.5859,0.388,0.0,{'nuggets': 0.0}
Carl's Jr.,Dallas,the pizza was cheap. overall amazing experience.,5,2025-09-02,28,User9835,place_Carl's Jr._Dallas_3,,[],,cheap,,0.5859,0.388,0.0,{}
Carl's Jr.,Dallas,the taco was expensive. overall great experience.,5,2025-10-17,2,User8660,place_Carl's Jr._Dallas_2,taco,['taco'],,expensive,,0.6249,0.406,0.0,{'taco': 0.0}
Carl's Jr.,Dallas,the chicken sandwich was fresh. overall terrible experience.,5,2025-10-24,13,User6395,place_Carl's Jr._Dallas_4,"chicken sandwich,sandwich,chicken","['chicken sandwich', 'sandwich', 'chicken']",,,fresh,-0.2023,0.202,0.272,"{'chicken sandwich': 0.3182, 'sandwich': 0.3182, 'chicken': 0.3182}"
Carl's Jr.,Dallas,the chicken sandwich was cold. overall okay experience.,3,2025-11-13,39,User6727,place_Carl's Jr._Dallas_3,"chicken sandwich,sandwich,chicken","['chicken sandwich', 'sandwich', 'chicken']",,,cold,0.2263,0.213,0.0,"{'chicken sandwich': 0.0, 'sandwich': 0.0, 'chicken': 0.0}"
Carl's Jr.,Dallas,the nuggets was juicy. overall amazing experience.,1,2025-10-10,47,User3429,place_Carl's Jr._Dallas_5,nuggets,['nuggets'],juicy,,,0.5859,0.388,0.0,{'nuggets': 0.0}
Carl's Jr.,Dallas,the pizza was greasy. overall okay experience.,2,2025-10-26,32,User5020,place_Carl's Jr._Dallas_2,,[],greasy,,,0.2263,0.241,0.0,{}
Carl's Jr.,Atlanta,the fries was cheap. overall great experience.,4,2025-12-20,17,User3832,place_Carl's Jr._Atlanta_5,fries,['fries'],,cheap,,0.6249,0.406,0.0,{'fries': 0.0}
Carl's Jr.,Atlanta,the fries was crispy. overall okay experience.,2,2025-10-26,7,User2275,place_Carl's Jr._Atlanta_5,fries,['fries'],crispy,,,0.2263,0.241,0.0,{'fries': 0.0}
Carl's Jr.,Atlanta,the wrap was dry. overall terrible experience.,2,2025-10-18,49,User8193,place_Carl's Jr._Atlanta_3,wrap,['wrap'],dry,,,-0.4767,0.0,0.341,{'wrap': 0.0}
Carl's Jr.,Atlanta,the salad was cheap. overall amazing experience.,2,2025-08-26,39,User2182,place_Carl's Jr._Atlanta_5,salad,['salad'],,cheap,,0.5859,0.388,0.0,{'salad': 0.0}
Carl's Jr.,Atlanta,the coffee was stale. overall great experience.,4,2025-10-04,41,User2308,place_Carl's Jr._Atlanta_3,coffee,['coffee'],,,stale,0.6249,0.406,0.0,{'coffee': 0.0}
Carl's Jr.,Atlanta,the wrap was cheap. overall terrible experience.,3,2025-10-08,49,User9884,place_Carl's Jr._Atlanta_1,wrap,['wrap'],,cheap,,-0.4767,0.0,0.341,{'wrap': 0.0}
Carl's Jr.,Atlanta,the coffee was hot. overall good experience.,5,2025-08-14,42,User2439,place_Carl's Jr._Atlanta_5,coffee,['coffee'],,,hot,0.4404,0.326,0.0,{'coffee': 0.0}
Carl's Jr.,Atlanta,the chicken sandwich was dry. overall good experience.,2,2025-07-04,36,User5804,place_Carl's Jr._Atlanta_5,"chicken sandwich,sandwich,chicken","['chicken sandwich', 'sandwich', 'chicken']",dry,,,0.4404,0.293,0.0,"{'chicken sandwich': 0.0, 'sandwich': 0.0, 'chicken': 0.0}"
Carl's Jr.,Atlanta,the nuggets was expensive. overall terrible experience.,4,2025-09-23,47,User1076,place_Carl's Jr._Atlanta_5,nuggets,['nuggets'],,expensive,,-0.4767,0.0,0.341,{'nuggets': 0.0}
Carl's Jr.,Atlanta,the salad was cold. overall okay experience.,4,2025-07-08,16,User4478,place_Carl's Jr._Atlanta_5,salad,['salad'],,,cold,0.2263,0.241,0.0,{'salad': 0.0}
Carl's Jr.,Atlanta,the coffee was cheap. overall disappointing experience.,3,2025-09-16,35,User8796,place_Carl's Jr._Atlanta_2,coffee,['coffee'],,cheap,,-0.4939,0.0,0.348,{'coffee': 0.0}
Carl's Jr.,Houston,the wrap was greasy. overall good experience.,1,2025-09-08,46,User3620,place_Carl's Jr._Houston_1,wrap,['wrap'],greasy,,,0.4404,0.326,0.0,{'wrap': 0.0}
Carl's Jr.,Houston,the shake was crispy. overall okay experience.,5,2025-10-06,16,User2329,place_Carl's Jr._Houston_1,shake,['shake'],crispy,,,0.0516,0.221,0.198,{'shake': -0.1779}
Carl's Jr.,Houston,the burger was dry. overall okay experience.,3,2025-08-20,9,User5684,place_Carl's Jr._Houston_2,burger,['burger'],dry,,,0.2263,0.241,0.0,{'burger': 0.0}
Carl's Jr.,Houston,the chicken sandwich was cold. overall great experience.,1,2025-11-28,22,User5894,place_Carl's Jr._Houston_2,"chicken sandwich,sandwich,chicken","['chicken sandwich', 'sandwich', 'chicken']",,,cold,0.6249,0.369,0.0,"{'chicken sandwich': 0.0, 'sandwich': 0.0, 'chicken': 0.0}"
Carl's Jr.,Houston,the chicken sandwich was stale. overall good experience.,5,2025-12-15,49,User1219,place_Carl's Jr._Houston_3,"chicken sandwich,sandwich,chicken","['chicken sandwich', 'sandwich', 'chicken']",,,stale,0.4404,0.293,0.0,"{'chicken sandwich': 0.0, 'sandwich': 0.0, 'chicken': 0.0}"
Carl's Jr.,Houston,the burger was juicy. overall great experience.,2,2025-09-03,48,User6696,place_Carl's Jr._Houston_3,burger,['burger'],juicy,,,0.6249,0.406,0.0,{'burger': 0.0}
Carl's Jr.,Houston,the chicken sandwich was juicy. overall disappointing experience.,1,2025-09-15,25,User7842,place_Carl's Jr._Houston_3,"chicken sandwich,sandwich,chicken","['chicken sandwich', 'sandwich', 'chicken']",juicy,,,-0.4939,0.0,0.314,"{'chicken sandwich': 0.0, 'sandwich': 0.0, 'chicken': 0.0}"
Carl's Jr.,Houston,the salad was crispy. overall good experience.,2,2025-09-24,50,User9941,place_Carl's Jr._Houston_2,salad,['salad'],crispy,,,0.4404,0.326,0.0,{'salad': 0.0}
Carl's Jr.,Houston,the salad was cold. overall good experience.,5,2025-10-31,40,User6558,place_Carl's Jr._Houston_4,salad,['salad'],,,cold,0.4404,0.326,0.0,{'salad': 0.0}
Carl's Jr.,Houston,the fries was expensive. overall great experience.,5,2025-07-13,4,User1971,place_Carl's Jr._Houston_2,fries,['fries'],,expensive,,0.6249,0.406,0.0,{'fries': 0.0}
Carl's Jr.,Houston,the coffee was cheap. overall good experience.,4,2025-12-08,32,User6620,place_Carl's Jr._Houston_1,coffee,['coffee'],,cheap,,0.4404,0.326,0.0,{'coffee': 0.0}
Carl's Jr.,Phoenix,the nuggets was expensive. overall terrible experience.,3,2025-11-07,42,User8328,place_Carl's Jr._Phoenix_2,nuggets,['nuggets'],,expensive,,-0.4767,0.0,0.341,{'nuggets': 0.0}
Carl's Jr.,Phoenix,the fries was crispy. overall amazing experience.,5,2025-10-20,43,User1231,place_Carl's Jr._Phoenix_2,fries,['fries'],crispy,,,0.5859,0.388,0.0,{'fries': 0.0}
Carl's Jr.,Phoenix,the coffee was crispy. overall good experience.,2,2025-11-04,13,User5552,place_Carl's Jr._Phoenix_5,coffee,['coffee'],crispy,,,0.4404,0.326,0.0,{'coffee': 0.0}
Carl's Jr.,Phoenix,the wrap was expensive. overall amazing experience.,2,2025-09-06,47,User8747,place_Carl's Jr._Phoenix_4,wrap,['wrap'],,expensive,,0.5859,0.388,0.0,{'wrap': 0.0}
Carl's Jr.,Phoenix,the nuggets was crispy. overall amazing experience.,3,2025-10-27,14,User6877,place_Carl's Jr._Phoenix_1,nuggets,['nuggets'],crispy,,,0.5859,0.388,0.0,{'nuggets': 0.0}
Carl's Jr.,Phoenix,the nuggets was crispy. overall good experience.,4,2025-10-28,36,User3170,place_Carl's Jr._Phoenix_3,nuggets,['nuggets'],crispy,,,0.4404,0.326,0.0,{'nuggets': 0.0}
Carl's Jr.,Phoenix,the burger was crispy. overall disappointing experience.,2,2025-08-12,45,User2645,place_Carl's Jr._Phoenix_3,burger,['burger'],crispy,,,-0.4939,0.0,0.348,{'burger': 0.0}
Carl's Jr.,Phoenix,the nuggets was juicy. overall okay experience.,1,2025-07-11,31,User2821,place_Carl's Jr._Phoenix_5,nuggets,['nuggets'],juicy,,,0.2263,0.241,0.0,{'nuggets': 0.0}
Carl's Jr.,Phoenix,the salad was juicy. overall okay experience.,5,2025-12-26,32,User3923,place_Carl's Jr._Phoenix_5,salad,['salad'],juicy,,,0.2263,0.241,0.0,{'salad': 0.0}
Carl's Jr.,Phoenix,the wrap was cold. overall great experience.,3,2025-07-23,17,User1521,place_Carl's Jr._Phoenix_3,wrap,['wrap'],,,cold,0.6249,0.406,0.0,{'wrap': 0.0}
Carl's Jr.,Phoenix,the salad was juicy. overall terrible experience.,5,2025-12-11,26,User6675,place_Carl's Jr._Phoenix_4,salad,['salad'],juicy,,,-0.4767,0.0,0.341,{'salad': 0.0}
Carl's Jr.,Philadelphia,the wrap was cold. overall great experience.,4,2025-11-15,41,User3136,place_Carl's Jr._Philadelphia_4,wrap,['wrap'],,,cold,0.6249,0.406,0.0,{'wrap': 0.0}
Carl's Jr.,Philadelphia,the taco was dry. overall good experience.,4,2025-09-26,24,User3378,place_Carl's Jr._Philadelphia_1,taco,['taco'],dry,,,0.4404,0.326,0.0,{'taco': 0.0}
Carl's Jr.,Philadelphia,the nuggets was juicy. overall good experience.,3,2025-11-20,11,User8376,place_Carl's Jr._Philadelphia_2,nuggets,['nuggets'],juicy,,,0.4404,0.326,0.0,{'nuggets': 0.0}
Carl's Jr.,Philadelphia,the fries was expensive. overall terrible experience.,2,2025-08-28,45,User6556,place_Carl's Jr._Philadelphia_4,fries,['fries'],,expensive,,-0.4767,0.0,0.341,{'fries': 0.0}
Carl's Jr.,Philadelphia,the burger was cold. overall disappointing experience.,4,2025-07-05,7,User8339,place_Carl's Jr._Philadelphia_3,burger,['burger'],,,cold,-0.4939,0.0,0.348,{'burger': 0.0}
Carl's Jr.,Philadelphia,the chicken sandwich was stale. overall okay experience.,1,2025-10-12,49,User3397,place_Carl's Jr._Philadelphia_1,"chicken sandwich,sandwich,chicken","['chicken sandwich', 'sandwich', 'chicken']",,,stale,0.2263,0.213,0.0,"{'chicken sandwich': 0.0, 'sandwich': 0.0, 'chicken': 0.0}"
Carl's Jr.,Philadelphia,the nuggets was fresh. overall great experience.,5,2025-09-21,20,User4753,place_Carl's Jr._Philadelphia_1,nuggets,['nuggets'],,,fresh,0.7506,0.561,0.0,{'nuggets': 0.3182}
Carl's Jr.,Philadelphia,the nuggets was juicy. overall okay experience.,5,2025-12-01,28,User5136,place_Carl's Jr._Philadelphia_4,nuggets,['nuggets'],juicy,,,0.2263,0.241,0.0,{'nuggets': 0.0}
Carl's Jr.,Philadelphia,the pizza was stale. overall amazing experience.,1,2025-11-26,32,User1580,place_Carl's Jr._Philadelphia_4,,[],,,stale,0.5859,0.388,0.0,{}
Carl's Jr.,Philadelphia,the wrap was greasy. overall okay experience.,1,2025-11-23,9,User7636,place_Carl's Jr._Philadelphia_5,wrap,['wrap'],greasy,,,0.2263,0.241,0.0,{'wrap': 0.0}
Carl's Jr.,Philadelphia,the burger was juicy. overall great experience.,5,2025-11-28,36,User1653,place_Carl's Jr._Philadelphia_1,burger,['burger'],juicy,,,0.6249,0.406,0.0,{'burger': 0.0}
Carl's Jr.,San Antonio,the salad was hot. overall good experience.,3,2025-07-19,50,User9379,place_Carl's Jr._San Antonio_3,salad,['salad'],,,hot,0.4404,0.326,0.0,{'salad': 0.0}
Carl's Jr.,San Antonio,the shake was greasy. overall okay experience.,1,2025-09-13,24,User3062,place_Carl's Jr._San Antonio_4,shake,['shake'],greasy,,,0.0516,0.221,0.198,{'shake': -0.1779}
Carl's Jr.,San Antonio,the coffee was hot. overall okay experience.,5,2025-08-20,23,User9432,place_Carl's Jr._San Antonio_2,coffee,['coffee'],,,hot,0.2263,0.241,0.0,{'coffee': 0.0}
Carl's Jr.,San Antonio,the salad was fresh. overall amazing experience.,2,2025-07-05,33,User1884,place_Carl's Jr._San Antonio_1,salad,['salad'],,,fresh,0.7269,0.55,0.0,{'salad': 0.3182}
Carl's Jr.,San Antonio,the chicken sandwich was hot. overall amazing experience.,5,2025-11-17,15,User6403,place_Carl's Jr._San Antonio_4,"chicken sandwich,sandwich,chicken","['chicken sandwich', 'sandwich', 'chicken']",,,hot,0.5859,0.352,0.0,"{'chicken sandwich': 0.0, 'sandwich': 0.0, 'chicken': 0.0}"
Carl's Jr.,San Antonio,the wrap was cold. overall okay experience.,3,2025-08-16,47,User4091,place_Carl's Jr._San Antonio_5,wrap,['wrap'],,,cold,0.2263,0.241,0.0,{'wrap': 0.0}
Carl's Jr.,San Antonio,the nuggets was greasy. overall disappointing experience.,3,2025-12-04,27,User1462,place_Carl's Jr._San Antonio_1,nuggets,['nuggets'],greasy,,,-0.4939,0.0,0.348,{'nuggets': 0.0}
Carl's Jr.,San Antonio,the pizza was cheap. overall terrible experience.,5,2025-07-05,14,User6321,place_Carl's Jr._San Antonio_2,,[],,cheap,,-0.4767,0.0,0.341,{}
Carl's Jr.,San Antonio,the salad was crispy. overall disappointing experience.,4,2025-10-24,44,User6397,place_Carl's Jr._San Antonio_2,salad,['salad'],crispy,,,-0.4939,0.0,0.348,{'salad': 0.0}
Carl's Jr.,San Antonio,the coffee was hot. overall terrible experience.,1,2025-07-23,49,User9100,place_Carl's Jr._San Antonio_1,coffee,['coffee'],,,hot,-0.4767,0.0,0.341,{'coffee': 0.0}
Carl's Jr.,San Antonio,the salad was juicy. overall great experience.,4,2025-07-28,45,User9662,place_Carl's Jr._San Antonio_2,salad,['salad'],juicy,,,0.6249,0.406,0.0,{'salad': 0.0}
Carl's Jr.,San Diego,the fries was crispy. overall great experience.,5,2025-08-10,6,User6116,place_Carl's Jr._San Diego_3,fries,['fries'],crispy,,,0.6249,0.406,0.0,{'fries': 0.0}
Carl's Jr.,San Diego,the taco was fresh. overall amazing experience.,1,2025-09-14,26,User7645,place_Carl's Jr._San Diego_4,taco,['taco'],,,fresh,0.7269,0.55,0.0,{'taco': 0.3182}
Carl's Jr.,San Diego,the shake was cheap. overall okay experience.,2,2025-07-25,27,User8071,place_Carl's Jr._San Diego_4,shake,['shake'],,cheap,,0.0516,0.221,0.198,{'shake': -0.1779}
Carl's Jr.,San Diego,the salad was crispy. overall terrible experience.,2,2025-10-25,40,User2108,place_Carl's Jr._San Diego_4,salad,['salad'],crispy,,,-0.4767,0.0,0.341,{'salad': 0.0}
Carl's Jr.,San Diego,the wrap was dry. overall good experience.,1,2025-08-17,23,User1305,place_Carl's Jr._San Diego_5,wrap,['wrap'],dry,,,0.4404,0.326,0.0,{'wrap': 0.0}
Carl's Jr.,San Diego,the wrap was dry. overall disappointing experience.,1,2025-11-13,35,User1598,place_Carl's Jr._San Diego_5,wrap,['wrap'],dry,,,-0.4939,0.0,0.348,{'wrap': 0.0}
Carl's Jr.,San Diego,the burger was greasy. overall terrible experience.,5,2025-12-22,10,User7238,place_Carl's Jr._San Diego_4,burger,['burger'],greasy,,,-0.4767,0.0,0.341,{'burger': 0.0}
Carl's Jr.,San Diego,the taco was greasy. overall great experience.,3,2025-08-11,3,User2367,place_Carl's Jr._San Diego_4,taco,['taco'],greasy,,,0.6249,0.406,0.0,{'taco': 0.0}
Carl's Jr.,San Diego,the salad was dry. overall disappointing experience.,4,2025-11-17,35,User6787,place_Carl's Jr._San Diego_1,salad,['salad'],dry,,,-0.4939,0.0,0.348,{'salad': 0.0}
Carl's Jr.,San Diego,the pizza was cheap. overall amazing experience.,1,2025-11-27,4,User3792,place_Carl's Jr._San Diego_3,,[],,cheap,,0.5859,0.388,0.0,{}
Carl's Jr.,San Diego,the wrap was juicy. overall terrible experience.,5,2025-12-24,44,User9799,place_Carl's Jr._San Diego_4,wrap,['wrap'],juicy,,,-0.4767,0.0,0.341,{'wrap': 0.0}
Carl's Jr.,Miami,the fries was hot. overall amazing experience.,3,2025-09-04,20,User9675,place_Carl's Jr._Miami_2,fries,['fries'],,,hot,0.5859,0.388,0.0,{'fries': 0.0}
Carl's Jr.,Miami,the coffee was fresh. overall okay experience.,3,2025-07-28,13,User7992,place_Carl's Jr._Miami_1,coffee,['coffee'],,,fresh,0.4939,0.457,0.0,{'coffee': 0.3182}
Carl's Jr.,Miami,the pizza was stale. overall okay experience.,1,2025-10-05,32,User3168,place_Carl's Jr._Miami_1,,[],,,stale,0.2263,0.241,0.0,{}
Carl's Jr.,Miami,the shake was hot. overall terrible experience.,4,2025-11-05,20,User2240,place_Carl's Jr._Miami_2,shake,['shake'],,,hot,-0.5859,0.0,0.49,{'shake': -0.1779}
Carl's Jr.,Miami,the shake was greasy. overall disappointing experience.,4,2025-11-25,29,User4499,place_Carl's Jr._Miami_1,shake,['shake'],greasy,,,-0.5994,0.0,0.495,{'shake': -0.1779}
Carl's Jr.,Miami,the nuggets was greasy. overall good experience.,1,2025-07-26,16,User9440,place_Carl's Jr._Miami_5,nuggets,['nuggets'],greasy,,,0.4404,0.326,0.0,{'nuggets': 0.0}
Carl's Jr.,Miami,the pizza was juicy. overall okay experience.,4,2025-10-08,30,User2880,place_Carl's Jr._Miami_1,,[],juicy,,,0.2263,0.241,0.0,{}
Carl's Jr.,Miami,the fries was cold. overall good experience.,3,2025-09-26,42,User2652,place_Carl's Jr._Miami_4,fries,['fries'],,,cold,0.4404,0.326,0.0,{'fries': 0.0}
Carl's Jr.,Miami,the wrap was stale. overall disappointing experience.,5,2025-07-08,49,User5706,place_Carl's Jr._Miami_3,wrap,['wrap'],,,stale,-0.4939,0.0,0.348,{'wrap': 0.0}
Carl's Jr.,Miami,the burger was fresh. overall okay experience.,3,2025-10-05,15,User1167,place_Carl's Jr._Miami_2,burger,['burger'],,,fresh,0.4939,0.457,0.0,{'burger': 0.3182}
Carl's Jr.,Miami,the shake was juicy. overall okay experience.,4,2025-12-25,48,User4316,place_Carl's Jr._Miami_2,shake,['shake'],juicy,,,0.0516,0.221,0.198,{'shake': -0.1779}
Carl's Jr.,Seattle,the nuggets was greasy. overall disappointing experience.,3,2025-09-21,26,User3584,place_Carl's Jr._Seattle_5,nuggets,['nuggets'],greasy,,,-0.4939,0.0,0.348,{'nuggets': 0.0}
Carl's Jr.,Seattle,the taco was stale. overall okay experience.,1,2025-09-26,4,User2723,place_Carl's Jr._Seattle_1,taco,['taco'],,,stale,0.2263,0.241,0.0,{'taco': 0.0}
Carl's Jr.,Seattle,the fries was expensive. overall disappointing experience.,2,2025-12-15,22,User7869,place_Carl's Jr._Seattle_5,fries,['fries'],,expensive,,-0.4939,0.0,0.348,{'fries': 0.0}
Carl's Jr.,Seattle,the pizza was dry. overall disappointing experience.,1,2025-10-20,10,User3161,place_Carl's Jr._Seattle_1,,[],dry,,,-0.4939,0.0,0.348,{}
Carl's Jr.,Seattle,the coffee was fresh. overall okay experience.,5,2025-09-11,29,User5786,place_Carl's Jr._Seattle_4,coffee,['coffee'],,,fresh,0.4939,0.457,0.0,{'coffee': 0.3182}
Carl's Jr.,Seattle,the coffee was fresh. overall disappointing experience.,4,2025-09-09,39,User9402,place_Carl's Jr._Seattle_5,coffee,['coffee'],,,fresh,-0.2263,0.219,0.305,{'coffee': 0.3182}
Carl's Jr.,Seattle,the fries was expensive. overall great experience.,2,2025-09-20,43,User6721,place_Carl's Jr._Seattle_3,fries,['fries'],,expensive,,0.6249,0.406,0.0,{'fries': 0.0}
Carl's Jr.,Seattle,the fries was cold. overall terrible experience.,3,2025-09-20,40,User4735,place_Carl's Jr._Seattle_5,fries,['fries'],,,cold,-0.4767,0.0,0.341,{'fries': 0.0}
Carl's Jr.,Seattle,the burger was dry. overall okay experience.,1,2025-10-19,38,User5998,place_Carl's Jr._Seattle_1,burger,['burger'],dry,,,0.2263,0.241,0.0,{'burger': 0.0}
Carl's Jr.,Seattle,the nuggets was expensive. overall good experience.,1,2025-12-29,50,User3327,place_Carl's Jr._Seattle_2,nuggets,['nuggets'],,expensive,,0.4404,0.326,0.0,{'nuggets': 0.0}
Carl's Jr.,Seattle,the wrap was cheap. overall amazing experience.,2,2025-07-19,7,User9986,place_Carl's Jr._Seattle_3,wrap,['wrap'],,cheap,,0.5859,0.388,0.0,{'wrap': 0.0}
Carl's Jr.,Boston,the chicken sandwich was greasy. overall terrible experience.,4,2025-12-11,50,User4211,place_Carl's Jr._Boston_5,"chicken sandwich,sandwich,chicken","['chicken sandwich', 'sandwich', 'chicken']",greasy,,,-0.4767,0.0,0.307,"{'chicken sandwich': 0.0, 'sandwich': 0.0, 'chicken': 0.0}"
Carl's Jr.,Boston,the coffee was hot. overall good experience.,5,2025-11-11,15,User4476,place_Carl's Jr._Boston_4,coffee,['coffee'],,,hot,0.4404,0.326,0.0,{'coffee': 0.0}
Carl's Jr.,Boston,the coffee was greasy. overall great experience.,1,2025-12-28,35,User3863,place_Carl's Jr._Boston_4,coffee,['coffee'],greasy,,,0.6249,0.406,0.0,{'coffee': 0.0}
Carl's Jr.,Boston,the taco was expensive. overall terrible experience.,4,2025-10-28,49,User2096,place_Carl's Jr._Boston_3,taco,['taco'],,expensive,,-0.4767,0.0,0.341,{'taco': 0.0}
Carl's Jr.,Boston,the wrap was hot. overall okay experience.,3,2025-11-07,29,User8564,place_Carl's Jr._Boston_5,wrap,['wrap'],,,hot,0.2263,0.241,0.0,{'wrap': 0.0}
Carl's Jr.,Boston,the taco was crispy. overall disappointing experience.,5,2025-11-04,44,User4037,place_Carl's Jr._Boston_5,taco,['taco'],crispy,,,-0.4939,0.0,0.348,{'taco': 0.0}
Carl's Jr.,Boston,the taco was juicy. overall okay experience.,3,2025-12-20,28,User3050,place_Carl's Jr._Boston_1,taco,['taco'],juicy,,,0.2263,0.241,0.0,{'taco': 0.0}
Carl's Jr.,Boston,the shake was juicy. overall amazing experience.,2,2025-12-22,34,User3269,place_Carl's Jr._Boston_5,shake,['shake'],juicy,,,0.4767,0.362,0.162,{'shake': -0.1779}
Carl's Jr.,Boston,the nuggets was greasy. overall good experience.,1,2025-09-05,32,User7010,place_Carl's Jr._Boston_5,nuggets,['nuggets'],greasy,,,0.4404,0.326,0.0,{'nuggets': 0.0}
Carl's Jr.,Boston,the chicken sandwich was stale. overall great experience.,1,2025-12-12,46,User6080,place_Carl's Jr._Boston_1,"chicken sandwich,sandwich,chicken","['chicken sandwich', 'sandwich', 'chicken']",,,stale,0.6249,0.369,0.0,"{'chicken sandwich': 0.0, 'sandwich': 0.0, 'chicken': 0.0}"
Carl's Jr.,Boston,the salad was fresh. overall great experience.,5,2025-08-09,19,User2280,place_Carl's Jr._Boston_3,salad,['salad'],,,fresh,0.7506,0.561,0.0,{'salad': 0.3182}
Carl's Jr.,Denver,the coffee was juicy. overall amazing experience.,2,2025-08-03,43,User6021,place_Carl's Jr._Denver_4,coffee,['coffee'],juicy,,,0.5859,0.388,0.0,{'coffee': 0.0}
Carl's Jr.,Denver,the burger was crispy. overall okay experience.,3,2025-08-13,10,User4531,place_Carl's Jr._Denver_3,burger,['burger'],crispy,,,0.2263,0.241,0.0,{'burger': 0.0}
Carl's Jr.,Denver,the burger was dry. overall disappointing experience.,3,2025-07-23,46,User6805,place_Carl's Jr._Denver_1,burger,['burger'],dry,,,-0.4939,0.0,0.348,{'burger': 0.0}
Carl's Jr.,Denver,the burger was stale. overall great experience.,2,2025-12-12,10,User6900,place_Carl's Jr._Denver_3,burger,['burger'],,,stale,0.6249,0.406,0.0,{'burger': 0.0}
Carl's Jr.,Denver,the shake was hot. overall amazing experience.,1,2025-07-19,45,User9147,place_Carl's Jr._Denver_1,shake,['shake'],,,hot,0.4767,0.362,0.162,{'shake': -0.1779}
Carl's Jr.,Denver,the pizza was fresh. overall okay experience.,5,2025-09-21,32,User5849,place_Carl's Jr._Denver_1,,[],,,fresh,0.4939,0.457,0.0,{}
Carl's Jr.,Denver,the burger was greasy. overall good experience.,4,2025-07-08,38,User2941,place_Carl's Jr._Denver_3,burger,['burger'],greasy,,,0.4404,0.326,0.0,{'burger': 0.0}
Carl's Jr.,Denver,the fries was juicy. overall terrible experience.,1,2025-09-23,24,User6166,place_Carl's Jr._Denver_5,fries,['fries'],juicy,,,-0.4767,0.0,0.341,{'fries': 0.0}
Carl's Jr.,Denver,the shake was fresh. overall terrible experience.,2,2025-07-13,42,User6726,place_Carl's Jr._Denver_1,shake,['shake'],,,fresh,-0.3612,0.207,0.432,{'shake': 0.1531}
Carl's Jr.,Denver,the coffee was crispy. overall terrible experience.,2,2025-09-17,33,User6528,place_Carl's Jr._Denver_4,coffee,['coffee'],crispy,,,-0.4767,0.0,0.341,{'coffee': 0.0}
Carl's Jr.,Denver,the burger was cold. overall amazing experience.,4,2025-12-28,1,User6676,place_Carl's Jr._Denver_2,burger,['burger'],,,cold,0.5859,0.388,0.0,{'burger': 0.0}
Carl's Jr.,Portland,the fries was cold. overall terrible experience.,2,2025-07-04,9,User2081,place_Carl's Jr._Portland_4,fries,['fries'],,,cold,-0.4767,0.0,0.341,{'fries': 0.0}
Carl's Jr.,Portland,the salad was dry. overall terrible experience.,5,2025-07-30,32,User3356,place_Carl's Jr._Portland_2,salad,['salad'],dry,,,-0.4767,0.0,0.341,{'salad': 0.0}
Carl's Jr.,Portland,the burger was greasy. overall great experience.,3,2025-08-26,47,User4739,place_Carl's Jr._Portland_3,burger,['burger'],greasy,,,0.6249,0.406,0.0,{'burger': 0.0}
Carl's Jr.,Portland,the chicken sandwich was dry. overall great experience.,1,2025-07-06,42,User6349,place_Carl's Jr._Portland_4,"chicken sandwich,sandwich,chicken","['chicken sandwich', 'sandwich', 'chicken']",dry,,,0.6249,0.369,0.0,"{'chicken sandwich': 0.0, 'sandwich': 0.0, 'chicken': 0.0}"
Carl's Jr.,Portland,the fries was hot. overall okay experience.,1,2025-09-15,27,User9410,place_Carl's Jr._Portland_2,fries,['fries'],,,hot,0.2263,0.241,0.0,{'fries': 0.0}
Carl's Jr.,Portland,the burger was greasy. overall disappointing experience.,1,2025-11-11,36,User7753,place_Carl's Jr._Portland_5,burger,['burger'],greasy,,,-0.4939,0.0,0.348,{'burger': 0.0}
Carl's Jr.,Portland,the chicken sandwich was crispy. overall amazing experience.,4,2025-11-14,24,User9822,place_Carl's Jr._Portland_2,"chicken sandwich,sandwich,chicken","['chicken sandwich', 'sandwich', 'chicken']",crispy,,,0.5859,0.352,0.0,"{'chicken sandwich': 0.0, 'sandwich': 0.0, 'chicken': 0.0}"
Carl's Jr.,Portland,the fries was hot. overall disappointing experience.,2,2025-12-09,16,User7769,place_Carl's Jr._Portland_4,fries,['fries'],,,hot,-0.4939,0.0,0.348,{'fries': 0.0}
Carl's Jr.,Portland,the coffee was stale. overall good experience.,4,2025-09-12,20,User8494,place_Carl's Jr._Portland_4,coffee,['coffee'],,,stale,0.4404,0.326,0.0,{'coffee': 0.0}
Carl's Jr.,Portland,the fries was expensive. overall okay experience.,2,2025-07-16,43,User9495,place_Carl's Jr._Portland_1,fries,['fries'],,expensive,,0.2263,0.241,0.0,{'fries': 0.0}
Carl's Jr.,Portland,the salad was hot. overall okay experience.,1,2025-09-13,2,User7757,place_Carl's Jr._Portland_2,salad,['salad'],,,hot,0.2263,0.241,0.0,{'salad': 0.0}
Hardee's,New York,the coffee was juicy. overall amazing experience.,1,2025-11-30,2,User8793,place_Hardee's_New York_3,coffee,['coffee'],juicy,,,0.5859,0.388,0.0,{'coffee': 0.0}
Hardee's,New York,the pizza was fresh. overall good experience.,3,2025-11-05,12,User2076,place_Hardee's_New York_1,,[],,,fresh,0.6369,0.51,0.0,{}
Hardee's,New York,the chicken sandwich was juicy. overall amazing experience.,1,2025-08-19,6,User4369,place_Hardee's_New York_1,"chicken sandwich,sandwich,chicken","['chicken sandwich', 'sandwich', 'chicken']",juicy,,,0.5859,0.352,0.0,"{'chicken sandwich': 0.0, 'sandwich': 0.0, 'chicken': 0.0}"
Hardee's,New York,the fries was stale. overall disappointing experience.,4,2025-10-04,34,User7676,place_Hardee's_New York_5,fries,['fries'],,,stale,-0.4939,0.0,0.348,{'fries': 0.0}
Hardee's,New York,the chicken sandwich was cheap. overall okay experience.,1,2025-11-13,11,User4682,place_Hardee's_New York_2,"chicken sandwich,sandwich,chicken","['chicken sandwich', 'sandwich', 'chicken']",,cheap,,0.2263,0.213,0.0,"{'chicken sandwich': 0.0, 'sandwich': 0.0, 'chicken': 0.0}"
Hardee's,New York,the chicken sandwich was crispy. overall great experience.,1,2025-12-30,31,User8792,place_Hardee's_New York_2,"chicken sandwich,sandwich,chicken","['chicken sandwich', 'sandwich', 'chicken']",crispy,,,0.6249,0.369,0.0,"{'chicken sandwich': 0.0, 'sandwich': 0.0, 'chicken': 0.0}"
Hardee's,New York,the burger was fresh. overall terrible experience.,3,2025-10-15,33,User6867,place_Hardee's_New York_2,burger,['burger'],,,fresh,-0.2023,0.221,0.298,{'burger': 0.3182}
Hardee's,New York,the chicken sandwich was crispy. overall great experience.,2,2025-08-08,32,User1040,place_Hardee's_New York_1,"chicken sandwich,sandwich,chicken","['chicken sandwich', 'sandwich', 'chicken']",crispy,,,0.6249,0.369,0.0,"{'chicken sandwich': 0.0, 'sandwich': 0.0, 'chicken': 0.0}"
Hardee's,New York,the pizza was expensive. overall good experience.,2,2025-12-02,36,User1066,place_Hardee's_New York_3,,[],,expensive,,0.4404,0.326,0.0,{}
Hardee's,New York,the shake was greasy. overall disappointing experience.,2,2025-12-02,33,User4564,place_Hardee's_New York_1,shake,['shake'],greasy,,,-0.5994,0.0,0.495,{'shake': -0.1779}
Hardee's,New York,the wrap was fresh. overall okay experience.,4,2025-08-28,41,User4208,place_Hardee's_New York_2,wrap,['wrap'],,,fresh,0.4939,0.457,0.0,{'wrap': 0.3182}
Hardee's,Los Angeles,the salad was hot. overall disappointing experience.,1,2025-12-01,13,User9006,place_Hardee's_Los Angeles_2,salad,['salad'],,,hot,-0.4939,0.0,0.348,{'salad': 0.0}
Hardee's,Los Angeles,the shake was fresh. overall amazing experience.,2,2025-09-11,8,User5551,place_Hardee's_Los Angeles_5,shake,['shake'],,,fresh,0.6597,0.517,0.144,{'shake': 0.1531}
Hardee's,Los Angeles,the nuggets was fresh. overall okay experience.,4,2025-10-24,48,User2053,place_Hardee's_Los Angeles_2,nuggets,['nuggets'],,,fresh,0.4939,0.457,0.0,{'nuggets': 0.3182}
Hardee's,Los Angeles,the burger was crispy. overall amazing experience.,3,2025-12-04,33,User4585,place_Hardee's_Los Angeles_1,burger,['burger'],crispy,,,0.5859,0.388,0.0,{'burger': 0.0}
Hardee's,Los Angeles,the salad was hot. overall disappointing experience.,3,2025-12-30,21,User6093,place_Hardee's_Los Angeles_4,salad,['salad'],,,hot,-0.4939,0.0,0.348,{'salad': 0.0}
Hardee's,Los Angeles,the pizza was dry. overall good experience.,3,2025-10-30,12,User9221,place_Hardee's_Los Angeles_3,,[],dry,,,0.4404,0.326,0.0,{}
Hardee's,Los Angeles,the nuggets was dry. overall terrible experience.,3,2025-09-24,48,User4163,place_Hardee's_Los Angeles_4,nuggets,['nuggets'],dry,,,-0.4767,0.0,0.341,{'nuggets': 0.0}
Hardee's,Los Angeles,the salad was crispy. overall terrible experience.,2,2025-11-05,0,User5389,place_Hardee's_Los Angeles_5,salad,['salad'],crispy,,,-0.4767,0.0,0.341,{'salad': 0.0}
Hardee's,Los Angeles,the coffee was stale. overall okay experience.,2,2025-08-07,4,User9791,place_Hardee's_Los Angeles_2,coffee,['coffee'],,,stale,0.2263,0.241,0.0,{'coffee': 0.0}
Hardee's,Los Angeles,the salad was fresh. overall amazing experience.,1,2025-07-12,27,User9378,place_Hardee's_Los Angeles_3,salad,['salad'],,,fresh,0.7269,0.55,0.0,{'salad': 0.3182}
Hardee's,Los Angeles,the nuggets was greasy. overall disappointing experience.,4,2025-08-06,35,User1269,place_Hardee's_Los Angeles_3,nuggets,['nuggets'],greasy,,,-0.4939,0.0,0.348,{'nuggets': 0.0}
Hardee's,Chicago,the burger was fresh. overall great experience.,2,2025-07-07,50,User5172,place_Hardee's_Chicago_2,burger,['burger'],,,fresh,0.7506,0.561,0.0,{'burger': 0.3182}
Hardee's,Chicago,the nuggets was juicy. overall great experience.,4,2025-08-30,15,User8539,place_Hardee's_Chicago_3,nuggets,['nuggets'],juicy,,,0.6249,0.406,0.0,{'nuggets': 0.0}
Hardee's,Chicago,the pizza was cheap. overall great experience.,1,2025-12-21,9,User8554,place_Hardee's_Chicago_2,,[],,cheap,,0.6249,0.406,0.0,{}
Hardee's,Chicago,the pizza was juicy. overall terrible experience.,2,2025-10-08,11,User6422,place_Hardee's_Chicago_5,,[],juicy,,,-0.4767,0.0,0.341,{}
Hardee's,Chicago,the fries was greasy. overall terrible experience.,5,2025-07-06,33,User6284,place_Hardee's_Chicago_3,fries,['fries'],greasy,,,-0.4767,0.0,0.341,{'fries': 0.0}
Hardee's,Chicago,the wrap was crispy. overall good experience.,2,2025-11-25,27,User2079,place_Hardee's_Chicago_2,wrap,['wrap'],crispy,,,0.4404,0.326,0.0,{'wrap': 0.0}
Hardee's,Chicago,the pizza was expensive. overall terrible experience.,3,2025-11-02,41,User5610,place_Hardee's_Chicago_4,,[],,expensive,,-0.4767,0.0,0.341,{}
Hardee's,Chicago,the pizza was juicy. overall great experience.,5,2025-11-15,21,User1407,place_Hardee's_Chicago_2,,[],juicy,,,0.6249,0.406,0.0,{}
Hardee's,Chicago,the chicken sandwich was juicy. overall disappointing experience.,1,2025-09-15,5,User2964,place_Hardee's_Chicago_1,"chicken sandwich,sandwich,chicken","['chicken sandwich', 'sandwich', 'chicken']",juicy,,,-0.4939,0.0,0.314,"{'chicken sandwich': 0.0, 'sandwich': 0.0, 'chicken': 0.0}"
Hardee's,Chicago,the fries was cheap. overall okay experience.,3,2025-12-17,0,User6292,place_Hardee's_Chicago_5,fries,['fries'],,cheap,,0.2263,0.241,0.0,{'fries': 0.0}
Hardee's,Chicago,the chicken sandwich was cold. overall great experience.,3,2025-07-16,45,User8198,place_Hardee's_Chicago_1,"chicken sandwich,sandwich,chicken","['chicken sandwich', 'sandwich', 'chicken']",,,cold,0.6249,0.369,0.0,"{'chicken sandwich': 0.0, 'sandwich': 0.0, 'chicken': 0.0}"
Hardee's,Dallas,the burger was expensive. overall terrible experience.,5,2025-11-12,7,User1670,place_Hardee's_Dallas_2,burger,['burger'],,expensive,,-0.4767,0.0,0.341,{'burger': 0.0}
Hardee's,Dallas,the nuggets was fresh. overall disappointing experience.,3,2025-08-08,24,User2074,place_Hardee's_Dallas_2,nuggets,['nuggets'],,,fresh,-0.2263,0.219,0.305,{'nuggets': 0.3182}
Hardee's,Dallas,the coffee was fresh. overall terrible experience.,4,2025-08-31,36,User9821,place_Hardee's_Dallas_1,coffee,['coffee'],,,fresh,-0.2023,0.221,0.298,{'coffee': 0.3182}
Hardee's,Dallas,the nuggets was crispy. overall amazing experience.,3,2025-11-14,19,User1949,place_Hardee's_Dallas_4,nuggets,['nuggets'],crispy,,,0.5859,0.388,0.0,{'nuggets': 0.0}
Hardee's,Dallas,the shake was cheap. overall terrible experience.,5,2025-10-21,34,User5265,place_Hardee's_Dallas_4,shake,['shake'],,cheap,,-0.5859,0.0,0.49,{'shake': -0.1779}
Hardee's,Dallas,the chicken sandwich was dry. overall terrible experience.,2,2025-08-09,8,User4574,place_Hardee's_Dallas_5,"chicken sandwich,sandwich,chicken","['chicken sandwich', 'sandwich', 'chicken']",dry,,,-0.4767,0.0,0.307,"{'chicken sandwich': 0.0, 'sandwich': 0.0, 'chicken': 0.0}"
Hardee's,Dallas,the burger was dry. overall terrible experience.,4,2025-10-04,13,User1533,place_Hardee's_Dallas_2,burger,['burger'],dry,,,-0.4767,0.0,0.341,{'burger': 0.0}
Hardee's,Dallas,the shake was hot. overall terrible experience.,1,2025-07-04,26,User4841,place_Hardee's_Dallas_5,shake,['shake'],,,hot,-0.5859,0.0,0.49,{'shake': -0.1779}
Hardee's,Dallas,the shake was expensive. overall good experience.,3,2025-10-25,44,User1700,place_Hardee's_Dallas_5,shake,['shake'],,expensive,,0.296,0.302,0.177,{'shake': -0.1779}
Hardee's,Dallas,the shake was crispy. overall disappointing experience.,4,2025-09-02,19,User8235,place_Hardee's_Dallas_3,shake,['shake'],crispy,,,-0.5994,0.0,0.495,{'shake': -0.1779}
Hardee's,Dallas,the shake was stale. overall amazing experience.,4,2025-10-31,49,User2942,place_Hardee's_Dallas_2,shake,['shake'],,,stale,0.4767,0.362,0.162,{'shake': -0.1779}
Hardee's,Atlanta,the shake was cheap. overall good experience.,1,2025-10-12,23,User4886,place_Hardee's_Atlanta_4,shake,['shake'],,cheap,,0.296,0.302,0.177,{'shake': -0.1779}
Hardee's,Atlanta,the nuggets was expensive. overall amazing experience.,4,2025-10-19,31,User2754,place_Hardee's_Atlanta_2,nuggets,['nuggets'],,expensive,,0.5859,0.388,0.0,{'nuggets': 0.0}
Hardee's,Atlanta,the chicken sandwich was dry. overall terrible experience.,1,2025-08-17,35,User3350,place_Hardee's_Atlanta_1,"chicken sandwich,sandwich,chicken","['chicken sandwich', 'sandwich', 'chicken']",dry,,,-0.4767,0.0,0.307,"{'chicken sandwich': 0.0, 'sandwich': 0.0, 'chicken': 0.0}"
Hardee's,Atlanta,the salad was crispy. overall good experience.,4,2025-08-06,42,User3054,place_Hardee's_Atlanta_1,salad,['salad'],crispy,,,0.4404,0.326,0.0,{'salad': 0.0}
Hardee's,Atlanta,the salad was fresh. overall terrible experience.,1,2025-07-14,17,User1493,place_Hardee's_Atlanta_5,salad,['salad'],,,fresh,-0.2023,0.221,0.298,{'salad': 0.3182}
Hardee's,Atlanta,the fries was crispy. overall good experience.,3,2025-12-21,23,User2506,place_Hardee's_Atlanta_1,fries,['fries'],crispy,,,0.4404,0.326,0.0,{'fries': 0.0}
Hardee's,Atlanta,the salad was fresh. overall amazing experience.,5,2025-10-06,49,User2057,place_Hardee's_Atlanta_4,salad,['salad'],,,fresh,0.7269,0.55,0.0,{'salad': 0.3182}
Hardee's,Atlanta,the taco was fresh. overall amazing experience.,2,2025-10-23,8,User7007,place_Hardee's_Atlanta_3,taco,['taco'],,,fresh,0.7269,0.55,0.0,{'taco': 0.3182}
Hardee's,Atlanta,the coffee was juicy. overall okay experience.,2,2025-09-08,35,User6106,place_Hardee's_Atlanta_3,coffee,['coffee'],juicy,,,0.2263,0.241,0.0,{'coffee': 0.0}
Hardee's,Atlanta,the wrap was greasy. overall good experience.,4,2025-12-09,49,User7898,place_Hardee's_Atlanta_4,wrap,['wrap'],greasy,,,0.4404,0.326,0.0,{'wrap': 0.0}
Hardee's,Atlanta,the pizza was cheap. overall great experience.,2,2025-09-29,0,User2258,place_Hardee's_Atlanta_5,,[],,cheap,,0.6249,0.406,0.0,{}
Hardee's,Houston,the pizza was cheap. overall good experience.,3,2025-09-07,20,User9746,place_Hardee's_Houston_2,,[],,cheap,,0.4404,0.326,0.0,{}
Hardee's,Houston,the burger was juicy. overall disappointing experience.,2,2025-10-28,23,User8412,place_Hardee's_Houston_5,burger,['burger'],juicy,,,-0.4939,0.0,0.348,{'burger': 0.0}
Hardee's,Houston,the shake was fresh. overall okay experience.,3,2025-07-09,12,User1108,place_Hardee's_Houston_3,shake,['shake'],,,fresh,0.3612,0.424,0.172,{'shake': 0.1531}
Hardee's,Houston,the chicken sandwich was juicy. overall great experience.,3,2025-12-04,12,User1999,place_Hardee's_Houston_1,"chicken sandwich,sandwich,chicken","['chicken sandwich', 'sandwich', 'chicken']",juicy,,,0.6249,0.369,0.0,"{'chicken sandwich': 0.0, 'sandwich': 0.0, 'chicken': 0.0}"
Hardee's,Houston,the pizza was expensive. overall great experience.,3,2025-08-17,40,User2670,place_Hardee's_Houston_1,,[],,expensive,,0.6249,0.406,0.0,{}
Hardee's,Houston,the taco was dry. overall okay experience.,1,2025-08-06,5,User5362,place_Hardee's_Houston_1,taco,['taco'],dry,,,0.2263,0.241,0.0,{'taco': 0.0}
Hardee's,Houston,the burger was hot. overall disappointing experience.,4,2025-07-21,41,User8118,place_Hardee's_Houston_4,burger,['burger'],,,hot,-0.4939,0.0,0.348,{'burger': 0.0}
Hardee's,Houston,the wrap was cheap. overall great experience.,2,2025-12-26,17,User1314,place_Hardee's_Houston_2,wrap,['wrap'],,cheap,,0.6249,0.406,0.0,{'wrap': 0.0}
Hardee's,Houston,the nuggets was cheap. overall good experience.,3,2025-10-31,26,User5861,place_Hardee's_Houston_1,nuggets,['nuggets'],,cheap,,0.4404,0.326,0.0,{'nuggets': 0.0}
Hardee's,Houston,the salad was juicy. overall good experience.,4,2025-09-09,25,User3844,place_Hardee's_Houston_4,salad,['salad'],juicy,,,0.4404,0.326,0.0,{'salad': 0.0}
Hardee's,Houston,the fries was juicy. overall terrible experience.,5,2025-12-05,24,User8392,place_Hardee's_Houston_3,fries,['fries'],juicy,,,-0.4767,0.0,0.341,{'fries': 0.0}
Hardee's,Phoenix,the fries was cold. overall amazing experience.,5,2025-10-18,34,User6669,place_Hardee's_Phoenix_4,fries,['fries'],,,cold,0.5859,0.388,0.0,{'fries': 0.0}
Hardee's,Phoenix,the salad was cold. overall amazing experience.,1,2025-12-31,45,User1933,place_Hardee's_Phoenix_4,salad,['salad'],,,cold,0.5859,0.388,0.0,{'salad': 0.0}
Hardee's,Phoenix,the wrap was cheap. overall good experience.,2,2025-10-22,39,User2328,place_Hardee's_Phoenix_3,wrap,['wrap'],,cheap,,0.4404,0.326,0.0,{'wrap': 0.0}
Hardee's,Phoenix,the chicken sandwich was juicy. overall good experience.,3,2025-09-26,7,User5253,place_Hardee's_Phoenix_3,"chicken sandwich,sandwich,chicken","['chicken sandwich', 'sandwich', 'chicken']",juicy,,,0.4404,0.293,0.0,"{'chicken sandwich': 0.0, 'sandwich': 0.0, 'chicken': 0.0}"
Hardee's,Phoenix,the wrap was crispy. overall disappointing experience.,3,2025-12-25,24,User7841,place_Hardee's_Phoenix_3,wrap,['wrap'],crispy,,,-0.4939,0.0,0.348,{'wrap': 0.0}
Hardee's,Phoenix,the salad was juicy. overall great experience.,5,2025-10-28,4,User5077,place_Hardee's_Phoenix_1,salad,['salad'],juicy,,,0.6249,0.406,0.0,{'salad': 0.0}
Hardee's,Phoenix,the burger was greasy. overall terrible experience.,1,2025-08-01,7,User4396,place_Hardee's_Phoenix_2,burger,['burger'],greasy,,,-0.4767,0.0,0.341,{'burger': 0.0}
Hardee's,Phoenix,the wrap was greasy. overall disappointing experience.,2,2025-10-09,5,User5524,place_Hardee's_Phoenix_2,wrap,['wrap'],greasy,,,-0.4939,0.0,0.348,{'wrap': 0.0}
Hardee's,Phoenix,the coffee was fresh. overall good experience.,3,2025-12-13,43,User9097,place_Hardee's_Phoenix_5,coffee,['coffee'],,,fresh,0.6369,0.51,0.0,{'coffee': 0.3182}
Hardee's,Phoenix,the pizza was cheap. overall amazing experience.,3,2025-12-05,9,User4100,place_Hardee's_Phoenix_4,,[],,cheap,,0.5859,0.388,0.0,{}
Hardee's,Phoenix,the chicken sandwich was juicy. overall good experience.,3,2025-09-05,35,User6275,place_Hardee's_Phoenix_4,"chicken sandwich,sandwich,chicken","['chicken sandwich', 'sandwich', 'chicken']",juicy,,,0.4404,0.293,0.0,"{'chicken sandwich': 0.0, 'sandwich': 0.0, 'chicken': 0.0}"
Hardee's,Philadelphia,the coffee was stale. overall good experience.,3,2025-07-15,17,User9891,place_Hardee's_Philadelphia_5,coffee,['coffee'],,,stale,0.4404,0.326,0.0,{'coffee': 0.0}
Hardee's,Philadelphia,the shake was stale. overall terrible experience.,3,2025-10-17,34,User1180,place_Hardee's_Philadelphia_1,shake,['shake'],,,stale,-0.5859,0.0,0.49,{'shake': -0.1779}
Hardee's,Philadelphia,the coffee was cold. overall good experience.,2,2025-08-19,1,User4971,place_Hardee's_Philadelphia_4,coffee,['coffee'],,,cold,0.4404,0.326,0.0,{'coffee': 0.0}
Hardee's,Philadelphia,the wrap was cold. overall great experience.,4,2025-10-10,29,User4954,place_Hardee's_Philadelphia_1,wrap,['wrap'],,,cold,0.6249,0.406,0.0,{'wrap': 0.0}
Hardee's,Philadelphia,the shake was juicy. overall good experience.,4,2025-07-27,8,User9055,place_Hardee's_Philadelphia_4,shake,['shake'],juicy,,,0.296,0.302,0.177,{'shake': -0.1779}
Hardee's,Philadelphia,the wrap was fresh. overall amazing experience.,2,2025-11-20,16,User4922,place_Hardee's_Philadelphia_1,wrap,['wrap'],,,fresh,0.7269,0.55,0.0,{'wrap': 0.3182}
Hardee's,Philadelphia,the burger was dry. overall amazing experience.,3,2025-08-20,11,User1814,place_Hardee's_Philadelphia_5,burger,['burger'],dry,,,0.5859,0.388,0.0,{'burger': 0.0}
Hardee's,Philadelphia,the nuggets was greasy. overall good experience.,2,2025-08-14,22,User2738,place_Hardee's_Philadelphia_3,nuggets,['nuggets'],greasy,,,0.4404,0.326,0.0,{'nuggets': 0.0}
Hardee's,Philadelphia,the nuggets was dry. overall great experience.,3,2025-07-28,1,User7404,place_Hardee's_Philadelphia_2,nuggets,['nuggets'],dry,,,0.6249,0.406,0.0,{'nuggets': 0.0}
Hardee's,Philadelphia,the nuggets was juicy. overall amazing experience.,2,2025-07-29,35,User7494,place_Hardee's_Philadelphia_2,nuggets,['nuggets'],juicy,,,0.5859,0.388,0.0,{'nuggets': 0.0}
Hardee's,Philadelphia,the coffee was expensive. overall disappointing experience.,3,2025-12-12,31,User1392,place_Hardee's_Philadelphia_5,coffee,['coffee'],,expensive,,-0.4939,0.0,0.348,{'coffee': 0.0}
Hardee's,San Antonio,the fries was cheap. overall disappointing experience.,4,2025-09-01,35,User5545,place_Hardee's_San Antonio_3,fries,['fries'],,cheap,,-0.4939,0.0,0.348,{'fries': 0.0}
Hardee's,San Antonio,the coffee was juicy. overall disappointing experience.,5,2025-12-15,12,User9169,place_Hardee's_San Antonio_4,coffee,['coffee'],juicy,,,-0.4939,0.0,0.348,{'coffee': 0.0}
Hardee's,San Antonio,the burger was juicy. overall disappointing experience.,3,2025-09-23,48,User4911,place_Hardee's_San Antonio_2,burger,['burger'],juicy,,,-0.4939,0.0,0.348,{'burger': 0.0}
Hardee's,San Antonio,the chicken sandwich was greasy. overall okay experience.,2,2025-12-25,12,User2868,place_Hardee's_San Antonio_2,"chicken sandwich,sandwich,chicken","['chicken sandwich', 'sandwich', 'chicken']",greasy,,,0.2263,0.213,0.0,"{'chicken sandwich': 0.0, 'sandwich': 0.0, 'chicken': 0.0}"
Hardee's,San Antonio,the nuggets was hot. overall okay experience.,4,2025-07-11,36,User1053,place_Hardee's_San Antonio_1,nuggets,['nuggets'],,,hot,0.2263,0.241,0.0,{'nuggets': 0.0}
Hardee's,San Antonio,the salad was juicy. overall terrible experience.,3,2025-08-15,43,User8629,place_Hardee's_San Antonio_5,salad,['salad'],juicy,,,-0.4767,0.0,0.341,{'salad': 0.0}
Hardee's,San Antonio,the taco was hot. overall great experience.,2,2025-09-07,24,User9425,place_Hardee's_San Antonio_5,taco,['taco'],,,hot,0.6249,0.406,0.0,{'taco': 0.0}
Hardee's,San Antonio,the wrap was expensive. overall terrible experience.,3,2025-11-29,19,User3247,place_Hardee's_San Antonio_1,wrap,['wrap'],,expensive,,-0.4767,0.0,0.341,{'wrap': 0.0}
Hardee's,San Antonio,the salad was crispy. overall amazing experience.,2,2025-07-25,26,User4298,place_Hardee's_San Antonio_4,salad,['salad'],crispy,,,0.5859,0.388,0.0,{'salad': 0.0}
Hardee's,San Antonio,the pizza was hot. overall good experience.,4,2025-12-16,6,User9685,place_Hardee's_San Antonio_5,,[],,,hot,0.4404,0.326,0.0,{}
Hardee's,San Antonio,the burger was dry. overall amazing experience.,4,2025-07-25,42,User7082,place_Hardee's_San Antonio_4,burger,['burger'],dry,,,0.5859,0.388,0.0,{'burger': 0.0}
Hardee's,San Diego,the shake was greasy. overall disappointing experience.,5,2025-08-18,5,User2168,place_Hardee's_San Diego_3,shake,['shake'],greasy,,,-0.5994,0.0,0.495,{'shake': -0.1779}
Hardee's,San Diego,the wrap was dry. overall disappointing experience.,4,2025-09-12,42,User7515,place_Hardee's_San Diego_3,wrap,['wrap'],dry,,,-0.4939,0.0,0.348,{'wrap': 0.0}
Hardee's,San Diego,the burger was stale. overall okay experience.,3,2025-09-20,7,User2901,place_Hardee's_San Diego_3,burger,['burger'],,,stale,0.2263,0.241,0.0,{'burger': 0.0}
Hardee's,San Diego,the chicken sandwich was stale. overall amazing experience.,4,2025-11-26,1,User1285,place_Hardee's_San Diego_2,"chicken sandwich,sandwich,chicken","['chicken sandwich', 'sandwich', 'chicken']",,,stale,0.5859,0.352,0.0,"{'chicken sandwich': 0.0, 'sandwich': 0.0, 'chicken': 0.0}"
Hardee's,San Diego,the burger was juicy. overall okay experience.,2,2025-11-18,24,User9946,place_Hardee's_San Diego_4,burger,['burger'],juicy,,,0.2263,0.241,0.0,{'burger': 0.0}
Hardee's,San Diego,the shake was cold. overall good experience.,4,2025-09-29,42,User9848,place_Hardee's_San Diego_1,shake,['shake'],,,cold,0.296,0.302,0.177,{'shake': -0.1779}
Hardee's,San Diego,the burger was cheap. overall great experience.,4,2025-12-20,29,User7717,place_Hardee's_San Diego_4,burger,['burger'],,cheap,,0.6249,0.406,0.0,{'burger': 0.0}
Hardee's,San Diego,the nuggets was cheap. overall good experience.,2,2025-09-16,17,User7312,place_Hardee's_San Diego_3,nuggets,['nuggets'],,cheap,,0.4404,0.326,0.0,{'nuggets': 0.0}
Hardee's,San Diego,the taco was fresh. overall great experience.,2,2025-09-20,16,User9027,place_Hardee's_San Diego_4,taco,['taco'],,,fresh,0.7506,0.561,0.0,{'taco': 0.3182}
Hardee's,San Diego,the pizza was juicy. overall okay experience.,3,2025-07-11,34,User7216,place_Hardee's_San Diego_5,,[],juicy,,,0.2263,0.241,0.0,{}
Hardee's,San Diego,the taco was crispy. overall disappointing experience.,2,2025-10-06,31,User4887,place_Hardee's_San Diego_4,taco,['taco'],crispy,,,-0.4939,0.0,0.348,{'taco': 0.0}
Hardee's,Miami,the salad was expensive. overall disappointing experience.,1,2025-07-12,22,User8043,place_Hardee's_Miami_4,salad,['salad'],,expensive,,-0.4939,0.0,0.348,{'salad': 0.0}
Hardee's,Miami,the pizza was crispy. overall okay experience.,4,2025-07-17,21,User1364,place_Hardee's_Miami_5,,[],crispy,,,0.2263,0.241,0.0,{}
Hardee's,Miami,the taco was stale. overall okay experience.,3,2025-12-16,3,User3848,place_Hardee's_Miami_1,taco,['taco'],,,stale,0.2263,0.241,0.0,{'taco': 0.0}
Hardee's,Miami,the chicken sandwich was cheap. overall disappointing experience.,5,2025-11-07,4,User5876,place_Hardee's_Miami_4,"chicken sandwich,sandwich,chicken","['chicken sandwich', 'sandwich', 'chicken']",,cheap,,-0.4939,0.0,0.314,"{'chicken sandwich': 0.0, 'sandwich': 0.0, 'chicken': 0.0}"
Hardee's,Miami,the chicken sandwich was greasy. overall great experience.,2,2025-08-06,46,User3060,place_Hardee's_Miami_3,"chicken sandwich,sandwich,chicken","['chicken sandwich', 'sandwich', 'chicken']",greasy,,,0.6249,0.369,0.0,"{'chicken sandwich': 0.0, 'sandwich': 0.0, 'chicken': 0.0}"
Hardee's,Miami,the nuggets was fresh. overall amazing experience.,1,2025-12-18,21,User3221,place_Hardee's_Miami_1,nuggets,['nuggets'],,,fresh,0.7269,0.55,0.0,{'nuggets': 0.3182}
Hardee's,Miami,the taco was cheap. overall great experience.,4,2025-09-05,12,User9327,place_Hardee's_Miami_1,taco,['taco'],,cheap,,0.6249,0.406,0.0,{'taco': 0.0}
Hardee's,Miami,the nuggets was juicy. overall good experience.,4,2025-12-14,40,User1498,place_Hardee's_Miami_4,nuggets,['nuggets'],juicy,,,0.4404,0.326,0.0,{'nuggets': 0.0}
Hardee's,Miami,the chicken sandwich was crispy. overall okay experience.,3,2025-10-15,7,User7867,place_Hardee's_Miami_4,"chicken sandwich,sandwich,chicken","['chicken sandwich', 'sandwich', 'chicken']",crispy,,,0.2263,0.213,0.0,"{'chicken sandwich': 0.0, 'sandwich': 0.0, 'chicken': 0.0}"
Hardee's,Miami,the pizza was hot. overall good experience.,1,2025-11-04,7,User1167,place_Hardee's_Miami_4,,[],,,hot,0.4404,0.326,0.0,{}
Hardee's,Miami,the pizza was dry. overall amazing experience.,3,2025-12-10,29,User4248,place_Hardee's_Miami_3,,[],dry,,,0.5859,0.388,0.0,{}
Hardee's,Seattle,the shake was juicy. overall good experience.,2,2025-09-21,40,User3789,place_Hardee's_Seattle_1,shake,['shake'],juicy,,,0.296,0.302,0.177,{'shake': -0.1779}
Hardee's,Seattle,the pizza was crispy. overall good experience.,2,2025-07-21,15,User1050,place_Hardee's_Seattle_2,,[],crispy,,,0.4404,0.326,0.0,{}
Hardee's,Seattle,the shake was greasy. overall good experience.,2,2025-08-13,50,User4289,place_Hardee's_Seattle_3,shake,['shake'],greasy,,,0.296,0.302,0.177,{'shake': -0.1779}
Hardee's,Seattle,the nuggets was hot. overall good experience.,1,2025-08-12,17,User5818,place_Hardee's_Seattle_1,nuggets,['nuggets'],,,hot,0.4404,0.326,0.0,{'nuggets': 0.0}
Hardee's,Seattle,the salad was juicy. overall great experience.,1,2025-10-11,27,User5759,place_Hardee's_Seattle_1,salad,['salad'],juicy,,,0.6249,0.406,0.0,{'salad': 0.0}
Hardee's,Seattle,the burger was fresh. overall great experience.,3,2025-07-29,12,User5291,place_Hardee's_Seattle_4,burger,['burger'],,,fresh,0.7506,0.561,0.0,{'burger': 0.3182}
Hardee's,Seattle,the shake was juicy. overall terrible experience.,3,2025-09-01,28,User8410,place_Hardee's_Seattle_4,shake,['shake'],juicy,,,-0.5859,0.0,0.49,{'shake': -0.1779}
Hardee's,Seattle,the nuggets was cheap. overall terrible experience.,4,2025-09-26,22,User7009,place_Hardee's_Seattle_2,nuggets,['nuggets'],,cheap,,-0.4767,0.0,0.341,{'nuggets': 0.0}
Hardee's,Seattle,the shake was dry. overall great experience.,2,2025-08-05,18,User3969,place_Hardee's_Seattle_5,shake,['shake'],dry,,,0.5267,0.38,0.157,{'shake': -0.1779}
Hardee's,Seattle,the coffee was crispy. overall terrible experience.,5,2025-08-04,26,User5277,place_Hardee's_Seattle_5,coffee,['coffee'],crispy,,,-0.4767,0.0,0.341,{'coffee': 0.0}
Hardee's,Seattle,the fries was dry. overall disappointing experience.,5,2025-08-14,17,User7226,place_Hardee's_Seattle_4,fries,['fries'],dry,,,-0.4939,0.0,0.348,{'fries': 0.0}
Hardee's,Boston,the salad was crispy. overall amazing experience.,2,2025-10-25,33,User7386,place_Hardee's_Boston_1,salad,['salad'],crispy,,,0.5859,0.388,0.0,{'salad': 0.0}
Hardee's,Boston,the nuggets was hot. overall terrible experience.,3,2025-07-12,49,User5522,place_Hardee's_Boston_2,nuggets,['nuggets'],,,hot,-0.4767,0.0,0.341,{'nuggets': 0.0}
Hardee's,Boston,the nuggets was expensive. overall amazing experience.,1,2025-09-14,29,User2526,place_Hardee's_Boston_3,nuggets,['nuggets'],,expensive,,0.5859,0.388,0.0,{'nuggets': 0.0}
Hardee's,Boston,the coffee was cold. overall terrible experience.,1,2025-07-22,25,User6366,place_Hardee's_Boston_3,coffee,['coffee'],,,cold,-0.4767,0.0,0.341,{'coffee': 0.0}
Hardee's,Boston,the chicken sandwich was expensive. overall disappointing experience.,3,2025-08-28,31,User1327,place_Hardee's_Boston_5,"chicken sandwich,sandwich,chicken","['chicken sandwich', 'sandwich', 'chicken']",,expensive,,-0.4939,0.0,0.314,"{'chicken sandwich': 0.0, 'sandwich': 0.0, 'chicken': 0.0}"
Hardee's,Boston,the pizza was juicy. overall disappointing experience.,3,2025-10-15,9,User4136,place_Hardee's_Boston_3,,[],juicy,,,-0.4939,0.0,0.348,{}
Hardee's,Boston,the coffee was juicy. overall great experience.,3,2025-08-04,35,User7023,place_Hardee's_Boston_1,coffee,['coffee'],juicy,,,0.6249,0.406,0.0,{'coffee': 0.0}
Hardee's,Boston,the nuggets was stale. overall disappointing experience.,4,2025-12-25,0,User3891,place_Hardee's_Boston_5,nuggets,['nuggets'],,,stale,-0.4939,0.0,0.348,{'nuggets': 0.0}
Hardee's,Boston,the coffee was cold. overall amazing experience.,5,2025-08-30,10,User6417,place_Hardee's_Boston_2,coffee,['coffee'],,,cold,0.5859,0.388,0.0,{'coffee': 0.0}
Hardee's,Boston,the salad was dry. overall terrible experience.,3,2025-11-27,15,User3725,place_Hardee's_Boston_5,salad,['salad'],dry,,,-0.4767,0.0,0.341,{'salad': 0.0}
Hardee's,Boston,the taco was juicy. overall terrible experience.,3,2025-09-28,7,User4316,place_Hardee's_Boston_3,taco,['taco'],juicy,,,-0.4767,0.0,0.341,{'taco': 0.0}
Hardee's,Denver,the burger was expensive. overall good experience.,1,2025-12-15,11,User4652,place_Hardee's_Denver_4,burger,['burger'],,expensive,,0.4404,0.326,0.0,{'burger': 0.0}
Hardee's,Denver,the coffee was fresh. overall okay experience.,4,2025-12-27,46,User4819,place_Hardee's_Denver_3,coffee,['coffee'],,,fresh,0.4939,0.457,0.0,{'coffee': 0.3182}
Hardee's,Denver,the wrap was dry. overall great experience.,3,2025-08-13,19,User6934,place_Hardee's_Denver_4,wrap,['wrap'],dry,,,0.6249,0.406,0.0,{'wrap': 0.0}
Hardee's,Denver,the salad was fresh. overall okay experience.,1,2025-08-15,45,User2672,place_Hardee's_Denver_5,salad,['salad'],,,fresh,0.4939,0.457,0.0,{'salad': 0.3182}
Hardee's,Denver,the chicken sandwich was fresh. overall great experience.,1,2025-11-13,11,User8698,place_Hardee's_Denver_4,"chicken sandwich,sandwich,chicken","['chicken sandwich', 'sandwich', 'chicken']",,,fresh,0.7506,0.516,0.0,"{'chicken sandwich': 0.3182, 'sandwich': 0.3182, 'chicken': 0.3182}"
Hardee's,Denver,the salad was cheap. overall disappointing experience.,4,2025-11-03,43,User9219,place_Hardee's_Denver_5,salad,['salad'],,cheap,,-0.4939,0.0,0.348,{'salad': 0.0}
Hardee's,Denver,the coffee was expensive. overall terrible experience.,2,2025-12-13,33,User1388,place_Hardee's_Denver_1,coffee,['coffee'],,expensive,,-0.4767,0.0,0.341,{'coffee': 0.0}
Hardee's,Denver,the salad was expensive. overall great experience.,4,2025-11-07,49,User7908,place_Hardee's_Denver_4,salad,['salad'],,expensive,,0.6249,0.406,0.0,{'salad': 0.0}
Hardee's,Denver,the wrap was cheap. overall disappointing experience.,5,2025-10-15,25,User7238,place_Hardee's_Denver_4,wrap,['wrap'],,cheap,,-0.4939,0.0,0.348,{'wrap': 0.0}
Hardee's,Denver,the salad was fresh. overall okay experience.,2,2025-10-29,39,User7751,place_Hardee's_Denver_3,salad,['salad'],,,fresh,0.4939,0.457,0.0,{'salad': 0.3182}
Hardee's,Denver,the wrap was stale. overall terrible experience.,3,2025-10-24,37,User2369,place_Hardee's_Denver_2,wrap,['wrap'],,,stale,-0.4767,0.0,0.341,{'wrap': 0.0}
Hardee's,Portland,the fries was fresh. overall great experience.,1,2025-12-16,8,User3921,place_Hardee's_Portland_1,fries,['fries'],,,fresh,0.7506,0.561,0.0,{'fries': 0.3182}
Hardee's,Portland,the salad was crispy. overall terrible experience.,2,2025-10-18,11,User6671,place_Hardee's_Portland_2,salad,['salad'],crispy,,,-0.4767,0.0,0.341,{'salad': 0.0}
Hardee's,Portland,the nuggets was expensive. overall terrible experience.,1,2025-09-05,10,User8435,place_Hardee's_Portland_3,nuggets,['nuggets'],,expensive,,-0.4767,0.0,0.341,{'nuggets': 0.0}
Hardee's,Portland,the fries was cheap. overall terrible experience.,1,2025-07-23,35,User6616,place_Hardee's_Portland_1,fries,['fries'],,cheap,,-0.4767,0.0,0.341,{'fries': 0.0}
Hardee's,Portland,the chicken sandwich was fresh. overall great experience.,1,2025-10-11,23,User1188,place_Hardee's_Portland_3,"chicken sandwich,sandwich,chicken","['chicken sandwich', 'sandwich', 'chicken']",,,fresh,0.7506,0.516,0.0,"{'chicken sandwich': 0.3182, 'sandwich': 0.3182, 'chicken': 0.3182}"
Hardee's,Portland,the wrap was dry. overall disappointing experience.,3,2025-10-01,48,User8480,place_Hardee's_Portland_5,wrap,['wrap'],dry,,,-0.4939,0.0,0.348,{'wrap': 0.0}
Hardee's,Portland,the shake was stale. overall great experience.,2,2025-11-16,22,User4703,place_Hardee's_Portland_2,shake,['shake'],,,stale,0.5267,0.38,0.157,{'shake': -0.1779}
Hardee's,Portland,the salad was juicy. overall terrible experience.,1,2025-08-16,27,User2441,place_Hardee's_Portland_1,salad,['salad'],juicy,,,-0.4767,0.0,0.341,{'salad': 0.0}
Hardee's,Portland,the fries was dry. overall okay experience.,5,2025-11-19,45,User3367,place_Hardee's_Portland_2,fries,['fries'],dry,,,0.2263,0.241,0.0,{'fries': 0.0}
Hardee's,Portland,the shake was greasy. overall good experience.,2,2025-12-15,45,User8306,place_Hardee's_Portland_5,shake,['shake'],greasy,,,0.296,0.302,0.177,{'shake': -0.1779}
Hardee's,Portland,the coffee was juicy. overall terrible experience.,1,2025-11-09,8,User5040,place_Hardee's_Portland_2,coffee,['coffee'],juicy,,,-0.4767,0.0,0.341,{'coffee': 0.0}
