log_id,timestamp,product_id,segment_id,context_id,preference_value,rating,liked
log_0000,2024-01-05 16:00:00,prod_064,seg_01,ctx_178,0.523,3,0
log_0001,2024-01-29 18:00:00,prod_082,seg_09,ctx_038,0.41,3,0
log_0002,2024-01-18 11:00:00,prod_054,seg_08,ctx_123,0.613,3,1
log_0003,2024-01-24 19:00:00,prod_003,seg_03,ctx_413,0.895,5,1
log_0004,2024-01-06 21:00:00,prod_084,seg_05,ctx_255,0.374,2,0
log_0005,2024-01-20 21:00:00,prod_007,seg_05,ctx_045,0.585,3,0
log_0006,2024-01-07 19:00:00,prod_090,seg_02,ctx_895,0.696,4,1
log_0007,2024-01-10 20:00:00,prod_073,seg_01,ctx_063,0.638,4,1
log_0008,2024-01-11 06:00:00,prod_045,seg_09,ctx_540,0.494,3,0
log_0009,2024-01-27 16:00:00,prod_048,seg_04,ctx_090,0.802,4,1
log_0010,2024-01-23 05:00:00,prod_098,seg_02,ctx_887,0.657,4,1
log_0011,2024-01-20 23:00:00,prod_018,seg_08,ctx_280,0.66,4,1
log_0012,2024-01-25 03:00:00,prod_074,seg_04,ctx_181,0.995,5,1
log_0013,2024-01-08 22:00:00,prod_012,seg_03,ctx_972,0.615,3,1
log_0014,2024-01-05 06:00:00,prod_074,seg_01,ctx_723,0.482,3,0
log_0015,2024-01-08 09:00:00,prod_055,seg_00,ctx_832,0.576,3,0
log_0016,2024-01-15 09:00:00,prod_055,seg_05,ctx_442,0.664,4,1
log_0017,2024-01-19 07:00:00,prod_012,seg_08,ctx_959,0.628,4,1
log_0018,2024-01-12 06:00:00,prod_078,seg_06,ctx_353,0.406,3,0
log_0019,2024-01-24 10:00:00,prod_068,seg_01,ctx_361,0.306,2,0
log_0020,2024-01-05 02:00:00,prod_025,seg_05,ctx_403,0.747,4,1
log_0021,2024-01-20 23:00:00,prod_069,seg_07,ctx_666,0.566,3,0
log_0022,2024-01-05 06:00:00,prod_078,seg_05,ctx_648,0.39,3,0
log_0023,2024-01-05 06:00:00,prod_027,seg_00,ctx_777,0.873,4,1
log_0024,2024-01-07 16:00:00,prod_042,seg_09,ctx_620,0.855,4,1
log_0025,2024-01-13 04:00:00,prod_028,seg_02,ctx_935,0.635,4,1
log_0026,2024-01-10 17:00:00,prod_049,seg_00,ctx_824,0.579,3,0
log_0027,2024-01-20 07:00:00,prod_092,seg_04,ctx_786,0.684,4,1
log_0028,2024-01-26 07:00:00,prod_092,seg_00,ctx_973,0.535,3,0
log_0029,2024-01-19 20:00:00,prod_025,seg_09,ctx_638,0.506,3,0
log_0030,2024-01-22 12:00:00,prod_027,seg_06,ctx_590,0.338,2,0
log_0031,2024-01-15 09:00:00,prod_031,seg_00,ctx_163,0.875,4,1
log_0032,2024-01-04 19:00:00,prod_049,seg_00,ctx_345,0.588,3,0
log_0033,2024-01-01 07:00:00,prod_053,seg_00,ctx_986,0.541,3,0
log_0034,2024-01-28 21:00:00,prod_070,seg_03,ctx_175,0.892,5,1
log_0035,2024-01-19 16:00:00,prod_069,seg_08,ctx_790,0.824,4,1
log_0036,2024-01-30 19:00:00,prod_017,seg_05,ctx_223,0.516,3,0
log_0037,2024-01-13 00:00:00,prod_077,seg_02,ctx_049,0.474,3,0
log_0038,2024-01-14 11:00:00,prod_064,seg_06,ctx_961,0.683,4,1
log_0039,2024-01-15 17:00:00,prod_090,seg_00,ctx_210,0.919,5,1
log_0040,2024-01-14 04:00:00,prod_032,seg_05,ctx_520,0.5,3,0
log_0041,2024-01-25 21:00:00,prod_002,seg_02,ctx_403,0.613,3,1
log_0042,2024-01-23 21:00:00,prod_088,seg_05,ctx_509,0.631,4,1
log_0043,2024-01-12 22:00:00,prod_001,seg_06,ctx_962,0.804,4,1
log_0044,2024-01-27 17:00:00,prod_057,seg_00,ctx_815,0.869,4,1
log_0045,2024-01-27 23:00:00,prod_063,seg_03,ctx_744,0.74,4,1
log_0046,2024-01-22 18:00:00,prod_068,seg_09,ctx_270,0.326,2,0
log_0047,2024-01-06 22:00:00,prod_030,seg_07,ctx_927,0.787,4,1
log_0048,2024-01-14 04:00:00,prod_067,seg_08,ctx_263,0.667,4,1
log_0049,2024-01-22 11:00:00,prod_075,seg_02,ctx_017,0.718,4,1
log_0050,2024-01-24 16:00:00,prod_088,seg_05,ctx_268,0.455,3,0
log_0051,2024-01-11 07:00:00,prod_024,seg_06,ctx_920,0.844,4,1
log_0052,2024-01-02 04:00:00,prod_083,seg_04,ctx_864,0.443,3,0
log_0053,2024-01-13 21:00:00,prod_042,seg_06,ctx_781,0.563,3,0
log_0054,2024-01-24 08:00:00,prod_046,seg_02,ctx_051,0.938,5,1
log_0055,2024-01-17 07:00:00,prod_039,seg_02,ctx_925,0.449,3,0
log_0056,2024-01-11 07:00:00,prod_058,seg_03,ctx_869,0.812,4,1
log_0057,2024-01-04 06:00:00,prod_043,seg_08,ctx_022,0.445,3,0
log_0058,2024-01-30 04:00:00,prod_016,seg_02,ctx_646,0.399,3,0
log_0059,2024-01-29 22:00:00,prod_028,seg_04,ctx_690,0.419,3,0
log_0060,2024-01-11 23:00:00,prod_015,seg_04,ctx_595,0.651,4,1
log_0061,2024-01-27 20:00:00,prod_026,seg_08,ctx_091,0.887,5,1
log_0062,2024-01-18 01:00:00,prod_027,seg_00,ctx_516,0.852,4,1
log_0063,2024-01-06 09:00:00,prod_073,seg_02,ctx_881,0.55,3,0
log_0064,2024-01-05 11:00:00,prod_010,seg_06,ctx_229,0.66,4,1
log_0065,2024-01-12 00:00:00,prod_075,seg_06,ctx_945,0.512,3,0
log_0066,2024-01-26 14:00:00,prod_002,seg_01,ctx_863,0.609,3,1
log_0067,2024-01-02 07:00:00,prod_031,seg_02,ctx_033,0.52,3,0
log_0068,2024-01-08 12:00:00,prod_015,seg_05,ctx_636,0.395,3,0
log_0069,2024-01-12 11:00:00,prod_048,seg_09,ctx_237,0.605,3,1
log_0070,2024-01-04 01:00:00,prod_012,seg_00,ctx_565,0.513,3,0
log_0071,2024-01-09 20:00:00,prod_050,seg_05,ctx_729,0.743,4,1
log_0072,2024-01-15 07:00:00,prod_012,seg_04,ctx_986,0.358,2,0
log_0073,2024-01-30 04:00:00,prod_068,seg_04,ctx_886,0.699,4,1
log_0074,2024-01-25 02:00:00,prod_009,seg_06,ctx_777,0.471,3,0
log_0075,2024-01-07 14:00:00,prod_062,seg_05,ctx_344,0.56,3,0
log_0076,2024-01-23 05:00:00,prod_031,seg_05,ctx_025,0.869,4,1
log_0077,2024-01-01 21:00:00,prod_081,seg_08,ctx_033,0.307,2,0
log_0078,2024-01-27 16:00:00,prod_006,seg_03,ctx_955,0.82,4,1
log_0079,2024-01-30 23:00:00,prod_079,seg_01,ctx_809,0.75,4,1
log_0080,2024-01-21 04:00:00,prod_045,seg_07,ctx_329,0.843,4,1
log_0081,2024-01-03 16:00:00,prod_013,seg_04,ctx_784,0.889,5,1
log_0082,2024-01-22 17:00:00,prod_008,seg_07,ctx_793,0.453,3,0
log_0083,2024-01-09 12:00:00,prod_062,seg_02,ctx_041,0.447,3,0
log_0084,2024-01-15 06:00:00,prod_040,seg_02,ctx_083,0.47,3,0
log_0085,2024-01-03 05:00:00,prod_015,seg_09,ctx_240,0.777,4,1
log_0086,2024-01-22 18:00:00,prod_073,seg_03,ctx_717,0.69,4,1
log_0087,2024-01-16 07:00:00,prod_076,seg_02,ctx_576,0.646,4,1
log_0088,2024-01-30 07:00:00,prod_065,seg_03,ctx_228,0.88,5,1
log_0089,2024-01-17 23:00:00,prod_048,seg_08,ctx_912,0.586,3,0
log_0090,2024-01-25 04:00:00,prod_078,seg_00,ctx_931,0.912,5,1
log_0091,2024-01-11 22:00:00,prod_066,seg_05,ctx_472,0.762,4,1
log_0092,2024-01-11 23:00:00,prod_041,seg_00,ctx_625,0.87,4,1
log_0093,2024-01-19 10:00:00,prod_080,seg_03,ctx_234,0.745,4,1
log_0094,2024-01-16 12:00:00,prod_059,seg_08,ctx_032,0.397,3,0
log_0095,2024-01-20 19:00:00,prod_060,seg_05,ctx_396,0.414,3,0
log_0096,2024-01-21 13:00:00,prod_064,seg_05,ctx_540,0.821,4,1
log_0097,2024-01-19 23:00:00,prod_083,seg_01,ctx_081,0.808,4,1
log_0098,2024-01-03 15:00:00,prod_086,seg_05,ctx_780,0.573,3,0
log_0099,2024-01-26 21:00:00,prod_092,seg_03,ctx_704,0.624,3,1
log_0100,2024-01-02 13:00:00,prod_034,seg_09,ctx_577,0.789,4,1
log_0101,2024-01-29 23:00:00,prod_050,seg_04,ctx_993,0.859,4,1
log_0102,2024-01-03 07:00:00,prod_034,seg_03,ctx_377,0.835,4,1
log_0103,2024-01-02 22:00:00,prod_082,seg_00,ctx_145,0.684,4,1
log_0104,2024-01-30 04:00:00,prod_085,seg_03,ctx_303,0.661,4,1
log_0105,2024-01-27 13:00:00,prod_093,seg_00,ctx_612,0.764,4,1
log_0106,2024-01-22 09:00:00,prod_014,seg_00,ctx_010,0.682,4,1
log_0107,2024-01-05 09:00:00,prod_008,seg_05,ctx_054,0.546,3,0
log_0108,2024-01-21 09:00:00,prod_038,seg_09,ctx_026,0.798,4,1
log_0109,2024-01-19 17:00:00,prod_087,seg_01,ctx_777,0.865,4,1
log_0110,2024-01-25 00:00:00,prod_058,seg_02,ctx_001,0.565,3,0
log_0111,2024-01-09 20:00:00,prod_046,seg_09,ctx_604,0.453,3,0
log_0112,2024-01-24 21:00:00,prod_078,seg_03,ctx_999,0.785,4,1
log_0113,2024-01-15 23:00:00,prod_099,seg_09,ctx_220,0.349,2,0
log_0114,2024-01-11 14:00:00,prod_030,seg_07,ctx_309,0.44,3,0
log_0115,2024-01-11 10:00:00,prod_018,seg_03,ctx_303,0.796,4,1
log_0116,2024-01-25 16:00:00,prod_004,seg_04,ctx_622,0.525,3,0
log_0117,2024-01-10 07:00:00,prod_008,seg_08,ctx_439,0.437,3,0
log_0118,2024-01-06 20:00:00,prod_042,seg_02,ctx_867,0.509,3,0
log_0119,2024-01-14 12:00:00,prod_060,seg_01,ctx_773,0.371,2,0
log_0120,2024-01-15 18:00:00,prod_086,seg_02,ctx_443,0.793,4,1
log_0121,2024-01-13 19:00:00,prod_043,seg_05,ctx_518,0.639,4,1
log_0122,2024-01-11 15:00:00,prod_019,seg_04,ctx_800,0.559,3,0
log_0123,2024-01-01 15:00:00,prod_089,seg_04,ctx_974,0.606,3,1
log_0124,2024-01-28 08:00:00,prod_009,seg_08,ctx_543,0.887,5,1
log_0125,2024-01-15 13:00:00,prod_063,seg_00,ctx_113,0.552,3,0
log_0126,2024-01-22 10:00:00,prod_007,seg_05,ctx_482,0.325,2,0
log_0127,2024-01-27 00:00:00,prod_057,seg_04,ctx_365,0.413,3,0
log_0128,2024-01-25 21:00:00,prod_003,seg_09,ctx_224,0.504,3,0
log_0129,2024-01-10 02:00:00,prod_086,seg_02,ctx_873,0.859,4,1
log_0130,2024-01-01 00:00:00,prod_053,seg_06,ctx_403,0.807,4,1
log_0131,2024-01-20 06:00:00,prod_032,seg_02,ctx_630,0.404,3,0
log_0132,2024-01-07 15:00:00,prod_040,seg_01,ctx_232,0.768,4,1
log_0133,2024-01-27 21:00:00,prod_085,seg_04,ctx_739,0.345,2,0
log_0134,2024-01-28 01:00:00,prod_040,seg_01,ctx_182,0.889,5,1
log_0135,2024-01-03 20:00:00,prod_025,seg_02,ctx_342,0.827,4,1
log_0136,2024-01-08 10:00:00,prod_069,seg_08,ctx_050,0.705,4,1
log_0137,2024-01-07 19:00:00,prod_034,seg_07,ctx_550,0.341,2,0
log_0138,2024-01-01 21:00:00,prod_072,seg_06,ctx_846,0.628,4,1
log_0139,2024-01-21 05:00:00,prod_000,seg_02,ctx_406,0.98,5,1
log_0140,2024-01-08 13:00:00,prod_061,seg_09,ctx_887,0.544,3,0
log_0141,2024-01-01 17:00:00,prod_090,seg_06,ctx_385,0.328,2,0
log_0142,2024-01-10 02:00:00,prod_022,seg_05,ctx_009,0.617,3,1
log_0143,2024-01-13 20:00:00,prod_078,seg_00,ctx_033,0.459,3,0
log_0144,2024-01-07 20:00:00,prod_048,seg_04,ctx_144,0.495,3,0
log_0145,2024-01-19 12:00:00,prod_080,seg_08,ctx_748,0.87,4,1
log_0146,2024-01-22 22:00:00,prod_056,seg_05,ctx_116,0.323,2,0
log_0147,2024-01-01 18:00:00,prod_074,seg_09,ctx_879,0.59,3,0
log_0148,2024-01-09 22:00:00,prod_075,seg_00,ctx_524,0.844,4,1
log_0149,2024-01-14 06:00:00,prod_033,seg_08,ctx_612,0.552,3,0
log_0150,2024-01-22 10:00:00,prod_034,seg_01,ctx_986,0.622,3,1
log_0151,2024-01-19 20:00:00,prod_046,seg_00,ctx_812,0.488,3,0
log_0152,2024-01-04 20:00:00,prod_061,seg_03,ctx_574,0.514,3,0
log_0153,2024-01-03 12:00:00,prod_030,seg_08,ctx_126,0.706,4,1
log_0154,2024-01-01 19:00:00,prod_062,seg_08,ctx_231,0.307,2,0
log_0155,2024-01-30 14:00:00,prod_067,seg_09,ctx_921,0.471,3,0
log_0156,2024-01-23 20:00:00,prod_072,seg_09,ctx_340,0.393,3,0
log_0157,2024-01-29 15:00:00,prod_065,seg_03,ctx_985,0.711,4,1
log_0158,2024-01-15 01:00:00,prod_064,seg_04,ctx_826,0.636,4,1
log_0159,2024-01-27 17:00:00,prod_036,seg_06,ctx_682,0.787,4,1
log_0160,2024-01-11 06:00:00,prod_030,seg_00,ctx_615,0.528,3,0
log_0161,2024-01-19 18:00:00,prod_018,seg_00,ctx_249,0.343,2,0
log_0162,2024-01-20 08:00:00,prod_048,seg_01,ctx_776,0.618,3,1
log_0163,2024-01-11 09:00:00,prod_029,seg_02,ctx_149,0.343,2,0
log_0164,2024-01-16 13:00:00,prod_097,seg_05,ctx_266,0.439,3,0
log_0165,2024-01-10 10:00:00,prod_048,seg_08,ctx_880,0.885,5,1
log_0166,2024-01-17 00:00:00,prod_013,seg_09,ctx_297,0.816,4,1
log_0167,2024-01-25 01:00:00,prod_080,seg_03,ctx_090,0.518,3,0
log_0168,2024-01-29 10:00:00,prod_005,seg_07,ctx_515,0.411,3,0
log_0169,2024-01-30 08:00:00,prod_018,seg_04,ctx_636,0.538,3,0
log_0170,2024-01-09 21:00:00,prod_063,seg_08,ctx_755,0.821,4,1
log_0171,2024-01-04 11:00:00,prod_098,seg_09,ctx_680,0.779,4,1
log_0172,2024-01-20 07:00:00,prod_006,seg_07,ctx_439,0.859,4,1
log_0173,2024-01-17 12:00:00,prod_023,seg_06,ctx_147,0.874,4,1
log_0174,2024-01-16 03:00:00,prod_021,seg_07,ctx_754,0.843,4,1
log_0175,2024-01-06 08:00:00,prod_058,seg_05,ctx_098,0.672,4,1
log_0176,2024-01-08 06:00:00,prod_030,seg_00,ctx_998,0.529,3,0
log_0177,2024-01-21 03:00:00,prod_003,seg_09,ctx_223,0.887,5,1
log_0178,2024-01-03 14:00:00,prod_093,seg_07,ctx_167,0.801,4,1
log_0179,2024-01-07 10:00:00,prod_014,seg_03,ctx_139,0.89,5,1
log_0180,2024-01-13 17:00:00,prod_000,seg_00,ctx_361,0.755,4,1
log_0181,2024-01-09 04:00:00,prod_065,seg_02,ctx_427,0.551,3,0
log_0182,2024-01-12 06:00:00,prod_081,seg_09,ctx_484,0.388,3,0
log_0183,2024-01-23 23:00:00,prod_055,seg_03,ctx_046,0.35,2,0
log_0184,2024-01-02 14:00:00,prod_075,seg_06,ctx_147,0.801,4,1
log_0185,2024-01-26 14:00:00,prod_031,seg_05,ctx_032,0.7,4,1
log_0186,2024-01-18 20:00:00,prod_051,seg_00,ctx_199,0.549,3,0
log_0187,2024-01-29 17:00:00,prod_096,seg_06,ctx_827,0.411,3,0
log_0188,2024-01-30 13:00:00,prod_016,seg_05,ctx_854,0.353,2,0
log_0189,2024-01-19 21:00:00,prod_079,seg_03,ctx_314,0.854,4,1
log_0190,2024-01-26 12:00:00,prod_028,seg_08,ctx_990,0.683,4,1
log_0191,2024-01-04 06:00:00,prod_093,seg_08,ctx_799,0.474,3,0
log_0192,2024-01-29 03:00:00,prod_081,seg_07,ctx_325,0.603,3,1
log_0193,2024-01-08 19:00:00,prod_063,seg_02,ctx_681,0.847,4,1
log_0194,2024-01-11 07:00:00,prod_039,seg_01,ctx_252,0.463,3,0
log_0195,2024-01-20 13:00:00,prod_071,seg_04,ctx_165,0.808,4,1
log_0196,2024-01-28 23:00:00,prod_049,seg_00,ctx_536,0.408,3,0
log_0197,2024-01-22 13:00:00,prod_057,seg_06,ctx_493,0.366,2,0
log_0198,2024-01-24 10:00:00,prod_071,seg_07,ctx_318,0.685,4,1
log_0199,2024-01-24 05:00:00,prod_059,seg_00,ctx_314,0.444,3,0
log_0200,2024-01-03 16:00:00,prod_043,seg_03,ctx_381,0.51,3,0
log_0201,2024-01-17 03:00:00,prod_036,seg_04,ctx_339,0.643,4,1
log_0202,2024-01-24 18:00:00,prod_089,seg_00,ctx_718,0.553,3,0
log_0203,2024-01-10 03:00:00,prod_047,seg_07,ctx_080,0.309,2,0
log_0204,2024-01-30 22:00:00,prod_072,seg_07,ctx_179,0.649,4,1
log_0205,2024-01-22 19:00:00,prod_067,seg_04,ctx_413,0.821,4,1
log_0206,2024-01-18 04:00:00,prod_057,seg_08,ctx_779,0.836,4,1
log_0207,2024-01-12 23:00:00,prod_095,seg_07,ctx_135,0.43,3,0
log_0208,2024-01-01 21:00:00,prod_085,seg_04,ctx_531,0.693,4,1
log_0209,2024-01-27 11:00:00,prod_087,seg_01,ctx_098,0.529,3,0
log_0210,2024-01-17 10:00:00,prod_053,seg_03,ctx_283,0.615,3,1
log_0211,2024-01-08 14:00:00,prod_072,seg_03,ctx_703,0.64,4,1
log_0212,2024-01-06 19:00:00,prod_064,seg_04,ctx_548,0.628,4,1
log_0213,2024-01-10 01:00:00,prod_096,seg_05,ctx_846,0.446,3,0
log_0214,2024-01-23 03:00:00,prod_027,seg_02,ctx_958,0.34,2,0
log_0215,2024-01-26 05:00:00,prod_066,seg_06,ctx_640,0.546,3,0
log_0216,2024-01-19 21:00:00,prod_008,seg_00,ctx_568,0.803,4,1
log_0217,2024-01-03 04:00:00,prod_010,seg_06,ctx_892,0.698,4,1
log_0218,2024-01-22 03:00:00,prod_085,seg_06,ctx_794,0.636,4,1
log_0219,2024-01-10 01:00:00,prod_027,seg_08,ctx_429,0.778,4,1
log_0220,2024-01-09 10:00:00,prod_028,seg_07,ctx_208,0.388,3,0
log_0221,2024-01-28 14:00:00,prod_065,seg_01,ctx_042,0.491,3,0
log_0222,2024-01-30 04:00:00,prod_032,seg_02,ctx_005,0.328,2,0
log_0223,2024-01-05 10:00:00,prod_090,seg_01,ctx_993,0.844,4,1
log_0224,2024-01-07 04:00:00,prod_074,seg_01,ctx_299,0.506,3,0
log_0225,2024-01-10 15:00:00,prod_002,seg_03,ctx_274,0.687,4,1
log_0226,2024-01-29 08:00:00,prod_090,seg_00,ctx_640,0.625,4,1
log_0227,2024-01-27 10:00:00,prod_099,seg_03,ctx_003,0.811,4,1
log_0228,2024-01-15 04:00:00,prod_068,seg_08,ctx_616,0.488,3,0
log_0229,2024-01-15 04:00:00,prod_076,seg_00,ctx_012,0.736,4,1
log_0230,2024-01-09 01:00:00,prod_092,seg_04,ctx_167,0.763,4,1
log_0231,2024-01-11 15:00:00,prod_034,seg_00,ctx_426,0.741,4,1
log_0232,2024-01-28 00:00:00,prod_022,seg_08,ctx_838,0.483,3,0
log_0233,2024-01-17 21:00:00,prod_039,seg_05,ctx_560,0.731,4,1
log_0234,2024-01-25 20:00:00,prod_040,seg_01,ctx_104,0.365,2,0
log_0235,2024-01-02 20:00:00,prod_017,seg_09,ctx_132,0.344,2,0
log_0236,2024-01-03 23:00:00,prod_036,seg_03,ctx_072,0.545,3,0
log_0237,2024-01-16 14:00:00,prod_021,seg_04,ctx_907,0.693,4,1
log_0238,2024-01-17 14:00:00,prod_013,seg_08,ctx_980,0.347,2,0
log_0239,2024-01-03 15:00:00,prod_047,seg_07,ctx_824,0.88,5,1
log_0240,2024-01-02 06:00:00,prod_036,seg_06,ctx_015,0.833,4,1
log_0241,2024-01-11 08:00:00,prod_077,seg_04,ctx_527,0.834,4,1
log_0242,2024-01-12 11:00:00,prod_086,seg_09,ctx_583,0.463,3,0
log_0243,2024-01-25 23:00:00,prod_060,seg_09,ctx_023,0.308,2,0
log_0244,2024-01-07 02:00:00,prod_064,seg_02,ctx_629,0.739,4,1
log_0245,2024-01-27 06:00:00,prod_017,seg_09,ctx_920,0.35,2,0
log_0246,2024-01-24 04:00:00,prod_035,seg_08,ctx_080,0.497,3,0
log_0247,2024-01-12 23:00:00,prod_038,seg_09,ctx_482,0.648,4,1
log_0248,2024-01-20 08:00:00,prod_069,seg_07,ctx_656,0.843,4,1
log_0249,2024-01-24 14:00:00,prod_032,seg_02,ctx_792,0.569,3,0
log_0250,2024-01-11 19:00:00,prod_001,seg_01,ctx_871,0.328,2,0
log_0251,2024-01-16 19:00:00,prod_056,seg_09,ctx_620,0.601,3,1
log_0252,2024-01-05 08:00:00,prod_029,seg_00,ctx_079,0.405,3,0
log_0253,2024-01-26 15:00:00,prod_095,seg_07,ctx_730,0.6,3,1
log_0254,2024-01-10 09:00:00,prod_048,seg_05,ctx_608,0.392,3,0
log_0255,2024-01-11 10:00:00,prod_070,seg_06,ctx_301,0.534,3,0
log_0256,2024-01-11 07:00:00,prod_043,seg_08,ctx_025,0.785,4,1
log_0257,2024-01-07 02:00:00,prod_024,seg_01,ctx_552,0.727,4,1
log_0258,2024-01-12 04:00:00,prod_049,seg_09,ctx_298,0.409,3,0
log_0259,2024-01-17 00:00:00,prod_090,seg_04,ctx_520,0.889,5,1
log_0260,2024-01-11 23:00:00,prod_078,seg_05,ctx_516,0.469,3,0
log_0261,2024-01-12 22:00:00,prod_038,seg_07,ctx_027,0.507,3,0
log_0262,2024-01-30 22:00:00,prod_057,seg_08,ctx_499,0.547,3,0
log_0263,2024-01-27 23:00:00,prod_008,seg_02,ctx_770,0.604,3,1
log_0264,2024-01-27 22:00:00,prod_048,seg_07,ctx_869,0.867,4,1
log_0265,2024-01-15 03:00:00,prod_012,seg_01,ctx_403,0.835,4,1
log_0266,2024-01-10 07:00:00,prod_079,seg_08,ctx_206,0.665,4,1
log_0267,2024-01-27 09:00:00,prod_049,seg_06,ctx_505,0.611,3,1
log_0268,2024-01-19 16:00:00,prod_060,seg_06,ctx_725,0.34,2,0
log_0269,2024-01-19 04:00:00,prod_056,seg_06,ctx_342,0.832,4,1
log_0270,2024-01-06 22:00:00,prod_025,seg_01,ctx_967,0.575,3,0
log_0271,2024-01-28 06:00:00,prod_014,seg_09,ctx_652,0.706,4,1
log_0272,2024-01-09 23:00:00,prod_048,seg_04,ctx_463,0.788,4,1
log_0273,2024-01-18 01:00:00,prod_079,seg_01,ctx_305,0.379,3,0
log_0274,2024-01-25 04:00:00,prod_054,seg_05,ctx_652,0.564,3,0
log_0275,2024-01-01 18:00:00,prod_054,seg_00,ctx_038,0.624,3,1
log_0276,2024-01-14 23:00:00,prod_003,seg_01,ctx_635,0.643,4,1
log_0277,2024-01-05 18:00:00,prod_080,seg_05,ctx_988,0.422,3,0
log_0278,2024-01-11 09:00:00,prod_074,seg_00,ctx_522,0.933,5,1
log_0279,2024-01-29 23:00:00,prod_016,seg_01,ctx_728,0.69,4,1
log_0280,2024-01-08 12:00:00,prod_010,seg_06,ctx_310,0.676,4,1
log_0281,2024-01-13 09:00:00,prod_099,seg_05,ctx_370,0.49,3,0
log_0282,2024-01-21 00:00:00,prod_078,seg_07,ctx_036,0.624,3,1
log_0283,2024-01-29 12:00:00,prod_047,seg_09,ctx_467,0.741,4,1
log_0284,2024-01-20 23:00:00,prod_066,seg_01,ctx_737,0.407,3,0
log_0285,2024-01-08 17:00:00,prod_085,seg_02,ctx_418,0.49,3,0
log_0286,2024-01-20 01:00:00,prod_070,seg_01,ctx_453,0.481,3,0
log_0287,2024-01-17 10:00:00,prod_093,seg_02,ctx_279,0.544,3,0
log_0288,2024-01-14 02:00:00,prod_030,seg_03,ctx_095,0.752,4,1
log_0289,2024-01-05 14:00:00,prod_071,seg_01,ctx_191,0.605,3,1
log_0290,2024-01-01 08:00:00,prod_030,seg_01,ctx_445,0.356,2,0
log_0291,2024-01-02 01:00:00,prod_059,seg_05,ctx_095,0.899,5,1
log_0292,2024-01-14 08:00:00,prod_013,seg_01,ctx_046,0.722,4,1
log_0293,2024-01-13 23:00:00,prod_079,seg_00,ctx_372,0.592,3,0
log_0294,2024-01-11 06:00:00,prod_045,seg_08,ctx_135,0.427,3,0
log_0295,2024-01-20 18:00:00,prod_051,seg_02,ctx_243,0.83,4,1
log_0296,2024-01-10 23:00:00,prod_044,seg_02,ctx_169,0.416,3,0
log_0297,2024-01-21 14:00:00,prod_017,seg_03,ctx_886,0.513,3,0
log_0298,2024-01-21 11:00:00,prod_079,seg_04,ctx_108,0.579,3,0
log_0299,2024-01-05 09:00:00,prod_036,seg_08,ctx_639,0.385,3,0
log_0300,2024-01-29 15:00:00,prod_095,seg_01,ctx_832,0.408,3,0
log_0301,2024-01-30 03:00:00,prod_032,seg_09,ctx_228,0.42,3,0
log_0302,2024-01-03 06:00:00,prod_044,seg_00,ctx_109,0.656,4,1
log_0303,2024-01-18 05:00:00,prod_028,seg_05,ctx_143,0.393,3,0
log_0304,2024-01-09 06:00:00,prod_059,seg_03,ctx_347,0.382,3,0
log_0305,2024-01-30 15:00:00,prod_042,seg_04,ctx_286,0.593,3,0
log_0306,2024-01-08 01:00:00,prod_035,seg_00,ctx_123,0.531,3,0
log_0307,2024-01-15 11:00:00,prod_079,seg_02,ctx_059,0.593,3,0
log_0308,2024-01-08 03:00:00,prod_022,seg_01,ctx_545,0.772,4,1
log_0309,2024-01-15 13:00:00,prod_098,seg_05,ctx_265,0.883,5,1
log_0310,2024-01-11 19:00:00,prod_094,seg_03,ctx_040,0.822,4,1
log_0311,2024-01-29 12:00:00,prod_030,seg_05,ctx_314,0.499,3,0
log_0312,2024-01-22 18:00:00,prod_069,seg_06,ctx_609,0.327,2,0
log_0313,2024-01-15 23:00:00,prod_097,seg_06,ctx_631,0.605,3,1
log_0314,2024-01-24 20:00:00,prod_067,seg_09,ctx_265,0.513,3,0
log_0315,2024-01-29 00:00:00,prod_064,seg_02,ctx_931,0.428,3,0
log_0316,2024-01-11 07:00:00,prod_088,seg_06,ctx_898,0.513,3,0
log_0317,2024-01-02 02:00:00,prod_049,seg_02,ctx_985,0.53,3,0
log_0318,2024-01-21 09:00:00,prod_068,seg_09,ctx_716,0.479,3,0
log_0319,2024-01-17 00:00:00,prod_081,seg_02,ctx_167,0.373,2,0
log_0320,2024-01-24 12:00:00,prod_084,seg_02,ctx_708,0.705,4,1
log_0321,2024-01-05 07:00:00,prod_079,seg_09,ctx_790,0.685,4,1
log_0322,2024-01-02 08:00:00,prod_001,seg_03,ctx_129,0.719,4,1
log_0323,2024-01-20 07:00:00,prod_066,seg_08,ctx_489,0.667,4,1
log_0324,2024-01-04 16:00:00,prod_065,seg_03,ctx_586,0.755,4,1
log_0325,2024-01-19 04:00:00,prod_099,seg_09,ctx_589,0.408,3,0
log_0326,2024-01-04 13:00:00,prod_083,seg_02,ctx_778,0.877,5,1
log_0327,2024-01-13 00:00:00,prod_073,seg_05,ctx_717,0.702,4,1
log_0328,2024-01-05 11:00:00,prod_096,seg_07,ctx_859,0.793,4,1
log_0329,2024-01-13 20:00:00,prod_036,seg_00,ctx_412,0.765,4,1
log_0330,2024-01-25 00:00:00,prod_085,seg_02,ctx_163,0.459,3,0
log_0331,2024-01-30 13:00:00,prod_031,seg_07,ctx_602,0.587,3,0
log_0332,2024-01-07 06:00:00,prod_032,seg_00,ctx_542,0.795,4,1
log_0333,2024-01-17 06:00:00,prod_036,seg_05,ctx_256,0.652,4,1
log_0334,2024-01-22 23:00:00,prod_007,seg_07,ctx_700,0.339,2,0
log_0335,2024-01-11 01:00:00,prod_081,seg_07,ctx_265,0.471,3,0
log_0336,2024-01-13 19:00:00,prod_019,seg_07,ctx_503,0.818,4,1
log_0337,2024-01-30 01:00:00,prod_026,seg_04,ctx_821,0.656,4,1
log_0338,2024-01-09 13:00:00,prod_005,seg_05,ctx_477,0.3,2,0
log_0339,2024-01-18 17:00:00,prod_014,seg_05,ctx_099,0.737,4,1
log_0340,2024-01-07 21:00:00,prod_019,seg_07,ctx_024,0.573,3,0
log_0341,2024-01-20 11:00:00,prod_073,seg_00,ctx_043,0.6,3,0
log_0342,2024-01-09 18:00:00,prod_093,seg_07,ctx_036,0.347,2,0
log_0343,2024-01-14 15:00:00,prod_095,seg_03,ctx_305,0.498,3,0
log_0344,2024-01-07 09:00:00,prod_041,seg_03,ctx_066,0.506,3,0
log_0345,2024-01-05 06:00:00,prod_005,seg_07,ctx_992,0.753,4,1
log_0346,2024-01-28 01:00:00,prod_095,seg_04,ctx_011,0.596,3,0
log_0347,2024-01-05 22:00:00,prod_065,seg_07,ctx_771,0.728,4,1
log_0348,2024-01-26 06:00:00,prod_089,seg_09,ctx_279,0.825,4,1
log_0349,2024-01-23 02:00:00,prod_017,seg_06,ctx_124,0.317,2,0
log_0350,2024-01-27 11:00:00,prod_090,seg_07,ctx_205,0.851,4,1
log_0351,2024-01-20 23:00:00,prod_046,seg_02,ctx_201,0.688,4,1
log_0352,2024-01-27 23:00:00,prod_074,seg_07,ctx_850,0.688,4,1
log_0353,2024-01-01 20:00:00,prod_054,seg_00,ctx_313,0.365,2,0
log_0354,2024-01-30 01:00:00,prod_023,seg_09,ctx_893,0.472,3,0
log_0355,2024-01-11 18:00:00,prod_056,seg_07,ctx_421,0.328,2,0
log_0356,2024-01-06 22:00:00,prod_061,seg_09,ctx_892,0.492,3,0
log_0357,2024-01-13 13:00:00,prod_055,seg_04,ctx_610,0.433,3,0
log_0358,2024-01-10 23:00:00,prod_005,seg_02,ctx_155,0.331,2,0
log_0359,2024-01-28 11:00:00,prod_052,seg_03,ctx_081,0.634,4,1
log_0360,2024-01-25 15:00:00,prod_052,seg_03,ctx_729,0.761,4,1
log_0361,2024-01-28 07:00:00,prod_085,seg_00,ctx_453,0.677,4,1
log_0362,2024-01-27 01:00:00,prod_074,seg_03,ctx_881,0.648,4,1
log_0363,2024-01-22 20:00:00,prod_055,seg_04,ctx_618,0.685,4,1
log_0364,2024-01-23 11:00:00,prod_048,seg_04,ctx_682,0.665,4,1
log_0365,2024-01-01 04:00:00,prod_015,seg_01,ctx_919,0.562,3,0
log_0366,2024-01-03 23:00:00,prod_069,seg_02,ctx_325,0.813,4,1
log_0367,2024-01-15 00:00:00,prod_050,seg_06,ctx_753,0.389,3,0
log_0368,2024-01-22 06:00:00,prod_098,seg_00,ctx_880,0.537,3,0
log_0369,2024-01-15 11:00:00,prod_024,seg_02,ctx_955,0.356,2,0
log_0370,2024-01-15 08:00:00,prod_084,seg_09,ctx_365,0.769,4,1
log_0371,2024-01-10 11:00:00,prod_023,seg_04,ctx_572,0.867,4,1
log_0372,2024-01-09 04:00:00,prod_033,seg_08,ctx_105,0.367,2,0
log_0373,2024-01-15 09:00:00,prod_014,seg_06,ctx_318,0.306,2,0
log_0374,2024-01-19 16:00:00,prod_016,seg_08,ctx_857,0.677,4,1
log_0375,2024-01-27 16:00:00,prod_050,seg_08,ctx_324,0.71,4,1
log_0376,2024-01-18 19:00:00,prod_042,seg_08,ctx_000,0.63,4,1
log_0377,2024-01-10 06:00:00,prod_079,seg_04,ctx_987,0.729,4,1
log_0378,2024-01-18 02:00:00,prod_006,seg_09,ctx_964,0.652,4,1
log_0379,2024-01-13 07:00:00,prod_013,seg_06,ctx_250,0.896,5,1
log_0380,2024-01-13 19:00:00,prod_057,seg_07,ctx_255,0.758,4,1
log_0381,2024-01-15 15:00:00,prod_030,seg_03,ctx_895,0.792,4,1
log_0382,2024-01-08 00:00:00,prod_044,seg_02,ctx_718,0.485,3,0
log_0383,2024-01-19 15:00:00,prod_073,seg_06,ctx_280,0.693,4,1
log_0384,2024-01-14 13:00:00,prod_086,seg_08,ctx_265,0.56,3,0
log_0385,2024-01-11 17:00:00,prod_082,seg_01,ctx_375,0.68,4,1
log_0386,2024-01-15 05:00:00,prod_000,seg_01,ctx_684,0.765,4,1
log_0387,2024-01-13 07:00:00,prod_060,seg_03,ctx_408,0.845,4,1
log_0388,2024-01-09 06:00:00,prod_016,seg_03,ctx_909,0.711,4,1
log_0389,2024-01-22 07:00:00,prod_013,seg_03,ctx_925,0.436,3,0
log_0390,2024-01-18 05:00:00,prod_052,seg_03,ctx_201,0.693,4,1
log_0391,2024-01-28 17:00:00,prod_028,seg_02,ctx_872,0.306,2,0
log_0392,2024-01-14 06:00:00,prod_057,seg_03,ctx_489,0.642,4,1
log_0393,2024-01-17 17:00:00,prod_080,seg_09,ctx_647,0.467,3,0
log_0394,2024-01-17 23:00:00,prod_042,seg_04,ctx_238,0.467,3,0
log_0395,2024-01-25 10:00:00,prod_047,seg_09,ctx_611,0.706,4,1
log_0396,2024-01-20 00:00:00,prod_083,seg_08,ctx_493,0.374,2,0
log_0397,2024-01-13 06:00:00,prod_082,seg_03,ctx_567,0.539,3,0
log_0398,2024-01-08 15:00:00,prod_074,seg_09,ctx_272,0.695,4,1
log_0399,2024-01-13 13:00:00,prod_022,seg_01,ctx_010,0.661,4,1
log_0400,2024-01-23 12:00:00,prod_020,seg_07,ctx_214,0.534,3,0
log_0401,2024-01-17 21:00:00,prod_075,seg_02,ctx_043,0.323,2,0
log_0402,2024-01-04 15:00:00,prod_037,seg_03,ctx_698,0.594,3,0
log_0403,2024-01-25 12:00:00,prod_034,seg_01,ctx_112,0.706,4,1
log_0404,2024-01-30 00:00:00,prod_008,seg_04,ctx_604,0.71,4,1
log_0405,2024-01-28 16:00:00,prod_024,seg_04,ctx_046,0.392,3,0
log_0406,2024-01-30 15:00:00,prod_029,seg_08,ctx_664,0.47,3,0
log_0407,2024-01-30 14:00:00,prod_022,seg_09,ctx_571,0.626,4,1
log_0408,2024-01-20 21:00:00,prod_062,seg_04,ctx_085,0.488,3,0
log_0409,2024-01-15 09:00:00,prod_058,seg_03,ctx_920,0.425,3,0
log_0410,2024-01-07 01:00:00,prod_004,seg_06,ctx_078,0.702,4,1
log_0411,2024-01-22 18:00:00,prod_067,seg_02,ctx_418,0.571,3,0
log_0412,2024-01-21 14:00:00,prod_032,seg_09,ctx_816,0.347,2,0
log_0413,2024-01-27 22:00:00,prod_064,seg_00,ctx_707,0.558,3,0
log_0414,2024-01-02 23:00:00,prod_086,seg_03,ctx_162,0.617,3,1
log_0415,2024-01-18 00:00:00,prod_091,seg_07,ctx_940,0.335,2,0
log_0416,2024-01-14 23:00:00,prod_095,seg_01,ctx_230,0.399,3,0
log_0417,2024-01-04 16:00:00,prod_087,seg_02,ctx_033,0.711,4,1
log_0418,2024-01-22 09:00:00,prod_087,seg_01,ctx_784,0.623,3,1
log_0419,2024-01-04 11:00:00,prod_054,seg_06,ctx_247,0.566,3,0
log_0420,2024-01-26 13:00:00,prod_055,seg_00,ctx_860,0.457,3,0
log_0421,2024-01-21 17:00:00,prod_054,seg_09,ctx_475,0.313,2,0
log_0422,2024-01-27 22:00:00,prod_085,seg_04,ctx_422,0.468,3,0
log_0423,2024-01-11 14:00:00,prod_005,seg_07,ctx_782,0.854,4,1
log_0424,2024-01-14 16:00:00,prod_054,seg_01,ctx_246,0.492,3,0
log_0425,2024-01-04 13:00:00,prod_041,seg_09,ctx_144,0.812,4,1
log_0426,2024-01-17 04:00:00,prod_025,seg_00,ctx_886,0.999,5,1
log_0427,2024-01-12 03:00:00,prod_074,seg_01,ctx_811,0.435,3,0
log_0428,2024-01-17 17:00:00,prod_032,seg_04,ctx_542,0.879,5,1
log_0429,2024-01-30 08:00:00,prod_021,seg_02,ctx_422,0.783,4,1
log_0430,2024-01-23 07:00:00,prod_072,seg_02,ctx_068,0.888,5,1
log_0431,2024-01-05 20:00:00,prod_034,seg_07,ctx_305,0.329,2,0
log_0432,2024-01-28 22:00:00,prod_080,seg_02,ctx_611,0.661,4,1
log_0433,2024-01-03 04:00:00,prod_002,seg_03,ctx_075,0.654,4,1
log_0434,2024-01-25 03:00:00,prod_004,seg_00,ctx_624,0.845,4,1
log_0435,2024-01-27 11:00:00,prod_034,seg_06,ctx_425,0.403,3,0
log_0436,2024-01-01 07:00:00,prod_026,seg_05,ctx_008,0.393,3,0
log_0437,2024-01-01 16:00:00,prod_041,seg_07,ctx_370,0.547,3,0
log_0438,2024-01-08 17:00:00,prod_049,seg_00,ctx_983,0.902,5,1
log_0439,2024-01-11 14:00:00,prod_036,seg_03,ctx_538,0.643,4,1
log_0440,2024-01-02 07:00:00,prod_045,seg_04,ctx_791,0.502,3,0
log_0441,2024-01-16 03:00:00,prod_034,seg_00,ctx_989,0.606,3,1
log_0442,2024-01-08 01:00:00,prod_049,seg_09,ctx_325,0.697,4,1
log_0443,2024-01-11 12:00:00,prod_019,seg_05,ctx_187,0.811,4,1
log_0444,2024-01-12 07:00:00,prod_020,seg_04,ctx_715,0.705,4,1
log_0445,2024-01-28 06:00:00,prod_054,seg_02,ctx_244,0.671,4,1
log_0446,2024-01-07 03:00:00,prod_053,seg_08,ctx_445,0.959,5,1
log_0447,2024-01-01 11:00:00,prod_042,seg_02,ctx_567,0.632,4,1
log_0448,2024-01-30 18:00:00,prod_007,seg_01,ctx_059,0.314,2,0
log_0449,2024-01-26 10:00:00,prod_075,seg_02,ctx_181,0.481,3,0
log_0450,2024-01-05 12:00:00,prod_037,seg_09,ctx_243,0.879,5,1
log_0451,2024-01-23 00:00:00,prod_039,seg_02,ctx_224,0.324,2,0
log_0452,2024-01-14 08:00:00,prod_041,seg_00,ctx_752,0.898,5,1
log_0453,2024-01-18 06:00:00,prod_054,seg_05,ctx_641,0.523,3,0
log_0454,2024-01-13 20:00:00,prod_046,seg_02,ctx_149,0.603,3,1
log_0455,2024-01-05 05:00:00,prod_061,seg_07,ctx_162,0.505,3,0
log_0456,2024-01-30 03:00:00,prod_092,seg_04,ctx_695,0.55,3,0
log_0457,2024-01-19 11:00:00,prod_084,seg_06,ctx_284,0.418,3,0
log_0458,2024-01-27 20:00:00,prod_008,seg_00,ctx_765,0.577,3,0
log_0459,2024-01-24 09:00:00,prod_039,seg_02,ctx_767,0.474,3,0
log_0460,2024-01-27 06:00:00,prod_062,seg_02,ctx_747,0.987,5,1
log_0461,2024-01-30 05:00:00,prod_037,seg_03,ctx_661,0.399,3,0
log_0462,2024-01-30 09:00:00,prod_038,seg_03,ctx_402,0.704,4,1
log_0463,2024-01-07 06:00:00,prod_031,seg_01,ctx_564,0.409,3,0
log_0464,2024-01-05 05:00:00,prod_044,seg_02,ctx_102,0.922,5,1
log_0465,2024-01-02 19:00:00,prod_035,seg_01,ctx_861,0.575,3,0
log_0466,2024-01-08 18:00:00,prod_050,seg_03,ctx_709,0.513,3,0
log_0467,2024-01-14 05:00:00,prod_036,seg_06,ctx_130,0.681,4,1
log_0468,2024-01-30 09:00:00,prod_057,seg_01,ctx_176,0.741,4,1
log_0469,2024-01-21 19:00:00,prod_092,seg_09,ctx_573,0.322,2,0
log_0470,2024-01-22 22:00:00,prod_005,seg_02,ctx_878,0.586,3,0
log_0471,2024-01-18 08:00:00,prod_042,seg_03,ctx_479,0.472,3,0
log_0472,2024-01-24 15:00:00,prod_098,seg_07,ctx_146,0.847,4,1
log_0473,2024-01-19 05:00:00,prod_096,seg_05,ctx_495,0.702,4,1
log_0474,2024-01-20 15:00:00,prod_074,seg_05,ctx_527,0.554,3,0
log_0475,2024-01-23 22:00:00,prod_078,seg_03,ctx_219,0.848,4,1
log_0476,2024-01-04 04:00:00,prod_068,seg_01,ctx_029,0.733,4,1
log_0477,2024-01-09 07:00:00,prod_043,seg_08,ctx_123,0.825,4,1
log_0478,2024-01-13 00:00:00,prod_069,seg_07,ctx_515,0.727,4,1
log_0479,2024-01-27 04:00:00,prod_063,seg_09,ctx_352,0.504,3,0
log_0480,2024-01-22 22:00:00,prod_087,seg_04,ctx_764,0.396,3,0
log_0481,2024-01-29 03:00:00,prod_021,seg_07,ctx_982,0.311,2,0
log_0482,2024-01-13 09:00:00,prod_034,seg_00,ctx_715,0.498,3,0
log_0483,2024-01-02 03:00:00,prod_032,seg_08,ctx_511,0.595,3,0
log_0484,2024-01-26 09:00:00,prod_019,seg_01,ctx_200,0.341,2,0
log_0485,2024-01-09 08:00:00,prod_055,seg_08,ctx_952,0.608,3,1
log_0486,2024-01-19 10:00:00,prod_054,seg_09,ctx_086,0.78,4,1
log_0487,2024-01-10 05:00:00,prod_014,seg_02,ctx_311,0.498,3,0
log_0488,2024-01-05 15:00:00,prod_020,seg_06,ctx_918,0.892,5,1
log_0489,2024-01-30 18:00:00,prod_073,seg_07,ctx_405,0.619,3,1
log_0490,2024-01-25 21:00:00,prod_048,seg_06,ctx_822,0.628,4,1
log_0491,2024-01-01 12:00:00,prod_095,seg_00,ctx_053,0.875,4,1
log_0492,2024-01-13 12:00:00,prod_083,seg_01,ctx_440,0.885,5,1
log_0493,2024-01-17 20:00:00,prod_024,seg_03,ctx_450,0.443,3,0
log_0494,2024-01-07 17:00:00,prod_035,seg_03,ctx_717,0.704,4,1
log_0495,2024-01-15 07:00:00,prod_014,seg_03,ctx_669,0.781,4,1
log_0496,2024-01-26 18:00:00,prod_089,seg_03,ctx_366,0.716,4,1
log_0497,2024-01-26 05:00:00,prod_065,seg_02,ctx_085,0.582,3,0
log_0498,2024-01-22 04:00:00,prod_012,seg_00,ctx_409,0.638,4,1
log_0499,2024-01-07 00:00:00,prod_002,seg_03,ctx_489,0.423,3,0
log_0500,2024-01-10 18:00:00,prod_018,seg_09,ctx_857,0.597,3,0
log_0501,2024-01-15 20:00:00,prod_070,seg_09,ctx_006,0.551,3,0
log_0502,2024-01-13 16:00:00,prod_010,seg_09,ctx_352,0.8,4,1
log_0503,2024-01-09 19:00:00,prod_033,seg_06,ctx_178,0.664,4,1
log_0504,2024-01-20 17:00:00,prod_012,seg_04,ctx_412,0.522,3,0
log_0505,2024-01-15 02:00:00,prod_059,seg_06,ctx_178,0.663,4,1
log_0506,2024-01-30 01:00:00,prod_019,seg_04,ctx_132,0.512,3,0
log_0507,2024-01-22 00:00:00,prod_008,seg_00,ctx_003,0.835,4,1
log_0508,2024-01-22 08:00:00,prod_065,seg_00,ctx_266,0.305,2,0
log_0509,2024-01-19 23:00:00,prod_011,seg_08,ctx_332,0.647,4,1
log_0510,2024-01-14 02:00:00,prod_040,seg_06,ctx_336,0.383,3,0
log_0511,2024-01-21 13:00:00,prod_096,seg_08,ctx_038,0.656,4,1
log_0512,2024-01-10 01:00:00,prod_087,seg_07,ctx_116,0.339,2,0
log_0513,2024-01-11 05:00:00,prod_090,seg_01,ctx_518,0.48,3,0
log_0514,2024-01-17 05:00:00,prod_032,seg_00,ctx_180,0.762,4,1
log_0515,2024-01-20 19:00:00,prod_066,seg_06,ctx_635,0.445,3,0
log_0516,2024-01-12 13:00:00,prod_035,seg_09,ctx_069,0.799,4,1
log_0517,2024-01-24 09:00:00,prod_083,seg_06,ctx_784,0.633,4,1
log_0518,2024-01-16 18:00:00,prod_053,seg_00,ctx_803,0.778,4,1
log_0519,2024-01-04 07:00:00,prod_016,seg_09,ctx_235,0.553,3,0
log_0520,2024-01-29 15:00:00,prod_024,seg_00,ctx_294,0.891,5,1
log_0521,2024-01-17 23:00:00,prod_043,seg_06,ctx_020,0.716,4,1
log_0522,2024-01-26 00:00:00,prod_073,seg_09,ctx_397,0.657,4,1
log_0523,2024-01-23 06:00:00,prod_039,seg_00,ctx_533,0.693,4,1
log_0524,2024-01-08 06:00:00,prod_091,seg_01,ctx_765,0.43,3,0
log_0525,2024-01-24 14:00:00,prod_023,seg_06,ctx_574,0.441,3,0
log_0526,2024-01-03 11:00:00,prod_059,seg_05,ctx_777,0.817,4,1
log_0527,2024-01-23 02:00:00,prod_057,seg_04,ctx_916,0.449,3,0
log_0528,2024-01-09 17:00:00,prod_079,seg_01,ctx_587,0.796,4,1
log_0529,2024-01-25 09:00:00,prod_054,seg_04,ctx_188,0.738,4,1
log_0530,2024-01-05 20:00:00,prod_002,seg_05,ctx_114,0.648,4,1
log_0531,2024-01-20 00:00:00,prod_020,seg_03,ctx_225,0.816,4,1
log_0532,2024-01-24 03:00:00,prod_041,seg_02,ctx_150,0.768,4,1
log_0533,2024-01-23 10:00:00,prod_031,seg_02,ctx_376,0.752,4,1
log_0534,2024-01-21 14:00:00,prod_091,seg_05,ctx_204,0.787,4,1
log_0535,2024-01-17 05:00:00,prod_057,seg_00,ctx_349,0.458,3,0
log_0536,2024-01-19 10:00:00,prod_095,seg_03,ctx_913,0.892,5,1
log_0537,2024-01-02 07:00:00,prod_029,seg_06,ctx_025,0.558,3,0
log_0538,2024-01-02 02:00:00,prod_077,seg_07,ctx_690,0.375,3,0
log_0539,2024-01-27 10:00:00,prod_005,seg_01,ctx_066,0.69,4,1
log_0540,2024-01-12 18:00:00,prod_013,seg_03,ctx_401,0.491,3,0
log_0541,2024-01-18 21:00:00,prod_024,seg_08,ctx_982,0.72,4,1
log_0542,2024-01-28 12:00:00,prod_088,seg_09,ctx_639,0.858,4,1
log_0543,2024-01-13 20:00:00,prod_043,seg_03,ctx_349,0.46,3,0
log_0544,2024-01-14 02:00:00,prod_017,seg_04,ctx_820,0.852,4,1
log_0545,2024-01-22 02:00:00,prod_053,seg_00,ctx_284,0.713,4,1
log_0546,2024-01-01 11:00:00,prod_005,seg_00,ctx_049,0.521,3,0
log_0547,2024-01-14 18:00:00,prod_031,seg_05,ctx_649,0.339,2,0
log_0548,2024-01-04 19:00:00,prod_024,seg_00,ctx_737,0.742,4,1
log_0549,2024-01-19 17:00:00,prod_046,seg_02,ctx_317,0.733,4,1
log_0550,2024-01-13 23:00:00,prod_050,seg_07,ctx_626,0.528,3,0
log_0551,2024-01-24 11:00:00,prod_093,seg_05,ctx_138,0.492,3,0
log_0552,2024-01-16 12:00:00,prod_071,seg_06,ctx_380,0.847,4,1
log_0553,2024-01-10 02:00:00,prod_036,seg_05,ctx_271,0.645,4,1
log_0554,2024-01-12 11:00:00,prod_020,seg_01,ctx_197,0.468,3,0
log_0555,2024-01-10 22:00:00,prod_047,seg_01,ctx_964,0.455,3,0
log_0556,2024-01-14 20:00:00,prod_020,seg_08,ctx_604,0.713,4,1
log_0557,2024-01-16 01:00:00,prod_098,seg_03,ctx_852,0.883,5,1
log_0558,2024-01-20 13:00:00,prod_090,seg_01,ctx_563,0.478,3,0
log_0559,2024-01-01 03:00:00,prod_022,seg_08,ctx_786,0.44,3,0
log_0560,2024-01-12 08:00:00,prod_046,seg_08,ctx_384,0.75,4,1
log_0561,2024-01-09 22:00:00,prod_017,seg_08,ctx_450,0.523,3,0
log_0562,2024-01-08 03:00:00,prod_034,seg_03,ctx_509,0.881,5,1
log_0563,2024-01-20 08:00:00,prod_060,seg_07,ctx_035,0.562,3,0
log_0564,2024-01-29 04:00:00,prod_049,seg_02,ctx_777,0.871,4,1
log_0565,2024-01-14 06:00:00,prod_069,seg_06,ctx_618,0.89,5,1
log_0566,2024-01-03 07:00:00,prod_006,seg_08,ctx_774,0.426,3,0
log_0567,2024-01-10 18:00:00,prod_095,seg_04,ctx_756,0.869,4,1
log_0568,2024-01-17 23:00:00,prod_047,seg_08,ctx_726,0.574,3,0
log_0569,2024-01-08 00:00:00,prod_068,seg_07,ctx_957,0.554,3,0
log_0570,2024-01-12 06:00:00,prod_007,seg_08,ctx_680,0.833,4,1
log_0571,2024-01-29 01:00:00,prod_009,seg_07,ctx_372,0.539,3,0
log_0572,2024-01-27 11:00:00,prod_000,seg_02,ctx_160,0.45,3,0
log_0573,2024-01-25 06:00:00,prod_032,seg_09,ctx_750,0.564,3,0
log_0574,2024-01-14 02:00:00,prod_095,seg_04,ctx_576,0.525,3,0
log_0575,2024-01-04 18:00:00,prod_007,seg_07,ctx_458,0.753,4,1
log_0576,2024-01-16 06:00:00,prod_013,seg_05,ctx_921,0.727,4,1
log_0577,2024-01-22 19:00:00,prod_020,seg_02,ctx_481,0.63,4,1
log_0578,2024-01-05 09:00:00,prod_069,seg_00,ctx_138,0.866,4,1
log_0579,2024-01-29 08:00:00,prod_087,seg_08,ctx_671,0.39,3,0
log_0580,2024-01-19 06:00:00,prod_070,seg_02,ctx_731,0.551,3,0
log_0581,2024-01-03 16:00:00,prod_046,seg_03,ctx_315,0.9,5,1
log_0582,2024-01-21 00:00:00,prod_040,seg_05,ctx_306,0.882,5,1
log_0583,2024-01-20 04:00:00,prod_046,seg_05,ctx_228,0.476,3,0
log_0584,2024-01-22 22:00:00,prod_087,seg_05,ctx_407,0.487,3,0
log_0585,2024-01-05 23:00:00,prod_057,seg_08,ctx_641,0.527,3,0
log_0586,2024-01-15 21:00:00,prod_038,seg_05,ctx_422,0.442,3,0
log_0587,2024-01-16 12:00:00,prod_039,seg_00,ctx_082,0.819,4,1
log_0588,2024-01-26 02:00:00,prod_085,seg_09,ctx_514,0.744,4,1
log_0589,2024-01-14 00:00:00,prod_099,seg_02,ctx_003,0.911,5,1
log_0590,2024-01-22 18:00:00,prod_014,seg_02,ctx_485,0.564,3,0
log_0591,2024-01-11 22:00:00,prod_000,seg_04,ctx_708,0.99,5,1
log_0592,2024-01-29 12:00:00,prod_018,seg_01,ctx_358,0.597,3,0
log_0593,2024-01-12 16:00:00,prod_070,seg_02,ctx_868,0.388,3,0
log_0594,2024-01-25 09:00:00,prod_070,seg_02,ctx_577,0.645,4,1
log_0595,2024-01-02 01:00:00,prod_098,seg_04,ctx_107,0.819,4,1
log_0596,2024-01-20 23:00:00,prod_043,seg_07,ctx_185,0.455,3,0
log_0597,2024-01-24 04:00:00,prod_005,seg_00,ctx_127,0.858,4,1
log_0598,2024-01-18 04:00:00,prod_072,seg_04,ctx_271,0.672,4,1
log_0599,2024-01-13 19:00:00,prod_070,seg_05,ctx_891,0.552,3,0
log_0600,2024-01-19 05:00:00,prod_077,seg_01,ctx_825,0.836,4,1
log_0601,2024-01-21 22:00:00,prod_009,seg_02,ctx_313,0.955,5,1
log_0602,2024-01-08 16:00:00,prod_099,seg_05,ctx_670,0.572,3,0
log_0603,2024-01-26 04:00:00,prod_026,seg_02,ctx_601,0.712,4,1
log_0604,2024-01-07 03:00:00,prod_089,seg_09,ctx_301,0.794,4,1
log_0605,2024-01-19 19:00:00,prod_006,seg_07,ctx_412,0.559,3,0
log_0606,2024-01-28 23:00:00,prod_011,seg_06,ctx_558,0.549,3,0
log_0607,2024-01-16 04:00:00,prod_035,seg_02,ctx_546,0.879,5,1
log_0608,2024-01-17 01:00:00,prod_011,seg_01,ctx_580,0.889,5,1
log_0609,2024-01-25 08:00:00,prod_072,seg_01,ctx_345,0.617,3,1
log_0610,2024-01-12 16:00:00,prod_027,seg_02,ctx_132,0.59,3,0
log_0611,2024-01-25 04:00:00,prod_077,seg_07,ctx_754,0.578,3,0
log_0612,2024-01-13 07:00:00,prod_050,seg_05,ctx_433,0.672,4,1
log_0613,2024-01-14 19:00:00,prod_026,seg_06,ctx_599,0.839,4,1
log_0614,2024-01-14 20:00:00,prod_054,seg_01,ctx_284,0.33,2,0
log_0615,2024-01-30 05:00:00,prod_025,seg_00,ctx_540,0.536,3,0
log_0616,2024-01-28 08:00:00,prod_076,seg_00,ctx_324,0.439,3,0
log_0617,2024-01-08 22:00:00,prod_062,seg_07,ctx_316,0.344,2,0
log_0618,2024-01-12 17:00:00,prod_065,seg_07,ctx_185,0.662,4,1
log_0619,2024-01-28 20:00:00,prod_049,seg_06,ctx_579,0.598,3,0
log_0620,2024-01-02 14:00:00,prod_010,seg_07,ctx_657,0.818,4,1
log_0621,2024-01-14 22:00:00,prod_022,seg_04,ctx_381,0.729,4,1
log_0622,2024-01-21 00:00:00,prod_002,seg_03,ctx_104,0.366,2,0
log_0623,2024-01-19 16:00:00,prod_058,seg_08,ctx_129,0.758,4,1
log_0624,2024-01-23 12:00:00,prod_075,seg_08,ctx_671,0.449,3,0
log_0625,2024-01-26 09:00:00,prod_017,seg_03,ctx_778,0.631,4,1
log_0626,2024-01-17 15:00:00,prod_029,seg_04,ctx_831,0.58,3,0
log_0627,2024-01-18 02:00:00,prod_065,seg_01,ctx_086,0.533,3,0
log_0628,2024-01-29 21:00:00,prod_092,seg_04,ctx_111,0.392,3,0
log_0629,2024-01-14 05:00:00,prod_079,seg_02,ctx_037,0.858,4,1
log_0630,2024-01-01 12:00:00,prod_032,seg_09,ctx_042,0.895,5,1
log_0631,2024-01-23 19:00:00,prod_011,seg_07,ctx_326,0.875,5,1
log_0632,2024-01-15 09:00:00,prod_016,seg_01,ctx_116,0.885,5,1
log_0633,2024-01-10 05:00:00,prod_042,seg_07,ctx_544,0.405,3,0
log_0634,2024-01-07 07:00:00,prod_097,seg_06,ctx_017,0.712,4,1
log_0635,2024-01-01 01:00:00,prod_088,seg_01,ctx_182,0.311,2,0
log_0636,2024-01-22 00:00:00,prod_091,seg_00,ctx_528,0.446,3,0
log_0637,2024-01-10 02:00:00,prod_005,seg_02,ctx_956,0.388,3,0
log_0638,2024-01-14 06:00:00,prod_057,seg_09,ctx_051,0.546,3,0
log_0639,2024-01-23 21:00:00,prod_054,seg_06,ctx_956,0.444,3,0
log_0640,2024-01-23 21:00:00,prod_033,seg_04,ctx_562,0.579,3,0
log_0641,2024-01-07 17:00:00,prod_082,seg_06,ctx_618,0.441,3,0
log_0642,2024-01-23 09:00:00,prod_051,seg_08,ctx_339,0.856,4,1
log_0643,2024-01-21 09:00:00,prod_074,seg_06,ctx_215,0.462,3,0
log_0644,2024-01-15 01:00:00,prod_044,seg_05,ctx_356,0.809,4,1
log_0645,2024-01-30 13:00:00,prod_042,seg_08,ctx_816,0.365,2,0
log_0646,2024-01-26 23:00:00,prod_075,seg_09,ctx_808,0.659,4,1
log_0647,2024-01-30 19:00:00,prod_009,seg_00,ctx_291,0.529,3,0
log_0648,2024-01-23 15:00:00,prod_033,seg_06,ctx_488,0.392,3,0
log_0649,2024-01-20 22:00:00,prod_079,seg_05,ctx_467,0.797,4,1
log_0650,2024-01-15 04:00:00,prod_072,seg_09,ctx_734,0.752,4,1
log_0651,2024-01-23 13:00:00,prod_032,seg_06,ctx_576,0.414,3,0
log_0652,2024-01-25 03:00:00,prod_098,seg_03,ctx_078,0.612,3,1
log_0653,2024-01-08 16:00:00,prod_012,seg_06,ctx_370,0.442,3,0
log_0654,2024-01-04 21:00:00,prod_012,seg_01,ctx_590,0.651,4,1
log_0655,2024-01-29 06:00:00,prod_019,seg_02,ctx_325,0.477,3,0
log_0656,2024-01-15 07:00:00,prod_088,seg_00,ctx_862,0.552,3,0
log_0657,2024-01-03 15:00:00,prod_059,seg_01,ctx_832,0.402,3,0
log_0658,2024-01-27 16:00:00,prod_082,seg_03,ctx_492,0.8,4,1
log_0659,2024-01-24 07:00:00,prod_002,seg_09,ctx_881,0.376,3,0
log_0660,2024-01-07 17:00:00,prod_072,seg_09,ctx_898,0.563,3,0
log_0661,2024-01-10 20:00:00,prod_090,seg_09,ctx_766,0.707,4,1
log_0662,2024-01-02 00:00:00,prod_004,seg_00,ctx_294,0.494,3,0
log_0663,2024-01-22 09:00:00,prod_044,seg_01,ctx_447,0.516,3,0
log_0664,2024-01-04 15:00:00,prod_091,seg_09,ctx_548,0.558,3,0
log_0665,2024-01-27 21:00:00,prod_097,seg_00,ctx_142,0.306,2,0
log_0666,2024-01-18 06:00:00,prod_052,seg_09,ctx_250,0.848,4,1
log_0667,2024-01-08 09:00:00,prod_095,seg_08,ctx_856,0.435,3,0
log_0668,2024-01-03 11:00:00,prod_065,seg_08,ctx_578,0.505,3,0
log_0669,2024-01-03 19:00:00,prod_058,seg_02,ctx_159,0.679,4,1
log_0670,2024-01-24 17:00:00,prod_028,seg_04,ctx_132,0.886,5,1
log_0671,2024-01-20 15:00:00,prod_050,seg_09,ctx_759,0.523,3,0
log_0672,2024-01-01 07:00:00,prod_073,seg_09,ctx_722,0.659,4,1
log_0673,2024-01-29 00:00:00,prod_082,seg_07,ctx_229,0.827,4,1
log_0674,2024-01-07 18:00:00,prod_079,seg_08,ctx_314,0.6,3,1
log_0675,2024-01-11 23:00:00,prod_073,seg_09,ctx_778,0.558,3,0
log_0676,2024-01-21 00:00:00,prod_077,seg_08,ctx_591,0.836,4,1
log_0677,2024-01-16 10:00:00,prod_082,seg_06,ctx_634,0.637,4,1
log_0678,2024-01-21 05:00:00,prod_059,seg_06,ctx_790,0.517,3,0
log_0679,2024-01-27 02:00:00,prod_086,seg_00,ctx_743,0.511,3,0
log_0680,2024-01-05 17:00:00,prod_043,seg_00,ctx_569,0.332,2,0
log_0681,2024-01-15 05:00:00,prod_016,seg_00,ctx_258,0.646,4,1
log_0682,2024-01-10 08:00:00,prod_036,seg_03,ctx_487,0.841,4,1
log_0683,2024-01-23 11:00:00,prod_047,seg_04,ctx_041,0.636,4,1
log_0684,2024-01-20 20:00:00,prod_040,seg_06,ctx_995,0.563,3,0
log_0685,2024-01-27 16:00:00,prod_005,seg_05,ctx_643,0.402,3,0
log_0686,2024-01-24 03:00:00,prod_081,seg_00,ctx_341,0.55,3,0
log_0687,2024-01-01 23:00:00,prod_041,seg_03,ctx_892,0.456,3,0
log_0688,2024-01-16 19:00:00,prod_072,seg_05,ctx_816,0.81,4,1
log_0689,2024-01-11 01:00:00,prod_065,seg_07,ctx_093,0.864,4,1
log_0690,2024-01-02 07:00:00,prod_046,seg_05,ctx_450,0.613,3,1
log_0691,2024-01-18 17:00:00,prod_037,seg_04,ctx_952,0.779,4,1
log_0692,2024-01-02 12:00:00,prod_009,seg_00,ctx_248,0.896,5,1
log_0693,2024-01-11 01:00:00,prod_085,seg_00,ctx_083,0.648,4,1
log_0694,2024-01-22 19:00:00,prod_031,seg_01,ctx_886,0.536,3,0
log_0695,2024-01-24 09:00:00,prod_005,seg_04,ctx_129,0.638,4,1
log_0696,2024-01-21 09:00:00,prod_073,seg_02,ctx_229,0.644,4,1
log_0697,2024-01-20 23:00:00,prod_084,seg_05,ctx_790,0.727,4,1
log_0698,2024-01-17 15:00:00,prod_082,seg_02,ctx_242,0.85,4,1
log_0699,2024-01-12 18:00:00,prod_083,seg_07,ctx_130,0.782,4,1
log_0700,2024-01-08 15:00:00,prod_053,seg_07,ctx_253,0.76,4,1
log_0701,2024-01-23 00:00:00,prod_022,seg_05,ctx_479,0.85,4,1
log_0702,2024-01-08 21:00:00,prod_003,seg_01,ctx_471,0.856,4,1
log_0703,2024-01-20 05:00:00,prod_043,seg_03,ctx_051,0.684,4,1
log_0704,2024-01-12 13:00:00,prod_000,seg_09,ctx_649,0.397,3,0
log_0705,2024-01-19 00:00:00,prod_058,seg_05,ctx_016,0.309,2,0
log_0706,2024-01-03 00:00:00,prod_071,seg_06,ctx_236,0.862,4,1
log_0707,2024-01-10 14:00:00,prod_093,seg_04,ctx_600,0.885,5,1
log_0708,2024-01-17 05:00:00,prod_094,seg_00,ctx_455,0.967,5,1
log_0709,2024-01-28 19:00:00,prod_008,seg_02,ctx_748,0.338,2,0
log_0710,2024-01-07 15:00:00,prod_054,seg_01,ctx_561,0.488,3,0
log_0711,2024-01-08 01:00:00,prod_052,seg_02,ctx_833,0.807,4,1
log_0712,2024-01-24 01:00:00,prod_087,seg_00,ctx_570,0.734,4,1
log_0713,2024-01-23 23:00:00,prod_003,seg_05,ctx_292,0.451,3,0
log_0714,2024-01-08 23:00:00,prod_070,seg_06,ctx_908,0.636,4,1
log_0715,2024-01-14 16:00:00,prod_036,seg_01,ctx_191,0.584,3,0
log_0716,2024-01-30 07:00:00,prod_098,seg_05,ctx_625,0.848,4,1
log_0717,2024-01-11 05:00:00,prod_029,seg_01,ctx_222,0.365,2,0
log_0718,2024-01-23 22:00:00,prod_041,seg_07,ctx_989,0.711,4,1
log_0719,2024-01-22 03:00:00,prod_023,seg_03,ctx_909,0.443,3,0
log_0720,2024-01-20 11:00:00,prod_018,seg_07,ctx_381,0.467,3,0
log_0721,2024-01-28 12:00:00,prod_096,seg_00,ctx_099,0.539,3,0
log_0722,2024-01-25 18:00:00,prod_053,seg_07,ctx_824,0.744,4,1
log_0723,2024-01-05 07:00:00,prod_069,seg_08,ctx_813,0.313,2,0
log_0724,2024-01-30 01:00:00,prod_058,seg_06,ctx_989,0.622,3,1
log_0725,2024-01-17 04:00:00,prod_070,seg_06,ctx_271,0.582,3,0
log_0726,2024-01-19 20:00:00,prod_023,seg_02,ctx_467,0.569,3,0
log_0727,2024-01-29 04:00:00,prod_050,seg_06,ctx_197,0.679,4,1
log_0728,2024-01-20 06:00:00,prod_025,seg_07,ctx_535,0.603,3,1
log_0729,2024-01-30 05:00:00,prod_079,seg_06,ctx_656,0.375,2,0
log_0730,2024-01-16 17:00:00,prod_023,seg_05,ctx_017,0.866,4,1
log_0731,2024-01-28 13:00:00,prod_051,seg_02,ctx_879,0.773,4,1
log_0732,2024-01-26 10:00:00,prod_015,seg_03,ctx_976,0.674,4,1
log_0733,2024-01-21 11:00:00,prod_000,seg_04,ctx_076,0.681,4,1
log_0734,2024-01-26 00:00:00,prod_026,seg_02,ctx_798,0.854,4,1
log_0735,2024-01-17 01:00:00,prod_065,seg_00,ctx_838,0.599,3,0
log_0736,2024-01-23 10:00:00,prod_077,seg_09,ctx_706,0.792,4,1
log_0737,2024-01-21 14:00:00,prod_011,seg_02,ctx_274,0.527,3,0
log_0738,2024-01-21 20:00:00,prod_053,seg_00,ctx_680,0.785,4,1
log_0739,2024-01-04 12:00:00,prod_058,seg_02,ctx_643,0.643,4,1
log_0740,2024-01-14 12:00:00,prod_041,seg_03,ctx_226,0.779,4,1
log_0741,2024-01-30 18:00:00,prod_046,seg_02,ctx_241,0.524,3,0
log_0742,2024-01-26 18:00:00,prod_026,seg_01,ctx_564,0.836,4,1
log_0743,2024-01-16 02:00:00,prod_018,seg_02,ctx_143,0.313,2,0
log_0744,2024-01-03 02:00:00,prod_088,seg_08,ctx_694,0.551,3,0
log_0745,2024-01-08 09:00:00,prod_037,seg_08,ctx_441,0.539,3,0
log_0746,2024-01-27 13:00:00,prod_011,seg_06,ctx_972,0.85,4,1
log_0747,2024-01-27 12:00:00,prod_021,seg_03,ctx_004,0.319,2,0
log_0748,2024-01-16 08:00:00,prod_004,seg_04,ctx_483,0.729,4,1
log_0749,2024-01-12 20:00:00,prod_083,seg_09,ctx_599,0.63,4,1
log_0750,2024-01-06 15:00:00,prod_093,seg_02,ctx_660,0.792,4,1
log_0751,2024-01-12 07:00:00,prod_060,seg_03,ctx_643,0.769,4,1
log_0752,2024-01-14 11:00:00,prod_065,seg_08,ctx_070,0.73,4,1
log_0753,2024-01-13 20:00:00,prod_016,seg_04,ctx_674,0.738,4,1
log_0754,2024-01-15 18:00:00,prod_082,seg_06,ctx_914,0.337,2,0
log_0755,2024-01-17 10:00:00,prod_085,seg_03,ctx_364,0.495,3,0
log_0756,2024-01-04 04:00:00,prod_028,seg_07,ctx_460,0.362,2,0
log_0757,2024-01-22 13:00:00,prod_087,seg_03,ctx_202,0.482,3,0
log_0758,2024-01-27 23:00:00,prod_038,seg_02,ctx_774,0.917,5,1
log_0759,2024-01-05 11:00:00,prod_077,seg_03,ctx_985,0.858,4,1
log_0760,2024-01-07 19:00:00,prod_008,seg_07,ctx_414,0.422,3,0
log_0761,2024-01-12 22:00:00,prod_051,seg_08,ctx_797,0.722,4,1
log_0762,2024-01-15 10:00:00,prod_083,seg_01,ctx_290,0.821,4,1
log_0763,2024-01-12 05:00:00,prod_046,seg_05,ctx_987,0.599,3,0
log_0764,2024-01-19 01:00:00,prod_096,seg_04,ctx_199,0.605,3,1
log_0765,2024-01-21 15:00:00,prod_016,seg_07,ctx_535,0.521,3,0
log_0766,2024-01-21 19:00:00,prod_073,seg_09,ctx_019,0.582,3,0
log_0767,2024-01-26 00:00:00,prod_067,seg_08,ctx_183,0.967,5,1
log_0768,2024-01-24 05:00:00,prod_069,seg_04,ctx_307,0.77,4,1
log_0769,2024-01-03 17:00:00,prod_032,seg_09,ctx_920,0.474,3,0
log_0770,2024-01-14 13:00:00,prod_084,seg_09,ctx_075,0.807,4,1
log_0771,2024-01-06 08:00:00,prod_014,seg_00,ctx_197,0.704,4,1
log_0772,2024-01-09 09:00:00,prod_087,seg_02,ctx_172,0.784,4,1
log_0773,2024-01-01 20:00:00,prod_018,seg_09,ctx_432,0.795,4,1
log_0774,2024-01-13 07:00:00,prod_023,seg_08,ctx_992,0.89,5,1
log_0775,2024-01-03 14:00:00,prod_050,seg_04,ctx_984,0.482,3,0
log_0776,2024-01-14 03:00:00,prod_033,seg_02,ctx_017,0.779,4,1
log_0777,2024-01-18 10:00:00,prod_060,seg_00,ctx_285,0.321,2,0
log_0778,2024-01-02 04:00:00,prod_072,seg_08,ctx_683,0.547,3,0
log_0779,2024-01-01 16:00:00,prod_067,seg_06,ctx_884,0.367,2,0
log_0780,2024-01-22 05:00:00,prod_082,seg_03,ctx_831,0.307,2,0
log_0781,2024-01-19 17:00:00,prod_069,seg_00,ctx_137,0.365,2,0
log_0782,2024-01-09 00:00:00,prod_045,seg_07,ctx_343,0.324,2,0
log_0783,2024-01-10 21:00:00,prod_094,seg_06,ctx_590,0.803,4,1
log_0784,2024-01-27 15:00:00,prod_054,seg_06,ctx_693,0.368,2,0
log_0785,2024-01-19 16:00:00,prod_095,seg_06,ctx_362,0.475,3,0
log_0786,2024-01-28 19:00:00,prod_056,seg_06,ctx_533,0.487,3,0
log_0787,2024-01-18 04:00:00,prod_035,seg_06,ctx_665,0.451,3,0
log_0788,2024-01-25 01:00:00,prod_008,seg_04,ctx_381,0.61,3,1
log_0789,2024-01-18 03:00:00,prod_020,seg_07,ctx_090,0.552,3,0
log_0790,2024-01-09 18:00:00,prod_068,seg_05,ctx_398,0.751,4,1
log_0791,2024-01-02 16:00:00,prod_091,seg_04,ctx_779,0.53,3,0
log_0792,2024-01-02 08:00:00,prod_030,seg_02,ctx_448,0.799,4,1
log_0793,2024-01-18 00:00:00,prod_008,seg_00,ctx_819,0.345,2,0
log_0794,2024-01-10 15:00:00,prod_007,seg_09,ctx_695,0.868,4,1
log_0795,2024-01-25 06:00:00,prod_090,seg_00,ctx_944,0.489,3,0
log_0796,2024-01-18 01:00:00,prod_078,seg_03,ctx_145,0.444,3,0
log_0797,2024-01-09 19:00:00,prod_003,seg_05,ctx_471,0.629,4,1
log_0798,2024-01-21 19:00:00,prod_004,seg_01,ctx_091,0.897,5,1
log_0799,2024-01-02 12:00:00,prod_024,seg_09,ctx_157,0.72,4,1
log_0800,2024-01-22 13:00:00,prod_084,seg_06,ctx_168,0.619,3,1
log_0801,2024-01-20 03:00:00,prod_068,seg_04,ctx_183,0.469,3,0
log_0802,2024-01-19 06:00:00,prod_070,seg_07,ctx_712,0.759,4,1
log_0803,2024-01-14 16:00:00,prod_053,seg_04,ctx_080,0.816,4,1
log_0804,2024-01-26 19:00:00,prod_024,seg_00,ctx_502,0.52,3,0
log_0805,2024-01-16 01:00:00,prod_061,seg_03,ctx_329,0.469,3,0
log_0806,2024-01-18 02:00:00,prod_021,seg_08,ctx_075,0.421,3,0
log_0807,2024-01-08 09:00:00,prod_024,seg_06,ctx_471,0.436,3,0
log_0808,2024-01-02 00:00:00,prod_098,seg_08,ctx_252,0.476,3,0
log_0809,2024-01-04 10:00:00,prod_024,seg_04,ctx_558,0.475,3,0
log_0810,2024-01-23 00:00:00,prod_042,seg_04,ctx_347,0.391,3,0
log_0811,2024-01-09 05:00:00,prod_027,seg_02,ctx_140,0.881,5,1
log_0812,2024-01-17 05:00:00,prod_009,seg_09,ctx_164,0.756,4,1
log_0813,2024-01-25 11:00:00,prod_083,seg_00,ctx_021,0.553,3,0
log_0814,2024-01-21 04:00:00,prod_078,seg_01,ctx_474,0.692,4,1
log_0815,2024-01-08 05:00:00,prod_046,seg_02,ctx_386,0.728,4,1
log_0816,2024-01-16 04:00:00,prod_077,seg_09,ctx_782,0.871,4,1
log_0817,2024-01-19 23:00:00,prod_003,seg_05,ctx_620,0.707,4,1
log_0818,2024-01-02 01:00:00,prod_042,seg_00,ctx_966,0.5,3,0
log_0819,2024-01-10 14:00:00,prod_013,seg_07,ctx_038,0.598,3,0
log_0820,2024-01-01 08:00:00,prod_052,seg_06,ctx_364,0.462,3,0
log_0821,2024-01-29 20:00:00,prod_076,seg_08,ctx_384,0.787,4,1
log_0822,2024-01-28 23:00:00,prod_053,seg_00,ctx_918,0.377,3,0
log_0823,2024-01-02 20:00:00,prod_000,seg_00,ctx_714,0.788,4,1
log_0824,2024-01-09 23:00:00,prod_082,seg_02,ctx_482,0.64,4,1
log_0825,2024-01-15 18:00:00,prod_035,seg_03,ctx_099,0.492,3,0
log_0826,2024-01-14 07:00:00,prod_084,seg_06,ctx_714,0.805,4,1
log_0827,2024-01-07 13:00:00,prod_073,seg_01,ctx_882,0.867,4,1
log_0828,2024-01-09 06:00:00,prod_015,seg_09,ctx_344,0.893,5,1
log_0829,2024-01-01 02:00:00,prod_030,seg_09,ctx_326,0.618,3,1
log_0830,2024-01-18 16:00:00,prod_068,seg_00,ctx_192,0.647,4,1
log_0831,2024-01-29 11:00:00,prod_097,seg_02,ctx_202,0.348,2,0
log_0832,2024-01-30 15:00:00,prod_053,seg_05,ctx_008,0.31,2,0
log_0833,2024-01-10 12:00:00,prod_066,seg_02,ctx_932,0.601,3,1
log_0834,2024-01-27 04:00:00,prod_015,seg_05,ctx_092,0.798,4,1
log_0835,2024-01-27 00:00:00,prod_090,seg_00,ctx_711,0.421,3,0
log_0836,2024-01-01 10:00:00,prod_070,seg_08,ctx_268,0.86,4,1
log_0837,2024-01-29 15:00:00,prod_054,seg_00,ctx_137,0.882,5,1
log_0838,2024-01-25 10:00:00,prod_026,seg_00,ctx_308,0.812,4,1
log_0839,2024-01-17 04:00:00,prod_035,seg_06,ctx_517,0.605,3,1
log_0840,2024-01-05 02:00:00,prod_038,seg_09,ctx_456,0.305,2,0
log_0841,2024-01-10 11:00:00,prod_081,seg_04,ctx_326,0.301,2,0
log_0842,2024-01-08 07:00:00,prod_029,seg_08,ctx_824,0.685,4,1
log_0843,2024-01-13 07:00:00,prod_077,seg_06,ctx_819,0.725,4,1
log_0844,2024-01-21 21:00:00,prod_039,seg_06,ctx_170,0.469,3,0
log_0845,2024-01-11 09:00:00,prod_028,seg_06,ctx_532,0.672,4,1
log_0846,2024-01-12 04:00:00,prod_004,seg_01,ctx_189,0.568,3,0
log_0847,2024-01-17 00:00:00,prod_040,seg_04,ctx_200,0.6,3,0
log_0848,2024-01-15 05:00:00,prod_065,seg_08,ctx_929,0.715,4,1
log_0849,2024-01-30 12:00:00,prod_074,seg_09,ctx_451,0.622,3,1
log_0850,2024-01-03 01:00:00,prod_058,seg_04,ctx_274,0.394,3,0
log_0851,2024-01-29 13:00:00,prod_010,seg_03,ctx_635,0.642,4,1
log_0852,2024-01-21 15:00:00,prod_079,seg_07,ctx_903,0.62,3,1
log_0853,2024-01-18 17:00:00,prod_056,seg_03,ctx_267,0.323,2,0
log_0854,2024-01-07 14:00:00,prod_067,seg_08,ctx_852,0.654,4,1
log_0855,2024-01-27 07:00:00,prod_076,seg_04,ctx_047,0.482,3,0
log_0856,2024-01-23 07:00:00,prod_083,seg_09,ctx_612,0.534,3,0
log_0857,2024-01-07 01:00:00,prod_032,seg_04,ctx_230,0.356,2,0
log_0858,2024-01-15 15:00:00,prod_069,seg_08,ctx_570,0.57,3,0
log_0859,2024-01-10 15:00:00,prod_083,seg_02,ctx_280,0.681,4,1
log_0860,2024-01-23 09:00:00,prod_097,seg_07,ctx_230,0.791,4,1
log_0861,2024-01-03 18:00:00,prod_037,seg_02,ctx_574,0.405,3,0
log_0862,2024-01-30 21:00:00,prod_021,seg_00,ctx_116,0.399,3,0
log_0863,2024-01-07 11:00:00,prod_039,seg_07,ctx_052,0.399,3,0
log_0864,2024-01-18 04:00:00,prod_086,seg_08,ctx_327,0.625,4,1
log_0865,2024-01-05 09:00:00,prod_040,seg_05,ctx_466,0.569,3,0
log_0866,2024-01-22 13:00:00,prod_089,seg_02,ctx_702,0.586,3,0
log_0867,2024-01-27 12:00:00,prod_057,seg_05,ctx_085,0.694,4,1
log_0868,2024-01-07 19:00:00,prod_090,seg_08,ctx_989,0.654,4,1
log_0869,2024-01-02 13:00:00,prod_095,seg_01,ctx_903,0.372,2,0
log_0870,2024-01-26 23:00:00,prod_053,seg_06,ctx_763,0.646,4,1
log_0871,2024-01-07 11:00:00,prod_076,seg_09,ctx_448,0.503,3,0
log_0872,2024-01-28 20:00:00,prod_091,seg_08,ctx_887,0.587,3,0
log_0873,2024-01-25 17:00:00,prod_094,seg_04,ctx_953,0.877,5,1
log_0874,2024-01-29 08:00:00,prod_020,seg_03,ctx_905,0.432,3,0
log_0875,2024-01-06 11:00:00,prod_079,seg_04,ctx_634,0.516,3,0
log_0876,2024-01-30 08:00:00,prod_018,seg_08,ctx_367,0.773,4,1
log_0877,2024-01-26 09:00:00,prod_019,seg_05,ctx_980,0.666,4,1
log_0878,2024-01-08 06:00:00,prod_000,seg_09,ctx_498,0.494,3,0
log_0879,2024-01-21 07:00:00,prod_096,seg_07,ctx_240,0.345,2,0
log_0880,2024-01-10 07:00:00,prod_083,seg_03,ctx_452,0.755,4,1
log_0881,2024-01-04 00:00:00,prod_081,seg_01,ctx_370,0.364,2,0
log_0882,2024-01-06 09:00:00,prod_048,seg_03,ctx_184,0.83,4,1
log_0883,2024-01-27 21:00:00,prod_002,seg_02,ctx_431,0.316,2,0
log_0884,2024-01-16 05:00:00,prod_088,seg_03,ctx_634,0.754,4,1
log_0885,2024-01-19 18:00:00,prod_049,seg_04,ctx_438,0.579,3,0
log_0886,2024-01-22 19:00:00,prod_000,seg_01,ctx_883,0.355,2,0
log_0887,2024-01-27 18:00:00,prod_006,seg_08,ctx_679,0.656,4,1
log_0888,2024-01-02 22:00:00,prod_013,seg_02,ctx_859,0.805,4,1
log_0889,2024-01-23 12:00:00,prod_037,seg_03,ctx_402,0.556,3,0
log_0890,2024-01-16 11:00:00,prod_081,seg_04,ctx_152,0.839,4,1
log_0891,2024-01-08 06:00:00,prod_075,seg_04,ctx_553,0.655,4,1
log_0892,2024-01-26 12:00:00,prod_075,seg_02,ctx_350,0.366,2,0
log_0893,2024-01-12 04:00:00,prod_012,seg_09,ctx_885,0.871,4,1
log_0894,2024-01-29 19:00:00,prod_042,seg_00,ctx_343,0.744,4,1
log_0895,2024-01-30 14:00:00,prod_005,seg_00,ctx_665,0.541,3,0
log_0896,2024-01-13 12:00:00,prod_017,seg_04,ctx_345,0.9,5,1
log_0897,2024-01-03 00:00:00,prod_091,seg_02,ctx_312,0.728,4,1
log_0898,2024-01-02 01:00:00,prod_031,seg_03,ctx_089,0.659,4,1
log_0899,2024-01-11 20:00:00,prod_069,seg_04,ctx_409,0.727,4,1
log_0900,2024-01-06 20:00:00,prod_010,seg_02,ctx_871,0.79,4,1
log_0901,2024-01-26 08:00:00,prod_072,seg_08,ctx_521,0.786,4,1
log_0902,2024-01-17 14:00:00,prod_076,seg_04,ctx_414,0.314,2,0
log_0903,2024-01-16 22:00:00,prod_099,seg_00,ctx_025,0.829,4,1
log_0904,2024-01-14 19:00:00,prod_097,seg_07,ctx_834,0.709,4,1
log_0905,2024-01-04 16:00:00,prod_054,seg_05,ctx_199,0.409,3,0
log_0906,2024-01-21 12:00:00,prod_026,seg_03,ctx_214,0.488,3,0
log_0907,2024-01-09 06:00:00,prod_025,seg_02,ctx_715,0.605,3,1
log_0908,2024-01-10 08:00:00,prod_029,seg_02,ctx_886,0.688,4,1
log_0909,2024-01-12 12:00:00,prod_042,seg_03,ctx_320,0.599,3,0
log_0910,2024-01-27 10:00:00,prod_009,seg_00,ctx_187,0.925,5,1
log_0911,2024-01-08 12:00:00,prod_078,seg_04,ctx_777,0.444,3,0
log_0912,2024-01-01 06:00:00,prod_039,seg_02,ctx_542,0.826,4,1
log_0913,2024-01-06 23:00:00,prod_017,seg_06,ctx_326,0.587,3,0
log_0914,2024-01-28 18:00:00,prod_063,seg_00,ctx_099,0.462,3,0
log_0915,2024-01-22 19:00:00,prod_039,seg_05,ctx_566,0.847,4,1
log_0916,2024-01-21 04:00:00,prod_084,seg_05,ctx_801,0.349,2,0
log_0917,2024-01-13 23:00:00,prod_026,seg_01,ctx_275,0.322,2,0
log_0918,2024-01-20 10:00:00,prod_058,seg_00,ctx_767,0.49,3,0
log_0919,2024-01-07 09:00:00,prod_005,seg_00,ctx_877,0.585,3,0
log_0920,2024-01-08 08:00:00,prod_074,seg_00,ctx_939,0.955,5,1
log_0921,2024-01-19 15:00:00,prod_015,seg_08,ctx_949,0.579,3,0
log_0922,2024-01-19 02:00:00,prod_052,seg_02,ctx_040,0.576,3,0
log_0923,2024-01-14 11:00:00,prod_053,seg_01,ctx_101,0.747,4,1
log_0924,2024-01-18 12:00:00,prod_008,seg_06,ctx_721,0.647,4,1
log_0925,2024-01-14 06:00:00,prod_052,seg_01,ctx_108,0.689,4,1
log_0926,2024-01-13 19:00:00,prod_071,seg_03,ctx_816,0.98,5,1
log_0927,2024-01-12 08:00:00,prod_049,seg_04,ctx_591,0.832,4,1
log_0928,2024-01-04 03:00:00,prod_014,seg_07,ctx_850,0.738,4,1
log_0929,2024-01-13 16:00:00,prod_016,seg_05,ctx_119,0.89,5,1
log_0930,2024-01-12 05:00:00,prod_050,seg_05,ctx_131,0.575,3,0
log_0931,2024-01-12 21:00:00,prod_041,seg_06,ctx_404,0.699,4,1
log_0932,2024-01-01 23:00:00,prod_010,seg_01,ctx_363,0.761,4,1
log_0933,2024-01-05 12:00:00,prod_052,seg_08,ctx_071,0.556,3,0
log_0934,2024-01-14 18:00:00,prod_077,seg_04,ctx_213,0.545,3,0
log_0935,2024-01-08 08:00:00,prod_025,seg_00,ctx_286,0.644,4,1
log_0936,2024-01-29 16:00:00,prod_078,seg_00,ctx_518,0.793,4,1
log_0937,2024-01-27 07:00:00,prod_089,seg_00,ctx_372,0.738,4,1
log_0938,2024-01-10 11:00:00,prod_032,seg_04,ctx_546,0.425,3,0
log_0939,2024-01-11 07:00:00,prod_023,seg_06,ctx_847,0.723,4,1
log_0940,2024-01-13 16:00:00,prod_085,seg_00,ctx_775,0.489,3,0
log_0941,2024-01-03 22:00:00,prod_038,seg_06,ctx_480,0.716,4,1
log_0942,2024-01-18 05:00:00,prod_006,seg_08,ctx_047,0.59,3,0
log_0943,2024-01-03 03:00:00,prod_055,seg_07,ctx_268,0.308,2,0
log_0944,2024-01-07 16:00:00,prod_017,seg_03,ctx_945,0.377,3,0
log_0945,2024-01-22 13:00:00,prod_056,seg_02,ctx_295,0.479,3,0
log_0946,2024-01-16 21:00:00,prod_048,seg_09,ctx_087,0.334,2,0
log_0947,2024-01-29 15:00:00,prod_037,seg_07,ctx_876,0.75,4,1
log_0948,2024-01-29 19:00:00,prod_000,seg_00,ctx_699,0.456,3,0
log_0949,2024-01-22 23:00:00,prod_029,seg_07,ctx_078,0.733,4,1
log_0950,2024-01-28 18:00:00,prod_040,seg_03,ctx_882,0.882,5,1
log_0951,2024-01-28 06:00:00,prod_044,seg_04,ctx_949,0.943,5,1
log_0952,2024-01-10 19:00:00,prod_009,seg_01,ctx_498,0.349,2,0
log_0953,2024-01-23 17:00:00,prod_070,seg_04,ctx_016,0.51,3,0
log_0954,2024-01-04 10:00:00,prod_090,seg_00,ctx_473,0.938,5,1
log_0955,2024-01-29 15:00:00,prod_003,seg_01,ctx_698,0.375,2,0
log_0956,2024-01-14 08:00:00,prod_018,seg_02,ctx_994,0.447,3,0
log_0957,2024-01-14 18:00:00,prod_095,seg_07,ctx_955,0.623,3,1
log_0958,2024-01-24 04:00:00,prod_007,seg_00,ctx_219,0.433,3,0
log_0959,2024-01-06 18:00:00,prod_066,seg_03,ctx_615,0.316,2,0
log_0960,2024-01-27 08:00:00,prod_016,seg_00,ctx_157,0.624,3,1
log_0961,2024-01-09 14:00:00,prod_003,seg_02,ctx_933,1.0,5,1
log_0962,2024-01-21 00:00:00,prod_096,seg_08,ctx_770,0.663,4,1
log_0963,2024-01-29 08:00:00,prod_035,seg_03,ctx_277,0.821,4,1
log_0964,2024-01-30 11:00:00,prod_077,seg_05,ctx_929,0.645,4,1
log_0965,2024-01-09 04:00:00,prod_062,seg_03,ctx_012,0.795,4,1
log_0966,2024-01-10 18:00:00,prod_079,seg_05,ctx_940,0.896,5,1
log_0967,2024-01-19 19:00:00,prod_004,seg_06,ctx_032,0.41,3,0
log_0968,2024-01-15 16:00:00,prod_090,seg_05,ctx_087,0.436,3,0
log_0969,2024-01-29 10:00:00,prod_003,seg_07,ctx_970,0.838,4,1
log_0970,2024-01-14 10:00:00,prod_017,seg_03,ctx_371,0.746,4,1
log_0971,2024-01-02 08:00:00,prod_065,seg_02,ctx_646,0.606,3,1
log_0972,2024-01-13 09:00:00,prod_057,seg_00,ctx_486,0.935,5,1
log_0973,2024-01-25 09:00:00,prod_032,seg_09,ctx_808,0.729,4,1
log_0974,2024-01-27 13:00:00,prod_016,seg_04,ctx_362,0.504,3,0
log_0975,2024-01-22 21:00:00,prod_050,seg_08,ctx_462,0.728,4,1
log_0976,2024-01-01 12:00:00,prod_006,seg_01,ctx_291,0.459,3,0
log_0977,2024-01-04 08:00:00,prod_012,seg_02,ctx_559,0.337,2,0
log_0978,2024-01-25 20:00:00,prod_012,seg_08,ctx_030,0.467,3,0
log_0979,2024-01-23 16:00:00,prod_005,seg_06,ctx_414,0.397,3,0
log_0980,2024-01-08 20:00:00,prod_032,seg_02,ctx_552,0.866,4,1
log_0981,2024-01-22 16:00:00,prod_067,seg_03,ctx_742,0.853,4,1
log_0982,2024-01-09 13:00:00,prod_042,seg_02,ctx_490,0.804,4,1
log_0983,2024-01-24 13:00:00,prod_040,seg_07,ctx_277,0.645,4,1
log_0984,2024-01-12 17:00:00,prod_022,seg_09,ctx_136,0.492,3,0
log_0985,2024-01-11 01:00:00,prod_018,seg_04,ctx_517,0.783,4,1
log_0986,2024-01-09 22:00:00,prod_059,seg_01,ctx_183,0.449,3,0
log_0987,2024-01-21 04:00:00,prod_097,seg_06,ctx_799,0.734,4,1
log_0988,2024-01-07 03:00:00,prod_085,seg_01,ctx_062,0.336,2,0
log_0989,2024-01-20 04:00:00,prod_006,seg_05,ctx_203,0.697,4,1
log_0990,2024-01-09 01:00:00,prod_026,seg_09,ctx_712,0.602,3,1
log_0991,2024-01-07 05:00:00,prod_048,seg_01,ctx_510,0.386,3,0
log_0992,2024-01-19 09:00:00,prod_062,seg_06,ctx_567,0.815,4,1
log_0993,2024-01-27 19:00:00,prod_060,seg_07,ctx_431,0.866,4,1
log_0994,2024-01-23 22:00:00,prod_018,seg_09,ctx_714,0.548,3,0
log_0995,2024-01-17 13:00:00,prod_063,seg_03,ctx_321,0.413,3,0
log_0996,2024-01-15 16:00:00,prod_004,seg_02,ctx_840,0.798,4,1
log_0997,2024-01-20 00:00:00,prod_051,seg_05,ctx_843,0.392,3,0
log_0998,2024-01-26 08:00:00,prod_011,seg_08,ctx_815,0.619,3,1
log_0999,2024-01-07 19:00:00,prod_007,seg_03,ctx_316,0.889,5,1
log_1000,2024-01-26 09:00:00,prod_064,seg_04,ctx_102,0.608,3,1
log_1001,2024-01-13 08:00:00,prod_048,seg_07,ctx_662,0.458,3,0
log_1002,2024-01-26 07:00:00,prod_058,seg_09,ctx_194,0.742,4,1
log_1003,2024-01-12 08:00:00,prod_099,seg_05,ctx_909,0.631,4,1
log_1004,2024-01-29 03:00:00,prod_035,seg_00,ctx_397,0.843,4,1
log_1005,2024-01-18 11:00:00,prod_010,seg_01,ctx_901,0.497,3,0
log_1006,2024-01-16 08:00:00,prod_097,seg_07,ctx_320,0.437,3,0
log_1007,2024-01-19 23:00:00,prod_003,seg_01,ctx_464,0.416,3,0
log_1008,2024-01-10 02:00:00,prod_066,seg_09,ctx_685,0.578,3,0
log_1009,2024-01-25 20:00:00,prod_038,seg_00,ctx_235,0.737,4,1
log_1010,2024-01-02 17:00:00,prod_039,seg_00,ctx_894,0.612,3,1
log_1011,2024-01-05 13:00:00,prod_027,seg_06,ctx_658,0.473,3,0
log_1012,2024-01-08 05:00:00,prod_080,seg_08,ctx_902,0.397,3,0
log_1013,2024-01-23 04:00:00,prod_055,seg_00,ctx_835,0.318,2,0
log_1014,2024-01-22 16:00:00,prod_030,seg_09,ctx_818,0.326,2,0
log_1015,2024-01-04 11:00:00,prod_005,seg_02,ctx_055,0.598,3,0
log_1016,2024-01-03 08:00:00,prod_046,seg_08,ctx_763,0.936,5,1
log_1017,2024-01-23 10:00:00,prod_024,seg_06,ctx_048,0.456,3,0
log_1018,2024-01-14 03:00:00,prod_015,seg_04,ctx_778,0.649,4,1
log_1019,2024-01-10 05:00:00,prod_055,seg_02,ctx_697,0.664,4,1
log_1020,2024-01-13 11:00:00,prod_076,seg_07,ctx_207,0.42,3,0
log_1021,2024-01-24 11:00:00,prod_001,seg_07,ctx_982,0.604,3,1
log_1022,2024-01-30 17:00:00,prod_039,seg_02,ctx_687,0.462,3,0
log_1023,2024-01-07 02:00:00,prod_071,seg_03,ctx_538,0.696,4,1
log_1024,2024-01-03 21:00:00,prod_086,seg_06,ctx_733,0.853,4,1
log_1025,2024-01-30 11:00:00,prod_041,seg_08,ctx_721,0.326,2,0
log_1026,2024-01-26 21:00:00,prod_075,seg_04,ctx_695,0.85,4,1
log_1027,2024-01-23 16:00:00,prod_077,seg_02,ctx_184,0.369,2,0
log_1028,2024-01-30 02:00:00,prod_090,seg_06,ctx_662,0.671,4,1
log_1029,2024-01-11 00:00:00,prod_040,seg_03,ctx_005,0.603,3,1
log_1030,2024-01-14 18:00:00,prod_015,seg_05,ctx_514,0.531,3,0
log_1031,2024-01-08 06:00:00,prod_031,seg_03,ctx_039,0.762,4,1
log_1032,2024-01-30 20:00:00,prod_047,seg_06,ctx_213,0.392,3,0
log_1033,2024-01-25 16:00:00,prod_058,seg_00,ctx_201,0.794,4,1
log_1034,2024-01-20 11:00:00,prod_083,seg_04,ctx_947,0.81,4,1
log_1035,2024-01-25 23:00:00,prod_060,seg_07,ctx_298,0.47,3,0
log_1036,2024-01-13 17:00:00,prod_031,seg_03,ctx_335,0.846,4,1
log_1037,2024-01-08 11:00:00,prod_097,seg_02,ctx_063,0.692,4,1
log_1038,2024-01-18 05:00:00,prod_076,seg_01,ctx_042,0.347,2,0
log_1039,2024-01-13 04:00:00,prod_014,seg_01,ctx_115,0.884,5,1
log_1040,2024-01-14 07:00:00,prod_008,seg_06,ctx_635,0.488,3,0
log_1041,2024-01-08 02:00:00,prod_063,seg_04,ctx_511,0.545,3,0
log_1042,2024-01-04 14:00:00,prod_011,seg_08,ctx_155,0.393,3,0
log_1043,2024-01-03 09:00:00,prod_094,seg_04,ctx_808,0.708,4,1
log_1044,2024-01-09 23:00:00,prod_021,seg_08,ctx_650,0.883,5,1
log_1045,2024-01-07 14:00:00,prod_013,seg_02,ctx_405,0.735,4,1
log_1046,2024-01-14 19:00:00,prod_015,seg_05,ctx_321,0.878,5,1
log_1047,2024-01-09 08:00:00,prod_039,seg_05,ctx_527,0.529,3,0
log_1048,2024-01-16 06:00:00,prod_067,seg_07,ctx_337,0.649,4,1
log_1049,2024-01-11 22:00:00,prod_036,seg_05,ctx_063,0.434,3,0
log_1050,2024-01-27 01:00:00,prod_042,seg_00,ctx_001,0.748,4,1
log_1051,2024-01-23 01:00:00,prod_050,seg_03,ctx_352,0.437,3,0
log_1052,2024-01-09 19:00:00,prod_080,seg_00,ctx_138,0.938,5,1
log_1053,2024-01-02 20:00:00,prod_074,seg_07,ctx_239,0.608,3,1
log_1054,2024-01-12 02:00:00,prod_066,seg_04,ctx_423,0.581,3,0
log_1055,2024-01-23 23:00:00,prod_052,seg_00,ctx_611,0.688,4,1
log_1056,2024-01-25 22:00:00,prod_013,seg_07,ctx_484,0.726,4,1
log_1057,2024-01-27 12:00:00,prod_041,seg_02,ctx_346,0.505,3,0
log_1058,2024-01-05 15:00:00,prod_094,seg_01,ctx_354,0.898,5,1
log_1059,2024-01-05 17:00:00,prod_037,seg_00,ctx_489,0.736,4,1
log_1060,2024-01-03 18:00:00,prod_034,seg_07,ctx_676,0.89,5,1
log_1061,2024-01-16 02:00:00,prod_085,seg_07,ctx_619,0.629,4,1
log_1062,2024-01-14 09:00:00,prod_022,seg_02,ctx_981,0.836,4,1
log_1063,2024-01-20 21:00:00,prod_064,seg_02,ctx_232,0.334,2,0
log_1064,2024-01-29 15:00:00,prod_098,seg_08,ctx_610,0.363,2,0
log_1065,2024-01-11 17:00:00,prod_071,seg_02,ctx_123,0.843,4,1
log_1066,2024-01-24 11:00:00,prod_089,seg_08,ctx_040,0.353,2,0
log_1067,2024-01-11 03:00:00,prod_065,seg_01,ctx_839,0.563,3,0
log_1068,2024-01-10 04:00:00,prod_034,seg_06,ctx_679,0.49,3,0
log_1069,2024-01-15 22:00:00,prod_064,seg_08,ctx_100,0.457,3,0
log_1070,2024-01-08 14:00:00,prod_022,seg_09,ctx_874,0.348,2,0
log_1071,2024-01-23 05:00:00,prod_033,seg_04,ctx_961,0.576,3,0
log_1072,2024-01-12 10:00:00,prod_005,seg_07,ctx_048,0.519,3,0
log_1073,2024-01-23 10:00:00,prod_038,seg_00,ctx_921,0.812,4,1
log_1074,2024-01-13 11:00:00,prod_037,seg_09,ctx_276,0.833,4,1
log_1075,2024-01-27 15:00:00,prod_016,seg_02,ctx_161,0.55,3,0
log_1076,2024-01-12 06:00:00,prod_008,seg_07,ctx_329,0.837,4,1
log_1077,2024-01-16 20:00:00,prod_071,seg_08,ctx_637,0.694,4,1
log_1078,2024-01-08 03:00:00,prod_096,seg_00,ctx_693,0.482,3,0
log_1079,2024-01-07 08:00:00,prod_024,seg_02,ctx_812,0.388,3,0
log_1080,2024-01-11 17:00:00,prod_081,seg_03,ctx_600,0.617,3,1
log_1081,2024-01-12 07:00:00,prod_086,seg_02,ctx_881,0.973,5,1
log_1082,2024-01-11 18:00:00,prod_019,seg_05,ctx_331,0.321,2,0
log_1083,2024-01-01 15:00:00,prod_045,seg_02,ctx_121,0.554,3,0
log_1084,2024-01-27 20:00:00,prod_048,seg_04,ctx_133,0.748,4,1
log_1085,2024-01-19 00:00:00,prod_051,seg_05,ctx_702,0.636,4,1
log_1086,2024-01-23 05:00:00,prod_014,seg_09,ctx_264,0.718,4,1
log_1087,2024-01-06 19:00:00,prod_051,seg_03,ctx_280,0.669,4,1
log_1088,2024-01-01 20:00:00,prod_000,seg_01,ctx_014,0.83,4,1
log_1089,2024-01-30 06:00:00,prod_003,seg_04,ctx_906,0.735,4,1
log_1090,2024-01-29 04:00:00,prod_035,seg_04,ctx_002,0.667,4,1
log_1091,2024-01-23 19:00:00,prod_097,seg_08,ctx_385,0.574,3,0
log_1092,2024-01-25 11:00:00,prod_021,seg_07,ctx_338,0.367,2,0
log_1093,2024-01-11 19:00:00,prod_075,seg_04,ctx_244,0.631,4,1
log_1094,2024-01-18 15:00:00,prod_096,seg_01,ctx_113,0.725,4,1
log_1095,2024-01-28 05:00:00,prod_053,seg_06,ctx_244,0.785,4,1
log_1096,2024-01-19 06:00:00,prod_066,seg_06,ctx_996,0.843,4,1
log_1097,2024-01-07 01:00:00,prod_069,seg_03,ctx_937,0.556,3,0
log_1098,2024-01-12 08:00:00,prod_080,seg_01,ctx_686,0.567,3,0
log_1099,2024-01-13 06:00:00,prod_093,seg_03,ctx_503,0.49,3,0
log_1100,2024-01-08 11:00:00,prod_061,seg_05,ctx_000,0.33,2,0
log_1101,2024-01-26 08:00:00,prod_011,seg_09,ctx_141,0.888,5,1
log_1102,2024-01-26 04:00:00,prod_036,seg_07,ctx_105,0.355,2,0
log_1103,2024-01-25 04:00:00,prod_044,seg_00,ctx_694,0.892,5,1
log_1104,2024-01-30 19:00:00,prod_021,seg_00,ctx_138,0.466,3,0
log_1105,2024-01-23 20:00:00,prod_014,seg_09,ctx_716,0.792,4,1
log_1106,2024-01-28 10:00:00,prod_039,seg_04,ctx_527,0.59,3,0
log_1107,2024-01-18 13:00:00,prod_042,seg_01,ctx_770,0.319,2,0
log_1108,2024-01-24 20:00:00,prod_077,seg_06,ctx_186,0.412,3,0
log_1109,2024-01-05 23:00:00,prod_037,seg_09,ctx_046,0.442,3,0
log_1110,2024-01-17 00:00:00,prod_034,seg_08,ctx_869,0.503,3,0
log_1111,2024-01-15 10:00:00,prod_016,seg_00,ctx_348,0.507,3,0
log_1112,2024-01-02 10:00:00,prod_012,seg_03,ctx_337,0.852,4,1
log_1113,2024-01-12 08:00:00,prod_094,seg_02,ctx_049,0.426,3,0
log_1114,2024-01-21 02:00:00,prod_073,seg_09,ctx_444,0.73,4,1
log_1115,2024-01-05 07:00:00,prod_017,seg_05,ctx_523,0.363,2,0
log_1116,2024-01-20 08:00:00,prod_092,seg_09,ctx_627,0.396,3,0
log_1117,2024-01-12 14:00:00,prod_097,seg_08,ctx_681,0.723,4,1
log_1118,2024-01-12 03:00:00,prod_072,seg_04,ctx_283,0.836,4,1
log_1119,2024-01-01 04:00:00,prod_087,seg_03,ctx_430,0.382,3,0
log_1120,2024-01-16 04:00:00,prod_025,seg_03,ctx_606,0.591,3,0
log_1121,2024-01-09 18:00:00,prod_093,seg_00,ctx_117,0.473,3,0
log_1122,2024-01-07 16:00:00,prod_023,seg_09,ctx_263,0.643,4,1
log_1123,2024-01-11 10:00:00,prod_021,seg_03,ctx_988,0.417,3,0
log_1124,2024-01-29 22:00:00,prod_074,seg_09,ctx_466,0.537,3,0
log_1125,2024-01-26 23:00:00,prod_014,seg_01,ctx_946,0.607,3,1
log_1126,2024-01-23 22:00:00,prod_054,seg_01,ctx_697,0.601,3,1
log_1127,2024-01-15 22:00:00,prod_093,seg_09,ctx_321,0.727,4,1
log_1128,2024-01-11 23:00:00,prod_075,seg_08,ctx_285,0.757,4,1
log_1129,2024-01-01 22:00:00,prod_012,seg_09,ctx_057,0.799,4,1
log_1130,2024-01-01 07:00:00,prod_019,seg_03,ctx_312,0.467,3,0
log_1131,2024-01-05 20:00:00,prod_005,seg_00,ctx_084,0.864,4,1
log_1132,2024-01-11 11:00:00,prod_074,seg_07,ctx_000,0.555,3,0
log_1133,2024-01-01 00:00:00,prod_035,seg_05,ctx_913,0.573,3,0
log_1134,2024-01-13 04:00:00,prod_073,seg_00,ctx_509,0.686,4,1
log_1135,2024-01-11 03:00:00,prod_064,seg_02,ctx_163,0.625,3,1
log_1136,2024-01-16 05:00:00,prod_015,seg_09,ctx_383,0.633,4,1
log_1137,2024-01-06 21:00:00,prod_073,seg_08,ctx_110,0.706,4,1
log_1138,2024-01-29 22:00:00,prod_000,seg_06,ctx_970,0.5,3,0
log_1139,2024-01-18 15:00:00,prod_028,seg_07,ctx_083,0.552,3,0
log_1140,2024-01-02 20:00:00,prod_068,seg_05,ctx_084,0.587,3,0
log_1141,2024-01-20 20:00:00,prod_016,seg_07,ctx_925,0.311,2,0
log_1142,2024-01-28 05:00:00,prod_063,seg_06,ctx_819,0.601,3,1
log_1143,2024-01-04 08:00:00,prod_079,seg_03,ctx_552,0.361,2,0
log_1144,2024-01-09 16:00:00,prod_068,seg_01,ctx_900,0.512,3,0
log_1145,2024-01-15 04:00:00,prod_000,seg_03,ctx_893,0.586,3,0
log_1146,2024-01-06 16:00:00,prod_095,seg_04,ctx_078,0.425,3,0
log_1147,2024-01-10 20:00:00,prod_032,seg_02,ctx_629,0.85,4,1
log_1148,2024-01-14 21:00:00,prod_008,seg_09,ctx_781,0.851,4,1
log_1149,2024-01-21 03:00:00,prod_043,seg_08,ctx_722,0.599,3,0
log_1150,2024-01-10 05:00:00,prod_044,seg_06,ctx_537,0.787,4,1
log_1151,2024-01-01 03:00:00,prod_085,seg_02,ctx_885,0.728,4,1
log_1152,2024-01-18 14:00:00,prod_075,seg_01,ctx_926,0.747,4,1
log_1153,2024-01-06 02:00:00,prod_007,seg_04,ctx_513,0.87,4,1
log_1154,2024-01-05 21:00:00,prod_050,seg_01,ctx_477,0.548,3,0
log_1155,2024-01-19 03:00:00,prod_061,seg_01,ctx_785,0.643,4,1
log_1156,2024-01-15 14:00:00,prod_078,seg_06,ctx_152,0.848,4,1
log_1157,2024-01-24 07:00:00,prod_042,seg_01,ctx_125,0.893,5,1
log_1158,2024-01-01 12:00:00,prod_055,seg_08,ctx_163,0.629,4,1
log_1159,2024-01-21 15:00:00,prod_095,seg_01,ctx_863,0.424,3,0
log_1160,2024-01-13 01:00:00,prod_027,seg_05,ctx_755,0.749,4,1
log_1161,2024-01-22 00:00:00,prod_066,seg_00,ctx_061,0.521,3,0
log_1162,2024-01-07 10:00:00,prod_029,seg_04,ctx_382,0.82,4,1
log_1163,2024-01-30 06:00:00,prod_024,seg_08,ctx_299,0.749,4,1
log_1164,2024-01-22 02:00:00,prod_092,seg_07,ctx_062,0.611,3,1
log_1165,2024-01-26 22:00:00,prod_048,seg_02,ctx_196,0.537,3,0
log_1166,2024-01-18 07:00:00,prod_061,seg_05,ctx_827,0.387,3,0
log_1167,2024-01-15 23:00:00,prod_075,seg_04,ctx_600,0.817,4,1
log_1168,2024-01-13 23:00:00,prod_055,seg_02,ctx_226,0.398,3,0
log_1169,2024-01-14 16:00:00,prod_038,seg_08,ctx_825,0.796,4,1
log_1170,2024-01-17 15:00:00,prod_064,seg_05,ctx_233,0.703,4,1
log_1171,2024-01-02 01:00:00,prod_032,seg_03,ctx_224,0.537,3,0
log_1172,2024-01-22 15:00:00,prod_080,seg_09,ctx_788,0.825,4,1
log_1173,2024-01-07 07:00:00,prod_086,seg_09,ctx_466,0.617,3,1
log_1174,2024-01-05 20:00:00,prod_024,seg_01,ctx_912,0.313,2,0
log_1175,2024-01-11 10:00:00,prod_004,seg_01,ctx_627,0.606,3,1
log_1176,2024-01-20 06:00:00,prod_066,seg_05,ctx_436,0.317,2,0
log_1177,2024-01-16 07:00:00,prod_058,seg_03,ctx_389,0.629,4,1
log_1178,2024-01-19 06:00:00,prod_083,seg_04,ctx_678,0.782,4,1
log_1179,2024-01-03 19:00:00,prod_022,seg_06,ctx_358,0.674,4,1
log_1180,2024-01-28 11:00:00,prod_072,seg_08,ctx_066,0.913,5,1
log_1181,2024-01-02 14:00:00,prod_075,seg_01,ctx_792,0.45,3,0
log_1182,2024-01-06 19:00:00,prod_000,seg_01,ctx_916,0.67,4,1
log_1183,2024-01-28 00:00:00,prod_091,seg_09,ctx_096,0.657,4,1
log_1184,2024-01-03 14:00:00,prod_042,seg_04,ctx_623,0.408,3,0
log_1185,2024-01-09 20:00:00,prod_066,seg_09,ctx_999,0.624,3,1
log_1186,2024-01-25 21:00:00,prod_017,seg_02,ctx_934,0.582,3,0
log_1187,2024-01-13 01:00:00,prod_028,seg_02,ctx_432,0.616,3,1
log_1188,2024-01-03 15:00:00,prod_091,seg_06,ctx_747,0.743,4,1
log_1189,2024-01-02 04:00:00,prod_086,seg_09,ctx_110,0.788,4,1
log_1190,2024-01-18 06:00:00,prod_036,seg_02,ctx_413,0.761,4,1
log_1191,2024-01-07 19:00:00,prod_050,seg_03,ctx_573,0.862,4,1
log_1192,2024-01-10 00:00:00,prod_080,seg_08,ctx_331,0.54,3,0
log_1193,2024-01-21 21:00:00,prod_015,seg_04,ctx_101,0.737,4,1
log_1194,2024-01-14 22:00:00,prod_093,seg_03,ctx_212,0.408,3,0
log_1195,2024-01-17 01:00:00,prod_045,seg_09,ctx_955,0.477,3,0
log_1196,2024-01-19 22:00:00,prod_087,seg_00,ctx_871,0.76,4,1
log_1197,2024-01-29 02:00:00,prod_020,seg_07,ctx_286,0.421,3,0
log_1198,2024-01-01 18:00:00,prod_016,seg_01,ctx_596,0.562,3,0
log_1199,2024-01-29 08:00:00,prod_041,seg_08,ctx_794,0.895,5,1
log_1200,2024-01-23 04:00:00,prod_061,seg_05,ctx_830,0.9,5,1
log_1201,2024-01-07 17:00:00,prod_019,seg_00,ctx_856,0.631,4,1
log_1202,2024-01-05 18:00:00,prod_048,seg_01,ctx_737,0.791,4,1
log_1203,2024-01-08 16:00:00,prod_053,seg_07,ctx_909,0.841,4,1
log_1204,2024-01-28 17:00:00,prod_011,seg_07,ctx_782,0.434,3,0
log_1205,2024-01-19 06:00:00,prod_062,seg_01,ctx_796,0.527,3,0
log_1206,2024-01-04 21:00:00,prod_031,seg_09,ctx_579,0.865,4,1
log_1207,2024-01-05 23:00:00,prod_083,seg_07,ctx_160,0.485,3,0
log_1208,2024-01-18 11:00:00,prod_026,seg_00,ctx_234,0.657,4,1
log_1209,2024-01-10 05:00:00,prod_028,seg_08,ctx_416,0.731,4,1
log_1210,2024-01-12 20:00:00,prod_016,seg_00,ctx_455,0.301,2,0
log_1211,2024-01-08 23:00:00,prod_077,seg_05,ctx_725,0.839,4,1
log_1212,2024-01-07 12:00:00,prod_013,seg_08,ctx_655,0.687,4,1
log_1213,2024-01-06 03:00:00,prod_029,seg_05,ctx_738,0.782,4,1
log_1214,2024-01-06 05:00:00,prod_097,seg_07,ctx_120,0.873,4,1
log_1215,2024-01-26 05:00:00,prod_073,seg_01,ctx_559,0.725,4,1
log_1216,2024-01-24 22:00:00,prod_066,seg_03,ctx_135,0.389,3,0
log_1217,2024-01-16 12:00:00,prod_080,seg_03,ctx_204,0.523,3,0
log_1218,2024-01-29 05:00:00,prod_051,seg_09,ctx_138,0.326,2,0
log_1219,2024-01-06 09:00:00,prod_010,seg_04,ctx_944,0.405,3,0
log_1220,2024-01-27 11:00:00,prod_032,seg_00,ctx_026,0.351,2,0
log_1221,2024-01-09 09:00:00,prod_080,seg_04,ctx_641,0.911,5,1
log_1222,2024-01-07 15:00:00,prod_061,seg_03,ctx_530,0.75,4,1
log_1223,2024-01-25 16:00:00,prod_029,seg_08,ctx_878,0.687,4,1
log_1224,2024-01-24 09:00:00,prod_008,seg_04,ctx_956,0.747,4,1
log_1225,2024-01-06 10:00:00,prod_092,seg_08,ctx_097,0.893,5,1
log_1226,2024-01-07 02:00:00,prod_043,seg_04,ctx_156,0.344,2,0
log_1227,2024-01-25 16:00:00,prod_077,seg_01,ctx_109,0.745,4,1
log_1228,2024-01-04 02:00:00,prod_090,seg_05,ctx_852,0.608,3,1
log_1229,2024-01-18 09:00:00,prod_059,seg_01,ctx_199,0.416,3,0
log_1230,2024-01-10 21:00:00,prod_061,seg_04,ctx_837,0.459,3,0
log_1231,2024-01-16 16:00:00,prod_074,seg_08,ctx_339,0.868,4,1
log_1232,2024-01-14 10:00:00,prod_067,seg_04,ctx_493,0.818,4,1
log_1233,2024-01-20 04:00:00,prod_069,seg_07,ctx_311,0.369,2,0
log_1234,2024-01-24 11:00:00,prod_014,seg_02,ctx_822,0.991,5,1
log_1235,2024-01-03 21:00:00,prod_032,seg_02,ctx_632,0.782,4,1
log_1236,2024-01-07 22:00:00,prod_008,seg_08,ctx_151,0.604,3,1
log_1237,2024-01-19 05:00:00,prod_018,seg_07,ctx_262,0.566,3,0
log_1238,2024-01-17 06:00:00,prod_048,seg_04,ctx_542,0.32,2,0
log_1239,2024-01-19 22:00:00,prod_048,seg_04,ctx_301,0.324,2,0
log_1240,2024-01-24 18:00:00,prod_059,seg_01,ctx_573,0.565,3,0
log_1241,2024-01-26 15:00:00,prod_033,seg_03,ctx_554,0.818,4,1
log_1242,2024-01-19 11:00:00,prod_034,seg_00,ctx_439,0.611,3,1
log_1243,2024-01-29 22:00:00,prod_010,seg_05,ctx_654,0.799,4,1
log_1244,2024-01-26 10:00:00,prod_047,seg_07,ctx_171,0.843,4,1
log_1245,2024-01-02 13:00:00,prod_092,seg_09,ctx_452,0.655,4,1
log_1246,2024-01-01 01:00:00,prod_032,seg_07,ctx_136,0.489,3,0
log_1247,2024-01-23 02:00:00,prod_048,seg_01,ctx_549,0.572,3,0
log_1248,2024-01-24 17:00:00,prod_018,seg_08,ctx_951,0.573,3,0
log_1249,2024-01-25 08:00:00,prod_014,seg_07,ctx_267,0.836,4,1
log_1250,2024-01-25 09:00:00,prod_061,seg_05,ctx_657,0.662,4,1
log_1251,2024-01-04 13:00:00,prod_090,seg_08,ctx_493,0.826,4,1
log_1252,2024-01-12 22:00:00,prod_075,seg_01,ctx_143,0.58,3,0
log_1253,2024-01-12 12:00:00,prod_071,seg_08,ctx_203,0.507,3,0
log_1254,2024-01-16 01:00:00,prod_032,seg_05,ctx_640,0.655,4,1
log_1255,2024-01-16 22:00:00,prod_093,seg_07,ctx_151,0.823,4,1
log_1256,2024-01-28 12:00:00,prod_074,seg_03,ctx_527,0.544,3,0
log_1257,2024-01-27 21:00:00,prod_084,seg_04,ctx_251,0.739,4,1
log_1258,2024-01-15 19:00:00,prod_074,seg_05,ctx_834,0.687,4,1
log_1259,2024-01-21 11:00:00,prod_018,seg_04,ctx_351,0.812,4,1
log_1260,2024-01-14 19:00:00,prod_029,seg_09,ctx_665,0.684,4,1
log_1261,2024-01-08 20:00:00,prod_077,seg_00,ctx_129,0.539,3,0
log_1262,2024-01-12 03:00:00,prod_004,seg_05,ctx_859,0.611,3,1
log_1263,2024-01-27 09:00:00,prod_024,seg_07,ctx_128,0.524,3,0
log_1264,2024-01-24 09:00:00,prod_041,seg_03,ctx_417,0.836,4,1
log_1265,2024-01-16 07:00:00,prod_075,seg_07,ctx_373,0.578,3,0
log_1266,2024-01-21 01:00:00,prod_077,seg_03,ctx_558,0.364,2,0
log_1267,2024-01-22 11:00:00,prod_056,seg_04,ctx_768,0.41,3,0
log_1268,2024-01-26 02:00:00,prod_022,seg_06,ctx_154,0.325,2,0
log_1269,2024-01-03 01:00:00,prod_039,seg_00,ctx_149,0.454,3,0
log_1270,2024-01-14 23:00:00,prod_022,seg_03,ctx_217,0.794,4,1
log_1271,2024-01-07 17:00:00,prod_068,seg_05,ctx_204,0.834,4,1
log_1272,2024-01-11 22:00:00,prod_020,seg_09,ctx_719,0.85,4,1
log_1273,2024-01-17 23:00:00,prod_024,seg_09,ctx_714,0.781,4,1
log_1274,2024-01-02 08:00:00,prod_053,seg_09,ctx_233,0.625,3,1
log_1275,2024-01-26 22:00:00,prod_085,seg_07,ctx_963,0.665,4,1
log_1276,2024-01-18 12:00:00,prod_088,seg_04,ctx_049,0.599,3,0
log_1277,2024-01-15 14:00:00,prod_080,seg_01,ctx_648,0.342,2,0
log_1278,2024-01-25 09:00:00,prod_027,seg_05,ctx_521,0.869,4,1
log_1279,2024-01-22 13:00:00,prod_063,seg_06,ctx_498,0.667,4,1
log_1280,2024-01-25 10:00:00,prod_043,seg_03,ctx_069,0.627,4,1
log_1281,2024-01-30 14:00:00,prod_095,seg_09,ctx_971,0.581,3,0
log_1282,2024-01-10 06:00:00,prod_055,seg_00,ctx_715,0.711,4,1
log_1283,2024-01-09 10:00:00,prod_095,seg_09,ctx_686,0.769,4,1
log_1284,2024-01-25 18:00:00,prod_012,seg_05,ctx_585,0.304,2,0
log_1285,2024-01-15 23:00:00,prod_013,seg_08,ctx_788,0.822,4,1
log_1286,2024-01-10 14:00:00,prod_071,seg_06,ctx_643,0.365,2,0
log_1287,2024-01-28 13:00:00,prod_009,seg_01,ctx_627,0.651,4,1
log_1288,2024-01-20 09:00:00,prod_054,seg_04,ctx_154,0.835,4,1
log_1289,2024-01-04 23:00:00,prod_032,seg_00,ctx_165,0.524,3,0
log_1290,2024-01-29 04:00:00,prod_021,seg_06,ctx_724,0.307,2,0
log_1291,2024-01-16 02:00:00,prod_065,seg_07,ctx_122,0.553,3,0
log_1292,2024-01-25 11:00:00,prod_034,seg_09,ctx_681,0.529,3,0
log_1293,2024-01-29 11:00:00,prod_085,seg_02,ctx_898,0.897,5,1
log_1294,2024-01-03 20:00:00,prod_022,seg_01,ctx_298,0.367,2,0
log_1295,2024-01-05 23:00:00,prod_093,seg_02,ctx_999,0.38,3,0
log_1296,2024-01-24 00:00:00,prod_023,seg_07,ctx_635,0.499,3,0
log_1297,2024-01-17 07:00:00,prod_024,seg_03,ctx_834,0.361,2,0
log_1298,2024-01-29 14:00:00,prod_073,seg_00,ctx_001,0.853,4,1
log_1299,2024-01-04 17:00:00,prod_073,seg_01,ctx_738,0.566,3,0
log_1300,2024-01-20 18:00:00,prod_039,seg_06,ctx_161,0.417,3,0
log_1301,2024-01-10 09:00:00,prod_083,seg_00,ctx_818,0.472,3,0
log_1302,2024-01-25 07:00:00,prod_004,seg_09,ctx_784,0.567,3,0
log_1303,2024-01-14 07:00:00,prod_006,seg_05,ctx_897,0.824,4,1
log_1304,2024-01-17 02:00:00,prod_041,seg_04,ctx_230,0.793,4,1
log_1305,2024-01-01 17:00:00,prod_095,seg_09,ctx_266,0.793,4,1
log_1306,2024-01-11 19:00:00,prod_082,seg_03,ctx_942,0.338,2,0
log_1307,2024-01-23 00:00:00,prod_022,seg_03,ctx_641,0.807,4,1
log_1308,2024-01-27 04:00:00,prod_006,seg_03,ctx_871,0.433,3,0
log_1309,2024-01-26 07:00:00,prod_036,seg_01,ctx_430,0.454,3,0
log_1310,2024-01-29 02:00:00,prod_046,seg_05,ctx_910,0.552,3,0
log_1311,2024-01-03 18:00:00,prod_069,seg_06,ctx_228,0.523,3,0
log_1312,2024-01-06 04:00:00,prod_097,seg_01,ctx_859,0.319,2,0
log_1313,2024-01-04 09:00:00,prod_004,seg_00,ctx_931,0.635,4,1
log_1314,2024-01-11 03:00:00,prod_078,seg_00,ctx_747,0.447,3,0
log_1315,2024-01-12 11:00:00,prod_018,seg_05,ctx_787,0.809,4,1
log_1316,2024-01-28 09:00:00,prod_001,seg_00,ctx_016,0.409,3,0
log_1317,2024-01-19 14:00:00,prod_001,seg_01,ctx_965,0.831,4,1
log_1318,2024-01-20 22:00:00,prod_081,seg_02,ctx_850,0.534,3,0
log_1319,2024-01-08 16:00:00,prod_079,seg_02,ctx_159,0.348,2,0
log_1320,2024-01-02 03:00:00,prod_092,seg_09,ctx_688,0.868,4,1
log_1321,2024-01-29 04:00:00,prod_040,seg_02,ctx_384,0.581,3,0
log_1322,2024-01-29 12:00:00,prod_057,seg_04,ctx_115,0.782,4,1
log_1323,2024-01-23 03:00:00,prod_020,seg_05,ctx_878,0.303,2,0
log_1324,2024-01-07 16:00:00,prod_094,seg_02,ctx_211,0.638,4,1
log_1325,2024-01-14 10:00:00,prod_053,seg_09,ctx_093,0.696,4,1
log_1326,2024-01-05 00:00:00,prod_055,seg_04,ctx_793,0.774,4,1
log_1327,2024-01-14 17:00:00,prod_054,seg_08,ctx_395,0.661,4,1
log_1328,2024-01-27 09:00:00,prod_093,seg_08,ctx_902,0.51,3,0
log_1329,2024-01-18 14:00:00,prod_074,seg_00,ctx_617,0.767,4,1
log_1330,2024-01-17 08:00:00,prod_056,seg_08,ctx_428,0.658,4,1
log_1331,2024-01-28 08:00:00,prod_020,seg_03,ctx_255,0.954,5,1
log_1332,2024-01-27 12:00:00,prod_014,seg_01,ctx_040,0.466,3,0
log_1333,2024-01-24 10:00:00,prod_064,seg_07,ctx_709,0.731,4,1
log_1334,2024-01-25 18:00:00,prod_005,seg_08,ctx_202,0.367,2,0
log_1335,2024-01-22 18:00:00,prod_019,seg_05,ctx_695,0.643,4,1
log_1336,2024-01-14 00:00:00,prod_084,seg_00,ctx_327,0.358,2,0
log_1337,2024-01-07 22:00:00,prod_017,seg_09,ctx_324,0.766,4,1
log_1338,2024-01-23 15:00:00,prod_076,seg_05,ctx_484,0.791,4,1
log_1339,2024-01-22 16:00:00,prod_007,seg_06,ctx_269,0.341,2,0
log_1340,2024-01-27 05:00:00,prod_034,seg_09,ctx_571,0.813,4,1
log_1341,2024-01-13 10:00:00,prod_050,seg_02,ctx_006,0.808,4,1
log_1342,2024-01-13 10:00:00,prod_046,seg_00,ctx_579,0.983,5,1
log_1343,2024-01-09 19:00:00,prod_045,seg_06,ctx_030,0.575,3,0
log_1344,2024-01-28 08:00:00,prod_081,seg_03,ctx_846,0.44,3,0
log_1345,2024-01-12 11:00:00,prod_010,seg_05,ctx_324,0.478,3,0
log_1346,2024-01-28 12:00:00,prod_065,seg_00,ctx_009,0.849,4,1
log_1347,2024-01-07 10:00:00,prod_093,seg_07,ctx_470,0.372,2,0
log_1348,2024-01-18 07:00:00,prod_002,seg_04,ctx_927,0.602,3,1
log_1349,2024-01-21 10:00:00,prod_026,seg_01,ctx_131,0.748,4,1
log_1350,2024-01-23 02:00:00,prod_065,seg_05,ctx_245,0.801,4,1
log_1351,2024-01-26 20:00:00,prod_068,seg_01,ctx_426,0.894,5,1
log_1352,2024-01-14 06:00:00,prod_093,seg_06,ctx_173,0.818,4,1
log_1353,2024-01-28 11:00:00,prod_061,seg_00,ctx_263,0.847,4,1
log_1354,2024-01-26 07:00:00,prod_099,seg_03,ctx_144,0.802,4,1
log_1355,2024-01-27 21:00:00,prod_058,seg_04,ctx_210,0.645,4,1
log_1356,2024-01-28 18:00:00,prod_062,seg_02,ctx_667,0.691,4,1
log_1357,2024-01-06 18:00:00,prod_053,seg_07,ctx_044,0.665,4,1
log_1358,2024-01-27 14:00:00,prod_052,seg_09,ctx_284,0.737,4,1
log_1359,2024-01-14 17:00:00,prod_030,seg_07,ctx_662,0.336,2,0
log_1360,2024-01-30 03:00:00,prod_002,seg_00,ctx_614,0.677,4,1
log_1361,2024-01-21 11:00:00,prod_018,seg_04,ctx_165,0.846,4,1
log_1362,2024-01-27 04:00:00,prod_035,seg_07,ctx_108,0.821,4,1
log_1363,2024-01-07 08:00:00,prod_027,seg_09,ctx_625,0.739,4,1
log_1364,2024-01-01 15:00:00,prod_092,seg_07,ctx_729,0.455,3,0
log_1365,2024-01-15 22:00:00,prod_027,seg_06,ctx_108,0.742,4,1
log_1366,2024-01-10 23:00:00,prod_055,seg_08,ctx_311,0.513,3,0
log_1367,2024-01-11 21:00:00,prod_034,seg_06,ctx_318,0.43,3,0
log_1368,2024-01-20 18:00:00,prod_014,seg_06,ctx_633,0.461,3,0
log_1369,2024-01-29 08:00:00,prod_094,seg_04,ctx_418,0.782,4,1
log_1370,2024-01-03 06:00:00,prod_041,seg_00,ctx_971,0.332,2,0
log_1371,2024-01-07 23:00:00,prod_040,seg_05,ctx_931,0.378,3,0
log_1372,2024-01-17 04:00:00,prod_009,seg_07,ctx_767,0.372,2,0
log_1373,2024-01-02 15:00:00,prod_067,seg_04,ctx_864,0.343,2,0
log_1374,2024-01-27 03:00:00,prod_053,seg_07,ctx_617,0.647,4,1
log_1375,2024-01-29 07:00:00,prod_066,seg_07,ctx_325,0.506,3,0
log_1376,2024-01-03 16:00:00,prod_053,seg_00,ctx_026,0.664,4,1
log_1377,2024-01-28 21:00:00,prod_001,seg_07,ctx_535,0.539,3,0
log_1378,2024-01-06 16:00:00,prod_083,seg_09,ctx_999,0.588,3,0
log_1379,2024-01-03 20:00:00,prod_058,seg_07,ctx_839,0.403,3,0
log_1380,2024-01-16 10:00:00,prod_032,seg_04,ctx_748,0.301,2,0
log_1381,2024-01-05 04:00:00,prod_057,seg_09,ctx_074,0.751,4,1
log_1382,2024-01-12 21:00:00,prod_080,seg_04,ctx_856,0.505,3,0
log_1383,2024-01-29 15:00:00,prod_007,seg_09,ctx_320,0.524,3,0
log_1384,2024-01-11 18:00:00,prod_095,seg_01,ctx_994,0.711,4,1
log_1385,2024-01-10 21:00:00,prod_088,seg_00,ctx_775,0.393,3,0
log_1386,2024-01-06 19:00:00,prod_086,seg_05,ctx_384,0.789,4,1
log_1387,2024-01-04 15:00:00,prod_022,seg_00,ctx_837,0.664,4,1
log_1388,2024-01-29 11:00:00,prod_097,seg_03,ctx_192,0.681,4,1
log_1389,2024-01-10 22:00:00,prod_050,seg_01,ctx_793,0.746,4,1
log_1390,2024-01-01 20:00:00,prod_060,seg_09,ctx_287,0.806,4,1
log_1391,2024-01-28 05:00:00,prod_064,seg_03,ctx_317,0.708,4,1
log_1392,2024-01-25 11:00:00,prod_000,seg_02,ctx_771,0.412,3,0
log_1393,2024-01-19 09:00:00,prod_035,seg_09,ctx_033,0.782,4,1
log_1394,2024-01-14 04:00:00,prod_063,seg_05,ctx_210,0.515,3,0
log_1395,2024-01-10 05:00:00,prod_076,seg_01,ctx_315,0.44,3,0
log_1396,2024-01-13 07:00:00,prod_073,seg_00,ctx_299,0.436,3,0
log_1397,2024-01-22 07:00:00,prod_013,seg_06,ctx_779,0.512,3,0
log_1398,2024-01-11 08:00:00,prod_035,seg_00,ctx_411,0.64,4,1
log_1399,2024-01-12 03:00:00,prod_069,seg_00,ctx_363,0.861,4,1
log_1400,2024-01-03 17:00:00,prod_083,seg_05,ctx_308,0.632,4,1
log_1401,2024-01-26 04:00:00,prod_097,seg_00,ctx_524,0.626,4,1
log_1402,2024-01-07 15:00:00,prod_019,seg_06,ctx_468,0.46,3,0
log_1403,2024-01-30 01:00:00,prod_001,seg_00,ctx_475,0.832,4,1
log_1404,2024-01-05 19:00:00,prod_032,seg_02,ctx_809,0.368,2,0
log_1405,2024-01-12 21:00:00,prod_096,seg_09,ctx_734,0.809,4,1
log_1406,2024-01-22 06:00:00,prod_007,seg_05,ctx_872,0.643,4,1
log_1407,2024-01-04 17:00:00,prod_017,seg_00,ctx_554,0.441,3,0
log_1408,2024-01-20 12:00:00,prod_014,seg_01,ctx_962,0.315,2,0
log_1409,2024-01-03 07:00:00,prod_097,seg_03,ctx_732,0.61,3,1
log_1410,2024-01-29 03:00:00,prod_003,seg_03,ctx_068,0.876,5,1
log_1411,2024-01-29 08:00:00,prod_034,seg_02,ctx_030,0.644,4,1
log_1412,2024-01-25 10:00:00,prod_018,seg_00,ctx_402,0.728,4,1
log_1413,2024-01-02 04:00:00,prod_015,seg_07,ctx_312,0.724,4,1
log_1414,2024-01-27 18:00:00,prod_056,seg_07,ctx_951,0.823,4,1
log_1415,2024-01-14 14:00:00,prod_065,seg_09,ctx_469,0.49,3,0
log_1416,2024-01-12 01:00:00,prod_075,seg_09,ctx_141,0.856,4,1
log_1417,2024-01-20 16:00:00,prod_067,seg_04,ctx_395,0.86,4,1
log_1418,2024-01-09 09:00:00,prod_069,seg_05,ctx_000,0.781,4,1
log_1419,2024-01-28 22:00:00,prod_077,seg_08,ctx_943,0.387,3,0
log_1420,2024-01-19 12:00:00,prod_031,seg_05,ctx_357,0.72,4,1
log_1421,2024-01-14 06:00:00,prod_053,seg_06,ctx_161,0.714,4,1
log_1422,2024-01-02 22:00:00,prod_000,seg_04,ctx_149,0.721,4,1
log_1423,2024-01-06 11:00:00,prod_052,seg_02,ctx_943,0.694,4,1
log_1424,2024-01-23 22:00:00,prod_025,seg_04,ctx_308,0.444,3,0
log_1425,2024-01-09 04:00:00,prod_094,seg_08,ctx_063,0.848,4,1
log_1426,2024-01-05 03:00:00,prod_046,seg_02,ctx_515,0.514,3,0
log_1427,2024-01-24 23:00:00,prod_056,seg_02,ctx_049,0.81,4,1
log_1428,2024-01-28 03:00:00,prod_083,seg_06,ctx_982,0.821,4,1
log_1429,2024-01-04 05:00:00,prod_093,seg_08,ctx_383,0.427,3,0
log_1430,2024-01-26 04:00:00,prod_050,seg_00,ctx_170,0.566,3,0
log_1431,2024-01-01 19:00:00,prod_060,seg_01,ctx_427,0.787,4,1
log_1432,2024-01-02 09:00:00,prod_089,seg_06,ctx_663,0.404,3,0
log_1433,2024-01-18 18:00:00,prod_027,seg_08,ctx_535,0.779,4,1
log_1434,2024-01-09 08:00:00,prod_035,seg_08,ctx_502,0.732,4,1
log_1435,2024-01-06 06:00:00,prod_028,seg_02,ctx_533,0.608,3,1
log_1436,2024-01-30 18:00:00,prod_082,seg_03,ctx_407,0.503,3,0
log_1437,2024-01-03 04:00:00,prod_060,seg_00,ctx_969,0.679,4,1
log_1438,2024-01-05 23:00:00,prod_022,seg_03,ctx_718,0.696,4,1
log_1439,2024-01-09 15:00:00,prod_003,seg_08,ctx_620,0.872,4,1
log_1440,2024-01-03 10:00:00,prod_050,seg_06,ctx_789,0.613,3,1
log_1441,2024-01-24 02:00:00,prod_044,seg_07,ctx_007,0.337,2,0
log_1442,2024-01-20 10:00:00,prod_029,seg_05,ctx_891,0.395,3,0
log_1443,2024-01-14 10:00:00,prod_037,seg_05,ctx_799,0.587,3,0
log_1444,2024-01-24 22:00:00,prod_059,seg_07,ctx_716,0.646,4,1
log_1445,2024-01-18 19:00:00,prod_077,seg_01,ctx_177,0.708,4,1
log_1446,2024-01-07 07:00:00,prod_082,seg_04,ctx_573,0.872,4,1
log_1447,2024-01-16 12:00:00,prod_033,seg_06,ctx_706,0.755,4,1
log_1448,2024-01-24 01:00:00,prod_007,seg_00,ctx_302,0.516,3,0
log_1449,2024-01-25 16:00:00,prod_094,seg_01,ctx_078,0.754,4,1
log_1450,2024-01-22 18:00:00,prod_026,seg_02,ctx_317,0.31,2,0
log_1451,2024-01-01 11:00:00,prod_041,seg_04,ctx_175,0.628,4,1
log_1452,2024-01-20 05:00:00,prod_069,seg_08,ctx_378,0.633,4,1
log_1453,2024-01-09 02:00:00,prod_051,seg_02,ctx_187,0.43,3,0
log_1454,2024-01-02 09:00:00,prod_014,seg_07,ctx_536,0.478,3,0
log_1455,2024-01-21 09:00:00,prod_005,seg_09,ctx_045,0.837,4,1
log_1456,2024-01-14 00:00:00,prod_027,seg_02,ctx_149,0.749,4,1
log_1457,2024-01-30 21:00:00,prod_026,seg_00,ctx_855,0.845,4,1
log_1458,2024-01-01 14:00:00,prod_055,seg_02,ctx_955,0.324,2,0
log_1459,2024-01-07 21:00:00,prod_000,seg_00,ctx_298,0.616,3,1
log_1460,2024-01-19 11:00:00,prod_081,seg_02,ctx_044,0.663,4,1
log_1461,2024-01-21 16:00:00,prod_089,seg_01,ctx_812,0.831,4,1
log_1462,2024-01-22 17:00:00,prod_062,seg_00,ctx_541,0.655,4,1
log_1463,2024-01-05 18:00:00,prod_017,seg_00,ctx_872,0.882,5,1
log_1464,2024-01-28 13:00:00,prod_054,seg_08,ctx_792,0.763,4,1
log_1465,2024-01-04 19:00:00,prod_057,seg_02,ctx_989,0.519,3,0
log_1466,2024-01-21 21:00:00,prod_005,seg_09,ctx_776,0.728,4,1
log_1467,2024-01-05 12:00:00,prod_093,seg_06,ctx_717,0.526,3,0
log_1468,2024-01-05 06:00:00,prod_062,seg_01,ctx_879,0.493,3,0
log_1469,2024-01-14 14:00:00,prod_026,seg_04,ctx_148,0.621,3,1
log_1470,2024-01-01 06:00:00,prod_023,seg_08,ctx_868,0.829,4,1
log_1471,2024-01-25 13:00:00,prod_017,seg_00,ctx_089,0.888,5,1
log_1472,2024-01-28 13:00:00,prod_024,seg_07,ctx_080,0.476,3,0
log_1473,2024-01-16 03:00:00,prod_072,seg_09,ctx_029,0.332,2,0
log_1474,2024-01-22 09:00:00,prod_075,seg_03,ctx_224,0.578,3,0
log_1475,2024-01-12 14:00:00,prod_077,seg_07,ctx_698,0.879,5,1
log_1476,2024-01-01 16:00:00,prod_070,seg_03,ctx_592,0.8,4,1
log_1477,2024-01-12 12:00:00,prod_030,seg_01,ctx_908,0.702,4,1
log_1478,2024-01-01 10:00:00,prod_004,seg_09,ctx_709,0.764,4,1
log_1479,2024-01-08 07:00:00,prod_056,seg_00,ctx_285,0.624,3,1
log_1480,2024-01-16 05:00:00,prod_088,seg_08,ctx_191,0.597,3,0
log_1481,2024-01-02 16:00:00,prod_080,seg_04,ctx_920,0.574,3,0
log_1482,2024-01-23 11:00:00,prod_082,seg_08,ctx_082,0.632,4,1
log_1483,2024-01-16 14:00:00,prod_044,seg_08,ctx_423,0.584,3,0
log_1484,2024-01-01 19:00:00,prod_054,seg_03,ctx_323,0.843,4,1
log_1485,2024-01-25 06:00:00,prod_049,seg_02,ctx_816,0.975,5,1
log_1486,2024-01-15 00:00:00,prod_091,seg_08,ctx_168,0.744,4,1
log_1487,2024-01-02 01:00:00,prod_022,seg_01,ctx_723,0.439,3,0
log_1488,2024-01-04 19:00:00,prod_058,seg_04,ctx_988,0.486,3,0
log_1489,2024-01-18 15:00:00,prod_076,seg_03,ctx_480,0.888,5,1
log_1490,2024-01-16 17:00:00,prod_053,seg_07,ctx_992,0.619,3,1
log_1491,2024-01-10 13:00:00,prod_040,seg_00,ctx_212,0.452,3,0
log_1492,2024-01-17 22:00:00,prod_009,seg_02,ctx_296,0.738,4,1
log_1493,2024-01-15 08:00:00,prod_099,seg_08,ctx_896,0.497,3,0
log_1494,2024-01-04 23:00:00,prod_079,seg_05,ctx_575,0.873,4,1
log_1495,2024-01-30 18:00:00,prod_036,seg_09,ctx_203,0.677,4,1
log_1496,2024-01-10 03:00:00,prod_028,seg_01,ctx_736,0.375,2,0
log_1497,2024-01-28 12:00:00,prod_004,seg_07,ctx_252,0.874,4,1
log_1498,2024-01-01 23:00:00,prod_065,seg_09,ctx_376,0.581,3,0
log_1499,2024-01-14 03:00:00,prod_057,seg_07,ctx_429,0.434,3,0
log_1500,2024-01-27 21:00:00,prod_077,seg_08,ctx_418,0.403,3,0
log_1501,2024-01-24 23:00:00,prod_071,seg_09,ctx_981,0.404,3,0
log_1502,2024-01-03 00:00:00,prod_001,seg_06,ctx_149,0.838,4,1
log_1503,2024-01-18 18:00:00,prod_049,seg_09,ctx_592,0.873,4,1
log_1504,2024-01-07 07:00:00,prod_013,seg_06,ctx_190,0.889,5,1
log_1505,2024-01-08 15:00:00,prod_091,seg_08,ctx_873,0.413,3,0
log_1506,2024-01-12 13:00:00,prod_082,seg_04,ctx_937,0.322,2,0
log_1507,2024-01-11 07:00:00,prod_035,seg_03,ctx_002,0.624,3,1
log_1508,2024-01-21 04:00:00,prod_013,seg_00,ctx_184,0.662,4,1
log_1509,2024-01-01 10:00:00,prod_032,seg_00,ctx_598,0.431,3,0
log_1510,2024-01-29 01:00:00,prod_054,seg_09,ctx_337,0.807,4,1
log_1511,2024-01-20 10:00:00,prod_090,seg_05,ctx_637,0.507,3,0
log_1512,2024-01-01 03:00:00,prod_092,seg_04,ctx_632,0.403,3,0
log_1513,2024-01-04 09:00:00,prod_084,seg_00,ctx_986,0.564,3,0
log_1514,2024-01-13 01:00:00,prod_059,seg_07,ctx_355,0.895,5,1
log_1515,2024-01-28 21:00:00,prod_010,seg_04,ctx_448,0.994,5,1
log_1516,2024-01-28 14:00:00,prod_019,seg_06,ctx_066,0.785,4,1
log_1517,2024-01-05 22:00:00,prod_042,seg_09,ctx_400,0.454,3,0
log_1518,2024-01-15 02:00:00,prod_017,seg_08,ctx_494,0.728,4,1
log_1519,2024-01-03 17:00:00,prod_068,seg_08,ctx_564,0.417,3,0
log_1520,2024-01-30 08:00:00,prod_042,seg_08,ctx_404,0.531,3,0
log_1521,2024-01-19 03:00:00,prod_009,seg_07,ctx_398,0.319,2,0
log_1522,2024-01-20 00:00:00,prod_001,seg_07,ctx_068,0.701,4,1
log_1523,2024-01-26 03:00:00,prod_024,seg_07,ctx_103,0.551,3,0
log_1524,2024-01-17 22:00:00,prod_009,seg_06,ctx_519,0.664,4,1
log_1525,2024-01-30 01:00:00,prod_043,seg_07,ctx_281,0.809,4,1
log_1526,2024-01-25 06:00:00,prod_081,seg_00,ctx_510,0.478,3,0
log_1527,2024-01-04 23:00:00,prod_021,seg_05,ctx_573,0.604,3,1
log_1528,2024-01-19 06:00:00,prod_019,seg_03,ctx_478,0.742,4,1
log_1529,2024-01-17 08:00:00,prod_059,seg_00,ctx_242,0.809,4,1
log_1530,2024-01-16 15:00:00,prod_071,seg_01,ctx_722,0.592,3,0
log_1531,2024-01-23 15:00:00,prod_005,seg_03,ctx_696,0.31,2,0
log_1532,2024-01-15 05:00:00,prod_004,seg_03,ctx_217,0.564,3,0
log_1533,2024-01-15 12:00:00,prod_005,seg_02,ctx_164,0.872,4,1
log_1534,2024-01-22 06:00:00,prod_074,seg_04,ctx_370,0.913,5,1
log_1535,2024-01-17 10:00:00,prod_068,seg_04,ctx_926,0.407,3,0
log_1536,2024-01-12 10:00:00,prod_001,seg_01,ctx_937,0.481,3,0
log_1537,2024-01-30 09:00:00,prod_084,seg_05,ctx_034,0.305,2,0
log_1538,2024-01-07 02:00:00,prod_038,seg_04,ctx_182,0.419,3,0
log_1539,2024-01-03 22:00:00,prod_070,seg_08,ctx_870,0.771,4,1
log_1540,2024-01-22 01:00:00,prod_025,seg_01,ctx_259,0.647,4,1
log_1541,2024-01-03 07:00:00,prod_017,seg_04,ctx_509,0.371,2,0
log_1542,2024-01-26 08:00:00,prod_051,seg_08,ctx_929,0.796,4,1
log_1543,2024-01-04 19:00:00,prod_069,seg_03,ctx_009,0.772,4,1
log_1544,2024-01-28 22:00:00,prod_093,seg_03,ctx_895,0.846,4,1
log_1545,2024-01-18 06:00:00,prod_078,seg_00,ctx_422,0.842,4,1
log_1546,2024-01-02 11:00:00,prod_050,seg_08,ctx_740,0.388,3,0
log_1547,2024-01-08 02:00:00,prod_083,seg_00,ctx_643,0.884,5,1
log_1548,2024-01-05 18:00:00,prod_054,seg_03,ctx_947,0.686,4,1
log_1549,2024-01-22 23:00:00,prod_036,seg_00,ctx_522,0.779,4,1
log_1550,2024-01-25 15:00:00,prod_034,seg_01,ctx_876,0.459,3,0
log_1551,2024-01-12 21:00:00,prod_041,seg_02,ctx_609,0.801,4,1
log_1552,2024-01-24 16:00:00,prod_065,seg_02,ctx_655,0.399,3,0
log_1553,2024-01-20 17:00:00,prod_019,seg_05,ctx_511,0.406,3,0
log_1554,2024-01-27 04:00:00,prod_031,seg_00,ctx_763,0.521,3,0
log_1555,2024-01-20 22:00:00,prod_024,seg_03,ctx_541,0.657,4,1
log_1556,2024-01-21 13:00:00,prod_060,seg_06,ctx_424,0.762,4,1
log_1557,2024-01-27 12:00:00,prod_000,seg_02,ctx_994,0.89,5,1
log_1558,2024-01-30 17:00:00,prod_069,seg_03,ctx_724,0.409,3,0
log_1559,2024-01-28 08:00:00,prod_055,seg_01,ctx_475,0.759,4,1
log_1560,2024-01-19 16:00:00,prod_094,seg_03,ctx_790,0.525,3,0
log_1561,2024-01-12 14:00:00,prod_085,seg_01,ctx_846,0.333,2,0
log_1562,2024-01-21 21:00:00,prod_030,seg_08,ctx_386,0.661,4,1
log_1563,2024-01-07 03:00:00,prod_034,seg_06,ctx_198,0.618,3,1
log_1564,2024-01-21 11:00:00,prod_074,seg_03,ctx_429,0.423,3,0
log_1565,2024-01-30 02:00:00,prod_061,seg_06,ctx_501,0.793,4,1
log_1566,2024-01-14 01:00:00,prod_064,seg_00,ctx_394,0.652,4,1
log_1567,2024-01-29 10:00:00,prod_090,seg_02,ctx_649,0.461,3,0
log_1568,2024-01-17 11:00:00,prod_023,seg_01,ctx_167,0.379,3,0
log_1569,2024-01-21 21:00:00,prod_091,seg_02,ctx_585,0.718,4,1
log_1570,2024-01-28 23:00:00,prod_057,seg_05,ctx_210,0.894,5,1
log_1571,2024-01-05 23:00:00,prod_099,seg_04,ctx_913,0.987,5,1
log_1572,2024-01-08 13:00:00,prod_059,seg_08,ctx_102,0.851,4,1
log_1573,2024-01-01 06:00:00,prod_070,seg_08,ctx_773,0.558,3,0
log_1574,2024-01-30 10:00:00,prod_059,seg_02,ctx_287,0.838,4,1
log_1575,2024-01-06 03:00:00,prod_046,seg_06,ctx_380,0.696,4,1
log_1576,2024-01-27 09:00:00,prod_016,seg_02,ctx_246,0.817,4,1
log_1577,2024-01-09 03:00:00,prod_099,seg_07,ctx_343,0.629,4,1
log_1578,2024-01-06 11:00:00,prod_018,seg_04,ctx_841,0.304,2,0
log_1579,2024-01-20 14:00:00,prod_035,seg_08,ctx_370,0.491,3,0
log_1580,2024-01-02 03:00:00,prod_004,seg_07,ctx_664,0.739,4,1
log_1581,2024-01-07 22:00:00,prod_021,seg_05,ctx_875,0.449,3,0
log_1582,2024-01-09 06:00:00,prod_087,seg_05,ctx_545,0.544,3,0
log_1583,2024-01-14 16:00:00,prod_098,seg_01,ctx_955,0.569,3,0
log_1584,2024-01-22 20:00:00,prod_006,seg_02,ctx_979,0.677,4,1
log_1585,2024-01-14 11:00:00,prod_098,seg_02,ctx_468,0.555,3,0
log_1586,2024-01-28 19:00:00,prod_025,seg_01,ctx_403,0.735,4,1
log_1587,2024-01-02 22:00:00,prod_086,seg_09,ctx_398,0.387,3,0
log_1588,2024-01-19 12:00:00,prod_005,seg_05,ctx_033,0.358,2,0
log_1589,2024-01-01 06:00:00,prod_081,seg_04,ctx_089,0.645,4,1
log_1590,2024-01-25 23:00:00,prod_056,seg_04,ctx_796,0.759,4,1
log_1591,2024-01-09 12:00:00,prod_086,seg_03,ctx_066,0.899,5,1
log_1592,2024-01-26 11:00:00,prod_016,seg_09,ctx_860,0.495,3,0
log_1593,2024-01-08 17:00:00,prod_043,seg_01,ctx_571,0.865,4,1
log_1594,2024-01-15 08:00:00,prod_010,seg_05,ctx_232,0.838,4,1
log_1595,2024-01-11 19:00:00,prod_000,seg_09,ctx_298,0.385,3,0
log_1596,2024-01-29 10:00:00,prod_039,seg_03,ctx_316,0.771,4,1
log_1597,2024-01-09 01:00:00,prod_070,seg_07,ctx_942,0.483,3,0
log_1598,2024-01-02 03:00:00,prod_033,seg_09,ctx_556,0.822,4,1
log_1599,2024-01-29 12:00:00,prod_025,seg_02,ctx_558,0.692,4,1
log_1600,2024-01-24 14:00:00,prod_000,seg_02,ctx_915,0.935,5,1
log_1601,2024-01-08 15:00:00,prod_084,seg_01,ctx_166,0.352,2,0
log_1602,2024-01-23 19:00:00,prod_043,seg_02,ctx_242,0.316,2,0
log_1603,2024-01-04 03:00:00,prod_005,seg_08,ctx_186,0.839,4,1
log_1604,2024-01-14 10:00:00,prod_022,seg_02,ctx_426,0.636,4,1
log_1605,2024-01-13 13:00:00,prod_069,seg_04,ctx_980,0.61,3,1
log_1606,2024-01-25 18:00:00,prod_017,seg_01,ctx_291,0.46,3,0
log_1607,2024-01-30 02:00:00,prod_066,seg_02,ctx_278,0.532,3,0
log_1608,2024-01-19 05:00:00,prod_017,seg_06,ctx_204,0.306,2,0
log_1609,2024-01-02 05:00:00,prod_080,seg_03,ctx_881,0.784,4,1
log_1610,2024-01-08 01:00:00,prod_096,seg_04,ctx_065,0.475,3,0
log_1611,2024-01-08 22:00:00,prod_061,seg_07,ctx_991,0.458,3,0
log_1612,2024-01-05 01:00:00,prod_064,seg_04,ctx_923,0.653,4,1
log_1613,2024-01-06 18:00:00,prod_037,seg_01,ctx_704,0.819,4,1
log_1614,2024-01-23 00:00:00,prod_042,seg_09,ctx_104,0.563,3,0
log_1615,2024-01-12 21:00:00,prod_018,seg_09,ctx_225,0.532,3,0
log_1616,2024-01-27 05:00:00,prod_091,seg_06,ctx_806,0.605,3,1
log_1617,2024-01-27 12:00:00,prod_083,seg_01,ctx_618,0.715,4,1
log_1618,2024-01-03 15:00:00,prod_027,seg_05,ctx_967,0.86,4,1
log_1619,2024-01-10 11:00:00,prod_002,seg_05,ctx_344,0.651,4,1
log_1620,2024-01-24 16:00:00,prod_007,seg_01,ctx_396,0.604,3,1
log_1621,2024-01-06 09:00:00,prod_024,seg_02,ctx_799,0.617,3,1
log_1622,2024-01-10 07:00:00,prod_097,seg_05,ctx_991,0.424,3,0
log_1623,2024-01-29 06:00:00,prod_096,seg_09,ctx_961,0.462,3,0
log_1624,2024-01-27 11:00:00,prod_075,seg_03,ctx_133,0.695,4,1
log_1625,2024-01-13 15:00:00,prod_026,seg_02,ctx_430,0.833,4,1
log_1626,2024-01-30 10:00:00,prod_059,seg_00,ctx_266,0.777,4,1
log_1627,2024-01-29 20:00:00,prod_056,seg_01,ctx_268,0.381,3,0
log_1628,2024-01-05 22:00:00,prod_082,seg_02,ctx_758,0.431,3,0
log_1629,2024-01-18 00:00:00,prod_056,seg_02,ctx_333,0.663,4,1
log_1630,2024-01-11 17:00:00,prod_074,seg_00,ctx_727,0.513,3,0
log_1631,2024-01-13 03:00:00,prod_051,seg_08,ctx_285,0.44,3,0
log_1632,2024-01-19 22:00:00,prod_067,seg_03,ctx_187,0.641,4,1
log_1633,2024-01-14 06:00:00,prod_060,seg_06,ctx_065,0.402,3,0
log_1634,2024-01-17 18:00:00,prod_079,seg_05,ctx_059,0.323,2,0
log_1635,2024-01-19 16:00:00,prod_071,seg_06,ctx_143,0.715,4,1
log_1636,2024-01-25 07:00:00,prod_024,seg_05,ctx_409,0.337,2,0
log_1637,2024-01-09 16:00:00,prod_048,seg_00,ctx_704,0.845,4,1
log_1638,2024-01-22 08:00:00,prod_022,seg_00,ctx_608,0.634,4,1
log_1639,2024-01-04 21:00:00,prod_077,seg_00,ctx_693,0.806,4,1
log_1640,2024-01-28 11:00:00,prod_095,seg_08,ctx_691,0.687,4,1
log_1641,2024-01-30 09:00:00,prod_082,seg_08,ctx_155,0.68,4,1
log_1642,2024-01-20 16:00:00,prod_022,seg_07,ctx_133,0.701,4,1
log_1643,2024-01-25 06:00:00,prod_085,seg_09,ctx_837,0.538,3,0
log_1644,2024-01-12 16:00:00,prod_002,seg_07,ctx_958,0.385,3,0
log_1645,2024-01-17 22:00:00,prod_091,seg_01,ctx_283,0.768,4,1
log_1646,2024-01-24 06:00:00,prod_084,seg_08,ctx_845,0.894,5,1
log_1647,2024-01-02 23:00:00,prod_029,seg_03,ctx_880,0.775,4,1
log_1648,2024-01-20 07:00:00,prod_078,seg_02,ctx_157,0.892,5,1
log_1649,2024-01-28 12:00:00,prod_052,seg_04,ctx_917,0.771,4,1
log_1650,2024-01-09 19:00:00,prod_055,seg_08,ctx_845,0.74,4,1
log_1651,2024-01-05 16:00:00,prod_042,seg_05,ctx_261,0.633,4,1
log_1652,2024-01-13 23:00:00,prod_054,seg_00,ctx_031,0.366,2,0
log_1653,2024-01-14 19:00:00,prod_032,seg_08,ctx_979,0.337,2,0
log_1654,2024-01-08 13:00:00,prod_040,seg_02,ctx_120,0.719,4,1
log_1655,2024-01-12 11:00:00,prod_046,seg_06,ctx_862,0.737,4,1
log_1656,2024-01-24 09:00:00,prod_060,seg_05,ctx_165,0.575,3,0
log_1657,2024-01-27 09:00:00,prod_052,seg_03,ctx_039,0.799,4,1
log_1658,2024-01-11 09:00:00,prod_068,seg_05,ctx_035,0.658,4,1
log_1659,2024-01-07 19:00:00,prod_044,seg_04,ctx_351,0.966,5,1
log_1660,2024-01-22 01:00:00,prod_099,seg_00,ctx_954,0.959,5,1
log_1661,2024-01-05 05:00:00,prod_084,seg_03,ctx_149,0.451,3,0
log_1662,2024-01-16 22:00:00,prod_078,seg_06,ctx_552,0.774,4,1
log_1663,2024-01-20 23:00:00,prod_079,seg_07,ctx_462,0.732,4,1
log_1664,2024-01-02 19:00:00,prod_053,seg_08,ctx_161,0.963,5,1
log_1665,2024-01-26 12:00:00,prod_008,seg_03,ctx_263,0.697,4,1
log_1666,2024-01-20 14:00:00,prod_062,seg_03,ctx_943,0.878,5,1
log_1667,2024-01-28 14:00:00,prod_059,seg_07,ctx_206,0.617,3,1
log_1668,2024-01-18 16:00:00,prod_036,seg_06,ctx_767,0.632,4,1
log_1669,2024-01-23 04:00:00,prod_014,seg_07,ctx_073,0.711,4,1
log_1670,2024-01-13 16:00:00,prod_058,seg_02,ctx_273,0.352,2,0
log_1671,2024-01-12 13:00:00,prod_036,seg_06,ctx_218,0.654,4,1
log_1672,2024-01-21 10:00:00,prod_023,seg_01,ctx_259,0.718,4,1
log_1673,2024-01-28 11:00:00,prod_041,seg_09,ctx_882,0.31,2,0
log_1674,2024-01-29 21:00:00,prod_011,seg_09,ctx_960,0.3,2,0
log_1675,2024-01-19 10:00:00,prod_034,seg_08,ctx_991,0.451,3,0
log_1676,2024-01-12 09:00:00,prod_068,seg_05,ctx_688,0.453,3,0
log_1677,2024-01-01 20:00:00,prod_041,seg_02,ctx_886,0.692,4,1
log_1678,2024-01-14 00:00:00,prod_041,seg_06,ctx_355,0.706,4,1
log_1679,2024-01-03 05:00:00,prod_020,seg_00,ctx_404,0.951,5,1
log_1680,2024-01-27 17:00:00,prod_036,seg_02,ctx_724,0.749,4,1
log_1681,2024-01-12 19:00:00,prod_070,seg_08,ctx_066,0.671,4,1
log_1682,2024-01-13 20:00:00,prod_039,seg_04,ctx_435,0.749,4,1
log_1683,2024-01-19 16:00:00,prod_060,seg_04,ctx_089,0.85,4,1
log_1684,2024-01-03 11:00:00,prod_092,seg_01,ctx_425,0.503,3,0
log_1685,2024-01-21 21:00:00,prod_067,seg_08,ctx_103,0.854,4,1
log_1686,2024-01-10 08:00:00,prod_089,seg_06,ctx_646,0.498,3,0
log_1687,2024-01-26 12:00:00,prod_010,seg_04,ctx_027,0.747,4,1
log_1688,2024-01-23 13:00:00,prod_007,seg_02,ctx_765,0.416,3,0
log_1689,2024-01-14 23:00:00,prod_007,seg_03,ctx_350,0.847,4,1
log_1690,2024-01-01 08:00:00,prod_051,seg_05,ctx_512,0.363,2,0
log_1691,2024-01-04 07:00:00,prod_007,seg_03,ctx_100,0.74,4,1
log_1692,2024-01-07 06:00:00,prod_000,seg_02,ctx_843,0.522,3,0
log_1693,2024-01-18 20:00:00,prod_023,seg_06,ctx_226,0.606,3,1
log_1694,2024-01-10 23:00:00,prod_015,seg_09,ctx_113,0.521,3,0
log_1695,2024-01-03 16:00:00,prod_003,seg_06,ctx_249,0.669,4,1
log_1696,2024-01-12 16:00:00,prod_099,seg_09,ctx_919,0.375,2,0
log_1697,2024-01-25 02:00:00,prod_073,seg_00,ctx_584,0.864,4,1
log_1698,2024-01-10 20:00:00,prod_057,seg_08,ctx_673,0.803,4,1
log_1699,2024-01-03 21:00:00,prod_015,seg_07,ctx_242,0.64,4,1
log_1700,2024-01-20 18:00:00,prod_015,seg_01,ctx_228,0.675,4,1
log_1701,2024-01-25 15:00:00,prod_049,seg_05,ctx_658,0.401,3,0
log_1702,2024-01-01 00:00:00,prod_059,seg_09,ctx_188,0.631,4,1
log_1703,2024-01-25 04:00:00,prod_076,seg_01,ctx_179,0.45,3,0
log_1704,2024-01-16 04:00:00,prod_067,seg_08,ctx_118,0.722,4,1
log_1705,2024-01-24 16:00:00,prod_069,seg_01,ctx_023,0.411,3,0
log_1706,2024-01-30 20:00:00,prod_085,seg_04,ctx_924,0.465,3,0
log_1707,2024-01-09 16:00:00,prod_093,seg_04,ctx_508,0.566,3,0
log_1708,2024-01-07 09:00:00,prod_077,seg_09,ctx_331,0.428,3,0
log_1709,2024-01-09 11:00:00,prod_060,seg_03,ctx_619,0.467,3,0
log_1710,2024-01-17 11:00:00,prod_062,seg_00,ctx_187,0.765,4,1
log_1711,2024-01-01 17:00:00,prod_068,seg_05,ctx_697,0.68,4,1
log_1712,2024-01-23 10:00:00,prod_011,seg_04,ctx_104,0.427,3,0
log_1713,2024-01-09 11:00:00,prod_061,seg_07,ctx_499,0.826,4,1
log_1714,2024-01-08 06:00:00,prod_009,seg_06,ctx_482,0.613,3,1
log_1715,2024-01-16 22:00:00,prod_039,seg_00,ctx_917,0.773,4,1
log_1716,2024-01-14 11:00:00,prod_023,seg_05,ctx_495,0.51,3,0
log_1717,2024-01-16 05:00:00,prod_048,seg_00,ctx_445,0.872,4,1
log_1718,2024-01-14 21:00:00,prod_066,seg_02,ctx_476,0.565,3,0
log_1719,2024-01-11 14:00:00,prod_022,seg_09,ctx_069,0.801,4,1
log_1720,2024-01-28 08:00:00,prod_014,seg_08,ctx_990,0.611,3,1
log_1721,2024-01-23 20:00:00,prod_005,seg_07,ctx_079,0.83,4,1
log_1722,2024-01-07 22:00:00,prod_030,seg_03,ctx_847,0.749,4,1
log_1723,2024-01-09 05:00:00,prod_096,seg_05,ctx_472,0.38,3,0
log_1724,2024-01-10 21:00:00,prod_094,seg_02,ctx_324,0.555,3,0
log_1725,2024-01-13 15:00:00,prod_018,seg_07,ctx_088,0.695,4,1
log_1726,2024-01-23 01:00:00,prod_054,seg_01,ctx_202,0.579,3,0
log_1727,2024-01-18 10:00:00,prod_094,seg_04,ctx_387,0.826,4,1
log_1728,2024-01-23 07:00:00,prod_090,seg_02,ctx_622,0.478,3,0
log_1729,2024-01-26 19:00:00,prod_087,seg_04,ctx_621,0.76,4,1
log_1730,2024-01-01 21:00:00,prod_095,seg_09,ctx_945,0.541,3,0
log_1731,2024-01-24 16:00:00,prod_030,seg_06,ctx_177,0.689,4,1
log_1732,2024-01-04 16:00:00,prod_043,seg_05,ctx_439,0.645,4,1
log_1733,2024-01-08 21:00:00,prod_072,seg_07,ctx_955,0.692,4,1
log_1734,2024-01-30 11:00:00,prod_008,seg_01,ctx_096,0.334,2,0
log_1735,2024-01-20 10:00:00,prod_052,seg_04,ctx_088,0.659,4,1
log_1736,2024-01-08 01:00:00,prod_016,seg_07,ctx_301,0.55,3,0
log_1737,2024-01-15 13:00:00,prod_089,seg_08,ctx_898,0.595,3,0
log_1738,2024-01-29 09:00:00,prod_077,seg_01,ctx_801,0.325,2,0
log_1739,2024-01-27 18:00:00,prod_016,seg_00,ctx_364,0.674,4,1
log_1740,2024-01-25 14:00:00,prod_037,seg_08,ctx_378,0.558,3,0
log_1741,2024-01-18 19:00:00,prod_070,seg_00,ctx_330,0.746,4,1
log_1742,2024-01-03 02:00:00,prod_086,seg_04,ctx_311,0.95,5,1
log_1743,2024-01-10 20:00:00,prod_086,seg_00,ctx_502,0.789,4,1
log_1744,2024-01-18 02:00:00,prod_060,seg_08,ctx_538,0.601,3,1
log_1745,2024-01-11 22:00:00,prod_022,seg_06,ctx_533,0.434,3,0
log_1746,2024-01-04 19:00:00,prod_074,seg_04,ctx_198,0.692,4,1
log_1747,2024-01-29 03:00:00,prod_045,seg_09,ctx_608,0.6,3,1
log_1748,2024-01-08 07:00:00,prod_010,seg_08,ctx_225,0.69,4,1
log_1749,2024-01-05 18:00:00,prod_085,seg_08,ctx_909,0.825,4,1
log_1750,2024-01-07 17:00:00,prod_046,seg_00,ctx_232,0.723,4,1
log_1751,2024-01-18 13:00:00,prod_024,seg_06,ctx_051,0.499,3,0
log_1752,2024-01-10 23:00:00,prod_093,seg_06,ctx_188,0.319,2,0
log_1753,2024-01-03 13:00:00,prod_056,seg_05,ctx_855,0.491,3,0
log_1754,2024-01-28 07:00:00,prod_006,seg_09,ctx_562,0.602,3,1
log_1755,2024-01-01 17:00:00,prod_021,seg_08,ctx_790,0.736,4,1
log_1756,2024-01-16 23:00:00,prod_045,seg_04,ctx_565,0.724,4,1
log_1757,2024-01-25 17:00:00,prod_086,seg_02,ctx_227,0.908,5,1
log_1758,2024-01-01 13:00:00,prod_052,seg_00,ctx_159,0.388,3,0
log_1759,2024-01-05 07:00:00,prod_024,seg_00,ctx_085,0.457,3,0
log_1760,2024-01-19 22:00:00,prod_065,seg_04,ctx_392,0.465,3,0
log_1761,2024-01-23 02:00:00,prod_046,seg_08,ctx_211,0.473,3,0
log_1762,2024-01-02 01:00:00,prod_009,seg_04,ctx_604,0.867,4,1
log_1763,2024-01-16 12:00:00,prod_045,seg_07,ctx_077,0.666,4,1
log_1764,2024-01-06 00:00:00,prod_072,seg_04,ctx_318,0.471,3,0
log_1765,2024-01-05 12:00:00,prod_018,seg_00,ctx_641,0.664,4,1
log_1766,2024-01-26 06:00:00,prod_084,seg_07,ctx_083,0.473,3,0
log_1767,2024-01-06 14:00:00,prod_044,seg_03,ctx_528,0.773,4,1
log_1768,2024-01-23 14:00:00,prod_030,seg_05,ctx_000,0.636,4,1
log_1769,2024-01-17 11:00:00,prod_075,seg_01,ctx_728,0.318,2,0
log_1770,2024-01-04 02:00:00,prod_023,seg_00,ctx_605,0.648,4,1
log_1771,2024-01-20 01:00:00,prod_068,seg_05,ctx_945,0.681,4,1
log_1772,2024-01-08 07:00:00,prod_091,seg_09,ctx_894,0.731,4,1
log_1773,2024-01-15 00:00:00,prod_053,seg_01,ctx_689,0.389,3,0
log_1774,2024-01-19 18:00:00,prod_029,seg_09,ctx_881,0.407,3,0
log_1775,2024-01-13 11:00:00,prod_062,seg_06,ctx_430,0.771,4,1
log_1776,2024-01-29 16:00:00,prod_017,seg_01,ctx_527,0.55,3,0
log_1777,2024-01-18 17:00:00,prod_016,seg_02,ctx_059,0.722,4,1
log_1778,2024-01-20 00:00:00,prod_053,seg_08,ctx_587,0.935,5,1
log_1779,2024-01-27 13:00:00,prod_075,seg_01,ctx_936,0.871,4,1
log_1780,2024-01-30 12:00:00,prod_088,seg_02,ctx_807,0.41,3,0
log_1781,2024-01-23 05:00:00,prod_058,seg_00,ctx_129,0.438,3,0
log_1782,2024-01-30 06:00:00,prod_007,seg_07,ctx_135,0.314,2,0
log_1783,2024-01-17 14:00:00,prod_015,seg_00,ctx_883,0.474,3,0
log_1784,2024-01-03 19:00:00,prod_011,seg_03,ctx_956,0.88,5,1
log_1785,2024-01-15 12:00:00,prod_034,seg_05,ctx_151,0.4,3,0
log_1786,2024-01-15 22:00:00,prod_024,seg_07,ctx_885,0.73,4,1
log_1787,2024-01-07 03:00:00,prod_099,seg_09,ctx_922,0.425,3,0
log_1788,2024-01-30 05:00:00,prod_093,seg_08,ctx_349,0.615,3,1
log_1789,2024-01-09 23:00:00,prod_027,seg_04,ctx_984,0.42,3,0
log_1790,2024-01-23 08:00:00,prod_074,seg_05,ctx_802,0.72,4,1
log_1791,2024-01-01 14:00:00,prod_022,seg_00,ctx_016,0.844,4,1
log_1792,2024-01-02 08:00:00,prod_093,seg_02,ctx_814,0.451,3,0
log_1793,2024-01-10 19:00:00,prod_072,seg_06,ctx_053,0.636,4,1
log_1794,2024-01-06 10:00:00,prod_052,seg_06,ctx_243,0.438,3,0
log_1795,2024-01-20 05:00:00,prod_056,seg_02,ctx_759,0.6,3,1
log_1796,2024-01-22 23:00:00,prod_011,seg_04,ctx_704,0.872,4,1
log_1797,2024-01-12 00:00:00,prod_073,seg_03,ctx_717,0.764,4,1
log_1798,2024-01-07 21:00:00,prod_065,seg_05,ctx_628,0.818,4,1
log_1799,2024-01-25 05:00:00,prod_083,seg_00,ctx_345,0.872,4,1
log_1800,2024-01-20 06:00:00,prod_080,seg_00,ctx_039,0.65,4,1
log_1801,2024-01-21 16:00:00,prod_096,seg_06,ctx_946,0.382,3,0
log_1802,2024-01-24 19:00:00,prod_031,seg_02,ctx_993,0.591,3,0
log_1803,2024-01-17 21:00:00,prod_092,seg_04,ctx_471,0.688,4,1
log_1804,2024-01-16 03:00:00,prod_068,seg_03,ctx_654,0.509,3,0
log_1805,2024-01-02 03:00:00,prod_049,seg_09,ctx_392,0.313,2,0
log_1806,2024-01-01 04:00:00,prod_042,seg_00,ctx_304,0.411,3,0
log_1807,2024-01-14 07:00:00,prod_036,seg_01,ctx_792,0.612,3,1
log_1808,2024-01-19 02:00:00,prod_046,seg_08,ctx_671,0.86,4,1
log_1809,2024-01-26 21:00:00,prod_058,seg_09,ctx_935,0.377,3,0
log_1810,2024-01-07 23:00:00,prod_016,seg_07,ctx_270,0.545,3,0
log_1811,2024-01-22 06:00:00,prod_088,seg_04,ctx_369,0.883,5,1
log_1812,2024-01-30 18:00:00,prod_030,seg_07,ctx_974,0.715,4,1
log_1813,2024-01-29 12:00:00,prod_081,seg_06,ctx_284,0.884,5,1
log_1814,2024-01-18 04:00:00,prod_043,seg_05,ctx_928,0.798,4,1
log_1815,2024-01-11 12:00:00,prod_005,seg_03,ctx_522,0.862,4,1
log_1816,2024-01-02 18:00:00,prod_049,seg_02,ctx_928,0.944,5,1
log_1817,2024-01-21 11:00:00,prod_095,seg_03,ctx_218,0.71,4,1
log_1818,2024-01-20 20:00:00,prod_066,seg_03,ctx_515,0.706,4,1
log_1819,2024-01-07 14:00:00,prod_031,seg_09,ctx_954,0.419,3,0
log_1820,2024-01-11 13:00:00,prod_025,seg_01,ctx_058,0.333,2,0
log_1821,2024-01-21 13:00:00,prod_018,seg_02,ctx_476,0.383,3,0
log_1822,2024-01-20 00:00:00,prod_015,seg_01,ctx_649,0.893,5,1
log_1823,2024-01-03 11:00:00,prod_015,seg_00,ctx_161,0.69,4,1
log_1824,2024-01-24 22:00:00,prod_047,seg_09,ctx_121,0.886,5,1
log_1825,2024-01-15 10:00:00,prod_022,seg_06,ctx_296,0.574,3,0
log_1826,2024-01-17 06:00:00,prod_076,seg_00,ctx_538,0.536,3,0
log_1827,2024-01-14 00:00:00,prod_004,seg_00,ctx_174,0.436,3,0
log_1828,2024-01-24 03:00:00,prod_094,seg_07,ctx_817,0.823,4,1
log_1829,2024-01-17 05:00:00,prod_075,seg_07,ctx_983,0.426,3,0
log_1830,2024-01-11 16:00:00,prod_038,seg_05,ctx_455,0.526,3,0
log_1831,2024-01-15 04:00:00,prod_077,seg_01,ctx_875,0.801,4,1
log_1832,2024-01-16 20:00:00,prod_029,seg_00,ctx_089,0.797,4,1
log_1833,2024-01-03 16:00:00,prod_015,seg_05,ctx_958,0.618,3,1
log_1834,2024-01-16 20:00:00,prod_078,seg_06,ctx_065,0.739,4,1
log_1835,2024-01-06 15:00:00,prod_015,seg_02,ctx_499,0.764,4,1
log_1836,2024-01-04 20:00:00,prod_020,seg_04,ctx_918,0.748,4,1
log_1837,2024-01-29 12:00:00,prod_083,seg_09,ctx_926,0.457,3,0
log_1838,2024-01-10 23:00:00,prod_075,seg_04,ctx_503,0.847,4,1
log_1839,2024-01-30 16:00:00,prod_041,seg_09,ctx_460,0.552,3,0
log_1840,2024-01-10 07:00:00,prod_090,seg_07,ctx_638,0.473,3,0
log_1841,2024-01-29 03:00:00,prod_041,seg_06,ctx_859,0.886,5,1
log_1842,2024-01-17 21:00:00,prod_078,seg_03,ctx_729,0.727,4,1
log_1843,2024-01-28 06:00:00,prod_099,seg_06,ctx_595,0.836,4,1
log_1844,2024-01-02 00:00:00,prod_033,seg_02,ctx_934,0.371,2,0
log_1845,2024-01-17 23:00:00,prod_000,seg_09,ctx_980,0.492,3,0
log_1846,2024-01-04 05:00:00,prod_009,seg_00,ctx_031,0.877,5,1
log_1847,2024-01-18 16:00:00,prod_091,seg_09,ctx_956,0.548,3,0
log_1848,2024-01-02 02:00:00,prod_063,seg_08,ctx_538,0.479,3,0
log_1849,2024-01-30 21:00:00,prod_031,seg_04,ctx_504,0.855,4,1
log_1850,2024-01-21 19:00:00,prod_045,seg_03,ctx_619,0.79,4,1
log_1851,2024-01-10 21:00:00,prod_052,seg_05,ctx_868,0.403,3,0
log_1852,2024-01-20 00:00:00,prod_082,seg_05,ctx_591,0.825,4,1
log_1853,2024-01-27 00:00:00,prod_036,seg_03,ctx_449,0.762,4,1
log_1854,2024-01-15 07:00:00,prod_006,seg_08,ctx_579,0.902,5,1
log_1855,2024-01-25 21:00:00,prod_036,seg_08,ctx_153,0.775,4,1
log_1856,2024-01-24 04:00:00,prod_020,seg_08,ctx_506,0.585,3,0
log_1857,2024-01-06 15:00:00,prod_001,seg_02,ctx_812,0.373,2,0
log_1858,2024-01-10 17:00:00,prod_064,seg_07,ctx_429,0.416,3,0
log_1859,2024-01-09 17:00:00,prod_010,seg_04,ctx_616,0.775,4,1
log_1860,2024-01-10 02:00:00,prod_071,seg_00,ctx_162,0.471,3,0
log_1861,2024-01-21 17:00:00,prod_084,seg_05,ctx_140,0.668,4,1
log_1862,2024-01-05 16:00:00,prod_060,seg_09,ctx_267,0.691,4,1
log_1863,2024-01-03 10:00:00,prod_022,seg_09,ctx_610,0.414,3,0
log_1864,2024-01-13 20:00:00,prod_006,seg_04,ctx_933,0.371,2,0
log_1865,2024-01-09 19:00:00,prod_023,seg_04,ctx_759,0.801,4,1
log_1866,2024-01-19 03:00:00,prod_082,seg_09,ctx_320,0.737,4,1
log_1867,2024-01-02 01:00:00,prod_084,seg_05,ctx_601,0.815,4,1
log_1868,2024-01-04 13:00:00,prod_025,seg_02,ctx_734,0.516,3,0
log_1869,2024-01-09 08:00:00,prod_023,seg_02,ctx_148,0.843,4,1
log_1870,2024-01-22 06:00:00,prod_005,seg_01,ctx_131,0.464,3,0
log_1871,2024-01-10 22:00:00,prod_032,seg_06,ctx_034,0.831,4,1
log_1872,2024-01-05 11:00:00,prod_088,seg_01,ctx_885,0.615,3,1
log_1873,2024-01-19 21:00:00,prod_058,seg_08,ctx_412,0.723,4,1
log_1874,2024-01-11 12:00:00,prod_047,seg_07,ctx_542,0.458,3,0
log_1875,2024-01-18 04:00:00,prod_058,seg_09,ctx_177,0.728,4,1
log_1876,2024-01-17 06:00:00,prod_059,seg_08,ctx_534,0.584,3,0
log_1877,2024-01-03 11:00:00,prod_073,seg_09,ctx_419,0.487,3,0
log_1878,2024-01-02 16:00:00,prod_091,seg_00,ctx_392,0.952,5,1
log_1879,2024-01-25 20:00:00,prod_028,seg_01,ctx_554,0.367,2,0
log_1880,2024-01-19 14:00:00,prod_022,seg_03,ctx_557,0.368,2,0
log_1881,2024-01-14 03:00:00,prod_088,seg_06,ctx_562,0.811,4,1
log_1882,2024-01-01 12:00:00,prod_001,seg_03,ctx_790,0.333,2,0
log_1883,2024-01-10 12:00:00,prod_029,seg_06,ctx_004,0.5,3,0
log_1884,2024-01-16 05:00:00,prod_084,seg_04,ctx_343,0.33,2,0
log_1885,2024-01-25 22:00:00,prod_079,seg_00,ctx_365,0.609,3,1
log_1886,2024-01-20 07:00:00,prod_026,seg_09,ctx_285,0.377,3,0
log_1887,2024-01-09 05:00:00,prod_003,seg_07,ctx_172,0.347,2,0
log_1888,2024-01-16 10:00:00,prod_043,seg_03,ctx_640,0.451,3,0
log_1889,2024-01-13 00:00:00,prod_000,seg_06,ctx_503,0.415,3,0
log_1890,2024-01-13 00:00:00,prod_036,seg_07,ctx_687,0.745,4,1
log_1891,2024-01-29 10:00:00,prod_043,seg_03,ctx_396,0.758,4,1
log_1892,2024-01-04 11:00:00,prod_051,seg_06,ctx_795,0.306,2,0
log_1893,2024-01-04 12:00:00,prod_070,seg_07,ctx_147,0.741,4,1
log_1894,2024-01-22 11:00:00,prod_066,seg_03,ctx_959,0.31,2,0
log_1895,2024-01-05 18:00:00,prod_086,seg_04,ctx_396,0.604,3,1
log_1896,2024-01-15 18:00:00,prod_020,seg_00,ctx_051,0.874,4,1
log_1897,2024-01-10 20:00:00,prod_004,seg_06,ctx_256,0.727,4,1
log_1898,2024-01-28 18:00:00,prod_007,seg_02,ctx_601,0.449,3,0
log_1899,2024-01-07 10:00:00,prod_063,seg_09,ctx_831,0.787,4,1
log_1900,2024-01-24 15:00:00,prod_042,seg_07,ctx_478,0.796,4,1
log_1901,2024-01-06 19:00:00,prod_077,seg_08,ctx_317,0.66,4,1
log_1902,2024-01-19 22:00:00,prod_001,seg_00,ctx_684,0.716,4,1
log_1903,2024-01-30 07:00:00,prod_050,seg_00,ctx_774,0.436,3,0
log_1904,2024-01-06 02:00:00,prod_026,seg_08,ctx_964,0.701,4,1
log_1905,2024-01-27 12:00:00,prod_025,seg_03,ctx_885,0.456,3,0
log_1906,2024-01-28 06:00:00,prod_056,seg_06,ctx_097,0.543,3,0
log_1907,2024-01-05 13:00:00,prod_085,seg_09,ctx_908,0.767,4,1
log_1908,2024-01-28 04:00:00,prod_021,seg_09,ctx_995,0.309,2,0
log_1909,2024-01-10 07:00:00,prod_060,seg_07,ctx_217,0.811,4,1
log_1910,2024-01-22 05:00:00,prod_006,seg_00,ctx_774,0.387,3,0
log_1911,2024-01-07 01:00:00,prod_000,seg_07,ctx_814,0.503,3,0
log_1912,2024-01-25 02:00:00,prod_024,seg_06,ctx_538,0.732,4,1
log_1913,2024-01-13 02:00:00,prod_051,seg_00,ctx_802,0.856,4,1
log_1914,2024-01-21 15:00:00,prod_047,seg_00,ctx_827,0.542,3,0
log_1915,2024-01-11 12:00:00,prod_079,seg_07,ctx_090,0.881,5,1
log_1916,2024-01-29 20:00:00,prod_000,seg_02,ctx_530,0.737,4,1
log_1917,2024-01-07 06:00:00,prod_020,seg_04,ctx_231,0.425,3,0
log_1918,2024-01-04 01:00:00,prod_005,seg_00,ctx_080,0.401,3,0
log_1919,2024-01-30 05:00:00,prod_041,seg_02,ctx_251,0.729,4,1
log_1920,2024-01-25 21:00:00,prod_025,seg_06,ctx_077,0.741,4,1
log_1921,2024-01-18 20:00:00,prod_032,seg_04,ctx_715,0.621,3,1
log_1922,2024-01-21 11:00:00,prod_093,seg_08,ctx_779,0.788,4,1
log_1923,2024-01-08 15:00:00,prod_084,seg_00,ctx_744,0.516,3,0
log_1924,2024-01-07 07:00:00,prod_026,seg_04,ctx_156,0.445,3,0
log_1925,2024-01-19 23:00:00,prod_066,seg_09,ctx_123,0.675,4,1
log_1926,2024-01-15 23:00:00,prod_064,seg_09,ctx_791,0.474,3,0
log_1927,2024-01-25 00:00:00,prod_032,seg_03,ctx_340,0.331,2,0
log_1928,2024-01-17 10:00:00,prod_019,seg_08,ctx_758,0.354,2,0
log_1929,2024-01-16 01:00:00,prod_024,seg_09,ctx_817,0.415,3,0
log_1930,2024-01-09 20:00:00,prod_057,seg_00,ctx_646,0.884,5,1
log_1931,2024-01-03 13:00:00,prod_006,seg_03,ctx_407,0.399,3,0
log_1932,2024-01-11 20:00:00,prod_087,seg_03,ctx_342,0.562,3,0
log_1933,2024-01-26 11:00:00,prod_059,seg_00,ctx_787,0.338,2,0
log_1934,2024-01-14 12:00:00,prod_076,seg_05,ctx_421,0.687,4,1
log_1935,2024-01-22 02:00:00,prod_020,seg_05,ctx_089,0.544,3,0
log_1936,2024-01-01 17:00:00,prod_051,seg_09,ctx_729,0.479,3,0
log_1937,2024-01-06 21:00:00,prod_070,seg_01,ctx_416,0.344,2,0
log_1938,2024-01-20 06:00:00,prod_023,seg_06,ctx_257,0.389,3,0
log_1939,2024-01-13 00:00:00,prod_022,seg_00,ctx_526,0.892,5,1
log_1940,2024-01-26 18:00:00,prod_093,seg_06,ctx_225,0.359,2,0
log_1941,2024-01-01 15:00:00,prod_057,seg_00,ctx_341,0.685,4,1
log_1942,2024-01-02 08:00:00,prod_067,seg_00,ctx_937,0.852,4,1
log_1943,2024-01-05 20:00:00,prod_010,seg_05,ctx_963,0.845,4,1
log_1944,2024-01-29 18:00:00,prod_035,seg_07,ctx_534,0.381,3,0
log_1945,2024-01-29 13:00:00,prod_034,seg_08,ctx_971,0.638,4,1
log_1946,2024-01-28 19:00:00,prod_075,seg_07,ctx_528,0.762,4,1
log_1947,2024-01-01 18:00:00,prod_075,seg_02,ctx_854,0.686,4,1
log_1948,2024-01-05 14:00:00,prod_001,seg_04,ctx_889,0.311,2,0
log_1949,2024-01-06 23:00:00,prod_032,seg_01,ctx_074,0.548,3,0
log_1950,2024-01-24 05:00:00,prod_087,seg_04,ctx_544,0.791,4,1
log_1951,2024-01-23 21:00:00,prod_014,seg_00,ctx_622,0.699,4,1
log_1952,2024-01-22 03:00:00,prod_030,seg_05,ctx_153,0.718,4,1
log_1953,2024-01-23 17:00:00,prod_097,seg_03,ctx_305,0.359,2,0
log_1954,2024-01-15 23:00:00,prod_010,seg_00,ctx_563,0.545,3,0
log_1955,2024-01-18 02:00:00,prod_063,seg_03,ctx_335,0.545,3,0
log_1956,2024-01-09 17:00:00,prod_028,seg_07,ctx_809,0.581,3,0
log_1957,2024-01-16 17:00:00,prod_038,seg_02,ctx_922,0.719,4,1
log_1958,2024-01-10 23:00:00,prod_055,seg_06,ctx_331,0.514,3,0
log_1959,2024-01-09 18:00:00,prod_062,seg_03,ctx_973,0.739,4,1
log_1960,2024-01-19 06:00:00,prod_015,seg_00,ctx_594,0.895,5,1
log_1961,2024-01-22 13:00:00,prod_009,seg_04,ctx_940,0.499,3,0
log_1962,2024-01-13 16:00:00,prod_045,seg_04,ctx_725,0.607,3,1
log_1963,2024-01-30 10:00:00,prod_041,seg_04,ctx_242,0.819,4,1
log_1964,2024-01-07 00:00:00,prod_039,seg_08,ctx_845,0.794,4,1
log_1965,2024-01-14 15:00:00,prod_079,seg_02,ctx_423,0.707,4,1
log_1966,2024-01-08 17:00:00,prod_003,seg_06,ctx_883,0.54,3,0
log_1967,2024-01-23 02:00:00,prod_060,seg_06,ctx_089,0.811,4,1
log_1968,2024-01-14 08:00:00,prod_052,seg_04,ctx_105,0.57,3,0
log_1969,2024-01-27 08:00:00,prod_016,seg_08,ctx_507,0.436,3,0
log_1970,2024-01-27 19:00:00,prod_018,seg_07,ctx_623,0.732,4,1
log_1971,2024-01-19 09:00:00,prod_012,seg_08,ctx_893,0.822,4,1
log_1972,2024-01-13 17:00:00,prod_045,seg_07,ctx_738,0.451,3,0
log_1973,2024-01-03 09:00:00,prod_056,seg_05,ctx_450,0.31,2,0
log_1974,2024-01-21 07:00:00,prod_052,seg_02,ctx_048,0.826,4,1
log_1975,2024-01-30 15:00:00,prod_056,seg_07,ctx_121,0.306,2,0
log_1976,2024-01-05 16:00:00,prod_084,seg_02,ctx_802,0.621,3,1
log_1977,2024-01-12 08:00:00,prod_061,seg_03,ctx_067,0.435,3,0
log_1978,2024-01-02 05:00:00,prod_066,seg_00,ctx_889,0.874,4,1
log_1979,2024-01-27 15:00:00,prod_074,seg_04,ctx_349,0.719,4,1
log_1980,2024-01-12 22:00:00,prod_084,seg_08,ctx_742,0.675,4,1
log_1981,2024-01-27 00:00:00,prod_054,seg_04,ctx_370,0.697,4,1
log_1982,2024-01-04 17:00:00,prod_097,seg_00,ctx_668,0.656,4,1
log_1983,2024-01-03 15:00:00,prod_092,seg_01,ctx_474,0.667,4,1
log_1984,2024-01-05 22:00:00,prod_085,seg_07,ctx_575,0.591,3,0
log_1985,2024-01-24 14:00:00,prod_039,seg_02,ctx_600,0.899,5,1
log_1986,2024-01-10 08:00:00,prod_091,seg_02,ctx_781,0.777,4,1
log_1987,2024-01-19 01:00:00,prod_095,seg_08,ctx_989,0.384,3,0
log_1988,2024-01-23 10:00:00,prod_036,seg_03,ctx_723,0.323,2,0
log_1989,2024-01-04 09:00:00,prod_025,seg_02,ctx_164,0.993,5,1
log_1990,2024-01-18 09:00:00,prod_007,seg_05,ctx_474,0.383,3,0
log_1991,2024-01-22 05:00:00,prod_082,seg_04,ctx_876,0.706,4,1
log_1992,2024-01-08 04:00:00,prod_096,seg_01,ctx_357,0.306,2,0
log_1993,2024-01-27 00:00:00,prod_047,seg_06,ctx_560,0.605,3,1
log_1994,2024-01-09 00:00:00,prod_027,seg_01,ctx_540,0.687,4,1
log_1995,2024-01-11 21:00:00,prod_079,seg_00,ctx_771,0.403,3,0
log_1996,2024-01-22 08:00:00,prod_021,seg_07,ctx_482,0.462,3,0
log_1997,2024-01-08 07:00:00,prod_018,seg_08,ctx_896,0.676,4,1
log_1998,2024-01-15 00:00:00,prod_051,seg_01,ctx_382,0.596,3,0
log_1999,2024-01-25 23:00:00,prod_008,seg_03,ctx_191,0.803,4,1
log_2000,2024-01-25 06:00:00,prod_074,seg_00,ctx_726,0.551,3,0
log_2001,2024-01-12 13:00:00,prod_050,seg_06,ctx_390,0.575,3,0
log_2002,2024-01-09 22:00:00,prod_029,seg_03,ctx_698,0.888,5,1
log_2003,2024-01-04 08:00:00,prod_055,seg_07,ctx_148,0.765,4,1
log_2004,2024-01-02 10:00:00,prod_001,seg_00,ctx_258,0.459,3,0
log_2005,2024-01-15 05:00:00,prod_083,seg_01,ctx_754,0.308,2,0
log_2006,2024-01-19 09:00:00,prod_079,seg_08,ctx_068,0.809,4,1
log_2007,2024-01-29 13:00:00,prod_028,seg_03,ctx_668,0.424,3,0
log_2008,2024-01-02 15:00:00,prod_018,seg_03,ctx_742,0.545,3,0
log_2009,2024-01-21 22:00:00,prod_068,seg_06,ctx_266,0.53,3,0
log_2010,2024-01-08 06:00:00,prod_071,seg_05,ctx_847,0.542,3,0
log_2011,2024-01-07 07:00:00,prod_019,seg_04,ctx_771,0.751,4,1
log_2012,2024-01-09 19:00:00,prod_076,seg_03,ctx_783,0.769,4,1
log_2013,2024-01-08 05:00:00,prod_075,seg_04,ctx_810,0.49,3,0
log_2014,2024-01-07 15:00:00,prod_012,seg_09,ctx_591,0.502,3,0
log_2015,2024-01-28 07:00:00,prod_075,seg_02,ctx_853,0.724,4,1
log_2016,2024-01-06 15:00:00,prod_080,seg_03,ctx_445,0.739,4,1
log_2017,2024-01-28 14:00:00,prod_005,seg_03,ctx_779,0.411,3,0
log_2018,2024-01-28 19:00:00,prod_031,seg_08,ctx_870,0.897,5,1
log_2019,2024-01-09 14:00:00,prod_025,seg_09,ctx_880,0.796,4,1
log_2020,2024-01-02 10:00:00,prod_041,seg_08,ctx_138,0.506,3,0
log_2021,2024-01-26 03:00:00,prod_079,seg_02,ctx_548,0.332,2,0
log_2022,2024-01-18 02:00:00,prod_099,seg_06,ctx_177,0.862,4,1
log_2023,2024-01-11 08:00:00,prod_018,seg_00,ctx_022,0.546,3,0
log_2024,2024-01-03 20:00:00,prod_070,seg_05,ctx_225,0.394,3,0
log_2025,2024-01-24 20:00:00,prod_024,seg_03,ctx_708,0.589,3,0
log_2026,2024-01-12 13:00:00,prod_055,seg_00,ctx_047,0.325,2,0
log_2027,2024-01-10 20:00:00,prod_044,seg_02,ctx_276,0.795,4,1
log_2028,2024-01-19 19:00:00,prod_098,seg_09,ctx_239,0.708,4,1
log_2029,2024-01-04 13:00:00,prod_031,seg_01,ctx_729,0.688,4,1
log_2030,2024-01-13 15:00:00,prod_064,seg_08,ctx_522,0.929,5,1
log_2031,2024-01-07 22:00:00,prod_074,seg_04,ctx_912,0.891,5,1
log_2032,2024-01-10 10:00:00,prod_095,seg_01,ctx_766,0.69,4,1
log_2033,2024-01-19 15:00:00,prod_085,seg_00,ctx_639,0.423,3,0
log_2034,2024-01-10 09:00:00,prod_093,seg_04,ctx_875,0.738,4,1
log_2035,2024-01-14 10:00:00,prod_067,seg_00,ctx_899,0.36,2,0
log_2036,2024-01-24 02:00:00,prod_004,seg_01,ctx_858,0.657,4,1
log_2037,2024-01-15 19:00:00,prod_035,seg_09,ctx_441,0.463,3,0
log_2038,2024-01-08 18:00:00,prod_034,seg_02,ctx_281,0.799,4,1
log_2039,2024-01-06 14:00:00,prod_076,seg_04,ctx_180,0.548,3,0
log_2040,2024-01-17 08:00:00,prod_006,seg_03,ctx_363,0.341,2,0
log_2041,2024-01-19 19:00:00,prod_028,seg_00,ctx_454,0.505,3,0
log_2042,2024-01-14 03:00:00,prod_077,seg_09,ctx_867,0.457,3,0
log_2043,2024-01-13 16:00:00,prod_047,seg_06,ctx_572,0.731,4,1
log_2044,2024-01-11 12:00:00,prod_026,seg_03,ctx_738,0.821,4,1
log_2045,2024-01-02 04:00:00,prod_030,seg_00,ctx_075,0.554,3,0
log_2046,2024-01-24 09:00:00,prod_040,seg_00,ctx_577,0.536,3,0
log_2047,2024-01-06 06:00:00,prod_000,seg_03,ctx_681,0.904,5,1
log_2048,2024-01-10 06:00:00,prod_013,seg_07,ctx_016,0.738,4,1
log_2049,2024-01-16 09:00:00,prod_099,seg_06,ctx_300,0.672,4,1
log_2050,2024-01-27 21:00:00,prod_012,seg_05,ctx_145,0.527,3,0
log_2051,2024-01-14 18:00:00,prod_060,seg_05,ctx_023,0.479,3,0
log_2052,2024-01-02 00:00:00,prod_003,seg_00,ctx_981,0.679,4,1
log_2053,2024-01-18 19:00:00,prod_003,seg_08,ctx_023,0.843,4,1
log_2054,2024-01-07 21:00:00,prod_009,seg_07,ctx_857,0.594,3,0
log_2055,2024-01-24 08:00:00,prod_029,seg_09,ctx_619,0.753,4,1
log_2056,2024-01-06 18:00:00,prod_094,seg_04,ctx_364,0.61,3,1
log_2057,2024-01-03 06:00:00,prod_035,seg_00,ctx_191,0.931,5,1
log_2058,2024-01-17 14:00:00,prod_035,seg_08,ctx_339,0.425,3,0
log_2059,2024-01-02 00:00:00,prod_036,seg_04,ctx_392,0.408,3,0
log_2060,2024-01-09 22:00:00,prod_001,seg_00,ctx_467,0.877,5,1
log_2061,2024-01-11 09:00:00,prod_010,seg_02,ctx_181,0.569,3,0
log_2062,2024-01-29 18:00:00,prod_054,seg_03,ctx_531,0.658,4,1
log_2063,2024-01-30 02:00:00,prod_057,seg_05,ctx_489,0.817,4,1
log_2064,2024-01-27 04:00:00,prod_027,seg_09,ctx_781,0.677,4,1
log_2065,2024-01-09 16:00:00,prod_016,seg_03,ctx_357,0.691,4,1
log_2066,2024-01-19 07:00:00,prod_070,seg_05,ctx_931,0.338,2,0
log_2067,2024-01-04 00:00:00,prod_072,seg_06,ctx_532,0.82,4,1
log_2068,2024-01-14 04:00:00,prod_000,seg_01,ctx_142,0.412,3,0
log_2069,2024-01-22 03:00:00,prod_080,seg_03,ctx_693,0.508,3,0
log_2070,2024-01-10 03:00:00,prod_017,seg_07,ctx_705,0.853,4,1
log_2071,2024-01-26 05:00:00,prod_068,seg_04,ctx_178,0.788,4,1
log_2072,2024-01-29 06:00:00,prod_054,seg_09,ctx_724,0.304,2,0
log_2073,2024-01-03 03:00:00,prod_046,seg_08,ctx_518,0.974,5,1
log_2074,2024-01-17 17:00:00,prod_097,seg_05,ctx_262,0.687,4,1
log_2075,2024-01-22 05:00:00,prod_033,seg_05,ctx_630,0.566,3,0
log_2076,2024-01-05 06:00:00,prod_064,seg_08,ctx_599,0.425,3,0
log_2077,2024-01-10 18:00:00,prod_024,seg_02,ctx_178,0.397,3,0
log_2078,2024-01-30 05:00:00,prod_044,seg_05,ctx_516,0.391,3,0
log_2079,2024-01-05 17:00:00,prod_002,seg_03,ctx_416,0.595,3,0
log_2080,2024-01-16 19:00:00,prod_017,seg_03,ctx_989,0.558,3,0
log_2081,2024-01-24 22:00:00,prod_033,seg_02,ctx_387,0.712,4,1
log_2082,2024-01-23 19:00:00,prod_083,seg_09,ctx_029,0.363,2,0
log_2083,2024-01-05 11:00:00,prod_078,seg_04,ctx_809,0.793,4,1
log_2084,2024-01-25 18:00:00,prod_080,seg_06,ctx_098,0.57,3,0
log_2085,2024-01-20 07:00:00,prod_051,seg_02,ctx_751,0.923,5,1
log_2086,2024-01-16 05:00:00,prod_045,seg_01,ctx_537,0.646,4,1
log_2087,2024-01-15 02:00:00,prod_031,seg_08,ctx_197,0.715,4,1
log_2088,2024-01-15 08:00:00,prod_075,seg_01,ctx_262,0.754,4,1
log_2089,2024-01-24 02:00:00,prod_054,seg_03,ctx_684,0.566,3,0
log_2090,2024-01-05 23:00:00,prod_013,seg_03,ctx_160,0.673,4,1
log_2091,2024-01-29 15:00:00,prod_051,seg_02,ctx_704,0.685,4,1
log_2092,2024-01-05 05:00:00,prod_025,seg_06,ctx_062,0.671,4,1
log_2093,2024-01-19 00:00:00,prod_033,seg_03,ctx_295,0.41,3,0
log_2094,2024-01-09 15:00:00,prod_008,seg_05,ctx_263,0.757,4,1
log_2095,2024-01-14 09:00:00,prod_041,seg_02,ctx_363,0.355,2,0
log_2096,2024-01-16 22:00:00,prod_047,seg_08,ctx_371,0.687,4,1
log_2097,2024-01-09 23:00:00,prod_077,seg_02,ctx_565,0.343,2,0
log_2098,2024-01-06 06:00:00,prod_026,seg_08,ctx_435,0.729,4,1
log_2099,2024-01-24 18:00:00,prod_033,seg_04,ctx_732,0.731,4,1
log_2100,2024-01-06 13:00:00,prod_065,seg_05,ctx_067,0.397,3,0
log_2101,2024-01-28 16:00:00,prod_000,seg_02,ctx_831,0.448,3,0
log_2102,2024-01-14 07:00:00,prod_078,seg_05,ctx_971,0.878,5,1
log_2103,2024-01-04 13:00:00,prod_073,seg_04,ctx_944,0.426,3,0
log_2104,2024-01-10 19:00:00,prod_021,seg_04,ctx_325,0.866,4,1
log_2105,2024-01-25 11:00:00,prod_073,seg_09,ctx_736,0.437,3,0
log_2106,2024-01-13 10:00:00,prod_091,seg_03,ctx_037,0.513,3,0
log_2107,2024-01-27 06:00:00,prod_040,seg_08,ctx_150,0.685,4,1
log_2108,2024-01-27 10:00:00,prod_059,seg_07,ctx_120,0.621,3,1
log_2109,2024-01-09 23:00:00,prod_076,seg_06,ctx_868,0.423,3,0
log_2110,2024-01-16 16:00:00,prod_079,seg_01,ctx_082,0.663,4,1
log_2111,2024-01-15 12:00:00,prod_053,seg_05,ctx_475,0.495,3,0
log_2112,2024-01-22 16:00:00,prod_057,seg_08,ctx_174,0.376,3,0
log_2113,2024-01-03 07:00:00,prod_097,seg_05,ctx_298,0.693,4,1
log_2114,2024-01-19 23:00:00,prod_016,seg_05,ctx_071,0.418,3,0
log_2115,2024-01-10 12:00:00,prod_055,seg_07,ctx_038,0.414,3,0
log_2116,2024-01-23 17:00:00,prod_077,seg_01,ctx_583,0.595,3,0
log_2117,2024-01-29 19:00:00,prod_075,seg_03,ctx_590,0.847,4,1
log_2118,2024-01-20 13:00:00,prod_005,seg_01,ctx_302,0.498,3,0
log_2119,2024-01-04 12:00:00,prod_002,seg_01,ctx_592,0.442,3,0
log_2120,2024-01-26 23:00:00,prod_057,seg_04,ctx_548,0.414,3,0
log_2121,2024-01-14 14:00:00,prod_020,seg_09,ctx_390,0.858,4,1
log_2122,2024-01-16 15:00:00,prod_070,seg_02,ctx_028,0.459,3,0
log_2123,2024-01-09 15:00:00,prod_030,seg_08,ctx_375,0.646,4,1
log_2124,2024-01-12 03:00:00,prod_018,seg_01,ctx_130,0.434,3,0
log_2125,2024-01-18 03:00:00,prod_043,seg_01,ctx_700,0.399,3,0
log_2126,2024-01-27 13:00:00,prod_037,seg_04,ctx_492,0.477,3,0
log_2127,2024-01-14 11:00:00,prod_051,seg_08,ctx_095,0.468,3,0
log_2128,2024-01-05 06:00:00,prod_012,seg_00,ctx_527,0.419,3,0
log_2129,2024-01-16 23:00:00,prod_077,seg_02,ctx_978,0.818,4,1
log_2130,2024-01-03 04:00:00,prod_015,seg_00,ctx_707,0.638,4,1
log_2131,2024-01-28 08:00:00,prod_078,seg_06,ctx_982,0.797,4,1
log_2132,2024-01-08 14:00:00,prod_082,seg_04,ctx_526,0.372,2,0
log_2133,2024-01-28 14:00:00,prod_086,seg_05,ctx_967,0.663,4,1
log_2134,2024-01-16 08:00:00,prod_016,seg_07,ctx_483,0.694,4,1
log_2135,2024-01-12 11:00:00,prod_050,seg_03,ctx_791,0.553,3,0
log_2136,2024-01-28 08:00:00,prod_004,seg_03,ctx_208,0.54,3,0
log_2137,2024-01-24 23:00:00,prod_026,seg_09,ctx_551,0.318,2,0
log_2138,2024-01-19 08:00:00,prod_031,seg_05,ctx_052,0.329,2,0
log_2139,2024-01-13 16:00:00,prod_035,seg_08,ctx_394,0.361,2,0
log_2140,2024-01-08 17:00:00,prod_077,seg_02,ctx_036,0.552,3,0
log_2141,2024-01-18 12:00:00,prod_053,seg_07,ctx_499,0.56,3,0
log_2142,2024-01-18 19:00:00,prod_068,seg_01,ctx_829,0.344,2,0
log_2143,2024-01-27 22:00:00,prod_007,seg_08,ctx_326,0.608,3,1
log_2144,2024-01-13 04:00:00,prod_058,seg_00,ctx_420,0.833,4,1
log_2145,2024-01-29 02:00:00,prod_093,seg_00,ctx_338,0.859,4,1
log_2146,2024-01-30 02:00:00,prod_074,seg_08,ctx_404,0.888,5,1
log_2147,2024-01-22 02:00:00,prod_076,seg_09,ctx_456,0.835,4,1
log_2148,2024-01-23 10:00:00,prod_055,seg_04,ctx_265,0.562,3,0
log_2149,2024-01-14 00:00:00,prod_003,seg_08,ctx_426,0.469,3,0
log_2150,2024-01-05 13:00:00,prod_054,seg_06,ctx_999,0.621,3,1
log_2151,2024-01-17 03:00:00,prod_084,seg_06,ctx_760,0.41,3,0
log_2152,2024-01-18 21:00:00,prod_062,seg_06,ctx_386,0.606,3,1
log_2153,2024-01-19 21:00:00,prod_062,seg_01,ctx_600,0.764,4,1
log_2154,2024-01-12 20:00:00,prod_046,seg_06,ctx_772,0.856,4,1
log_2155,2024-01-19 13:00:00,prod_041,seg_01,ctx_751,0.871,4,1
log_2156,2024-01-06 08:00:00,prod_000,seg_08,ctx_220,0.604,3,1
log_2157,2024-01-08 17:00:00,prod_061,seg_04,ctx_406,0.951,5,1
log_2158,2024-01-22 19:00:00,prod_002,seg_04,ctx_081,0.402,3,0
log_2159,2024-01-13 14:00:00,prod_007,seg_01,ctx_273,0.301,2,0
log_2160,2024-01-17 19:00:00,prod_008,seg_08,ctx_674,0.46,3,0
log_2161,2024-01-06 02:00:00,prod_066,seg_05,ctx_773,0.449,3,0
log_2162,2024-01-23 01:00:00,prod_085,seg_03,ctx_221,0.712,4,1
log_2163,2024-01-18 23:00:00,prod_002,seg_00,ctx_171,0.571,3,0
log_2164,2024-01-30 20:00:00,prod_076,seg_05,ctx_404,0.655,4,1
log_2165,2024-01-16 05:00:00,prod_016,seg_05,ctx_128,0.377,3,0
log_2166,2024-01-23 00:00:00,prod_088,seg_04,ctx_972,0.875,5,1
log_2167,2024-01-26 11:00:00,prod_094,seg_05,ctx_241,0.627,4,1
log_2168,2024-01-15 01:00:00,prod_019,seg_00,ctx_297,0.414,3,0
log_2169,2024-01-04 04:00:00,prod_025,seg_06,ctx_249,0.617,3,1
log_2170,2024-01-22 16:00:00,prod_025,seg_02,ctx_876,0.415,3,0
log_2171,2024-01-04 00:00:00,prod_031,seg_05,ctx_751,0.65,4,1
log_2172,2024-01-16 21:00:00,prod_089,seg_08,ctx_635,0.384,3,0
log_2173,2024-01-03 14:00:00,prod_092,seg_01,ctx_196,0.889,5,1
log_2174,2024-01-06 21:00:00,prod_050,seg_00,ctx_334,0.584,3,0
log_2175,2024-01-11 13:00:00,prod_013,seg_05,ctx_891,0.562,3,0
log_2176,2024-01-17 22:00:00,prod_012,seg_07,ctx_509,0.368,2,0
log_2177,2024-01-20 00:00:00,prod_000,seg_04,ctx_706,0.824,4,1
log_2178,2024-01-24 11:00:00,prod_032,seg_04,ctx_628,0.625,4,1
log_2179,2024-01-05 04:00:00,prod_054,seg_04,ctx_481,0.315,2,0
log_2180,2024-01-21 13:00:00,prod_037,seg_07,ctx_173,0.368,2,0
log_2181,2024-01-30 01:00:00,prod_005,seg_06,ctx_828,0.304,2,0
log_2182,2024-01-11 14:00:00,prod_052,seg_09,ctx_054,0.864,4,1
log_2183,2024-01-03 06:00:00,prod_039,seg_09,ctx_715,0.526,3,0
log_2184,2024-01-01 07:00:00,prod_076,seg_04,ctx_741,0.532,3,0
log_2185,2024-01-20 18:00:00,prod_052,seg_03,ctx_237,0.518,3,0
log_2186,2024-01-16 22:00:00,prod_011,seg_03,ctx_369,0.422,3,0
log_2187,2024-01-26 17:00:00,prod_004,seg_05,ctx_180,0.588,3,0
log_2188,2024-01-21 14:00:00,prod_083,seg_06,ctx_397,0.49,3,0
log_2189,2024-01-21 18:00:00,prod_077,seg_06,ctx_985,0.767,4,1
log_2190,2024-01-19 08:00:00,prod_067,seg_08,ctx_807,0.406,3,0
log_2191,2024-01-05 18:00:00,prod_064,seg_01,ctx_714,0.369,2,0
log_2192,2024-01-22 17:00:00,prod_003,seg_01,ctx_330,0.68,4,1
log_2193,2024-01-22 06:00:00,prod_070,seg_09,ctx_883,0.418,3,0
log_2194,2024-01-12 20:00:00,prod_030,seg_00,ctx_375,0.497,3,0
log_2195,2024-01-07 08:00:00,prod_078,seg_02,ctx_423,0.803,4,1
log_2196,2024-01-22 12:00:00,prod_039,seg_05,ctx_509,0.723,4,1
log_2197,2024-01-06 02:00:00,prod_070,seg_07,ctx_316,0.418,3,0
log_2198,2024-01-13 08:00:00,prod_019,seg_01,ctx_617,0.691,4,1
log_2199,2024-01-23 02:00:00,prod_084,seg_07,ctx_012,0.714,4,1
log_2200,2024-01-16 08:00:00,prod_012,seg_02,ctx_755,0.685,4,1
log_2201,2024-01-08 01:00:00,prod_084,seg_08,ctx_400,0.78,4,1
log_2202,2024-01-16 18:00:00,prod_049,seg_08,ctx_288,0.301,2,0
log_2203,2024-01-23 20:00:00,prod_019,seg_04,ctx_270,0.839,4,1
log_2204,2024-01-26 15:00:00,prod_090,seg_08,ctx_794,0.616,3,1
log_2205,2024-01-08 19:00:00,prod_024,seg_03,ctx_388,0.567,3,0
log_2206,2024-01-14 23:00:00,prod_030,seg_09,ctx_959,0.564,3,0
log_2207,2024-01-23 10:00:00,prod_034,seg_01,ctx_957,0.732,4,1
log_2208,2024-01-22 16:00:00,prod_001,seg_03,ctx_254,0.447,3,0
log_2209,2024-01-07 14:00:00,prod_014,seg_07,ctx_471,0.394,3,0
log_2210,2024-01-04 12:00:00,prod_009,seg_05,ctx_347,0.501,3,0
log_2211,2024-01-19 04:00:00,prod_012,seg_01,ctx_310,0.738,4,1
log_2212,2024-01-11 01:00:00,prod_065,seg_04,ctx_454,0.851,4,1
log_2213,2024-01-14 13:00:00,prod_013,seg_01,ctx_480,0.485,3,0
log_2214,2024-01-11 13:00:00,prod_008,seg_07,ctx_804,0.557,3,0
log_2215,2024-01-04 01:00:00,prod_042,seg_04,ctx_744,0.867,4,1
log_2216,2024-01-21 10:00:00,prod_040,seg_06,ctx_335,0.62,3,1
log_2217,2024-01-27 10:00:00,prod_093,seg_02,ctx_284,0.428,3,0
log_2218,2024-01-23 02:00:00,prod_054,seg_08,ctx_790,0.844,4,1
log_2219,2024-01-12 14:00:00,prod_087,seg_07,ctx_480,0.525,3,0
log_2220,2024-01-19 10:00:00,prod_075,seg_00,ctx_880,0.556,3,0
log_2221,2024-01-10 06:00:00,prod_056,seg_02,ctx_453,0.836,4,1
log_2222,2024-01-11 10:00:00,prod_015,seg_03,ctx_898,0.611,3,1
log_2223,2024-01-21 18:00:00,prod_078,seg_02,ctx_032,0.807,4,1
log_2224,2024-01-13 22:00:00,prod_010,seg_05,ctx_409,0.584,3,0
log_2225,2024-01-21 21:00:00,prod_086,seg_08,ctx_744,0.518,3,0
log_2226,2024-01-21 05:00:00,prod_076,seg_04,ctx_849,0.75,4,1
log_2227,2024-01-22 07:00:00,prod_006,seg_02,ctx_906,0.498,3,0
log_2228,2024-01-09 00:00:00,prod_088,seg_08,ctx_809,0.595,3,0
log_2229,2024-01-12 05:00:00,prod_060,seg_09,ctx_525,0.664,4,1
log_2230,2024-01-09 02:00:00,prod_096,seg_08,ctx_098,0.75,4,1
log_2231,2024-01-28 19:00:00,prod_087,seg_02,ctx_879,0.717,4,1
log_2232,2024-01-07 06:00:00,prod_010,seg_02,ctx_590,0.658,4,1
log_2233,2024-01-06 07:00:00,prod_006,seg_06,ctx_819,0.805,4,1
log_2234,2024-01-15 04:00:00,prod_045,seg_08,ctx_333,0.611,3,1
log_2235,2024-01-21 18:00:00,prod_091,seg_01,ctx_788,0.599,3,0
log_2236,2024-01-17 08:00:00,prod_001,seg_08,ctx_352,0.66,4,1
log_2237,2024-01-28 12:00:00,prod_096,seg_09,ctx_178,0.443,3,0
log_2238,2024-01-28 13:00:00,prod_081,seg_02,ctx_886,0.479,3,0
log_2239,2024-01-03 08:00:00,prod_032,seg_00,ctx_526,0.706,4,1
log_2240,2024-01-03 08:00:00,prod_035,seg_05,ctx_869,0.751,4,1
log_2241,2024-01-21 12:00:00,prod_067,seg_09,ctx_961,0.787,4,1
log_2242,2024-01-08 00:00:00,prod_045,seg_05,ctx_110,0.307,2,0
log_2243,2024-01-02 04:00:00,prod_017,seg_05,ctx_393,0.838,4,1
log_2244,2024-01-13 03:00:00,prod_042,seg_00,ctx_926,0.392,3,0
log_2245,2024-01-25 09:00:00,prod_057,seg_06,ctx_338,0.388,3,0
log_2246,2024-01-02 19:00:00,prod_028,seg_08,ctx_380,0.714,4,1
log_2247,2024-01-17 04:00:00,prod_026,seg_01,ctx_968,0.6,3,0
log_2248,2024-01-16 12:00:00,prod_006,seg_06,ctx_017,0.604,3,1
log_2249,2024-01-20 19:00:00,prod_022,seg_03,ctx_402,0.843,4,1
log_2250,2024-01-01 15:00:00,prod_093,seg_04,ctx_271,0.539,3,0
log_2251,2024-01-08 15:00:00,prod_041,seg_06,ctx_492,0.456,3,0
log_2252,2024-01-28 23:00:00,prod_064,seg_04,ctx_869,0.423,3,0
log_2253,2024-01-02 11:00:00,prod_006,seg_09,ctx_410,0.574,3,0
log_2254,2024-01-03 07:00:00,prod_016,seg_09,ctx_699,0.453,3,0
log_2255,2024-01-11 19:00:00,prod_067,seg_09,ctx_444,0.595,3,0
log_2256,2024-01-23 01:00:00,prod_050,seg_02,ctx_456,0.435,3,0
log_2257,2024-01-10 08:00:00,prod_028,seg_01,ctx_636,0.446,3,0
log_2258,2024-01-07 14:00:00,prod_014,seg_08,ctx_111,0.868,4,1
log_2259,2024-01-25 18:00:00,prod_053,seg_06,ctx_102,0.565,3,0
log_2260,2024-01-04 19:00:00,prod_006,seg_06,ctx_909,0.421,3,0
log_2261,2024-01-25 11:00:00,prod_001,seg_04,ctx_167,0.331,2,0
log_2262,2024-01-24 06:00:00,prod_068,seg_07,ctx_574,0.795,4,1
log_2263,2024-01-01 17:00:00,prod_082,seg_07,ctx_292,0.812,4,1
log_2264,2024-01-25 03:00:00,prod_053,seg_06,ctx_261,0.485,3,0
log_2265,2024-01-04 23:00:00,prod_095,seg_00,ctx_469,0.941,5,1
log_2266,2024-01-06 02:00:00,prod_075,seg_09,ctx_846,0.436,3,0
log_2267,2024-01-18 19:00:00,prod_019,seg_00,ctx_177,0.909,5,1
log_2268,2024-01-13 19:00:00,prod_091,seg_04,ctx_454,0.891,5,1
log_2269,2024-01-03 02:00:00,prod_054,seg_01,ctx_286,0.822,4,1
log_2270,2024-01-01 07:00:00,prod_038,seg_04,ctx_608,0.929,5,1
log_2271,2024-01-26 02:00:00,prod_026,seg_06,ctx_815,0.642,4,1
log_2272,2024-01-25 13:00:00,prod_075,seg_05,ctx_092,0.319,2,0
log_2273,2024-01-05 21:00:00,prod_032,seg_09,ctx_698,0.438,3,0
log_2274,2024-01-22 02:00:00,prod_006,seg_08,ctx_599,0.477,3,0
log_2275,2024-01-18 01:00:00,prod_000,seg_02,ctx_131,0.918,5,1
log_2276,2024-01-07 18:00:00,prod_003,seg_01,ctx_104,0.759,4,1
log_2277,2024-01-17 02:00:00,prod_031,seg_06,ctx_384,0.316,2,0
log_2278,2024-01-24 00:00:00,prod_086,seg_07,ctx_412,0.346,2,0
log_2279,2024-01-25 23:00:00,prod_029,seg_03,ctx_158,0.446,3,0
log_2280,2024-01-03 13:00:00,prod_053,seg_06,ctx_203,0.685,4,1
log_2281,2024-01-24 15:00:00,prod_046,seg_04,ctx_320,0.7,4,1
log_2282,2024-01-13 03:00:00,prod_038,seg_05,ctx_247,0.57,3,0
log_2283,2024-01-21 05:00:00,prod_093,seg_02,ctx_037,0.375,2,0
log_2284,2024-01-04 19:00:00,prod_007,seg_08,ctx_262,0.975,5,1
log_2285,2024-01-14 10:00:00,prod_054,seg_09,ctx_930,0.592,3,0
log_2286,2024-01-28 17:00:00,prod_065,seg_00,ctx_040,0.809,4,1
log_2287,2024-01-06 07:00:00,prod_087,seg_07,ctx_033,0.746,4,1
log_2288,2024-01-16 10:00:00,prod_041,seg_05,ctx_463,0.626,4,1
log_2289,2024-01-20 02:00:00,prod_049,seg_09,ctx_226,0.752,4,1
log_2290,2024-01-15 14:00:00,prod_036,seg_02,ctx_235,0.73,4,1
log_2291,2024-01-07 21:00:00,prod_048,seg_04,ctx_708,0.591,3,0
log_2292,2024-01-30 07:00:00,prod_014,seg_00,ctx_424,0.805,4,1
log_2293,2024-01-30 21:00:00,prod_063,seg_02,ctx_246,0.319,2,0
log_2294,2024-01-09 12:00:00,prod_093,seg_01,ctx_559,0.341,2,0
log_2295,2024-01-04 06:00:00,prod_041,seg_08,ctx_773,0.484,3,0
log_2296,2024-01-28 15:00:00,prod_011,seg_05,ctx_755,0.769,4,1
log_2297,2024-01-01 15:00:00,prod_008,seg_03,ctx_169,0.537,3,0
log_2298,2024-01-26 20:00:00,prod_044,seg_05,ctx_472,0.683,4,1
log_2299,2024-01-28 06:00:00,prod_054,seg_01,ctx_727,0.631,4,1
log_2300,2024-01-01 05:00:00,prod_078,seg_04,ctx_292,0.591,3,0
log_2301,2024-01-01 20:00:00,prod_020,seg_00,ctx_456,0.772,4,1
log_2302,2024-01-10 00:00:00,prod_074,seg_09,ctx_559,0.869,4,1
log_2303,2024-01-10 12:00:00,prod_005,seg_09,ctx_699,0.483,3,0
log_2304,2024-01-12 21:00:00,prod_067,seg_07,ctx_519,0.5,3,0
log_2305,2024-01-12 20:00:00,prod_092,seg_09,ctx_676,0.329,2,0
log_2306,2024-01-01 12:00:00,prod_056,seg_02,ctx_448,0.415,3,0
log_2307,2024-01-10 16:00:00,prod_081,seg_08,ctx_480,0.527,3,0
log_2308,2024-01-14 23:00:00,prod_091,seg_02,ctx_693,0.604,3,1
log_2309,2024-01-09 12:00:00,prod_027,seg_01,ctx_379,0.331,2,0
log_2310,2024-01-19 10:00:00,prod_023,seg_03,ctx_125,0.867,4,1
log_2311,2024-01-02 04:00:00,prod_071,seg_08,ctx_090,0.865,4,1
log_2312,2024-01-18 11:00:00,prod_065,seg_02,ctx_972,0.645,4,1
log_2313,2024-01-26 18:00:00,prod_069,seg_02,ctx_839,0.818,4,1
log_2314,2024-01-08 06:00:00,prod_014,seg_02,ctx_280,0.588,3,0
log_2315,2024-01-07 14:00:00,prod_075,seg_02,ctx_343,0.352,2,0
log_2316,2024-01-22 07:00:00,prod_053,seg_02,ctx_306,0.663,4,1
log_2317,2024-01-27 10:00:00,prod_063,seg_01,ctx_228,0.399,3,0
log_2318,2024-01-13 01:00:00,prod_084,seg_01,ctx_914,0.857,4,1
log_2319,2024-01-18 09:00:00,prod_015,seg_03,ctx_925,0.841,4,1
log_2320,2024-01-16 07:00:00,prod_055,seg_05,ctx_080,0.644,4,1
log_2321,2024-01-11 16:00:00,prod_006,seg_09,ctx_055,0.513,3,0
log_2322,2024-01-03 21:00:00,prod_042,seg_07,ctx_593,0.723,4,1
log_2323,2024-01-04 03:00:00,prod_000,seg_06,ctx_292,0.736,4,1
log_2324,2024-01-13 04:00:00,prod_026,seg_00,ctx_694,0.413,3,0
log_2325,2024-01-06 13:00:00,prod_082,seg_06,ctx_949,0.834,4,1
log_2326,2024-01-17 09:00:00,prod_090,seg_07,ctx_880,0.453,3,0
log_2327,2024-01-27 23:00:00,prod_044,seg_09,ctx_129,0.611,3,1
log_2328,2024-01-08 01:00:00,prod_055,seg_04,ctx_123,0.309,2,0
log_2329,2024-01-09 12:00:00,prod_014,seg_05,ctx_073,0.683,4,1
log_2330,2024-01-15 20:00:00,prod_068,seg_05,ctx_194,0.776,4,1
log_2331,2024-01-30 14:00:00,prod_097,seg_07,ctx_865,0.485,3,0
log_2332,2024-01-16 13:00:00,prod_056,seg_03,ctx_261,0.784,4,1
log_2333,2024-01-22 21:00:00,prod_049,seg_00,ctx_338,0.643,4,1
log_2334,2024-01-07 01:00:00,prod_087,seg_04,ctx_254,0.362,2,0
log_2335,2024-01-28 07:00:00,prod_063,seg_09,ctx_457,0.579,3,0
log_2336,2024-01-06 02:00:00,prod_007,seg_08,ctx_961,0.823,4,1
log_2337,2024-01-06 04:00:00,prod_069,seg_08,ctx_592,0.865,4,1
log_2338,2024-01-18 13:00:00,prod_091,seg_02,ctx_319,0.53,3,0
log_2339,2024-01-21 17:00:00,prod_032,seg_09,ctx_584,0.31,2,0
log_2340,2024-01-16 21:00:00,prod_003,seg_05,ctx_060,0.612,3,1
log_2341,2024-01-18 23:00:00,prod_013,seg_05,ctx_517,0.505,3,0
log_2342,2024-01-22 01:00:00,prod_065,seg_07,ctx_591,0.648,4,1
log_2343,2024-01-01 02:00:00,prod_090,seg_03,ctx_541,0.777,4,1
log_2344,2024-01-25 11:00:00,prod_051,seg_03,ctx_984,0.657,4,1
log_2345,2024-01-12 01:00:00,prod_078,seg_06,ctx_592,0.616,3,1
log_2346,2024-01-17 17:00:00,prod_053,seg_04,ctx_486,0.625,3,1
log_2347,2024-01-25 16:00:00,prod_016,seg_01,ctx_403,0.342,2,0
log_2348,2024-01-10 03:00:00,prod_008,seg_03,ctx_687,0.393,3,0
log_2349,2024-01-05 02:00:00,prod_043,seg_03,ctx_830,0.342,2,0
log_2350,2024-01-27 15:00:00,prod_050,seg_07,ctx_617,0.593,3,0
log_2351,2024-01-27 22:00:00,prod_099,seg_06,ctx_422,0.456,3,0
log_2352,2024-01-03 03:00:00,prod_019,seg_01,ctx_175,0.844,4,1
log_2353,2024-01-22 17:00:00,prod_035,seg_09,ctx_085,0.303,2,0
log_2354,2024-01-18 04:00:00,prod_075,seg_05,ctx_985,0.484,3,0
log_2355,2024-01-25 15:00:00,prod_014,seg_02,ctx_952,0.708,4,1
log_2356,2024-01-21 09:00:00,prod_098,seg_02,ctx_581,0.51,3,0
log_2357,2024-01-28 21:00:00,prod_095,seg_08,ctx_556,0.844,4,1
log_2358,2024-01-13 02:00:00,prod_049,seg_09,ctx_425,0.354,2,0
log_2359,2024-01-12 05:00:00,prod_068,seg_03,ctx_168,0.496,3,0
log_2360,2024-01-12 08:00:00,prod_091,seg_01,ctx_890,0.834,4,1
log_2361,2024-01-08 02:00:00,prod_079,seg_02,ctx_888,0.798,4,1
log_2362,2024-01-14 04:00:00,prod_013,seg_08,ctx_209,0.396,3,0
log_2363,2024-01-06 04:00:00,prod_015,seg_02,ctx_789,0.684,4,1
log_2364,2024-01-22 08:00:00,prod_065,seg_08,ctx_130,0.477,3,0
log_2365,2024-01-03 05:00:00,prod_035,seg_02,ctx_183,0.597,3,0
log_2366,2024-01-13 19:00:00,prod_043,seg_08,ctx_526,0.301,2,0
log_2367,2024-01-21 21:00:00,prod_054,seg_05,ctx_739,0.443,3,0
log_2368,2024-01-18 03:00:00,prod_034,seg_09,ctx_611,0.56,3,0
log_2369,2024-01-19 02:00:00,prod_081,seg_05,ctx_733,0.735,4,1
log_2370,2024-01-10 07:00:00,prod_090,seg_07,ctx_885,0.601,3,1
log_2371,2024-01-11 23:00:00,prod_047,seg_09,ctx_536,0.71,4,1
log_2372,2024-01-27 15:00:00,prod_091,seg_08,ctx_392,0.943,5,1
log_2373,2024-01-02 23:00:00,prod_062,seg_02,ctx_318,0.531,3,0
log_2374,2024-01-11 01:00:00,prod_037,seg_08,ctx_394,0.824,4,1
log_2375,2024-01-24 21:00:00,prod_072,seg_06,ctx_717,0.896,5,1
log_2376,2024-01-12 01:00:00,prod_037,seg_07,ctx_311,0.813,4,1
log_2377,2024-01-02 17:00:00,prod_093,seg_05,ctx_991,0.643,4,1
log_2378,2024-01-19 23:00:00,prod_020,seg_04,ctx_932,0.6,3,1
log_2379,2024-01-17 06:00:00,prod_072,seg_09,ctx_203,0.458,3,0
log_2380,2024-01-09 00:00:00,prod_042,seg_05,ctx_962,0.399,3,0
log_2381,2024-01-27 08:00:00,prod_096,seg_01,ctx_009,0.349,2,0
log_2382,2024-01-17 22:00:00,prod_081,seg_04,ctx_139,0.569,3,0
log_2383,2024-01-27 06:00:00,prod_027,seg_03,ctx_010,0.443,3,0
log_2384,2024-01-05 10:00:00,prod_012,seg_05,ctx_373,0.58,3,0
log_2385,2024-01-30 14:00:00,prod_005,seg_04,ctx_112,0.762,4,1
log_2386,2024-01-12 23:00:00,prod_031,seg_03,ctx_816,0.4,3,0
log_2387,2024-01-04 22:00:00,prod_091,seg_09,ctx_211,0.67,4,1
log_2388,2024-01-07 02:00:00,prod_069,seg_03,ctx_844,0.498,3,0
log_2389,2024-01-10 22:00:00,prod_063,seg_09,ctx_585,0.713,4,1
log_2390,2024-01-09 00:00:00,prod_091,seg_02,ctx_779,0.84,4,1
log_2391,2024-01-09 02:00:00,prod_033,seg_05,ctx_137,0.597,3,0
log_2392,2024-01-22 03:00:00,prod_087,seg_09,ctx_140,0.367,2,0
log_2393,2024-01-22 15:00:00,prod_096,seg_03,ctx_193,0.584,3,0
log_2394,2024-01-12 08:00:00,prod_070,seg_04,ctx_843,0.48,3,0
log_2395,2024-01-11 20:00:00,prod_089,seg_03,ctx_620,0.707,4,1
log_2396,2024-01-14 00:00:00,prod_092,seg_08,ctx_578,0.856,4,1
log_2397,2024-01-28 23:00:00,prod_049,seg_06,ctx_122,0.609,3,1
log_2398,2024-01-14 21:00:00,prod_012,seg_03,ctx_270,0.375,3,0
log_2399,2024-01-05 12:00:00,prod_010,seg_00,ctx_138,0.736,4,1
log_2400,2024-01-12 11:00:00,prod_099,seg_02,ctx_689,0.408,3,0
log_2401,2024-01-17 07:00:00,prod_083,seg_00,ctx_653,0.506,3,0
log_2402,2024-01-27 12:00:00,prod_033,seg_07,ctx_540,0.608,3,1
log_2403,2024-01-18 05:00:00,prod_054,seg_00,ctx_038,0.53,3,0
log_2404,2024-01-14 16:00:00,prod_041,seg_00,ctx_625,0.364,2,0
log_2405,2024-01-17 11:00:00,prod_097,seg_06,ctx_507,0.521,3,0
log_2406,2024-01-08 14:00:00,prod_050,seg_00,ctx_514,0.541,3,0
log_2407,2024-01-29 22:00:00,prod_013,seg_04,ctx_811,0.763,4,1
log_2408,2024-01-03 19:00:00,prod_033,seg_07,ctx_161,0.689,4,1
log_2409,2024-01-25 05:00:00,prod_027,seg_00,ctx_529,0.497,3,0
log_2410,2024-01-16 22:00:00,prod_090,seg_05,ctx_975,0.71,4,1
log_2411,2024-01-10 08:00:00,prod_028,seg_08,ctx_804,0.469,3,0
log_2412,2024-01-18 01:00:00,prod_047,seg_07,ctx_169,0.809,4,1
log_2413,2024-01-25 01:00:00,prod_009,seg_02,ctx_727,0.539,3,0
log_2414,2024-01-01 16:00:00,prod_056,seg_09,ctx_435,0.626,4,1
log_2415,2024-01-29 03:00:00,prod_052,seg_01,ctx_485,0.377,3,0
log_2416,2024-01-21 09:00:00,prod_095,seg_01,ctx_102,0.566,3,0
log_2417,2024-01-01 16:00:00,prod_036,seg_03,ctx_287,0.765,4,1
log_2418,2024-01-03 02:00:00,prod_001,seg_02,ctx_416,0.811,4,1
log_2419,2024-01-13 13:00:00,prod_010,seg_07,ctx_699,0.547,3,0
log_2420,2024-01-20 23:00:00,prod_099,seg_06,ctx_477,0.561,3,0
log_2421,2024-01-24 01:00:00,prod_027,seg_06,ctx_908,0.312,2,0
log_2422,2024-01-23 02:00:00,prod_050,seg_08,ctx_085,0.542,3,0
log_2423,2024-01-12 06:00:00,prod_093,seg_03,ctx_064,0.499,3,0
log_2424,2024-01-19 23:00:00,prod_071,seg_03,ctx_920,0.959,5,1
log_2425,2024-01-07 07:00:00,prod_084,seg_04,ctx_765,0.776,4,1
log_2426,2024-01-27 05:00:00,prod_060,seg_00,ctx_627,0.395,3,0
log_2427,2024-01-27 23:00:00,prod_013,seg_03,ctx_988,0.54,3,0
log_2428,2024-01-26 06:00:00,prod_032,seg_00,ctx_701,0.379,3,0
log_2429,2024-01-26 11:00:00,prod_035,seg_07,ctx_096,0.649,4,1
log_2430,2024-01-24 18:00:00,prod_053,seg_01,ctx_163,0.338,2,0
log_2431,2024-01-01 14:00:00,prod_090,seg_03,ctx_353,0.654,4,1
log_2432,2024-01-10 15:00:00,prod_011,seg_07,ctx_026,0.553,3,0
log_2433,2024-01-13 03:00:00,prod_064,seg_02,ctx_810,0.466,3,0
log_2434,2024-01-26 01:00:00,prod_082,seg_05,ctx_807,0.711,4,1
log_2435,2024-01-02 03:00:00,prod_009,seg_03,ctx_774,0.442,3,0
log_2436,2024-01-08 06:00:00,prod_037,seg_06,ctx_281,0.715,4,1
log_2437,2024-01-09 03:00:00,prod_005,seg_09,ctx_223,0.818,4,1
log_2438,2024-01-21 05:00:00,prod_052,seg_01,ctx_353,0.747,4,1
log_2439,2024-01-18 02:00:00,prod_082,seg_04,ctx_139,0.795,4,1
log_2440,2024-01-28 22:00:00,prod_045,seg_01,ctx_764,0.568,3,0
log_2441,2024-01-21 06:00:00,prod_012,seg_01,ctx_146,0.328,2,0
log_2442,2024-01-18 01:00:00,prod_013,seg_05,ctx_580,0.518,3,0
log_2443,2024-01-04 19:00:00,prod_052,seg_05,ctx_407,0.347,2,0
log_2444,2024-01-03 08:00:00,prod_015,seg_05,ctx_593,0.377,3,0
log_2445,2024-01-05 20:00:00,prod_061,seg_04,ctx_988,0.577,3,0
log_2446,2024-01-12 06:00:00,prod_016,seg_04,ctx_547,0.768,4,1
log_2447,2024-01-01 19:00:00,prod_034,seg_04,ctx_907,0.473,3,0
log_2448,2024-01-09 04:00:00,prod_057,seg_01,ctx_351,0.787,4,1
log_2449,2024-01-10 23:00:00,prod_065,seg_01,ctx_267,0.549,3,0
log_2450,2024-01-28 22:00:00,prod_053,seg_03,ctx_038,0.826,4,1
log_2451,2024-01-12 04:00:00,prod_025,seg_09,ctx_753,0.747,4,1
log_2452,2024-01-28 20:00:00,prod_033,seg_02,ctx_616,0.684,4,1
log_2453,2024-01-13 19:00:00,prod_028,seg_09,ctx_953,0.836,4,1
log_2454,2024-01-09 03:00:00,prod_098,seg_04,ctx_784,0.67,4,1
log_2455,2024-01-06 20:00:00,prod_064,seg_01,ctx_720,0.656,4,1
log_2456,2024-01-25 12:00:00,prod_050,seg_05,ctx_647,0.639,4,1
log_2457,2024-01-09 09:00:00,prod_071,seg_09,ctx_036,0.626,4,1
log_2458,2024-01-19 12:00:00,prod_089,seg_00,ctx_039,0.87,4,1
log_2459,2024-01-05 20:00:00,prod_037,seg_09,ctx_176,0.37,2,0
log_2460,2024-01-30 21:00:00,prod_067,seg_00,ctx_982,0.407,3,0
log_2461,2024-01-21 12:00:00,prod_099,seg_01,ctx_555,0.688,4,1
log_2462,2024-01-09 08:00:00,prod_078,seg_08,ctx_656,0.67,4,1
log_2463,2024-01-27 21:00:00,prod_090,seg_03,ctx_693,0.638,4,1
log_2464,2024-01-18 11:00:00,prod_058,seg_06,ctx_916,0.478,3,0
log_2465,2024-01-10 17:00:00,prod_011,seg_06,ctx_172,0.514,3,0
log_2466,2024-01-13 01:00:00,prod_055,seg_05,ctx_132,0.515,3,0
log_2467,2024-01-01 01:00:00,prod_036,seg_05,ctx_105,0.544,3,0
log_2468,2024-01-15 18:00:00,prod_061,seg_02,ctx_961,0.506,3,0
log_2469,2024-01-10 09:00:00,prod_091,seg_03,ctx_198,0.818,4,1
log_2470,2024-01-17 06:00:00,prod_013,seg_04,ctx_966,0.316,2,0
log_2471,2024-01-23 22:00:00,prod_007,seg_09,ctx_730,0.484,3,0
log_2472,2024-01-16 07:00:00,prod_040,seg_04,ctx_264,0.714,4,1
log_2473,2024-01-16 19:00:00,prod_045,seg_00,ctx_071,0.412,3,0
log_2474,2024-01-29 20:00:00,prod_070,seg_01,ctx_210,0.812,4,1
log_2475,2024-01-26 10:00:00,prod_039,seg_09,ctx_041,0.375,2,0
log_2476,2024-01-10 21:00:00,prod_048,seg_03,ctx_714,0.738,4,1
log_2477,2024-01-22 04:00:00,prod_050,seg_08,ctx_493,0.57,3,0
log_2478,2024-01-27 01:00:00,prod_095,seg_02,ctx_960,0.751,4,1
log_2479,2024-01-14 14:00:00,prod_079,seg_08,ctx_974,0.684,4,1
log_2480,2024-01-14 03:00:00,prod_093,seg_05,ctx_425,0.784,4,1
log_2481,2024-01-07 07:00:00,prod_012,seg_04,ctx_386,0.595,3,0
log_2482,2024-01-24 01:00:00,prod_038,seg_09,ctx_599,0.5,3,0
log_2483,2024-01-29 04:00:00,prod_021,seg_01,ctx_605,0.798,4,1
log_2484,2024-01-06 12:00:00,prod_078,seg_01,ctx_177,0.838,4,1
log_2485,2024-01-22 13:00:00,prod_060,seg_03,ctx_987,0.872,4,1
log_2486,2024-01-18 21:00:00,prod_072,seg_00,ctx_371,0.613,3,1
log_2487,2024-01-16 04:00:00,prod_069,seg_06,ctx_596,0.395,3,0
log_2488,2024-01-18 07:00:00,prod_009,seg_06,ctx_690,0.57,3,0
log_2489,2024-01-29 03:00:00,prod_049,seg_04,ctx_544,0.671,4,1
log_2490,2024-01-09 00:00:00,prod_041,seg_03,ctx_929,0.379,3,0
log_2491,2024-01-04 22:00:00,prod_086,seg_02,ctx_220,0.577,3,0
log_2492,2024-01-03 13:00:00,prod_070,seg_00,ctx_839,0.551,3,0
log_2493,2024-01-30 01:00:00,prod_026,seg_06,ctx_467,0.807,4,1
log_2494,2024-01-29 15:00:00,prod_006,seg_02,ctx_822,0.573,3,0
log_2495,2024-01-19 00:00:00,prod_050,seg_05,ctx_548,0.825,4,1
log_2496,2024-01-01 04:00:00,prod_006,seg_05,ctx_170,0.885,5,1
log_2497,2024-01-08 16:00:00,prod_093,seg_02,ctx_110,0.348,2,0
log_2498,2024-01-19 02:00:00,prod_005,seg_03,ctx_860,0.345,2,0
log_2499,2024-01-14 21:00:00,prod_008,seg_06,ctx_684,0.852,4,1
log_2500,2024-01-07 12:00:00,prod_006,seg_08,ctx_500,0.589,3,0
log_2501,2024-01-13 04:00:00,prod_094,seg_09,ctx_591,0.699,4,1
log_2502,2024-01-05 14:00:00,prod_014,seg_09,ctx_691,0.596,3,0
log_2503,2024-01-22 16:00:00,prod_075,seg_00,ctx_748,0.714,4,1
log_2504,2024-01-19 04:00:00,prod_086,seg_04,ctx_237,0.74,4,1
log_2505,2024-01-11 03:00:00,prod_006,seg_02,ctx_761,0.674,4,1
log_2506,2024-01-19 10:00:00,prod_022,seg_01,ctx_718,0.41,3,0
log_2507,2024-01-23 19:00:00,prod_051,seg_07,ctx_685,0.639,4,1
log_2508,2024-01-17 13:00:00,prod_067,seg_00,ctx_363,0.639,4,1
log_2509,2024-01-06 06:00:00,prod_047,seg_05,ctx_179,0.747,4,1
log_2510,2024-01-12 09:00:00,prod_018,seg_05,ctx_478,0.509,3,0
log_2511,2024-01-19 01:00:00,prod_058,seg_00,ctx_909,0.595,3,0
log_2512,2024-01-06 01:00:00,prod_073,seg_07,ctx_908,0.653,4,1
log_2513,2024-01-08 13:00:00,prod_024,seg_02,ctx_985,0.754,4,1
log_2514,2024-01-11 03:00:00,prod_023,seg_05,ctx_451,0.727,4,1
log_2515,2024-01-07 00:00:00,prod_072,seg_01,ctx_902,0.359,2,0
log_2516,2024-01-12 11:00:00,prod_001,seg_04,ctx_101,0.711,4,1
log_2517,2024-01-04 12:00:00,prod_005,seg_05,ctx_082,0.83,4,1
log_2518,2024-01-20 07:00:00,prod_005,seg_03,ctx_253,0.793,4,1
log_2519,2024-01-12 17:00:00,prod_008,seg_09,ctx_771,0.565,3,0
log_2520,2024-01-27 07:00:00,prod_081,seg_00,ctx_919,0.341,2,0
log_2521,2024-01-14 03:00:00,prod_015,seg_05,ctx_524,0.375,2,0
log_2522,2024-01-08 20:00:00,prod_048,seg_07,ctx_784,0.755,4,1
log_2523,2024-01-19 18:00:00,prod_016,seg_09,ctx_278,0.845,4,1
log_2524,2024-01-08 14:00:00,prod_077,seg_04,ctx_842,0.382,3,0
log_2525,2024-01-11 09:00:00,prod_081,seg_08,ctx_004,0.698,4,1
log_2526,2024-01-22 04:00:00,prod_005,seg_09,ctx_750,0.323,2,0
log_2527,2024-01-07 00:00:00,prod_087,seg_08,ctx_654,0.488,3,0
log_2528,2024-01-17 19:00:00,prod_022,seg_02,ctx_833,0.53,3,0
log_2529,2024-01-01 06:00:00,prod_076,seg_01,ctx_692,0.44,3,0
log_2530,2024-01-28 08:00:00,prod_059,seg_00,ctx_295,0.847,4,1
log_2531,2024-01-04 16:00:00,prod_071,seg_06,ctx_585,0.826,4,1
log_2532,2024-01-01 05:00:00,prod_061,seg_01,ctx_245,0.627,4,1
log_2533,2024-01-05 15:00:00,prod_010,seg_01,ctx_093,0.503,3,0
log_2534,2024-01-13 14:00:00,prod_047,seg_02,ctx_875,0.766,4,1
log_2535,2024-01-30 14:00:00,prod_011,seg_05,ctx_261,0.605,3,1
log_2536,2024-01-29 02:00:00,prod_039,seg_08,ctx_139,0.564,3,0
log_2537,2024-01-05 12:00:00,prod_080,seg_05,ctx_651,0.377,3,0
log_2538,2024-01-08 07:00:00,prod_005,seg_01,ctx_779,0.391,3,0
log_2539,2024-01-03 07:00:00,prod_070,seg_05,ctx_174,0.859,4,1
log_2540,2024-01-12 15:00:00,prod_026,seg_05,ctx_369,0.892,5,1
log_2541,2024-01-13 14:00:00,prod_024,seg_00,ctx_629,0.479,3,0
log_2542,2024-01-20 20:00:00,prod_043,seg_00,ctx_856,0.436,3,0
log_2543,2024-01-24 06:00:00,prod_080,seg_05,ctx_928,0.864,4,1
log_2544,2024-01-19 00:00:00,prod_015,seg_06,ctx_669,0.585,3,0
log_2545,2024-01-24 07:00:00,prod_076,seg_08,ctx_834,0.734,4,1
log_2546,2024-01-02 13:00:00,prod_028,seg_02,ctx_687,0.631,4,1
log_2547,2024-01-26 18:00:00,prod_025,seg_01,ctx_336,0.54,3,0
log_2548,2024-01-10 18:00:00,prod_077,seg_09,ctx_375,0.802,4,1
log_2549,2024-01-30 22:00:00,prod_051,seg_01,ctx_620,0.361,2,0
log_2550,2024-01-20 12:00:00,prod_048,seg_09,ctx_343,0.398,3,0
log_2551,2024-01-10 14:00:00,prod_091,seg_05,ctx_410,0.894,5,1
log_2552,2024-01-18 09:00:00,prod_077,seg_05,ctx_687,0.329,2,0
log_2553,2024-01-26 18:00:00,prod_071,seg_08,ctx_069,0.702,4,1
log_2554,2024-01-05 21:00:00,prod_016,seg_00,ctx_370,0.454,3,0
log_2555,2024-01-05 19:00:00,prod_064,seg_09,ctx_905,0.641,4,1
log_2556,2024-01-20 18:00:00,prod_029,seg_01,ctx_576,0.892,5,1
log_2557,2024-01-15 05:00:00,prod_094,seg_03,ctx_387,0.438,3,0
log_2558,2024-01-23 17:00:00,prod_048,seg_04,ctx_929,0.632,4,1
log_2559,2024-01-07 21:00:00,prod_068,seg_00,ctx_710,0.319,2,0
log_2560,2024-01-17 15:00:00,prod_095,seg_01,ctx_591,0.629,4,1
log_2561,2024-01-26 07:00:00,prod_088,seg_02,ctx_209,0.362,2,0
log_2562,2024-01-01 20:00:00,prod_014,seg_00,ctx_896,0.555,3,0
log_2563,2024-01-26 00:00:00,prod_006,seg_08,ctx_748,0.737,4,1
log_2564,2024-01-05 06:00:00,prod_006,seg_00,ctx_409,0.505,3,0
log_2565,2024-01-07 13:00:00,prod_014,seg_02,ctx_109,0.758,4,1
log_2566,2024-01-25 15:00:00,prod_067,seg_05,ctx_239,0.882,5,1
log_2567,2024-01-13 08:00:00,prod_095,seg_02,ctx_127,0.967,5,1
log_2568,2024-01-20 05:00:00,prod_056,seg_01,ctx_107,0.401,3,0
log_2569,2024-01-25 16:00:00,prod_057,seg_02,ctx_891,0.835,4,1
log_2570,2024-01-23 10:00:00,prod_014,seg_01,ctx_744,0.827,4,1
log_2571,2024-01-02 16:00:00,prod_033,seg_00,ctx_050,0.32,2,0
log_2572,2024-01-19 23:00:00,prod_027,seg_01,ctx_299,0.638,4,1
log_2573,2024-01-05 17:00:00,prod_087,seg_03,ctx_763,0.884,5,1
log_2574,2024-01-29 02:00:00,prod_051,seg_01,ctx_962,0.355,2,0
log_2575,2024-01-28 00:00:00,prod_020,seg_03,ctx_249,0.85,4,1
log_2576,2024-01-22 14:00:00,prod_054,seg_02,ctx_738,0.818,4,1
log_2577,2024-01-15 19:00:00,prod_068,seg_05,ctx_176,0.449,3,0
log_2578,2024-01-02 05:00:00,prod_004,seg_06,ctx_249,0.648,4,1
log_2579,2024-01-02 09:00:00,prod_087,seg_07,ctx_172,0.478,3,0
log_2580,2024-01-09 23:00:00,prod_071,seg_07,ctx_436,0.588,3,0
log_2581,2024-01-25 04:00:00,prod_061,seg_01,ctx_376,0.828,4,1
log_2582,2024-01-04 19:00:00,prod_047,seg_06,ctx_699,0.636,4,1
log_2583,2024-01-22 10:00:00,prod_015,seg_01,ctx_721,0.486,3,0
log_2584,2024-01-19 21:00:00,prod_001,seg_01,ctx_627,0.316,2,0
log_2585,2024-01-10 12:00:00,prod_039,seg_04,ctx_885,0.833,4,1
log_2586,2024-01-07 16:00:00,prod_074,seg_07,ctx_388,0.468,3,0
log_2587,2024-01-13 13:00:00,prod_000,seg_06,ctx_822,0.536,3,0
log_2588,2024-01-08 06:00:00,prod_050,seg_03,ctx_953,0.344,2,0
log_2589,2024-01-21 19:00:00,prod_003,seg_01,ctx_333,0.522,3,0
log_2590,2024-01-06 04:00:00,prod_078,seg_02,ctx_510,0.985,5,1
log_2591,2024-01-24 02:00:00,prod_032,seg_01,ctx_675,0.594,3,0
log_2592,2024-01-13 04:00:00,prod_061,seg_01,ctx_235,0.779,4,1
log_2593,2024-01-26 14:00:00,prod_072,seg_08,ctx_238,0.761,4,1
log_2594,2024-01-08 09:00:00,prod_026,seg_04,ctx_225,0.825,4,1
log_2595,2024-01-25 12:00:00,prod_095,seg_04,ctx_618,0.819,4,1
log_2596,2024-01-03 12:00:00,prod_056,seg_04,ctx_289,0.769,4,1
log_2597,2024-01-09 23:00:00,prod_037,seg_01,ctx_817,0.78,4,1
log_2598,2024-01-06 09:00:00,prod_031,seg_08,ctx_528,0.73,4,1
log_2599,2024-01-26 02:00:00,prod_036,seg_05,ctx_852,0.425,3,0
log_2600,2024-01-30 16:00:00,prod_059,seg_03,ctx_594,0.444,3,0
log_2601,2024-01-01 20:00:00,prod_042,seg_01,ctx_736,0.685,4,1
log_2602,2024-01-30 23:00:00,prod_089,seg_06,ctx_635,0.461,3,0
log_2603,2024-01-23 09:00:00,prod_060,seg_07,ctx_232,0.696,4,1
log_2604,2024-01-07 03:00:00,prod_048,seg_01,ctx_467,0.736,4,1
log_2605,2024-01-17 14:00:00,prod_059,seg_00,ctx_373,0.841,4,1
log_2606,2024-01-03 04:00:00,prod_049,seg_07,ctx_038,0.612,3,1
log_2607,2024-01-19 08:00:00,prod_081,seg_09,ctx_036,0.632,4,1
log_2608,2024-01-08 19:00:00,prod_060,seg_03,ctx_587,0.817,4,1
log_2609,2024-01-06 01:00:00,prod_090,seg_02,ctx_330,0.419,3,0
log_2610,2024-01-27 15:00:00,prod_041,seg_03,ctx_737,0.709,4,1
log_2611,2024-01-08 20:00:00,prod_004,seg_02,ctx_542,0.428,3,0
log_2612,2024-01-30 21:00:00,prod_008,seg_09,ctx_739,0.533,3,0
log_2613,2024-01-08 01:00:00,prod_044,seg_06,ctx_104,0.615,3,1
log_2614,2024-01-22 21:00:00,prod_016,seg_00,ctx_312,0.581,3,0
log_2615,2024-01-14 21:00:00,prod_099,seg_03,ctx_907,0.632,4,1
log_2616,2024-01-22 04:00:00,prod_017,seg_07,ctx_286,0.429,3,0
log_2617,2024-01-14 03:00:00,prod_085,seg_02,ctx_551,0.567,3,0
log_2618,2024-01-12 04:00:00,prod_007,seg_08,ctx_312,0.818,4,1
log_2619,2024-01-19 14:00:00,prod_080,seg_03,ctx_124,0.841,4,1
log_2620,2024-01-12 20:00:00,prod_090,seg_06,ctx_978,0.322,2,0
log_2621,2024-01-04 00:00:00,prod_090,seg_05,ctx_164,0.556,3,0
log_2622,2024-01-11 06:00:00,prod_038,seg_09,ctx_178,0.497,3,0
log_2623,2024-01-29 20:00:00,prod_061,seg_05,ctx_509,0.808,4,1
log_2624,2024-01-14 16:00:00,prod_072,seg_00,ctx_729,0.449,3,0
log_2625,2024-01-07 10:00:00,prod_092,seg_07,ctx_819,0.608,3,1
log_2626,2024-01-11 21:00:00,prod_021,seg_08,ctx_341,0.887,5,1
log_2627,2024-01-03 17:00:00,prod_045,seg_00,ctx_430,0.487,3,0
log_2628,2024-01-26 07:00:00,prod_015,seg_06,ctx_163,0.691,4,1
log_2629,2024-01-16 04:00:00,prod_014,seg_06,ctx_664,0.814,4,1
log_2630,2024-01-29 02:00:00,prod_046,seg_08,ctx_655,0.426,3,0
log_2631,2024-01-27 15:00:00,prod_047,seg_09,ctx_126,0.51,3,0
log_2632,2024-01-20 03:00:00,prod_001,seg_07,ctx_764,0.577,3,0
log_2633,2024-01-03 18:00:00,prod_067,seg_07,ctx_088,0.749,4,1
log_2634,2024-01-04 06:00:00,prod_017,seg_01,ctx_164,0.501,3,0
log_2635,2024-01-25 01:00:00,prod_048,seg_08,ctx_272,0.863,4,1
log_2636,2024-01-05 01:00:00,prod_041,seg_06,ctx_668,0.394,3,0
log_2637,2024-01-23 16:00:00,prod_049,seg_03,ctx_929,0.422,3,0
log_2638,2024-01-16 21:00:00,prod_018,seg_04,ctx_676,0.766,4,1
log_2639,2024-01-22 03:00:00,prod_022,seg_00,ctx_560,0.778,4,1
log_2640,2024-01-26 23:00:00,prod_019,seg_09,ctx_623,0.648,4,1
log_2641,2024-01-12 18:00:00,prod_024,seg_09,ctx_703,0.38,3,0
log_2642,2024-01-01 12:00:00,prod_085,seg_05,ctx_070,0.43,3,0
log_2643,2024-01-15 06:00:00,prod_058,seg_05,ctx_061,0.83,4,1
log_2644,2024-01-01 15:00:00,prod_063,seg_04,ctx_906,0.446,3,0
log_2645,2024-01-07 22:00:00,prod_080,seg_05,ctx_283,0.401,3,0
log_2646,2024-01-24 14:00:00,prod_084,seg_03,ctx_975,0.705,4,1
log_2647,2024-01-03 00:00:00,prod_018,seg_05,ctx_844,0.33,2,0
log_2648,2024-01-28 12:00:00,prod_018,seg_00,ctx_314,0.831,4,1
log_2649,2024-01-04 17:00:00,prod_046,seg_08,ctx_852,0.491,3,0
log_2650,2024-01-03 20:00:00,prod_070,seg_08,ctx_753,0.733,4,1
log_2651,2024-01-26 23:00:00,prod_010,seg_08,ctx_482,0.452,3,0
log_2652,2024-01-06 22:00:00,prod_003,seg_08,ctx_064,0.952,5,1
log_2653,2024-01-11 02:00:00,prod_056,seg_07,ctx_144,0.601,3,1
log_2654,2024-01-21 02:00:00,prod_015,seg_01,ctx_049,0.502,3,0
log_2655,2024-01-17 13:00:00,prod_053,seg_06,ctx_410,0.672,4,1
log_2656,2024-01-10 10:00:00,prod_049,seg_05,ctx_764,0.386,3,0
log_2657,2024-01-15 23:00:00,prod_020,seg_01,ctx_655,0.852,4,1
log_2658,2024-01-03 09:00:00,prod_000,seg_06,ctx_645,0.574,3,0
log_2659,2024-01-16 07:00:00,prod_003,seg_08,ctx_885,0.977,5,1
log_2660,2024-01-20 02:00:00,prod_089,seg_03,ctx_834,0.859,4,1
log_2661,2024-01-23 22:00:00,prod_035,seg_00,ctx_655,0.969,5,1
log_2662,2024-01-11 15:00:00,prod_037,seg_06,ctx_151,0.514,3,0
log_2663,2024-01-24 14:00:00,prod_021,seg_04,ctx_777,0.812,4,1
log_2664,2024-01-06 23:00:00,prod_097,seg_00,ctx_496,0.339,2,0
log_2665,2024-01-27 03:00:00,prod_071,seg_03,ctx_762,0.764,4,1
log_2666,2024-01-12 02:00:00,prod_080,seg_02,ctx_075,0.831,4,1
log_2667,2024-01-21 09:00:00,prod_055,seg_07,ctx_661,0.665,4,1
log_2668,2024-01-28 14:00:00,prod_021,seg_09,ctx_894,0.514,3,0
log_2669,2024-01-03 16:00:00,prod_067,seg_09,ctx_860,0.803,4,1
log_2670,2024-01-19 08:00:00,prod_099,seg_08,ctx_564,0.818,4,1
log_2671,2024-01-15 06:00:00,prod_011,seg_03,ctx_390,0.875,5,1
log_2672,2024-01-26 14:00:00,prod_000,seg_08,ctx_906,0.5,3,0
log_2673,2024-01-06 11:00:00,prod_086,seg_09,ctx_941,0.412,3,0
log_2674,2024-01-29 15:00:00,prod_014,seg_08,ctx_113,0.995,5,1
log_2675,2024-01-16 18:00:00,prod_040,seg_06,ctx_306,0.409,3,0
log_2676,2024-01-02 05:00:00,prod_002,seg_09,ctx_470,0.446,3,0
log_2677,2024-01-20 19:00:00,prod_008,seg_06,ctx_452,0.696,4,1
log_2678,2024-01-18 11:00:00,prod_072,seg_08,ctx_885,0.716,4,1
log_2679,2024-01-06 01:00:00,prod_003,seg_00,ctx_670,0.825,4,1
log_2680,2024-01-07 19:00:00,prod_054,seg_02,ctx_216,0.71,4,1
log_2681,2024-01-06 18:00:00,prod_002,seg_07,ctx_294,0.535,3,0
log_2682,2024-01-06 12:00:00,prod_097,seg_04,ctx_647,0.811,4,1
log_2683,2024-01-16 04:00:00,prod_097,seg_04,ctx_711,0.503,3,0
log_2684,2024-01-14 07:00:00,prod_023,seg_09,ctx_037,0.552,3,0
log_2685,2024-01-30 16:00:00,prod_063,seg_09,ctx_560,0.538,3,0
log_2686,2024-01-26 03:00:00,prod_040,seg_07,ctx_100,0.531,3,0
log_2687,2024-01-27 21:00:00,prod_037,seg_06,ctx_142,0.61,3,1
log_2688,2024-01-15 02:00:00,prod_040,seg_05,ctx_932,0.547,3,0
log_2689,2024-01-21 06:00:00,prod_082,seg_02,ctx_174,0.667,4,1
log_2690,2024-01-08 15:00:00,prod_080,seg_04,ctx_419,0.975,5,1
log_2691,2024-01-27 00:00:00,prod_024,seg_01,ctx_004,0.628,4,1
log_2692,2024-01-26 22:00:00,prod_027,seg_05,ctx_226,0.525,3,0
log_2693,2024-01-07 13:00:00,prod_082,seg_06,ctx_899,0.734,4,1
log_2694,2024-01-19 10:00:00,prod_037,seg_00,ctx_256,0.434,3,0
log_2695,2024-01-24 00:00:00,prod_061,seg_09,ctx_593,0.678,4,1
log_2696,2024-01-09 12:00:00,prod_068,seg_01,ctx_940,0.35,2,0
log_2697,2024-01-28 22:00:00,prod_056,seg_02,ctx_230,0.385,3,0
log_2698,2024-01-07 12:00:00,prod_055,seg_00,ctx_388,0.597,3,0
log_2699,2024-01-29 13:00:00,prod_037,seg_02,ctx_499,0.797,4,1
log_2700,2024-01-22 09:00:00,prod_088,seg_05,ctx_970,0.867,4,1
log_2701,2024-01-12 23:00:00,prod_071,seg_05,ctx_393,0.535,3,0
log_2702,2024-01-04 20:00:00,prod_022,seg_07,ctx_434,0.838,4,1
log_2703,2024-01-16 20:00:00,prod_097,seg_08,ctx_838,0.588,3,0
log_2704,2024-01-11 05:00:00,prod_008,seg_06,ctx_197,0.507,3,0
log_2705,2024-01-22 12:00:00,prod_084,seg_01,ctx_407,0.393,3,0
log_2706,2024-01-15 20:00:00,prod_047,seg_06,ctx_592,0.64,4,1
log_2707,2024-01-25 12:00:00,prod_012,seg_09,ctx_176,0.544,3,0
log_2708,2024-01-18 19:00:00,prod_061,seg_06,ctx_997,0.89,5,1
log_2709,2024-01-14 09:00:00,prod_079,seg_02,ctx_752,0.315,2,0
log_2710,2024-01-18 21:00:00,prod_053,seg_04,ctx_572,0.76,4,1
log_2711,2024-01-25 22:00:00,prod_073,seg_00,ctx_990,0.618,3,1
log_2712,2024-01-16 10:00:00,prod_002,seg_03,ctx_504,0.351,2,0
log_2713,2024-01-04 21:00:00,prod_099,seg_01,ctx_622,0.794,4,1
log_2714,2024-01-04 02:00:00,prod_049,seg_01,ctx_691,0.751,4,1
log_2715,2024-01-27 01:00:00,prod_090,seg_01,ctx_323,0.663,4,1
log_2716,2024-01-08 20:00:00,prod_043,seg_06,ctx_164,0.521,3,0
log_2717,2024-01-30 15:00:00,prod_082,seg_07,ctx_216,0.545,3,0
log_2718,2024-01-19 04:00:00,prod_092,seg_07,ctx_584,0.545,3,0
log_2719,2024-01-14 11:00:00,prod_012,seg_01,ctx_530,0.323,2,0
log_2720,2024-01-27 10:00:00,prod_056,seg_04,ctx_312,0.393,3,0
log_2721,2024-01-19 17:00:00,prod_091,seg_01,ctx_531,0.619,3,1
log_2722,2024-01-23 23:00:00,prod_006,seg_01,ctx_181,0.38,3,0
log_2723,2024-01-21 11:00:00,prod_069,seg_08,ctx_611,0.376,3,0
log_2724,2024-01-15 02:00:00,prod_073,seg_02,ctx_776,0.661,4,1
log_2725,2024-01-24 23:00:00,prod_058,seg_05,ctx_297,0.69,4,1
log_2726,2024-01-26 20:00:00,prod_084,seg_03,ctx_788,0.485,3,0
log_2727,2024-01-17 20:00:00,prod_069,seg_01,ctx_116,0.684,4,1
log_2728,2024-01-02 06:00:00,prod_032,seg_00,ctx_037,0.435,3,0
log_2729,2024-01-22 15:00:00,prod_009,seg_05,ctx_693,0.622,3,1
log_2730,2024-01-22 21:00:00,prod_056,seg_05,ctx_688,0.873,4,1
log_2731,2024-01-13 03:00:00,prod_064,seg_09,ctx_313,0.607,3,1
log_2732,2024-01-18 01:00:00,prod_030,seg_09,ctx_212,0.39,3,0
log_2733,2024-01-11 06:00:00,prod_076,seg_00,ctx_303,0.328,2,0
log_2734,2024-01-03 06:00:00,prod_029,seg_07,ctx_816,0.657,4,1
log_2735,2024-01-12 06:00:00,prod_055,seg_05,ctx_375,0.585,3,0
log_2736,2024-01-22 12:00:00,prod_018,seg_04,ctx_488,0.869,4,1
log_2737,2024-01-24 21:00:00,prod_015,seg_05,ctx_614,0.645,4,1
log_2738,2024-01-22 05:00:00,prod_003,seg_00,ctx_299,0.969,5,1
log_2739,2024-01-22 18:00:00,prod_023,seg_03,ctx_158,0.617,3,1
log_2740,2024-01-04 20:00:00,prod_013,seg_06,ctx_177,0.462,3,0
log_2741,2024-01-30 15:00:00,prod_046,seg_03,ctx_972,0.414,3,0
log_2742,2024-01-10 18:00:00,prod_036,seg_01,ctx_067,0.335,2,0
log_2743,2024-01-24 00:00:00,prod_098,seg_06,ctx_197,0.481,3,0
log_2744,2024-01-14 21:00:00,prod_058,seg_01,ctx_056,0.571,3,0
log_2745,2024-01-07 03:00:00,prod_057,seg_06,ctx_139,0.689,4,1
log_2746,2024-01-27 03:00:00,prod_012,seg_06,ctx_373,0.716,4,1
log_2747,2024-01-01 05:00:00,prod_008,seg_08,ctx_287,0.634,4,1
log_2748,2024-01-03 09:00:00,prod_077,seg_02,ctx_289,0.532,3,0
log_2749,2024-01-02 23:00:00,prod_057,seg_03,ctx_075,0.511,3,0
log_2750,2024-01-07 01:00:00,prod_017,seg_00,ctx_038,0.559,3,0
log_2751,2024-01-01 15:00:00,prod_083,seg_04,ctx_334,0.9,5,1
log_2752,2024-01-15 04:00:00,prod_057,seg_00,ctx_120,0.771,4,1
log_2753,2024-01-05 14:00:00,prod_082,seg_04,ctx_353,0.562,3,0
log_2754,2024-01-09 09:00:00,prod_013,seg_01,ctx_810,0.524,3,0
log_2755,2024-01-02 13:00:00,prod_087,seg_09,ctx_501,0.506,3,0
log_2756,2024-01-04 23:00:00,prod_090,seg_09,ctx_944,0.334,2,0
log_2757,2024-01-13 10:00:00,prod_071,seg_05,ctx_235,0.753,4,1
log_2758,2024-01-26 09:00:00,prod_086,seg_03,ctx_740,0.814,4,1
log_2759,2024-01-09 08:00:00,prod_001,seg_07,ctx_469,0.542,3,0
log_2760,2024-01-12 16:00:00,prod_052,seg_00,ctx_075,0.447,3,0
log_2761,2024-01-19 01:00:00,prod_044,seg_01,ctx_070,0.55,3,0
log_2762,2024-01-22 17:00:00,prod_071,seg_01,ctx_133,0.338,2,0
log_2763,2024-01-06 19:00:00,prod_098,seg_07,ctx_088,0.839,4,1
log_2764,2024-01-17 06:00:00,prod_006,seg_01,ctx_312,0.721,4,1
log_2765,2024-01-03 14:00:00,prod_059,seg_04,ctx_723,0.869,4,1
log_2766,2024-01-10 03:00:00,prod_043,seg_06,ctx_419,0.317,2,0
log_2767,2024-01-09 09:00:00,prod_094,seg_07,ctx_407,0.738,4,1
log_2768,2024-01-28 15:00:00,prod_005,seg_04,ctx_695,0.678,4,1
log_2769,2024-01-25 14:00:00,prod_046,seg_06,ctx_340,0.889,5,1
log_2770,2024-01-27 09:00:00,prod_013,seg_01,ctx_763,0.501,3,0
log_2771,2024-01-14 05:00:00,prod_011,seg_00,ctx_465,0.888,5,1
log_2772,2024-01-14 15:00:00,prod_062,seg_03,ctx_573,0.641,4,1
log_2773,2024-01-11 10:00:00,prod_094,seg_03,ctx_957,0.854,4,1
log_2774,2024-01-01 01:00:00,prod_097,seg_04,ctx_523,0.494,3,0
log_2775,2024-01-18 10:00:00,prod_027,seg_00,ctx_773,0.875,5,1
log_2776,2024-01-29 19:00:00,prod_048,seg_07,ctx_413,0.349,2,0
log_2777,2024-01-05 22:00:00,prod_081,seg_08,ctx_091,0.71,4,1
log_2778,2024-01-30 09:00:00,prod_065,seg_09,ctx_945,0.507,3,0
log_2779,2024-01-06 03:00:00,prod_020,seg_09,ctx_546,0.847,4,1
log_2780,2024-01-23 19:00:00,prod_081,seg_06,ctx_153,0.673,4,1
log_2781,2024-01-07 09:00:00,prod_057,seg_05,ctx_813,0.747,4,1
log_2782,2024-01-22 06:00:00,prod_084,seg_01,ctx_062,0.6,3,0
log_2783,2024-01-21 02:00:00,prod_045,seg_09,ctx_523,0.738,4,1
log_2784,2024-01-27 22:00:00,prod_031,seg_06,ctx_590,0.885,5,1
log_2785,2024-01-10 17:00:00,prod_054,seg_04,ctx_824,0.42,3,0
log_2786,2024-01-18 08:00:00,prod_003,seg_08,ctx_869,0.564,3,0
log_2787,2024-01-09 13:00:00,prod_082,seg_07,ctx_659,0.645,4,1
log_2788,2024-01-20 05:00:00,prod_033,seg_09,ctx_572,0.446,3,0
log_2789,2024-01-14 03:00:00,prod_047,seg_03,ctx_996,0.804,4,1
log_2790,2024-01-19 01:00:00,prod_080,seg_06,ctx_661,0.849,4,1
log_2791,2024-01-03 03:00:00,prod_078,seg_02,ctx_399,0.555,3,0
log_2792,2024-01-23 03:00:00,prod_025,seg_08,ctx_932,0.927,5,1
log_2793,2024-01-05 02:00:00,prod_045,seg_04,ctx_526,0.748,4,1
log_2794,2024-01-17 14:00:00,prod_076,seg_06,ctx_042,0.84,4,1
log_2795,2024-01-17 17:00:00,prod_032,seg_06,ctx_115,0.694,4,1
log_2796,2024-01-01 17:00:00,prod_024,seg_02,ctx_459,0.508,3,0
log_2797,2024-01-27 03:00:00,prod_059,seg_08,ctx_308,0.436,3,0
log_2798,2024-01-21 23:00:00,prod_033,seg_01,ctx_538,0.477,3,0
log_2799,2024-01-01 11:00:00,prod_038,seg_05,ctx_152,0.827,4,1
log_2800,2024-01-20 04:00:00,prod_062,seg_01,ctx_722,0.419,3,0
log_2801,2024-01-09 01:00:00,prod_008,seg_06,ctx_021,0.32,2,0
log_2802,2024-01-13 09:00:00,prod_033,seg_09,ctx_185,0.437,3,0
log_2803,2024-01-21 01:00:00,prod_026,seg_08,ctx_605,0.502,3,0
log_2804,2024-01-04 03:00:00,prod_047,seg_04,ctx_664,0.651,4,1
log_2805,2024-01-13 22:00:00,prod_069,seg_09,ctx_178,0.603,3,1
log_2806,2024-01-16 19:00:00,prod_046,seg_08,ctx_395,0.537,3,0
log_2807,2024-01-25 02:00:00,prod_079,seg_00,ctx_988,0.449,3,0
log_2808,2024-01-14 10:00:00,prod_006,seg_02,ctx_588,0.47,3,0
log_2809,2024-01-26 23:00:00,prod_073,seg_06,ctx_311,0.437,3,0
log_2810,2024-01-06 13:00:00,prod_094,seg_02,ctx_308,0.941,5,1
log_2811,2024-01-15 21:00:00,prod_038,seg_02,ctx_561,0.438,3,0
log_2812,2024-01-20 06:00:00,prod_070,seg_07,ctx_103,0.714,4,1
log_2813,2024-01-04 13:00:00,prod_074,seg_03,ctx_232,0.945,5,1
log_2814,2024-01-24 12:00:00,prod_026,seg_00,ctx_987,0.448,3,0
log_2815,2024-01-14 15:00:00,prod_038,seg_06,ctx_588,0.324,2,0
log_2816,2024-01-02 05:00:00,prod_023,seg_06,ctx_511,0.86,4,1
log_2817,2024-01-02 14:00:00,prod_093,seg_05,ctx_304,0.691,4,1
log_2818,2024-01-28 05:00:00,prod_018,seg_08,ctx_073,0.857,4,1
log_2819,2024-01-23 19:00:00,prod_029,seg_06,ctx_991,0.798,4,1
log_2820,2024-01-26 22:00:00,prod_094,seg_03,ctx_111,0.996,5,1
log_2821,2024-01-16 13:00:00,prod_094,seg_04,ctx_663,0.506,3,0
log_2822,2024-01-15 03:00:00,prod_001,seg_00,ctx_382,0.318,2,0
log_2823,2024-01-02 19:00:00,prod_093,seg_00,ctx_526,0.502,3,0
log_2824,2024-01-12 09:00:00,prod_037,seg_05,ctx_236,0.744,4,1
log_2825,2024-01-06 23:00:00,prod_080,seg_01,ctx_895,0.459,3,0
log_2826,2024-01-30 22:00:00,prod_016,seg_04,ctx_687,0.724,4,1
log_2827,2024-01-11 12:00:00,prod_058,seg_09,ctx_393,0.713,4,1
log_2828,2024-01-20 21:00:00,prod_069,seg_01,ctx_367,0.419,3,0
log_2829,2024-01-30 08:00:00,prod_003,seg_03,ctx_782,0.873,4,1
log_2830,2024-01-09 06:00:00,prod_078,seg_08,ctx_125,0.591,3,0
log_2831,2024-01-15 23:00:00,prod_012,seg_01,ctx_815,0.701,4,1
log_2832,2024-01-25 09:00:00,prod_015,seg_03,ctx_433,0.888,5,1
log_2833,2024-01-19 06:00:00,prod_043,seg_05,ctx_168,0.421,3,0
log_2834,2024-01-14 20:00:00,prod_082,seg_00,ctx_369,0.648,4,1
log_2835,2024-01-15 08:00:00,prod_081,seg_03,ctx_562,0.699,4,1
log_2836,2024-01-20 11:00:00,prod_016,seg_06,ctx_998,0.746,4,1
log_2837,2024-01-19 06:00:00,prod_097,seg_05,ctx_385,0.773,4,1
log_2838,2024-01-01 11:00:00,prod_079,seg_04,ctx_095,0.315,2,0
log_2839,2024-01-14 04:00:00,prod_081,seg_03,ctx_079,0.557,3,0
log_2840,2024-01-06 20:00:00,prod_049,seg_01,ctx_500,0.871,4,1
log_2841,2024-01-03 12:00:00,prod_092,seg_02,ctx_995,0.579,3,0
log_2842,2024-01-23 16:00:00,prod_094,seg_02,ctx_912,0.555,3,0
log_2843,2024-01-21 17:00:00,prod_085,seg_02,ctx_527,0.47,3,0
log_2844,2024-01-08 23:00:00,prod_065,seg_05,ctx_584,0.369,2,0
log_2845,2024-01-29 06:00:00,prod_074,seg_02,ctx_468,0.887,5,1
log_2846,2024-01-23 21:00:00,prod_069,seg_05,ctx_444,0.76,4,1
log_2847,2024-01-02 16:00:00,prod_094,seg_03,ctx_049,0.456,3,0
log_2848,2024-01-06 07:00:00,prod_025,seg_08,ctx_777,0.811,4,1
log_2849,2024-01-14 16:00:00,prod_086,seg_00,ctx_818,0.657,4,1
log_2850,2024-01-08 20:00:00,prod_099,seg_09,ctx_444,0.406,3,0
log_2851,2024-01-23 13:00:00,prod_024,seg_00,ctx_405,0.415,3,0
log_2852,2024-01-24 04:00:00,prod_092,seg_02,ctx_584,0.434,3,0
log_2853,2024-01-14 09:00:00,prod_063,seg_08,ctx_231,0.555,3,0
log_2854,2024-01-06 04:00:00,prod_080,seg_07,ctx_119,0.666,4,1
log_2855,2024-01-25 17:00:00,prod_037,seg_09,ctx_069,0.594,3,0
log_2856,2024-01-09 18:00:00,prod_036,seg_03,ctx_790,0.596,3,0
log_2857,2024-01-13 10:00:00,prod_090,seg_09,ctx_921,0.601,3,1
log_2858,2024-01-05 22:00:00,prod_077,seg_05,ctx_452,0.488,3,0
log_2859,2024-01-10 17:00:00,prod_064,seg_05,ctx_079,0.352,2,0
log_2860,2024-01-10 08:00:00,prod_048,seg_06,ctx_072,0.328,2,0
log_2861,2024-01-14 15:00:00,prod_057,seg_03,ctx_915,0.874,4,1
log_2862,2024-01-01 20:00:00,prod_019,seg_00,ctx_079,0.697,4,1
log_2863,2024-01-21 09:00:00,prod_029,seg_06,ctx_913,0.627,4,1
log_2864,2024-01-28 09:00:00,prod_074,seg_05,ctx_906,0.803,4,1
log_2865,2024-01-17 03:00:00,prod_094,seg_05,ctx_722,0.792,4,1
log_2866,2024-01-05 21:00:00,prod_009,seg_02,ctx_323,0.891,5,1
log_2867,2024-01-19 18:00:00,prod_029,seg_07,ctx_541,0.868,4,1
log_2868,2024-01-12 07:00:00,prod_006,seg_03,ctx_897,0.323,2,0
log_2869,2024-01-13 03:00:00,prod_039,seg_03,ctx_372,0.708,4,1
log_2870,2024-01-03 06:00:00,prod_004,seg_07,ctx_128,0.528,3,0
log_2871,2024-01-16 04:00:00,prod_037,seg_08,ctx_204,0.71,4,1
log_2872,2024-01-12 02:00:00,prod_023,seg_04,ctx_980,0.553,3,0
log_2873,2024-01-01 07:00:00,prod_049,seg_00,ctx_650,0.795,4,1
log_2874,2024-01-25 00:00:00,prod_019,seg_02,ctx_460,0.599,3,0
log_2875,2024-01-23 14:00:00,prod_063,seg_02,ctx_408,0.523,3,0
log_2876,2024-01-28 03:00:00,prod_026,seg_08,ctx_312,0.719,4,1
log_2877,2024-01-26 18:00:00,prod_075,seg_08,ctx_618,0.819,4,1
log_2878,2024-01-11 21:00:00,prod_073,seg_02,ctx_186,0.308,2,0
log_2879,2024-01-28 19:00:00,prod_026,seg_09,ctx_898,0.606,3,1
log_2880,2024-01-18 15:00:00,prod_032,seg_06,ctx_937,0.314,2,0
log_2881,2024-01-16 08:00:00,prod_033,seg_08,ctx_322,0.628,4,1
log_2882,2024-01-06 21:00:00,prod_021,seg_04,ctx_165,0.551,3,0
log_2883,2024-01-29 15:00:00,prod_005,seg_00,ctx_724,0.783,4,1
log_2884,2024-01-14 13:00:00,prod_058,seg_07,ctx_757,0.453,3,0
log_2885,2024-01-19 10:00:00,prod_074,seg_09,ctx_570,0.785,4,1
log_2886,2024-01-04 23:00:00,prod_085,seg_09,ctx_291,0.723,4,1
log_2887,2024-01-17 01:00:00,prod_061,seg_05,ctx_894,0.365,2,0
log_2888,2024-01-25 08:00:00,prod_000,seg_02,ctx_237,0.731,4,1
log_2889,2024-01-24 03:00:00,prod_096,seg_05,ctx_652,0.437,3,0
log_2890,2024-01-22 00:00:00,prod_037,seg_00,ctx_300,0.394,3,0
log_2891,2024-01-10 16:00:00,prod_047,seg_03,ctx_486,0.379,3,0
log_2892,2024-01-26 07:00:00,prod_097,seg_08,ctx_714,0.447,3,0
log_2893,2024-01-23 12:00:00,prod_053,seg_07,ctx_729,0.652,4,1
log_2894,2024-01-15 11:00:00,prod_068,seg_00,ctx_214,0.522,3,0
log_2895,2024-01-21 05:00:00,prod_086,seg_00,ctx_897,0.427,3,0
log_2896,2024-01-16 23:00:00,prod_095,seg_04,ctx_823,0.958,5,1
log_2897,2024-01-11 23:00:00,prod_044,seg_06,ctx_737,0.596,3,0
log_2898,2024-01-15 16:00:00,prod_094,seg_04,ctx_167,0.84,4,1
log_2899,2024-01-14 04:00:00,prod_040,seg_06,ctx_935,0.418,3,0
log_2900,2024-01-03 12:00:00,prod_084,seg_08,ctx_899,0.797,4,1
log_2901,2024-01-23 07:00:00,prod_000,seg_09,ctx_609,0.647,4,1
log_2902,2024-01-22 21:00:00,prod_016,seg_07,ctx_954,0.347,2,0
log_2903,2024-01-12 04:00:00,prod_030,seg_06,ctx_529,0.477,3,0
log_2904,2024-01-27 04:00:00,prod_065,seg_00,ctx_463,0.887,5,1
log_2905,2024-01-14 03:00:00,prod_085,seg_00,ctx_110,0.419,3,0
log_2906,2024-01-23 21:00:00,prod_082,seg_09,ctx_110,0.748,4,1
log_2907,2024-01-16 01:00:00,prod_099,seg_01,ctx_905,0.719,4,1
log_2908,2024-01-29 18:00:00,prod_036,seg_06,ctx_453,0.344,2,0
log_2909,2024-01-16 16:00:00,prod_043,seg_01,ctx_441,0.445,3,0
log_2910,2024-01-27 20:00:00,prod_063,seg_07,ctx_486,0.367,2,0
log_2911,2024-01-19 12:00:00,prod_082,seg_02,ctx_208,0.691,4,1
log_2912,2024-01-17 05:00:00,prod_061,seg_05,ctx_425,0.622,3,1
log_2913,2024-01-05 07:00:00,prod_053,seg_01,ctx_762,0.852,4,1
log_2914,2024-01-04 07:00:00,prod_009,seg_04,ctx_105,0.749,4,1
log_2915,2024-01-23 23:00:00,prod_063,seg_06,ctx_008,0.809,4,1
log_2916,2024-01-07 12:00:00,prod_082,seg_03,ctx_626,0.784,4,1
log_2917,2024-01-25 19:00:00,prod_005,seg_05,ctx_810,0.65,4,1
log_2918,2024-01-12 13:00:00,prod_006,seg_02,ctx_565,0.44,3,0
log_2919,2024-01-12 11:00:00,prod_041,seg_09,ctx_709,0.478,3,0
log_2920,2024-01-23 01:00:00,prod_093,seg_04,ctx_254,0.732,4,1
log_2921,2024-01-22 08:00:00,prod_073,seg_07,ctx_520,0.847,4,1
log_2922,2024-01-30 12:00:00,prod_011,seg_05,ctx_799,0.353,2,0
log_2923,2024-01-02 09:00:00,prod_034,seg_08,ctx_514,0.527,3,0
log_2924,2024-01-06 00:00:00,prod_023,seg_00,ctx_213,0.675,4,1
log_2925,2024-01-26 17:00:00,prod_014,seg_00,ctx_953,0.507,3,0
log_2926,2024-01-21 04:00:00,prod_077,seg_02,ctx_068,0.596,3,0
log_2927,2024-01-18 03:00:00,prod_072,seg_06,ctx_596,0.558,3,0
log_2928,2024-01-08 13:00:00,prod_064,seg_04,ctx_594,0.871,4,1
log_2929,2024-01-22 07:00:00,prod_048,seg_00,ctx_778,0.326,2,0
log_2930,2024-01-23 00:00:00,prod_015,seg_08,ctx_504,0.61,3,1
log_2931,2024-01-27 08:00:00,prod_010,seg_02,ctx_840,0.855,4,1
log_2932,2024-01-05 13:00:00,prod_042,seg_05,ctx_921,0.72,4,1
log_2933,2024-01-01 10:00:00,prod_092,seg_06,ctx_292,0.367,2,0
log_2934,2024-01-25 11:00:00,prod_046,seg_01,ctx_637,0.685,4,1
log_2935,2024-01-23 19:00:00,prod_050,seg_04,ctx_693,0.763,4,1
log_2936,2024-01-05 13:00:00,prod_043,seg_02,ctx_754,0.794,4,1
log_2937,2024-01-16 00:00:00,prod_080,seg_00,ctx_895,0.609,3,1
log_2938,2024-01-01 17:00:00,prod_031,seg_00,ctx_101,0.306,2,0
log_2939,2024-01-06 07:00:00,prod_038,seg_09,ctx_658,0.468,3,0
log_2940,2024-01-25 20:00:00,prod_013,seg_00,ctx_756,0.574,3,0
log_2941,2024-01-29 01:00:00,prod_054,seg_03,ctx_609,0.545,3,0
log_2942,2024-01-10 18:00:00,prod_055,seg_08,ctx_557,0.384,3,0
log_2943,2024-01-04 18:00:00,prod_074,seg_08,ctx_631,0.632,4,1
log_2944,2024-01-30 11:00:00,prod_052,seg_00,ctx_811,0.845,4,1
log_2945,2024-01-23 13:00:00,prod_081,seg_07,ctx_402,0.424,3,0
log_2946,2024-01-16 15:00:00,prod_024,seg_08,ctx_469,0.305,2,0
log_2947,2024-01-13 01:00:00,prod_039,seg_06,ctx_437,0.638,4,1
log_2948,2024-01-22 09:00:00,prod_030,seg_01,ctx_833,0.533,3,0
log_2949,2024-01-25 10:00:00,prod_028,seg_03,ctx_805,0.669,4,1
log_2950,2024-01-16 01:00:00,prod_013,seg_06,ctx_846,0.475,3,0
log_2951,2024-01-12 03:00:00,prod_068,seg_03,ctx_480,0.314,2,0
log_2952,2024-01-19 15:00:00,prod_019,seg_01,ctx_104,0.88,5,1
log_2953,2024-01-22 01:00:00,prod_012,seg_09,ctx_986,0.483,3,0
log_2954,2024-01-24 12:00:00,prod_029,seg_03,ctx_214,0.416,3,0
log_2955,2024-01-05 07:00:00,prod_009,seg_07,ctx_951,0.75,4,1
log_2956,2024-01-03 16:00:00,prod_046,seg_09,ctx_026,0.635,4,1
log_2957,2024-01-13 14:00:00,prod_087,seg_07,ctx_603,0.846,4,1
log_2958,2024-01-09 19:00:00,prod_061,seg_01,ctx_919,0.745,4,1
log_2959,2024-01-25 19:00:00,prod_038,seg_09,ctx_041,0.78,4,1
log_2960,2024-01-05 19:00:00,prod_043,seg_07,ctx_817,0.479,3,0
log_2961,2024-01-03 03:00:00,prod_025,seg_02,ctx_525,0.711,4,1
log_2962,2024-01-25 19:00:00,prod_003,seg_08,ctx_529,0.715,4,1
log_2963,2024-01-20 19:00:00,prod_084,seg_08,ctx_410,0.325,2,0
log_2964,2024-01-05 18:00:00,prod_047,seg_00,ctx_686,0.318,2,0
log_2965,2024-01-28 04:00:00,prod_085,seg_05,ctx_149,0.842,4,1
log_2966,2024-01-18 07:00:00,prod_065,seg_07,ctx_067,0.666,4,1
log_2967,2024-01-27 20:00:00,prod_011,seg_01,ctx_043,0.38,3,0
log_2968,2024-01-18 22:00:00,prod_055,seg_05,ctx_990,0.452,3,0
log_2969,2024-01-27 05:00:00,prod_041,seg_00,ctx_639,0.59,3,0
log_2970,2024-01-17 14:00:00,prod_084,seg_00,ctx_767,0.648,4,1
log_2971,2024-01-20 19:00:00,prod_013,seg_02,ctx_176,0.808,4,1
log_2972,2024-01-30 10:00:00,prod_094,seg_07,ctx_905,0.356,2,0
log_2973,2024-01-08 08:00:00,prod_055,seg_02,ctx_792,0.89,5,1
log_2974,2024-01-13 09:00:00,prod_074,seg_01,ctx_171,0.473,3,0
log_2975,2024-01-16 03:00:00,prod_077,seg_09,ctx_551,0.807,4,1
log_2976,2024-01-20 15:00:00,prod_022,seg_04,ctx_361,0.846,4,1
log_2977,2024-01-22 20:00:00,prod_065,seg_06,ctx_388,0.463,3,0
log_2978,2024-01-21 21:00:00,prod_001,seg_01,ctx_970,0.628,4,1
log_2979,2024-01-29 03:00:00,prod_015,seg_08,ctx_181,0.459,3,0
log_2980,2024-01-30 17:00:00,prod_052,seg_03,ctx_674,0.689,4,1
log_2981,2024-01-24 06:00:00,prod_064,seg_08,ctx_523,0.412,3,0
log_2982,2024-01-14 16:00:00,prod_034,seg_05,ctx_828,0.761,4,1
log_2983,2024-01-05 07:00:00,prod_071,seg_03,ctx_945,0.404,3,0
log_2984,2024-01-17 11:00:00,prod_054,seg_01,ctx_134,0.731,4,1
log_2985,2024-01-22 05:00:00,prod_013,seg_07,ctx_353,0.621,3,1
log_2986,2024-01-27 06:00:00,prod_039,seg_02,ctx_943,0.529,3,0
log_2987,2024-01-19 00:00:00,prod_065,seg_03,ctx_335,0.49,3,0
log_2988,2024-01-13 05:00:00,prod_068,seg_00,ctx_004,0.357,2,0
log_2989,2024-01-10 23:00:00,prod_001,seg_07,ctx_834,0.362,2,0
log_2990,2024-01-25 02:00:00,prod_052,seg_09,ctx_718,0.625,4,1
log_2991,2024-01-08 05:00:00,prod_033,seg_00,ctx_134,0.603,3,1
log_2992,2024-01-29 11:00:00,prod_008,seg_01,ctx_586,0.849,4,1
log_2993,2024-01-01 12:00:00,prod_017,seg_02,ctx_082,0.61,3,1
log_2994,2024-01-08 23:00:00,prod_007,seg_04,ctx_398,0.888,5,1
log_2995,2024-01-23 03:00:00,prod_029,seg_07,ctx_313,0.668,4,1
log_2996,2024-01-26 09:00:00,prod_007,seg_01,ctx_929,0.435,3,0
log_2997,2024-01-24 04:00:00,prod_020,seg_02,ctx_104,0.417,3,0
log_2998,2024-01-13 18:00:00,prod_021,seg_03,ctx_758,0.426,3,0
log_2999,2024-01-26 22:00:00,prod_048,seg_01,ctx_911,0.695,4,1
log_3000,2024-01-20 01:00:00,prod_028,seg_04,ctx_564,0.673,4,1
log_3001,2024-01-26 01:00:00,prod_077,seg_05,ctx_824,0.636,4,1
log_3002,2024-01-05 03:00:00,prod_085,seg_05,ctx_006,0.806,4,1
log_3003,2024-01-30 16:00:00,prod_038,seg_02,ctx_718,0.856,4,1
log_3004,2024-01-15 03:00:00,prod_026,seg_06,ctx_789,0.331,2,0
log_3005,2024-01-19 10:00:00,prod_012,seg_02,ctx_102,0.84,4,1
log_3006,2024-01-28 21:00:00,prod_083,seg_07,ctx_576,0.802,4,1
log_3007,2024-01-21 10:00:00,prod_061,seg_02,ctx_776,0.979,5,1
log_3008,2024-01-02 05:00:00,prod_043,seg_01,ctx_389,0.506,3,0
log_3009,2024-01-17 05:00:00,prod_010,seg_01,ctx_424,0.645,4,1
log_3010,2024-01-14 16:00:00,prod_061,seg_03,ctx_739,0.718,4,1
log_3011,2024-01-28 17:00:00,prod_039,seg_02,ctx_793,0.642,4,1
log_3012,2024-01-25 05:00:00,prod_063,seg_03,ctx_656,0.403,3,0
log_3013,2024-01-27 08:00:00,prod_097,seg_09,ctx_977,0.757,4,1
log_3014,2024-01-26 19:00:00,prod_067,seg_00,ctx_596,0.638,4,1
log_3015,2024-01-23 00:00:00,prod_065,seg_04,ctx_233,0.692,4,1
log_3016,2024-01-06 12:00:00,prod_055,seg_06,ctx_363,0.458,3,0
log_3017,2024-01-25 18:00:00,prod_052,seg_01,ctx_800,0.689,4,1
log_3018,2024-01-25 06:00:00,prod_094,seg_06,ctx_628,0.317,2,0
log_3019,2024-01-28 21:00:00,prod_082,seg_04,ctx_176,0.351,2,0
log_3020,2024-01-26 04:00:00,prod_096,seg_03,ctx_386,0.551,3,0
log_3021,2024-01-13 09:00:00,prod_037,seg_00,ctx_151,0.495,3,0
log_3022,2024-01-18 09:00:00,prod_033,seg_06,ctx_932,0.879,5,1
log_3023,2024-01-28 00:00:00,prod_002,seg_04,ctx_571,0.518,3,0
log_3024,2024-01-03 11:00:00,prod_083,seg_05,ctx_358,0.651,4,1
log_3025,2024-01-29 08:00:00,prod_051,seg_04,ctx_204,0.791,4,1
log_3026,2024-01-09 07:00:00,prod_055,seg_03,ctx_417,0.436,3,0
log_3027,2024-01-16 20:00:00,prod_019,seg_06,ctx_991,0.388,3,0
log_3028,2024-01-14 06:00:00,prod_052,seg_06,ctx_059,0.482,3,0
log_3029,2024-01-10 14:00:00,prod_036,seg_08,ctx_802,0.868,4,1
log_3030,2024-01-18 22:00:00,prod_002,seg_09,ctx_076,0.893,5,1
log_3031,2024-01-22 00:00:00,prod_016,seg_05,ctx_979,0.71,4,1
log_3032,2024-01-28 11:00:00,prod_049,seg_09,ctx_452,0.72,4,1
log_3033,2024-01-03 07:00:00,prod_078,seg_03,ctx_060,0.635,4,1
log_3034,2024-01-23 06:00:00,prod_087,seg_04,ctx_106,0.657,4,1
log_3035,2024-01-23 02:00:00,prod_078,seg_06,ctx_650,0.366,2,0
log_3036,2024-01-04 08:00:00,prod_097,seg_04,ctx_471,0.329,2,0
log_3037,2024-01-29 05:00:00,prod_032,seg_05,ctx_459,0.7,4,1
log_3038,2024-01-21 07:00:00,prod_023,seg_03,ctx_914,0.34,2,0
log_3039,2024-01-06 18:00:00,prod_045,seg_03,ctx_112,0.511,3,0
log_3040,2024-01-11 03:00:00,prod_044,seg_03,ctx_612,0.495,3,0
log_3041,2024-01-20 21:00:00,prod_001,seg_02,ctx_494,0.477,3,0
log_3042,2024-01-23 21:00:00,prod_017,seg_01,ctx_185,0.515,3,0
log_3043,2024-01-07 00:00:00,prod_091,seg_02,ctx_436,0.918,5,1
log_3044,2024-01-15 07:00:00,prod_026,seg_01,ctx_421,0.468,3,0
log_3045,2024-01-22 22:00:00,prod_074,seg_00,ctx_725,0.914,5,1
log_3046,2024-01-01 01:00:00,prod_094,seg_08,ctx_787,0.939,5,1
log_3047,2024-01-26 15:00:00,prod_025,seg_05,ctx_784,0.555,3,0
log_3048,2024-01-22 00:00:00,prod_037,seg_04,ctx_083,0.389,3,0
log_3049,2024-01-16 08:00:00,prod_019,seg_01,ctx_176,0.652,4,1
log_3050,2024-01-03 21:00:00,prod_046,seg_01,ctx_183,0.873,4,1
log_3051,2024-01-25 06:00:00,prod_050,seg_09,ctx_214,0.543,3,0
log_3052,2024-01-16 21:00:00,prod_060,seg_05,ctx_571,0.609,3,1
log_3053,2024-01-23 07:00:00,prod_051,seg_05,ctx_938,0.479,3,0
log_3054,2024-01-19 04:00:00,prod_074,seg_00,ctx_631,0.981,5,1
log_3055,2024-01-29 04:00:00,prod_001,seg_09,ctx_241,0.323,2,0
log_3056,2024-01-15 13:00:00,prod_052,seg_08,ctx_730,0.977,5,1
log_3057,2024-01-07 04:00:00,prod_073,seg_08,ctx_796,0.787,4,1
log_3058,2024-01-04 21:00:00,prod_053,seg_00,ctx_998,0.482,3,0
log_3059,2024-01-03 22:00:00,prod_043,seg_06,ctx_381,0.822,4,1
log_3060,2024-01-13 13:00:00,prod_070,seg_06,ctx_278,0.328,2,0
log_3061,2024-01-03 01:00:00,prod_062,seg_02,ctx_265,0.71,4,1
log_3062,2024-01-08 09:00:00,prod_045,seg_04,ctx_540,0.795,4,1
log_3063,2024-01-26 05:00:00,prod_002,seg_00,ctx_069,0.883,5,1
log_3064,2024-01-14 02:00:00,prod_027,seg_06,ctx_440,0.715,4,1
log_3065,2024-01-19 21:00:00,prod_027,seg_06,ctx_844,0.596,3,0
log_3066,2024-01-13 20:00:00,prod_088,seg_04,ctx_076,0.808,4,1
log_3067,2024-01-19 13:00:00,prod_049,seg_07,ctx_929,0.323,2,0
log_3068,2024-01-30 10:00:00,prod_093,seg_07,ctx_541,0.545,3,0
log_3069,2024-01-15 01:00:00,prod_011,seg_07,ctx_167,0.76,4,1
log_3070,2024-01-28 06:00:00,prod_047,seg_03,ctx_079,0.404,3,0
log_3071,2024-01-24 00:00:00,prod_026,seg_08,ctx_180,0.522,3,0
log_3072,2024-01-06 00:00:00,prod_031,seg_08,ctx_378,0.356,2,0
log_3073,2024-01-03 01:00:00,prod_084,seg_02,ctx_535,0.789,4,1
log_3074,2024-01-11 02:00:00,prod_085,seg_05,ctx_903,0.393,3,0
log_3075,2024-01-28 12:00:00,prod_037,seg_04,ctx_602,0.55,3,0
log_3076,2024-01-08 22:00:00,prod_063,seg_01,ctx_436,0.792,4,1
log_3077,2024-01-14 20:00:00,prod_077,seg_00,ctx_917,0.52,3,0
log_3078,2024-01-14 14:00:00,prod_071,seg_04,ctx_916,0.853,4,1
log_3079,2024-01-28 06:00:00,prod_038,seg_07,ctx_383,0.312,2,0
log_3080,2024-01-19 06:00:00,prod_045,seg_06,ctx_251,0.42,3,0
log_3081,2024-01-02 04:00:00,prod_011,seg_09,ctx_773,0.603,3,1
log_3082,2024-01-18 03:00:00,prod_039,seg_08,ctx_310,0.632,4,1
log_3083,2024-01-19 00:00:00,prod_025,seg_04,ctx_809,0.693,4,1
log_3084,2024-01-09 20:00:00,prod_017,seg_07,ctx_721,0.461,3,0
log_3085,2024-01-24 18:00:00,prod_025,seg_00,ctx_112,0.915,5,1
log_3086,2024-01-28 17:00:00,prod_081,seg_03,ctx_692,0.373,2,0
log_3087,2024-01-07 13:00:00,prod_052,seg_03,ctx_906,0.814,4,1
log_3088,2024-01-16 23:00:00,prod_096,seg_08,ctx_020,0.547,3,0
log_3089,2024-01-20 14:00:00,prod_089,seg_05,ctx_548,0.45,3,0
log_3090,2024-01-14 05:00:00,prod_083,seg_07,ctx_445,0.734,4,1
log_3091,2024-01-29 06:00:00,prod_003,seg_09,ctx_883,0.532,3,0
log_3092,2024-01-25 01:00:00,prod_086,seg_08,ctx_972,0.37,2,0
log_3093,2024-01-13 14:00:00,prod_058,seg_04,ctx_688,0.558,3,0
log_3094,2024-01-02 21:00:00,prod_005,seg_06,ctx_386,0.75,4,1
log_3095,2024-01-16 06:00:00,prod_067,seg_04,ctx_883,0.71,4,1
log_3096,2024-01-26 23:00:00,prod_092,seg_01,ctx_430,0.827,4,1
log_3097,2024-01-23 19:00:00,prod_092,seg_03,ctx_974,0.625,4,1
log_3098,2024-01-22 17:00:00,prod_049,seg_07,ctx_617,0.599,3,0
log_3099,2024-01-27 00:00:00,prod_094,seg_09,ctx_138,0.684,4,1
log_3100,2024-01-22 07:00:00,prod_049,seg_02,ctx_095,0.476,3,0
log_3101,2024-01-07 16:00:00,prod_049,seg_03,ctx_773,0.823,4,1
log_3102,2024-01-18 04:00:00,prod_049,seg_07,ctx_903,0.523,3,0
log_3103,2024-01-05 23:00:00,prod_083,seg_01,ctx_087,0.554,3,0
log_3104,2024-01-08 15:00:00,prod_047,seg_03,ctx_217,0.63,4,1
log_3105,2024-01-24 22:00:00,prod_023,seg_08,ctx_069,0.796,4,1
log_3106,2024-01-11 04:00:00,prod_014,seg_03,ctx_780,0.808,4,1
log_3107,2024-01-08 09:00:00,prod_053,seg_08,ctx_516,0.549,3,0
log_3108,2024-01-17 23:00:00,prod_047,seg_09,ctx_551,0.445,3,0
log_3109,2024-01-22 04:00:00,prod_059,seg_00,ctx_224,0.485,3,0
log_3110,2024-01-07 06:00:00,prod_076,seg_04,ctx_041,0.584,3,0
log_3111,2024-01-27 17:00:00,prod_036,seg_01,ctx_759,0.757,4,1
log_3112,2024-01-03 15:00:00,prod_031,seg_01,ctx_051,0.561,3,0
log_3113,2024-01-28 21:00:00,prod_034,seg_03,ctx_676,0.486,3,0
log_3114,2024-01-02 01:00:00,prod_088,seg_07,ctx_767,0.452,3,0
log_3115,2024-01-30 11:00:00,prod_008,seg_08,ctx_146,0.324,2,0
log_3116,2024-01-16 20:00:00,prod_000,seg_09,ctx_577,0.384,3,0
log_3117,2024-01-14 19:00:00,prod_011,seg_07,ctx_946,0.396,3,0
log_3118,2024-01-02 09:00:00,prod_049,seg_09,ctx_189,0.356,2,0
log_3119,2024-01-28 17:00:00,prod_064,seg_06,ctx_735,0.477,3,0
log_3120,2024-01-26 23:00:00,prod_035,seg_06,ctx_243,0.59,3,0
log_3121,2024-01-17 19:00:00,prod_039,seg_03,ctx_652,0.732,4,1
log_3122,2024-01-13 06:00:00,prod_038,seg_06,ctx_069,0.675,4,1
log_3123,2024-01-29 18:00:00,prod_087,seg_06,ctx_579,0.422,3,0
log_3124,2024-01-11 18:00:00,prod_011,seg_05,ctx_462,0.617,3,1
log_3125,2024-01-28 14:00:00,prod_050,seg_00,ctx_527,0.686,4,1
log_3126,2024-01-05 05:00:00,prod_054,seg_04,ctx_167,0.77,4,1
log_3127,2024-01-04 18:00:00,prod_096,seg_09,ctx_986,0.817,4,1
log_3128,2024-01-01 23:00:00,prod_020,seg_00,ctx_022,0.726,4,1
log_3129,2024-01-25 10:00:00,prod_080,seg_05,ctx_429,0.771,4,1
log_3130,2024-01-11 06:00:00,prod_007,seg_05,ctx_753,0.359,2,0
log_3131,2024-01-18 18:00:00,prod_028,seg_00,ctx_487,0.86,4,1
log_3132,2024-01-06 23:00:00,prod_087,seg_00,ctx_995,0.646,4,1
log_3133,2024-01-12 08:00:00,prod_052,seg_07,ctx_119,0.467,3,0
log_3134,2024-01-06 00:00:00,prod_021,seg_04,ctx_306,0.363,2,0
log_3135,2024-01-01 05:00:00,prod_094,seg_06,ctx_052,0.49,3,0
log_3136,2024-01-17 19:00:00,prod_016,seg_02,ctx_461,0.786,4,1
log_3137,2024-01-28 02:00:00,prod_022,seg_06,ctx_354,0.477,3,0
log_3138,2024-01-14 22:00:00,prod_022,seg_09,ctx_444,0.419,3,0
log_3139,2024-01-27 17:00:00,prod_090,seg_00,ctx_038,0.66,4,1
log_3140,2024-01-22 09:00:00,prod_050,seg_06,ctx_323,0.702,4,1
log_3141,2024-01-14 05:00:00,prod_034,seg_05,ctx_598,0.741,4,1
log_3142,2024-01-25 17:00:00,prod_035,seg_04,ctx_296,0.645,4,1
log_3143,2024-01-09 04:00:00,prod_063,seg_05,ctx_154,0.328,2,0
log_3144,2024-01-12 00:00:00,prod_096,seg_09,ctx_331,0.764,4,1
log_3145,2024-01-24 01:00:00,prod_008,seg_04,ctx_739,0.692,4,1
log_3146,2024-01-07 06:00:00,prod_066,seg_05,ctx_185,0.502,3,0
log_3147,2024-01-15 21:00:00,prod_079,seg_05,ctx_635,0.32,2,0
log_3148,2024-01-24 06:00:00,prod_098,seg_04,ctx_093,0.444,3,0
log_3149,2024-01-12 21:00:00,prod_001,seg_05,ctx_069,0.505,3,0
log_3150,2024-01-21 11:00:00,prod_055,seg_04,ctx_717,0.752,4,1
log_3151,2024-01-29 07:00:00,prod_073,seg_08,ctx_554,0.888,5,1
log_3152,2024-01-14 19:00:00,prod_071,seg_09,ctx_940,0.713,4,1
log_3153,2024-01-07 20:00:00,prod_049,seg_08,ctx_627,0.56,3,0
log_3154,2024-01-23 22:00:00,prod_009,seg_08,ctx_813,0.711,4,1
log_3155,2024-01-20 06:00:00,prod_043,seg_03,ctx_547,0.34,2,0
log_3156,2024-01-09 07:00:00,prod_002,seg_03,ctx_954,0.807,4,1
log_3157,2024-01-28 00:00:00,prod_074,seg_01,ctx_714,0.303,2,0
log_3158,2024-01-30 18:00:00,prod_092,seg_02,ctx_969,0.497,3,0
log_3159,2024-01-04 10:00:00,prod_083,seg_06,ctx_494,0.651,4,1
log_3160,2024-01-17 08:00:00,prod_038,seg_09,ctx_974,0.692,4,1
log_3161,2024-01-22 16:00:00,prod_051,seg_06,ctx_307,0.581,3,0
log_3162,2024-01-15 10:00:00,prod_000,seg_05,ctx_868,0.61,3,1
log_3163,2024-01-19 07:00:00,prod_050,seg_09,ctx_885,0.597,3,0
log_3164,2024-01-22 19:00:00,prod_037,seg_06,ctx_037,0.853,4,1
log_3165,2024-01-15 09:00:00,prod_073,seg_06,ctx_614,0.811,4,1
log_3166,2024-01-24 06:00:00,prod_068,seg_06,ctx_065,0.735,4,1
log_3167,2024-01-25 06:00:00,prod_004,seg_09,ctx_212,0.667,4,1
log_3168,2024-01-26 19:00:00,prod_000,seg_09,ctx_784,0.691,4,1
log_3169,2024-01-06 23:00:00,prod_094,seg_04,ctx_223,0.958,5,1
log_3170,2024-01-07 12:00:00,prod_066,seg_04,ctx_200,0.892,5,1
log_3171,2024-01-13 07:00:00,prod_035,seg_08,ctx_050,0.506,3,0
log_3172,2024-01-04 02:00:00,prod_037,seg_08,ctx_666,0.871,4,1
log_3173,2024-01-19 21:00:00,prod_035,seg_06,ctx_369,0.411,3,0
log_3174,2024-01-12 20:00:00,prod_062,seg_08,ctx_536,0.586,3,0
log_3175,2024-01-09 12:00:00,prod_098,seg_08,ctx_557,0.381,3,0
log_3176,2024-01-25 14:00:00,prod_084,seg_00,ctx_852,0.824,4,1
log_3177,2024-01-28 21:00:00,prod_070,seg_06,ctx_744,0.681,4,1
log_3178,2024-01-07 06:00:00,prod_054,seg_09,ctx_273,0.329,2,0
log_3179,2024-01-20 05:00:00,prod_096,seg_01,ctx_172,0.528,3,0
log_3180,2024-01-23 16:00:00,prod_054,seg_03,ctx_409,0.515,3,0
log_3181,2024-01-10 16:00:00,prod_077,seg_01,ctx_256,0.602,3,1
log_3182,2024-01-24 22:00:00,prod_025,seg_00,ctx_519,0.651,4,1
log_3183,2024-01-20 17:00:00,prod_089,seg_06,ctx_513,0.37,2,0
log_3184,2024-01-24 23:00:00,prod_057,seg_07,ctx_512,0.561,3,0
log_3185,2024-01-22 15:00:00,prod_054,seg_00,ctx_062,0.719,4,1
log_3186,2024-01-17 01:00:00,prod_087,seg_09,ctx_448,0.342,2,0
log_3187,2024-01-19 05:00:00,prod_099,seg_06,ctx_914,0.767,4,1
log_3188,2024-01-17 23:00:00,prod_068,seg_05,ctx_601,0.684,4,1
log_3189,2024-01-15 15:00:00,prod_027,seg_09,ctx_748,0.433,3,0
log_3190,2024-01-14 19:00:00,prod_063,seg_03,ctx_529,0.484,3,0
log_3191,2024-01-26 01:00:00,prod_045,seg_09,ctx_282,0.561,3,0
log_3192,2024-01-25 11:00:00,prod_024,seg_01,ctx_398,0.836,4,1
log_3193,2024-01-05 13:00:00,prod_091,seg_02,ctx_349,0.667,4,1
log_3194,2024-01-30 02:00:00,prod_039,seg_00,ctx_090,0.65,4,1
log_3195,2024-01-15 02:00:00,prod_006,seg_07,ctx_446,0.738,4,1
log_3196,2024-01-24 10:00:00,prod_027,seg_06,ctx_398,0.773,4,1
log_3197,2024-01-14 08:00:00,prod_076,seg_09,ctx_517,0.365,2,0
log_3198,2024-01-18 19:00:00,prod_014,seg_03,ctx_661,0.768,4,1
log_3199,2024-01-13 07:00:00,prod_080,seg_05,ctx_659,0.551,3,0
log_3200,2024-01-26 22:00:00,prod_048,seg_08,ctx_957,0.515,3,0
log_3201,2024-01-27 20:00:00,prod_085,seg_05,ctx_689,0.561,3,0
log_3202,2024-01-05 10:00:00,prod_011,seg_07,ctx_551,0.445,3,0
log_3203,2024-01-11 19:00:00,prod_040,seg_05,ctx_308,0.536,3,0
log_3204,2024-01-14 13:00:00,prod_051,seg_07,ctx_450,0.55,3,0
log_3205,2024-01-01 06:00:00,prod_086,seg_01,ctx_077,0.475,3,0
log_3206,2024-01-04 03:00:00,prod_034,seg_08,ctx_128,0.62,3,1
log_3207,2024-01-07 12:00:00,prod_052,seg_09,ctx_893,0.593,3,0
log_3208,2024-01-24 21:00:00,prod_052,seg_03,ctx_171,0.711,4,1
log_3209,2024-01-30 21:00:00,prod_034,seg_00,ctx_134,0.518,3,0
log_3210,2024-01-25 08:00:00,prod_030,seg_04,ctx_520,0.836,4,1
log_3211,2024-01-01 19:00:00,prod_049,seg_08,ctx_094,0.699,4,1
log_3212,2024-01-15 05:00:00,prod_089,seg_05,ctx_313,0.749,4,1
log_3213,2024-01-20 23:00:00,prod_027,seg_07,ctx_774,0.521,3,0
log_3214,2024-01-08 10:00:00,prod_036,seg_05,ctx_671,0.423,3,0
log_3215,2024-01-28 11:00:00,prod_041,seg_00,ctx_221,0.563,3,0
log_3216,2024-01-01 12:00:00,prod_077,seg_07,ctx_764,0.898,5,1
log_3217,2024-01-29 12:00:00,prod_079,seg_09,ctx_518,0.411,3,0
log_3218,2024-01-01 08:00:00,prod_096,seg_06,ctx_317,0.896,5,1
log_3219,2024-01-29 04:00:00,prod_030,seg_06,ctx_172,0.398,3,0
log_3220,2024-01-09 13:00:00,prod_004,seg_06,ctx_446,0.515,3,0
log_3221,2024-01-16 22:00:00,prod_059,seg_01,ctx_659,0.343,2,0
log_3222,2024-01-30 17:00:00,prod_033,seg_08,ctx_064,0.344,2,0
log_3223,2024-01-18 23:00:00,prod_036,seg_08,ctx_307,0.418,3,0
log_3224,2024-01-03 04:00:00,prod_056,seg_01,ctx_035,0.827,4,1
log_3225,2024-01-01 23:00:00,prod_084,seg_05,ctx_937,0.516,3,0
log_3226,2024-01-07 02:00:00,prod_011,seg_07,ctx_846,0.478,3,0
log_3227,2024-01-19 17:00:00,prod_029,seg_03,ctx_165,0.415,3,0
log_3228,2024-01-09 10:00:00,prod_044,seg_01,ctx_103,0.833,4,1
log_3229,2024-01-11 18:00:00,prod_029,seg_04,ctx_476,0.374,2,0
log_3230,2024-01-30 08:00:00,prod_086,seg_06,ctx_790,0.53,3,0
log_3231,2024-01-20 06:00:00,prod_000,seg_09,ctx_229,0.781,4,1
log_3232,2024-01-05 12:00:00,prod_073,seg_00,ctx_905,0.408,3,0
log_3233,2024-01-08 07:00:00,prod_019,seg_00,ctx_147,0.453,3,0
log_3234,2024-01-18 13:00:00,prod_000,seg_06,ctx_508,0.324,2,0
log_3235,2024-01-12 13:00:00,prod_043,seg_07,ctx_163,0.573,3,0
log_3236,2024-01-28 10:00:00,prod_031,seg_07,ctx_265,0.612,3,1
log_3237,2024-01-27 14:00:00,prod_069,seg_04,ctx_149,0.378,3,0
log_3238,2024-01-24 11:00:00,prod_038,seg_08,ctx_761,0.85,4,1
log_3239,2024-01-12 02:00:00,prod_064,seg_04,ctx_735,0.313,2,0
log_3240,2024-01-14 06:00:00,prod_022,seg_03,ctx_635,0.695,4,1
log_3241,2024-01-20 09:00:00,prod_027,seg_07,ctx_893,0.354,2,0
log_3242,2024-01-21 06:00:00,prod_016,seg_06,ctx_645,0.628,4,1
log_3243,2024-01-07 21:00:00,prod_084,seg_04,ctx_526,0.603,3,1
log_3244,2024-01-27 21:00:00,prod_078,seg_05,ctx_878,0.331,2,0
log_3245,2024-01-12 14:00:00,prod_062,seg_09,ctx_663,0.781,4,1
log_3246,2024-01-19 13:00:00,prod_052,seg_02,ctx_289,0.431,3,0
log_3247,2024-01-17 13:00:00,prod_078,seg_07,ctx_368,0.714,4,1
log_3248,2024-01-15 02:00:00,prod_006,seg_05,ctx_588,0.556,3,0
log_3249,2024-01-22 19:00:00,prod_081,seg_03,ctx_393,0.867,4,1
log_3250,2024-01-12 04:00:00,prod_055,seg_05,ctx_252,0.627,4,1
log_3251,2024-01-23 22:00:00,prod_031,seg_01,ctx_298,0.605,3,1
log_3252,2024-01-20 19:00:00,prod_022,seg_01,ctx_691,0.806,4,1
log_3253,2024-01-02 08:00:00,prod_023,seg_00,ctx_026,0.469,3,0
log_3254,2024-01-22 14:00:00,prod_064,seg_01,ctx_136,0.811,4,1
log_3255,2024-01-17 13:00:00,prod_052,seg_04,ctx_550,0.627,4,1
log_3256,2024-01-08 14:00:00,prod_057,seg_09,ctx_188,0.814,4,1
log_3257,2024-01-03 10:00:00,prod_099,seg_03,ctx_936,0.83,4,1
log_3258,2024-01-01 11:00:00,prod_091,seg_09,ctx_924,0.893,5,1
log_3259,2024-01-14 19:00:00,prod_053,seg_09,ctx_715,0.431,3,0
log_3260,2024-01-16 20:00:00,prod_098,seg_04,ctx_656,0.884,5,1
log_3261,2024-01-29 17:00:00,prod_016,seg_09,ctx_684,0.423,3,0
log_3262,2024-01-08 01:00:00,prod_053,seg_04,ctx_478,0.62,3,1
log_3263,2024-01-13 02:00:00,prod_076,seg_04,ctx_475,0.677,4,1
log_3264,2024-01-06 18:00:00,prod_066,seg_03,ctx_270,0.79,4,1
log_3265,2024-01-20 10:00:00,prod_095,seg_04,ctx_468,0.743,4,1
log_3266,2024-01-06 18:00:00,prod_097,seg_01,ctx_186,0.417,3,0
log_3267,2024-01-21 10:00:00,prod_090,seg_00,ctx_319,0.715,4,1
log_3268,2024-01-06 14:00:00,prod_087,seg_01,ctx_085,0.42,3,0
log_3269,2024-01-04 04:00:00,prod_085,seg_02,ctx_470,0.725,4,1
log_3270,2024-01-23 07:00:00,prod_037,seg_01,ctx_985,0.395,3,0
log_3271,2024-01-19 13:00:00,prod_027,seg_04,ctx_855,0.317,2,0
log_3272,2024-01-15 03:00:00,prod_026,seg_09,ctx_528,0.649,4,1
log_3273,2024-01-27 02:00:00,prod_076,seg_04,ctx_222,0.874,4,1
log_3274,2024-01-18 10:00:00,prod_095,seg_08,ctx_806,0.423,3,0
log_3275,2024-01-17 01:00:00,prod_024,seg_04,ctx_163,0.408,3,0
log_3276,2024-01-05 20:00:00,prod_049,seg_03,ctx_188,0.512,3,0
log_3277,2024-01-01 08:00:00,prod_063,seg_09,ctx_959,0.864,4,1
log_3278,2024-01-28 08:00:00,prod_072,seg_09,ctx_040,0.625,4,1
log_3279,2024-01-14 06:00:00,prod_055,seg_07,ctx_724,0.369,2,0
log_3280,2024-01-16 14:00:00,prod_083,seg_00,ctx_863,0.67,4,1
log_3281,2024-01-18 19:00:00,prod_012,seg_07,ctx_853,0.374,2,0
log_3282,2024-01-30 05:00:00,prod_019,seg_06,ctx_688,0.483,3,0
log_3283,2024-01-24 07:00:00,prod_084,seg_03,ctx_362,0.779,4,1
log_3284,2024-01-04 17:00:00,prod_081,seg_04,ctx_189,0.701,4,1
log_3285,2024-01-15 23:00:00,prod_040,seg_01,ctx_994,0.415,3,0
log_3286,2024-01-28 11:00:00,prod_001,seg_05,ctx_334,0.369,2,0
log_3287,2024-01-12 08:00:00,prod_054,seg_03,ctx_148,0.558,3,0
log_3288,2024-01-22 10:00:00,prod_074,seg_07,ctx_642,0.699,4,1
log_3289,2024-01-24 23:00:00,prod_018,seg_07,ctx_559,0.735,4,1
log_3290,2024-01-07 21:00:00,prod_059,seg_07,ctx_152,0.378,3,0
log_3291,2024-01-22 00:00:00,prod_052,seg_05,ctx_169,0.727,4,1
log_3292,2024-01-06 03:00:00,prod_035,seg_05,ctx_412,0.631,4,1
log_3293,2024-01-10 13:00:00,prod_047,seg_03,ctx_604,0.78,4,1
log_3294,2024-01-09 22:00:00,prod_063,seg_04,ctx_273,0.735,4,1
log_3295,2024-01-20 10:00:00,prod_075,seg_07,ctx_560,0.437,3,0
log_3296,2024-01-26 06:00:00,prod_041,seg_06,ctx_766,0.637,4,1
log_3297,2024-01-15 12:00:00,prod_085,seg_09,ctx_957,0.307,2,0
log_3298,2024-01-27 08:00:00,prod_077,seg_05,ctx_306,0.696,4,1
log_3299,2024-01-09 14:00:00,prod_003,seg_03,ctx_088,0.424,3,0
log_3300,2024-01-04 01:00:00,prod_094,seg_08,ctx_612,0.58,3,0
log_3301,2024-01-29 17:00:00,prod_070,seg_07,ctx_376,0.833,4,1
log_3302,2024-01-04 00:00:00,prod_086,seg_04,ctx_136,0.481,3,0
log_3303,2024-01-26 13:00:00,prod_094,seg_03,ctx_589,0.831,4,1
log_3304,2024-01-01 18:00:00,prod_079,seg_04,ctx_520,0.568,3,0
log_3305,2024-01-13 18:00:00,prod_065,seg_07,ctx_955,0.762,4,1
log_3306,2024-01-10 00:00:00,prod_002,seg_04,ctx_532,0.598,3,0
log_3307,2024-01-04 23:00:00,prod_083,seg_04,ctx_177,0.858,4,1
log_3308,2024-01-18 03:00:00,prod_014,seg_07,ctx_078,0.706,4,1
log_3309,2024-01-08 12:00:00,prod_093,seg_06,ctx_609,0.439,3,0
log_3310,2024-01-27 17:00:00,prod_095,seg_07,ctx_006,0.469,3,0
log_3311,2024-01-07 08:00:00,prod_057,seg_00,ctx_154,0.953,5,1
log_3312,2024-01-20 22:00:00,prod_076,seg_03,ctx_833,0.714,4,1
log_3313,2024-01-09 02:00:00,prod_067,seg_00,ctx_138,0.78,4,1
log_3314,2024-01-17 11:00:00,prod_044,seg_00,ctx_998,0.635,4,1
log_3315,2024-01-02 14:00:00,prod_093,seg_04,ctx_329,0.546,3,0
log_3316,2024-01-12 08:00:00,prod_069,seg_06,ctx_730,0.826,4,1
log_3317,2024-01-24 08:00:00,prod_016,seg_07,ctx_598,0.528,3,0
log_3318,2024-01-22 18:00:00,prod_010,seg_01,ctx_153,0.61,3,1
log_3319,2024-01-07 11:00:00,prod_094,seg_04,ctx_744,0.751,4,1
log_3320,2024-01-30 01:00:00,prod_097,seg_06,ctx_923,0.86,4,1
log_3321,2024-01-04 12:00:00,prod_040,seg_00,ctx_894,0.338,2,0
log_3322,2024-01-13 17:00:00,prod_047,seg_00,ctx_246,0.523,3,0
log_3323,2024-01-13 10:00:00,prod_047,seg_04,ctx_197,0.815,4,1
log_3324,2024-01-11 14:00:00,prod_088,seg_01,ctx_937,0.524,3,0
log_3325,2024-01-22 18:00:00,prod_014,seg_02,ctx_776,0.824,4,1
log_3326,2024-01-26 14:00:00,prod_012,seg_07,ctx_915,0.648,4,1
log_3327,2024-01-23 20:00:00,prod_045,seg_02,ctx_902,0.765,4,1
log_3328,2024-01-11 16:00:00,prod_056,seg_05,ctx_480,0.56,3,0
log_3329,2024-01-23 12:00:00,prod_019,seg_05,ctx_137,0.409,3,0
log_3330,2024-01-26 06:00:00,prod_087,seg_01,ctx_647,0.587,3,0
log_3331,2024-01-14 16:00:00,prod_070,seg_08,ctx_803,0.485,3,0
log_3332,2024-01-26 15:00:00,prod_008,seg_07,ctx_835,0.857,4,1
log_3333,2024-01-20 16:00:00,prod_022,seg_05,ctx_861,0.873,4,1
log_3334,2024-01-09 00:00:00,prod_071,seg_05,ctx_124,0.468,3,0
log_3335,2024-01-28 09:00:00,prod_047,seg_05,ctx_088,0.467,3,0
log_3336,2024-01-04 19:00:00,prod_096,seg_08,ctx_824,0.665,4,1
log_3337,2024-01-20 15:00:00,prod_018,seg_01,ctx_130,0.845,4,1
log_3338,2024-01-25 15:00:00,prod_074,seg_09,ctx_153,0.603,3,1
log_3339,2024-01-30 13:00:00,prod_086,seg_08,ctx_258,0.548,3,0
log_3340,2024-01-08 04:00:00,prod_090,seg_08,ctx_887,0.567,3,0
log_3341,2024-01-12 12:00:00,prod_084,seg_03,ctx_315,0.475,3,0
log_3342,2024-01-15 01:00:00,prod_088,seg_01,ctx_509,0.762,4,1
log_3343,2024-01-22 12:00:00,prod_093,seg_02,ctx_431,0.892,5,1
log_3344,2024-01-09 09:00:00,prod_096,seg_08,ctx_726,0.702,4,1
log_3345,2024-01-23 16:00:00,prod_084,seg_00,ctx_436,0.766,4,1
log_3346,2024-01-21 18:00:00,prod_053,seg_03,ctx_450,0.431,3,0
log_3347,2024-01-19 15:00:00,prod_097,seg_04,ctx_826,0.645,4,1
log_3348,2024-01-29 21:00:00,prod_039,seg_05,ctx_489,0.608,3,1
log_3349,2024-01-14 15:00:00,prod_004,seg_01,ctx_807,0.759,4,1
log_3350,2024-01-06 07:00:00,prod_045,seg_02,ctx_359,0.507,3,0
log_3351,2024-01-21 06:00:00,prod_037,seg_04,ctx_326,0.775,4,1
log_3352,2024-01-30 23:00:00,prod_091,seg_04,ctx_007,0.412,3,0
log_3353,2024-01-26 17:00:00,prod_068,seg_06,ctx_708,0.813,4,1
log_3354,2024-01-01 20:00:00,prod_088,seg_07,ctx_345,0.819,4,1
log_3355,2024-01-19 08:00:00,prod_033,seg_02,ctx_461,0.716,4,1
log_3356,2024-01-12 08:00:00,prod_099,seg_08,ctx_318,0.668,4,1
log_3357,2024-01-30 10:00:00,prod_025,seg_05,ctx_498,0.639,4,1
log_3358,2024-01-02 05:00:00,prod_073,seg_03,ctx_576,0.746,4,1
log_3359,2024-01-13 16:00:00,prod_023,seg_04,ctx_874,0.723,4,1
log_3360,2024-01-23 15:00:00,prod_003,seg_05,ctx_222,0.502,3,0
log_3361,2024-01-25 05:00:00,prod_080,seg_08,ctx_675,0.625,4,1
log_3362,2024-01-07 03:00:00,prod_028,seg_07,ctx_155,0.471,3,0
log_3363,2024-01-17 20:00:00,prod_093,seg_08,ctx_588,0.927,5,1
log_3364,2024-01-11 10:00:00,prod_089,seg_02,ctx_119,0.71,4,1
log_3365,2024-01-04 01:00:00,prod_018,seg_00,ctx_329,0.659,4,1
log_3366,2024-01-14 22:00:00,prod_093,seg_01,ctx_818,0.617,3,1
log_3367,2024-01-15 06:00:00,prod_096,seg_03,ctx_052,0.468,3,0
log_3368,2024-01-19 17:00:00,prod_045,seg_06,ctx_122,0.601,3,1
log_3369,2024-01-02 01:00:00,prod_056,seg_00,ctx_631,0.667,4,1
log_3370,2024-01-15 15:00:00,prod_087,seg_06,ctx_318,0.737,4,1
log_3371,2024-01-30 23:00:00,prod_099,seg_04,ctx_028,0.411,3,0
log_3372,2024-01-14 21:00:00,prod_090,seg_04,ctx_260,0.461,3,0
log_3373,2024-01-19 21:00:00,prod_030,seg_04,ctx_952,0.899,5,1
log_3374,2024-01-20 05:00:00,prod_064,seg_05,ctx_428,0.759,4,1
log_3375,2024-01-05 14:00:00,prod_040,seg_07,ctx_065,0.88,5,1
log_3376,2024-01-30 04:00:00,prod_090,seg_09,ctx_689,0.417,3,0
log_3377,2024-01-19 20:00:00,prod_076,seg_09,ctx_397,0.678,4,1
log_3378,2024-01-26 22:00:00,prod_037,seg_03,ctx_785,0.872,4,1
log_3379,2024-01-28 22:00:00,prod_010,seg_06,ctx_879,0.785,4,1
log_3380,2024-01-28 04:00:00,prod_078,seg_03,ctx_785,0.541,3,0
log_3381,2024-01-11 05:00:00,prod_091,seg_06,ctx_796,0.9,5,1
log_3382,2024-01-21 04:00:00,prod_039,seg_04,ctx_946,0.493,3,0
log_3383,2024-01-29 02:00:00,prod_048,seg_02,ctx_938,0.876,5,1
log_3384,2024-01-09 00:00:00,prod_031,seg_07,ctx_436,0.622,3,1
log_3385,2024-01-01 22:00:00,prod_051,seg_02,ctx_354,0.783,4,1
log_3386,2024-01-09 00:00:00,prod_097,seg_07,ctx_160,0.352,2,0
log_3387,2024-01-03 04:00:00,prod_028,seg_07,ctx_186,0.715,4,1
log_3388,2024-01-15 18:00:00,prod_074,seg_04,ctx_554,0.485,3,0
log_3389,2024-01-03 03:00:00,prod_047,seg_00,ctx_731,0.447,3,0
log_3390,2024-01-26 04:00:00,prod_028,seg_08,ctx_844,0.378,3,0
log_3391,2024-01-16 09:00:00,prod_074,seg_06,ctx_303,0.363,2,0
log_3392,2024-01-16 20:00:00,prod_067,seg_04,ctx_729,0.429,3,0
log_3393,2024-01-15 06:00:00,prod_017,seg_07,ctx_252,0.37,2,0
log_3394,2024-01-13 12:00:00,prod_052,seg_01,ctx_570,0.785,4,1
log_3395,2024-01-20 01:00:00,prod_069,seg_01,ctx_835,0.522,3,0
log_3396,2024-01-21 04:00:00,prod_030,seg_00,ctx_533,0.951,5,1
log_3397,2024-01-08 23:00:00,prod_041,seg_00,ctx_334,0.45,3,0
log_3398,2024-01-26 02:00:00,prod_017,seg_03,ctx_471,0.56,3,0
log_3399,2024-01-25 23:00:00,prod_082,seg_03,ctx_655,0.778,4,1
log_3400,2024-01-06 07:00:00,prod_049,seg_04,ctx_312,0.921,5,1
log_3401,2024-01-03 18:00:00,prod_010,seg_09,ctx_788,0.444,3,0
log_3402,2024-01-06 23:00:00,prod_037,seg_02,ctx_276,0.816,4,1
log_3403,2024-01-10 16:00:00,prod_035,seg_08,ctx_191,0.775,4,1
log_3404,2024-01-15 00:00:00,prod_045,seg_00,ctx_602,0.669,4,1
log_3405,2024-01-21 04:00:00,prod_067,seg_04,ctx_173,0.37,2,0
log_3406,2024-01-08 17:00:00,prod_094,seg_00,ctx_843,0.952,5,1
log_3407,2024-01-25 18:00:00,prod_082,seg_02,ctx_861,0.381,3,0
log_3408,2024-01-19 10:00:00,prod_097,seg_09,ctx_076,0.624,3,1
log_3409,2024-01-22 15:00:00,prod_043,seg_03,ctx_425,0.326,2,0
log_3410,2024-01-21 17:00:00,prod_019,seg_08,ctx_208,0.635,4,1
log_3411,2024-01-21 06:00:00,prod_087,seg_00,ctx_936,0.405,3,0
log_3412,2024-01-12 21:00:00,prod_079,seg_03,ctx_031,0.806,4,1
log_3413,2024-01-09 08:00:00,prod_022,seg_09,ctx_151,0.708,4,1
log_3414,2024-01-06 15:00:00,prod_013,seg_01,ctx_674,0.46,3,0
log_3415,2024-01-19 21:00:00,prod_018,seg_06,ctx_297,0.429,3,0
log_3416,2024-01-17 21:00:00,prod_035,seg_08,ctx_687,0.388,3,0
log_3417,2024-01-28 21:00:00,prod_016,seg_08,ctx_889,0.973,5,1
log_3418,2024-01-05 01:00:00,prod_029,seg_00,ctx_800,0.699,4,1
log_3419,2024-01-29 14:00:00,prod_039,seg_03,ctx_592,0.673,4,1
log_3420,2024-01-10 23:00:00,prod_027,seg_09,ctx_948,0.797,4,1
log_3421,2024-01-12 13:00:00,prod_006,seg_03,ctx_827,0.373,2,0
log_3422,2024-01-28 19:00:00,prod_095,seg_09,ctx_993,0.876,5,1
log_3423,2024-01-16 05:00:00,prod_061,seg_00,ctx_944,0.762,4,1
log_3424,2024-01-19 17:00:00,prod_074,seg_03,ctx_434,0.543,3,0
log_3425,2024-01-06 23:00:00,prod_059,seg_07,ctx_516,0.667,4,1
log_3426,2024-01-27 20:00:00,prod_094,seg_08,ctx_650,0.76,4,1
log_3427,2024-01-08 05:00:00,prod_076,seg_01,ctx_167,0.404,3,0
log_3428,2024-01-21 08:00:00,prod_009,seg_01,ctx_541,0.877,5,1
log_3429,2024-01-15 05:00:00,prod_079,seg_05,ctx_859,0.525,3,0
log_3430,2024-01-28 01:00:00,prod_012,seg_04,ctx_752,0.689,4,1
log_3431,2024-01-09 05:00:00,prod_054,seg_00,ctx_360,0.342,2,0
log_3432,2024-01-03 01:00:00,prod_072,seg_00,ctx_437,0.419,3,0
log_3433,2024-01-26 20:00:00,prod_085,seg_02,ctx_243,0.761,4,1
log_3434,2024-01-21 03:00:00,prod_056,seg_07,ctx_544,0.828,4,1
log_3435,2024-01-07 10:00:00,prod_017,seg_00,ctx_200,0.637,4,1
log_3436,2024-01-22 22:00:00,prod_011,seg_04,ctx_485,0.946,5,1
log_3437,2024-01-02 14:00:00,prod_094,seg_02,ctx_020,0.711,4,1
log_3438,2024-01-17 19:00:00,prod_057,seg_06,ctx_025,0.523,3,0
log_3439,2024-01-07 20:00:00,prod_042,seg_01,ctx_651,0.704,4,1
log_3440,2024-01-23 15:00:00,prod_084,seg_03,ctx_713,0.654,4,1
log_3441,2024-01-16 11:00:00,prod_070,seg_09,ctx_201,0.793,4,1
log_3442,2024-01-30 16:00:00,prod_004,seg_03,ctx_322,0.983,5,1
log_3443,2024-01-08 13:00:00,prod_074,seg_02,ctx_789,0.867,4,1
log_3444,2024-01-22 09:00:00,prod_056,seg_02,ctx_529,0.619,3,1
log_3445,2024-01-15 04:00:00,prod_013,seg_00,ctx_374,0.552,3,0
log_3446,2024-01-06 09:00:00,prod_076,seg_00,ctx_080,0.749,4,1
log_3447,2024-01-30 14:00:00,prod_034,seg_03,ctx_401,0.546,3,0
log_3448,2024-01-26 16:00:00,prod_032,seg_07,ctx_007,0.478,3,0
log_3449,2024-01-28 11:00:00,prod_035,seg_07,ctx_202,0.441,3,0
log_3450,2024-01-30 00:00:00,prod_072,seg_09,ctx_138,0.601,3,1
log_3451,2024-01-29 16:00:00,prod_012,seg_03,ctx_964,0.57,3,0
log_3452,2024-01-04 02:00:00,prod_097,seg_01,ctx_436,0.705,4,1
log_3453,2024-01-22 04:00:00,prod_098,seg_08,ctx_131,0.713,4,1
log_3454,2024-01-24 06:00:00,prod_060,seg_00,ctx_634,0.378,3,0
log_3455,2024-01-08 16:00:00,prod_092,seg_09,ctx_802,0.729,4,1
log_3456,2024-01-09 23:00:00,prod_003,seg_02,ctx_471,0.646,4,1
log_3457,2024-01-15 09:00:00,prod_050,seg_04,ctx_078,0.669,4,1
log_3458,2024-01-28 09:00:00,prod_018,seg_08,ctx_112,0.667,4,1
log_3459,2024-01-13 19:00:00,prod_095,seg_00,ctx_409,0.831,4,1
log_3460,2024-01-26 15:00:00,prod_079,seg_09,ctx_812,0.413,3,0
log_3461,2024-01-10 06:00:00,prod_033,seg_07,ctx_771,0.426,3,0
log_3462,2024-01-10 11:00:00,prod_020,seg_00,ctx_683,0.456,3,0
log_3463,2024-01-15 08:00:00,prod_051,seg_07,ctx_078,0.502,3,0
log_3464,2024-01-20 18:00:00,prod_041,seg_00,ctx_115,0.416,3,0
log_3465,2024-01-23 14:00:00,prod_094,seg_07,ctx_100,0.496,3,0
log_3466,2024-01-30 15:00:00,prod_092,seg_08,ctx_119,0.54,3,0
log_3467,2024-01-13 06:00:00,prod_098,seg_02,ctx_685,0.575,3,0
log_3468,2024-01-04 19:00:00,prod_005,seg_06,ctx_707,0.33,2,0
log_3469,2024-01-30 10:00:00,prod_060,seg_03,ctx_516,0.514,3,0
log_3470,2024-01-01 18:00:00,prod_074,seg_08,ctx_549,0.342,2,0
log_3471,2024-01-17 01:00:00,prod_048,seg_00,ctx_471,0.74,4,1
log_3472,2024-01-24 12:00:00,prod_039,seg_09,ctx_553,0.396,3,0
log_3473,2024-01-17 05:00:00,prod_015,seg_01,ctx_815,0.305,2,0
log_3474,2024-01-28 23:00:00,prod_014,seg_08,ctx_300,0.851,4,1
log_3475,2024-01-10 13:00:00,prod_041,seg_04,ctx_102,0.49,3,0
log_3476,2024-01-26 15:00:00,prod_099,seg_08,ctx_334,0.453,3,0
log_3477,2024-01-24 10:00:00,prod_024,seg_07,ctx_412,0.375,2,0
log_3478,2024-01-01 04:00:00,prod_061,seg_05,ctx_108,0.689,4,1
log_3479,2024-01-24 09:00:00,prod_011,seg_07,ctx_159,0.779,4,1
log_3480,2024-01-17 07:00:00,prod_092,seg_09,ctx_304,0.879,5,1
log_3481,2024-01-28 07:00:00,prod_050,seg_03,ctx_817,0.474,3,0
log_3482,2024-01-13 04:00:00,prod_075,seg_01,ctx_429,0.304,2,0
log_3483,2024-01-01 08:00:00,prod_029,seg_09,ctx_725,0.382,3,0
log_3484,2024-01-27 17:00:00,prod_058,seg_00,ctx_629,0.521,3,0
log_3485,2024-01-15 00:00:00,prod_095,seg_00,ctx_613,0.493,3,0
log_3486,2024-01-06 21:00:00,prod_095,seg_00,ctx_658,0.801,4,1
log_3487,2024-01-12 20:00:00,prod_069,seg_00,ctx_022,0.814,4,1
log_3488,2024-01-18 17:00:00,prod_028,seg_09,ctx_018,0.641,4,1
log_3489,2024-01-27 08:00:00,prod_007,seg_04,ctx_284,0.618,3,1
log_3490,2024-01-07 13:00:00,prod_014,seg_01,ctx_812,0.315,2,0
log_3491,2024-01-27 06:00:00,prod_096,seg_04,ctx_792,0.752,4,1
log_3492,2024-01-06 18:00:00,prod_057,seg_07,ctx_754,0.653,4,1
log_3493,2024-01-29 14:00:00,prod_043,seg_04,ctx_516,0.782,4,1
log_3494,2024-01-26 06:00:00,prod_076,seg_05,ctx_337,0.774,4,1
log_3495,2024-01-22 06:00:00,prod_012,seg_07,ctx_592,0.721,4,1
log_3496,2024-01-14 07:00:00,prod_003,seg_00,ctx_804,0.795,4,1
log_3497,2024-01-14 19:00:00,prod_071,seg_05,ctx_251,0.621,3,1
log_3498,2024-01-14 22:00:00,prod_054,seg_01,ctx_106,0.879,5,1
log_3499,2024-01-20 07:00:00,prod_016,seg_00,ctx_695,0.861,4,1
log_3500,2024-01-06 09:00:00,prod_086,seg_04,ctx_971,0.971,5,1
log_3501,2024-01-04 22:00:00,prod_046,seg_06,ctx_505,0.551,3,0
log_3502,2024-01-12 04:00:00,prod_073,seg_05,ctx_063,0.541,3,0
log_3503,2024-01-15 02:00:00,prod_019,seg_00,ctx_697,0.782,4,1
log_3504,2024-01-18 19:00:00,prod_070,seg_01,ctx_427,0.465,3,0
log_3505,2024-01-22 07:00:00,prod_038,seg_07,ctx_681,0.776,4,1
log_3506,2024-01-17 09:00:00,prod_047,seg_08,ctx_321,0.725,4,1
log_3507,2024-01-01 22:00:00,prod_093,seg_01,ctx_559,0.623,3,1
log_3508,2024-01-13 14:00:00,prod_081,seg_03,ctx_418,0.581,3,0
log_3509,2024-01-13 20:00:00,prod_081,seg_01,ctx_353,0.84,4,1
log_3510,2024-01-25 03:00:00,prod_045,seg_04,ctx_437,0.43,3,0
log_3511,2024-01-19 16:00:00,prod_089,seg_01,ctx_929,0.733,4,1
log_3512,2024-01-16 23:00:00,prod_091,seg_01,ctx_212,0.763,4,1
log_3513,2024-01-06 08:00:00,prod_034,seg_09,ctx_111,0.865,4,1
log_3514,2024-01-17 14:00:00,prod_007,seg_09,ctx_725,0.835,4,1
log_3515,2024-01-12 08:00:00,prod_092,seg_09,ctx_830,0.31,2,0
log_3516,2024-01-09 07:00:00,prod_097,seg_01,ctx_500,0.813,4,1
log_3517,2024-01-18 00:00:00,prod_088,seg_01,ctx_472,0.866,4,1
log_3518,2024-01-18 00:00:00,prod_094,seg_00,ctx_100,0.458,3,0
log_3519,2024-01-06 14:00:00,prod_034,seg_00,ctx_341,0.386,3,0
log_3520,2024-01-13 14:00:00,prod_045,seg_05,ctx_057,0.634,4,1
log_3521,2024-01-22 15:00:00,prod_081,seg_03,ctx_789,0.486,3,0
log_3522,2024-01-06 02:00:00,prod_026,seg_09,ctx_406,0.477,3,0
log_3523,2024-01-15 01:00:00,prod_010,seg_08,ctx_272,0.489,3,0
log_3524,2024-01-30 07:00:00,prod_065,seg_05,ctx_577,0.546,3,0
log_3525,2024-01-26 23:00:00,prod_067,seg_05,ctx_000,0.82,4,1
log_3526,2024-01-10 20:00:00,prod_021,seg_07,ctx_470,0.869,4,1
log_3527,2024-01-01 19:00:00,prod_038,seg_01,ctx_405,0.39,3,0
log_3528,2024-01-13 01:00:00,prod_057,seg_05,ctx_134,0.82,4,1
log_3529,2024-01-20 01:00:00,prod_050,seg_07,ctx_305,0.742,4,1
log_3530,2024-01-18 15:00:00,prod_011,seg_05,ctx_141,0.372,2,0
log_3531,2024-01-25 14:00:00,prod_026,seg_06,ctx_089,0.307,2,0
log_3532,2024-01-16 11:00:00,prod_050,seg_07,ctx_609,0.658,4,1
log_3533,2024-01-29 16:00:00,prod_085,seg_06,ctx_639,0.51,3,0
log_3534,2024-01-08 09:00:00,prod_047,seg_04,ctx_220,0.493,3,0
log_3535,2024-01-07 04:00:00,prod_054,seg_09,ctx_151,0.586,3,0
log_3536,2024-01-20 12:00:00,prod_066,seg_03,ctx_766,0.477,3,0
log_3537,2024-01-30 17:00:00,prod_008,seg_03,ctx_036,0.442,3,0
log_3538,2024-01-25 22:00:00,prod_009,seg_04,ctx_027,0.45,3,0
log_3539,2024-01-21 00:00:00,prod_083,seg_01,ctx_329,0.604,3,1
log_3540,2024-01-10 22:00:00,prod_010,seg_09,ctx_424,0.334,2,0
log_3541,2024-01-12 23:00:00,prod_083,seg_06,ctx_641,0.863,4,1
log_3542,2024-01-26 22:00:00,prod_088,seg_03,ctx_759,0.504,3,0
log_3543,2024-01-27 08:00:00,prod_093,seg_05,ctx_507,0.547,3,0
log_3544,2024-01-20 01:00:00,prod_027,seg_01,ctx_139,0.323,2,0
log_3545,2024-01-28 18:00:00,prod_065,seg_02,ctx_681,0.643,4,1
log_3546,2024-01-18 06:00:00,prod_043,seg_03,ctx_300,0.691,4,1
log_3547,2024-01-09 02:00:00,prod_011,seg_02,ctx_510,0.839,4,1
log_3548,2024-01-23 22:00:00,prod_051,seg_08,ctx_688,0.831,4,1
log_3549,2024-01-12 22:00:00,prod_067,seg_04,ctx_158,0.786,4,1
log_3550,2024-01-21 17:00:00,prod_048,seg_09,ctx_650,0.351,2,0
log_3551,2024-01-26 11:00:00,prod_081,seg_06,ctx_676,0.791,4,1
log_3552,2024-01-08 10:00:00,prod_066,seg_01,ctx_361,0.432,3,0
log_3553,2024-01-23 08:00:00,prod_048,seg_02,ctx_548,0.463,3,0
log_3554,2024-01-22 12:00:00,prod_021,seg_09,ctx_600,0.325,2,0
log_3555,2024-01-06 08:00:00,prod_008,seg_03,ctx_187,0.48,3,0
log_3556,2024-01-20 10:00:00,prod_047,seg_08,ctx_713,0.827,4,1
log_3557,2024-01-23 01:00:00,prod_033,seg_01,ctx_523,0.826,4,1
log_3558,2024-01-02 08:00:00,prod_055,seg_05,ctx_490,0.474,3,0
log_3559,2024-01-10 19:00:00,prod_031,seg_00,ctx_925,0.374,2,0
log_3560,2024-01-14 22:00:00,prod_077,seg_08,ctx_279,0.432,3,0
log_3561,2024-01-04 10:00:00,prod_037,seg_07,ctx_457,0.321,2,0
log_3562,2024-01-14 14:00:00,prod_098,seg_09,ctx_415,0.406,3,0
log_3563,2024-01-23 06:00:00,prod_071,seg_09,ctx_520,0.354,2,0
log_3564,2024-01-24 23:00:00,prod_094,seg_05,ctx_149,0.564,3,0
log_3565,2024-01-06 09:00:00,prod_079,seg_04,ctx_146,0.821,4,1
log_3566,2024-01-03 21:00:00,prod_087,seg_06,ctx_485,0.569,3,0
log_3567,2024-01-27 23:00:00,prod_032,seg_09,ctx_101,0.602,3,1
log_3568,2024-01-02 11:00:00,prod_047,seg_00,ctx_475,0.644,4,1
log_3569,2024-01-03 14:00:00,prod_006,seg_04,ctx_629,0.393,3,0
log_3570,2024-01-28 14:00:00,prod_066,seg_02,ctx_237,0.884,5,1
log_3571,2024-01-25 21:00:00,prod_066,seg_03,ctx_901,0.371,2,0
log_3572,2024-01-17 00:00:00,prod_075,seg_04,ctx_975,0.699,4,1
log_3573,2024-01-24 13:00:00,prod_049,seg_03,ctx_857,0.947,5,1
log_3574,2024-01-11 23:00:00,prod_089,seg_02,ctx_590,0.943,5,1
log_3575,2024-01-02 09:00:00,prod_005,seg_01,ctx_539,0.352,2,0
log_3576,2024-01-15 21:00:00,prod_098,seg_05,ctx_312,0.535,3,0
log_3577,2024-01-25 20:00:00,prod_055,seg_02,ctx_020,0.612,3,1
log_3578,2024-01-24 15:00:00,prod_073,seg_05,ctx_935,0.658,4,1
log_3579,2024-01-16 03:00:00,prod_075,seg_03,ctx_100,0.343,2,0
log_3580,2024-01-05 19:00:00,prod_090,seg_06,ctx_131,0.421,3,0
log_3581,2024-01-27 23:00:00,prod_099,seg_04,ctx_784,0.978,5,1
log_3582,2024-01-26 11:00:00,prod_034,seg_09,ctx_398,0.443,3,0
log_3583,2024-01-01 06:00:00,prod_012,seg_02,ctx_746,0.672,4,1
log_3584,2024-01-29 18:00:00,prod_070,seg_00,ctx_943,0.397,3,0
log_3585,2024-01-01 05:00:00,prod_034,seg_09,ctx_820,0.611,3,1
log_3586,2024-01-02 03:00:00,prod_065,seg_06,ctx_111,0.552,3,0
log_3587,2024-01-04 01:00:00,prod_076,seg_02,ctx_859,0.377,3,0
log_3588,2024-01-10 05:00:00,prod_079,seg_01,ctx_653,0.595,3,0
log_3589,2024-01-07 02:00:00,prod_013,seg_02,ctx_575,0.5,3,0
log_3590,2024-01-22 17:00:00,prod_029,seg_04,ctx_517,0.687,4,1
log_3591,2024-01-20 15:00:00,prod_089,seg_01,ctx_353,0.615,3,1
log_3592,2024-01-23 17:00:00,prod_036,seg_07,ctx_670,0.626,4,1
log_3593,2024-01-05 09:00:00,prod_034,seg_02,ctx_350,0.856,4,1
log_3594,2024-01-04 22:00:00,prod_031,seg_00,ctx_585,0.777,4,1
log_3595,2024-01-03 11:00:00,prod_040,seg_05,ctx_617,0.351,2,0
log_3596,2024-01-17 13:00:00,prod_060,seg_00,ctx_176,0.645,4,1
log_3597,2024-01-14 06:00:00,prod_039,seg_07,ctx_117,0.861,4,1
log_3598,2024-01-07 18:00:00,prod_007,seg_02,ctx_004,0.561,3,0
log_3599,2024-01-08 06:00:00,prod_012,seg_09,ctx_816,0.465,3,0
log_3600,2024-01-25 19:00:00,prod_038,seg_09,ctx_974,0.605,3,1
log_3601,2024-01-16 21:00:00,prod_060,seg_09,ctx_508,0.891,5,1
log_3602,2024-01-03 10:00:00,prod_067,seg_00,ctx_633,0.725,4,1
log_3603,2024-01-20 07:00:00,prod_093,seg_02,ctx_904,0.312,2,0
log_3604,2024-01-06 07:00:00,prod_005,seg_04,ctx_366,0.542,3,0
log_3605,2024-01-05 21:00:00,prod_082,seg_01,ctx_421,0.339,2,0
log_3606,2024-01-13 02:00:00,prod_027,seg_01,ctx_486,0.657,4,1
log_3607,2024-01-15 14:00:00,prod_003,seg_02,ctx_876,0.551,3,0
log_3608,2024-01-12 21:00:00,prod_044,seg_07,ctx_239,0.319,2,0
log_3609,2024-01-16 00:00:00,prod_001,seg_07,ctx_189,0.441,3,0
log_3610,2024-01-17 08:00:00,prod_061,seg_08,ctx_246,0.692,4,1
log_3611,2024-01-06 11:00:00,prod_028,seg_09,ctx_454,0.319,2,0
log_3612,2024-01-11 16:00:00,prod_084,seg_08,ctx_376,0.77,4,1
log_3613,2024-01-29 16:00:00,prod_086,seg_05,ctx_095,0.648,4,1
log_3614,2024-01-02 21:00:00,prod_024,seg_08,ctx_391,0.828,4,1
log_3615,2024-01-14 13:00:00,prod_047,seg_09,ctx_339,0.874,4,1
log_3616,2024-01-02 06:00:00,prod_009,seg_08,ctx_544,0.679,4,1
log_3617,2024-01-28 03:00:00,prod_060,seg_05,ctx_868,0.847,4,1
log_3618,2024-01-05 21:00:00,prod_092,seg_05,ctx_460,0.542,3,0
log_3619,2024-01-10 07:00:00,prod_099,seg_03,ctx_381,0.951,5,1
log_3620,2024-01-26 15:00:00,prod_095,seg_00,ctx_812,0.536,3,0
log_3621,2024-01-30 11:00:00,prod_008,seg_05,ctx_634,0.387,3,0
log_3622,2024-01-05 09:00:00,prod_088,seg_06,ctx_210,0.475,3,0
log_3623,2024-01-06 18:00:00,prod_089,seg_09,ctx_645,0.5,3,0
log_3624,2024-01-02 16:00:00,prod_078,seg_02,ctx_054,0.766,4,1
log_3625,2024-01-14 09:00:00,prod_037,seg_07,ctx_972,0.846,4,1
log_3626,2024-01-02 00:00:00,prod_076,seg_00,ctx_206,0.431,3,0
log_3627,2024-01-16 07:00:00,prod_003,seg_06,ctx_766,0.637,4,1
log_3628,2024-01-24 11:00:00,prod_008,seg_03,ctx_218,0.438,3,0
log_3629,2024-01-13 14:00:00,prod_078,seg_00,ctx_574,0.633,4,1
log_3630,2024-01-25 13:00:00,prod_055,seg_08,ctx_288,0.608,3,1
log_3631,2024-01-03 21:00:00,prod_020,seg_01,ctx_561,0.61,3,1
log_3632,2024-01-10 17:00:00,prod_038,seg_03,ctx_574,0.723,4,1
log_3633,2024-01-13 05:00:00,prod_031,seg_07,ctx_095,0.72,4,1
log_3634,2024-01-24 21:00:00,prod_084,seg_08,ctx_376,0.618,3,1
log_3635,2024-01-14 15:00:00,prod_016,seg_05,ctx_556,0.793,4,1
log_3636,2024-01-25 09:00:00,prod_093,seg_06,ctx_288,0.892,5,1
log_3637,2024-01-01 11:00:00,prod_018,seg_06,ctx_987,0.757,4,1
log_3638,2024-01-28 00:00:00,prod_037,seg_00,ctx_061,0.648,4,1
log_3639,2024-01-06 04:00:00,prod_049,seg_05,ctx_651,0.873,4,1
log_3640,2024-01-16 00:00:00,prod_032,seg_07,ctx_551,0.52,3,0
log_3641,2024-01-08 09:00:00,prod_047,seg_09,ctx_135,0.838,4,1
log_3642,2024-01-26 07:00:00,prod_055,seg_02,ctx_496,0.482,3,0
log_3643,2024-01-26 05:00:00,prod_023,seg_00,ctx_123,0.491,3,0
log_3644,2024-01-13 07:00:00,prod_031,seg_00,ctx_581,0.311,2,0
log_3645,2024-01-27 13:00:00,prod_053,seg_01,ctx_017,0.369,2,0
log_3646,2024-01-16 00:00:00,prod_002,seg_04,ctx_196,0.496,3,0
log_3647,2024-01-16 05:00:00,prod_025,seg_06,ctx_453,0.683,4,1
log_3648,2024-01-23 15:00:00,prod_049,seg_06,ctx_198,0.758,4,1
log_3649,2024-01-06 23:00:00,prod_051,seg_04,ctx_590,0.897,5,1
log_3650,2024-01-25 21:00:00,prod_073,seg_06,ctx_945,0.594,3,0
log_3651,2024-01-28 19:00:00,prod_072,seg_01,ctx_136,0.525,3,0
log_3652,2024-01-30 05:00:00,prod_089,seg_05,ctx_292,0.894,5,1
log_3653,2024-01-14 14:00:00,prod_013,seg_02,ctx_563,0.495,3,0
log_3654,2024-01-21 19:00:00,prod_076,seg_04,ctx_100,0.378,3,0
log_3655,2024-01-29 00:00:00,prod_008,seg_01,ctx_726,0.752,4,1
log_3656,2024-01-29 23:00:00,prod_060,seg_02,ctx_718,0.466,3,0
log_3657,2024-01-17 07:00:00,prod_092,seg_07,ctx_277,0.515,3,0
log_3658,2024-01-22 07:00:00,prod_020,seg_07,ctx_273,0.427,3,0
log_3659,2024-01-07 08:00:00,prod_037,seg_07,ctx_292,0.891,5,1
log_3660,2024-01-07 06:00:00,prod_017,seg_03,ctx_905,0.592,3,0
log_3661,2024-01-26 16:00:00,prod_004,seg_05,ctx_304,0.824,4,1
log_3662,2024-01-08 15:00:00,prod_021,seg_00,ctx_205,0.415,3,0
log_3663,2024-01-18 06:00:00,prod_087,seg_01,ctx_413,0.644,4,1
log_3664,2024-01-03 17:00:00,prod_009,seg_03,ctx_351,0.765,4,1
log_3665,2024-01-16 09:00:00,prod_011,seg_06,ctx_929,0.87,4,1
log_3666,2024-01-10 11:00:00,prod_095,seg_05,ctx_122,0.678,4,1
log_3667,2024-01-27 11:00:00,prod_037,seg_04,ctx_636,0.87,4,1
log_3668,2024-01-25 15:00:00,prod_013,seg_00,ctx_086,0.422,3,0
log_3669,2024-01-23 09:00:00,prod_017,seg_00,ctx_884,0.431,3,0
log_3670,2024-01-08 07:00:00,prod_092,seg_05,ctx_900,0.717,4,1
log_3671,2024-01-27 20:00:00,prod_066,seg_03,ctx_723,0.778,4,1
log_3672,2024-01-28 14:00:00,prod_075,seg_01,ctx_457,0.379,3,0
log_3673,2024-01-07 01:00:00,prod_017,seg_02,ctx_753,0.736,4,1
log_3674,2024-01-13 06:00:00,prod_072,seg_01,ctx_083,0.511,3,0
log_3675,2024-01-07 11:00:00,prod_071,seg_09,ctx_704,0.697,4,1
log_3676,2024-01-18 15:00:00,prod_092,seg_09,ctx_847,0.361,2,0
log_3677,2024-01-14 19:00:00,prod_053,seg_09,ctx_590,0.552,3,0
log_3678,2024-01-29 05:00:00,prod_097,seg_02,ctx_998,0.706,4,1
log_3679,2024-01-23 14:00:00,prod_051,seg_07,ctx_644,0.33,2,0
log_3680,2024-01-22 19:00:00,prod_052,seg_08,ctx_748,0.405,3,0
log_3681,2024-01-10 23:00:00,prod_064,seg_07,ctx_411,0.469,3,0
log_3682,2024-01-08 22:00:00,prod_026,seg_01,ctx_777,0.462,3,0
log_3683,2024-01-02 12:00:00,prod_036,seg_05,ctx_266,0.485,3,0
log_3684,2024-01-25 15:00:00,prod_039,seg_00,ctx_410,0.601,3,1
log_3685,2024-01-23 09:00:00,prod_035,seg_07,ctx_240,0.336,2,0
log_3686,2024-01-10 10:00:00,prod_099,seg_06,ctx_280,0.448,3,0
log_3687,2024-01-25 05:00:00,prod_094,seg_08,ctx_501,0.41,3,0
log_3688,2024-01-20 22:00:00,prod_088,seg_02,ctx_333,0.363,2,0
log_3689,2024-01-19 04:00:00,prod_077,seg_08,ctx_131,0.596,3,0
log_3690,2024-01-18 23:00:00,prod_003,seg_05,ctx_320,0.625,4,1
log_3691,2024-01-06 16:00:00,prod_039,seg_07,ctx_581,0.366,2,0
log_3692,2024-01-21 19:00:00,prod_060,seg_04,ctx_086,0.641,4,1
log_3693,2024-01-07 16:00:00,prod_054,seg_06,ctx_712,0.363,2,0
log_3694,2024-01-22 23:00:00,prod_047,seg_05,ctx_298,0.709,4,1
log_3695,2024-01-18 13:00:00,prod_022,seg_07,ctx_826,0.61,3,1
log_3696,2024-01-08 05:00:00,prod_016,seg_09,ctx_270,0.311,2,0
log_3697,2024-01-28 19:00:00,prod_082,seg_00,ctx_655,0.428,3,0
log_3698,2024-01-22 16:00:00,prod_083,seg_04,ctx_494,0.325,2,0
log_3699,2024-01-16 10:00:00,prod_003,seg_06,ctx_987,0.415,3,0
log_3700,2024-01-07 08:00:00,prod_088,seg_09,ctx_159,0.446,3,0
log_3701,2024-01-01 21:00:00,prod_067,seg_00,ctx_976,0.825,4,1
log_3702,2024-01-25 19:00:00,prod_086,seg_02,ctx_736,0.773,4,1
log_3703,2024-01-16 02:00:00,prod_098,seg_07,ctx_164,0.683,4,1
log_3704,2024-01-30 10:00:00,prod_027,seg_05,ctx_095,0.545,3,0
log_3705,2024-01-01 03:00:00,prod_015,seg_03,ctx_524,0.626,4,1
log_3706,2024-01-16 10:00:00,prod_067,seg_06,ctx_507,0.401,3,0
log_3707,2024-01-01 18:00:00,prod_063,seg_06,ctx_900,0.743,4,1
log_3708,2024-01-28 03:00:00,prod_049,seg_04,ctx_176,0.698,4,1
log_3709,2024-01-16 23:00:00,prod_044,seg_06,ctx_414,0.649,4,1
log_3710,2024-01-15 15:00:00,prod_005,seg_02,ctx_405,0.534,3,0
log_3711,2024-01-06 07:00:00,prod_095,seg_07,ctx_930,0.796,4,1
log_3712,2024-01-26 06:00:00,prod_033,seg_08,ctx_891,0.493,3,0
log_3713,2024-01-01 04:00:00,prod_015,seg_03,ctx_918,0.536,3,0
log_3714,2024-01-30 19:00:00,prod_088,seg_03,ctx_001,0.742,4,1
log_3715,2024-01-05 06:00:00,prod_059,seg_04,ctx_883,0.466,3,0
log_3716,2024-01-13 17:00:00,prod_079,seg_07,ctx_832,0.847,4,1
log_3717,2024-01-18 05:00:00,prod_041,seg_03,ctx_928,0.493,3,0
log_3718,2024-01-30 12:00:00,prod_020,seg_06,ctx_582,0.368,2,0
log_3719,2024-01-26 18:00:00,prod_038,seg_06,ctx_486,0.424,3,0
log_3720,2024-01-10 15:00:00,prod_047,seg_01,ctx_119,0.568,3,0
log_3721,2024-01-05 19:00:00,prod_015,seg_09,ctx_859,0.319,2,0
log_3722,2024-01-30 05:00:00,prod_077,seg_02,ctx_004,0.853,4,1
log_3723,2024-01-27 14:00:00,prod_042,seg_07,ctx_423,0.754,4,1
log_3724,2024-01-01 00:00:00,prod_050,seg_07,ctx_883,0.784,4,1
log_3725,2024-01-29 20:00:00,prod_048,seg_02,ctx_238,0.813,4,1
log_3726,2024-01-23 19:00:00,prod_087,seg_00,ctx_711,0.479,3,0
log_3727,2024-01-04 09:00:00,prod_027,seg_08,ctx_653,0.711,4,1
log_3728,2024-01-19 07:00:00,prod_003,seg_02,ctx_090,0.761,4,1
log_3729,2024-01-12 12:00:00,prod_099,seg_03,ctx_685,0.788,4,1
log_3730,2024-01-23 18:00:00,prod_066,seg_08,ctx_927,0.443,3,0
log_3731,2024-01-11 01:00:00,prod_004,seg_09,ctx_556,0.354,2,0
log_3732,2024-01-02 09:00:00,prod_045,seg_02,ctx_761,0.483,3,0
log_3733,2024-01-05 19:00:00,prod_051,seg_02,ctx_168,0.742,4,1
log_3734,2024-01-09 14:00:00,prod_047,seg_07,ctx_180,0.56,3,0
log_3735,2024-01-01 11:00:00,prod_038,seg_00,ctx_211,0.846,4,1
log_3736,2024-01-08 21:00:00,prod_057,seg_00,ctx_657,0.773,4,1
log_3737,2024-01-03 09:00:00,prod_098,seg_00,ctx_446,0.747,4,1
log_3738,2024-01-15 05:00:00,prod_083,seg_07,ctx_739,0.684,4,1
log_3739,2024-01-06 20:00:00,prod_003,seg_07,ctx_149,0.351,2,0
log_3740,2024-01-23 09:00:00,prod_036,seg_05,ctx_706,0.481,3,0
log_3741,2024-01-04 17:00:00,prod_080,seg_04,ctx_767,0.832,4,1
log_3742,2024-01-18 16:00:00,prod_038,seg_03,ctx_873,0.975,5,1
log_3743,2024-01-04 22:00:00,prod_026,seg_02,ctx_432,0.666,4,1
log_3744,2024-01-19 18:00:00,prod_053,seg_08,ctx_888,0.984,5,1
log_3745,2024-01-27 07:00:00,prod_024,seg_00,ctx_251,0.825,4,1
log_3746,2024-01-11 22:00:00,prod_089,seg_00,ctx_258,0.873,4,1
log_3747,2024-01-12 16:00:00,prod_000,seg_04,ctx_648,0.825,4,1
log_3748,2024-01-26 13:00:00,prod_056,seg_01,ctx_246,0.533,3,0
log_3749,2024-01-25 06:00:00,prod_024,seg_03,ctx_734,0.468,3,0
log_3750,2024-01-01 23:00:00,prod_048,seg_05,ctx_466,0.484,3,0
log_3751,2024-01-12 03:00:00,prod_004,seg_06,ctx_260,0.881,5,1
log_3752,2024-01-13 21:00:00,prod_072,seg_03,ctx_952,0.716,4,1
log_3753,2024-01-01 07:00:00,prod_056,seg_03,ctx_872,0.504,3,0
log_3754,2024-01-04 17:00:00,prod_088,seg_02,ctx_760,0.451,3,0
log_3755,2024-01-29 12:00:00,prod_008,seg_09,ctx_026,0.612,3,1
log_3756,2024-01-20 09:00:00,prod_067,seg_05,ctx_481,0.354,2,0
log_3757,2024-01-25 02:00:00,prod_067,seg_02,ctx_892,0.337,2,0
log_3758,2024-01-07 07:00:00,prod_039,seg_03,ctx_655,0.484,3,0
log_3759,2024-01-18 02:00:00,prod_047,seg_08,ctx_165,0.933,5,1
log_3760,2024-01-27 11:00:00,prod_097,seg_03,ctx_226,0.453,3,0
log_3761,2024-01-24 07:00:00,prod_012,seg_00,ctx_861,0.516,3,0
log_3762,2024-01-27 17:00:00,prod_086,seg_01,ctx_176,0.408,3,0
log_3763,2024-01-15 04:00:00,prod_022,seg_00,ctx_306,0.876,5,1
log_3764,2024-01-11 20:00:00,prod_097,seg_04,ctx_498,0.423,3,0
log_3765,2024-01-09 01:00:00,prod_023,seg_07,ctx_839,0.575,3,0
log_3766,2024-01-13 15:00:00,prod_056,seg_05,ctx_593,0.329,2,0
log_3767,2024-01-05 14:00:00,prod_046,seg_02,ctx_109,0.964,5,1
log_3768,2024-01-28 10:00:00,prod_037,seg_00,ctx_148,0.51,3,0
log_3769,2024-01-26 04:00:00,prod_036,seg_04,ctx_232,0.609,3,1
log_3770,2024-01-24 03:00:00,prod_025,seg_07,ctx_343,0.506,3,0
log_3771,2024-01-23 20:00:00,prod_000,seg_09,ctx_582,0.643,4,1
log_3772,2024-01-08 17:00:00,prod_074,seg_07,ctx_167,0.497,3,0
log_3773,2024-01-13 02:00:00,prod_072,seg_08,ctx_934,0.474,3,0
log_3774,2024-01-18 08:00:00,prod_069,seg_03,ctx_618,0.672,4,1
log_3775,2024-01-24 23:00:00,prod_041,seg_03,ctx_473,0.835,4,1
log_3776,2024-01-10 06:00:00,prod_008,seg_01,ctx_217,0.552,3,0
log_3777,2024-01-16 23:00:00,prod_096,seg_04,ctx_991,0.305,2,0
log_3778,2024-01-04 21:00:00,prod_088,seg_08,ctx_830,0.891,5,1
log_3779,2024-01-06 18:00:00,prod_081,seg_04,ctx_876,0.544,3,0
log_3780,2024-01-17 14:00:00,prod_037,seg_02,ctx_515,0.885,5,1
log_3781,2024-01-13 23:00:00,prod_061,seg_00,ctx_517,0.502,3,0
log_3782,2024-01-01 14:00:00,prod_091,seg_04,ctx_842,0.9,5,1
log_3783,2024-01-01 16:00:00,prod_055,seg_01,ctx_517,0.851,4,1
log_3784,2024-01-24 17:00:00,prod_030,seg_06,ctx_412,0.346,2,0
log_3785,2024-01-02 12:00:00,prod_041,seg_05,ctx_052,0.489,3,0
log_3786,2024-01-14 16:00:00,prod_064,seg_09,ctx_706,0.762,4,1
log_3787,2024-01-07 21:00:00,prod_091,seg_08,ctx_053,0.577,3,0
log_3788,2024-01-14 07:00:00,prod_003,seg_01,ctx_496,0.487,3,0
log_3789,2024-01-20 01:00:00,prod_065,seg_06,ctx_634,0.397,3,0
log_3790,2024-01-03 18:00:00,prod_002,seg_03,ctx_624,0.414,3,0
log_3791,2024-01-04 12:00:00,prod_078,seg_01,ctx_850,0.783,4,1
log_3792,2024-01-17 04:00:00,prod_049,seg_09,ctx_847,0.496,3,0
log_3793,2024-01-01 20:00:00,prod_097,seg_02,ctx_059,0.838,4,1
log_3794,2024-01-24 13:00:00,prod_017,seg_02,ctx_876,0.436,3,0
log_3795,2024-01-21 07:00:00,prod_098,seg_02,ctx_048,0.612,3,1
log_3796,2024-01-12 15:00:00,prod_066,seg_04,ctx_495,0.872,4,1
log_3797,2024-01-09 21:00:00,prod_007,seg_08,ctx_308,0.663,4,1
log_3798,2024-01-17 14:00:00,prod_054,seg_06,ctx_525,0.74,4,1
log_3799,2024-01-03 16:00:00,prod_001,seg_04,ctx_747,0.608,3,1
log_3800,2024-01-22 14:00:00,prod_083,seg_01,ctx_062,0.793,4,1
log_3801,2024-01-02 04:00:00,prod_065,seg_04,ctx_974,0.732,4,1
log_3802,2024-01-05 12:00:00,prod_013,seg_07,ctx_000,0.454,3,0
log_3803,2024-01-23 23:00:00,prod_087,seg_00,ctx_966,0.467,3,0
log_3804,2024-01-27 05:00:00,prod_048,seg_05,ctx_916,0.7,4,1
log_3805,2024-01-03 21:00:00,prod_061,seg_02,ctx_206,0.562,3,0
log_3806,2024-01-21 03:00:00,prod_009,seg_04,ctx_657,0.9,5,1
log_3807,2024-01-29 13:00:00,prod_027,seg_04,ctx_130,0.41,3,0
log_3808,2024-01-21 10:00:00,prod_096,seg_02,ctx_988,0.514,3,0
log_3809,2024-01-20 14:00:00,prod_020,seg_00,ctx_210,0.583,3,0
log_3810,2024-01-01 11:00:00,prod_062,seg_01,ctx_218,0.571,3,0
log_3811,2024-01-25 01:00:00,prod_048,seg_08,ctx_680,0.785,4,1
log_3812,2024-01-11 04:00:00,prod_064,seg_01,ctx_765,0.438,3,0
log_3813,2024-01-22 04:00:00,prod_047,seg_04,ctx_582,0.523,3,0
log_3814,2024-01-05 20:00:00,prod_018,seg_08,ctx_236,0.804,4,1
log_3815,2024-01-04 12:00:00,prod_005,seg_09,ctx_621,0.571,3,0
log_3816,2024-01-20 20:00:00,prod_029,seg_00,ctx_393,0.647,4,1
log_3817,2024-01-24 11:00:00,prod_061,seg_04,ctx_233,0.865,4,1
log_3818,2024-01-09 12:00:00,prod_075,seg_04,ctx_251,0.748,4,1
log_3819,2024-01-22 10:00:00,prod_060,seg_02,ctx_123,0.333,2,0
log_3820,2024-01-18 15:00:00,prod_046,seg_02,ctx_481,0.835,4,1
log_3821,2024-01-17 00:00:00,prod_078,seg_05,ctx_911,0.771,4,1
log_3822,2024-01-01 01:00:00,prod_005,seg_03,ctx_379,0.791,4,1
log_3823,2024-01-03 22:00:00,prod_037,seg_08,ctx_939,0.688,4,1
log_3824,2024-01-12 19:00:00,prod_003,seg_03,ctx_923,0.957,5,1
log_3825,2024-01-09 01:00:00,prod_041,seg_02,ctx_264,0.362,2,0
log_3826,2024-01-06 14:00:00,prod_032,seg_04,ctx_642,0.34,2,0
log_3827,2024-01-01 07:00:00,prod_012,seg_06,ctx_902,0.751,4,1
log_3828,2024-01-01 02:00:00,prod_090,seg_09,ctx_711,0.866,4,1
log_3829,2024-01-04 04:00:00,prod_061,seg_04,ctx_202,0.445,3,0
log_3830,2024-01-02 23:00:00,prod_031,seg_05,ctx_385,0.609,3,1
log_3831,2024-01-02 16:00:00,prod_000,seg_06,ctx_287,0.849,4,1
log_3832,2024-01-15 17:00:00,prod_011,seg_04,ctx_936,0.507,3,0
log_3833,2024-01-30 19:00:00,prod_085,seg_08,ctx_839,0.525,3,0
log_3834,2024-01-25 23:00:00,prod_072,seg_01,ctx_187,0.71,4,1
log_3835,2024-01-14 09:00:00,prod_059,seg_09,ctx_566,0.61,3,1
log_3836,2024-01-11 06:00:00,prod_015,seg_07,ctx_370,0.537,3,0
log_3837,2024-01-14 10:00:00,prod_079,seg_08,ctx_286,0.601,3,1
log_3838,2024-01-07 13:00:00,prod_095,seg_04,ctx_953,0.713,4,1
log_3839,2024-01-02 10:00:00,prod_033,seg_06,ctx_162,0.824,4,1
log_3840,2024-01-19 20:00:00,prod_039,seg_06,ctx_533,0.801,4,1
log_3841,2024-01-30 19:00:00,prod_007,seg_04,ctx_654,0.736,4,1
log_3842,2024-01-16 20:00:00,prod_050,seg_00,ctx_108,0.505,3,0
log_3843,2024-01-27 06:00:00,prod_056,seg_01,ctx_633,0.43,3,0
log_3844,2024-01-09 02:00:00,prod_031,seg_00,ctx_240,0.523,3,0
log_3845,2024-01-19 13:00:00,prod_015,seg_07,ctx_752,0.345,2,0
log_3846,2024-01-18 03:00:00,prod_026,seg_03,ctx_231,0.336,2,0
log_3847,2024-01-29 17:00:00,prod_051,seg_09,ctx_237,0.794,4,1
log_3848,2024-01-04 13:00:00,prod_020,seg_08,ctx_988,0.411,3,0
log_3849,2024-01-12 17:00:00,prod_099,seg_07,ctx_187,0.309,2,0
log_3850,2024-01-30 14:00:00,prod_075,seg_04,ctx_727,0.806,4,1
log_3851,2024-01-12 15:00:00,prod_010,seg_08,ctx_832,0.696,4,1
log_3852,2024-01-27 00:00:00,prod_019,seg_07,ctx_911,0.792,4,1
log_3853,2024-01-04 05:00:00,prod_083,seg_02,ctx_454,0.535,3,0
log_3854,2024-01-05 14:00:00,prod_029,seg_03,ctx_367,0.505,3,0
log_3855,2024-01-29 11:00:00,prod_075,seg_05,ctx_319,0.557,3,0
log_3856,2024-01-05 21:00:00,prod_041,seg_02,ctx_459,0.475,3,0
log_3857,2024-01-20 16:00:00,prod_058,seg_06,ctx_814,0.879,5,1
log_3858,2024-01-14 08:00:00,prod_098,seg_05,ctx_212,0.462,3,0
log_3859,2024-01-22 23:00:00,prod_078,seg_08,ctx_185,0.366,2,0
log_3860,2024-01-04 08:00:00,prod_022,seg_02,ctx_034,0.346,2,0
log_3861,2024-01-27 03:00:00,prod_043,seg_05,ctx_192,0.643,4,1
log_3862,2024-01-10 08:00:00,prod_061,seg_03,ctx_914,0.561,3,0
log_3863,2024-01-29 01:00:00,prod_007,seg_02,ctx_763,0.46,3,0
log_3864,2024-01-14 15:00:00,prod_096,seg_02,ctx_791,0.892,5,1
log_3865,2024-01-18 08:00:00,prod_092,seg_01,ctx_568,0.741,4,1
log_3866,2024-01-07 01:00:00,prod_095,seg_09,ctx_342,0.599,3,0
log_3867,2024-01-05 02:00:00,prod_038,seg_02,ctx_102,0.626,4,1
log_3868,2024-01-28 03:00:00,prod_096,seg_01,ctx_503,0.725,4,1
log_3869,2024-01-07 10:00:00,prod_088,seg_01,ctx_489,0.692,4,1
log_3870,2024-01-30 17:00:00,prod_095,seg_09,ctx_416,0.669,4,1
log_3871,2024-01-26 02:00:00,prod_097,seg_08,ctx_859,0.802,4,1
log_3872,2024-01-03 21:00:00,prod_018,seg_07,ctx_262,0.363,2,0
log_3873,2024-01-11 03:00:00,prod_046,seg_03,ctx_280,0.6,3,0
log_3874,2024-01-04 06:00:00,prod_079,seg_07,ctx_166,0.375,3,0
log_3875,2024-01-30 11:00:00,prod_080,seg_01,ctx_199,0.517,3,0
log_3876,2024-01-14 04:00:00,prod_007,seg_02,ctx_582,0.366,2,0
log_3877,2024-01-19 11:00:00,prod_033,seg_02,ctx_464,0.883,5,1
log_3878,2024-01-09 09:00:00,prod_082,seg_02,ctx_997,0.783,4,1
log_3879,2024-01-27 05:00:00,prod_061,seg_00,ctx_560,0.426,3,0
log_3880,2024-01-20 04:00:00,prod_064,seg_00,ctx_452,0.88,5,1
log_3881,2024-01-10 10:00:00,prod_033,seg_08,ctx_478,0.686,4,1
log_3882,2024-01-18 21:00:00,prod_060,seg_00,ctx_984,0.415,3,0
log_3883,2024-01-06 08:00:00,prod_020,seg_09,ctx_606,0.555,3,0
log_3884,2024-01-03 00:00:00,prod_047,seg_05,ctx_920,0.363,2,0
log_3885,2024-01-09 15:00:00,prod_001,seg_07,ctx_431,0.555,3,0
log_3886,2024-01-24 21:00:00,prod_087,seg_08,ctx_324,0.409,3,0
log_3887,2024-01-25 12:00:00,prod_028,seg_07,ctx_204,0.742,4,1
log_3888,2024-01-11 00:00:00,prod_055,seg_09,ctx_117,0.407,3,0
log_3889,2024-01-03 17:00:00,prod_028,seg_06,ctx_476,0.333,2,0
log_3890,2024-01-27 16:00:00,prod_000,seg_04,ctx_405,0.402,3,0
log_3891,2024-01-16 01:00:00,prod_076,seg_09,ctx_769,0.479,3,0
log_3892,2024-01-30 05:00:00,prod_054,seg_00,ctx_638,0.508,3,0
log_3893,2024-01-01 20:00:00,prod_088,seg_01,ctx_100,0.569,3,0
log_3894,2024-01-15 18:00:00,prod_055,seg_01,ctx_619,0.821,4,1
log_3895,2024-01-08 19:00:00,prod_006,seg_09,ctx_220,0.661,4,1
log_3896,2024-01-29 20:00:00,prod_086,seg_04,ctx_904,0.582,3,0
log_3897,2024-01-29 08:00:00,prod_013,seg_06,ctx_213,0.516,3,0
log_3898,2024-01-11 14:00:00,prod_064,seg_09,ctx_973,0.771,4,1
log_3899,2024-01-01 21:00:00,prod_037,seg_04,ctx_824,0.548,3,0
log_3900,2024-01-09 17:00:00,prod_013,seg_09,ctx_962,0.456,3,0
log_3901,2024-01-25 00:00:00,prod_032,seg_01,ctx_781,0.833,4,1
log_3902,2024-01-25 12:00:00,prod_048,seg_05,ctx_993,0.591,3,0
log_3903,2024-01-29 21:00:00,prod_001,seg_04,ctx_011,0.663,4,1
log_3904,2024-01-09 07:00:00,prod_033,seg_03,ctx_980,0.336,2,0
log_3905,2024-01-08 00:00:00,prod_050,seg_07,ctx_881,0.34,2,0
log_3906,2024-01-26 21:00:00,prod_002,seg_02,ctx_350,0.59,3,0
log_3907,2024-01-14 12:00:00,prod_031,seg_00,ctx_716,0.394,3,0
log_3908,2024-01-10 09:00:00,prod_023,seg_08,ctx_551,0.528,3,0
log_3909,2024-01-29 12:00:00,prod_099,seg_02,ctx_206,0.463,3,0
log_3910,2024-01-11 00:00:00,prod_068,seg_07,ctx_312,0.633,4,1
log_3911,2024-01-07 22:00:00,prod_078,seg_09,ctx_380,0.552,3,0
log_3912,2024-01-29 13:00:00,prod_024,seg_03,ctx_928,0.682,4,1
log_3913,2024-01-02 10:00:00,prod_088,seg_08,ctx_714,0.875,4,1
log_3914,2024-01-21 05:00:00,prod_060,seg_00,ctx_496,0.334,2,0
log_3915,2024-01-09 03:00:00,prod_073,seg_06,ctx_762,0.727,4,1
log_3916,2024-01-03 18:00:00,prod_041,seg_00,ctx_918,0.436,3,0
log_3917,2024-01-12 04:00:00,prod_096,seg_05,ctx_749,0.453,3,0
log_3918,2024-01-21 18:00:00,prod_078,seg_03,ctx_213,0.51,3,0
log_3919,2024-01-11 05:00:00,prod_026,seg_06,ctx_754,0.766,4,1
log_3920,2024-01-11 08:00:00,prod_021,seg_02,ctx_455,0.343,2,0
log_3921,2024-01-22 18:00:00,prod_020,seg_03,ctx_830,0.755,4,1
log_3922,2024-01-17 03:00:00,prod_037,seg_03,ctx_294,0.598,3,0
log_3923,2024-01-06 14:00:00,prod_053,seg_03,ctx_187,0.683,4,1
log_3924,2024-01-18 23:00:00,prod_037,seg_08,ctx_798,0.533,3,0
log_3925,2024-01-24 17:00:00,prod_014,seg_06,ctx_921,0.303,2,0
log_3926,2024-01-06 17:00:00,prod_066,seg_08,ctx_900,0.482,3,0
log_3927,2024-01-21 10:00:00,prod_002,seg_02,ctx_246,0.688,4,1
log_3928,2024-01-29 17:00:00,prod_026,seg_09,ctx_262,0.416,3,0
log_3929,2024-01-19 02:00:00,prod_080,seg_00,ctx_796,0.711,4,1
log_3930,2024-01-14 17:00:00,prod_068,seg_00,ctx_971,0.616,3,1
log_3931,2024-01-25 10:00:00,prod_013,seg_05,ctx_168,0.8,4,1
log_3932,2024-01-29 21:00:00,prod_026,seg_02,ctx_583,0.565,3,0
log_3933,2024-01-11 14:00:00,prod_027,seg_02,ctx_050,0.706,4,1
log_3934,2024-01-22 01:00:00,prod_031,seg_03,ctx_145,0.864,4,1
log_3935,2024-01-26 07:00:00,prod_045,seg_03,ctx_951,0.308,2,0
log_3936,2024-01-16 23:00:00,prod_010,seg_02,ctx_256,0.9,5,1
log_3937,2024-01-26 22:00:00,prod_030,seg_08,ctx_845,0.477,3,0
log_3938,2024-01-06 12:00:00,prod_085,seg_08,ctx_944,0.667,4,1
log_3939,2024-01-29 10:00:00,prod_046,seg_09,ctx_926,0.62,3,1
log_3940,2024-01-03 05:00:00,prod_058,seg_05,ctx_160,0.686,4,1
log_3941,2024-01-17 05:00:00,prod_086,seg_00,ctx_766,0.785,4,1
log_3942,2024-01-04 19:00:00,prod_000,seg_05,ctx_688,0.404,3,0
log_3943,2024-01-21 17:00:00,prod_045,seg_08,ctx_618,0.744,4,1
log_3944,2024-01-14 11:00:00,prod_036,seg_07,ctx_408,0.512,3,0
log_3945,2024-01-15 21:00:00,prod_035,seg_09,ctx_031,0.532,3,0
log_3946,2024-01-26 22:00:00,prod_090,seg_04,ctx_556,0.691,4,1
log_3947,2024-01-18 09:00:00,prod_089,seg_03,ctx_383,0.914,5,1
log_3948,2024-01-19 20:00:00,prod_039,seg_03,ctx_413,0.411,3,0
log_3949,2024-01-08 02:00:00,prod_099,seg_09,ctx_842,0.544,3,0
log_3950,2024-01-08 10:00:00,prod_022,seg_09,ctx_491,0.842,4,1
log_3951,2024-01-20 22:00:00,prod_012,seg_01,ctx_765,0.627,4,1
log_3952,2024-01-18 14:00:00,prod_063,seg_05,ctx_624,0.433,3,0
log_3953,2024-01-08 03:00:00,prod_060,seg_03,ctx_148,0.512,3,0
log_3954,2024-01-10 19:00:00,prod_087,seg_08,ctx_330,0.504,3,0
log_3955,2024-01-22 14:00:00,prod_096,seg_08,ctx_106,0.404,3,0
log_3956,2024-01-15 19:00:00,prod_068,seg_09,ctx_631,0.311,2,0
log_3957,2024-01-04 14:00:00,prod_021,seg_04,ctx_539,0.816,4,1
log_3958,2024-01-28 18:00:00,prod_057,seg_06,ctx_201,0.52,3,0
log_3959,2024-01-20 01:00:00,prod_067,seg_08,ctx_974,0.53,3,0
log_3960,2024-01-27 08:00:00,prod_066,seg_04,ctx_248,0.686,4,1
log_3961,2024-01-16 09:00:00,prod_092,seg_00,ctx_597,0.362,2,0
log_3962,2024-01-23 13:00:00,prod_011,seg_03,ctx_137,0.7,4,1
log_3963,2024-01-18 05:00:00,prod_056,seg_05,ctx_596,0.655,4,1
log_3964,2024-01-07 15:00:00,prod_073,seg_05,ctx_571,0.503,3,0
log_3965,2024-01-20 02:00:00,prod_094,seg_05,ctx_355,0.805,4,1
log_3966,2024-01-11 23:00:00,prod_019,seg_01,ctx_762,0.413,3,0
log_3967,2024-01-12 15:00:00,prod_051,seg_08,ctx_003,0.461,3,0
log_3968,2024-01-02 06:00:00,prod_098,seg_09,ctx_919,0.338,2,0
log_3969,2024-01-30 13:00:00,prod_098,seg_01,ctx_847,0.4,3,0
log_3970,2024-01-07 14:00:00,prod_079,seg_01,ctx_307,0.506,3,0
log_3971,2024-01-16 08:00:00,prod_060,seg_09,ctx_864,0.452,3,0
log_3972,2024-01-19 00:00:00,prod_003,seg_07,ctx_624,0.611,3,1
log_3973,2024-01-13 03:00:00,prod_034,seg_00,ctx_344,0.695,4,1
log_3974,2024-01-21 20:00:00,prod_000,seg_03,ctx_507,0.484,3,0
log_3975,2024-01-10 18:00:00,prod_091,seg_01,ctx_636,0.847,4,1
log_3976,2024-01-02 22:00:00,prod_055,seg_04,ctx_417,0.813,4,1
log_3977,2024-01-09 11:00:00,prod_031,seg_01,ctx_740,0.694,4,1
log_3978,2024-01-19 09:00:00,prod_042,seg_04,ctx_544,0.435,3,0
log_3979,2024-01-05 21:00:00,prod_053,seg_09,ctx_178,0.4,3,0
log_3980,2024-01-20 17:00:00,prod_070,seg_07,ctx_052,0.858,4,1
log_3981,2024-01-07 03:00:00,prod_028,seg_04,ctx_713,0.811,4,1
log_3982,2024-01-13 14:00:00,prod_026,seg_03,ctx_379,0.505,3,0
log_3983,2024-01-18 18:00:00,prod_095,seg_04,ctx_601,0.45,3,0
log_3984,2024-01-24 08:00:00,prod_080,seg_06,ctx_709,0.441,3,0
log_3985,2024-01-06 11:00:00,prod_071,seg_07,ctx_795,0.846,4,1
log_3986,2024-01-05 19:00:00,prod_075,seg_08,ctx_687,0.409,3,0
log_3987,2024-01-30 14:00:00,prod_025,seg_05,ctx_673,0.741,4,1
log_3988,2024-01-03 08:00:00,prod_003,seg_03,ctx_583,0.823,4,1
log_3989,2024-01-24 07:00:00,prod_035,seg_05,ctx_841,0.358,2,0
log_3990,2024-01-23 16:00:00,prod_008,seg_08,ctx_639,0.883,5,1
log_3991,2024-01-25 00:00:00,prod_085,seg_03,ctx_228,0.495,3,0
log_3992,2024-01-09 15:00:00,prod_079,seg_02,ctx_765,0.616,3,1
log_3993,2024-01-06 16:00:00,prod_044,seg_06,ctx_905,0.794,4,1
log_3994,2024-01-22 03:00:00,prod_050,seg_00,ctx_388,0.373,2,0
log_3995,2024-01-11 02:00:00,prod_051,seg_06,ctx_263,0.401,3,0
log_3996,2024-01-28 13:00:00,prod_072,seg_02,ctx_352,0.719,4,1
log_3997,2024-01-05 17:00:00,prod_017,seg_08,ctx_488,0.349,2,0
log_3998,2024-01-29 00:00:00,prod_073,seg_08,ctx_115,0.714,4,1
log_3999,2024-01-27 10:00:00,prod_059,seg_00,ctx_148,0.85,4,1
log_4000,2024-01-19 23:00:00,prod_014,seg_07,ctx_214,0.659,4,1
log_4001,2024-01-05 21:00:00,prod_018,seg_06,ctx_982,0.44,3,0
log_4002,2024-01-15 10:00:00,prod_076,seg_05,ctx_344,0.376,3,0
log_4003,2024-01-15 03:00:00,prod_029,seg_09,ctx_900,0.399,3,0
log_4004,2024-01-18 02:00:00,prod_059,seg_05,ctx_117,0.399,3,0
log_4005,2024-01-21 04:00:00,prod_043,seg_01,ctx_676,0.633,4,1
log_4006,2024-01-12 08:00:00,prod_090,seg_04,ctx_108,0.966,5,1
log_4007,2024-01-04 15:00:00,prod_035,seg_08,ctx_613,0.673,4,1
log_4008,2024-01-28 00:00:00,prod_065,seg_03,ctx_390,0.53,3,0
log_4009,2024-01-03 11:00:00,prod_089,seg_00,ctx_083,0.643,4,1
log_4010,2024-01-05 02:00:00,prod_042,seg_05,ctx_635,0.69,4,1
log_4011,2024-01-21 06:00:00,prod_045,seg_07,ctx_884,0.741,4,1
log_4012,2024-01-14 23:00:00,prod_094,seg_08,ctx_416,0.587,3,0
log_4013,2024-01-24 03:00:00,prod_061,seg_07,ctx_126,0.312,2,0
log_4014,2024-01-30 01:00:00,prod_051,seg_02,ctx_611,0.451,3,0
log_4015,2024-01-04 04:00:00,prod_044,seg_07,ctx_125,0.542,3,0
log_4016,2024-01-20 11:00:00,prod_099,seg_05,ctx_589,0.503,3,0
log_4017,2024-01-12 02:00:00,prod_067,seg_04,ctx_133,0.313,2,0
log_4018,2024-01-01 20:00:00,prod_006,seg_00,ctx_559,0.76,4,1
log_4019,2024-01-30 00:00:00,prod_088,seg_07,ctx_566,0.803,4,1
log_4020,2024-01-21 09:00:00,prod_059,seg_07,ctx_756,0.741,4,1
log_4021,2024-01-25 01:00:00,prod_045,seg_00,ctx_384,0.75,4,1
log_4022,2024-01-05 04:00:00,prod_027,seg_02,ctx_101,0.378,3,0
log_4023,2024-01-07 12:00:00,prod_029,seg_04,ctx_712,0.498,3,0
log_4024,2024-01-01 14:00:00,prod_034,seg_09,ctx_948,0.748,4,1
log_4025,2024-01-05 00:00:00,prod_095,seg_03,ctx_971,0.829,4,1
log_4026,2024-01-30 23:00:00,prod_055,seg_07,ctx_418,0.68,4,1
log_4027,2024-01-07 02:00:00,prod_090,seg_08,ctx_309,0.9,5,1
log_4028,2024-01-02 14:00:00,prod_074,seg_04,ctx_986,0.567,3,0
log_4029,2024-01-07 02:00:00,prod_098,seg_02,ctx_214,0.753,4,1
log_4030,2024-01-26 03:00:00,prod_096,seg_05,ctx_814,0.709,4,1
log_4031,2024-01-14 09:00:00,prod_029,seg_03,ctx_538,0.711,4,1
log_4032,2024-01-04 07:00:00,prod_012,seg_01,ctx_965,0.787,4,1
log_4033,2024-01-02 16:00:00,prod_062,seg_05,ctx_000,0.551,3,0
log_4034,2024-01-03 13:00:00,prod_069,seg_01,ctx_584,0.779,4,1
log_4035,2024-01-02 10:00:00,prod_027,seg_04,ctx_990,0.81,4,1
log_4036,2024-01-12 21:00:00,prod_082,seg_05,ctx_766,0.887,5,1
log_4037,2024-01-09 23:00:00,prod_019,seg_07,ctx_080,0.543,3,0
log_4038,2024-01-06 07:00:00,prod_054,seg_06,ctx_901,0.339,2,0
log_4039,2024-01-20 11:00:00,prod_003,seg_08,ctx_687,0.726,4,1
log_4040,2024-01-18 22:00:00,prod_058,seg_07,ctx_666,0.486,3,0
log_4041,2024-01-13 06:00:00,prod_019,seg_01,ctx_962,0.654,4,1
log_4042,2024-01-24 06:00:00,prod_072,seg_06,ctx_777,0.646,4,1
log_4043,2024-01-29 05:00:00,prod_085,seg_03,ctx_108,0.71,4,1
log_4044,2024-01-09 01:00:00,prod_063,seg_05,ctx_533,0.678,4,1
log_4045,2024-01-16 15:00:00,prod_057,seg_09,ctx_082,0.755,4,1
log_4046,2024-01-09 15:00:00,prod_067,seg_08,ctx_916,0.719,4,1
log_4047,2024-01-02 22:00:00,prod_085,seg_04,ctx_360,0.438,3,0
log_4048,2024-01-12 14:00:00,prod_047,seg_09,ctx_259,0.414,3,0
log_4049,2024-01-28 19:00:00,prod_020,seg_02,ctx_135,0.778,4,1
log_4050,2024-01-02 21:00:00,prod_024,seg_01,ctx_240,0.716,4,1
log_4051,2024-01-12 19:00:00,prod_067,seg_06,ctx_015,0.655,4,1
log_4052,2024-01-01 13:00:00,prod_047,seg_04,ctx_473,0.34,2,0
log_4053,2024-01-26 12:00:00,prod_020,seg_03,ctx_050,0.699,4,1
log_4054,2024-01-27 10:00:00,prod_044,seg_01,ctx_428,0.681,4,1
log_4055,2024-01-06 17:00:00,prod_016,seg_01,ctx_924,0.685,4,1
log_4056,2024-01-16 16:00:00,prod_081,seg_09,ctx_680,0.756,4,1
log_4057,2024-01-12 06:00:00,prod_033,seg_08,ctx_545,0.427,3,0
log_4058,2024-01-05 11:00:00,prod_005,seg_08,ctx_719,0.399,3,0
log_4059,2024-01-04 15:00:00,prod_075,seg_09,ctx_048,0.416,3,0
log_4060,2024-01-20 02:00:00,prod_063,seg_00,ctx_797,0.321,2,0
log_4061,2024-01-06 13:00:00,prod_043,seg_01,ctx_851,0.666,4,1
log_4062,2024-01-09 19:00:00,prod_057,seg_02,ctx_756,0.514,3,0
log_4063,2024-01-06 02:00:00,prod_051,seg_01,ctx_892,0.628,4,1
log_4064,2024-01-29 17:00:00,prod_028,seg_09,ctx_708,0.536,3,0
log_4065,2024-01-12 04:00:00,prod_063,seg_00,ctx_553,0.647,4,1
log_4066,2024-01-23 19:00:00,prod_039,seg_09,ctx_465,0.62,3,1
log_4067,2024-01-15 06:00:00,prod_040,seg_01,ctx_025,0.457,3,0
log_4068,2024-01-21 19:00:00,prod_051,seg_00,ctx_704,0.793,4,1
log_4069,2024-01-11 19:00:00,prod_008,seg_06,ctx_517,0.855,4,1
log_4070,2024-01-11 14:00:00,prod_016,seg_06,ctx_450,0.55,3,0
log_4071,2024-01-25 17:00:00,prod_069,seg_02,ctx_082,0.593,3,0
log_4072,2024-01-24 08:00:00,prod_079,seg_03,ctx_139,0.393,3,0
log_4073,2024-01-11 11:00:00,prod_043,seg_02,ctx_938,0.478,3,0
log_4074,2024-01-03 08:00:00,prod_049,seg_02,ctx_041,0.505,3,0
log_4075,2024-01-29 07:00:00,prod_047,seg_01,ctx_288,0.309,2,0
log_4076,2024-01-22 09:00:00,prod_057,seg_08,ctx_954,0.491,3,0
log_4077,2024-01-03 12:00:00,prod_020,seg_05,ctx_763,0.537,3,0
log_4078,2024-01-27 03:00:00,prod_063,seg_08,ctx_023,0.31,2,0
log_4079,2024-01-16 04:00:00,prod_083,seg_07,ctx_917,0.311,2,0
log_4080,2024-01-26 07:00:00,prod_077,seg_02,ctx_088,0.373,2,0
log_4081,2024-01-05 08:00:00,prod_013,seg_06,ctx_990,0.421,3,0
log_4082,2024-01-06 17:00:00,prod_034,seg_09,ctx_859,0.488,3,0
log_4083,2024-01-02 01:00:00,prod_087,seg_03,ctx_070,0.698,4,1
log_4084,2024-01-15 09:00:00,prod_014,seg_09,ctx_407,0.442,3,0
log_4085,2024-01-08 09:00:00,prod_085,seg_01,ctx_424,0.417,3,0
log_4086,2024-01-22 14:00:00,prod_026,seg_02,ctx_799,0.838,4,1
log_4087,2024-01-30 06:00:00,prod_065,seg_04,ctx_094,0.881,5,1
log_4088,2024-01-11 23:00:00,prod_070,seg_08,ctx_643,0.61,3,1
log_4089,2024-01-06 14:00:00,prod_094,seg_06,ctx_676,0.37,2,0
log_4090,2024-01-19 15:00:00,prod_031,seg_07,ctx_273,0.308,2,0
log_4091,2024-01-04 08:00:00,prod_012,seg_08,ctx_549,0.74,4,1
log_4092,2024-01-07 10:00:00,prod_093,seg_00,ctx_477,0.546,3,0
log_4093,2024-01-24 02:00:00,prod_002,seg_09,ctx_970,0.691,4,1
log_4094,2024-01-07 13:00:00,prod_064,seg_01,ctx_590,0.865,4,1
log_4095,2024-01-08 22:00:00,prod_043,seg_02,ctx_391,0.485,3,0
log_4096,2024-01-18 05:00:00,prod_057,seg_00,ctx_897,0.826,4,1
log_4097,2024-01-29 23:00:00,prod_062,seg_09,ctx_844,0.661,4,1
log_4098,2024-01-18 12:00:00,prod_019,seg_01,ctx_163,0.639,4,1
log_4099,2024-01-27 10:00:00,prod_070,seg_05,ctx_261,0.535,3,0
log_4100,2024-01-20 22:00:00,prod_016,seg_00,ctx_142,0.726,4,1
log_4101,2024-01-01 13:00:00,prod_007,seg_09,ctx_194,0.57,3,0
log_4102,2024-01-27 05:00:00,prod_057,seg_08,ctx_121,0.361,2,0
log_4103,2024-01-27 19:00:00,prod_097,seg_02,ctx_405,0.739,4,1
log_4104,2024-01-27 22:00:00,prod_004,seg_06,ctx_753,0.522,3,0
log_4105,2024-01-27 06:00:00,prod_049,seg_07,ctx_165,0.611,3,1
log_4106,2024-01-06 08:00:00,prod_094,seg_04,ctx_613,0.682,4,1
log_4107,2024-01-10 04:00:00,prod_074,seg_05,ctx_329,0.443,3,0
log_4108,2024-01-16 09:00:00,prod_020,seg_02,ctx_401,0.481,3,0
log_4109,2024-01-04 23:00:00,prod_047,seg_03,ctx_350,0.328,2,0
log_4110,2024-01-11 18:00:00,prod_015,seg_08,ctx_537,0.808,4,1
log_4111,2024-01-18 06:00:00,prod_058,seg_02,ctx_797,0.615,3,1
log_4112,2024-01-20 10:00:00,prod_018,seg_03,ctx_572,0.65,4,1
log_4113,2024-01-15 00:00:00,prod_079,seg_08,ctx_978,0.499,3,0
log_4114,2024-01-15 06:00:00,prod_033,seg_09,ctx_461,0.713,4,1
log_4115,2024-01-27 20:00:00,prod_082,seg_03,ctx_644,0.83,4,1
log_4116,2024-01-02 16:00:00,prod_050,seg_08,ctx_485,0.726,4,1
log_4117,2024-01-23 00:00:00,prod_050,seg_00,ctx_156,0.607,3,1
log_4118,2024-01-10 23:00:00,prod_011,seg_09,ctx_899,0.839,4,1
log_4119,2024-01-18 08:00:00,prod_015,seg_02,ctx_107,0.898,5,1
log_4120,2024-01-09 00:00:00,prod_056,seg_01,ctx_369,0.609,3,1
log_4121,2024-01-07 21:00:00,prod_065,seg_00,ctx_213,0.682,4,1
log_4122,2024-01-04 10:00:00,prod_021,seg_04,ctx_001,0.321,2,0
log_4123,2024-01-06 03:00:00,prod_093,seg_01,ctx_811,0.663,4,1
log_4124,2024-01-30 23:00:00,prod_000,seg_00,ctx_188,0.957,5,1
log_4125,2024-01-17 16:00:00,prod_073,seg_09,ctx_824,0.36,2,0
log_4126,2024-01-04 10:00:00,prod_010,seg_07,ctx_416,0.898,5,1
log_4127,2024-01-27 14:00:00,prod_050,seg_00,ctx_896,0.557,3,0
log_4128,2024-01-24 17:00:00,prod_056,seg_03,ctx_020,0.736,4,1
log_4129,2024-01-01 12:00:00,prod_053,seg_08,ctx_077,0.756,4,1
log_4130,2024-01-02 18:00:00,prod_017,seg_05,ctx_022,0.461,3,0
log_4131,2024-01-19 16:00:00,prod_056,seg_06,ctx_851,0.559,3,0
log_4132,2024-01-23 04:00:00,prod_099,seg_07,ctx_888,0.397,3,0
log_4133,2024-01-21 17:00:00,prod_038,seg_02,ctx_542,0.99,5,1
log_4134,2024-01-05 16:00:00,prod_071,seg_07,ctx_463,0.834,4,1
log_4135,2024-01-17 10:00:00,prod_073,seg_06,ctx_570,0.777,4,1
log_4136,2024-01-28 02:00:00,prod_098,seg_04,ctx_815,0.636,4,1
log_4137,2024-01-03 12:00:00,prod_072,seg_04,ctx_089,0.802,4,1
log_4138,2024-01-29 12:00:00,prod_010,seg_08,ctx_211,0.674,4,1
log_4139,2024-01-27 04:00:00,prod_071,seg_04,ctx_390,0.754,4,1
log_4140,2024-01-27 06:00:00,prod_045,seg_00,ctx_836,0.501,3,0
log_4141,2024-01-20 00:00:00,prod_012,seg_06,ctx_791,0.438,3,0
log_4142,2024-01-29 10:00:00,prod_048,seg_06,ctx_667,0.684,4,1
log_4143,2024-01-02 04:00:00,prod_056,seg_07,ctx_795,0.331,2,0
log_4144,2024-01-21 10:00:00,prod_016,seg_09,ctx_800,0.638,4,1
log_4145,2024-01-20 22:00:00,prod_020,seg_09,ctx_643,0.748,4,1
log_4146,2024-01-23 18:00:00,prod_015,seg_04,ctx_892,0.308,2,0
log_4147,2024-01-10 22:00:00,prod_044,seg_00,ctx_799,0.86,4,1
log_4148,2024-01-21 03:00:00,prod_023,seg_02,ctx_511,0.317,2,0
log_4149,2024-01-21 05:00:00,prod_032,seg_07,ctx_994,0.643,4,1
log_4150,2024-01-15 08:00:00,prod_026,seg_05,ctx_864,0.541,3,0
log_4151,2024-01-26 11:00:00,prod_064,seg_05,ctx_136,0.501,3,0
log_4152,2024-01-09 12:00:00,prod_028,seg_09,ctx_586,0.334,2,0
log_4153,2024-01-12 12:00:00,prod_070,seg_04,ctx_283,0.594,3,0
log_4154,2024-01-13 03:00:00,prod_054,seg_04,ctx_043,0.799,4,1
log_4155,2024-01-24 09:00:00,prod_095,seg_03,ctx_165,0.666,4,1
log_4156,2024-01-21 02:00:00,prod_050,seg_06,ctx_047,0.884,5,1
log_4157,2024-01-20 15:00:00,prod_028,seg_08,ctx_070,0.741,4,1
log_4158,2024-01-13 11:00:00,prod_043,seg_02,ctx_934,0.69,4,1
log_4159,2024-01-17 23:00:00,prod_036,seg_01,ctx_119,0.621,3,1
log_4160,2024-01-09 01:00:00,prod_065,seg_07,ctx_758,0.39,3,0
log_4161,2024-01-13 08:00:00,prod_086,seg_00,ctx_809,0.511,3,0
log_4162,2024-01-10 09:00:00,prod_095,seg_04,ctx_317,0.823,4,1
log_4163,2024-01-13 10:00:00,prod_005,seg_05,ctx_313,0.828,4,1
log_4164,2024-01-17 12:00:00,prod_004,seg_04,ctx_369,0.785,4,1
log_4165,2024-01-12 03:00:00,prod_033,seg_05,ctx_959,0.823,4,1
log_4166,2024-01-09 09:00:00,prod_051,seg_05,ctx_223,0.44,3,0
log_4167,2024-01-23 06:00:00,prod_054,seg_03,ctx_036,0.828,4,1
log_4168,2024-01-04 14:00:00,prod_025,seg_04,ctx_720,0.75,4,1
log_4169,2024-01-30 01:00:00,prod_032,seg_04,ctx_433,0.848,4,1
log_4170,2024-01-13 07:00:00,prod_044,seg_04,ctx_695,0.717,4,1
log_4171,2024-01-04 23:00:00,prod_061,seg_03,ctx_017,0.986,5,1
log_4172,2024-01-07 14:00:00,prod_044,seg_04,ctx_484,0.417,3,0
log_4173,2024-01-26 03:00:00,prod_057,seg_09,ctx_457,0.868,4,1
log_4174,2024-01-28 10:00:00,prod_076,seg_00,ctx_334,0.624,3,1
log_4175,2024-01-20 06:00:00,prod_076,seg_05,ctx_180,0.758,4,1
log_4176,2024-01-30 20:00:00,prod_085,seg_04,ctx_719,0.402,3,0
log_4177,2024-01-06 05:00:00,prod_024,seg_08,ctx_929,0.893,5,1
log_4178,2024-01-27 09:00:00,prod_072,seg_00,ctx_907,0.573,3,0
log_4179,2024-01-26 11:00:00,prod_064,seg_03,ctx_185,0.527,3,0
log_4180,2024-01-17 19:00:00,prod_010,seg_04,ctx_727,0.811,4,1
log_4181,2024-01-01 13:00:00,prod_009,seg_06,ctx_874,0.384,3,0
log_4182,2024-01-26 04:00:00,prod_036,seg_09,ctx_006,0.766,4,1
log_4183,2024-01-14 00:00:00,prod_065,seg_03,ctx_855,0.624,3,1
log_4184,2024-01-30 15:00:00,prod_014,seg_02,ctx_703,0.611,3,1
log_4185,2024-01-26 05:00:00,prod_076,seg_05,ctx_124,0.845,4,1
log_4186,2024-01-07 14:00:00,prod_013,seg_06,ctx_255,0.753,4,1
log_4187,2024-01-21 06:00:00,prod_013,seg_09,ctx_659,0.688,4,1
log_4188,2024-01-07 06:00:00,prod_088,seg_04,ctx_573,0.852,4,1
log_4189,2024-01-05 15:00:00,prod_088,seg_04,ctx_159,0.64,4,1
log_4190,2024-01-06 16:00:00,prod_015,seg_05,ctx_719,0.497,3,0
log_4191,2024-01-20 15:00:00,prod_018,seg_02,ctx_744,0.729,4,1
log_4192,2024-01-12 19:00:00,prod_017,seg_06,ctx_047,0.657,4,1
log_4193,2024-01-29 21:00:00,prod_029,seg_01,ctx_998,0.371,2,0
log_4194,2024-01-01 18:00:00,prod_061,seg_01,ctx_745,0.33,2,0
log_4195,2024-01-20 08:00:00,prod_028,seg_05,ctx_704,0.381,3,0
log_4196,2024-01-18 20:00:00,prod_015,seg_09,ctx_258,0.89,5,1
log_4197,2024-01-15 04:00:00,prod_024,seg_09,ctx_047,0.64,4,1
log_4198,2024-01-25 14:00:00,prod_050,seg_05,ctx_026,0.776,4,1
log_4199,2024-01-05 06:00:00,prod_014,seg_09,ctx_121,0.452,3,0
log_4200,2024-01-28 06:00:00,prod_078,seg_06,ctx_685,0.752,4,1
log_4201,2024-01-01 03:00:00,prod_087,seg_03,ctx_833,0.881,5,1
log_4202,2024-01-20 14:00:00,prod_070,seg_02,ctx_237,0.757,4,1
log_4203,2024-01-20 02:00:00,prod_035,seg_07,ctx_305,0.314,2,0
log_4204,2024-01-18 11:00:00,prod_031,seg_05,ctx_339,0.355,2,0
log_4205,2024-01-11 23:00:00,prod_027,seg_09,ctx_773,0.657,4,1
log_4206,2024-01-17 08:00:00,prod_043,seg_00,ctx_734,0.728,4,1
log_4207,2024-01-24 04:00:00,prod_094,seg_04,ctx_427,0.977,5,1
log_4208,2024-01-02 09:00:00,prod_035,seg_07,ctx_822,0.808,4,1
log_4209,2024-01-21 02:00:00,prod_014,seg_01,ctx_199,0.789,4,1
log_4210,2024-01-06 05:00:00,prod_081,seg_03,ctx_460,0.81,4,1
log_4211,2024-01-04 07:00:00,prod_083,seg_04,ctx_476,0.559,3,0
log_4212,2024-01-28 00:00:00,prod_069,seg_01,ctx_983,0.722,4,1
log_4213,2024-01-13 13:00:00,prod_091,seg_00,ctx_916,0.758,4,1
log_4214,2024-01-09 07:00:00,prod_004,seg_08,ctx_217,0.599,3,0
log_4215,2024-01-10 23:00:00,prod_064,seg_06,ctx_228,0.845,4,1
log_4216,2024-01-13 03:00:00,prod_015,seg_02,ctx_640,0.474,3,0
log_4217,2024-01-09 09:00:00,prod_055,seg_05,ctx_430,0.398,3,0
log_4218,2024-01-11 00:00:00,prod_082,seg_04,ctx_340,0.445,3,0
log_4219,2024-01-24 06:00:00,prod_060,seg_07,ctx_709,0.727,4,1
log_4220,2024-01-12 21:00:00,prod_015,seg_09,ctx_826,0.665,4,1
log_4221,2024-01-18 23:00:00,prod_043,seg_02,ctx_930,0.547,3,0
log_4222,2024-01-18 15:00:00,prod_073,seg_04,ctx_554,0.405,3,0
log_4223,2024-01-07 20:00:00,prod_056,seg_09,ctx_978,0.675,4,1
log_4224,2024-01-18 23:00:00,prod_015,seg_02,ctx_369,0.572,3,0
log_4225,2024-01-01 12:00:00,prod_098,seg_04,ctx_394,0.58,3,0
log_4226,2024-01-13 22:00:00,prod_087,seg_02,ctx_856,0.311,2,0
log_4227,2024-01-08 08:00:00,prod_099,seg_03,ctx_920,0.733,4,1
log_4228,2024-01-08 05:00:00,prod_055,seg_04,ctx_516,0.41,3,0
log_4229,2024-01-09 21:00:00,prod_080,seg_04,ctx_116,0.703,4,1
log_4230,2024-01-24 09:00:00,prod_007,seg_01,ctx_633,0.491,3,0
log_4231,2024-01-30 23:00:00,prod_079,seg_09,ctx_641,0.815,4,1
log_4232,2024-01-24 20:00:00,prod_060,seg_01,ctx_983,0.474,3,0
log_4233,2024-01-20 09:00:00,prod_077,seg_03,ctx_507,0.873,4,1
log_4234,2024-01-26 10:00:00,prod_061,seg_08,ctx_859,0.786,4,1
log_4235,2024-01-15 12:00:00,prod_005,seg_07,ctx_694,0.78,4,1
log_4236,2024-01-29 01:00:00,prod_020,seg_03,ctx_475,0.662,4,1
log_4237,2024-01-30 19:00:00,prod_084,seg_03,ctx_212,0.88,5,1
log_4238,2024-01-02 02:00:00,prod_048,seg_06,ctx_357,0.849,4,1
log_4239,2024-01-12 16:00:00,prod_046,seg_07,ctx_196,0.54,3,0
log_4240,2024-01-07 08:00:00,prod_077,seg_07,ctx_408,0.51,3,0
log_4241,2024-01-17 16:00:00,prod_080,seg_00,ctx_595,0.602,3,1
log_4242,2024-01-21 12:00:00,prod_015,seg_04,ctx_225,0.537,3,0
log_4243,2024-01-19 16:00:00,prod_047,seg_06,ctx_499,0.759,4,1
log_4244,2024-01-23 14:00:00,prod_056,seg_08,ctx_811,0.679,4,1
log_4245,2024-01-27 04:00:00,prod_023,seg_09,ctx_597,0.491,3,0
log_4246,2024-01-01 11:00:00,prod_033,seg_04,ctx_068,0.651,4,1
log_4247,2024-01-18 06:00:00,prod_085,seg_08,ctx_899,0.817,4,1
log_4248,2024-01-25 22:00:00,prod_042,seg_05,ctx_632,0.543,3,0
log_4249,2024-01-26 04:00:00,prod_053,seg_00,ctx_964,0.824,4,1
log_4250,2024-01-24 18:00:00,prod_076,seg_03,ctx_575,0.752,4,1
log_4251,2024-01-22 03:00:00,prod_028,seg_02,ctx_332,0.706,4,1
log_4252,2024-01-14 08:00:00,prod_040,seg_01,ctx_073,0.716,4,1
log_4253,2024-01-18 04:00:00,prod_049,seg_09,ctx_188,0.636,4,1
log_4254,2024-01-21 09:00:00,prod_074,seg_03,ctx_058,0.537,3,0
log_4255,2024-01-02 16:00:00,prod_068,seg_08,ctx_402,0.815,4,1
log_4256,2024-01-06 16:00:00,prod_081,seg_08,ctx_624,0.61,3,1
log_4257,2024-01-12 00:00:00,prod_064,seg_01,ctx_192,0.693,4,1
log_4258,2024-01-01 08:00:00,prod_091,seg_09,ctx_773,0.706,4,1
log_4259,2024-01-29 07:00:00,prod_081,seg_03,ctx_900,0.518,3,0
log_4260,2024-01-24 07:00:00,prod_052,seg_00,ctx_807,0.724,4,1
log_4261,2024-01-02 14:00:00,prod_018,seg_08,ctx_266,0.865,4,1
log_4262,2024-01-30 02:00:00,prod_026,seg_00,ctx_768,0.626,4,1
log_4263,2024-01-17 09:00:00,prod_028,seg_09,ctx_239,0.649,4,1
log_4264,2024-01-01 02:00:00,prod_094,seg_04,ctx_293,0.601,3,1
log_4265,2024-01-29 12:00:00,prod_034,seg_05,ctx_257,0.795,4,1
log_4266,2024-01-26 11:00:00,prod_022,seg_00,ctx_214,0.348,2,0
log_4267,2024-01-16 07:00:00,prod_087,seg_06,ctx_135,0.602,3,1
log_4268,2024-01-19 12:00:00,prod_018,seg_06,ctx_945,0.332,2,0
log_4269,2024-01-11 15:00:00,prod_072,seg_07,ctx_231,0.636,4,1
log_4270,2024-01-17 06:00:00,prod_031,seg_06,ctx_668,0.546,3,0
log_4271,2024-01-04 18:00:00,prod_015,seg_06,ctx_931,0.78,4,1
log_4272,2024-01-26 02:00:00,prod_093,seg_07,ctx_139,0.488,3,0
log_4273,2024-01-24 02:00:00,prod_029,seg_07,ctx_765,0.745,4,1
log_4274,2024-01-13 10:00:00,prod_095,seg_08,ctx_505,0.374,2,0
log_4275,2024-01-02 06:00:00,prod_022,seg_02,ctx_453,0.389,3,0
log_4276,2024-01-09 15:00:00,prod_053,seg_03,ctx_749,0.344,2,0
log_4277,2024-01-23 23:00:00,prod_089,seg_06,ctx_417,0.594,3,0
log_4278,2024-01-16 15:00:00,prod_046,seg_02,ctx_223,0.752,4,1
log_4279,2024-01-01 03:00:00,prod_040,seg_05,ctx_631,0.821,4,1
log_4280,2024-01-15 03:00:00,prod_067,seg_01,ctx_729,0.771,4,1
log_4281,2024-01-02 13:00:00,prod_079,seg_08,ctx_974,0.877,5,1
log_4282,2024-01-27 09:00:00,prod_046,seg_01,ctx_018,0.32,2,0
log_4283,2024-01-18 20:00:00,prod_027,seg_04,ctx_127,0.474,3,0
log_4284,2024-01-25 16:00:00,prod_059,seg_08,ctx_273,0.637,4,1
log_4285,2024-01-08 13:00:00,prod_079,seg_05,ctx_294,0.871,4,1
log_4286,2024-01-17 16:00:00,prod_064,seg_00,ctx_389,0.623,3,1
log_4287,2024-01-03 10:00:00,prod_098,seg_05,ctx_428,0.38,3,0
log_4288,2024-01-01 22:00:00,prod_068,seg_07,ctx_722,0.679,4,1
log_4289,2024-01-21 14:00:00,prod_012,seg_05,ctx_848,0.802,4,1
log_4290,2024-01-02 14:00:00,prod_023,seg_03,ctx_522,0.512,3,0
log_4291,2024-01-27 00:00:00,prod_050,seg_01,ctx_198,0.737,4,1
log_4292,2024-01-14 08:00:00,prod_012,seg_04,ctx_566,0.804,4,1
log_4293,2024-01-23 23:00:00,prod_001,seg_04,ctx_163,0.535,3,0
log_4294,2024-01-26 17:00:00,prod_000,seg_04,ctx_037,0.551,3,0
log_4295,2024-01-24 11:00:00,prod_035,seg_09,ctx_808,0.778,4,1
log_4296,2024-01-16 20:00:00,prod_046,seg_01,ctx_586,0.775,4,1
log_4297,2024-01-28 14:00:00,prod_047,seg_00,ctx_660,0.833,4,1
log_4298,2024-01-14 15:00:00,prod_099,seg_04,ctx_939,0.799,4,1
log_4299,2024-01-29 14:00:00,prod_092,seg_07,ctx_421,0.72,4,1
log_4300,2024-01-10 11:00:00,prod_004,seg_03,ctx_258,0.697,4,1
log_4301,2024-01-22 10:00:00,prod_076,seg_05,ctx_178,0.867,4,1
log_4302,2024-01-02 02:00:00,prod_038,seg_04,ctx_159,0.762,4,1
log_4303,2024-01-09 20:00:00,prod_016,seg_07,ctx_243,0.528,3,0
log_4304,2024-01-07 14:00:00,prod_060,seg_02,ctx_465,0.587,3,0
log_4305,2024-01-30 05:00:00,prod_024,seg_04,ctx_449,0.694,4,1
log_4306,2024-01-21 01:00:00,prod_012,seg_06,ctx_672,0.837,4,1
log_4307,2024-01-03 20:00:00,prod_050,seg_07,ctx_079,0.418,3,0
log_4308,2024-01-04 19:00:00,prod_089,seg_01,ctx_324,0.773,4,1
log_4309,2024-01-27 01:00:00,prod_075,seg_02,ctx_068,0.6,3,1
log_4310,2024-01-29 22:00:00,prod_047,seg_01,ctx_552,0.741,4,1
log_4311,2024-01-03 14:00:00,prod_093,seg_09,ctx_056,0.721,4,1
log_4312,2024-01-14 09:00:00,prod_074,seg_08,ctx_769,0.758,4,1
log_4313,2024-01-23 14:00:00,prod_083,seg_09,ctx_632,0.856,4,1
log_4314,2024-01-20 00:00:00,prod_039,seg_08,ctx_843,0.698,4,1
log_4315,2024-01-16 04:00:00,prod_071,seg_09,ctx_731,0.85,4,1
log_4316,2024-01-05 10:00:00,prod_045,seg_05,ctx_512,0.546,3,0
log_4317,2024-01-05 19:00:00,prod_097,seg_02,ctx_394,0.684,4,1
log_4318,2024-01-10 03:00:00,prod_078,seg_01,ctx_844,0.393,3,0
log_4319,2024-01-28 03:00:00,prod_093,seg_01,ctx_868,0.329,2,0
log_4320,2024-01-24 21:00:00,prod_099,seg_07,ctx_425,0.748,4,1
log_4321,2024-01-16 18:00:00,prod_055,seg_05,ctx_910,0.786,4,1
log_4322,2024-01-05 01:00:00,prod_076,seg_06,ctx_059,0.459,3,0
log_4323,2024-01-29 04:00:00,prod_046,seg_02,ctx_945,0.667,4,1
log_4324,2024-01-24 08:00:00,prod_054,seg_02,ctx_259,0.643,4,1
log_4325,2024-01-26 17:00:00,prod_092,seg_09,ctx_961,0.517,3,0
log_4326,2024-01-04 15:00:00,prod_091,seg_00,ctx_882,0.898,5,1
log_4327,2024-01-11 02:00:00,prod_071,seg_07,ctx_411,0.468,3,0
log_4328,2024-01-22 19:00:00,prod_040,seg_09,ctx_954,0.743,4,1
log_4329,2024-01-12 07:00:00,prod_021,seg_02,ctx_709,0.517,3,0
log_4330,2024-01-23 09:00:00,prod_096,seg_07,ctx_111,0.753,4,1
log_4331,2024-01-14 03:00:00,prod_041,seg_00,ctx_394,0.562,3,0
log_4332,2024-01-26 01:00:00,prod_029,seg_09,ctx_633,0.439,3,0
log_4333,2024-01-04 16:00:00,prod_018,seg_03,ctx_854,0.596,3,0
log_4334,2024-01-11 16:00:00,prod_013,seg_07,ctx_946,0.797,4,1
log_4335,2024-01-11 07:00:00,prod_089,seg_02,ctx_070,0.625,3,1
log_4336,2024-01-24 00:00:00,prod_030,seg_06,ctx_511,0.484,3,0
log_4337,2024-01-19 13:00:00,prod_006,seg_00,ctx_209,0.493,3,0
log_4338,2024-01-01 00:00:00,prod_092,seg_08,ctx_434,0.672,4,1
log_4339,2024-01-18 15:00:00,prod_011,seg_02,ctx_613,0.485,3,0
log_4340,2024-01-16 12:00:00,prod_003,seg_00,ctx_601,0.406,3,0
log_4341,2024-01-06 14:00:00,prod_066,seg_02,ctx_520,0.827,4,1
log_4342,2024-01-18 17:00:00,prod_001,seg_02,ctx_140,0.76,4,1
log_4343,2024-01-09 05:00:00,prod_023,seg_06,ctx_745,0.419,3,0
log_4344,2024-01-12 10:00:00,prod_009,seg_03,ctx_969,0.983,5,1
log_4345,2024-01-22 09:00:00,prod_019,seg_03,ctx_140,0.682,4,1
log_4346,2024-01-09 17:00:00,prod_046,seg_05,ctx_766,0.395,3,0
log_4347,2024-01-04 00:00:00,prod_010,seg_01,ctx_872,0.383,3,0
log_4348,2024-01-06 14:00:00,prod_085,seg_02,ctx_936,0.843,4,1
log_4349,2024-01-01 12:00:00,prod_023,seg_08,ctx_117,0.493,3,0
log_4350,2024-01-30 23:00:00,prod_053,seg_03,ctx_743,0.603,3,1
log_4351,2024-01-02 00:00:00,prod_071,seg_01,ctx_667,0.583,3,0
log_4352,2024-01-29 00:00:00,prod_013,seg_07,ctx_540,0.847,4,1
log_4353,2024-01-20 22:00:00,prod_034,seg_04,ctx_813,0.637,4,1
log_4354,2024-01-25 09:00:00,prod_023,seg_01,ctx_327,0.393,3,0
log_4355,2024-01-02 06:00:00,prod_003,seg_07,ctx_243,0.738,4,1
log_4356,2024-01-18 09:00:00,prod_015,seg_07,ctx_792,0.823,4,1
log_4357,2024-01-06 21:00:00,prod_086,seg_04,ctx_293,0.735,4,1
log_4358,2024-01-07 12:00:00,prod_033,seg_02,ctx_318,0.677,4,1
log_4359,2024-01-25 04:00:00,prod_018,seg_00,ctx_130,0.381,3,0
log_4360,2024-01-08 11:00:00,prod_097,seg_01,ctx_294,0.814,4,1
log_4361,2024-01-25 21:00:00,prod_037,seg_09,ctx_662,0.818,4,1
log_4362,2024-01-12 17:00:00,prod_006,seg_05,ctx_676,0.445,3,0
log_4363,2024-01-14 14:00:00,prod_038,seg_01,ctx_288,0.888,5,1
log_4364,2024-01-13 07:00:00,prod_053,seg_08,ctx_064,0.503,3,0
log_4365,2024-01-09 05:00:00,prod_035,seg_07,ctx_392,0.716,4,1
log_4366,2024-01-27 10:00:00,prod_064,seg_00,ctx_937,0.326,2,0
log_4367,2024-01-11 21:00:00,prod_090,seg_01,ctx_702,0.587,3,0
log_4368,2024-01-22 18:00:00,prod_010,seg_07,ctx_639,0.825,4,1
log_4369,2024-01-25 20:00:00,prod_070,seg_08,ctx_642,0.545,3,0
log_4370,2024-01-16 23:00:00,prod_031,seg_08,ctx_818,0.843,4,1
log_4371,2024-01-12 21:00:00,prod_074,seg_09,ctx_833,0.675,4,1
log_4372,2024-01-09 00:00:00,prod_031,seg_05,ctx_449,0.679,4,1
log_4373,2024-01-26 03:00:00,prod_022,seg_07,ctx_262,0.586,3,0
log_4374,2024-01-26 23:00:00,prod_011,seg_07,ctx_628,0.732,4,1
log_4375,2024-01-05 11:00:00,prod_002,seg_09,ctx_277,0.814,4,1
log_4376,2024-01-11 10:00:00,prod_072,seg_00,ctx_238,0.43,3,0
log_4377,2024-01-24 05:00:00,prod_003,seg_08,ctx_583,0.573,3,0
log_4378,2024-01-22 15:00:00,prod_014,seg_08,ctx_118,0.721,4,1
log_4379,2024-01-26 23:00:00,prod_098,seg_09,ctx_781,0.879,5,1
log_4380,2024-01-07 08:00:00,prod_061,seg_00,ctx_791,0.87,4,1
log_4381,2024-01-10 07:00:00,prod_069,seg_07,ctx_249,0.507,3,0
log_4382,2024-01-22 05:00:00,prod_049,seg_03,ctx_347,0.942,5,1
log_4383,2024-01-20 00:00:00,prod_079,seg_03,ctx_975,0.453,3,0
log_4384,2024-01-03 18:00:00,prod_029,seg_05,ctx_621,0.436,3,0
log_4385,2024-01-06 04:00:00,prod_053,seg_00,ctx_227,0.39,3,0
log_4386,2024-01-16 18:00:00,prod_003,seg_05,ctx_723,0.617,3,1
log_4387,2024-01-14 23:00:00,prod_009,seg_01,ctx_264,0.738,4,1
log_4388,2024-01-19 03:00:00,prod_026,seg_02,ctx_446,0.835,4,1
log_4389,2024-01-20 01:00:00,prod_003,seg_08,ctx_734,0.807,4,1
log_4390,2024-01-04 06:00:00,prod_006,seg_02,ctx_983,0.669,4,1
log_4391,2024-01-12 08:00:00,prod_016,seg_02,ctx_216,0.314,2,0
log_4392,2024-01-28 08:00:00,prod_036,seg_02,ctx_353,0.819,4,1
log_4393,2024-01-16 08:00:00,prod_045,seg_00,ctx_092,0.607,3,1
log_4394,2024-01-07 23:00:00,prod_066,seg_05,ctx_317,0.403,3,0
log_4395,2024-01-22 11:00:00,prod_002,seg_00,ctx_833,0.629,4,1
log_4396,2024-01-04 02:00:00,prod_017,seg_03,ctx_521,0.865,4,1
log_4397,2024-01-15 11:00:00,prod_080,seg_02,ctx_617,0.463,3,0
log_4398,2024-01-24 16:00:00,prod_047,seg_06,ctx_708,0.742,4,1
log_4399,2024-01-13 23:00:00,prod_053,seg_06,ctx_995,0.896,5,1
log_4400,2024-01-23 02:00:00,prod_070,seg_03,ctx_773,0.866,4,1
log_4401,2024-01-07 04:00:00,prod_025,seg_03,ctx_236,0.905,5,1
log_4402,2024-01-06 21:00:00,prod_006,seg_05,ctx_815,0.492,3,0
log_4403,2024-01-19 10:00:00,prod_001,seg_06,ctx_697,0.747,4,1
log_4404,2024-01-05 05:00:00,prod_087,seg_05,ctx_084,0.525,3,0
log_4405,2024-01-03 03:00:00,prod_057,seg_02,ctx_139,0.531,3,0
log_4406,2024-01-16 16:00:00,prod_013,seg_00,ctx_384,0.647,4,1
log_4407,2024-01-07 20:00:00,prod_069,seg_01,ctx_169,0.495,3,0
log_4408,2024-01-02 19:00:00,prod_053,seg_00,ctx_968,0.43,3,0
log_4409,2024-01-26 23:00:00,prod_006,seg_00,ctx_391,0.691,4,1
log_4410,2024-01-20 03:00:00,prod_035,seg_00,ctx_026,0.949,5,1
log_4411,2024-01-28 12:00:00,prod_078,seg_00,ctx_041,0.833,4,1
log_4412,2024-01-20 05:00:00,prod_036,seg_09,ctx_674,0.561,3,0
log_4413,2024-01-20 03:00:00,prod_097,seg_03,ctx_258,0.838,4,1
log_4414,2024-01-27 17:00:00,prod_095,seg_05,ctx_514,0.558,3,0
log_4415,2024-01-14 02:00:00,prod_090,seg_07,ctx_276,0.53,3,0
log_4416,2024-01-02 19:00:00,prod_075,seg_05,ctx_807,0.324,2,0
log_4417,2024-01-19 03:00:00,prod_041,seg_03,ctx_411,0.362,2,0
log_4418,2024-01-06 00:00:00,prod_029,seg_02,ctx_809,0.64,4,1
log_4419,2024-01-13 22:00:00,prod_028,seg_01,ctx_047,0.307,2,0
log_4420,2024-01-13 20:00:00,prod_028,seg_02,ctx_091,0.838,4,1
log_4421,2024-01-03 08:00:00,prod_081,seg_09,ctx_614,0.553,3,0
log_4422,2024-01-30 19:00:00,prod_058,seg_07,ctx_522,0.535,3,0
log_4423,2024-01-22 12:00:00,prod_019,seg_03,ctx_224,0.688,4,1
log_4424,2024-01-13 22:00:00,prod_089,seg_06,ctx_294,0.671,4,1
log_4425,2024-01-27 08:00:00,prod_088,seg_07,ctx_423,0.782,4,1
log_4426,2024-01-14 20:00:00,prod_033,seg_02,ctx_450,0.666,4,1
log_4427,2024-01-03 04:00:00,prod_017,seg_03,ctx_177,0.863,4,1
log_4428,2024-01-29 08:00:00,prod_084,seg_04,ctx_042,0.774,4,1
log_4429,2024-01-11 01:00:00,prod_069,seg_06,ctx_978,0.688,4,1
log_4430,2024-01-05 15:00:00,prod_013,seg_05,ctx_947,0.359,2,0
log_4431,2024-01-30 13:00:00,prod_088,seg_03,ctx_133,0.562,3,0
log_4432,2024-01-16 12:00:00,prod_096,seg_06,ctx_311,0.469,3,0
log_4433,2024-01-04 19:00:00,prod_042,seg_09,ctx_949,0.888,5,1
log_4434,2024-01-12 00:00:00,prod_094,seg_04,ctx_954,0.826,4,1
log_4435,2024-01-19 04:00:00,prod_097,seg_00,ctx_866,0.678,4,1
log_4436,2024-01-15 10:00:00,prod_024,seg_08,ctx_424,0.582,3,0
log_4437,2024-01-27 06:00:00,prod_083,seg_08,ctx_277,0.684,4,1
log_4438,2024-01-01 08:00:00,prod_099,seg_09,ctx_546,0.592,3,0
log_4439,2024-01-19 04:00:00,prod_023,seg_07,ctx_643,0.595,3,0
log_4440,2024-01-21 15:00:00,prod_015,seg_06,ctx_168,0.483,3,0
log_4441,2024-01-16 19:00:00,prod_027,seg_06,ctx_222,0.571,3,0
log_4442,2024-01-04 20:00:00,prod_011,seg_03,ctx_371,0.963,5,1
log_4443,2024-01-09 04:00:00,prod_007,seg_04,ctx_957,0.867,4,1
log_4444,2024-01-11 02:00:00,prod_066,seg_07,ctx_498,0.322,2,0
log_4445,2024-01-03 11:00:00,prod_041,seg_02,ctx_344,0.654,4,1
log_4446,2024-01-02 03:00:00,prod_078,seg_02,ctx_516,0.77,4,1
log_4447,2024-01-13 17:00:00,prod_010,seg_00,ctx_078,0.441,3,0
log_4448,2024-01-07 18:00:00,prod_061,seg_03,ctx_468,0.892,5,1
log_4449,2024-01-13 22:00:00,prod_047,seg_02,ctx_239,0.347,2,0
log_4450,2024-01-27 12:00:00,prod_068,seg_00,ctx_683,0.567,3,0
log_4451,2024-01-01 08:00:00,prod_000,seg_04,ctx_423,0.904,5,1
log_4452,2024-01-09 02:00:00,prod_096,seg_06,ctx_447,0.851,4,1
log_4453,2024-01-24 09:00:00,prod_031,seg_09,ctx_398,0.584,3,0
log_4454,2024-01-02 19:00:00,prod_001,seg_08,ctx_403,0.364,2,0
log_4455,2024-01-03 10:00:00,prod_035,seg_00,ctx_159,0.519,3,0
log_4456,2024-01-14 15:00:00,prod_056,seg_06,ctx_987,0.385,3,0
log_4457,2024-01-25 07:00:00,prod_050,seg_05,ctx_769,0.758,4,1
log_4458,2024-01-29 15:00:00,prod_035,seg_06,ctx_712,0.342,2,0
log_4459,2024-01-01 15:00:00,prod_071,seg_04,ctx_612,0.951,5,1
log_4460,2024-01-10 07:00:00,prod_074,seg_01,ctx_007,0.802,4,1
log_4461,2024-01-27 08:00:00,prod_011,seg_04,ctx_330,0.94,5,1
log_4462,2024-01-27 21:00:00,prod_013,seg_09,ctx_255,0.59,3,0
log_4463,2024-01-19 02:00:00,prod_097,seg_02,ctx_566,0.541,3,0
log_4464,2024-01-11 19:00:00,prod_079,seg_05,ctx_808,0.51,3,0
log_4465,2024-01-11 13:00:00,prod_030,seg_01,ctx_221,0.386,3,0
log_4466,2024-01-21 11:00:00,prod_010,seg_08,ctx_814,0.597,3,0
log_4467,2024-01-26 20:00:00,prod_034,seg_01,ctx_645,0.524,3,0
log_4468,2024-01-08 17:00:00,prod_093,seg_07,ctx_613,0.429,3,0
log_4469,2024-01-22 18:00:00,prod_092,seg_03,ctx_060,0.713,4,1
log_4470,2024-01-17 14:00:00,prod_007,seg_02,ctx_863,0.398,3,0
log_4471,2024-01-09 08:00:00,prod_062,seg_03,ctx_726,0.913,5,1
log_4472,2024-01-01 06:00:00,prod_012,seg_04,ctx_980,0.617,3,1
log_4473,2024-01-11 14:00:00,prod_011,seg_04,ctx_204,0.915,5,1
log_4474,2024-01-01 05:00:00,prod_059,seg_08,ctx_809,0.776,4,1
log_4475,2024-01-14 20:00:00,prod_045,seg_04,ctx_723,0.614,3,1
log_4476,2024-01-06 16:00:00,prod_098,seg_02,ctx_456,0.671,4,1
log_4477,2024-01-05 16:00:00,prod_045,seg_05,ctx_163,0.475,3,0
log_4478,2024-01-25 15:00:00,prod_037,seg_04,ctx_637,0.549,3,0
log_4479,2024-01-07 01:00:00,prod_090,seg_07,ctx_560,0.647,4,1
log_4480,2024-01-02 19:00:00,prod_020,seg_05,ctx_251,0.309,2,0
log_4481,2024-01-04 14:00:00,prod_074,seg_02,ctx_192,0.753,4,1
log_4482,2024-01-30 20:00:00,prod_028,seg_05,ctx_956,0.643,4,1
log_4483,2024-01-29 22:00:00,prod_066,seg_07,ctx_279,0.378,3,0
log_4484,2024-01-26 12:00:00,prod_076,seg_07,ctx_993,0.586,3,0
log_4485,2024-01-10 11:00:00,prod_047,seg_08,ctx_110,0.618,3,1
log_4486,2024-01-06 18:00:00,prod_039,seg_01,ctx_759,0.677,4,1
log_4487,2024-01-10 12:00:00,prod_094,seg_00,ctx_032,0.521,3,0
log_4488,2024-01-26 19:00:00,prod_094,seg_09,ctx_683,0.799,4,1
log_4489,2024-01-22 21:00:00,prod_039,seg_06,ctx_831,0.369,2,0
log_4490,2024-01-02 09:00:00,prod_092,seg_02,ctx_191,0.646,4,1
log_4491,2024-01-30 09:00:00,prod_063,seg_03,ctx_186,0.68,4,1
log_4492,2024-01-03 23:00:00,prod_089,seg_04,ctx_838,0.706,4,1
log_4493,2024-01-23 04:00:00,prod_085,seg_08,ctx_226,0.718,4,1
log_4494,2024-01-08 19:00:00,prod_014,seg_08,ctx_855,0.413,3,0
log_4495,2024-01-30 19:00:00,prod_060,seg_06,ctx_428,0.333,2,0
log_4496,2024-01-27 06:00:00,prod_028,seg_07,ctx_584,0.73,4,1
log_4497,2024-01-12 00:00:00,prod_051,seg_01,ctx_226,0.848,4,1
log_4498,2024-01-08 08:00:00,prod_083,seg_02,ctx_836,0.575,3,0
log_4499,2024-01-21 21:00:00,prod_091,seg_01,ctx_814,0.6,3,0
log_4500,2024-01-12 03:00:00,prod_023,seg_03,ctx_152,0.77,4,1
log_4501,2024-01-06 19:00:00,prod_048,seg_07,ctx_311,0.436,3,0
log_4502,2024-01-07 21:00:00,prod_062,seg_08,ctx_446,0.696,4,1
log_4503,2024-01-17 04:00:00,prod_056,seg_02,ctx_425,0.622,3,1
log_4504,2024-01-15 10:00:00,prod_044,seg_02,ctx_968,0.702,4,1
log_4505,2024-01-11 07:00:00,prod_045,seg_02,ctx_639,0.893,5,1
log_4506,2024-01-26 02:00:00,prod_063,seg_01,ctx_676,0.566,3,0
log_4507,2024-01-17 17:00:00,prod_073,seg_06,ctx_273,0.505,3,0
log_4508,2024-01-10 17:00:00,prod_046,seg_04,ctx_075,0.944,5,1
log_4509,2024-01-19 23:00:00,prod_030,seg_02,ctx_634,0.453,3,0
log_4510,2024-01-03 13:00:00,prod_094,seg_02,ctx_892,0.992,5,1
log_4511,2024-01-30 13:00:00,prod_099,seg_05,ctx_864,0.72,4,1
log_4512,2024-01-13 00:00:00,prod_078,seg_06,ctx_093,0.645,4,1
log_4513,2024-01-17 04:00:00,prod_071,seg_08,ctx_859,0.654,4,1
log_4514,2024-01-06 21:00:00,prod_013,seg_01,ctx_963,0.677,4,1
log_4515,2024-01-05 11:00:00,prod_039,seg_09,ctx_847,0.433,3,0
log_4516,2024-01-04 22:00:00,prod_024,seg_04,ctx_197,0.587,3,0
log_4517,2024-01-05 23:00:00,prod_018,seg_09,ctx_881,0.859,4,1
log_4518,2024-01-16 20:00:00,prod_061,seg_04,ctx_707,0.7,4,1
log_4519,2024-01-30 22:00:00,prod_013,seg_00,ctx_132,0.732,4,1
log_4520,2024-01-05 20:00:00,prod_011,seg_09,ctx_093,0.607,3,1
log_4521,2024-01-02 23:00:00,prod_079,seg_02,ctx_929,0.435,3,0
log_4522,2024-01-02 12:00:00,prod_002,seg_07,ctx_335,0.841,4,1
log_4523,2024-01-30 03:00:00,prod_044,seg_07,ctx_826,0.381,3,0
log_4524,2024-01-04 00:00:00,prod_057,seg_02,ctx_522,0.661,4,1
log_4525,2024-01-14 16:00:00,prod_079,seg_08,ctx_710,0.687,4,1
log_4526,2024-01-15 22:00:00,prod_073,seg_06,ctx_306,0.395,3,0
log_4527,2024-01-13 06:00:00,prod_069,seg_02,ctx_590,0.684,4,1
log_4528,2024-01-03 08:00:00,prod_048,seg_07,ctx_669,0.896,5,1
log_4529,2024-01-13 00:00:00,prod_022,seg_02,ctx_419,0.651,4,1
log_4530,2024-01-11 14:00:00,prod_071,seg_02,ctx_020,0.923,5,1
log_4531,2024-01-10 15:00:00,prod_015,seg_05,ctx_549,0.709,4,1
log_4532,2024-01-25 05:00:00,prod_086,seg_04,ctx_056,0.457,3,0
log_4533,2024-01-08 15:00:00,prod_052,seg_01,ctx_618,0.44,3,0
log_4534,2024-01-01 16:00:00,prod_045,seg_06,ctx_361,0.745,4,1
log_4535,2024-01-04 15:00:00,prod_062,seg_01,ctx_152,0.627,4,1
log_4536,2024-01-17 01:00:00,prod_096,seg_03,ctx_666,0.355,2,0
log_4537,2024-01-17 18:00:00,prod_078,seg_07,ctx_814,0.85,4,1
log_4538,2024-01-13 15:00:00,prod_058,seg_02,ctx_152,0.536,3,0
log_4539,2024-01-14 03:00:00,prod_040,seg_07,ctx_149,0.39,3,0
log_4540,2024-01-02 18:00:00,prod_072,seg_07,ctx_501,0.714,4,1
log_4541,2024-01-25 21:00:00,prod_007,seg_03,ctx_127,0.477,3,0
log_4542,2024-01-21 00:00:00,prod_046,seg_06,ctx_792,0.441,3,0
log_4543,2024-01-21 21:00:00,prod_012,seg_01,ctx_278,0.391,3,0
log_4544,2024-01-24 23:00:00,prod_043,seg_06,ctx_160,0.418,3,0
log_4545,2024-01-20 03:00:00,prod_006,seg_04,ctx_532,0.85,4,1
log_4546,2024-01-09 13:00:00,prod_042,seg_07,ctx_247,0.759,4,1
log_4547,2024-01-15 19:00:00,prod_039,seg_03,ctx_093,0.592,3,0
log_4548,2024-01-17 10:00:00,prod_046,seg_05,ctx_776,0.736,4,1
log_4549,2024-01-01 00:00:00,prod_056,seg_04,ctx_708,0.891,5,1
log_4550,2024-01-22 18:00:00,prod_065,seg_07,ctx_921,0.335,2,0
log_4551,2024-01-21 08:00:00,prod_092,seg_03,ctx_627,0.379,3,0
log_4552,2024-01-14 06:00:00,prod_085,seg_00,ctx_318,0.502,3,0
log_4553,2024-01-17 13:00:00,prod_014,seg_01,ctx_404,0.347,2,0
log_4554,2024-01-07 22:00:00,prod_026,seg_00,ctx_402,0.699,4,1
log_4555,2024-01-22 10:00:00,prod_059,seg_04,ctx_214,0.771,4,1
log_4556,2024-01-25 21:00:00,prod_032,seg_03,ctx_011,0.506,3,0
log_4557,2024-01-10 01:00:00,prod_022,seg_07,ctx_200,0.792,4,1
log_4558,2024-01-03 12:00:00,prod_038,seg_05,ctx_515,0.743,4,1
log_4559,2024-01-18 22:00:00,prod_062,seg_06,ctx_314,0.87,4,1
log_4560,2024-01-23 02:00:00,prod_024,seg_01,ctx_473,0.765,4,1
log_4561,2024-01-01 03:00:00,prod_020,seg_04,ctx_435,0.505,3,0
log_4562,2024-01-28 06:00:00,prod_027,seg_02,ctx_331,0.396,3,0
log_4563,2024-01-06 10:00:00,prod_049,seg_06,ctx_780,0.322,2,0
log_4564,2024-01-19 21:00:00,prod_047,seg_00,ctx_875,0.339,2,0
log_4565,2024-01-30 23:00:00,prod_050,seg_06,ctx_764,0.391,3,0
log_4566,2024-01-24 04:00:00,prod_012,seg_09,ctx_211,0.603,3,1
log_4567,2024-01-13 23:00:00,prod_088,seg_02,ctx_580,0.683,4,1
log_4568,2024-01-28 02:00:00,prod_079,seg_05,ctx_149,0.741,4,1
log_4569,2024-01-21 17:00:00,prod_040,seg_02,ctx_987,0.331,2,0
log_4570,2024-01-03 17:00:00,prod_055,seg_01,ctx_308,0.33,2,0
log_4571,2024-01-29 23:00:00,prod_055,seg_08,ctx_103,0.478,3,0
log_4572,2024-01-13 22:00:00,prod_004,seg_07,ctx_712,0.665,4,1
log_4573,2024-01-02 01:00:00,prod_073,seg_02,ctx_700,0.665,4,1
log_4574,2024-01-25 08:00:00,prod_077,seg_04,ctx_775,0.814,4,1
log_4575,2024-01-21 11:00:00,prod_089,seg_06,ctx_543,0.754,4,1
log_4576,2024-01-28 08:00:00,prod_003,seg_00,ctx_972,0.628,4,1
log_4577,2024-01-09 05:00:00,prod_018,seg_05,ctx_605,0.89,5,1
log_4578,2024-01-15 05:00:00,prod_035,seg_04,ctx_550,0.932,5,1
log_4579,2024-01-12 00:00:00,prod_065,seg_02,ctx_048,0.707,4,1
log_4580,2024-01-14 18:00:00,prod_046,seg_03,ctx_889,0.483,3,0
log_4581,2024-01-28 23:00:00,prod_000,seg_09,ctx_489,0.582,3,0
log_4582,2024-01-19 21:00:00,prod_095,seg_01,ctx_279,0.316,2,0
log_4583,2024-01-21 11:00:00,prod_078,seg_08,ctx_824,0.429,3,0
log_4584,2024-01-03 22:00:00,prod_055,seg_07,ctx_034,0.565,3,0
log_4585,2024-01-12 04:00:00,prod_048,seg_02,ctx_919,0.754,4,1
log_4586,2024-01-07 05:00:00,prod_076,seg_06,ctx_655,0.734,4,1
log_4587,2024-01-01 16:00:00,prod_093,seg_09,ctx_289,0.814,4,1
log_4588,2024-01-01 05:00:00,prod_083,seg_01,ctx_088,0.659,4,1
log_4589,2024-01-20 05:00:00,prod_074,seg_01,ctx_431,0.398,3,0
log_4590,2024-01-09 20:00:00,prod_066,seg_02,ctx_672,0.733,4,1
log_4591,2024-01-30 20:00:00,prod_088,seg_02,ctx_236,0.418,3,0
log_4592,2024-01-02 16:00:00,prod_064,seg_02,ctx_264,0.547,3,0
log_4593,2024-01-02 23:00:00,prod_064,seg_08,ctx_685,0.463,3,0
log_4594,2024-01-20 08:00:00,prod_004,seg_06,ctx_369,0.55,3,0
log_4595,2024-01-03 01:00:00,prod_036,seg_02,ctx_369,0.614,3,1
log_4596,2024-01-16 17:00:00,prod_038,seg_06,ctx_362,0.755,4,1
log_4597,2024-01-01 18:00:00,prod_032,seg_07,ctx_766,0.744,4,1
log_4598,2024-01-05 13:00:00,prod_084,seg_03,ctx_641,0.649,4,1
log_4599,2024-01-01 05:00:00,prod_073,seg_01,ctx_244,0.619,3,1
log_4600,2024-01-20 16:00:00,prod_084,seg_05,ctx_335,0.745,4,1
log_4601,2024-01-05 17:00:00,prod_020,seg_03,ctx_445,0.8,4,1
log_4602,2024-01-02 20:00:00,prod_039,seg_08,ctx_591,0.921,5,1
log_4603,2024-01-20 09:00:00,prod_081,seg_04,ctx_154,0.898,5,1
log_4604,2024-01-28 07:00:00,prod_025,seg_04,ctx_105,0.555,3,0
log_4605,2024-01-10 03:00:00,prod_024,seg_06,ctx_607,0.575,3,0
log_4606,2024-01-26 02:00:00,prod_083,seg_04,ctx_025,0.834,4,1
log_4607,2024-01-25 03:00:00,prod_093,seg_08,ctx_486,0.615,3,1
log_4608,2024-01-23 09:00:00,prod_000,seg_08,ctx_652,0.781,4,1
log_4609,2024-01-17 12:00:00,prod_042,seg_00,ctx_538,0.582,3,0
log_4610,2024-01-16 00:00:00,prod_059,seg_02,ctx_972,0.627,4,1
log_4611,2024-01-10 22:00:00,prod_041,seg_09,ctx_556,0.481,3,0
log_4612,2024-01-20 15:00:00,prod_096,seg_06,ctx_433,0.368,2,0
log_4613,2024-01-14 13:00:00,prod_095,seg_03,ctx_265,0.81,4,1
log_4614,2024-01-04 12:00:00,prod_066,seg_05,ctx_314,0.383,3,0
log_4615,2024-01-22 21:00:00,prod_001,seg_04,ctx_631,0.505,3,0
log_4616,2024-01-11 06:00:00,prod_016,seg_09,ctx_850,0.54,3,0
log_4617,2024-01-20 04:00:00,prod_038,seg_05,ctx_515,0.632,4,1
log_4618,2024-01-22 00:00:00,prod_047,seg_05,ctx_103,0.62,3,1
log_4619,2024-01-16 13:00:00,prod_014,seg_00,ctx_787,0.747,4,1
log_4620,2024-01-19 07:00:00,prod_011,seg_04,ctx_566,0.669,4,1
log_4621,2024-01-26 02:00:00,prod_041,seg_07,ctx_652,0.456,3,0
log_4622,2024-01-22 18:00:00,prod_016,seg_08,ctx_817,0.526,3,0
log_4623,2024-01-16 11:00:00,prod_009,seg_06,ctx_617,0.875,4,1
log_4624,2024-01-16 10:00:00,prod_023,seg_07,ctx_208,0.37,2,0
log_4625,2024-01-25 20:00:00,prod_022,seg_06,ctx_712,0.871,4,1
log_4626,2024-01-04 17:00:00,prod_030,seg_06,ctx_405,0.321,2,0
log_4627,2024-01-16 10:00:00,prod_011,seg_09,ctx_772,0.429,3,0
log_4628,2024-01-03 05:00:00,prod_005,seg_02,ctx_187,0.746,4,1
log_4629,2024-01-08 03:00:00,prod_008,seg_00,ctx_021,0.346,2,0
log_4630,2024-01-16 12:00:00,prod_030,seg_07,ctx_393,0.371,2,0
log_4631,2024-01-19 16:00:00,prod_090,seg_06,ctx_343,0.387,3,0
log_4632,2024-01-05 15:00:00,prod_076,seg_09,ctx_699,0.545,3,0
log_4633,2024-01-10 14:00:00,prod_067,seg_09,ctx_155,0.849,4,1
log_4634,2024-01-05 11:00:00,prod_085,seg_07,ctx_384,0.558,3,0
log_4635,2024-01-05 15:00:00,prod_020,seg_01,ctx_003,0.486,3,0
log_4636,2024-01-28 20:00:00,prod_018,seg_04,ctx_662,0.461,3,0
log_4637,2024-01-09 06:00:00,prod_017,seg_01,ctx_841,0.579,3,0
log_4638,2024-01-05 14:00:00,prod_000,seg_03,ctx_711,0.949,5,1
log_4639,2024-01-07 08:00:00,prod_051,seg_04,ctx_917,0.66,4,1
log_4640,2024-01-23 19:00:00,prod_074,seg_05,ctx_010,0.389,3,0
log_4641,2024-01-12 20:00:00,prod_094,seg_00,ctx_583,0.681,4,1
log_4642,2024-01-03 03:00:00,prod_084,seg_06,ctx_030,0.618,3,1
log_4643,2024-01-04 15:00:00,prod_047,seg_01,ctx_710,0.65,4,1
log_4644,2024-01-29 03:00:00,prod_051,seg_06,ctx_648,0.686,4,1
log_4645,2024-01-10 00:00:00,prod_084,seg_03,ctx_672,0.322,2,0
log_4646,2024-01-17 23:00:00,prod_012,seg_02,ctx_802,0.417,3,0
log_4647,2024-01-15 02:00:00,prod_097,seg_02,ctx_328,0.434,3,0
log_4648,2024-01-08 07:00:00,prod_054,seg_04,ctx_340,0.869,4,1
log_4649,2024-01-02 12:00:00,prod_074,seg_02,ctx_076,0.573,3,0
log_4650,2024-01-19 15:00:00,prod_033,seg_01,ctx_015,0.877,5,1
log_4651,2024-01-25 10:00:00,prod_033,seg_08,ctx_176,0.85,4,1
log_4652,2024-01-05 20:00:00,prod_017,seg_07,ctx_351,0.534,3,0
log_4653,2024-01-07 11:00:00,prod_017,seg_07,ctx_538,0.721,4,1
log_4654,2024-01-22 01:00:00,prod_075,seg_03,ctx_982,0.398,3,0
log_4655,2024-01-03 11:00:00,prod_067,seg_01,ctx_020,0.819,4,1
log_4656,2024-01-15 10:00:00,prod_094,seg_05,ctx_257,0.709,4,1
log_4657,2024-01-26 02:00:00,prod_002,seg_08,ctx_625,0.87,4,1
log_4658,2024-01-05 20:00:00,prod_046,seg_01,ctx_249,0.533,3,0
log_4659,2024-01-20 13:00:00,prod_051,seg_06,ctx_557,0.382,3,0
log_4660,2024-01-16 18:00:00,prod_088,seg_08,ctx_645,0.672,4,1
log_4661,2024-01-20 11:00:00,prod_071,seg_07,ctx_917,0.682,4,1
log_4662,2024-01-30 06:00:00,prod_025,seg_09,ctx_424,0.371,2,0
log_4663,2024-01-01 20:00:00,prod_063,seg_09,ctx_166,0.868,4,1
log_4664,2024-01-13 05:00:00,prod_035,seg_04,ctx_970,0.936,5,1
log_4665,2024-01-08 12:00:00,prod_050,seg_06,ctx_387,0.367,2,0
log_4666,2024-01-18 13:00:00,prod_047,seg_07,ctx_509,0.763,4,1
log_4667,2024-01-29 16:00:00,prod_076,seg_08,ctx_323,0.619,3,1
log_4668,2024-01-07 10:00:00,prod_027,seg_04,ctx_794,0.312,2,0
log_4669,2024-01-27 14:00:00,prod_063,seg_03,ctx_239,0.707,4,1
log_4670,2024-01-27 13:00:00,prod_047,seg_02,ctx_190,0.848,4,1
log_4671,2024-01-13 18:00:00,prod_043,seg_02,ctx_731,0.618,3,1
log_4672,2024-01-30 05:00:00,prod_047,seg_05,ctx_674,0.464,3,0
log_4673,2024-01-15 13:00:00,prod_084,seg_00,ctx_613,0.372,2,0
log_4674,2024-01-19 10:00:00,prod_078,seg_04,ctx_665,0.9,5,1
log_4675,2024-01-07 04:00:00,prod_047,seg_06,ctx_790,0.358,2,0
log_4676,2024-01-17 00:00:00,prod_032,seg_05,ctx_888,0.899,5,1
log_4677,2024-01-19 00:00:00,prod_082,seg_00,ctx_528,0.809,4,1
log_4678,2024-01-21 18:00:00,prod_041,seg_00,ctx_113,0.613,3,1
log_4679,2024-01-06 09:00:00,prod_007,seg_00,ctx_179,0.543,3,0
log_4680,2024-01-29 04:00:00,prod_010,seg_06,ctx_601,0.77,4,1
log_4681,2024-01-24 09:00:00,prod_028,seg_09,ctx_838,0.491,3,0
log_4682,2024-01-17 06:00:00,prod_067,seg_09,ctx_670,0.577,3,0
log_4683,2024-01-03 13:00:00,prod_012,seg_07,ctx_647,0.676,4,1
log_4684,2024-01-29 01:00:00,prod_088,seg_08,ctx_455,0.718,4,1
log_4685,2024-01-08 18:00:00,prod_016,seg_03,ctx_525,0.798,4,1
log_4686,2024-01-08 17:00:00,prod_065,seg_00,ctx_799,0.571,3,0
log_4687,2024-01-10 03:00:00,prod_013,seg_08,ctx_314,0.853,4,1
log_4688,2024-01-29 04:00:00,prod_053,seg_03,ctx_666,0.774,4,1
log_4689,2024-01-22 21:00:00,prod_059,seg_06,ctx_543,0.575,3,0
log_4690,2024-01-03 11:00:00,prod_050,seg_07,ctx_537,0.533,3,0
log_4691,2024-01-03 18:00:00,prod_065,seg_02,ctx_970,0.616,3,1
log_4692,2024-01-03 05:00:00,prod_033,seg_09,ctx_447,0.546,3,0
log_4693,2024-01-21 22:00:00,prod_096,seg_08,ctx_040,0.684,4,1
log_4694,2024-01-29 17:00:00,prod_041,seg_01,ctx_480,0.695,4,1
log_4695,2024-01-20 04:00:00,prod_027,seg_04,ctx_965,0.831,4,1
log_4696,2024-01-19 10:00:00,prod_084,seg_02,ctx_573,0.722,4,1
log_4697,2024-01-14 07:00:00,prod_077,seg_07,ctx_967,0.407,3,0
log_4698,2024-01-25 18:00:00,prod_071,seg_02,ctx_017,0.717,4,1
log_4699,2024-01-12 23:00:00,prod_002,seg_00,ctx_610,0.859,4,1
log_4700,2024-01-20 19:00:00,prod_073,seg_02,ctx_939,0.895,5,1
log_4701,2024-01-14 10:00:00,prod_067,seg_01,ctx_167,0.792,4,1
log_4702,2024-01-05 15:00:00,prod_074,seg_02,ctx_570,0.412,3,0
log_4703,2024-01-17 12:00:00,prod_060,seg_01,ctx_376,0.561,3,0
log_4704,2024-01-21 22:00:00,prod_052,seg_09,ctx_777,0.371,2,0
log_4705,2024-01-10 02:00:00,prod_045,seg_01,ctx_152,0.761,4,1
log_4706,2024-01-13 05:00:00,prod_094,seg_07,ctx_908,0.465,3,0
log_4707,2024-01-10 23:00:00,prod_037,seg_06,ctx_203,0.37,2,0
log_4708,2024-01-27 19:00:00,prod_089,seg_03,ctx_349,0.446,3,0
log_4709,2024-01-30 14:00:00,prod_099,seg_07,ctx_239,0.761,4,1
log_4710,2024-01-18 08:00:00,prod_093,seg_02,ctx_147,0.544,3,0
log_4711,2024-01-21 12:00:00,prod_097,seg_05,ctx_058,0.664,4,1
log_4712,2024-01-19 22:00:00,prod_096,seg_04,ctx_848,0.384,3,0
log_4713,2024-01-30 23:00:00,prod_028,seg_09,ctx_629,0.365,2,0
log_4714,2024-01-21 11:00:00,prod_023,seg_02,ctx_301,0.667,4,1
log_4715,2024-01-22 21:00:00,prod_096,seg_01,ctx_170,0.863,4,1
log_4716,2024-01-15 04:00:00,prod_076,seg_08,ctx_010,0.984,5,1
log_4717,2024-01-05 01:00:00,prod_081,seg_02,ctx_564,0.689,4,1
log_4718,2024-01-23 04:00:00,prod_017,seg_02,ctx_227,0.725,4,1
log_4719,2024-01-16 16:00:00,prod_043,seg_03,ctx_131,0.344,2,0
log_4720,2024-01-04 08:00:00,prod_061,seg_06,ctx_509,0.724,4,1
log_4721,2024-01-25 15:00:00,prod_070,seg_09,ctx_891,0.406,3,0
log_4722,2024-01-10 21:00:00,prod_000,seg_06,ctx_248,0.606,3,1
log_4723,2024-01-10 18:00:00,prod_014,seg_00,ctx_237,0.774,4,1
log_4724,2024-01-26 00:00:00,prod_019,seg_02,ctx_523,0.821,4,1
log_4725,2024-01-28 14:00:00,prod_033,seg_09,ctx_933,0.585,3,0
log_4726,2024-01-13 22:00:00,prod_060,seg_06,ctx_552,0.404,3,0
log_4727,2024-01-22 08:00:00,prod_022,seg_02,ctx_261,0.809,4,1
log_4728,2024-01-17 00:00:00,prod_076,seg_08,ctx_343,0.575,3,0
log_4729,2024-01-07 06:00:00,prod_038,seg_09,ctx_666,0.561,3,0
log_4730,2024-01-25 22:00:00,prod_048,seg_08,ctx_787,0.673,4,1
log_4731,2024-01-24 12:00:00,prod_000,seg_04,ctx_938,0.489,3,0
log_4732,2024-01-02 13:00:00,prod_075,seg_08,ctx_766,0.854,4,1
log_4733,2024-01-16 08:00:00,prod_039,seg_09,ctx_238,0.501,3,0
log_4734,2024-01-24 00:00:00,prod_021,seg_03,ctx_749,0.409,3,0
log_4735,2024-01-22 11:00:00,prod_015,seg_05,ctx_465,0.592,3,0
log_4736,2024-01-04 20:00:00,prod_052,seg_08,ctx_211,0.857,4,1
log_4737,2024-01-12 15:00:00,prod_079,seg_02,ctx_589,0.669,4,1
log_4738,2024-01-07 00:00:00,prod_045,seg_07,ctx_826,0.643,4,1
log_4739,2024-01-05 18:00:00,prod_021,seg_06,ctx_426,0.793,4,1
log_4740,2024-01-30 12:00:00,prod_015,seg_02,ctx_488,0.514,3,0
log_4741,2024-01-21 19:00:00,prod_096,seg_03,ctx_805,0.791,4,1
log_4742,2024-01-19 06:00:00,prod_041,seg_05,ctx_310,0.659,4,1
log_4743,2024-01-04 01:00:00,prod_005,seg_06,ctx_450,0.838,4,1
log_4744,2024-01-19 18:00:00,prod_064,seg_01,ctx_420,0.576,3,0
log_4745,2024-01-18 10:00:00,prod_039,seg_08,ctx_712,0.586,3,0
log_4746,2024-01-18 00:00:00,prod_000,seg_00,ctx_683,0.502,3,0
log_4747,2024-01-18 02:00:00,prod_058,seg_01,ctx_392,0.553,3,0
log_4748,2024-01-10 21:00:00,prod_092,seg_01,ctx_270,0.516,3,0
log_4749,2024-01-18 05:00:00,prod_078,seg_09,ctx_526,0.642,4,1
log_4750,2024-01-17 11:00:00,prod_014,seg_01,ctx_019,0.848,4,1
log_4751,2024-01-30 12:00:00,prod_003,seg_02,ctx_311,0.505,3,0
log_4752,2024-01-22 07:00:00,prod_059,seg_06,ctx_118,0.316,2,0
log_4753,2024-01-21 08:00:00,prod_079,seg_00,ctx_843,0.464,3,0
log_4754,2024-01-30 18:00:00,prod_082,seg_03,ctx_859,0.866,4,1
log_4755,2024-01-09 20:00:00,prod_037,seg_01,ctx_340,0.829,4,1
log_4756,2024-01-15 14:00:00,prod_005,seg_01,ctx_551,0.787,4,1
log_4757,2024-01-13 21:00:00,prod_030,seg_03,ctx_694,0.48,3,0
log_4758,2024-01-10 17:00:00,prod_098,seg_02,ctx_106,0.821,4,1
log_4759,2024-01-04 20:00:00,prod_078,seg_04,ctx_355,0.403,3,0
log_4760,2024-01-22 08:00:00,prod_033,seg_06,ctx_891,0.824,4,1
log_4761,2024-01-05 10:00:00,prod_055,seg_06,ctx_645,0.81,4,1
log_4762,2024-01-07 10:00:00,prod_038,seg_01,ctx_077,0.395,3,0
log_4763,2024-01-02 04:00:00,prod_038,seg_04,ctx_324,0.639,4,1
log_4764,2024-01-14 18:00:00,prod_038,seg_07,ctx_443,0.396,3,0
log_4765,2024-01-01 21:00:00,prod_067,seg_07,ctx_860,0.787,4,1
log_4766,2024-01-07 20:00:00,prod_083,seg_05,ctx_359,0.456,3,0
log_4767,2024-01-10 00:00:00,prod_076,seg_01,ctx_064,0.854,4,1
log_4768,2024-01-13 17:00:00,prod_059,seg_05,ctx_043,0.881,5,1
log_4769,2024-01-09 10:00:00,prod_069,seg_08,ctx_660,0.471,3,0
log_4770,2024-01-22 10:00:00,prod_026,seg_03,ctx_726,0.398,3,0
log_4771,2024-01-07 22:00:00,prod_095,seg_07,ctx_487,0.88,5,1
log_4772,2024-01-13 09:00:00,prod_099,seg_07,ctx_168,0.851,4,1
log_4773,2024-01-11 18:00:00,prod_077,seg_03,ctx_902,0.592,3,0
log_4774,2024-01-10 21:00:00,prod_077,seg_03,ctx_775,0.596,3,0
log_4775,2024-01-14 15:00:00,prod_007,seg_07,ctx_729,0.646,4,1
log_4776,2024-01-11 17:00:00,prod_082,seg_07,ctx_188,0.781,4,1
log_4777,2024-01-29 05:00:00,prod_063,seg_08,ctx_360,0.704,4,1
log_4778,2024-01-19 05:00:00,prod_050,seg_01,ctx_760,0.505,3,0
log_4779,2024-01-30 13:00:00,prod_089,seg_06,ctx_079,0.58,3,0
log_4780,2024-01-11 13:00:00,prod_095,seg_04,ctx_329,0.514,3,0
log_4781,2024-01-14 23:00:00,prod_081,seg_08,ctx_581,0.435,3,0
log_4782,2024-01-20 22:00:00,prod_028,seg_01,ctx_307,0.656,4,1
log_4783,2024-01-12 09:00:00,prod_032,seg_06,ctx_704,0.318,2,0
log_4784,2024-01-27 10:00:00,prod_077,seg_08,ctx_814,0.524,3,0
log_4785,2024-01-18 09:00:00,prod_032,seg_07,ctx_337,0.774,4,1
log_4786,2024-01-21 18:00:00,prod_088,seg_04,ctx_350,0.308,2,0
log_4787,2024-01-16 13:00:00,prod_014,seg_07,ctx_396,0.584,3,0
log_4788,2024-01-13 00:00:00,prod_000,seg_09,ctx_876,0.452,3,0
log_4789,2024-01-02 08:00:00,prod_018,seg_03,ctx_363,0.778,4,1
log_4790,2024-01-29 20:00:00,prod_065,seg_05,ctx_599,0.369,2,0
log_4791,2024-01-27 16:00:00,prod_029,seg_06,ctx_521,0.822,4,1
log_4792,2024-01-26 22:00:00,prod_087,seg_02,ctx_243,0.658,4,1
log_4793,2024-01-05 15:00:00,prod_042,seg_06,ctx_160,0.875,4,1
log_4794,2024-01-14 09:00:00,prod_031,seg_05,ctx_898,0.387,3,0
log_4795,2024-01-24 16:00:00,prod_009,seg_09,ctx_828,0.457,3,0
log_4796,2024-01-29 17:00:00,prod_002,seg_07,ctx_725,0.572,3,0
log_4797,2024-01-14 22:00:00,prod_052,seg_00,ctx_229,0.726,4,1
log_4798,2024-01-17 22:00:00,prod_024,seg_01,ctx_838,0.432,3,0
log_4799,2024-01-06 20:00:00,prod_087,seg_01,ctx_412,0.427,3,0
log_4800,2024-01-27 13:00:00,prod_062,seg_05,ctx_493,0.648,4,1
log_4801,2024-01-16 02:00:00,prod_092,seg_08,ctx_737,0.664,4,1
log_4802,2024-01-30 21:00:00,prod_002,seg_02,ctx_054,0.536,3,0
log_4803,2024-01-17 08:00:00,prod_021,seg_07,ctx_504,0.496,3,0
log_4804,2024-01-16 04:00:00,prod_011,seg_01,ctx_473,0.736,4,1
log_4805,2024-01-03 09:00:00,prod_093,seg_02,ctx_673,0.558,3,0
log_4806,2024-01-22 15:00:00,prod_039,seg_02,ctx_291,0.86,4,1
log_4807,2024-01-23 10:00:00,prod_026,seg_04,ctx_695,0.451,3,0
log_4808,2024-01-17 04:00:00,prod_033,seg_03,ctx_351,0.36,2,0
log_4809,2024-01-22 20:00:00,prod_061,seg_06,ctx_586,0.483,3,0
log_4810,2024-01-20 03:00:00,prod_082,seg_05,ctx_127,0.596,3,0
log_4811,2024-01-25 22:00:00,prod_014,seg_06,ctx_632,0.9,5,1
log_4812,2024-01-14 12:00:00,prod_005,seg_01,ctx_875,0.403,3,0
log_4813,2024-01-01 13:00:00,prod_040,seg_02,ctx_672,0.655,4,1
log_4814,2024-01-21 15:00:00,prod_073,seg_05,ctx_282,0.709,4,1
log_4815,2024-01-25 11:00:00,prod_077,seg_02,ctx_395,0.45,3,0
log_4816,2024-01-15 14:00:00,prod_036,seg_05,ctx_255,0.36,2,0
log_4817,2024-01-17 22:00:00,prod_065,seg_02,ctx_469,0.682,4,1
log_4818,2024-01-03 00:00:00,prod_089,seg_05,ctx_488,0.894,5,1
log_4819,2024-01-15 10:00:00,prod_034,seg_03,ctx_489,0.416,3,0
log_4820,2024-01-12 21:00:00,prod_077,seg_05,ctx_778,0.739,4,1
log_4821,2024-01-17 01:00:00,prod_020,seg_09,ctx_793,0.595,3,0
log_4822,2024-01-17 15:00:00,prod_017,seg_04,ctx_624,0.389,3,0
log_4823,2024-01-02 08:00:00,prod_004,seg_02,ctx_197,0.869,4,1
log_4824,2024-01-03 17:00:00,prod_007,seg_04,ctx_824,0.409,3,0
log_4825,2024-01-19 12:00:00,prod_036,seg_06,ctx_808,0.496,3,0
log_4826,2024-01-25 17:00:00,prod_034,seg_02,ctx_737,0.658,4,1
log_4827,2024-01-06 12:00:00,prod_057,seg_02,ctx_523,0.914,5,1
log_4828,2024-01-26 09:00:00,prod_026,seg_06,ctx_097,0.653,4,1
log_4829,2024-01-04 11:00:00,prod_034,seg_01,ctx_153,0.361,2,0
log_4830,2024-01-08 21:00:00,prod_032,seg_08,ctx_590,0.55,3,0
log_4831,2024-01-12 05:00:00,prod_045,seg_08,ctx_760,0.557,3,0
log_4832,2024-01-29 13:00:00,prod_065,seg_07,ctx_634,0.408,3,0
log_4833,2024-01-15 12:00:00,prod_080,seg_05,ctx_509,0.767,4,1
log_4834,2024-01-05 14:00:00,prod_007,seg_06,ctx_663,0.608,3,1
log_4835,2024-01-16 11:00:00,prod_088,seg_09,ctx_693,0.518,3,0
log_4836,2024-01-05 06:00:00,prod_069,seg_01,ctx_951,0.386,3,0
log_4837,2024-01-20 08:00:00,prod_041,seg_03,ctx_445,0.582,3,0
log_4838,2024-01-01 07:00:00,prod_095,seg_08,ctx_425,0.812,4,1
log_4839,2024-01-29 02:00:00,prod_061,seg_01,ctx_189,0.372,2,0
log_4840,2024-01-20 03:00:00,prod_019,seg_04,ctx_247,0.835,4,1
log_4841,2024-01-06 18:00:00,prod_027,seg_01,ctx_721,0.513,3,0
log_4842,2024-01-22 05:00:00,prod_079,seg_07,ctx_655,0.674,4,1
log_4843,2024-01-01 20:00:00,prod_018,seg_07,ctx_478,0.443,3,0
log_4844,2024-01-27 12:00:00,prod_052,seg_03,ctx_052,0.306,2,0
log_4845,2024-01-17 16:00:00,prod_040,seg_05,ctx_972,0.432,3,0
log_4846,2024-01-21 14:00:00,prod_044,seg_03,ctx_235,0.956,5,1
log_4847,2024-01-27 23:00:00,prod_012,seg_06,ctx_894,0.684,4,1
log_4848,2024-01-30 03:00:00,prod_092,seg_06,ctx_196,0.496,3,0
log_4849,2024-01-11 23:00:00,prod_031,seg_04,ctx_235,0.619,3,1
log_4850,2024-01-12 15:00:00,prod_035,seg_08,ctx_406,0.673,4,1
log_4851,2024-01-06 15:00:00,prod_052,seg_02,ctx_450,0.605,3,1
log_4852,2024-01-14 09:00:00,prod_028,seg_02,ctx_795,0.356,2,0
log_4853,2024-01-19 21:00:00,prod_098,seg_00,ctx_994,0.523,3,0
log_4854,2024-01-30 15:00:00,prod_072,seg_03,ctx_800,0.621,3,1
log_4855,2024-01-27 01:00:00,prod_050,seg_07,ctx_749,0.328,2,0
log_4856,2024-01-09 18:00:00,prod_067,seg_04,ctx_895,0.798,4,1
log_4857,2024-01-03 09:00:00,prod_076,seg_07,ctx_507,0.574,3,0
log_4858,2024-01-19 04:00:00,prod_010,seg_07,ctx_344,0.4,3,0
log_4859,2024-01-13 22:00:00,prod_027,seg_07,ctx_857,0.874,4,1
log_4860,2024-01-07 01:00:00,prod_036,seg_00,ctx_767,0.561,3,0
log_4861,2024-01-27 11:00:00,prod_066,seg_01,ctx_209,0.896,5,1
log_4862,2024-01-19 17:00:00,prod_091,seg_06,ctx_185,0.752,4,1
log_4863,2024-01-02 16:00:00,prod_067,seg_01,ctx_218,0.849,4,1
log_4864,2024-01-02 08:00:00,prod_099,seg_02,ctx_702,0.966,5,1
log_4865,2024-01-22 00:00:00,prod_060,seg_06,ctx_369,0.868,4,1
log_4866,2024-01-02 07:00:00,prod_014,seg_04,ctx_037,0.871,4,1
log_4867,2024-01-23 13:00:00,prod_078,seg_09,ctx_451,0.811,4,1
log_4868,2024-01-06 19:00:00,prod_024,seg_06,ctx_969,0.666,4,1
log_4869,2024-01-28 12:00:00,prod_086,seg_00,ctx_995,0.537,3,0
log_4870,2024-01-05 23:00:00,prod_008,seg_09,ctx_562,0.409,3,0
log_4871,2024-01-26 22:00:00,prod_028,seg_04,ctx_472,0.641,4,1
log_4872,2024-01-25 12:00:00,prod_096,seg_06,ctx_184,0.888,5,1
log_4873,2024-01-03 03:00:00,prod_024,seg_00,ctx_588,0.621,3,1
log_4874,2024-01-17 11:00:00,prod_034,seg_04,ctx_366,0.576,3,0
log_4875,2024-01-03 06:00:00,prod_056,seg_03,ctx_791,0.492,3,0
log_4876,2024-01-24 08:00:00,prod_057,seg_09,ctx_414,0.313,2,0
log_4877,2024-01-01 17:00:00,prod_066,seg_09,ctx_050,0.604,3,1
log_4878,2024-01-05 02:00:00,prod_037,seg_03,ctx_772,0.479,3,0
log_4879,2024-01-21 17:00:00,prod_002,seg_01,ctx_946,0.388,3,0
log_4880,2024-01-09 04:00:00,prod_074,seg_05,ctx_271,0.369,2,0
log_4881,2024-01-14 16:00:00,prod_072,seg_02,ctx_471,0.73,4,1
log_4882,2024-01-15 15:00:00,prod_033,seg_09,ctx_447,0.621,3,1
log_4883,2024-01-24 04:00:00,prod_052,seg_02,ctx_552,0.842,4,1
log_4884,2024-01-23 13:00:00,prod_086,seg_01,ctx_649,0.666,4,1
log_4885,2024-01-27 10:00:00,prod_060,seg_03,ctx_068,0.545,3,0
log_4886,2024-01-21 01:00:00,prod_034,seg_08,ctx_093,0.726,4,1
log_4887,2024-01-14 03:00:00,prod_014,seg_07,ctx_445,0.397,3,0
log_4888,2024-01-28 11:00:00,prod_064,seg_06,ctx_778,0.301,2,0
log_4889,2024-01-07 05:00:00,prod_011,seg_05,ctx_300,0.762,4,1
log_4890,2024-01-16 17:00:00,prod_041,seg_08,ctx_801,0.406,3,0
log_4891,2024-01-16 19:00:00,prod_034,seg_01,ctx_371,0.404,3,0
log_4892,2024-01-02 20:00:00,prod_012,seg_04,ctx_748,0.666,4,1
log_4893,2024-01-11 12:00:00,prod_076,seg_08,ctx_728,0.408,3,0
log_4894,2024-01-06 21:00:00,prod_042,seg_08,ctx_635,0.572,3,0
log_4895,2024-01-19 14:00:00,prod_044,seg_05,ctx_433,0.506,3,0
log_4896,2024-01-17 22:00:00,prod_018,seg_05,ctx_062,0.827,4,1
log_4897,2024-01-16 09:00:00,prod_077,seg_08,ctx_950,0.584,3,0
log_4898,2024-01-03 21:00:00,prod_093,seg_08,ctx_553,0.885,5,1
log_4899,2024-01-28 10:00:00,prod_045,seg_01,ctx_153,0.733,4,1
log_4900,2024-01-08 13:00:00,prod_029,seg_04,ctx_696,0.395,3,0
log_4901,2024-01-05 08:00:00,prod_030,seg_09,ctx_602,0.548,3,0
log_4902,2024-01-16 08:00:00,prod_084,seg_06,ctx_762,0.691,4,1
log_4903,2024-01-10 00:00:00,prod_045,seg_04,ctx_002,0.56,3,0
log_4904,2024-01-15 04:00:00,prod_011,seg_09,ctx_236,0.809,4,1
log_4905,2024-01-15 20:00:00,prod_051,seg_08,ctx_849,0.314,2,0
log_4906,2024-01-15 17:00:00,prod_011,seg_00,ctx_468,0.401,3,0
log_4907,2024-01-29 03:00:00,prod_031,seg_07,ctx_855,0.608,3,1
log_4908,2024-01-21 09:00:00,prod_012,seg_02,ctx_924,0.506,3,0
log_4909,2024-01-21 11:00:00,prod_072,seg_03,ctx_591,0.622,3,1
log_4910,2024-01-30 22:00:00,prod_029,seg_06,ctx_674,0.486,3,0
log_4911,2024-01-23 19:00:00,prod_018,seg_06,ctx_463,0.325,2,0
log_4912,2024-01-27 12:00:00,prod_082,seg_08,ctx_916,0.91,5,1
log_4913,2024-01-11 12:00:00,prod_050,seg_02,ctx_012,0.432,3,0
log_4914,2024-01-12 21:00:00,prod_043,seg_05,ctx_080,0.536,3,0
log_4915,2024-01-15 04:00:00,prod_017,seg_03,ctx_419,0.353,2,0
log_4916,2024-01-05 10:00:00,prod_052,seg_05,ctx_865,0.429,3,0
log_4917,2024-01-29 06:00:00,prod_012,seg_00,ctx_266,0.758,4,1
log_4918,2024-01-07 08:00:00,prod_089,seg_03,ctx_099,0.672,4,1
log_4919,2024-01-09 01:00:00,prod_024,seg_03,ctx_632,0.301,2,0
log_4920,2024-01-29 10:00:00,prod_087,seg_08,ctx_908,0.522,3,0
log_4921,2024-01-15 18:00:00,prod_096,seg_08,ctx_923,0.426,3,0
log_4922,2024-01-14 09:00:00,prod_012,seg_08,ctx_271,0.571,3,0
log_4923,2024-01-21 10:00:00,prod_024,seg_08,ctx_531,0.594,3,0
log_4924,2024-01-14 02:00:00,prod_073,seg_05,ctx_425,0.634,4,1
log_4925,2024-01-26 08:00:00,prod_087,seg_05,ctx_135,0.508,3,0
log_4926,2024-01-07 05:00:00,prod_096,seg_06,ctx_082,0.571,3,0
log_4927,2024-01-20 19:00:00,prod_063,seg_03,ctx_025,0.444,3,0
log_4928,2024-01-11 14:00:00,prod_017,seg_05,ctx_558,0.419,3,0
log_4929,2024-01-03 20:00:00,prod_063,seg_09,ctx_056,0.701,4,1
log_4930,2024-01-15 03:00:00,prod_019,seg_01,ctx_163,0.77,4,1
log_4931,2024-01-17 00:00:00,prod_033,seg_07,ctx_369,0.431,3,0
log_4932,2024-01-28 00:00:00,prod_021,seg_08,ctx_153,0.325,2,0
log_4933,2024-01-16 07:00:00,prod_017,seg_07,ctx_133,0.723,4,1
log_4934,2024-01-20 22:00:00,prod_081,seg_08,ctx_424,0.359,2,0
log_4935,2024-01-08 22:00:00,prod_045,seg_08,ctx_580,0.617,3,1
log_4936,2024-01-01 03:00:00,prod_060,seg_07,ctx_241,0.509,3,0
log_4937,2024-01-04 05:00:00,prod_020,seg_01,ctx_965,0.654,4,1
log_4938,2024-01-05 13:00:00,prod_001,seg_02,ctx_452,0.491,3,0
log_4939,2024-01-01 05:00:00,prod_035,seg_00,ctx_757,1.0,5,1
log_4940,2024-01-07 20:00:00,prod_005,seg_07,ctx_827,0.429,3,0
log_4941,2024-01-08 13:00:00,prod_016,seg_05,ctx_876,0.731,4,1
log_4942,2024-01-12 03:00:00,prod_027,seg_03,ctx_716,0.616,3,1
log_4943,2024-01-14 05:00:00,prod_022,seg_08,ctx_947,0.86,4,1
log_4944,2024-01-01 05:00:00,prod_058,seg_02,ctx_348,0.471,3,0
log_4945,2024-01-24 12:00:00,prod_093,seg_09,ctx_276,0.473,3,0
log_4946,2024-01-06 20:00:00,prod_084,seg_05,ctx_845,0.464,3,0
log_4947,2024-01-29 03:00:00,prod_038,seg_02,ctx_341,0.429,3,0
log_4948,2024-01-06 11:00:00,prod_099,seg_05,ctx_918,0.68,4,1
log_4949,2024-01-20 10:00:00,prod_040,seg_06,ctx_276,0.418,3,0
log_4950,2024-01-13 09:00:00,prod_007,seg_09,ctx_001,0.694,4,1
log_4951,2024-01-02 07:00:00,prod_075,seg_01,ctx_746,0.361,2,0
log_4952,2024-01-07 21:00:00,prod_083,seg_05,ctx_659,0.718,4,1
log_4953,2024-01-18 07:00:00,prod_019,seg_00,ctx_544,0.744,4,1
log_4954,2024-01-09 22:00:00,prod_024,seg_09,ctx_511,0.703,4,1
log_4955,2024-01-25 08:00:00,prod_027,seg_05,ctx_675,0.798,4,1
log_4956,2024-01-01 01:00:00,prod_083,seg_01,ctx_999,0.49,3,0
log_4957,2024-01-06 02:00:00,prod_050,seg_00,ctx_688,0.783,4,1
log_4958,2024-01-01 20:00:00,prod_044,seg_06,ctx_359,0.817,4,1
log_4959,2024-01-05 16:00:00,prod_036,seg_05,ctx_084,0.602,3,1
log_4960,2024-01-11 15:00:00,prod_017,seg_07,ctx_687,0.381,3,0
log_4961,2024-01-15 17:00:00,prod_050,seg_05,ctx_412,0.68,4,1
log_4962,2024-01-09 01:00:00,prod_015,seg_04,ctx_494,0.723,4,1
log_4963,2024-01-25 07:00:00,prod_098,seg_08,ctx_899,0.81,4,1
log_4964,2024-01-23 17:00:00,prod_068,seg_05,ctx_476,0.704,4,1
log_4965,2024-01-26 03:00:00,prod_033,seg_02,ctx_202,0.688,4,1
log_4966,2024-01-13 15:00:00,prod_081,seg_05,ctx_023,0.405,3,0
log_4967,2024-01-07 04:00:00,prod_038,seg_09,ctx_247,0.494,3,0
log_4968,2024-01-24 15:00:00,prod_023,seg_05,ctx_117,0.364,2,0
log_4969,2024-01-29 06:00:00,prod_066,seg_00,ctx_432,0.625,3,1
log_4970,2024-01-03 06:00:00,prod_010,seg_09,ctx_538,0.799,4,1
log_4971,2024-01-01 13:00:00,prod_047,seg_08,ctx_323,0.639,4,1
log_4972,2024-01-09 12:00:00,prod_026,seg_09,ctx_225,0.873,4,1
log_4973,2024-01-19 03:00:00,prod_035,seg_07,ctx_223,0.776,4,1
log_4974,2024-01-10 16:00:00,prod_054,seg_07,ctx_839,0.641,4,1
log_4975,2024-01-13 22:00:00,prod_017,seg_09,ctx_858,0.356,2,0
log_4976,2024-01-05 19:00:00,prod_051,seg_07,ctx_472,0.796,4,1
log_4977,2024-01-02 21:00:00,prod_016,seg_07,ctx_309,0.841,4,1
log_4978,2024-01-19 21:00:00,prod_053,seg_05,ctx_948,0.89,5,1
log_4979,2024-01-13 11:00:00,prod_002,seg_06,ctx_294,0.662,4,1
log_4980,2024-01-24 17:00:00,prod_040,seg_03,ctx_554,0.68,4,1
log_4981,2024-01-30 03:00:00,prod_093,seg_08,ctx_843,0.703,4,1
log_4982,2024-01-13 05:00:00,prod_093,seg_06,ctx_235,0.871,4,1
log_4983,2024-01-18 07:00:00,prod_063,seg_00,ctx_080,0.563,3,0
log_4984,2024-01-24 22:00:00,prod_021,seg_01,ctx_164,0.325,2,0
log_4985,2024-01-30 05:00:00,prod_059,seg_08,ctx_406,0.561,3,0
log_4986,2024-01-27 13:00:00,prod_034,seg_04,ctx_676,0.789,4,1
log_4987,2024-01-14 10:00:00,prod_077,seg_02,ctx_046,0.636,4,1
log_4988,2024-01-27 23:00:00,prod_058,seg_07,ctx_578,0.57,3,0
log_4989,2024-01-21 10:00:00,prod_029,seg_06,ctx_137,0.327,2,0
log_4990,2024-01-09 06:00:00,prod_098,seg_07,ctx_051,0.677,4,1
log_4991,2024-01-26 08:00:00,prod_095,seg_01,ctx_592,0.623,3,1
log_4992,2024-01-18 11:00:00,prod_089,seg_04,ctx_720,0.902,5,1
log_4993,2024-01-26 01:00:00,prod_059,seg_01,ctx_611,0.522,3,0
log_4994,2024-01-14 03:00:00,prod_019,seg_09,ctx_553,0.413,3,0
log_4995,2024-01-19 16:00:00,prod_020,seg_04,ctx_773,0.815,4,1
log_4996,2024-01-27 07:00:00,prod_072,seg_04,ctx_989,0.557,3,0
log_4997,2024-01-14 22:00:00,prod_078,seg_08,ctx_221,0.441,3,0
log_4998,2024-01-29 08:00:00,prod_016,seg_01,ctx_858,0.531,3,0
log_4999,2024-01-05 10:00:00,prod_082,seg_00,ctx_027,0.793,4,1
log_5000,2024-01-16 08:00:00,prod_016,seg_06,ctx_813,0.372,2,0
log_5001,2024-01-07 20:00:00,prod_007,seg_05,ctx_508,0.676,4,1
log_5002,2024-01-28 06:00:00,prod_002,seg_08,ctx_670,0.421,3,0
log_5003,2024-01-12 08:00:00,prod_021,seg_01,ctx_176,0.502,3,0
log_5004,2024-01-22 05:00:00,prod_024,seg_07,ctx_739,0.893,5,1
log_5005,2024-01-15 13:00:00,prod_033,seg_09,ctx_961,0.507,3,0
log_5006,2024-01-04 16:00:00,prod_078,seg_06,ctx_457,0.418,3,0
log_5007,2024-01-25 06:00:00,prod_067,seg_05,ctx_587,0.316,2,0
log_5008,2024-01-11 17:00:00,prod_045,seg_07,ctx_746,0.508,3,0
log_5009,2024-01-15 09:00:00,prod_023,seg_00,ctx_818,0.715,4,1
log_5010,2024-01-23 07:00:00,prod_091,seg_06,ctx_455,0.669,4,1
log_5011,2024-01-24 21:00:00,prod_070,seg_04,ctx_606,0.701,4,1
log_5012,2024-01-06 23:00:00,prod_090,seg_03,ctx_506,0.934,5,1
log_5013,2024-01-13 11:00:00,prod_011,seg_08,ctx_482,0.681,4,1
log_5014,2024-01-16 21:00:00,prod_097,seg_01,ctx_650,0.856,4,1
log_5015,2024-01-11 06:00:00,prod_092,seg_04,ctx_098,0.36,2,0
log_5016,2024-01-30 03:00:00,prod_055,seg_07,ctx_652,0.664,4,1
log_5017,2024-01-24 00:00:00,prod_013,seg_00,ctx_017,0.728,4,1
log_5018,2024-01-26 11:00:00,prod_042,seg_07,ctx_625,0.343,2,0
log_5019,2024-01-11 09:00:00,prod_089,seg_07,ctx_810,0.654,4,1
log_5020,2024-01-07 08:00:00,prod_019,seg_04,ctx_105,0.679,4,1
log_5021,2024-01-16 17:00:00,prod_028,seg_00,ctx_411,0.438,3,0
log_5022,2024-01-22 11:00:00,prod_027,seg_07,ctx_765,0.591,3,0
log_5023,2024-01-26 23:00:00,prod_038,seg_00,ctx_516,0.429,3,0
log_5024,2024-01-29 10:00:00,prod_077,seg_03,ctx_981,0.469,3,0
log_5025,2024-01-20 06:00:00,prod_098,seg_00,ctx_251,0.633,4,1
log_5026,2024-01-23 14:00:00,prod_029,seg_00,ctx_394,0.685,4,1
log_5027,2024-01-11 12:00:00,prod_028,seg_03,ctx_502,0.771,4,1
log_5028,2024-01-28 02:00:00,prod_066,seg_04,ctx_074,0.645,4,1
log_5029,2024-01-04 13:00:00,prod_035,seg_07,ctx_255,0.566,3,0
log_5030,2024-01-03 09:00:00,prod_059,seg_09,ctx_461,0.41,3,0
log_5031,2024-01-25 04:00:00,prod_004,seg_04,ctx_625,0.473,3,0
log_5032,2024-01-03 09:00:00,prod_056,seg_08,ctx_020,0.307,2,0
log_5033,2024-01-04 12:00:00,prod_015,seg_00,ctx_294,0.573,3,0
log_5034,2024-01-01 16:00:00,prod_036,seg_09,ctx_169,0.486,3,0
log_5035,2024-01-09 16:00:00,prod_071,seg_03,ctx_040,0.636,4,1
log_5036,2024-01-03 15:00:00,prod_097,seg_05,ctx_646,0.67,4,1
log_5037,2024-01-09 13:00:00,prod_097,seg_03,ctx_067,0.622,3,1
log_5038,2024-01-19 09:00:00,prod_020,seg_06,ctx_565,0.49,3,0
log_5039,2024-01-19 17:00:00,prod_010,seg_02,ctx_389,0.954,5,1
log_5040,2024-01-09 04:00:00,prod_030,seg_05,ctx_323,0.823,4,1
log_5041,2024-01-07 14:00:00,prod_036,seg_00,ctx_395,0.772,4,1
log_5042,2024-01-02 01:00:00,prod_001,seg_02,ctx_956,0.468,3,0
log_5043,2024-01-05 15:00:00,prod_058,seg_05,ctx_430,0.766,4,1
log_5044,2024-01-05 11:00:00,prod_084,seg_00,ctx_144,0.417,3,0
log_5045,2024-01-19 15:00:00,prod_059,seg_02,ctx_092,0.832,4,1
log_5046,2024-01-18 10:00:00,prod_091,seg_03,ctx_447,0.437,3,0
log_5047,2024-01-09 04:00:00,prod_002,seg_00,ctx_419,0.877,5,1
log_5048,2024-01-01 00:00:00,prod_068,seg_07,ctx_540,0.887,5,1
log_5049,2024-01-30 02:00:00,prod_098,seg_06,ctx_214,0.88,5,1
log_5050,2024-01-14 09:00:00,prod_060,seg_09,ctx_186,0.772,4,1
log_5051,2024-01-22 19:00:00,prod_065,seg_04,ctx_072,0.339,2,0
log_5052,2024-01-04 15:00:00,prod_000,seg_06,ctx_685,0.313,2,0
log_5053,2024-01-08 07:00:00,prod_073,seg_08,ctx_301,0.905,5,1
log_5054,2024-01-29 10:00:00,prod_019,seg_08,ctx_030,0.487,3,0
log_5055,2024-01-05 10:00:00,prod_051,seg_01,ctx_116,0.75,4,1
log_5056,2024-01-19 13:00:00,prod_095,seg_04,ctx_977,0.809,4,1
log_5057,2024-01-29 15:00:00,prod_084,seg_09,ctx_385,0.626,4,1
log_5058,2024-01-25 15:00:00,prod_079,seg_03,ctx_043,0.674,4,1
log_5059,2024-01-13 18:00:00,prod_099,seg_06,ctx_569,0.331,2,0
log_5060,2024-01-14 12:00:00,prod_037,seg_02,ctx_282,0.53,3,0
log_5061,2024-01-06 06:00:00,prod_031,seg_08,ctx_225,0.657,4,1
log_5062,2024-01-10 02:00:00,prod_030,seg_00,ctx_876,0.947,5,1
log_5063,2024-01-18 04:00:00,prod_016,seg_06,ctx_685,0.498,3,0
log_5064,2024-01-22 21:00:00,prod_055,seg_09,ctx_880,0.502,3,0
log_5065,2024-01-24 11:00:00,prod_040,seg_03,ctx_424,0.398,3,0
log_5066,2024-01-16 15:00:00,prod_016,seg_04,ctx_678,0.362,2,0
log_5067,2024-01-04 17:00:00,prod_042,seg_09,ctx_395,0.681,4,1
log_5068,2024-01-30 03:00:00,prod_012,seg_08,ctx_716,0.765,4,1
log_5069,2024-01-29 15:00:00,prod_022,seg_02,ctx_642,0.745,4,1
log_5070,2024-01-27 18:00:00,prod_041,seg_00,ctx_490,0.682,4,1
log_5071,2024-01-16 19:00:00,prod_059,seg_05,ctx_786,0.529,3,0
log_5072,2024-01-09 06:00:00,prod_068,seg_03,ctx_784,0.495,3,0
log_5073,2024-01-11 09:00:00,prod_085,seg_04,ctx_338,0.328,2,0
log_5074,2024-01-16 21:00:00,prod_064,seg_08,ctx_747,0.744,4,1
log_5075,2024-01-28 13:00:00,prod_017,seg_06,ctx_277,0.626,4,1
log_5076,2024-01-15 16:00:00,prod_093,seg_08,ctx_489,0.753,4,1
log_5077,2024-01-29 13:00:00,prod_087,seg_01,ctx_153,0.497,3,0
log_5078,2024-01-20 13:00:00,prod_050,seg_03,ctx_484,0.746,4,1
log_5079,2024-01-29 12:00:00,prod_027,seg_06,ctx_624,0.465,3,0
log_5080,2024-01-15 14:00:00,prod_032,seg_04,ctx_652,0.809,4,1
log_5081,2024-01-07 00:00:00,prod_010,seg_09,ctx_559,0.766,4,1
log_5082,2024-01-20 06:00:00,prod_076,seg_08,ctx_668,0.607,3,1
log_5083,2024-01-01 09:00:00,prod_068,seg_03,ctx_013,0.35,2,0
log_5084,2024-01-05 15:00:00,prod_040,seg_08,ctx_637,0.716,4,1
log_5085,2024-01-19 12:00:00,prod_010,seg_07,ctx_997,0.808,4,1
log_5086,2024-01-07 21:00:00,prod_037,seg_07,ctx_977,0.536,3,0
log_5087,2024-01-09 07:00:00,prod_022,seg_03,ctx_460,0.573,3,0
log_5088,2024-01-24 07:00:00,prod_037,seg_08,ctx_841,0.625,4,1
log_5089,2024-01-06 16:00:00,prod_006,seg_05,ctx_496,0.789,4,1
log_5090,2024-01-02 09:00:00,prod_057,seg_01,ctx_924,0.327,2,0
log_5091,2024-01-22 06:00:00,prod_000,seg_07,ctx_501,0.412,3,0
log_5092,2024-01-23 10:00:00,prod_034,seg_01,ctx_980,0.502,3,0
log_5093,2024-01-06 18:00:00,prod_007,seg_01,ctx_440,0.462,3,0
log_5094,2024-01-12 12:00:00,prod_081,seg_09,ctx_074,0.575,3,0
log_5095,2024-01-02 07:00:00,prod_079,seg_09,ctx_021,0.472,3,0
log_5096,2024-01-05 18:00:00,prod_084,seg_03,ctx_427,0.598,3,0
log_5097,2024-01-04 17:00:00,prod_098,seg_02,ctx_425,0.699,4,1
log_5098,2024-01-19 09:00:00,prod_044,seg_04,ctx_236,0.915,5,1
log_5099,2024-01-22 21:00:00,prod_014,seg_07,ctx_166,0.742,4,1
log_5100,2024-01-28 20:00:00,prod_013,seg_00,ctx_825,0.644,4,1
log_5101,2024-01-14 10:00:00,prod_056,seg_05,ctx_676,0.651,4,1
log_5102,2024-01-23 19:00:00,prod_091,seg_08,ctx_955,0.495,3,0
log_5103,2024-01-28 07:00:00,prod_015,seg_08,ctx_880,0.612,3,1
log_5104,2024-01-25 02:00:00,prod_099,seg_03,ctx_408,0.568,3,0
log_5105,2024-01-08 11:00:00,prod_037,seg_04,ctx_810,0.378,3,0
log_5106,2024-01-23 20:00:00,prod_004,seg_08,ctx_196,0.655,4,1
log_5107,2024-01-10 20:00:00,prod_040,seg_03,ctx_499,0.887,5,1
log_5108,2024-01-09 23:00:00,prod_046,seg_04,ctx_487,0.926,5,1
log_5109,2024-01-25 13:00:00,prod_097,seg_00,ctx_746,0.598,3,0
log_5110,2024-01-11 18:00:00,prod_069,seg_01,ctx_126,0.823,4,1
log_5111,2024-01-01 15:00:00,prod_062,seg_04,ctx_163,0.56,3,0
log_5112,2024-01-28 12:00:00,prod_091,seg_03,ctx_900,0.987,5,1
log_5113,2024-01-29 23:00:00,prod_063,seg_02,ctx_469,0.777,4,1
log_5114,2024-01-22 01:00:00,prod_040,seg_08,ctx_426,0.459,3,0
log_5115,2024-01-05 18:00:00,prod_090,seg_06,ctx_472,0.611,3,1
log_5116,2024-01-23 23:00:00,prod_083,seg_08,ctx_137,0.429,3,0
log_5117,2024-01-10 22:00:00,prod_012,seg_02,ctx_820,0.767,4,1
log_5118,2024-01-19 03:00:00,prod_025,seg_02,ctx_563,0.942,5,1
log_5119,2024-01-11 20:00:00,prod_096,seg_05,ctx_232,0.646,4,1
log_5120,2024-01-19 06:00:00,prod_031,seg_08,ctx_633,0.578,3,0
log_5121,2024-01-19 10:00:00,prod_020,seg_06,ctx_613,0.532,3,0
log_5122,2024-01-18 19:00:00,prod_063,seg_08,ctx_206,0.842,4,1
log_5123,2024-01-26 20:00:00,prod_054,seg_04,ctx_156,0.712,4,1
log_5124,2024-01-20 06:00:00,prod_083,seg_00,ctx_829,0.735,4,1
log_5125,2024-01-26 12:00:00,prod_011,seg_01,ctx_750,0.661,4,1
log_5126,2024-01-29 19:00:00,prod_014,seg_01,ctx_265,0.495,3,0
log_5127,2024-01-21 23:00:00,prod_020,seg_00,ctx_327,0.428,3,0
log_5128,2024-01-17 12:00:00,prod_097,seg_09,ctx_140,0.553,3,0
log_5129,2024-01-13 09:00:00,prod_013,seg_07,ctx_451,0.354,2,0
log_5130,2024-01-21 15:00:00,prod_029,seg_05,ctx_812,0.89,5,1
log_5131,2024-01-02 11:00:00,prod_055,seg_08,ctx_346,0.686,4,1
log_5132,2024-01-09 23:00:00,prod_018,seg_06,ctx_393,0.357,2,0
log_5133,2024-01-09 08:00:00,prod_000,seg_06,ctx_167,0.537,3,0
log_5134,2024-01-30 09:00:00,prod_016,seg_01,ctx_569,0.373,2,0
log_5135,2024-01-10 12:00:00,prod_011,seg_08,ctx_446,0.449,3,0
log_5136,2024-01-25 05:00:00,prod_032,seg_01,ctx_590,0.852,4,1
log_5137,2024-01-30 13:00:00,prod_008,seg_01,ctx_850,0.393,3,0
log_5138,2024-01-24 12:00:00,prod_062,seg_06,ctx_316,0.696,4,1
log_5139,2024-01-02 15:00:00,prod_058,seg_06,ctx_053,0.583,3,0
log_5140,2024-01-15 22:00:00,prod_031,seg_04,ctx_502,0.489,3,0
log_5141,2024-01-24 23:00:00,prod_009,seg_00,ctx_950,0.572,3,0
log_5142,2024-01-01 07:00:00,prod_044,seg_07,ctx_662,0.63,4,1
log_5143,2024-01-21 10:00:00,prod_077,seg_08,ctx_324,0.755,4,1
log_5144,2024-01-07 13:00:00,prod_064,seg_01,ctx_040,0.722,4,1
log_5145,2024-01-16 18:00:00,prod_075,seg_06,ctx_714,0.734,4,1
log_5146,2024-01-10 03:00:00,prod_043,seg_02,ctx_142,0.851,4,1
log_5147,2024-01-10 16:00:00,prod_061,seg_05,ctx_868,0.76,4,1
log_5148,2024-01-07 05:00:00,prod_092,seg_05,ctx_514,0.318,2,0
log_5149,2024-01-08 00:00:00,prod_024,seg_09,ctx_681,0.319,2,0
log_5150,2024-01-16 19:00:00,prod_029,seg_02,ctx_606,0.534,3,0
log_5151,2024-01-13 15:00:00,prod_093,seg_06,ctx_203,0.597,3,0
log_5152,2024-01-12 21:00:00,prod_027,seg_00,ctx_134,0.599,3,0
log_5153,2024-01-27 08:00:00,prod_070,seg_04,ctx_768,0.87,4,1
log_5154,2024-01-20 05:00:00,prod_066,seg_01,ctx_026,0.387,3,0
log_5155,2024-01-13 03:00:00,prod_080,seg_06,ctx_417,0.673,4,1
log_5156,2024-01-06 07:00:00,prod_006,seg_07,ctx_206,0.71,4,1
log_5157,2024-01-08 20:00:00,prod_040,seg_07,ctx_025,0.885,5,1
log_5158,2024-01-15 19:00:00,prod_000,seg_09,ctx_573,0.307,2,0
log_5159,2024-01-02 07:00:00,prod_052,seg_07,ctx_868,0.878,5,1
log_5160,2024-01-09 22:00:00,prod_021,seg_00,ctx_903,0.628,4,1
log_5161,2024-01-26 15:00:00,prod_005,seg_03,ctx_135,0.326,2,0
log_5162,2024-01-01 20:00:00,prod_063,seg_08,ctx_568,0.762,4,1
log_5163,2024-01-27 19:00:00,prod_019,seg_08,ctx_928,0.634,4,1
log_5164,2024-01-30 00:00:00,prod_014,seg_07,ctx_525,0.497,3,0
log_5165,2024-01-11 05:00:00,prod_012,seg_03,ctx_121,0.492,3,0
log_5166,2024-01-23 13:00:00,prod_055,seg_04,ctx_511,0.483,3,0
log_5167,2024-01-28 08:00:00,prod_025,seg_01,ctx_608,0.511,3,0
log_5168,2024-01-04 05:00:00,prod_024,seg_06,ctx_910,0.782,4,1
log_5169,2024-01-20 03:00:00,prod_097,seg_03,ctx_855,0.42,3,0
log_5170,2024-01-19 07:00:00,prod_087,seg_00,ctx_209,0.544,3,0
log_5171,2024-01-27 01:00:00,prod_032,seg_05,ctx_852,0.849,4,1
log_5172,2024-01-10 01:00:00,prod_059,seg_08,ctx_502,0.438,3,0
log_5173,2024-01-30 02:00:00,prod_037,seg_06,ctx_296,0.668,4,1
log_5174,2024-01-25 09:00:00,prod_059,seg_06,ctx_250,0.398,3,0
log_5175,2024-01-03 15:00:00,prod_059,seg_02,ctx_144,0.844,4,1
log_5176,2024-01-22 08:00:00,prod_039,seg_06,ctx_544,0.57,3,0
log_5177,2024-01-06 22:00:00,prod_069,seg_01,ctx_589,0.439,3,0
log_5178,2024-01-11 14:00:00,prod_053,seg_01,ctx_557,0.321,2,0
log_5179,2024-01-22 00:00:00,prod_090,seg_03,ctx_980,0.73,4,1
log_5180,2024-01-03 07:00:00,prod_015,seg_02,ctx_658,0.439,3,0
log_5181,2024-01-08 08:00:00,prod_090,seg_01,ctx_678,0.38,3,0
log_5182,2024-01-03 16:00:00,prod_047,seg_04,ctx_649,0.817,4,1
log_5183,2024-01-06 16:00:00,prod_012,seg_05,ctx_236,0.346,2,0
log_5184,2024-01-19 07:00:00,prod_051,seg_00,ctx_220,0.711,4,1
log_5185,2024-01-18 19:00:00,prod_052,seg_03,ctx_867,0.546,3,0
log_5186,2024-01-23 23:00:00,prod_087,seg_09,ctx_213,0.509,3,0
log_5187,2024-01-20 18:00:00,prod_017,seg_05,ctx_123,0.882,5,1
log_5188,2024-01-30 19:00:00,prod_039,seg_00,ctx_435,0.693,4,1
log_5189,2024-01-13 17:00:00,prod_044,seg_05,ctx_689,0.549,3,0
log_5190,2024-01-06 19:00:00,prod_064,seg_01,ctx_146,0.529,3,0
log_5191,2024-01-22 07:00:00,prod_051,seg_09,ctx_180,0.379,3,0
log_5192,2024-01-29 17:00:00,prod_078,seg_01,ctx_305,0.888,5,1
log_5193,2024-01-02 20:00:00,prod_056,seg_00,ctx_348,0.749,4,1
log_5194,2024-01-23 20:00:00,prod_004,seg_06,ctx_124,0.45,3,0
log_5195,2024-01-08 20:00:00,prod_090,seg_05,ctx_267,0.543,3,0
log_5196,2024-01-20 04:00:00,prod_002,seg_03,ctx_827,0.314,2,0
log_5197,2024-01-25 05:00:00,prod_040,seg_06,ctx_777,0.464,3,0
log_5198,2024-01-10 23:00:00,prod_052,seg_08,ctx_996,0.661,4,1
log_5199,2024-01-01 16:00:00,prod_075,seg_03,ctx_699,0.796,4,1
log_5200,2024-01-11 21:00:00,prod_091,seg_04,ctx_657,0.707,4,1
log_5201,2024-01-03 00:00:00,prod_010,seg_02,ctx_678,0.852,4,1
log_5202,2024-01-17 11:00:00,prod_061,seg_06,ctx_178,0.892,5,1
log_5203,2024-01-25 22:00:00,prod_084,seg_08,ctx_440,0.859,4,1
log_5204,2024-01-04 04:00:00,prod_039,seg_06,ctx_307,0.64,4,1
log_5205,2024-01-18 07:00:00,prod_090,seg_03,ctx_936,0.762,4,1
log_5206,2024-01-29 04:00:00,prod_063,seg_02,ctx_356,0.598,3,0
log_5207,2024-01-30 02:00:00,prod_096,seg_03,ctx_461,0.592,3,0
log_5208,2024-01-09 19:00:00,prod_013,seg_04,ctx_331,0.78,4,1
log_5209,2024-01-14 02:00:00,prod_041,seg_01,ctx_426,0.343,2,0
log_5210,2024-01-17 08:00:00,prod_066,seg_03,ctx_220,0.304,2,0
log_5211,2024-01-24 20:00:00,prod_089,seg_06,ctx_010,0.507,3,0
log_5212,2024-01-06 21:00:00,prod_031,seg_06,ctx_938,0.538,3,0
log_5213,2024-01-18 15:00:00,prod_083,seg_05,ctx_599,0.863,4,1
log_5214,2024-01-07 07:00:00,prod_034,seg_08,ctx_829,0.341,2,0
log_5215,2024-01-08 18:00:00,prod_045,seg_04,ctx_669,0.833,4,1
log_5216,2024-01-26 21:00:00,prod_018,seg_07,ctx_295,0.478,3,0
log_5217,2024-01-20 19:00:00,prod_093,seg_00,ctx_697,0.528,3,0
log_5218,2024-01-30 17:00:00,prod_030,seg_02,ctx_859,0.634,4,1
log_5219,2024-01-28 22:00:00,prod_060,seg_05,ctx_674,0.308,2,0
log_5220,2024-01-13 20:00:00,prod_067,seg_06,ctx_915,0.721,4,1
log_5221,2024-01-09 23:00:00,prod_054,seg_06,ctx_444,0.302,2,0
log_5222,2024-01-04 18:00:00,prod_012,seg_08,ctx_068,0.805,4,1
log_5223,2024-01-28 15:00:00,prod_015,seg_08,ctx_764,0.698,4,1
log_5224,2024-01-01 00:00:00,prod_012,seg_01,ctx_412,0.557,3,0
log_5225,2024-01-29 12:00:00,prod_064,seg_07,ctx_551,0.55,3,0
log_5226,2024-01-04 14:00:00,prod_048,seg_08,ctx_980,0.707,4,1
log_5227,2024-01-12 19:00:00,prod_000,seg_05,ctx_346,0.784,4,1
log_5228,2024-01-27 17:00:00,prod_046,seg_04,ctx_433,0.757,4,1
log_5229,2024-01-21 22:00:00,prod_048,seg_01,ctx_777,0.363,2,0
log_5230,2024-01-26 07:00:00,prod_089,seg_06,ctx_779,0.783,4,1
log_5231,2024-01-16 03:00:00,prod_041,seg_05,ctx_139,0.544,3,0
log_5232,2024-01-19 19:00:00,prod_009,seg_06,ctx_281,0.749,4,1
log_5233,2024-01-10 04:00:00,prod_057,seg_09,ctx_978,0.522,3,0
log_5234,2024-01-13 18:00:00,prod_045,seg_00,ctx_956,0.873,4,1
log_5235,2024-01-14 21:00:00,prod_043,seg_08,ctx_766,0.773,4,1
log_5236,2024-01-30 00:00:00,prod_023,seg_02,ctx_461,0.753,4,1
log_5237,2024-01-08 10:00:00,prod_069,seg_07,ctx_970,0.882,5,1
log_5238,2024-01-28 02:00:00,prod_093,seg_04,ctx_405,0.739,4,1
log_5239,2024-01-11 07:00:00,prod_075,seg_05,ctx_650,0.885,5,1
log_5240,2024-01-24 20:00:00,prod_055,seg_02,ctx_581,0.582,3,0
log_5241,2024-01-22 19:00:00,prod_014,seg_08,ctx_738,0.988,5,1
log_5242,2024-01-02 20:00:00,prod_031,seg_01,ctx_626,0.467,3,0
log_5243,2024-01-15 07:00:00,prod_044,seg_08,ctx_806,0.885,5,1
log_5244,2024-01-05 23:00:00,prod_089,seg_02,ctx_941,0.945,5,1
log_5245,2024-01-21 19:00:00,prod_006,seg_07,ctx_351,0.608,3,1
log_5246,2024-01-26 13:00:00,prod_080,seg_04,ctx_779,0.533,3,0
log_5247,2024-01-06 05:00:00,prod_038,seg_07,ctx_290,0.447,3,0
log_5248,2024-01-25 18:00:00,prod_094,seg_05,ctx_721,0.593,3,0
log_5249,2024-01-01 09:00:00,prod_091,seg_03,ctx_162,0.874,4,1
log_5250,2024-01-01 16:00:00,prod_075,seg_08,ctx_430,0.551,3,0
log_5251,2024-01-13 12:00:00,prod_007,seg_01,ctx_274,0.713,4,1
log_5252,2024-01-03 14:00:00,prod_074,seg_01,ctx_817,0.405,3,0
log_5253,2024-01-16 14:00:00,prod_089,seg_03,ctx_893,0.996,5,1
log_5254,2024-01-25 13:00:00,prod_037,seg_05,ctx_102,0.572,3,0
log_5255,2024-01-24 13:00:00,prod_063,seg_02,ctx_412,0.411,3,0
log_5256,2024-01-02 04:00:00,prod_049,seg_04,ctx_769,0.98,5,1
log_5257,2024-01-02 18:00:00,prod_066,seg_05,ctx_806,0.382,3,0
log_5258,2024-01-03 09:00:00,prod_022,seg_01,ctx_649,0.896,5,1
log_5259,2024-01-08 20:00:00,prod_054,seg_06,ctx_652,0.309,2,0
log_5260,2024-01-02 11:00:00,prod_097,seg_09,ctx_580,0.486,3,0
log_5261,2024-01-10 23:00:00,prod_020,seg_08,ctx_482,0.911,5,1
log_5262,2024-01-24 18:00:00,prod_000,seg_09,ctx_686,0.64,4,1
log_5263,2024-01-10 22:00:00,prod_070,seg_03,ctx_999,0.635,4,1
log_5264,2024-01-16 20:00:00,prod_068,seg_08,ctx_311,0.372,2,0
log_5265,2024-01-06 15:00:00,prod_058,seg_02,ctx_239,0.468,3,0
log_5266,2024-01-24 16:00:00,prod_098,seg_05,ctx_193,0.653,4,1
log_5267,2024-01-07 23:00:00,prod_049,seg_06,ctx_584,0.606,3,1
log_5268,2024-01-28 03:00:00,prod_040,seg_02,ctx_210,0.528,3,0
log_5269,2024-01-02 23:00:00,prod_098,seg_06,ctx_825,0.592,3,0
log_5270,2024-01-20 16:00:00,prod_013,seg_09,ctx_635,0.468,3,0
log_5271,2024-01-09 20:00:00,prod_001,seg_00,ctx_476,0.806,4,1
log_5272,2024-01-11 18:00:00,prod_008,seg_05,ctx_103,0.497,3,0
log_5273,2024-01-26 02:00:00,prod_068,seg_06,ctx_939,0.622,3,1
log_5274,2024-01-07 02:00:00,prod_045,seg_02,ctx_832,0.576,3,0
log_5275,2024-01-06 01:00:00,prod_000,seg_06,ctx_394,0.804,4,1
log_5276,2024-01-19 07:00:00,prod_030,seg_07,ctx_296,0.402,3,0
log_5277,2024-01-16 21:00:00,prod_051,seg_07,ctx_164,0.769,4,1
log_5278,2024-01-13 13:00:00,prod_022,seg_08,ctx_896,0.317,2,0
log_5279,2024-01-08 23:00:00,prod_061,seg_02,ctx_699,0.522,3,0
log_5280,2024-01-13 04:00:00,prod_068,seg_02,ctx_038,0.897,5,1
log_5281,2024-01-26 18:00:00,prod_075,seg_09,ctx_083,0.32,2,0
log_5282,2024-01-11 20:00:00,prod_080,seg_06,ctx_177,0.371,2,0
log_5283,2024-01-16 21:00:00,prod_087,seg_07,ctx_720,0.469,3,0
log_5284,2024-01-12 05:00:00,prod_000,seg_07,ctx_880,0.463,3,0
log_5285,2024-01-04 08:00:00,prod_036,seg_04,ctx_526,0.661,4,1
log_5286,2024-01-18 14:00:00,prod_014,seg_01,ctx_071,0.77,4,1
log_5287,2024-01-08 15:00:00,prod_096,seg_08,ctx_144,0.445,3,0
log_5288,2024-01-14 21:00:00,prod_014,seg_01,ctx_249,0.71,4,1
log_5289,2024-01-24 05:00:00,prod_040,seg_00,ctx_869,0.394,3,0
log_5290,2024-01-06 03:00:00,prod_061,seg_00,ctx_330,0.99,5,1
log_5291,2024-01-03 17:00:00,prod_034,seg_06,ctx_066,0.427,3,0
log_5292,2024-01-08 10:00:00,prod_036,seg_09,ctx_377,0.403,3,0
log_5293,2024-01-18 05:00:00,prod_053,seg_06,ctx_994,0.376,3,0
log_5294,2024-01-15 12:00:00,prod_047,seg_01,ctx_113,0.63,4,1
log_5295,2024-01-19 07:00:00,prod_069,seg_03,ctx_720,0.393,3,0
log_5296,2024-01-27 15:00:00,prod_033,seg_06,ctx_892,0.58,3,0
log_5297,2024-01-26 09:00:00,prod_001,seg_06,ctx_712,0.805,4,1
log_5298,2024-01-11 23:00:00,prod_085,seg_00,ctx_020,0.638,4,1
log_5299,2024-01-10 03:00:00,prod_083,seg_00,ctx_660,0.554,3,0
log_5300,2024-01-23 21:00:00,prod_041,seg_01,ctx_102,0.549,3,0
log_5301,2024-01-16 18:00:00,prod_019,seg_05,ctx_532,0.395,3,0
log_5302,2024-01-18 16:00:00,prod_083,seg_03,ctx_640,0.607,3,1
log_5303,2024-01-26 17:00:00,prod_052,seg_06,ctx_300,0.77,4,1
log_5304,2024-01-04 07:00:00,prod_087,seg_06,ctx_408,0.843,4,1
log_5305,2024-01-11 02:00:00,prod_005,seg_04,ctx_697,0.378,3,0
log_5306,2024-01-28 05:00:00,prod_087,seg_04,ctx_628,0.455,3,0
log_5307,2024-01-08 20:00:00,prod_098,seg_08,ctx_609,0.393,3,0
log_5308,2024-01-26 08:00:00,prod_022,seg_02,ctx_656,0.654,4,1
log_5309,2024-01-25 12:00:00,prod_010,seg_03,ctx_499,0.682,4,1
log_5310,2024-01-16 10:00:00,prod_051,seg_00,ctx_162,0.594,3,0
log_5311,2024-01-08 07:00:00,prod_071,seg_02,ctx_075,0.572,3,0
log_5312,2024-01-10 20:00:00,prod_076,seg_07,ctx_767,0.668,4,1
log_5313,2024-01-05 23:00:00,prod_045,seg_03,ctx_035,0.803,4,1
log_5314,2024-01-26 08:00:00,prod_089,seg_02,ctx_087,0.809,4,1
log_5315,2024-01-24 03:00:00,prod_098,seg_00,ctx_621,0.441,3,0
log_5316,2024-01-27 04:00:00,prod_080,seg_02,ctx_856,0.483,3,0
log_5317,2024-01-13 06:00:00,prod_055,seg_04,ctx_101,0.364,2,0
log_5318,2024-01-20 05:00:00,prod_063,seg_09,ctx_411,0.536,3,0
log_5319,2024-01-03 03:00:00,prod_058,seg_05,ctx_372,0.68,4,1
log_5320,2024-01-16 17:00:00,prod_089,seg_07,ctx_139,0.765,4,1
log_5321,2024-01-23 22:00:00,prod_089,seg_03,ctx_456,0.729,4,1
log_5322,2024-01-26 05:00:00,prod_090,seg_04,ctx_126,0.576,3,0
log_5323,2024-01-23 16:00:00,prod_029,seg_07,ctx_104,0.778,4,1
log_5324,2024-01-25 01:00:00,prod_009,seg_05,ctx_324,0.304,2,0
log_5325,2024-01-24 01:00:00,prod_026,seg_09,ctx_351,0.454,3,0
log_5326,2024-01-27 17:00:00,prod_035,seg_02,ctx_071,0.959,5,1
log_5327,2024-01-16 19:00:00,prod_047,seg_04,ctx_054,0.757,4,1
log_5328,2024-01-14 11:00:00,prod_094,seg_07,ctx_618,0.581,3,0
log_5329,2024-01-02 09:00:00,prod_007,seg_07,ctx_796,0.612,3,1
log_5330,2024-01-04 11:00:00,prod_052,seg_06,ctx_767,0.306,2,0
log_5331,2024-01-11 10:00:00,prod_070,seg_01,ctx_505,0.723,4,1
log_5332,2024-01-09 08:00:00,prod_030,seg_00,ctx_967,0.65,4,1
log_5333,2024-01-29 16:00:00,prod_033,seg_03,ctx_524,0.664,4,1
log_5334,2024-01-05 10:00:00,prod_066,seg_06,ctx_046,0.686,4,1
log_5335,2024-01-01 11:00:00,prod_026,seg_05,ctx_019,0.444,3,0
log_5336,2024-01-10 08:00:00,prod_067,seg_09,ctx_154,0.838,4,1
log_5337,2024-01-23 19:00:00,prod_063,seg_03,ctx_526,0.304,2,0
log_5338,2024-01-26 13:00:00,prod_008,seg_02,ctx_338,0.766,4,1
log_5339,2024-01-23 12:00:00,prod_063,seg_08,ctx_419,0.44,3,0
log_5340,2024-01-21 16:00:00,prod_012,seg_04,ctx_118,0.887,5,1
log_5341,2024-01-29 00:00:00,prod_043,seg_03,ctx_471,0.481,3,0
log_5342,2024-01-13 12:00:00,prod_011,seg_06,ctx_367,0.444,3,0
log_5343,2024-01-04 01:00:00,prod_039,seg_06,ctx_923,0.676,4,1
log_5344,2024-01-20 22:00:00,prod_040,seg_06,ctx_854,0.66,4,1
log_5345,2024-01-25 09:00:00,prod_003,seg_04,ctx_850,0.594,3,0
log_5346,2024-01-25 17:00:00,prod_015,seg_05,ctx_039,0.853,4,1
log_5347,2024-01-05 10:00:00,prod_008,seg_04,ctx_004,0.73,4,1
log_5348,2024-01-15 16:00:00,prod_002,seg_01,ctx_939,0.468,3,0
log_5349,2024-01-15 04:00:00,prod_082,seg_07,ctx_847,0.452,3,0
log_5350,2024-01-14 15:00:00,prod_051,seg_07,ctx_981,0.434,3,0
log_5351,2024-01-19 12:00:00,prod_069,seg_04,ctx_163,0.652,4,1
log_5352,2024-01-12 06:00:00,prod_063,seg_02,ctx_355,0.318,2,0
log_5353,2024-01-27 00:00:00,prod_072,seg_05,ctx_002,0.517,3,0
log_5354,2024-01-05 14:00:00,prod_039,seg_09,ctx_653,0.497,3,0
log_5355,2024-01-12 19:00:00,prod_063,seg_00,ctx_384,0.524,3,0
log_5356,2024-01-22 13:00:00,prod_036,seg_02,ctx_674,0.772,4,1
log_5357,2024-01-13 23:00:00,prod_071,seg_06,ctx_335,0.799,4,1
log_5358,2024-01-23 12:00:00,prod_031,seg_06,ctx_479,0.601,3,1
log_5359,2024-01-05 16:00:00,prod_010,seg_04,ctx_721,0.748,4,1
log_5360,2024-01-30 05:00:00,prod_064,seg_07,ctx_064,0.516,3,0
log_5361,2024-01-08 19:00:00,prod_034,seg_03,ctx_061,0.751,4,1
log_5362,2024-01-06 13:00:00,prod_062,seg_09,ctx_575,0.566,3,0
log_5363,2024-01-19 08:00:00,prod_008,seg_02,ctx_576,0.505,3,0
log_5364,2024-01-26 04:00:00,prod_054,seg_00,ctx_548,0.808,4,1
log_5365,2024-01-18 11:00:00,prod_031,seg_02,ctx_837,0.709,4,1
log_5366,2024-01-04 06:00:00,prod_026,seg_02,ctx_823,0.667,4,1
log_5367,2024-01-01 16:00:00,prod_067,seg_08,ctx_329,0.946,5,1
log_5368,2024-01-16 15:00:00,prod_051,seg_01,ctx_909,0.869,4,1
log_5369,2024-01-05 11:00:00,prod_042,seg_09,ctx_752,0.64,4,1
log_5370,2024-01-20 05:00:00,prod_077,seg_03,ctx_100,0.877,5,1
log_5371,2024-01-19 07:00:00,prod_041,seg_03,ctx_610,0.502,3,0
log_5372,2024-01-17 01:00:00,prod_020,seg_07,ctx_404,0.718,4,1
log_5373,2024-01-26 01:00:00,prod_080,seg_05,ctx_293,0.355,2,0
log_5374,2024-01-07 21:00:00,prod_048,seg_09,ctx_109,0.66,4,1
log_5375,2024-01-18 22:00:00,prod_022,seg_09,ctx_849,0.687,4,1
log_5376,2024-01-15 12:00:00,prod_017,seg_02,ctx_503,0.646,4,1
log_5377,2024-01-03 05:00:00,prod_005,seg_01,ctx_399,0.612,3,1
log_5378,2024-01-07 04:00:00,prod_023,seg_08,ctx_831,0.772,4,1
log_5379,2024-01-09 10:00:00,prod_072,seg_01,ctx_938,0.439,3,0
log_5380,2024-01-16 23:00:00,prod_003,seg_08,ctx_923,0.675,4,1
log_5381,2024-01-24 23:00:00,prod_029,seg_02,ctx_584,0.353,2,0
log_5382,2024-01-06 10:00:00,prod_004,seg_00,ctx_933,0.759,4,1
log_5383,2024-01-06 02:00:00,prod_031,seg_01,ctx_415,0.36,2,0
log_5384,2024-01-06 23:00:00,prod_055,seg_02,ctx_438,0.363,2,0
log_5385,2024-01-14 20:00:00,prod_025,seg_06,ctx_249,0.804,4,1
log_5386,2024-01-25 00:00:00,prod_046,seg_01,ctx_834,0.392,3,0
log_5387,2024-01-17 09:00:00,prod_022,seg_05,ctx_100,0.657,4,1
log_5388,2024-01-25 20:00:00,prod_096,seg_02,ctx_645,0.402,3,0
log_5389,2024-01-29 01:00:00,prod_042,seg_00,ctx_318,0.712,4,1
log_5390,2024-01-11 02:00:00,prod_079,seg_05,ctx_702,0.802,4,1
log_5391,2024-01-19 10:00:00,prod_007,seg_06,ctx_945,0.552,3,0
log_5392,2024-01-15 14:00:00,prod_007,seg_03,ctx_206,0.425,3,0
log_5393,2024-01-27 00:00:00,prod_085,seg_03,ctx_953,0.857,4,1
log_5394,2024-01-02 15:00:00,prod_072,seg_02,ctx_520,0.335,2,0
log_5395,2024-01-28 16:00:00,prod_054,seg_07,ctx_020,0.643,4,1
log_5396,2024-01-18 18:00:00,prod_033,seg_05,ctx_961,0.312,2,0
log_5397,2024-01-12 22:00:00,prod_089,seg_09,ctx_844,0.615,3,1
log_5398,2024-01-19 10:00:00,prod_015,seg_05,ctx_994,0.688,4,1
log_5399,2024-01-06 07:00:00,prod_096,seg_08,ctx_354,0.874,4,1
log_5400,2024-01-19 03:00:00,prod_073,seg_01,ctx_002,0.375,2,0
log_5401,2024-01-19 01:00:00,prod_018,seg_01,ctx_907,0.577,3,0
log_5402,2024-01-21 15:00:00,prod_073,seg_03,ctx_156,0.586,3,0
log_5403,2024-01-20 19:00:00,prod_043,seg_00,ctx_591,0.493,3,0
log_5404,2024-01-25 19:00:00,prod_020,seg_04,ctx_213,0.727,4,1
log_5405,2024-01-22 20:00:00,prod_068,seg_05,ctx_628,0.632,4,1
log_5406,2024-01-30 22:00:00,prod_057,seg_02,ctx_270,0.559,3,0
log_5407,2024-01-17 06:00:00,prod_031,seg_08,ctx_015,0.477,3,0
log_5408,2024-01-28 21:00:00,prod_086,seg_00,ctx_568,0.616,3,1
log_5409,2024-01-23 21:00:00,prod_047,seg_06,ctx_584,0.374,2,0
log_5410,2024-01-20 16:00:00,prod_052,seg_08,ctx_786,0.59,3,0
log_5411,2024-01-30 13:00:00,prod_019,seg_01,ctx_565,0.738,4,1
log_5412,2024-01-25 09:00:00,prod_097,seg_03,ctx_840,0.727,4,1
log_5413,2024-01-10 15:00:00,prod_063,seg_02,ctx_477,0.301,2,0
log_5414,2024-01-22 16:00:00,prod_077,seg_08,ctx_259,0.818,4,1
log_5415,2024-01-29 02:00:00,prod_046,seg_04,ctx_447,0.626,4,1
log_5416,2024-01-16 03:00:00,prod_060,seg_03,ctx_392,0.358,2,0
log_5417,2024-01-07 23:00:00,prod_026,seg_07,ctx_387,0.756,4,1
log_5418,2024-01-03 22:00:00,prod_067,seg_08,ctx_967,0.479,3,0
log_5419,2024-01-13 21:00:00,prod_009,seg_06,ctx_422,0.494,3,0
log_5420,2024-01-18 21:00:00,prod_061,seg_00,ctx_569,0.441,3,0
log_5421,2024-01-08 00:00:00,prod_015,seg_00,ctx_016,0.513,3,0
log_5422,2024-01-17 10:00:00,prod_002,seg_05,ctx_356,0.41,3,0
log_5423,2024-01-21 19:00:00,prod_099,seg_01,ctx_986,0.669,4,1
log_5424,2024-01-23 04:00:00,prod_077,seg_04,ctx_070,0.368,2,0
log_5425,2024-01-18 01:00:00,prod_081,seg_06,ctx_350,0.566,3,0
log_5426,2024-01-09 11:00:00,prod_049,seg_01,ctx_683,0.333,2,0
log_5427,2024-01-19 05:00:00,prod_006,seg_05,ctx_355,0.374,2,0
log_5428,2024-01-07 09:00:00,prod_028,seg_05,ctx_304,0.578,3,0
log_5429,2024-01-13 02:00:00,prod_060,seg_02,ctx_813,0.318,2,0
log_5430,2024-01-07 16:00:00,prod_052,seg_05,ctx_997,0.741,4,1
log_5431,2024-01-30 02:00:00,prod_005,seg_05,ctx_782,0.836,4,1
log_5432,2024-01-03 11:00:00,prod_068,seg_07,ctx_768,0.639,4,1
log_5433,2024-01-25 15:00:00,prod_093,seg_06,ctx_071,0.888,5,1
log_5434,2024-01-26 03:00:00,prod_010,seg_05,ctx_655,0.643,4,1
log_5435,2024-01-03 07:00:00,prod_002,seg_06,ctx_109,0.867,4,1
log_5436,2024-01-07 08:00:00,prod_092,seg_05,ctx_962,0.586,3,0
log_5437,2024-01-15 13:00:00,prod_073,seg_01,ctx_446,0.311,2,0
log_5438,2024-01-13 08:00:00,prod_091,seg_00,ctx_214,0.764,4,1
log_5439,2024-01-19 19:00:00,prod_081,seg_02,ctx_189,0.457,3,0
log_5440,2024-01-09 19:00:00,prod_093,seg_03,ctx_990,0.542,3,0
log_5441,2024-01-12 12:00:00,prod_080,seg_04,ctx_915,0.765,4,1
log_5442,2024-01-08 14:00:00,prod_006,seg_08,ctx_194,0.587,3,0
log_5443,2024-01-20 09:00:00,prod_019,seg_07,ctx_148,0.831,4,1
log_5444,2024-01-12 21:00:00,prod_009,seg_05,ctx_845,0.658,4,1
log_5445,2024-01-08 20:00:00,prod_090,seg_03,ctx_380,0.898,5,1
log_5446,2024-01-14 04:00:00,prod_096,seg_03,ctx_620,0.887,5,1
log_5447,2024-01-06 07:00:00,prod_033,seg_04,ctx_804,0.357,2,0
log_5448,2024-01-13 06:00:00,prod_005,seg_04,ctx_088,0.846,4,1
log_5449,2024-01-16 17:00:00,prod_072,seg_08,ctx_011,0.763,4,1
log_5450,2024-01-02 14:00:00,prod_081,seg_07,ctx_208,0.894,5,1
log_5451,2024-01-18 00:00:00,prod_041,seg_04,ctx_153,0.837,4,1
log_5452,2024-01-22 22:00:00,prod_082,seg_06,ctx_634,0.722,4,1
log_5453,2024-01-01 04:00:00,prod_050,seg_02,ctx_776,0.594,3,0
log_5454,2024-01-06 05:00:00,prod_011,seg_05,ctx_449,0.473,3,0
log_5455,2024-01-18 09:00:00,prod_075,seg_07,ctx_845,0.334,2,0
log_5456,2024-01-16 23:00:00,prod_021,seg_07,ctx_289,0.64,4,1
log_5457,2024-01-13 00:00:00,prod_073,seg_07,ctx_325,0.542,3,0
log_5458,2024-01-02 07:00:00,prod_083,seg_01,ctx_013,0.364,2,0
log_5459,2024-01-07 21:00:00,prod_056,seg_09,ctx_050,0.664,4,1
log_5460,2024-01-27 18:00:00,prod_058,seg_06,ctx_430,0.632,4,1
log_5461,2024-01-12 15:00:00,prod_008,seg_04,ctx_973,0.784,4,1
log_5462,2024-01-07 13:00:00,prod_091,seg_08,ctx_197,0.979,5,1
log_5463,2024-01-18 16:00:00,prod_034,seg_01,ctx_715,0.589,3,0
log_5464,2024-01-19 05:00:00,prod_076,seg_03,ctx_713,0.748,4,1
log_5465,2024-01-28 08:00:00,prod_069,seg_00,ctx_323,0.501,3,0
log_5466,2024-01-30 02:00:00,prod_039,seg_04,ctx_539,0.758,4,1
log_5467,2024-01-18 04:00:00,prod_023,seg_08,ctx_751,0.692,4,1
log_5468,2024-01-07 11:00:00,prod_024,seg_09,ctx_200,0.792,4,1
log_5469,2024-01-14 15:00:00,prod_030,seg_02,ctx_817,0.893,5,1
log_5470,2024-01-10 13:00:00,prod_015,seg_09,ctx_843,0.584,3,0
log_5471,2024-01-14 20:00:00,prod_029,seg_06,ctx_286,0.827,4,1
log_5472,2024-01-28 05:00:00,prod_054,seg_06,ctx_198,0.6,3,0
log_5473,2024-01-24 13:00:00,prod_023,seg_00,ctx_456,0.395,3,0
log_5474,2024-01-14 02:00:00,prod_000,seg_08,ctx_856,0.872,4,1
log_5475,2024-01-12 22:00:00,prod_057,seg_00,ctx_767,0.98,5,1
log_5476,2024-01-29 20:00:00,prod_032,seg_00,ctx_863,0.661,4,1
log_5477,2024-01-29 06:00:00,prod_007,seg_03,ctx_129,0.301,2,0
log_5478,2024-01-16 23:00:00,prod_028,seg_05,ctx_090,0.501,3,0
log_5479,2024-01-13 08:00:00,prod_078,seg_05,ctx_515,0.539,3,0
log_5480,2024-01-01 03:00:00,prod_041,seg_03,ctx_692,0.455,3,0
log_5481,2024-01-24 00:00:00,prod_044,seg_08,ctx_374,0.385,3,0
log_5482,2024-01-05 22:00:00,prod_003,seg_02,ctx_865,0.441,3,0
log_5483,2024-01-25 12:00:00,prod_045,seg_06,ctx_590,0.352,2,0
log_5484,2024-01-06 13:00:00,prod_011,seg_01,ctx_003,0.384,3,0
log_5485,2024-01-04 11:00:00,prod_099,seg_00,ctx_284,0.58,3,0
log_5486,2024-01-11 07:00:00,prod_080,seg_07,ctx_974,0.672,4,1
log_5487,2024-01-13 04:00:00,prod_025,seg_03,ctx_988,0.427,3,0
log_5488,2024-01-05 13:00:00,prod_064,seg_04,ctx_494,0.487,3,0
log_5489,2024-01-08 22:00:00,prod_005,seg_03,ctx_372,0.367,2,0
log_5490,2024-01-25 17:00:00,prod_082,seg_05,ctx_393,0.885,5,1
log_5491,2024-01-09 09:00:00,prod_072,seg_08,ctx_541,0.697,4,1
log_5492,2024-01-07 17:00:00,prod_078,seg_03,ctx_918,0.98,5,1
log_5493,2024-01-24 23:00:00,prod_066,seg_09,ctx_385,0.891,5,1
log_5494,2024-01-05 17:00:00,prod_086,seg_04,ctx_643,0.866,4,1
log_5495,2024-01-25 04:00:00,prod_034,seg_08,ctx_168,0.505,3,0
log_5496,2024-01-23 06:00:00,prod_087,seg_01,ctx_367,0.443,3,0
log_5497,2024-01-04 19:00:00,prod_061,seg_06,ctx_175,0.33,2,0
log_5498,2024-01-28 07:00:00,prod_040,seg_00,ctx_724,0.48,3,0
log_5499,2024-01-30 11:00:00,prod_070,seg_01,ctx_382,0.328,2,0
log_5500,2024-01-22 06:00:00,prod_012,seg_08,ctx_303,0.728,4,1
log_5501,2024-01-21 19:00:00,prod_053,seg_07,ctx_099,0.894,5,1
log_5502,2024-01-28 22:00:00,prod_064,seg_02,ctx_285,0.884,5,1
log_5503,2024-01-26 12:00:00,prod_073,seg_02,ctx_139,0.758,4,1
log_5504,2024-01-29 16:00:00,prod_039,seg_05,ctx_447,0.451,3,0
log_5505,2024-01-17 14:00:00,prod_022,seg_02,ctx_944,0.399,3,0
log_5506,2024-01-18 12:00:00,prod_050,seg_01,ctx_666,0.564,3,0
log_5507,2024-01-11 15:00:00,prod_033,seg_03,ctx_590,0.749,4,1
log_5508,2024-01-19 16:00:00,prod_038,seg_00,ctx_922,0.576,3,0
log_5509,2024-01-01 15:00:00,prod_097,seg_09,ctx_128,0.373,2,0
log_5510,2024-01-13 00:00:00,prod_023,seg_06,ctx_666,0.811,4,1
log_5511,2024-01-17 08:00:00,prod_067,seg_02,ctx_541,0.492,3,0
log_5512,2024-01-02 05:00:00,prod_056,seg_07,ctx_453,0.384,3,0
log_5513,2024-01-17 11:00:00,prod_067,seg_03,ctx_741,0.896,5,1
log_5514,2024-01-09 10:00:00,prod_054,seg_01,ctx_504,0.652,4,1
log_5515,2024-01-04 21:00:00,prod_024,seg_04,ctx_260,0.504,3,0
log_5516,2024-01-16 07:00:00,prod_065,seg_07,ctx_006,0.645,4,1
log_5517,2024-01-12 21:00:00,prod_056,seg_03,ctx_919,0.662,4,1
log_5518,2024-01-28 23:00:00,prod_025,seg_05,ctx_073,0.628,4,1
log_5519,2024-01-14 15:00:00,prod_086,seg_03,ctx_431,0.766,4,1
log_5520,2024-01-16 08:00:00,prod_018,seg_07,ctx_102,0.505,3,0
log_5521,2024-01-20 13:00:00,prod_074,seg_03,ctx_946,1.0,5,1
log_5522,2024-01-08 23:00:00,prod_010,seg_09,ctx_990,0.509,3,0
log_5523,2024-01-24 00:00:00,prod_029,seg_00,ctx_114,0.561,3,0
log_5524,2024-01-03 16:00:00,prod_063,seg_07,ctx_393,0.791,4,1
log_5525,2024-01-09 20:00:00,prod_099,seg_00,ctx_455,0.531,3,0
log_5526,2024-01-18 22:00:00,prod_029,seg_09,ctx_409,0.313,2,0
log_5527,2024-01-23 11:00:00,prod_063,seg_09,ctx_870,0.411,3,0
log_5528,2024-01-09 19:00:00,prod_096,seg_04,ctx_800,0.307,2,0
log_5529,2024-01-28 00:00:00,prod_013,seg_03,ctx_025,0.687,4,1
log_5530,2024-01-16 00:00:00,prod_097,seg_01,ctx_733,0.421,3,0
log_5531,2024-01-22 13:00:00,prod_045,seg_03,ctx_701,0.797,4,1
log_5532,2024-01-05 12:00:00,prod_064,seg_02,ctx_951,0.575,3,0
log_5533,2024-01-25 17:00:00,prod_043,seg_04,ctx_743,0.423,3,0
log_5534,2024-01-19 03:00:00,prod_001,seg_01,ctx_964,0.602,3,1
log_5535,2024-01-01 22:00:00,prod_086,seg_08,ctx_334,0.499,3,0
log_5536,2024-01-08 06:00:00,prod_027,seg_00,ctx_471,0.529,3,0
log_5537,2024-01-05 13:00:00,prod_074,seg_05,ctx_225,0.344,2,0
log_5538,2024-01-04 13:00:00,prod_071,seg_02,ctx_582,0.628,4,1
log_5539,2024-01-16 19:00:00,prod_024,seg_06,ctx_093,0.431,3,0
log_5540,2024-01-14 05:00:00,prod_018,seg_09,ctx_679,0.889,5,1
log_5541,2024-01-22 12:00:00,prod_074,seg_09,ctx_803,0.322,2,0
log_5542,2024-01-02 15:00:00,prod_001,seg_04,ctx_383,0.734,4,1
log_5543,2024-01-12 02:00:00,prod_058,seg_00,ctx_334,0.882,5,1
log_5544,2024-01-14 01:00:00,prod_089,seg_04,ctx_068,0.639,4,1
log_5545,2024-01-04 22:00:00,prod_046,seg_08,ctx_456,0.886,5,1
log_5546,2024-01-20 08:00:00,prod_025,seg_07,ctx_856,0.343,2,0
log_5547,2024-01-17 02:00:00,prod_088,seg_00,ctx_366,0.521,3,0
log_5548,2024-01-08 23:00:00,prod_081,seg_00,ctx_505,0.607,3,1
log_5549,2024-01-27 09:00:00,prod_088,seg_07,ctx_845,0.793,4,1
log_5550,2024-01-03 05:00:00,prod_013,seg_09,ctx_211,0.725,4,1
log_5551,2024-01-04 00:00:00,prod_021,seg_01,ctx_211,0.819,4,1
log_5552,2024-01-29 03:00:00,prod_009,seg_00,ctx_981,0.864,4,1
log_5553,2024-01-08 01:00:00,prod_054,seg_00,ctx_603,0.795,4,1
log_5554,2024-01-19 07:00:00,prod_020,seg_04,ctx_303,0.576,3,0
log_5555,2024-01-19 05:00:00,prod_040,seg_05,ctx_838,0.817,4,1
log_5556,2024-01-20 23:00:00,prod_089,seg_09,ctx_433,0.36,2,0
log_5557,2024-01-25 15:00:00,prod_050,seg_01,ctx_118,0.434,3,0
log_5558,2024-01-07 16:00:00,prod_088,seg_07,ctx_953,0.629,4,1
log_5559,2024-01-02 01:00:00,prod_084,seg_07,ctx_770,0.373,2,0
log_5560,2024-01-03 05:00:00,prod_061,seg_05,ctx_918,0.528,3,0
log_5561,2024-01-04 22:00:00,prod_044,seg_01,ctx_687,0.32,2,0
log_5562,2024-01-03 10:00:00,prod_018,seg_08,ctx_260,0.408,3,0
log_5563,2024-01-08 18:00:00,prod_095,seg_07,ctx_873,0.465,3,0
log_5564,2024-01-23 06:00:00,prod_060,seg_07,ctx_235,0.492,3,0
log_5565,2024-01-14 14:00:00,prod_038,seg_05,ctx_858,0.54,3,0
log_5566,2024-01-18 23:00:00,prod_089,seg_05,ctx_309,0.648,4,1
log_5567,2024-01-13 00:00:00,prod_011,seg_07,ctx_921,0.408,3,0
log_5568,2024-01-09 17:00:00,prod_088,seg_09,ctx_427,0.722,4,1
log_5569,2024-01-09 00:00:00,prod_018,seg_06,ctx_559,0.441,3,0
log_5570,2024-01-12 11:00:00,prod_057,seg_01,ctx_680,0.491,3,0
log_5571,2024-01-11 08:00:00,prod_024,seg_00,ctx_373,0.541,3,0
log_5572,2024-01-09 20:00:00,prod_090,seg_04,ctx_074,0.485,3,0
log_5573,2024-01-30 12:00:00,prod_015,seg_06,ctx_796,0.722,4,1
log_5574,2024-01-16 02:00:00,prod_003,seg_04,ctx_476,0.484,3,0
log_5575,2024-01-13 10:00:00,prod_096,seg_06,ctx_835,0.78,4,1
log_5576,2024-01-28 20:00:00,prod_053,seg_09,ctx_676,0.317,2,0
log_5577,2024-01-15 14:00:00,prod_021,seg_00,ctx_729,0.381,3,0
log_5578,2024-01-10 21:00:00,prod_038,seg_04,ctx_279,0.534,3,0
log_5579,2024-01-12 03:00:00,prod_016,seg_05,ctx_080,0.885,5,1
log_5580,2024-01-17 09:00:00,prod_006,seg_00,ctx_720,0.607,3,1
log_5581,2024-01-23 21:00:00,prod_099,seg_02,ctx_606,0.676,4,1
log_5582,2024-01-26 04:00:00,prod_059,seg_07,ctx_052,0.865,4,1
log_5583,2024-01-18 23:00:00,prod_038,seg_00,ctx_534,0.759,4,1
log_5584,2024-01-14 15:00:00,prod_067,seg_08,ctx_461,0.778,4,1
log_5585,2024-01-23 03:00:00,prod_075,seg_00,ctx_957,0.412,3,0
log_5586,2024-01-29 22:00:00,prod_075,seg_09,ctx_796,0.55,3,0
log_5587,2024-01-24 11:00:00,prod_088,seg_06,ctx_285,0.406,3,0
log_5588,2024-01-16 13:00:00,prod_061,seg_07,ctx_344,0.386,3,0
log_5589,2024-01-27 08:00:00,prod_085,seg_01,ctx_432,0.376,3,0
log_5590,2024-01-20 05:00:00,prod_043,seg_09,ctx_541,0.355,2,0
log_5591,2024-01-24 15:00:00,prod_038,seg_05,ctx_539,0.381,3,0
log_5592,2024-01-06 00:00:00,prod_083,seg_05,ctx_346,0.749,4,1
log_5593,2024-01-23 20:00:00,prod_092,seg_09,ctx_365,0.577,3,0
log_5594,2024-01-21 16:00:00,prod_045,seg_04,ctx_475,0.701,4,1
log_5595,2024-01-28 13:00:00,prod_028,seg_07,ctx_398,0.698,4,1
log_5596,2024-01-03 19:00:00,prod_036,seg_04,ctx_496,0.46,3,0
log_5597,2024-01-27 07:00:00,prod_019,seg_02,ctx_760,0.806,4,1
log_5598,2024-01-22 08:00:00,prod_027,seg_08,ctx_079,0.899,5,1
log_5599,2024-01-23 21:00:00,prod_067,seg_08,ctx_228,0.535,3,0
log_5600,2024-01-14 06:00:00,prod_041,seg_04,ctx_675,0.34,2,0
log_5601,2024-01-27 18:00:00,prod_008,seg_01,ctx_435,0.599,3,0
log_5602,2024-01-06 02:00:00,prod_018,seg_07,ctx_000,0.7,4,1
log_5603,2024-01-01 21:00:00,prod_016,seg_02,ctx_431,0.319,2,0
log_5604,2024-01-27 20:00:00,prod_061,seg_05,ctx_769,0.415,3,0
log_5605,2024-01-24 19:00:00,prod_069,seg_04,ctx_057,0.884,5,1
log_5606,2024-01-20 14:00:00,prod_033,seg_08,ctx_479,0.643,4,1
log_5607,2024-01-27 19:00:00,prod_084,seg_09,ctx_854,0.705,4,1
log_5608,2024-01-22 15:00:00,prod_007,seg_08,ctx_244,0.702,4,1
log_5609,2024-01-05 08:00:00,prod_062,seg_09,ctx_220,0.633,4,1
log_5610,2024-01-14 13:00:00,prod_047,seg_04,ctx_223,0.547,3,0
log_5611,2024-01-11 05:00:00,prod_079,seg_09,ctx_948,0.787,4,1
log_5612,2024-01-19 00:00:00,prod_037,seg_04,ctx_979,0.77,4,1
log_5613,2024-01-12 17:00:00,prod_030,seg_06,ctx_999,0.701,4,1
log_5614,2024-01-28 03:00:00,prod_027,seg_06,ctx_432,0.691,4,1
log_5615,2024-01-19 00:00:00,prod_092,seg_03,ctx_256,0.396,3,0
log_5616,2024-01-19 16:00:00,prod_078,seg_08,ctx_675,0.756,4,1
log_5617,2024-01-06 08:00:00,prod_025,seg_09,ctx_531,0.607,3,1
log_5618,2024-01-13 11:00:00,prod_028,seg_02,ctx_500,0.887,5,1
log_5619,2024-01-23 10:00:00,prod_073,seg_02,ctx_892,0.659,4,1
log_5620,2024-01-05 07:00:00,prod_043,seg_09,ctx_240,0.367,2,0
log_5621,2024-01-10 19:00:00,prod_032,seg_04,ctx_862,0.438,3,0
log_5622,2024-01-15 19:00:00,prod_016,seg_00,ctx_637,0.436,3,0
log_5623,2024-01-01 21:00:00,prod_083,seg_04,ctx_073,0.476,3,0
log_5624,2024-01-24 20:00:00,prod_059,seg_05,ctx_099,0.805,4,1
log_5625,2024-01-19 16:00:00,prod_035,seg_00,ctx_400,0.485,3,0
log_5626,2024-01-28 06:00:00,prod_010,seg_06,ctx_218,0.656,4,1
log_5627,2024-01-02 19:00:00,prod_053,seg_00,ctx_316,0.611,3,1
log_5628,2024-01-24 04:00:00,prod_017,seg_01,ctx_146,0.406,3,0
log_5629,2024-01-16 06:00:00,prod_063,seg_08,ctx_132,0.39,3,0
log_5630,2024-01-07 16:00:00,prod_065,seg_09,ctx_047,0.651,4,1
log_5631,2024-01-08 03:00:00,prod_028,seg_03,ctx_599,0.38,3,0
log_5632,2024-01-08 18:00:00,prod_012,seg_00,ctx_848,0.676,4,1
log_5633,2024-01-15 13:00:00,prod_058,seg_07,ctx_350,0.575,3,0
log_5634,2024-01-08 20:00:00,prod_002,seg_05,ctx_801,0.813,4,1
log_5635,2024-01-04 18:00:00,prod_039,seg_08,ctx_391,0.612,3,1
log_5636,2024-01-06 20:00:00,prod_034,seg_02,ctx_439,0.462,3,0
log_5637,2024-01-28 00:00:00,prod_010,seg_01,ctx_146,0.51,3,0
log_5638,2024-01-19 09:00:00,prod_083,seg_07,ctx_310,0.768,4,1
log_5639,2024-01-25 05:00:00,prod_043,seg_04,ctx_788,0.38,3,0
log_5640,2024-01-04 01:00:00,prod_072,seg_06,ctx_152,0.426,3,0
log_5641,2024-01-15 18:00:00,prod_031,seg_02,ctx_510,0.381,3,0
log_5642,2024-01-12 06:00:00,prod_012,seg_09,ctx_363,0.355,2,0
log_5643,2024-01-04 04:00:00,prod_090,seg_00,ctx_732,0.467,3,0
log_5644,2024-01-08 04:00:00,prod_037,seg_07,ctx_053,0.37,2,0
log_5645,2024-01-14 09:00:00,prod_058,seg_07,ctx_841,0.514,3,0
log_5646,2024-01-12 22:00:00,prod_045,seg_06,ctx_290,0.74,4,1
log_5647,2024-01-10 15:00:00,prod_015,seg_06,ctx_384,0.387,3,0
log_5648,2024-01-14 11:00:00,prod_013,seg_06,ctx_602,0.79,4,1
log_5649,2024-01-29 02:00:00,prod_044,seg_07,ctx_087,0.48,3,0
log_5650,2024-01-08 23:00:00,prod_042,seg_00,ctx_635,0.714,4,1
log_5651,2024-01-08 11:00:00,prod_006,seg_05,ctx_182,0.594,3,0
log_5652,2024-01-08 23:00:00,prod_014,seg_05,ctx_460,0.447,3,0
log_5653,2024-01-13 21:00:00,prod_099,seg_08,ctx_504,0.519,3,0
log_5654,2024-01-19 01:00:00,prod_021,seg_02,ctx_595,0.829,4,1
log_5655,2024-01-13 05:00:00,prod_084,seg_03,ctx_813,0.573,3,0
log_5656,2024-01-11 10:00:00,prod_052,seg_03,ctx_410,0.693,4,1
log_5657,2024-01-14 01:00:00,prod_050,seg_08,ctx_513,0.544,3,0
log_5658,2024-01-09 20:00:00,prod_070,seg_04,ctx_118,0.711,4,1
log_5659,2024-01-26 07:00:00,prod_062,seg_03,ctx_935,0.924,5,1
log_5660,2024-01-10 16:00:00,prod_098,seg_03,ctx_456,0.709,4,1
log_5661,2024-01-06 22:00:00,prod_098,seg_04,ctx_382,0.446,3,0
log_5662,2024-01-23 23:00:00,prod_054,seg_09,ctx_184,0.398,3,0
log_5663,2024-01-13 10:00:00,prod_082,seg_05,ctx_247,0.542,3,0
log_5664,2024-01-05 02:00:00,prod_010,seg_01,ctx_878,0.366,2,0
log_5665,2024-01-25 09:00:00,prod_098,seg_06,ctx_644,0.858,4,1
log_5666,2024-01-25 23:00:00,prod_081,seg_05,ctx_881,0.711,4,1
log_5667,2024-01-21 20:00:00,prod_030,seg_04,ctx_278,0.41,3,0
log_5668,2024-01-19 11:00:00,prod_051,seg_08,ctx_201,0.533,3,0
log_5669,2024-01-04 00:00:00,prod_056,seg_01,ctx_503,0.543,3,0
log_5670,2024-01-14 10:00:00,prod_012,seg_00,ctx_885,0.414,3,0
log_5671,2024-01-22 11:00:00,prod_033,seg_03,ctx_820,0.774,4,1
log_5672,2024-01-24 12:00:00,prod_041,seg_09,ctx_921,0.324,2,0
log_5673,2024-01-16 19:00:00,prod_069,seg_06,ctx_603,0.824,4,1
log_5674,2024-01-18 03:00:00,prod_005,seg_03,ctx_275,0.332,2,0
log_5675,2024-01-25 19:00:00,prod_026,seg_00,ctx_008,0.388,3,0
log_5676,2024-01-02 20:00:00,prod_046,seg_08,ctx_011,0.54,3,0
log_5677,2024-01-10 07:00:00,prod_061,seg_01,ctx_836,0.786,4,1
log_5678,2024-01-20 18:00:00,prod_083,seg_03,ctx_485,0.756,4,1
log_5679,2024-01-11 17:00:00,prod_085,seg_03,ctx_701,0.377,3,0
log_5680,2024-01-23 05:00:00,prod_007,seg_01,ctx_104,0.653,4,1
log_5681,2024-01-18 01:00:00,prod_002,seg_01,ctx_415,0.379,3,0
log_5682,2024-01-01 15:00:00,prod_010,seg_05,ctx_358,0.51,3,0
log_5683,2024-01-25 20:00:00,prod_000,seg_01,ctx_164,0.779,4,1
log_5684,2024-01-06 06:00:00,prod_097,seg_09,ctx_859,0.726,4,1
log_5685,2024-01-04 12:00:00,prod_084,seg_07,ctx_102,0.555,3,0
log_5686,2024-01-19 18:00:00,prod_083,seg_00,ctx_411,0.726,4,1
log_5687,2024-01-29 11:00:00,prod_072,seg_02,ctx_252,0.846,4,1
log_5688,2024-01-14 16:00:00,prod_064,seg_08,ctx_276,0.603,3,1
log_5689,2024-01-04 07:00:00,prod_079,seg_03,ctx_603,0.625,4,1
log_5690,2024-01-04 11:00:00,prod_034,seg_00,ctx_174,0.391,3,0
log_5691,2024-01-24 11:00:00,prod_081,seg_01,ctx_823,0.6,3,0
log_5692,2024-01-18 04:00:00,prod_032,seg_01,ctx_063,0.342,2,0
log_5693,2024-01-17 02:00:00,prod_007,seg_07,ctx_039,0.306,2,0
log_5694,2024-01-19 04:00:00,prod_000,seg_08,ctx_169,0.456,3,0
log_5695,2024-01-14 19:00:00,prod_097,seg_04,ctx_364,0.382,3,0
log_5696,2024-01-15 16:00:00,prod_070,seg_07,ctx_751,0.878,5,1
log_5697,2024-01-16 13:00:00,prod_064,seg_04,ctx_100,0.797,4,1
log_5698,2024-01-09 14:00:00,prod_050,seg_03,ctx_498,0.372,2,0
log_5699,2024-01-19 20:00:00,prod_023,seg_09,ctx_789,0.735,4,1
log_5700,2024-01-15 05:00:00,prod_034,seg_05,ctx_399,0.354,2,0
log_5701,2024-01-06 22:00:00,prod_002,seg_04,ctx_503,0.524,3,0
log_5702,2024-01-11 05:00:00,prod_056,seg_00,ctx_149,0.493,3,0
log_5703,2024-01-21 15:00:00,prod_051,seg_00,ctx_615,0.705,4,1
log_5704,2024-01-04 13:00:00,prod_005,seg_00,ctx_280,0.554,3,0
log_5705,2024-01-29 15:00:00,prod_060,seg_01,ctx_708,0.824,4,1
log_5706,2024-01-07 10:00:00,prod_024,seg_02,ctx_708,0.454,3,0
log_5707,2024-01-08 09:00:00,prod_060,seg_00,ctx_264,0.814,4,1
log_5708,2024-01-18 21:00:00,prod_076,seg_01,ctx_698,0.595,3,0
log_5709,2024-01-12 12:00:00,prod_076,seg_02,ctx_971,0.507,3,0
log_5710,2024-01-21 04:00:00,prod_058,seg_09,ctx_845,0.407,3,0
log_5711,2024-01-18 22:00:00,prod_027,seg_09,ctx_182,0.564,3,0
log_5712,2024-01-04 13:00:00,prod_006,seg_06,ctx_871,0.434,3,0
log_5713,2024-01-15 20:00:00,prod_006,seg_07,ctx_946,0.415,3,0
log_5714,2024-01-09 19:00:00,prod_014,seg_08,ctx_597,0.414,3,0
log_5715,2024-01-12 17:00:00,prod_037,seg_01,ctx_510,0.641,4,1
log_5716,2024-01-26 11:00:00,prod_049,seg_07,ctx_833,0.56,3,0
log_5717,2024-01-30 14:00:00,prod_097,seg_00,ctx_023,0.466,3,0
log_5718,2024-01-10 13:00:00,prod_085,seg_03,ctx_658,0.566,3,0
log_5719,2024-01-08 07:00:00,prod_021,seg_06,ctx_688,0.557,3,0
log_5720,2024-01-30 20:00:00,prod_051,seg_07,ctx_602,0.897,5,1
log_5721,2024-01-03 11:00:00,prod_065,seg_00,ctx_224,0.353,2,0
log_5722,2024-01-06 07:00:00,prod_051,seg_05,ctx_400,0.747,4,1
log_5723,2024-01-21 14:00:00,prod_031,seg_02,ctx_369,0.557,3,0
log_5724,2024-01-01 08:00:00,prod_035,seg_09,ctx_358,0.48,3,0
log_5725,2024-01-30 20:00:00,prod_049,seg_05,ctx_600,0.459,3,0
log_5726,2024-01-09 13:00:00,prod_038,seg_00,ctx_398,0.867,4,1
log_5727,2024-01-23 12:00:00,prod_062,seg_07,ctx_362,0.558,3,0
log_5728,2024-01-18 19:00:00,prod_028,seg_02,ctx_942,0.866,4,1
log_5729,2024-01-16 08:00:00,prod_087,seg_08,ctx_952,0.345,2,0
log_5730,2024-01-28 17:00:00,prod_063,seg_03,ctx_812,0.845,4,1
log_5731,2024-01-08 10:00:00,prod_079,seg_01,ctx_850,0.37,2,0
log_5732,2024-01-27 00:00:00,prod_062,seg_08,ctx_333,0.44,3,0
log_5733,2024-01-05 04:00:00,prod_046,seg_07,ctx_745,0.419,3,0
log_5734,2024-01-07 05:00:00,prod_073,seg_06,ctx_566,0.822,4,1
log_5735,2024-01-10 01:00:00,prod_072,seg_08,ctx_644,0.743,4,1
log_5736,2024-01-01 08:00:00,prod_005,seg_05,ctx_954,0.484,3,0
log_5737,2024-01-11 18:00:00,prod_051,seg_08,ctx_357,0.708,4,1
log_5738,2024-01-24 08:00:00,prod_002,seg_08,ctx_177,0.729,4,1
log_5739,2024-01-19 07:00:00,prod_015,seg_05,ctx_485,0.383,3,0
log_5740,2024-01-08 07:00:00,prod_069,seg_04,ctx_274,0.47,3,0
log_5741,2024-01-11 08:00:00,prod_072,seg_05,ctx_825,0.604,3,1
log_5742,2024-01-27 14:00:00,prod_086,seg_01,ctx_890,0.483,3,0
log_5743,2024-01-17 23:00:00,prod_025,seg_07,ctx_376,0.571,3,0
log_5744,2024-01-27 05:00:00,prod_044,seg_00,ctx_096,0.607,3,1
log_5745,2024-01-06 23:00:00,prod_099,seg_09,ctx_543,0.45,3,0
log_5746,2024-01-03 11:00:00,prod_061,seg_07,ctx_110,0.775,4,1
log_5747,2024-01-19 06:00:00,prod_032,seg_04,ctx_289,0.895,5,1
log_5748,2024-01-16 22:00:00,prod_071,seg_05,ctx_574,0.677,4,1
log_5749,2024-01-02 13:00:00,prod_058,seg_09,ctx_656,0.829,4,1
log_5750,2024-01-11 11:00:00,prod_000,seg_06,ctx_433,0.839,4,1
log_5751,2024-01-17 09:00:00,prod_087,seg_00,ctx_956,0.43,3,0
log_5752,2024-01-22 09:00:00,prod_014,seg_07,ctx_041,0.381,3,0
log_5753,2024-01-22 14:00:00,prod_084,seg_09,ctx_380,0.692,4,1
log_5754,2024-01-05 03:00:00,prod_058,seg_04,ctx_851,0.756,4,1
log_5755,2024-01-29 20:00:00,prod_024,seg_04,ctx_955,0.43,3,0
log_5756,2024-01-18 15:00:00,prod_075,seg_05,ctx_176,0.412,3,0
log_5757,2024-01-01 23:00:00,prod_065,seg_02,ctx_102,0.525,3,0
log_5758,2024-01-05 05:00:00,prod_069,seg_04,ctx_712,0.551,3,0
log_5759,2024-01-13 20:00:00,prod_023,seg_02,ctx_972,0.797,4,1
log_5760,2024-01-26 08:00:00,prod_079,seg_00,ctx_750,0.717,4,1
log_5761,2024-01-03 08:00:00,prod_074,seg_08,ctx_069,0.696,4,1
log_5762,2024-01-18 13:00:00,prod_071,seg_06,ctx_410,0.399,3,0
log_5763,2024-01-27 06:00:00,prod_056,seg_09,ctx_159,0.394,3,0
log_5764,2024-01-23 14:00:00,prod_064,seg_01,ctx_188,0.631,4,1
log_5765,2024-01-11 00:00:00,prod_003,seg_09,ctx_834,0.753,4,1
log_5766,2024-01-06 22:00:00,prod_000,seg_06,ctx_509,0.886,5,1
log_5767,2024-01-03 07:00:00,prod_013,seg_07,ctx_120,0.343,2,0
log_5768,2024-01-13 15:00:00,prod_034,seg_01,ctx_767,0.736,4,1
log_5769,2024-01-21 12:00:00,prod_028,seg_04,ctx_237,0.401,3,0
log_5770,2024-01-03 20:00:00,prod_012,seg_03,ctx_452,0.568,3,0
log_5771,2024-01-22 07:00:00,prod_089,seg_07,ctx_005,0.322,2,0
log_5772,2024-01-10 16:00:00,prod_007,seg_00,ctx_604,0.442,3,0
log_5773,2024-01-04 07:00:00,prod_025,seg_09,ctx_563,0.424,3,0
log_5774,2024-01-05 09:00:00,prod_029,seg_07,ctx_089,0.49,3,0
log_5775,2024-01-16 04:00:00,prod_094,seg_07,ctx_453,0.548,3,0
log_5776,2024-01-28 12:00:00,prod_040,seg_06,ctx_886,0.687,4,1
log_5777,2024-01-06 09:00:00,prod_020,seg_06,ctx_050,0.628,4,1
log_5778,2024-01-25 03:00:00,prod_092,seg_09,ctx_715,0.563,3,0
log_5779,2024-01-23 11:00:00,prod_027,seg_03,ctx_521,0.791,4,1
log_5780,2024-01-14 02:00:00,prod_016,seg_02,ctx_682,0.493,3,0
log_5781,2024-01-28 09:00:00,prod_003,seg_08,ctx_922,0.49,3,0
log_5782,2024-01-19 03:00:00,prod_062,seg_08,ctx_568,0.581,3,0
log_5783,2024-01-24 21:00:00,prod_003,seg_01,ctx_123,0.758,4,1
log_5784,2024-01-01 00:00:00,prod_057,seg_09,ctx_787,0.472,3,0
log_5785,2024-01-23 17:00:00,prod_055,seg_04,ctx_626,0.769,4,1
log_5786,2024-01-03 14:00:00,prod_053,seg_04,ctx_431,0.719,4,1
log_5787,2024-01-20 11:00:00,prod_083,seg_01,ctx_337,0.404,3,0
log_5788,2024-01-13 12:00:00,prod_004,seg_01,ctx_151,0.691,4,1
log_5789,2024-01-02 12:00:00,prod_055,seg_07,ctx_884,0.757,4,1
log_5790,2024-01-30 05:00:00,prod_007,seg_04,ctx_403,0.52,3,0
log_5791,2024-01-26 02:00:00,prod_011,seg_03,ctx_785,0.567,3,0
log_5792,2024-01-09 14:00:00,prod_024,seg_09,ctx_725,0.673,4,1
log_5793,2024-01-14 23:00:00,prod_095,seg_09,ctx_131,0.406,3,0
log_5794,2024-01-15 09:00:00,prod_093,seg_05,ctx_583,0.534,3,0
log_5795,2024-01-01 20:00:00,prod_046,seg_08,ctx_099,0.553,3,0
log_5796,2024-01-16 06:00:00,prod_068,seg_00,ctx_737,0.334,2,0
log_5797,2024-01-16 15:00:00,prod_083,seg_02,ctx_157,0.408,3,0
log_5798,2024-01-19 06:00:00,prod_046,seg_02,ctx_782,0.551,3,0
log_5799,2024-01-05 15:00:00,prod_014,seg_05,ctx_929,0.568,3,0
log_5800,2024-01-16 15:00:00,prod_056,seg_03,ctx_106,0.317,2,0
log_5801,2024-01-02 10:00:00,prod_098,seg_03,ctx_967,0.729,4,1
log_5802,2024-01-22 14:00:00,prod_077,seg_06,ctx_527,0.589,3,0
log_5803,2024-01-29 21:00:00,prod_029,seg_00,ctx_017,0.857,4,1
log_5804,2024-01-22 21:00:00,prod_068,seg_06,ctx_553,0.791,4,1
log_5805,2024-01-18 06:00:00,prod_016,seg_03,ctx_200,0.729,4,1
log_5806,2024-01-09 08:00:00,prod_083,seg_08,ctx_413,0.777,4,1
log_5807,2024-01-25 19:00:00,prod_019,seg_09,ctx_688,0.351,2,0
log_5808,2024-01-24 08:00:00,prod_097,seg_04,ctx_243,0.708,4,1
log_5809,2024-01-30 20:00:00,prod_049,seg_04,ctx_670,0.824,4,1
log_5810,2024-01-01 07:00:00,prod_042,seg_01,ctx_226,0.527,3,0
log_5811,2024-01-01 05:00:00,prod_074,seg_04,ctx_889,0.443,3,0
log_5812,2024-01-07 12:00:00,prod_070,seg_08,ctx_686,0.784,4,1
log_5813,2024-01-02 23:00:00,prod_024,seg_05,ctx_470,0.8,4,1
log_5814,2024-01-30 02:00:00,prod_032,seg_01,ctx_108,0.526,3,0
log_5815,2024-01-05 05:00:00,prod_092,seg_00,ctx_171,0.646,4,1
log_5816,2024-01-28 01:00:00,prod_041,seg_01,ctx_205,0.412,3,0
log_5817,2024-01-27 07:00:00,prod_069,seg_07,ctx_984,0.449,3,0
log_5818,2024-01-12 14:00:00,prod_047,seg_01,ctx_929,0.872,4,1
log_5819,2024-01-22 13:00:00,prod_080,seg_06,ctx_061,0.332,2,0
log_5820,2024-01-12 14:00:00,prod_030,seg_03,ctx_995,0.402,3,0
log_5821,2024-01-12 10:00:00,prod_021,seg_01,ctx_106,0.637,4,1
log_5822,2024-01-20 06:00:00,prod_009,seg_01,ctx_711,0.491,3,0
log_5823,2024-01-01 05:00:00,prod_097,seg_07,ctx_265,0.507,3,0
log_5824,2024-01-08 16:00:00,prod_093,seg_05,ctx_839,0.587,3,0
log_5825,2024-01-28 04:00:00,prod_039,seg_08,ctx_313,0.465,3,0
log_5826,2024-01-23 20:00:00,prod_060,seg_07,ctx_601,0.391,3,0
log_5827,2024-01-23 07:00:00,prod_023,seg_03,ctx_127,0.521,3,0
log_5828,2024-01-27 02:00:00,prod_007,seg_02,ctx_543,0.603,3,1
log_5829,2024-01-03 17:00:00,prod_038,seg_07,ctx_554,0.897,5,1
log_5830,2024-01-29 08:00:00,prod_090,seg_07,ctx_166,0.743,4,1
log_5831,2024-01-12 17:00:00,prod_027,seg_08,ctx_660,0.778,4,1
log_5832,2024-01-19 08:00:00,prod_008,seg_05,ctx_278,0.58,3,0
log_5833,2024-01-12 06:00:00,prod_095,seg_03,ctx_683,0.791,4,1
log_5834,2024-01-26 06:00:00,prod_063,seg_04,ctx_037,0.881,5,1
log_5835,2024-01-19 09:00:00,prod_094,seg_03,ctx_261,0.749,4,1
log_5836,2024-01-26 03:00:00,prod_005,seg_05,ctx_384,0.692,4,1
log_5837,2024-01-14 02:00:00,prod_010,seg_09,ctx_605,0.357,2,0
log_5838,2024-01-24 07:00:00,prod_006,seg_01,ctx_235,0.438,3,0
log_5839,2024-01-03 12:00:00,prod_071,seg_05,ctx_896,0.793,4,1
log_5840,2024-01-12 12:00:00,prod_074,seg_01,ctx_480,0.467,3,0
log_5841,2024-01-20 13:00:00,prod_042,seg_07,ctx_114,0.402,3,0
log_5842,2024-01-26 17:00:00,prod_041,seg_05,ctx_527,0.533,3,0
log_5843,2024-01-29 19:00:00,prod_012,seg_00,ctx_232,0.328,2,0
log_5844,2024-01-11 06:00:00,prod_085,seg_01,ctx_380,0.595,3,0
log_5845,2024-01-12 20:00:00,prod_058,seg_03,ctx_677,0.635,4,1
log_5846,2024-01-21 17:00:00,prod_033,seg_00,ctx_694,0.398,3,0
log_5847,2024-01-30 14:00:00,prod_084,seg_04,ctx_239,0.86,4,1
log_5848,2024-01-16 22:00:00,prod_097,seg_00,ctx_974,0.558,3,0
log_5849,2024-01-16 13:00:00,prod_064,seg_02,ctx_471,0.471,3,0
log_5850,2024-01-29 21:00:00,prod_094,seg_04,ctx_225,0.403,3,0
log_5851,2024-01-05 08:00:00,prod_046,seg_03,ctx_821,0.963,5,1
log_5852,2024-01-05 12:00:00,prod_094,seg_02,ctx_820,0.98,5,1
log_5853,2024-01-22 18:00:00,prod_014,seg_04,ctx_329,0.663,4,1
log_5854,2024-01-13 23:00:00,prod_024,seg_07,ctx_505,0.695,4,1
log_5855,2024-01-03 22:00:00,prod_029,seg_07,ctx_505,0.8,4,1
log_5856,2024-01-20 05:00:00,prod_005,seg_09,ctx_826,0.618,3,1
log_5857,2024-01-23 13:00:00,prod_090,seg_02,ctx_646,0.819,4,1
log_5858,2024-01-21 16:00:00,prod_030,seg_00,ctx_828,0.878,5,1
log_5859,2024-01-24 09:00:00,prod_039,seg_09,ctx_802,0.578,3,0
log_5860,2024-01-22 04:00:00,prod_016,seg_09,ctx_675,0.669,4,1
log_5861,2024-01-20 18:00:00,prod_048,seg_07,ctx_652,0.844,4,1
log_5862,2024-01-09 20:00:00,prod_039,seg_02,ctx_033,0.303,2,0
log_5863,2024-01-08 00:00:00,prod_057,seg_00,ctx_218,0.509,3,0
log_5864,2024-01-20 15:00:00,prod_097,seg_08,ctx_776,0.762,4,1
log_5865,2024-01-02 17:00:00,prod_002,seg_04,ctx_302,0.657,4,1
log_5866,2024-01-15 04:00:00,prod_066,seg_03,ctx_667,0.455,3,0
log_5867,2024-01-06 21:00:00,prod_040,seg_03,ctx_946,0.694,4,1
log_5868,2024-01-19 13:00:00,prod_023,seg_06,ctx_756,0.587,3,0
log_5869,2024-01-07 19:00:00,prod_038,seg_03,ctx_820,0.735,4,1
log_5870,2024-01-22 09:00:00,prod_039,seg_09,ctx_848,0.478,3,0
log_5871,2024-01-29 10:00:00,prod_078,seg_02,ctx_617,0.809,4,1
log_5872,2024-01-11 10:00:00,prod_014,seg_01,ctx_721,0.702,4,1
log_5873,2024-01-26 07:00:00,prod_085,seg_00,ctx_505,0.36,2,0
log_5874,2024-01-27 07:00:00,prod_092,seg_06,ctx_570,0.537,3,0
log_5875,2024-01-11 12:00:00,prod_097,seg_08,ctx_018,0.391,3,0
log_5876,2024-01-12 09:00:00,prod_010,seg_05,ctx_574,0.798,4,1
log_5877,2024-01-18 04:00:00,prod_079,seg_03,ctx_341,0.374,2,0
log_5878,2024-01-26 05:00:00,prod_054,seg_00,ctx_149,0.876,5,1
log_5879,2024-01-05 05:00:00,prod_019,seg_04,ctx_482,0.726,4,1
log_5880,2024-01-27 07:00:00,prod_020,seg_02,ctx_612,0.665,4,1
log_5881,2024-01-30 03:00:00,prod_092,seg_02,ctx_643,0.775,4,1
log_5882,2024-01-06 20:00:00,prod_008,seg_09,ctx_026,0.409,3,0
log_5883,2024-01-14 03:00:00,prod_081,seg_07,ctx_840,0.441,3,0
log_5884,2024-01-10 11:00:00,prod_054,seg_04,ctx_461,0.343,2,0
log_5885,2024-01-26 00:00:00,prod_019,seg_09,ctx_603,0.879,5,1
log_5886,2024-01-17 19:00:00,prod_097,seg_06,ctx_746,0.515,3,0
log_5887,2024-01-13 12:00:00,prod_026,seg_00,ctx_379,0.445,3,0
log_5888,2024-01-19 05:00:00,prod_083,seg_01,ctx_088,0.735,4,1
log_5889,2024-01-28 06:00:00,prod_024,seg_05,ctx_221,0.394,3,0
log_5890,2024-01-30 12:00:00,prod_018,seg_01,ctx_274,0.303,2,0
log_5891,2024-01-24 03:00:00,prod_094,seg_07,ctx_067,0.673,4,1
log_5892,2024-01-17 23:00:00,prod_076,seg_08,ctx_238,0.667,4,1
log_5893,2024-01-17 01:00:00,prod_000,seg_02,ctx_212,0.906,5,1
log_5894,2024-01-27 06:00:00,prod_016,seg_07,ctx_672,0.553,3,0
log_5895,2024-01-20 16:00:00,prod_099,seg_04,ctx_710,0.482,3,0
log_5896,2024-01-25 08:00:00,prod_063,seg_06,ctx_353,0.598,3,0
log_5897,2024-01-13 17:00:00,prod_094,seg_00,ctx_519,0.54,3,0
log_5898,2024-01-23 16:00:00,prod_024,seg_09,ctx_885,0.664,4,1
log_5899,2024-01-01 02:00:00,prod_048,seg_04,ctx_505,0.712,4,1
log_5900,2024-01-01 02:00:00,prod_034,seg_03,ctx_106,0.447,3,0
log_5901,2024-01-17 02:00:00,prod_082,seg_04,ctx_487,0.444,3,0
log_5902,2024-01-25 15:00:00,prod_038,seg_03,ctx_103,0.656,4,1
log_5903,2024-01-17 01:00:00,prod_024,seg_05,ctx_775,0.36,2,0
log_5904,2024-01-12 14:00:00,prod_068,seg_07,ctx_223,0.439,3,0
log_5905,2024-01-05 06:00:00,prod_095,seg_04,ctx_578,0.809,4,1
log_5906,2024-01-19 02:00:00,prod_022,seg_03,ctx_776,0.686,4,1
log_5907,2024-01-27 03:00:00,prod_047,seg_03,ctx_959,0.544,3,0
log_5908,2024-01-01 06:00:00,prod_068,seg_09,ctx_177,0.33,2,0
log_5909,2024-01-20 22:00:00,prod_063,seg_04,ctx_325,0.709,4,1
log_5910,2024-01-14 09:00:00,prod_030,seg_08,ctx_650,0.625,3,1
log_5911,2024-01-04 09:00:00,prod_001,seg_07,ctx_373,0.432,3,0
log_5912,2024-01-18 04:00:00,prod_082,seg_02,ctx_451,0.677,4,1
log_5913,2024-01-12 14:00:00,prod_066,seg_05,ctx_655,0.74,4,1
log_5914,2024-01-26 07:00:00,prod_005,seg_08,ctx_323,0.883,5,1
log_5915,2024-01-16 13:00:00,prod_031,seg_07,ctx_822,0.331,2,0
log_5916,2024-01-15 09:00:00,prod_013,seg_02,ctx_498,0.81,4,1
log_5917,2024-01-23 19:00:00,prod_097,seg_03,ctx_170,0.472,3,0
log_5918,2024-01-26 09:00:00,prod_061,seg_09,ctx_830,0.78,4,1
log_5919,2024-01-04 06:00:00,prod_025,seg_08,ctx_888,0.891,5,1
log_5920,2024-01-19 19:00:00,prod_033,seg_09,ctx_256,0.559,3,0
log_5921,2024-01-11 21:00:00,prod_069,seg_09,ctx_225,0.715,4,1
log_5922,2024-01-16 13:00:00,prod_062,seg_04,ctx_541,0.982,5,1
log_5923,2024-01-07 16:00:00,prod_074,seg_02,ctx_754,0.532,3,0
log_5924,2024-01-03 17:00:00,prod_013,seg_03,ctx_939,0.602,3,1
log_5925,2024-01-21 17:00:00,prod_057,seg_05,ctx_537,0.546,3,0
log_5926,2024-01-17 09:00:00,prod_065,seg_07,ctx_110,0.778,4,1
log_5927,2024-01-04 00:00:00,prod_057,seg_09,ctx_639,0.89,5,1
log_5928,2024-01-25 18:00:00,prod_060,seg_06,ctx_496,0.589,3,0
log_5929,2024-01-28 03:00:00,prod_027,seg_09,ctx_604,0.576,3,0
log_5930,2024-01-08 17:00:00,prod_074,seg_00,ctx_241,0.48,3,0
log_5931,2024-01-25 20:00:00,prod_017,seg_02,ctx_374,0.45,3,0
log_5932,2024-01-09 04:00:00,prod_086,seg_06,ctx_657,0.847,4,1
log_5933,2024-01-07 04:00:00,prod_094,seg_05,ctx_627,0.386,3,0
log_5934,2024-01-25 23:00:00,prod_016,seg_08,ctx_095,0.786,4,1
log_5935,2024-01-19 18:00:00,prod_099,seg_07,ctx_599,0.451,3,0
log_5936,2024-01-03 01:00:00,prod_056,seg_03,ctx_961,0.43,3,0
log_5937,2024-01-22 18:00:00,prod_073,seg_07,ctx_412,0.823,4,1
log_5938,2024-01-18 04:00:00,prod_099,seg_00,ctx_466,0.763,4,1
log_5939,2024-01-28 08:00:00,prod_089,seg_04,ctx_732,0.719,4,1
log_5940,2024-01-06 02:00:00,prod_052,seg_06,ctx_333,0.564,3,0
log_5941,2024-01-10 16:00:00,prod_030,seg_09,ctx_084,0.812,4,1
log_5942,2024-01-14 14:00:00,prod_039,seg_02,ctx_879,0.527,3,0
log_5943,2024-01-02 08:00:00,prod_099,seg_01,ctx_526,0.522,3,0
log_5944,2024-01-02 09:00:00,prod_014,seg_00,ctx_773,0.825,4,1
log_5945,2024-01-27 10:00:00,prod_055,seg_01,ctx_044,0.702,4,1
log_5946,2024-01-30 02:00:00,prod_061,seg_08,ctx_949,0.626,4,1
log_5947,2024-01-13 14:00:00,prod_030,seg_07,ctx_700,0.502,3,0
log_5948,2024-01-20 04:00:00,prod_004,seg_07,ctx_038,0.441,3,0
log_5949,2024-01-22 18:00:00,prod_008,seg_03,ctx_378,0.681,4,1
log_5950,2024-01-09 05:00:00,prod_061,seg_04,ctx_427,0.505,3,0
log_5951,2024-01-08 17:00:00,prod_046,seg_08,ctx_334,0.931,5,1
log_5952,2024-01-08 18:00:00,prod_080,seg_06,ctx_118,0.67,4,1
log_5953,2024-01-15 07:00:00,prod_002,seg_09,ctx_802,0.819,4,1
log_5954,2024-01-17 19:00:00,prod_029,seg_05,ctx_842,0.636,4,1
log_5955,2024-01-05 01:00:00,prod_077,seg_07,ctx_881,0.315,2,0
log_5956,2024-01-16 10:00:00,prod_070,seg_04,ctx_417,0.825,4,1
log_5957,2024-01-26 18:00:00,prod_093,seg_02,ctx_247,0.418,3,0
log_5958,2024-01-05 21:00:00,prod_005,seg_03,ctx_054,0.545,3,0
log_5959,2024-01-27 16:00:00,prod_086,seg_00,ctx_883,0.729,4,1
log_5960,2024-01-17 19:00:00,prod_041,seg_01,ctx_836,0.647,4,1
log_5961,2024-01-03 03:00:00,prod_096,seg_05,ctx_225,0.888,5,1
log_5962,2024-01-18 12:00:00,prod_077,seg_02,ctx_999,0.632,4,1
log_5963,2024-01-19 04:00:00,prod_018,seg_02,ctx_335,0.783,4,1
log_5964,2024-01-29 06:00:00,prod_044,seg_09,ctx_862,0.463,3,0
log_5965,2024-01-04 12:00:00,prod_060,seg_08,ctx_704,0.708,4,1
log_5966,2024-01-05 15:00:00,prod_053,seg_02,ctx_514,0.678,4,1
log_5967,2024-01-25 10:00:00,prod_098,seg_06,ctx_607,0.48,3,0
log_5968,2024-01-16 03:00:00,prod_012,seg_01,ctx_769,0.407,3,0
log_5969,2024-01-23 12:00:00,prod_099,seg_03,ctx_063,0.926,5,1
log_5970,2024-01-08 23:00:00,prod_082,seg_00,ctx_920,0.545,3,0
log_5971,2024-01-25 12:00:00,prod_062,seg_06,ctx_433,0.457,3,0
log_5972,2024-01-21 21:00:00,prod_032,seg_03,ctx_419,0.304,2,0
log_5973,2024-01-18 02:00:00,prod_052,seg_00,ctx_166,0.54,3,0
log_5974,2024-01-18 20:00:00,prod_014,seg_03,ctx_038,0.935,5,1
log_5975,2024-01-20 04:00:00,prod_017,seg_06,ctx_731,0.706,4,1
log_5976,2024-01-03 00:00:00,prod_066,seg_04,ctx_894,0.333,2,0
log_5977,2024-01-15 23:00:00,prod_026,seg_01,ctx_704,0.543,3,0
log_5978,2024-01-16 05:00:00,prod_092,seg_01,ctx_592,0.623,3,1
log_5979,2024-01-14 12:00:00,prod_007,seg_02,ctx_255,0.357,2,0
log_5980,2024-01-23 00:00:00,prod_031,seg_00,ctx_937,0.448,3,0
log_5981,2024-01-30 14:00:00,prod_072,seg_06,ctx_174,0.823,4,1
log_5982,2024-01-13 18:00:00,prod_007,seg_06,ctx_179,0.472,3,0
log_5983,2024-01-03 17:00:00,prod_057,seg_04,ctx_892,0.864,4,1
log_5984,2024-01-18 04:00:00,prod_073,seg_05,ctx_983,0.716,4,1
log_5985,2024-01-16 20:00:00,prod_010,seg_00,ctx_884,0.763,4,1
log_5986,2024-01-03 06:00:00,prod_042,seg_07,ctx_581,0.818,4,1
log_5987,2024-01-13 04:00:00,prod_056,seg_03,ctx_979,0.462,3,0
log_5988,2024-01-19 21:00:00,prod_060,seg_08,ctx_167,0.582,3,0
log_5989,2024-01-24 10:00:00,prod_006,seg_06,ctx_722,0.398,3,0
log_5990,2024-01-01 16:00:00,prod_043,seg_06,ctx_181,0.305,2,0
log_5991,2024-01-08 15:00:00,prod_083,seg_03,ctx_244,0.667,4,1
log_5992,2024-01-13 15:00:00,prod_031,seg_06,ctx_627,0.333,2,0
log_5993,2024-01-28 02:00:00,prod_013,seg_07,ctx_585,0.409,3,0
log_5994,2024-01-10 05:00:00,prod_014,seg_07,ctx_045,0.343,2,0
log_5995,2024-01-20 09:00:00,prod_079,seg_06,ctx_048,0.894,5,1
log_5996,2024-01-10 14:00:00,prod_013,seg_08,ctx_355,0.718,4,1
log_5997,2024-01-10 10:00:00,prod_056,seg_01,ctx_890,0.386,3,0
log_5998,2024-01-11 22:00:00,prod_070,seg_04,ctx_508,0.833,4,1
log_5999,2024-01-19 23:00:00,prod_019,seg_04,ctx_199,0.475,3,0
log_6000,2024-01-02 07:00:00,prod_087,seg_01,ctx_878,0.355,2,0
log_6001,2024-01-18 19:00:00,prod_001,seg_08,ctx_413,0.347,2,0
log_6002,2024-01-10 01:00:00,prod_024,seg_00,ctx_266,0.856,4,1
log_6003,2024-01-17 14:00:00,prod_096,seg_05,ctx_099,0.561,3,0
log_6004,2024-01-14 10:00:00,prod_072,seg_09,ctx_065,0.737,4,1
log_6005,2024-01-17 15:00:00,prod_018,seg_02,ctx_483,0.429,3,0
log_6006,2024-01-04 00:00:00,prod_023,seg_01,ctx_883,0.724,4,1
log_6007,2024-01-14 09:00:00,prod_036,seg_04,ctx_461,0.65,4,1
log_6008,2024-01-13 04:00:00,prod_022,seg_04,ctx_665,0.81,4,1
log_6009,2024-01-22 04:00:00,prod_020,seg_04,ctx_697,0.993,5,1
log_6010,2024-01-22 14:00:00,prod_052,seg_01,ctx_629,0.849,4,1
log_6011,2024-01-22 15:00:00,prod_079,seg_03,ctx_624,0.33,2,0
log_6012,2024-01-06 03:00:00,prod_015,seg_07,ctx_365,0.557,3,0
log_6013,2024-01-26 17:00:00,prod_005,seg_03,ctx_820,0.329,2,0
log_6014,2024-01-11 10:00:00,prod_009,seg_02,ctx_341,0.683,4,1
log_6015,2024-01-13 04:00:00,prod_034,seg_04,ctx_643,0.592,3,0
log_6016,2024-01-13 09:00:00,prod_014,seg_01,ctx_927,0.763,4,1
log_6017,2024-01-02 06:00:00,prod_098,seg_00,ctx_158,0.482,3,0
log_6018,2024-01-18 05:00:00,prod_084,seg_00,ctx_977,0.734,4,1
log_6019,2024-01-11 12:00:00,prod_017,seg_08,ctx_011,0.659,4,1
log_6020,2024-01-17 07:00:00,prod_036,seg_04,ctx_525,0.359,2,0
log_6021,2024-01-29 11:00:00,prod_005,seg_04,ctx_784,0.83,4,1
log_6022,2024-01-20 12:00:00,prod_027,seg_02,ctx_302,0.663,4,1
log_6023,2024-01-26 12:00:00,prod_065,seg_09,ctx_756,0.433,3,0
log_6024,2024-01-17 13:00:00,prod_002,seg_07,ctx_832,0.588,3,0
log_6025,2024-01-30 07:00:00,prod_082,seg_07,ctx_563,0.638,4,1
log_6026,2024-01-11 01:00:00,prod_033,seg_08,ctx_264,0.307,2,0
log_6027,2024-01-05 03:00:00,prod_065,seg_07,ctx_685,0.792,4,1
log_6028,2024-01-10 10:00:00,prod_058,seg_01,ctx_891,0.715,4,1
log_6029,2024-01-28 05:00:00,prod_079,seg_01,ctx_755,0.835,4,1
log_6030,2024-01-14 02:00:00,prod_012,seg_07,ctx_048,0.882,5,1
log_6031,2024-01-03 14:00:00,prod_013,seg_02,ctx_715,0.334,2,0
log_6032,2024-01-01 20:00:00,prod_068,seg_02,ctx_331,0.84,4,1
log_6033,2024-01-02 20:00:00,prod_058,seg_04,ctx_680,0.71,4,1
log_6034,2024-01-08 12:00:00,prod_070,seg_02,ctx_908,0.78,4,1
log_6035,2024-01-11 04:00:00,prod_045,seg_08,ctx_231,0.576,3,0
log_6036,2024-01-02 21:00:00,prod_046,seg_08,ctx_129,0.896,5,1
log_6037,2024-01-03 19:00:00,prod_002,seg_02,ctx_200,0.571,3,0
log_6038,2024-01-28 20:00:00,prod_029,seg_04,ctx_079,0.425,3,0
log_6039,2024-01-27 08:00:00,prod_093,seg_08,ctx_314,0.418,3,0
log_6040,2024-01-09 21:00:00,prod_096,seg_09,ctx_782,0.399,3,0
log_6041,2024-01-06 12:00:00,prod_078,seg_05,ctx_789,0.83,4,1
log_6042,2024-01-17 13:00:00,prod_067,seg_00,ctx_504,0.55,3,0
log_6043,2024-01-18 13:00:00,prod_060,seg_03,ctx_005,0.781,4,1
log_6044,2024-01-24 18:00:00,prod_020,seg_04,ctx_665,0.886,5,1
log_6045,2024-01-26 14:00:00,prod_069,seg_05,ctx_807,0.657,4,1
log_6046,2024-01-10 16:00:00,prod_070,seg_00,ctx_352,0.816,4,1
log_6047,2024-01-29 20:00:00,prod_057,seg_01,ctx_444,0.719,4,1
log_6048,2024-01-04 04:00:00,prod_090,seg_07,ctx_835,0.52,3,0
log_6049,2024-01-18 10:00:00,prod_026,seg_02,ctx_873,0.802,4,1
log_6050,2024-01-11 06:00:00,prod_081,seg_06,ctx_831,0.747,4,1
log_6051,2024-01-21 20:00:00,prod_001,seg_06,ctx_833,0.771,4,1
log_6052,2024-01-28 07:00:00,prod_044,seg_03,ctx_682,0.908,5,1
log_6053,2024-01-27 13:00:00,prod_076,seg_01,ctx_248,0.511,3,0
log_6054,2024-01-01 05:00:00,prod_067,seg_02,ctx_431,0.511,3,0
log_6055,2024-01-08 19:00:00,prod_085,seg_03,ctx_854,0.504,3,0
log_6056,2024-01-30 02:00:00,prod_070,seg_04,ctx_349,0.851,4,1
log_6057,2024-01-08 11:00:00,prod_006,seg_07,ctx_988,0.731,4,1
log_6058,2024-01-29 02:00:00,prod_052,seg_08,ctx_711,0.913,5,1
log_6059,2024-01-15 07:00:00,prod_064,seg_03,ctx_047,0.741,4,1
log_6060,2024-01-13 09:00:00,prod_098,seg_06,ctx_859,0.553,3,0
log_6061,2024-01-05 21:00:00,prod_089,seg_03,ctx_629,0.958,5,1
log_6062,2024-01-28 20:00:00,prod_022,seg_03,ctx_826,0.62,3,1
log_6063,2024-01-21 08:00:00,prod_066,seg_07,ctx_364,0.876,5,1
log_6064,2024-01-16 17:00:00,prod_039,seg_01,ctx_153,0.422,3,0
log_6065,2024-01-07 07:00:00,prod_060,seg_08,ctx_391,0.402,3,0
log_6066,2024-01-07 00:00:00,prod_090,seg_01,ctx_872,0.736,4,1
log_6067,2024-01-11 16:00:00,prod_042,seg_07,ctx_961,0.895,5,1
log_6068,2024-01-16 15:00:00,prod_002,seg_05,ctx_842,0.877,5,1
log_6069,2024-01-05 04:00:00,prod_025,seg_01,ctx_478,0.712,4,1
log_6070,2024-01-07 13:00:00,prod_071,seg_06,ctx_404,0.892,5,1
log_6071,2024-01-08 02:00:00,prod_037,seg_08,ctx_378,0.73,4,1
log_6072,2024-01-21 02:00:00,prod_012,seg_03,ctx_920,0.598,3,0
log_6073,2024-01-09 16:00:00,prod_073,seg_08,ctx_642,0.895,5,1
log_6074,2024-01-21 17:00:00,prod_043,seg_07,ctx_950,0.504,3,0
log_6075,2024-01-04 19:00:00,prod_032,seg_05,ctx_336,0.568,3,0
log_6076,2024-01-29 08:00:00,prod_043,seg_05,ctx_402,0.714,4,1
log_6077,2024-01-27 12:00:00,prod_040,seg_07,ctx_856,0.621,3,1
log_6078,2024-01-16 16:00:00,prod_097,seg_02,ctx_900,0.557,3,0
log_6079,2024-01-03 15:00:00,prod_066,seg_09,ctx_411,0.824,4,1
log_6080,2024-01-16 11:00:00,prod_052,seg_07,ctx_551,0.781,4,1
log_6081,2024-01-08 21:00:00,prod_012,seg_01,ctx_055,0.409,3,0
log_6082,2024-01-23 18:00:00,prod_012,seg_03,ctx_693,0.522,3,0
log_6083,2024-01-05 04:00:00,prod_032,seg_02,ctx_021,0.642,4,1
log_6084,2024-01-20 13:00:00,prod_096,seg_03,ctx_113,0.682,4,1
log_6085,2024-01-04 06:00:00,prod_007,seg_07,ctx_884,0.742,4,1
log_6086,2024-01-24 02:00:00,prod_068,seg_08,ctx_159,0.764,4,1
log_6087,2024-01-06 02:00:00,prod_044,seg_01,ctx_627,0.47,3,0
log_6088,2024-01-22 19:00:00,prod_032,seg_04,ctx_344,0.667,4,1
log_6089,2024-01-18 14:00:00,prod_088,seg_08,ctx_411,0.532,3,0
log_6090,2024-01-05 00:00:00,prod_071,seg_01,ctx_670,0.729,4,1
log_6091,2024-01-14 01:00:00,prod_025,seg_01,ctx_718,0.596,3,0
log_6092,2024-01-13 21:00:00,prod_054,seg_01,ctx_314,0.68,4,1
log_6093,2024-01-16 18:00:00,prod_013,seg_02,ctx_665,0.894,5,1
log_6094,2024-01-30 10:00:00,prod_076,seg_06,ctx_309,0.891,5,1
log_6095,2024-01-12 11:00:00,prod_050,seg_02,ctx_109,0.46,3,0
log_6096,2024-01-11 05:00:00,prod_024,seg_08,ctx_613,0.531,3,0
log_6097,2024-01-28 13:00:00,prod_070,seg_03,ctx_257,0.538,3,0
log_6098,2024-01-21 01:00:00,prod_013,seg_02,ctx_000,0.61,3,1
log_6099,2024-01-03 13:00:00,prod_014,seg_06,ctx_517,0.321,2,0
log_6100,2024-01-06 02:00:00,prod_047,seg_09,ctx_332,0.554,3,0
log_6101,2024-01-01 17:00:00,prod_044,seg_03,ctx_452,0.685,4,1
log_6102,2024-01-14 14:00:00,prod_051,seg_09,ctx_803,0.665,4,1
log_6103,2024-01-06 11:00:00,prod_089,seg_05,ctx_662,0.531,3,0
log_6104,2024-01-09 20:00:00,prod_064,seg_03,ctx_735,0.408,3,0
log_6105,2024-01-02 11:00:00,prod_073,seg_01,ctx_943,0.308,2,0
log_6106,2024-01-06 05:00:00,prod_066,seg_01,ctx_898,0.886,5,1
log_6107,2024-01-18 04:00:00,prod_000,seg_06,ctx_807,0.792,4,1
log_6108,2024-01-02 05:00:00,prod_086,seg_07,ctx_839,0.609,3,1
log_6109,2024-01-21 13:00:00,prod_020,seg_03,ctx_065,0.789,4,1
log_6110,2024-01-19 08:00:00,prod_046,seg_02,ctx_794,0.488,3,0
log_6111,2024-01-25 12:00:00,prod_021,seg_00,ctx_378,0.386,3,0
log_6112,2024-01-04 19:00:00,prod_000,seg_05,ctx_417,0.465,3,0
log_6113,2024-01-25 01:00:00,prod_028,seg_06,ctx_079,0.468,3,0
log_6114,2024-01-26 17:00:00,prod_059,seg_04,ctx_264,0.527,3,0
log_6115,2024-01-05 20:00:00,prod_070,seg_06,ctx_574,0.317,2,0
log_6116,2024-01-25 12:00:00,prod_007,seg_02,ctx_437,0.613,3,1
log_6117,2024-01-28 01:00:00,prod_068,seg_05,ctx_692,0.732,4,1
log_6118,2024-01-06 09:00:00,prod_016,seg_02,ctx_843,0.31,2,0
log_6119,2024-01-22 14:00:00,prod_062,seg_03,ctx_361,0.454,3,0
log_6120,2024-01-29 22:00:00,prod_030,seg_04,ctx_541,0.774,4,1
log_6121,2024-01-25 01:00:00,prod_007,seg_06,ctx_326,0.364,2,0
log_6122,2024-01-06 15:00:00,prod_032,seg_02,ctx_568,0.872,4,1
log_6123,2024-01-10 10:00:00,prod_022,seg_07,ctx_885,0.342,2,0
log_6124,2024-01-19 20:00:00,prod_098,seg_05,ctx_885,0.701,4,1
log_6125,2024-01-28 15:00:00,prod_080,seg_06,ctx_704,0.867,4,1
log_6126,2024-01-02 11:00:00,prod_037,seg_04,ctx_908,0.485,3,0
log_6127,2024-01-18 14:00:00,prod_039,seg_08,ctx_917,0.88,5,1
log_6128,2024-01-11 20:00:00,prod_074,seg_04,ctx_219,0.695,4,1
log_6129,2024-01-10 04:00:00,prod_093,seg_04,ctx_529,0.581,3,0
log_6130,2024-01-16 18:00:00,prod_094,seg_09,ctx_764,0.427,3,0
log_6131,2024-01-16 02:00:00,prod_065,seg_04,ctx_451,0.675,4,1
log_6132,2024-01-28 02:00:00,prod_084,seg_07,ctx_945,0.852,4,1
log_6133,2024-01-11 19:00:00,prod_063,seg_06,ctx_717,0.674,4,1
log_6134,2024-01-09 20:00:00,prod_001,seg_01,ctx_214,0.847,4,1
log_6135,2024-01-14 16:00:00,prod_099,seg_01,ctx_772,0.546,3,0
log_6136,2024-01-02 17:00:00,prod_085,seg_08,ctx_686,0.671,4,1
log_6137,2024-01-02 11:00:00,prod_018,seg_06,ctx_282,0.725,4,1
log_6138,2024-01-13 22:00:00,prod_079,seg_05,ctx_692,0.443,3,0
log_6139,2024-01-15 12:00:00,prod_044,seg_03,ctx_394,0.894,5,1
log_6140,2024-01-03 22:00:00,prod_040,seg_05,ctx_413,0.555,3,0
log_6141,2024-01-30 03:00:00,prod_052,seg_08,ctx_982,0.623,3,1
log_6142,2024-01-16 15:00:00,prod_005,seg_00,ctx_933,0.605,3,1
log_6143,2024-01-26 10:00:00,prod_085,seg_03,ctx_531,0.436,3,0
log_6144,2024-01-09 08:00:00,prod_002,seg_04,ctx_076,0.435,3,0
log_6145,2024-01-16 08:00:00,prod_097,seg_03,ctx_528,0.872,4,1
log_6146,2024-01-09 05:00:00,prod_013,seg_06,ctx_770,0.631,4,1
log_6147,2024-01-30 19:00:00,prod_079,seg_08,ctx_312,0.804,4,1
log_6148,2024-01-04 23:00:00,prod_034,seg_02,ctx_398,0.812,4,1
log_6149,2024-01-25 16:00:00,prod_007,seg_00,ctx_400,0.757,4,1
log_6150,2024-01-06 08:00:00,prod_079,seg_09,ctx_578,0.797,4,1
log_6151,2024-01-10 11:00:00,prod_027,seg_00,ctx_069,0.338,2,0
log_6152,2024-01-12 17:00:00,prod_092,seg_03,ctx_579,0.688,4,1
log_6153,2024-01-10 11:00:00,prod_007,seg_05,ctx_382,0.688,4,1
log_6154,2024-01-27 11:00:00,prod_024,seg_07,ctx_116,0.569,3,0
log_6155,2024-01-19 15:00:00,prod_021,seg_06,ctx_709,0.419,3,0
log_6156,2024-01-23 11:00:00,prod_030,seg_04,ctx_536,0.439,3,0
log_6157,2024-01-10 02:00:00,prod_086,seg_06,ctx_548,0.342,2,0
log_6158,2024-01-11 15:00:00,prod_021,seg_09,ctx_932,0.688,4,1
log_6159,2024-01-06 17:00:00,prod_059,seg_02,ctx_014,0.891,5,1
log_6160,2024-01-01 02:00:00,prod_030,seg_00,ctx_945,0.609,3,1
log_6161,2024-01-19 16:00:00,prod_062,seg_07,ctx_220,0.512,3,0
log_6162,2024-01-26 18:00:00,prod_031,seg_01,ctx_278,0.721,4,1
log_6163,2024-01-09 02:00:00,prod_023,seg_03,ctx_927,0.781,4,1
log_6164,2024-01-17 02:00:00,prod_078,seg_01,ctx_607,0.425,3,0
log_6165,2024-01-18 17:00:00,prod_027,seg_01,ctx_610,0.597,3,0
log_6166,2024-01-10 14:00:00,prod_033,seg_01,ctx_050,0.355,2,0
log_6167,2024-01-21 14:00:00,prod_034,seg_07,ctx_954,0.442,3,0
log_6168,2024-01-07 13:00:00,prod_027,seg_04,ctx_253,0.415,3,0
log_6169,2024-01-16 07:00:00,prod_015,seg_03,ctx_297,0.59,3,0
log_6170,2024-01-19 00:00:00,prod_008,seg_03,ctx_285,0.552,3,0
log_6171,2024-01-09 12:00:00,prod_015,seg_00,ctx_371,0.481,3,0
log_6172,2024-01-06 02:00:00,prod_095,seg_05,ctx_506,0.38,3,0
log_6173,2024-01-02 23:00:00,prod_091,seg_00,ctx_893,0.861,4,1
log_6174,2024-01-30 20:00:00,prod_069,seg_09,ctx_123,0.574,3,0
log_6175,2024-01-13 17:00:00,prod_050,seg_08,ctx_040,0.764,4,1
log_6176,2024-01-29 15:00:00,prod_052,seg_08,ctx_968,0.595,3,0
log_6177,2024-01-07 11:00:00,prod_091,seg_07,ctx_275,0.353,2,0
log_6178,2024-01-22 01:00:00,prod_089,seg_05,ctx_761,0.864,4,1
log_6179,2024-01-25 20:00:00,prod_048,seg_08,ctx_868,0.355,2,0
log_6180,2024-01-19 17:00:00,prod_077,seg_02,ctx_302,0.542,3,0
log_6181,2024-01-21 01:00:00,prod_021,seg_09,ctx_351,0.581,3,0
log_6182,2024-01-04 10:00:00,prod_065,seg_07,ctx_254,0.582,3,0
log_6183,2024-01-07 12:00:00,prod_036,seg_00,ctx_967,0.568,3,0
log_6184,2024-01-30 10:00:00,prod_028,seg_03,ctx_806,0.733,4,1
log_6185,2024-01-10 07:00:00,prod_054,seg_06,ctx_949,0.51,3,0
log_6186,2024-01-30 05:00:00,prod_095,seg_02,ctx_551,0.816,4,1
log_6187,2024-01-14 16:00:00,prod_057,seg_09,ctx_937,0.406,3,0
log_6188,2024-01-02 22:00:00,prod_056,seg_04,ctx_889,0.744,4,1
log_6189,2024-01-15 20:00:00,prod_024,seg_01,ctx_901,0.687,4,1
log_6190,2024-01-02 01:00:00,prod_028,seg_02,ctx_997,0.853,4,1
log_6191,2024-01-15 20:00:00,prod_034,seg_02,ctx_888,0.755,4,1
log_6192,2024-01-27 08:00:00,prod_014,seg_07,ctx_060,0.899,5,1
log_6193,2024-01-04 12:00:00,prod_062,seg_01,ctx_034,0.586,3,0
log_6194,2024-01-05 17:00:00,prod_056,seg_00,ctx_801,0.31,2,0
log_6195,2024-01-09 13:00:00,prod_091,seg_08,ctx_400,0.652,4,1
log_6196,2024-01-26 09:00:00,prod_045,seg_01,ctx_711,0.378,3,0
log_6197,2024-01-27 13:00:00,prod_033,seg_02,ctx_632,0.607,3,1
log_6198,2024-01-24 12:00:00,prod_034,seg_08,ctx_592,0.796,4,1
log_6199,2024-01-08 19:00:00,prod_095,seg_01,ctx_488,0.583,3,0
log_6200,2024-01-26 07:00:00,prod_088,seg_09,ctx_265,0.806,4,1
log_6201,2024-01-28 09:00:00,prod_078,seg_03,ctx_662,0.524,3,0
log_6202,2024-01-09 10:00:00,prod_056,seg_00,ctx_737,0.796,4,1
log_6203,2024-01-02 18:00:00,prod_053,seg_08,ctx_417,0.871,4,1
log_6204,2024-01-10 19:00:00,prod_074,seg_09,ctx_814,0.862,4,1
log_6205,2024-01-05 18:00:00,prod_064,seg_05,ctx_255,0.606,3,1
log_6206,2024-01-09 21:00:00,prod_019,seg_08,ctx_463,0.393,3,0
log_6207,2024-01-14 09:00:00,prod_019,seg_07,ctx_579,0.416,3,0
log_6208,2024-01-26 03:00:00,prod_049,seg_01,ctx_715,0.537,3,0
log_6209,2024-01-05 01:00:00,prod_074,seg_07,ctx_059,0.778,4,1
log_6210,2024-01-30 12:00:00,prod_015,seg_05,ctx_973,0.465,3,0
log_6211,2024-01-10 16:00:00,prod_049,seg_07,ctx_780,0.671,4,1
log_6212,2024-01-15 19:00:00,prod_044,seg_07,ctx_252,0.515,3,0
log_6213,2024-01-05 17:00:00,prod_054,seg_04,ctx_277,0.643,4,1
log_6214,2024-01-12 23:00:00,prod_074,seg_05,ctx_034,0.68,4,1
log_6215,2024-01-08 04:00:00,prod_086,seg_01,ctx_554,0.325,2,0
log_6216,2024-01-20 14:00:00,prod_035,seg_00,ctx_790,0.531,3,0
log_6217,2024-01-15 09:00:00,prod_087,seg_01,ctx_779,0.8,4,1
log_6218,2024-01-26 05:00:00,prod_067,seg_05,ctx_569,0.38,3,0
log_6219,2024-01-26 12:00:00,prod_017,seg_03,ctx_113,0.673,4,1
log_6220,2024-01-07 21:00:00,prod_048,seg_03,ctx_506,0.432,3,0
log_6221,2024-01-13 23:00:00,prod_046,seg_09,ctx_233,0.727,4,1
log_6222,2024-01-17 05:00:00,prod_074,seg_09,ctx_094,0.517,3,0
log_6223,2024-01-04 20:00:00,prod_003,seg_03,ctx_750,0.801,4,1
log_6224,2024-01-13 21:00:00,prod_015,seg_05,ctx_702,0.449,3,0
log_6225,2024-01-21 05:00:00,prod_055,seg_00,ctx_799,0.831,4,1
log_6226,2024-01-27 09:00:00,prod_050,seg_01,ctx_028,0.39,3,0
log_6227,2024-01-25 20:00:00,prod_006,seg_00,ctx_672,0.598,3,0
log_6228,2024-01-21 05:00:00,prod_021,seg_04,ctx_307,0.83,4,1
log_6229,2024-01-23 01:00:00,prod_082,seg_07,ctx_913,0.792,4,1
log_6230,2024-01-21 13:00:00,prod_065,seg_04,ctx_061,0.887,5,1
log_6231,2024-01-10 17:00:00,prod_063,seg_00,ctx_316,0.803,4,1
log_6232,2024-01-29 13:00:00,prod_063,seg_01,ctx_331,0.627,4,1
log_6233,2024-01-11 21:00:00,prod_044,seg_03,ctx_666,0.561,3,0
log_6234,2024-01-07 18:00:00,prod_064,seg_09,ctx_972,0.647,4,1
log_6235,2024-01-25 15:00:00,prod_026,seg_08,ctx_825,0.431,3,0
log_6236,2024-01-22 12:00:00,prod_043,seg_00,ctx_942,0.586,3,0
log_6237,2024-01-07 11:00:00,prod_097,seg_07,ctx_291,0.59,3,0
log_6238,2024-01-01 14:00:00,prod_094,seg_00,ctx_479,0.718,4,1
log_6239,2024-01-18 18:00:00,prod_090,seg_05,ctx_609,0.525,3,0
log_6240,2024-01-04 13:00:00,prod_085,seg_05,ctx_167,0.534,3,0
log_6241,2024-01-21 05:00:00,prod_087,seg_01,ctx_452,0.789,4,1
log_6242,2024-01-10 22:00:00,prod_053,seg_02,ctx_531,0.845,4,1
log_6243,2024-01-19 07:00:00,prod_051,seg_07,ctx_031,0.446,3,0
log_6244,2024-01-21 23:00:00,prod_064,seg_06,ctx_165,0.355,2,0
log_6245,2024-01-28 16:00:00,prod_052,seg_08,ctx_766,0.448,3,0
log_6246,2024-01-04 08:00:00,prod_042,seg_00,ctx_170,0.668,4,1
log_6247,2024-01-13 20:00:00,prod_070,seg_03,ctx_736,0.521,3,0
log_6248,2024-01-16 17:00:00,prod_073,seg_01,ctx_301,0.496,3,0
log_6249,2024-01-19 01:00:00,prod_015,seg_05,ctx_071,0.671,4,1
log_6250,2024-01-26 04:00:00,prod_076,seg_04,ctx_705,0.572,3,0
log_6251,2024-01-27 21:00:00,prod_084,seg_09,ctx_002,0.843,4,1
log_6252,2024-01-05 18:00:00,prod_092,seg_05,ctx_856,0.878,5,1
log_6253,2024-01-19 17:00:00,prod_036,seg_03,ctx_511,0.636,4,1
log_6254,2024-01-16 14:00:00,prod_014,seg_05,ctx_704,0.497,3,0
log_6255,2024-01-02 19:00:00,prod_037,seg_06,ctx_902,0.726,4,1
log_6256,2024-01-16 12:00:00,prod_053,seg_01,ctx_505,0.885,5,1
log_6257,2024-01-29 17:00:00,prod_016,seg_04,ctx_413,0.481,3,0
log_6258,2024-01-17 03:00:00,prod_016,seg_06,ctx_766,0.894,5,1
log_6259,2024-01-07 09:00:00,prod_090,seg_00,ctx_746,0.74,4,1
log_6260,2024-01-18 02:00:00,prod_024,seg_00,ctx_963,0.436,3,0
log_6261,2024-01-22 04:00:00,prod_022,seg_09,ctx_589,0.732,4,1
log_6262,2024-01-01 23:00:00,prod_029,seg_09,ctx_908,0.365,2,0
log_6263,2024-01-17 09:00:00,prod_055,seg_06,ctx_808,0.476,3,0
log_6264,2024-01-02 03:00:00,prod_047,seg_09,ctx_267,0.69,4,1
log_6265,2024-01-01 05:00:00,prod_017,seg_01,ctx_781,0.43,3,0
log_6266,2024-01-01 09:00:00,prod_067,seg_05,ctx_482,0.579,3,0
log_6267,2024-01-19 08:00:00,prod_024,seg_00,ctx_570,0.387,3,0
log_6268,2024-01-02 12:00:00,prod_094,seg_00,ctx_394,0.466,3,0
log_6269,2024-01-03 05:00:00,prod_081,seg_09,ctx_768,0.71,4,1
log_6270,2024-01-29 19:00:00,prod_007,seg_00,ctx_481,0.752,4,1
log_6271,2024-01-27 04:00:00,prod_015,seg_08,ctx_689,0.554,3,0
log_6272,2024-01-19 10:00:00,prod_087,seg_06,ctx_637,0.657,4,1
log_6273,2024-01-11 17:00:00,prod_006,seg_09,ctx_515,0.712,4,1
log_6274,2024-01-01 05:00:00,prod_035,seg_00,ctx_901,0.522,3,0
log_6275,2024-01-04 08:00:00,prod_095,seg_01,ctx_086,0.52,3,0
log_6276,2024-01-04 15:00:00,prod_075,seg_02,ctx_793,0.69,4,1
log_6277,2024-01-28 23:00:00,prod_057,seg_00,ctx_025,0.547,3,0
log_6278,2024-01-01 14:00:00,prod_073,seg_00,ctx_028,0.681,4,1
log_6279,2024-01-30 06:00:00,prod_062,seg_01,ctx_096,0.663,4,1
log_6280,2024-01-06 06:00:00,prod_032,seg_04,ctx_312,0.318,2,0
log_6281,2024-01-20 17:00:00,prod_019,seg_02,ctx_765,0.807,4,1
log_6282,2024-01-19 10:00:00,prod_045,seg_02,ctx_041,0.343,2,0
log_6283,2024-01-04 03:00:00,prod_068,seg_07,ctx_949,0.539,3,0
log_6284,2024-01-22 19:00:00,prod_025,seg_09,ctx_886,0.567,3,0
log_6285,2024-01-13 06:00:00,prod_094,seg_09,ctx_469,0.348,2,0
log_6286,2024-01-12 04:00:00,prod_051,seg_01,ctx_102,0.416,3,0
log_6287,2024-01-20 07:00:00,prod_065,seg_02,ctx_209,0.866,4,1
log_6288,2024-01-24 12:00:00,prod_087,seg_03,ctx_612,0.719,4,1
log_6289,2024-01-03 14:00:00,prod_023,seg_01,ctx_188,0.534,3,0
log_6290,2024-01-12 17:00:00,prod_099,seg_01,ctx_119,0.562,3,0
log_6291,2024-01-20 12:00:00,prod_015,seg_06,ctx_479,0.755,4,1
log_6292,2024-01-22 03:00:00,prod_049,seg_05,ctx_475,0.866,4,1
log_6293,2024-01-20 19:00:00,prod_078,seg_04,ctx_288,0.83,4,1
log_6294,2024-01-18 09:00:00,prod_048,seg_09,ctx_465,0.309,2,0
log_6295,2024-01-22 20:00:00,prod_074,seg_03,ctx_290,0.414,3,0
log_6296,2024-01-20 05:00:00,prod_016,seg_04,ctx_926,0.638,4,1
log_6297,2024-01-15 05:00:00,prod_017,seg_04,ctx_792,0.733,4,1
log_6298,2024-01-12 01:00:00,prod_044,seg_03,ctx_874,0.666,4,1
log_6299,2024-01-29 11:00:00,prod_021,seg_07,ctx_569,0.789,4,1
log_6300,2024-01-20 04:00:00,prod_032,seg_05,ctx_264,0.642,4,1
log_6301,2024-01-08 02:00:00,prod_040,seg_05,ctx_086,0.618,3,1
log_6302,2024-01-20 06:00:00,prod_067,seg_00,ctx_434,0.388,3,0
log_6303,2024-01-30 06:00:00,prod_094,seg_02,ctx_475,0.46,3,0
log_6304,2024-01-10 03:00:00,prod_019,seg_05,ctx_686,0.562,3,0
log_6305,2024-01-25 12:00:00,prod_068,seg_06,ctx_210,0.584,3,0
log_6306,2024-01-07 07:00:00,prod_055,seg_08,ctx_467,0.443,3,0
log_6307,2024-01-04 18:00:00,prod_036,seg_06,ctx_595,0.82,4,1
log_6308,2024-01-12 19:00:00,prod_022,seg_02,ctx_316,0.402,3,0
log_6309,2024-01-25 18:00:00,prod_048,seg_01,ctx_743,0.609,3,1
log_6310,2024-01-13 15:00:00,prod_087,seg_06,ctx_126,0.649,4,1
log_6311,2024-01-10 16:00:00,prod_015,seg_05,ctx_069,0.304,2,0
log_6312,2024-01-28 22:00:00,prod_041,seg_06,ctx_426,0.542,3,0
log_6313,2024-01-14 17:00:00,prod_010,seg_09,ctx_642,0.704,4,1
log_6314,2024-01-11 04:00:00,prod_091,seg_08,ctx_356,0.906,5,1
log_6315,2024-01-16 21:00:00,prod_082,seg_02,ctx_860,0.449,3,0
log_6316,2024-01-23 12:00:00,prod_097,seg_07,ctx_010,0.556,3,0
log_6317,2024-01-21 14:00:00,prod_040,seg_01,ctx_793,0.526,3,0
log_6318,2024-01-07 00:00:00,prod_082,seg_06,ctx_420,0.337,2,0
log_6319,2024-01-17 23:00:00,prod_063,seg_02,ctx_128,0.395,3,0
log_6320,2024-01-16 11:00:00,prod_096,seg_09,ctx_548,0.377,3,0
log_6321,2024-01-30 05:00:00,prod_043,seg_00,ctx_543,0.371,2,0
log_6322,2024-01-19 09:00:00,prod_057,seg_08,ctx_424,0.571,3,0
log_6323,2024-01-08 13:00:00,prod_032,seg_04,ctx_263,0.556,3,0
log_6324,2024-01-22 08:00:00,prod_071,seg_08,ctx_068,0.657,4,1
log_6325,2024-01-23 19:00:00,prod_016,seg_01,ctx_491,0.301,2,0
log_6326,2024-01-02 01:00:00,prod_040,seg_04,ctx_154,0.48,3,0
log_6327,2024-01-09 17:00:00,prod_063,seg_05,ctx_305,0.362,2,0
log_6328,2024-01-08 12:00:00,prod_079,seg_08,ctx_725,0.884,5,1
log_6329,2024-01-25 04:00:00,prod_028,seg_04,ctx_489,0.768,4,1
log_6330,2024-01-16 17:00:00,prod_074,seg_05,ctx_448,0.672,4,1
log_6331,2024-01-09 07:00:00,prod_052,seg_08,ctx_966,0.823,4,1
log_6332,2024-01-19 02:00:00,prod_072,seg_05,ctx_750,0.418,3,0
log_6333,2024-01-02 07:00:00,prod_065,seg_05,ctx_911,0.522,3,0
log_6334,2024-01-02 11:00:00,prod_095,seg_00,ctx_704,0.73,4,1
log_6335,2024-01-18 21:00:00,prod_067,seg_09,ctx_724,0.798,4,1
log_6336,2024-01-28 09:00:00,prod_024,seg_04,ctx_375,0.737,4,1
log_6337,2024-01-20 14:00:00,prod_029,seg_06,ctx_523,0.686,4,1
log_6338,2024-01-17 18:00:00,prod_093,seg_07,ctx_133,0.891,5,1
log_6339,2024-01-29 14:00:00,prod_034,seg_09,ctx_076,0.708,4,1
log_6340,2024-01-08 03:00:00,prod_065,seg_01,ctx_162,0.873,4,1
log_6341,2024-01-01 09:00:00,prod_057,seg_04,ctx_427,0.587,3,0
log_6342,2024-01-27 10:00:00,prod_023,seg_05,ctx_927,0.544,3,0
log_6343,2024-01-11 17:00:00,prod_002,seg_00,ctx_946,0.428,3,0
log_6344,2024-01-14 19:00:00,prod_099,seg_08,ctx_902,0.425,3,0
log_6345,2024-01-26 21:00:00,prod_001,seg_09,ctx_610,0.435,3,0
log_6346,2024-01-25 19:00:00,prod_041,seg_01,ctx_637,0.357,2,0
log_6347,2024-01-22 14:00:00,prod_020,seg_08,ctx_909,0.772,4,1
log_6348,2024-01-21 10:00:00,prod_031,seg_00,ctx_999,0.411,3,0
log_6349,2024-01-23 05:00:00,prod_084,seg_02,ctx_884,0.763,4,1
log_6350,2024-01-22 17:00:00,prod_083,seg_09,ctx_424,0.763,4,1
log_6351,2024-01-25 12:00:00,prod_000,seg_05,ctx_560,0.323,2,0
log_6352,2024-01-20 00:00:00,prod_098,seg_07,ctx_881,0.778,4,1
log_6353,2024-01-06 16:00:00,prod_052,seg_00,ctx_576,0.308,2,0
log_6354,2024-01-02 06:00:00,prod_074,seg_09,ctx_853,0.781,4,1
log_6355,2024-01-03 03:00:00,prod_088,seg_02,ctx_179,0.669,4,1
log_6356,2024-01-13 03:00:00,prod_087,seg_06,ctx_037,0.646,4,1
log_6357,2024-01-19 18:00:00,prod_032,seg_08,ctx_402,0.615,3,1
log_6358,2024-01-30 08:00:00,prod_077,seg_03,ctx_657,0.74,4,1
log_6359,2024-01-16 09:00:00,prod_085,seg_00,ctx_962,0.829,4,1
log_6360,2024-01-25 02:00:00,prod_015,seg_01,ctx_237,0.804,4,1
log_6361,2024-01-10 15:00:00,prod_038,seg_03,ctx_830,0.559,3,0
log_6362,2024-01-28 04:00:00,prod_056,seg_08,ctx_816,0.402,3,0
log_6363,2024-01-23 20:00:00,prod_037,seg_08,ctx_629,0.867,4,1
log_6364,2024-01-12 19:00:00,prod_002,seg_08,ctx_532,0.363,2,0
log_6365,2024-01-05 04:00:00,prod_018,seg_05,ctx_042,0.815,4,1
log_6366,2024-01-15 10:00:00,prod_093,seg_09,ctx_418,0.645,4,1
log_6367,2024-01-03 09:00:00,prod_022,seg_09,ctx_682,0.722,4,1
log_6368,2024-01-16 07:00:00,prod_035,seg_05,ctx_349,0.732,4,1
log_6369,2024-01-16 02:00:00,prod_036,seg_03,ctx_341,0.662,4,1
log_6370,2024-01-30 10:00:00,prod_055,seg_01,ctx_310,0.835,4,1
log_6371,2024-01-21 22:00:00,prod_031,seg_03,ctx_801,0.45,3,0
log_6372,2024-01-15 11:00:00,prod_090,seg_00,ctx_327,0.809,4,1
log_6373,2024-01-06 10:00:00,prod_016,seg_02,ctx_479,0.439,3,0
log_6374,2024-01-27 15:00:00,prod_039,seg_04,ctx_924,0.312,2,0
log_6375,2024-01-05 15:00:00,prod_038,seg_05,ctx_795,0.484,3,0
log_6376,2024-01-29 20:00:00,prod_043,seg_06,ctx_388,0.672,4,1
log_6377,2024-01-15 10:00:00,prod_077,seg_03,ctx_118,0.788,4,1
log_6378,2024-01-20 19:00:00,prod_026,seg_00,ctx_473,0.722,4,1
log_6379,2024-01-11 19:00:00,prod_019,seg_00,ctx_353,0.573,3,0
log_6380,2024-01-14 05:00:00,prod_035,seg_03,ctx_129,0.889,5,1
log_6381,2024-01-04 04:00:00,prod_065,seg_04,ctx_043,0.501,3,0
log_6382,2024-01-13 04:00:00,prod_050,seg_09,ctx_578,0.573,3,0
log_6383,2024-01-11 02:00:00,prod_025,seg_06,ctx_105,0.861,4,1
log_6384,2024-01-02 17:00:00,prod_065,seg_02,ctx_894,0.641,4,1
log_6385,2024-01-08 14:00:00,prod_016,seg_04,ctx_338,0.386,3,0
log_6386,2024-01-19 15:00:00,prod_018,seg_09,ctx_106,0.55,3,0
log_6387,2024-01-07 01:00:00,prod_031,seg_09,ctx_357,0.548,3,0
log_6388,2024-01-06 07:00:00,prod_061,seg_09,ctx_770,0.776,4,1
log_6389,2024-01-01 21:00:00,prod_093,seg_04,ctx_433,0.645,4,1
log_6390,2024-01-03 13:00:00,prod_010,seg_08,ctx_652,0.903,5,1
log_6391,2024-01-22 10:00:00,prod_023,seg_06,ctx_999,0.631,4,1
log_6392,2024-01-07 23:00:00,prod_025,seg_04,ctx_259,0.827,4,1
log_6393,2024-01-12 16:00:00,prod_028,seg_02,ctx_150,0.863,4,1
log_6394,2024-01-01 08:00:00,prod_002,seg_02,ctx_526,0.338,2,0
log_6395,2024-01-20 14:00:00,prod_020,seg_07,ctx_357,0.899,5,1
log_6396,2024-01-26 01:00:00,prod_078,seg_02,ctx_480,0.518,3,0
log_6397,2024-01-14 02:00:00,prod_007,seg_02,ctx_056,0.778,4,1
log_6398,2024-01-02 11:00:00,prod_022,seg_07,ctx_670,0.84,4,1
log_6399,2024-01-29 03:00:00,prod_078,seg_03,ctx_640,0.414,3,0
log_6400,2024-01-01 19:00:00,prod_096,seg_01,ctx_675,0.859,4,1
log_6401,2024-01-29 10:00:00,prod_074,seg_02,ctx_662,0.728,4,1
log_6402,2024-01-23 10:00:00,prod_059,seg_05,ctx_178,0.615,3,1
log_6403,2024-01-23 03:00:00,prod_052,seg_05,ctx_912,0.52,3,0
log_6404,2024-01-30 15:00:00,prod_039,seg_05,ctx_313,0.81,4,1
log_6405,2024-01-17 19:00:00,prod_072,seg_07,ctx_390,0.5,3,0
log_6406,2024-01-19 11:00:00,prod_007,seg_03,ctx_255,0.398,3,0
log_6407,2024-01-23 04:00:00,prod_017,seg_00,ctx_723,0.795,4,1
log_6408,2024-01-22 07:00:00,prod_024,seg_09,ctx_852,0.544,3,0
log_6409,2024-01-22 08:00:00,prod_039,seg_05,ctx_321,0.806,4,1
log_6410,2024-01-26 13:00:00,prod_081,seg_04,ctx_202,0.616,3,1
log_6411,2024-01-09 19:00:00,prod_021,seg_09,ctx_021,0.852,4,1
log_6412,2024-01-22 15:00:00,prod_087,seg_05,ctx_075,0.81,4,1
log_6413,2024-01-28 17:00:00,prod_016,seg_05,ctx_053,0.839,4,1
log_6414,2024-01-26 06:00:00,prod_082,seg_02,ctx_139,0.422,3,0
log_6415,2024-01-17 12:00:00,prod_057,seg_06,ctx_329,0.831,4,1
log_6416,2024-01-09 18:00:00,prod_078,seg_08,ctx_232,0.469,3,0
log_6417,2024-01-02 06:00:00,prod_025,seg_05,ctx_847,0.788,4,1
log_6418,2024-01-21 19:00:00,prod_086,seg_03,ctx_597,0.84,4,1
log_6419,2024-01-25 13:00:00,prod_084,seg_07,ctx_309,0.559,3,0
log_6420,2024-01-15 10:00:00,prod_021,seg_05,ctx_288,0.804,4,1
log_6421,2024-01-30 17:00:00,prod_022,seg_03,ctx_792,0.739,4,1
log_6422,2024-01-22 16:00:00,prod_099,seg_04,ctx_663,0.517,3,0
log_6423,2024-01-16 16:00:00,prod_041,seg_02,ctx_601,0.547,3,0
log_6424,2024-01-27 17:00:00,prod_065,seg_04,ctx_920,0.398,3,0
log_6425,2024-01-16 01:00:00,prod_098,seg_02,ctx_595,0.922,5,1
log_6426,2024-01-05 11:00:00,prod_030,seg_07,ctx_584,0.419,3,0
log_6427,2024-01-22 03:00:00,prod_048,seg_05,ctx_864,0.699,4,1
log_6428,2024-01-08 12:00:00,prod_055,seg_00,ctx_013,0.405,3,0
log_6429,2024-01-16 13:00:00,prod_083,seg_06,ctx_340,0.553,3,0
log_6430,2024-01-28 06:00:00,prod_039,seg_08,ctx_123,0.548,3,0
log_6431,2024-01-25 15:00:00,prod_037,seg_02,ctx_972,0.465,3,0
log_6432,2024-01-11 21:00:00,prod_077,seg_04,ctx_936,0.599,3,0
log_6433,2024-01-06 07:00:00,prod_072,seg_09,ctx_222,0.759,4,1
log_6434,2024-01-29 10:00:00,prod_040,seg_07,ctx_835,0.53,3,0
log_6435,2024-01-16 05:00:00,prod_043,seg_03,ctx_052,0.573,3,0
log_6436,2024-01-19 22:00:00,prod_083,seg_08,ctx_626,0.885,5,1
log_6437,2024-01-01 21:00:00,prod_051,seg_06,ctx_619,0.896,5,1
log_6438,2024-01-09 09:00:00,prod_064,seg_05,ctx_677,0.855,4,1
log_6439,2024-01-12 14:00:00,prod_054,seg_06,ctx_843,0.413,3,0
log_6440,2024-01-21 17:00:00,prod_007,seg_06,ctx_988,0.33,2,0
log_6441,2024-01-26 06:00:00,prod_089,seg_06,ctx_300,0.385,3,0
log_6442,2024-01-28 11:00:00,prod_072,seg_03,ctx_901,0.471,3,0
log_6443,2024-01-04 12:00:00,prod_028,seg_06,ctx_067,0.845,4,1
log_6444,2024-01-02 21:00:00,prod_076,seg_00,ctx_130,0.488,3,0
log_6445,2024-01-06 21:00:00,prod_088,seg_02,ctx_260,0.588,3,0
log_6446,2024-01-09 00:00:00,prod_056,seg_05,ctx_777,0.627,4,1
log_6447,2024-01-07 01:00:00,prod_095,seg_06,ctx_725,0.558,3,0
log_6448,2024-01-16 22:00:00,prod_098,seg_00,ctx_483,0.935,5,1
log_6449,2024-01-21 23:00:00,prod_074,seg_05,ctx_949,0.579,3,0
log_6450,2024-01-23 18:00:00,prod_057,seg_09,ctx_424,0.855,4,1
log_6451,2024-01-03 11:00:00,prod_027,seg_00,ctx_884,0.802,4,1
log_6452,2024-01-10 20:00:00,prod_068,seg_05,ctx_516,0.331,2,0
log_6453,2024-01-19 20:00:00,prod_095,seg_03,ctx_909,0.944,5,1
log_6454,2024-01-24 03:00:00,prod_032,seg_08,ctx_435,0.521,3,0
log_6455,2024-01-24 23:00:00,prod_014,seg_05,ctx_210,0.691,4,1
log_6456,2024-01-17 16:00:00,prod_025,seg_04,ctx_033,0.858,4,1
log_6457,2024-01-17 16:00:00,prod_090,seg_06,ctx_520,0.391,3,0
log_6458,2024-01-09 09:00:00,prod_091,seg_07,ctx_007,0.823,4,1
log_6459,2024-01-15 13:00:00,prod_015,seg_08,ctx_965,0.544,3,0
log_6460,2024-01-02 08:00:00,prod_059,seg_05,ctx_498,0.804,4,1
log_6461,2024-01-23 00:00:00,prod_094,seg_05,ctx_264,0.526,3,0
log_6462,2024-01-08 03:00:00,prod_090,seg_07,ctx_661,0.54,3,0
log_6463,2024-01-14 19:00:00,prod_049,seg_03,ctx_340,0.766,4,1
log_6464,2024-01-06 11:00:00,prod_017,seg_00,ctx_133,0.433,3,0
log_6465,2024-01-19 17:00:00,prod_002,seg_09,ctx_480,0.451,3,0
log_6466,2024-01-26 11:00:00,prod_035,seg_01,ctx_691,0.314,2,0
log_6467,2024-01-08 11:00:00,prod_047,seg_04,ctx_702,0.773,4,1
log_6468,2024-01-17 21:00:00,prod_019,seg_09,ctx_829,0.76,4,1
log_6469,2024-01-12 03:00:00,prod_009,seg_00,ctx_232,0.553,3,0
log_6470,2024-01-17 01:00:00,prod_093,seg_08,ctx_744,0.725,4,1
log_6471,2024-01-28 03:00:00,prod_004,seg_05,ctx_206,0.699,4,1
log_6472,2024-01-07 16:00:00,prod_018,seg_00,ctx_134,0.786,4,1
log_6473,2024-01-25 12:00:00,prod_043,seg_04,ctx_329,0.373,2,0
log_6474,2024-01-09 13:00:00,prod_073,seg_00,ctx_608,0.389,3,0
log_6475,2024-01-16 01:00:00,prod_020,seg_01,ctx_107,0.675,4,1
log_6476,2024-01-23 18:00:00,prod_093,seg_04,ctx_624,0.719,4,1
log_6477,2024-01-09 17:00:00,prod_067,seg_09,ctx_654,0.827,4,1
log_6478,2024-01-03 14:00:00,prod_014,seg_04,ctx_872,0.459,3,0
log_6479,2024-01-28 08:00:00,prod_013,seg_03,ctx_907,0.713,4,1
log_6480,2024-01-07 02:00:00,prod_016,seg_00,ctx_689,0.318,2,0
log_6481,2024-01-22 19:00:00,prod_008,seg_03,ctx_614,0.729,4,1
log_6482,2024-01-02 10:00:00,prod_010,seg_04,ctx_369,0.698,4,1
log_6483,2024-01-11 19:00:00,prod_039,seg_01,ctx_194,0.758,4,1
log_6484,2024-01-29 06:00:00,prod_013,seg_05,ctx_641,0.43,3,0
log_6485,2024-01-29 00:00:00,prod_046,seg_04,ctx_547,0.762,4,1
log_6486,2024-01-10 12:00:00,prod_057,seg_08,ctx_219,0.541,3,0
log_6487,2024-01-04 01:00:00,prod_034,seg_02,ctx_187,0.39,3,0
log_6488,2024-01-21 04:00:00,prod_056,seg_09,ctx_990,0.844,4,1
log_6489,2024-01-25 20:00:00,prod_027,seg_02,ctx_502,0.524,3,0
log_6490,2024-01-23 17:00:00,prod_079,seg_04,ctx_900,0.325,2,0
log_6491,2024-01-25 23:00:00,prod_068,seg_08,ctx_637,0.444,3,0
log_6492,2024-01-22 13:00:00,prod_016,seg_08,ctx_573,0.91,5,1
log_6493,2024-01-22 21:00:00,prod_091,seg_07,ctx_300,0.757,4,1
log_6494,2024-01-10 14:00:00,prod_023,seg_08,ctx_308,0.661,4,1
log_6495,2024-01-29 10:00:00,prod_087,seg_07,ctx_566,0.308,2,0
log_6496,2024-01-07 06:00:00,prod_024,seg_07,ctx_973,0.841,4,1
log_6497,2024-01-17 12:00:00,prod_044,seg_01,ctx_515,0.367,2,0
log_6498,2024-01-12 20:00:00,prod_098,seg_01,ctx_220,0.72,4,1
log_6499,2024-01-01 20:00:00,prod_084,seg_03,ctx_664,0.581,3,0
log_6500,2024-01-30 16:00:00,prod_025,seg_02,ctx_578,0.711,4,1
log_6501,2024-01-27 17:00:00,prod_082,seg_08,ctx_321,0.409,3,0
log_6502,2024-01-08 12:00:00,prod_028,seg_04,ctx_943,0.583,3,0
log_6503,2024-01-03 05:00:00,prod_020,seg_08,ctx_089,0.611,3,1
log_6504,2024-01-22 16:00:00,prod_092,seg_09,ctx_951,0.637,4,1
log_6505,2024-01-11 01:00:00,prod_095,seg_08,ctx_223,0.481,3,0
log_6506,2024-01-10 18:00:00,prod_056,seg_06,ctx_969,0.564,3,0
log_6507,2024-01-24 22:00:00,prod_067,seg_09,ctx_996,0.641,4,1
log_6508,2024-01-01 08:00:00,prod_055,seg_02,ctx_362,0.349,2,0
log_6509,2024-01-12 13:00:00,prod_049,seg_00,ctx_314,0.927,5,1
log_6510,2024-01-03 15:00:00,prod_018,seg_05,ctx_555,0.629,4,1
log_6511,2024-01-03 03:00:00,prod_021,seg_00,ctx_301,0.365,2,0
log_6512,2024-01-23 23:00:00,prod_002,seg_09,ctx_457,0.798,4,1
log_6513,2024-01-02 22:00:00,prod_041,seg_01,ctx_790,0.4,3,0
log_6514,2024-01-26 06:00:00,prod_036,seg_09,ctx_497,0.7,4,1
log_6515,2024-01-05 11:00:00,prod_002,seg_09,ctx_996,0.854,4,1
log_6516,2024-01-08 12:00:00,prod_012,seg_07,ctx_331,0.318,2,0
log_6517,2024-01-16 15:00:00,prod_023,seg_04,ctx_857,0.36,2,0
log_6518,2024-01-29 22:00:00,prod_065,seg_03,ctx_401,0.676,4,1
log_6519,2024-01-19 01:00:00,prod_090,seg_07,ctx_165,0.305,2,0
log_6520,2024-01-03 03:00:00,prod_034,seg_05,ctx_221,0.692,4,1
log_6521,2024-01-11 16:00:00,prod_079,seg_01,ctx_737,0.752,4,1
log_6522,2024-01-26 14:00:00,prod_000,seg_05,ctx_102,0.57,3,0
log_6523,2024-01-23 06:00:00,prod_020,seg_02,ctx_313,0.674,4,1
log_6524,2024-01-28 21:00:00,prod_029,seg_00,ctx_854,0.445,3,0
log_6525,2024-01-07 04:00:00,prod_096,seg_05,ctx_169,0.85,4,1
log_6526,2024-01-11 01:00:00,prod_052,seg_02,ctx_034,0.357,2,0
log_6527,2024-01-04 15:00:00,prod_086,seg_08,ctx_083,0.598,3,0
log_6528,2024-01-28 22:00:00,prod_009,seg_05,ctx_076,0.833,4,1
log_6529,2024-01-17 04:00:00,prod_080,seg_08,ctx_003,0.566,3,0
log_6530,2024-01-14 21:00:00,prod_059,seg_07,ctx_773,0.413,3,0
log_6531,2024-01-11 20:00:00,prod_008,seg_07,ctx_080,0.802,4,1
log_6532,2024-01-15 02:00:00,prod_008,seg_00,ctx_475,0.597,3,0
log_6533,2024-01-04 19:00:00,prod_001,seg_03,ctx_873,0.847,4,1
log_6534,2024-01-23 06:00:00,prod_071,seg_02,ctx_914,0.865,4,1
log_6535,2024-01-19 03:00:00,prod_086,seg_03,ctx_057,0.946,5,1
log_6536,2024-01-12 09:00:00,prod_097,seg_00,ctx_367,0.321,2,0
log_6537,2024-01-02 19:00:00,prod_059,seg_03,ctx_436,0.757,4,1
log_6538,2024-01-12 02:00:00,prod_006,seg_04,ctx_133,0.464,3,0
log_6539,2024-01-05 09:00:00,prod_084,seg_02,ctx_992,0.639,4,1
log_6540,2024-01-23 05:00:00,prod_030,seg_07,ctx_769,0.656,4,1
log_6541,2024-01-26 16:00:00,prod_057,seg_04,ctx_372,0.605,3,1
log_6542,2024-01-29 19:00:00,prod_094,seg_00,ctx_516,0.64,4,1
log_6543,2024-01-27 14:00:00,prod_058,seg_02,ctx_043,0.538,3,0
log_6544,2024-01-19 17:00:00,prod_056,seg_06,ctx_819,0.436,3,0
log_6545,2024-01-23 11:00:00,prod_039,seg_02,ctx_019,0.637,4,1
log_6546,2024-01-01 09:00:00,prod_075,seg_06,ctx_588,0.867,4,1
log_6547,2024-01-26 08:00:00,prod_007,seg_02,ctx_253,0.808,4,1
log_6548,2024-01-30 10:00:00,prod_079,seg_04,ctx_398,0.395,3,0
log_6549,2024-01-02 06:00:00,prod_003,seg_08,ctx_766,0.727,4,1
log_6550,2024-01-09 03:00:00,prod_016,seg_03,ctx_833,0.697,4,1
log_6551,2024-01-18 06:00:00,prod_092,seg_09,ctx_766,0.47,3,0
log_6552,2024-01-22 19:00:00,prod_014,seg_01,ctx_638,0.382,3,0
log_6553,2024-01-29 20:00:00,prod_018,seg_02,ctx_285,0.876,5,1
log_6554,2024-01-14 11:00:00,prod_054,seg_08,ctx_673,0.783,4,1
log_6555,2024-01-20 02:00:00,prod_048,seg_07,ctx_782,0.691,4,1
log_6556,2024-01-07 10:00:00,prod_055,seg_03,ctx_096,0.321,2,0
log_6557,2024-01-24 23:00:00,prod_043,seg_08,ctx_425,0.655,4,1
log_6558,2024-01-23 05:00:00,prod_078,seg_09,ctx_480,0.898,5,1
log_6559,2024-01-17 01:00:00,prod_006,seg_06,ctx_181,0.327,2,0
log_6560,2024-01-14 05:00:00,prod_045,seg_00,ctx_845,0.801,4,1
log_6561,2024-01-26 19:00:00,prod_010,seg_05,ctx_059,0.596,3,0
log_6562,2024-01-08 23:00:00,prod_039,seg_05,ctx_475,0.809,4,1
log_6563,2024-01-09 11:00:00,prod_060,seg_06,ctx_531,0.353,2,0
log_6564,2024-01-18 14:00:00,prod_051,seg_05,ctx_530,0.426,3,0
log_6565,2024-01-19 16:00:00,prod_045,seg_06,ctx_083,0.494,3,0
log_6566,2024-01-13 08:00:00,prod_047,seg_07,ctx_313,0.339,2,0
log_6567,2024-01-16 19:00:00,prod_099,seg_07,ctx_183,0.604,3,1
log_6568,2024-01-25 15:00:00,prod_012,seg_00,ctx_979,0.527,3,0
log_6569,2024-01-30 16:00:00,prod_090,seg_01,ctx_176,0.516,3,0
log_6570,2024-01-12 16:00:00,prod_076,seg_07,ctx_266,0.618,3,1
log_6571,2024-01-09 22:00:00,prod_041,seg_05,ctx_464,0.343,2,0
log_6572,2024-01-09 05:00:00,prod_015,seg_07,ctx_108,0.781,4,1
log_6573,2024-01-04 12:00:00,prod_015,seg_06,ctx_835,0.551,3,0
log_6574,2024-01-08 06:00:00,prod_086,seg_08,ctx_317,0.809,4,1
log_6575,2024-01-26 02:00:00,prod_012,seg_04,ctx_163,0.417,3,0
log_6576,2024-01-12 07:00:00,prod_010,seg_06,ctx_037,0.46,3,0
log_6577,2024-01-02 23:00:00,prod_033,seg_04,ctx_318,0.514,3,0
log_6578,2024-01-03 23:00:00,prod_034,seg_09,ctx_957,0.34,2,0
log_6579,2024-01-04 19:00:00,prod_003,seg_04,ctx_502,0.891,5,1
log_6580,2024-01-23 03:00:00,prod_048,seg_01,ctx_941,0.731,4,1
log_6581,2024-01-30 21:00:00,prod_006,seg_07,ctx_386,0.465,3,0
log_6582,2024-01-07 18:00:00,prod_018,seg_02,ctx_641,0.895,5,1
log_6583,2024-01-29 12:00:00,prod_082,seg_07,ctx_186,0.664,4,1
log_6584,2024-01-23 13:00:00,prod_086,seg_03,ctx_790,0.612,3,1
log_6585,2024-01-29 16:00:00,prod_040,seg_09,ctx_693,0.741,4,1
log_6586,2024-01-28 04:00:00,prod_073,seg_04,ctx_851,0.893,5,1
log_6587,2024-01-12 03:00:00,prod_026,seg_05,ctx_499,0.86,4,1
log_6588,2024-01-14 07:00:00,prod_018,seg_07,ctx_801,0.637,4,1
log_6589,2024-01-24 23:00:00,prod_032,seg_08,ctx_502,0.754,4,1
log_6590,2024-01-05 00:00:00,prod_007,seg_08,ctx_140,0.598,3,0
log_6591,2024-01-21 18:00:00,prod_000,seg_03,ctx_500,0.887,5,1
log_6592,2024-01-12 20:00:00,prod_009,seg_04,ctx_543,0.518,3,0
log_6593,2024-01-15 06:00:00,prod_004,seg_03,ctx_717,0.581,3,0
log_6594,2024-01-04 07:00:00,prod_000,seg_03,ctx_673,0.494,3,0
log_6595,2024-01-16 10:00:00,prod_097,seg_03,ctx_515,0.769,4,1
log_6596,2024-01-10 15:00:00,prod_008,seg_01,ctx_928,0.371,2,0
log_6597,2024-01-18 05:00:00,prod_059,seg_08,ctx_975,0.63,4,1
log_6598,2024-01-19 06:00:00,prod_048,seg_03,ctx_823,0.396,3,0
log_6599,2024-01-19 20:00:00,prod_013,seg_05,ctx_900,0.879,5,1
log_6600,2024-01-30 19:00:00,prod_073,seg_07,ctx_384,0.311,2,0
log_6601,2024-01-21 08:00:00,prod_056,seg_09,ctx_976,0.892,5,1
log_6602,2024-01-19 22:00:00,prod_038,seg_08,ctx_294,0.323,2,0
log_6603,2024-01-13 21:00:00,prod_057,seg_01,ctx_384,0.373,2,0
log_6604,2024-01-02 21:00:00,prod_011,seg_09,ctx_019,0.779,4,1
log_6605,2024-01-26 23:00:00,prod_025,seg_01,ctx_493,0.837,4,1
log_6606,2024-01-15 07:00:00,prod_090,seg_00,ctx_523,0.891,5,1
log_6607,2024-01-16 05:00:00,prod_091,seg_01,ctx_491,0.669,4,1
log_6608,2024-01-01 01:00:00,prod_054,seg_00,ctx_086,0.628,4,1
log_6609,2024-01-19 04:00:00,prod_031,seg_06,ctx_243,0.389,3,0
log_6610,2024-01-26 18:00:00,prod_012,seg_05,ctx_243,0.781,4,1
log_6611,2024-01-27 00:00:00,prod_071,seg_06,ctx_729,0.833,4,1
log_6612,2024-01-27 00:00:00,prod_091,seg_09,ctx_901,0.645,4,1
log_6613,2024-01-06 20:00:00,prod_061,seg_06,ctx_180,0.499,3,0
log_6614,2024-01-16 15:00:00,prod_049,seg_08,ctx_752,0.375,2,0
log_6615,2024-01-15 20:00:00,prod_026,seg_05,ctx_962,0.476,3,0
log_6616,2024-01-16 21:00:00,prod_059,seg_06,ctx_718,0.897,5,1
log_6617,2024-01-17 23:00:00,prod_031,seg_06,ctx_222,0.469,3,0
log_6618,2024-01-09 02:00:00,prod_010,seg_09,ctx_411,0.448,3,0
log_6619,2024-01-21 20:00:00,prod_076,seg_02,ctx_470,0.76,4,1
log_6620,2024-01-30 06:00:00,prod_083,seg_05,ctx_492,0.49,3,0
log_6621,2024-01-12 00:00:00,prod_059,seg_06,ctx_404,0.66,4,1
log_6622,2024-01-07 10:00:00,prod_064,seg_00,ctx_609,0.302,2,0
log_6623,2024-01-17 01:00:00,prod_071,seg_09,ctx_761,0.732,4,1
log_6624,2024-01-25 17:00:00,prod_026,seg_06,ctx_057,0.9,5,1
log_6625,2024-01-09 07:00:00,prod_076,seg_04,ctx_296,0.341,2,0
log_6626,2024-01-04 23:00:00,prod_081,seg_01,ctx_664,0.41,3,0
log_6627,2024-01-29 09:00:00,prod_016,seg_06,ctx_128,0.678,4,1
log_6628,2024-01-15 00:00:00,prod_078,seg_06,ctx_859,0.711,4,1
log_6629,2024-01-12 23:00:00,prod_057,seg_03,ctx_174,0.933,5,1
log_6630,2024-01-08 09:00:00,prod_036,seg_08,ctx_728,0.853,4,1
log_6631,2024-01-27 12:00:00,prod_053,seg_06,ctx_422,0.667,4,1
log_6632,2024-01-06 15:00:00,prod_036,seg_02,ctx_570,0.812,4,1
log_6633,2024-01-25 01:00:00,prod_078,seg_00,ctx_191,0.56,3,0
log_6634,2024-01-21 13:00:00,prod_029,seg_04,ctx_685,0.457,3,0
log_6635,2024-01-25 09:00:00,prod_098,seg_00,ctx_802,0.843,4,1
log_6636,2024-01-08 10:00:00,prod_020,seg_06,ctx_923,0.829,4,1
log_6637,2024-01-07 08:00:00,prod_015,seg_05,ctx_551,0.523,3,0
log_6638,2024-01-09 21:00:00,prod_050,seg_07,ctx_992,0.383,3,0
log_6639,2024-01-01 01:00:00,prod_050,seg_02,ctx_060,0.785,4,1
log_6640,2024-01-27 03:00:00,prod_033,seg_07,ctx_065,0.354,2,0
log_6641,2024-01-28 12:00:00,prod_089,seg_01,ctx_447,0.472,3,0
log_6642,2024-01-19 17:00:00,prod_037,seg_08,ctx_414,0.384,3,0
log_6643,2024-01-12 16:00:00,prod_072,seg_09,ctx_901,0.461,3,0
log_6644,2024-01-16 02:00:00,prod_024,seg_09,ctx_695,0.349,2,0
log_6645,2024-01-28 15:00:00,prod_092,seg_08,ctx_401,0.6,3,1
log_6646,2024-01-19 13:00:00,prod_001,seg_02,ctx_931,0.527,3,0
log_6647,2024-01-20 00:00:00,prod_043,seg_04,ctx_524,0.823,4,1
log_6648,2024-01-10 09:00:00,prod_012,seg_03,ctx_770,0.349,2,0
log_6649,2024-01-17 02:00:00,prod_002,seg_00,ctx_191,0.699,4,1
log_6650,2024-01-23 06:00:00,prod_015,seg_04,ctx_996,0.687,4,1
log_6651,2024-01-12 10:00:00,prod_043,seg_07,ctx_648,0.528,3,0
log_6652,2024-01-27 23:00:00,prod_099,seg_09,ctx_405,0.472,3,0
log_6653,2024-01-28 05:00:00,prod_032,seg_00,ctx_108,0.515,3,0
log_6654,2024-01-25 05:00:00,prod_088,seg_00,ctx_837,0.555,3,0
log_6655,2024-01-01 21:00:00,prod_005,seg_04,ctx_667,0.873,4,1
log_6656,2024-01-17 16:00:00,prod_093,seg_06,ctx_591,0.818,4,1
log_6657,2024-01-09 19:00:00,prod_054,seg_03,ctx_104,0.788,4,1
log_6658,2024-01-22 21:00:00,prod_094,seg_08,ctx_554,0.497,3,0
log_6659,2024-01-06 01:00:00,prod_064,seg_07,ctx_969,0.898,5,1
log_6660,2024-01-22 02:00:00,prod_057,seg_06,ctx_831,0.436,3,0
log_6661,2024-01-13 10:00:00,prod_068,seg_07,ctx_080,0.772,4,1
log_6662,2024-01-20 20:00:00,prod_067,seg_07,ctx_083,0.605,3,1
log_6663,2024-01-07 16:00:00,prod_018,seg_00,ctx_355,0.695,4,1
log_6664,2024-01-14 21:00:00,prod_091,seg_08,ctx_783,0.708,4,1
log_6665,2024-01-27 01:00:00,prod_032,seg_09,ctx_374,0.665,4,1
log_6666,2024-01-05 06:00:00,prod_069,seg_06,ctx_525,0.705,4,1
log_6667,2024-01-25 08:00:00,prod_006,seg_07,ctx_843,0.892,5,1
log_6668,2024-01-24 04:00:00,prod_028,seg_01,ctx_650,0.853,4,1
log_6669,2024-01-09 07:00:00,prod_082,seg_07,ctx_348,0.301,2,0
log_6670,2024-01-23 22:00:00,prod_080,seg_09,ctx_800,0.713,4,1
log_6671,2024-01-09 01:00:00,prod_053,seg_08,ctx_515,0.406,3,0
log_6672,2024-01-29 10:00:00,prod_051,seg_02,ctx_850,0.937,5,1
log_6673,2024-01-14 22:00:00,prod_094,seg_03,ctx_706,0.612,3,1
log_6674,2024-01-04 22:00:00,prod_057,seg_07,ctx_957,0.72,4,1
log_6675,2024-01-25 06:00:00,prod_020,seg_04,ctx_911,0.484,3,0
log_6676,2024-01-24 18:00:00,prod_054,seg_01,ctx_203,0.37,2,0
log_6677,2024-01-03 06:00:00,prod_046,seg_02,ctx_378,0.81,4,1
log_6678,2024-01-18 07:00:00,prod_004,seg_07,ctx_863,0.67,4,1
log_6679,2024-01-12 08:00:00,prod_082,seg_08,ctx_653,0.792,4,1
log_6680,2024-01-23 20:00:00,prod_013,seg_00,ctx_827,0.67,4,1
log_6681,2024-01-13 16:00:00,prod_079,seg_07,ctx_870,0.374,2,0
log_6682,2024-01-01 04:00:00,prod_062,seg_09,ctx_896,0.894,5,1
log_6683,2024-01-23 00:00:00,prod_061,seg_08,ctx_994,0.479,3,0
log_6684,2024-01-30 10:00:00,prod_073,seg_09,ctx_840,0.531,3,0
log_6685,2024-01-07 12:00:00,prod_092,seg_05,ctx_089,0.785,4,1
log_6686,2024-01-09 12:00:00,prod_076,seg_06,ctx_901,0.422,3,0
log_6687,2024-01-24 08:00:00,prod_037,seg_08,ctx_497,0.798,4,1
log_6688,2024-01-06 16:00:00,prod_069,seg_05,ctx_214,0.589,3,0
log_6689,2024-01-24 09:00:00,prod_056,seg_09,ctx_904,0.578,3,0
log_6690,2024-01-14 07:00:00,prod_044,seg_09,ctx_475,0.764,4,1
log_6691,2024-01-15 12:00:00,prod_033,seg_04,ctx_453,0.429,3,0
log_6692,2024-01-04 15:00:00,prod_070,seg_07,ctx_198,0.456,3,0
log_6693,2024-01-30 13:00:00,prod_080,seg_08,ctx_880,0.807,4,1
log_6694,2024-01-06 15:00:00,prod_032,seg_01,ctx_129,0.427,3,0
log_6695,2024-01-22 19:00:00,prod_034,seg_04,ctx_218,0.705,4,1
log_6696,2024-01-03 08:00:00,prod_037,seg_05,ctx_222,0.774,4,1
log_6697,2024-01-11 08:00:00,prod_051,seg_05,ctx_529,0.359,2,0
log_6698,2024-01-08 22:00:00,prod_031,seg_08,ctx_180,0.889,5,1
log_6699,2024-01-05 01:00:00,prod_072,seg_02,ctx_984,0.356,2,0
log_6700,2024-01-05 07:00:00,prod_082,seg_02,ctx_424,0.503,3,0
log_6701,2024-01-25 09:00:00,prod_092,seg_04,ctx_027,0.621,3,1
log_6702,2024-01-12 12:00:00,prod_097,seg_01,ctx_847,0.783,4,1
log_6703,2024-01-17 04:00:00,prod_031,seg_08,ctx_198,0.543,3,0
log_6704,2024-01-28 21:00:00,prod_006,seg_01,ctx_389,0.432,3,0
log_6705,2024-01-27 23:00:00,prod_058,seg_00,ctx_515,0.582,3,0
log_6706,2024-01-09 07:00:00,prod_084,seg_04,ctx_783,0.562,3,0
log_6707,2024-01-23 13:00:00,prod_029,seg_07,ctx_012,0.609,3,1
log_6708,2024-01-07 06:00:00,prod_064,seg_04,ctx_237,0.748,4,1
log_6709,2024-01-15 13:00:00,prod_061,seg_08,ctx_696,0.835,4,1
log_6710,2024-01-05 21:00:00,prod_087,seg_00,ctx_013,0.541,3,0
log_6711,2024-01-21 07:00:00,prod_035,seg_01,ctx_746,0.364,2,0
log_6712,2024-01-14 08:00:00,prod_067,seg_07,ctx_673,0.857,4,1
log_6713,2024-01-01 20:00:00,prod_080,seg_01,ctx_737,0.805,4,1
log_6714,2024-01-15 05:00:00,prod_006,seg_03,ctx_534,0.691,4,1
log_6715,2024-01-24 06:00:00,prod_037,seg_04,ctx_176,0.757,4,1
log_6716,2024-01-01 21:00:00,prod_041,seg_05,ctx_957,0.82,4,1
log_6717,2024-01-15 06:00:00,prod_031,seg_09,ctx_084,0.758,4,1
log_6718,2024-01-16 06:00:00,prod_061,seg_00,ctx_655,0.973,5,1
log_6719,2024-01-24 20:00:00,prod_046,seg_08,ctx_820,0.558,3,0
log_6720,2024-01-02 22:00:00,prod_002,seg_06,ctx_037,0.306,2,0
log_6721,2024-01-25 21:00:00,prod_039,seg_08,ctx_383,0.96,5,1
log_6722,2024-01-18 23:00:00,prod_089,seg_01,ctx_406,0.709,4,1
log_6723,2024-01-11 15:00:00,prod_019,seg_09,ctx_948,0.884,5,1
log_6724,2024-01-14 09:00:00,prod_025,seg_04,ctx_195,0.722,4,1
log_6725,2024-01-10 13:00:00,prod_083,seg_09,ctx_711,0.894,5,1
log_6726,2024-01-28 10:00:00,prod_040,seg_04,ctx_109,0.349,2,0
log_6727,2024-01-06 14:00:00,prod_032,seg_00,ctx_646,0.497,3,0
log_6728,2024-01-03 17:00:00,prod_010,seg_02,ctx_553,0.864,4,1
log_6729,2024-01-28 23:00:00,prod_016,seg_07,ctx_979,0.471,3,0
log_6730,2024-01-07 20:00:00,prod_038,seg_05,ctx_926,0.643,4,1
log_6731,2024-01-06 08:00:00,prod_028,seg_05,ctx_228,0.433,3,0
log_6732,2024-01-18 17:00:00,prod_075,seg_08,ctx_777,0.853,4,1
log_6733,2024-01-01 13:00:00,prod_098,seg_08,ctx_854,0.746,4,1
log_6734,2024-01-16 17:00:00,prod_092,seg_07,ctx_343,0.817,4,1
log_6735,2024-01-09 00:00:00,prod_000,seg_02,ctx_686,0.627,4,1
log_6736,2024-01-26 08:00:00,prod_080,seg_09,ctx_000,0.468,3,0
log_6737,2024-01-29 17:00:00,prod_013,seg_02,ctx_425,0.78,4,1
log_6738,2024-01-23 20:00:00,prod_086,seg_09,ctx_786,0.492,3,0
log_6739,2024-01-26 11:00:00,prod_092,seg_09,ctx_424,0.57,3,0
log_6740,2024-01-04 07:00:00,prod_005,seg_08,ctx_921,0.59,3,0
log_6741,2024-01-06 01:00:00,prod_067,seg_01,ctx_316,0.305,2,0
log_6742,2024-01-11 07:00:00,prod_056,seg_08,ctx_701,0.437,3,0
log_6743,2024-01-22 05:00:00,prod_006,seg_02,ctx_845,0.557,3,0
log_6744,2024-01-05 06:00:00,prod_049,seg_08,ctx_970,0.345,2,0
log_6745,2024-01-06 13:00:00,prod_027,seg_05,ctx_172,0.793,4,1
log_6746,2024-01-07 02:00:00,prod_067,seg_00,ctx_168,0.393,3,0
log_6747,2024-01-27 13:00:00,prod_061,seg_09,ctx_421,0.366,2,0
log_6748,2024-01-06 07:00:00,prod_050,seg_04,ctx_673,0.736,4,1
log_6749,2024-01-13 18:00:00,prod_069,seg_09,ctx_602,0.797,4,1
log_6750,2024-01-19 01:00:00,prod_046,seg_03,ctx_663,0.577,3,0
log_6751,2024-01-27 21:00:00,prod_025,seg_07,ctx_329,0.477,3,0
log_6752,2024-01-12 00:00:00,prod_083,seg_04,ctx_043,0.734,4,1
log_6753,2024-01-05 07:00:00,prod_092,seg_05,ctx_750,0.494,3,0
log_6754,2024-01-19 13:00:00,prod_046,seg_03,ctx_375,0.824,4,1
log_6755,2024-01-27 18:00:00,prod_095,seg_08,ctx_704,0.474,3,0
log_6756,2024-01-18 20:00:00,prod_054,seg_01,ctx_253,0.578,3,0
log_6757,2024-01-05 22:00:00,prod_031,seg_00,ctx_992,0.436,3,0
log_6758,2024-01-30 03:00:00,prod_064,seg_06,ctx_910,0.507,3,0
log_6759,2024-01-11 03:00:00,prod_014,seg_03,ctx_796,0.719,4,1
log_6760,2024-01-15 06:00:00,prod_059,seg_07,ctx_078,0.776,4,1
log_6761,2024-01-06 00:00:00,prod_078,seg_02,ctx_449,0.909,5,1
log_6762,2024-01-13 02:00:00,prod_065,seg_03,ctx_722,0.786,4,1
log_6763,2024-01-20 00:00:00,prod_079,seg_05,ctx_512,0.771,4,1
log_6764,2024-01-28 19:00:00,prod_016,seg_04,ctx_427,0.544,3,0
log_6765,2024-01-11 01:00:00,prod_095,seg_04,ctx_283,0.46,3,0
log_6766,2024-01-09 07:00:00,prod_092,seg_05,ctx_819,0.552,3,0
log_6767,2024-01-21 06:00:00,prod_031,seg_05,ctx_453,0.743,4,1
log_6768,2024-01-29 15:00:00,prod_049,seg_02,ctx_515,0.529,3,0
log_6769,2024-01-11 21:00:00,prod_029,seg_04,ctx_338,0.566,3,0
log_6770,2024-01-03 17:00:00,prod_091,seg_04,ctx_529,0.58,3,0
log_6771,2024-01-21 22:00:00,prod_090,seg_03,ctx_991,0.492,3,0
log_6772,2024-01-16 15:00:00,prod_065,seg_04,ctx_766,0.742,4,1
log_6773,2024-01-04 00:00:00,prod_065,seg_04,ctx_861,0.508,3,0
log_6774,2024-01-11 21:00:00,prod_078,seg_00,ctx_125,0.939,5,1
log_6775,2024-01-23 00:00:00,prod_015,seg_06,ctx_321,0.36,2,0
log_6776,2024-01-18 01:00:00,prod_018,seg_02,ctx_824,0.651,4,1
log_6777,2024-01-26 16:00:00,prod_051,seg_09,ctx_619,0.689,4,1
log_6778,2024-01-07 14:00:00,prod_080,seg_07,ctx_317,0.71,4,1
log_6779,2024-01-14 05:00:00,prod_016,seg_08,ctx_430,0.774,4,1
log_6780,2024-01-23 11:00:00,prod_032,seg_01,ctx_066,0.899,5,1
log_6781,2024-01-05 09:00:00,prod_008,seg_06,ctx_230,0.515,3,0
log_6782,2024-01-19 01:00:00,prod_024,seg_00,ctx_079,0.426,3,0
log_6783,2024-01-29 01:00:00,prod_074,seg_05,ctx_348,0.589,3,0
log_6784,2024-01-17 17:00:00,prod_016,seg_00,ctx_884,0.414,3,0
log_6785,2024-01-21 18:00:00,prod_000,seg_01,ctx_717,0.439,3,0
log_6786,2024-01-26 10:00:00,prod_092,seg_04,ctx_074,0.765,4,1
log_6787,2024-01-01 15:00:00,prod_038,seg_08,ctx_296,0.669,4,1
log_6788,2024-01-06 16:00:00,prod_098,seg_09,ctx_519,0.878,5,1
log_6789,2024-01-18 20:00:00,prod_000,seg_02,ctx_244,0.423,3,0
log_6790,2024-01-21 22:00:00,prod_005,seg_02,ctx_533,0.567,3,0
log_6791,2024-01-24 05:00:00,prod_039,seg_04,ctx_577,0.798,4,1
log_6792,2024-01-21 11:00:00,prod_078,seg_05,ctx_637,0.833,4,1
log_6793,2024-01-28 20:00:00,prod_099,seg_01,ctx_518,0.426,3,0
log_6794,2024-01-15 05:00:00,prod_099,seg_07,ctx_478,0.663,4,1
log_6795,2024-01-22 08:00:00,prod_035,seg_09,ctx_672,0.558,3,0
log_6796,2024-01-12 06:00:00,prod_044,seg_07,ctx_870,0.334,2,0
log_6797,2024-01-22 19:00:00,prod_093,seg_05,ctx_019,0.417,3,0
log_6798,2024-01-25 05:00:00,prod_043,seg_05,ctx_454,0.416,3,0
log_6799,2024-01-01 18:00:00,prod_020,seg_09,ctx_786,0.549,3,0
log_6800,2024-01-25 20:00:00,prod_013,seg_00,ctx_557,0.558,3,0
log_6801,2024-01-10 04:00:00,prod_062,seg_09,ctx_244,0.711,4,1
log_6802,2024-01-19 23:00:00,prod_025,seg_05,ctx_368,0.474,3,0
log_6803,2024-01-04 00:00:00,prod_071,seg_08,ctx_782,0.843,4,1
log_6804,2024-01-14 19:00:00,prod_027,seg_04,ctx_442,0.816,4,1
log_6805,2024-01-18 08:00:00,prod_003,seg_00,ctx_456,0.843,4,1
log_6806,2024-01-22 13:00:00,prod_031,seg_04,ctx_739,0.515,3,0
log_6807,2024-01-19 16:00:00,prod_039,seg_05,ctx_197,0.555,3,0
log_6808,2024-01-26 18:00:00,prod_045,seg_06,ctx_186,0.495,3,0
log_6809,2024-01-09 01:00:00,prod_085,seg_06,ctx_207,0.702,4,1
log_6810,2024-01-07 03:00:00,prod_092,seg_01,ctx_732,0.647,4,1
log_6811,2024-01-12 13:00:00,prod_008,seg_06,ctx_153,0.851,4,1
log_6812,2024-01-17 14:00:00,prod_089,seg_08,ctx_985,0.893,5,1
log_6813,2024-01-28 19:00:00,prod_086,seg_05,ctx_526,0.352,2,0
log_6814,2024-01-04 15:00:00,prod_099,seg_06,ctx_568,0.646,4,1
log_6815,2024-01-08 20:00:00,prod_099,seg_03,ctx_483,0.931,5,1
log_6816,2024-01-03 19:00:00,prod_099,seg_08,ctx_665,0.665,4,1
log_6817,2024-01-14 03:00:00,prod_017,seg_00,ctx_270,0.463,3,0
log_6818,2024-01-17 21:00:00,prod_074,seg_01,ctx_252,0.762,4,1
log_6819,2024-01-04 11:00:00,prod_003,seg_06,ctx_011,0.792,4,1
log_6820,2024-01-18 20:00:00,prod_009,seg_01,ctx_297,0.742,4,1
log_6821,2024-01-25 19:00:00,prod_007,seg_04,ctx_027,0.852,4,1
log_6822,2024-01-27 01:00:00,prod_068,seg_06,ctx_844,0.561,3,0
log_6823,2024-01-22 18:00:00,prod_011,seg_01,ctx_388,0.644,4,1
log_6824,2024-01-27 04:00:00,prod_092,seg_05,ctx_868,0.776,4,1
log_6825,2024-01-19 18:00:00,prod_053,seg_01,ctx_563,0.814,4,1
log_6826,2024-01-09 18:00:00,prod_099,seg_05,ctx_181,0.783,4,1
log_6827,2024-01-30 16:00:00,prod_043,seg_06,ctx_937,0.336,2,0
log_6828,2024-01-09 03:00:00,prod_049,seg_08,ctx_858,0.702,4,1
log_6829,2024-01-10 16:00:00,prod_053,seg_07,ctx_843,0.673,4,1
log_6830,2024-01-18 06:00:00,prod_049,seg_02,ctx_657,0.757,4,1
log_6831,2024-01-26 23:00:00,prod_072,seg_00,ctx_391,0.803,4,1
log_6832,2024-01-19 12:00:00,prod_042,seg_04,ctx_894,0.841,4,1
log_6833,2024-01-04 11:00:00,prod_017,seg_08,ctx_780,0.543,3,0
log_6834,2024-01-23 15:00:00,prod_002,seg_09,ctx_081,0.648,4,1
log_6835,2024-01-21 17:00:00,prod_093,seg_02,ctx_815,0.335,2,0
log_6836,2024-01-20 02:00:00,prod_045,seg_06,ctx_963,0.56,3,0
log_6837,2024-01-20 05:00:00,prod_051,seg_00,ctx_096,0.72,4,1
log_6838,2024-01-10 08:00:00,prod_097,seg_08,ctx_516,0.7,4,1
log_6839,2024-01-06 10:00:00,prod_019,seg_04,ctx_564,0.6,3,1
log_6840,2024-01-08 03:00:00,prod_010,seg_07,ctx_606,0.398,3,0
log_6841,2024-01-02 11:00:00,prod_049,seg_08,ctx_397,0.372,2,0
log_6842,2024-01-08 00:00:00,prod_008,seg_02,ctx_776,0.632,4,1
log_6843,2024-01-01 05:00:00,prod_029,seg_01,ctx_073,0.308,2,0
log_6844,2024-01-01 11:00:00,prod_027,seg_06,ctx_574,0.326,2,0
log_6845,2024-01-11 00:00:00,prod_047,seg_09,ctx_432,0.709,4,1
log_6846,2024-01-08 05:00:00,prod_045,seg_04,ctx_867,0.411,3,0
log_6847,2024-01-13 20:00:00,prod_024,seg_04,ctx_426,0.551,3,0
log_6848,2024-01-09 00:00:00,prod_045,seg_06,ctx_187,0.522,3,0
log_6849,2024-01-02 16:00:00,prod_021,seg_03,ctx_698,0.532,3,0
log_6850,2024-01-14 19:00:00,prod_055,seg_09,ctx_092,0.637,4,1
log_6851,2024-01-20 20:00:00,prod_084,seg_05,ctx_148,0.676,4,1
log_6852,2024-01-24 02:00:00,prod_063,seg_03,ctx_476,0.479,3,0
log_6853,2024-01-21 19:00:00,prod_022,seg_06,ctx_600,0.399,3,0
log_6854,2024-01-01 19:00:00,prod_057,seg_06,ctx_421,0.495,3,0
log_6855,2024-01-22 07:00:00,prod_065,seg_08,ctx_650,0.569,3,0
log_6856,2024-01-23 11:00:00,prod_051,seg_09,ctx_626,0.409,3,0
log_6857,2024-01-05 15:00:00,prod_008,seg_08,ctx_763,0.767,4,1
log_6858,2024-01-30 21:00:00,prod_052,seg_07,ctx_909,0.889,5,1
log_6859,2024-01-06 04:00:00,prod_040,seg_06,ctx_720,0.792,4,1
log_6860,2024-01-11 13:00:00,prod_034,seg_05,ctx_082,0.751,4,1
log_6861,2024-01-28 05:00:00,prod_075,seg_06,ctx_024,0.325,2,0
log_6862,2024-01-13 21:00:00,prod_008,seg_05,ctx_128,0.303,2,0
log_6863,2024-01-04 11:00:00,prod_083,seg_07,ctx_842,0.31,2,0
log_6864,2024-01-03 14:00:00,prod_009,seg_03,ctx_990,0.689,4,1
log_6865,2024-01-20 15:00:00,prod_003,seg_09,ctx_681,0.554,3,0
log_6866,2024-01-13 13:00:00,prod_058,seg_00,ctx_532,0.745,4,1
log_6867,2024-01-30 12:00:00,prod_068,seg_03,ctx_121,0.627,4,1
log_6868,2024-01-13 19:00:00,prod_027,seg_04,ctx_598,0.317,2,0
log_6869,2024-01-23 12:00:00,prod_008,seg_09,ctx_007,0.829,4,1
log_6870,2024-01-20 12:00:00,prod_003,seg_01,ctx_393,0.784,4,1
log_6871,2024-01-29 13:00:00,prod_002,seg_02,ctx_009,0.54,3,0
log_6872,2024-01-23 13:00:00,prod_005,seg_04,ctx_480,0.557,3,0
log_6873,2024-01-03 14:00:00,prod_073,seg_00,ctx_280,0.773,4,1
log_6874,2024-01-25 15:00:00,prod_011,seg_03,ctx_553,0.53,3,0
log_6875,2024-01-15 03:00:00,prod_048,seg_01,ctx_288,0.759,4,1
log_6876,2024-01-12 16:00:00,prod_012,seg_09,ctx_274,0.621,3,1
log_6877,2024-01-01 01:00:00,prod_045,seg_04,ctx_366,0.588,3,0
log_6878,2024-01-05 01:00:00,prod_005,seg_02,ctx_946,0.857,4,1
log_6879,2024-01-03 14:00:00,prod_038,seg_06,ctx_698,0.336,2,0
log_6880,2024-01-11 15:00:00,prod_086,seg_05,ctx_456,0.338,2,0
log_6881,2024-01-29 04:00:00,prod_070,seg_05,ctx_667,0.682,4,1
log_6882,2024-01-09 21:00:00,prod_023,seg_09,ctx_558,0.611,3,1
log_6883,2024-01-19 03:00:00,prod_006,seg_00,ctx_542,0.889,5,1
log_6884,2024-01-17 19:00:00,prod_031,seg_01,ctx_171,0.496,3,0
log_6885,2024-01-21 21:00:00,prod_025,seg_01,ctx_761,0.697,4,1
log_6886,2024-01-10 05:00:00,prod_039,seg_08,ctx_889,0.465,3,0
log_6887,2024-01-02 04:00:00,prod_099,seg_07,ctx_328,0.494,3,0
log_6888,2024-01-20 07:00:00,prod_046,seg_01,ctx_649,0.824,4,1
log_6889,2024-01-28 14:00:00,prod_049,seg_06,ctx_530,0.493,3,0
log_6890,2024-01-24 06:00:00,prod_016,seg_09,ctx_343,0.53,3,0
log_6891,2024-01-03 00:00:00,prod_017,seg_05,ctx_911,0.523,3,0
log_6892,2024-01-05 08:00:00,prod_013,seg_04,ctx_386,0.333,2,0
log_6893,2024-01-21 20:00:00,prod_073,seg_05,ctx_416,0.508,3,0
log_6894,2024-01-24 21:00:00,prod_035,seg_01,ctx_635,0.752,4,1
log_6895,2024-01-13 16:00:00,prod_009,seg_06,ctx_039,0.529,3,0
log_6896,2024-01-09 03:00:00,prod_028,seg_00,ctx_108,0.529,3,0
log_6897,2024-01-03 12:00:00,prod_018,seg_01,ctx_520,0.309,2,0
log_6898,2024-01-20 11:00:00,prod_030,seg_09,ctx_940,0.654,4,1
log_6899,2024-01-05 09:00:00,prod_037,seg_03,ctx_342,0.714,4,1
log_6900,2024-01-30 04:00:00,prod_050,seg_02,ctx_213,0.663,4,1
log_6901,2024-01-25 13:00:00,prod_056,seg_07,ctx_176,0.404,3,0
log_6902,2024-01-20 02:00:00,prod_044,seg_05,ctx_880,0.672,4,1
log_6903,2024-01-30 16:00:00,prod_083,seg_04,ctx_768,0.652,4,1
log_6904,2024-01-17 20:00:00,prod_043,seg_00,ctx_000,0.334,2,0
log_6905,2024-01-08 11:00:00,prod_051,seg_08,ctx_975,0.795,4,1
log_6906,2024-01-06 08:00:00,prod_025,seg_05,ctx_644,0.824,4,1
log_6907,2024-01-28 18:00:00,prod_026,seg_08,ctx_335,0.579,3,0
log_6908,2024-01-26 18:00:00,prod_078,seg_05,ctx_783,0.305,2,0
log_6909,2024-01-02 16:00:00,prod_088,seg_02,ctx_300,0.485,3,0
log_6910,2024-01-16 12:00:00,prod_064,seg_00,ctx_780,0.667,4,1
log_6911,2024-01-23 03:00:00,prod_030,seg_04,ctx_322,0.583,3,0
log_6912,2024-01-30 18:00:00,prod_046,seg_01,ctx_926,0.659,4,1
log_6913,2024-01-20 20:00:00,prod_053,seg_02,ctx_021,0.888,5,1
log_6914,2024-01-24 08:00:00,prod_064,seg_01,ctx_268,0.681,4,1
log_6915,2024-01-19 12:00:00,prod_006,seg_00,ctx_593,0.832,4,1
log_6916,2024-01-17 10:00:00,prod_031,seg_08,ctx_536,0.641,4,1
log_6917,2024-01-06 11:00:00,prod_058,seg_04,ctx_804,0.521,3,0
log_6918,2024-01-17 18:00:00,prod_066,seg_03,ctx_550,0.495,3,0
log_6919,2024-01-23 07:00:00,prod_032,seg_07,ctx_570,0.513,3,0
log_6920,2024-01-06 04:00:00,prod_071,seg_09,ctx_012,0.789,4,1
log_6921,2024-01-26 13:00:00,prod_047,seg_07,ctx_653,0.585,3,0
log_6922,2024-01-29 05:00:00,prod_013,seg_03,ctx_610,0.849,4,1
log_6923,2024-01-02 20:00:00,prod_018,seg_03,ctx_105,0.376,3,0
log_6924,2024-01-17 15:00:00,prod_070,seg_00,ctx_302,0.628,4,1
log_6925,2024-01-25 18:00:00,prod_027,seg_01,ctx_948,0.552,3,0
log_6926,2024-01-11 14:00:00,prod_079,seg_08,ctx_005,0.734,4,1
log_6927,2024-01-13 02:00:00,prod_046,seg_08,ctx_548,0.699,4,1
log_6928,2024-01-08 11:00:00,prod_051,seg_00,ctx_586,0.852,4,1
log_6929,2024-01-12 13:00:00,prod_063,seg_02,ctx_372,0.469,3,0
log_6930,2024-01-13 05:00:00,prod_086,seg_03,ctx_511,0.927,5,1
log_6931,2024-01-03 18:00:00,prod_070,seg_08,ctx_504,0.69,4,1
log_6932,2024-01-05 22:00:00,prod_091,seg_01,ctx_973,0.447,3,0
log_6933,2024-01-28 02:00:00,prod_002,seg_06,ctx_149,0.754,4,1
log_6934,2024-01-10 03:00:00,prod_062,seg_06,ctx_489,0.408,3,0
log_6935,2024-01-08 23:00:00,prod_039,seg_08,ctx_931,0.823,4,1
log_6936,2024-01-23 16:00:00,prod_086,seg_03,ctx_102,0.881,5,1
log_6937,2024-01-03 12:00:00,prod_074,seg_03,ctx_537,0.838,4,1
log_6938,2024-01-01 00:00:00,prod_047,seg_06,ctx_284,0.511,3,0
log_6939,2024-01-26 10:00:00,prod_072,seg_09,ctx_075,0.502,3,0
log_6940,2024-01-27 02:00:00,prod_007,seg_01,ctx_723,0.595,3,0
log_6941,2024-01-30 05:00:00,prod_046,seg_07,ctx_322,0.763,4,1
log_6942,2024-01-06 23:00:00,prod_039,seg_07,ctx_085,0.545,3,0
log_6943,2024-01-01 07:00:00,prod_008,seg_09,ctx_267,0.527,3,0
log_6944,2024-01-19 05:00:00,prod_017,seg_02,ctx_011,0.565,3,0
log_6945,2024-01-18 16:00:00,prod_003,seg_09,ctx_483,0.83,4,1
log_6946,2024-01-10 06:00:00,prod_020,seg_06,ctx_240,0.831,4,1
log_6947,2024-01-28 20:00:00,prod_061,seg_06,ctx_566,0.691,4,1
log_6948,2024-01-10 15:00:00,prod_086,seg_01,ctx_190,0.406,3,0
log_6949,2024-01-01 21:00:00,prod_007,seg_04,ctx_234,0.312,2,0
log_6950,2024-01-25 12:00:00,prod_068,seg_02,ctx_365,0.784,4,1
log_6951,2024-01-08 05:00:00,prod_026,seg_00,ctx_761,0.592,3,0
log_6952,2024-01-01 03:00:00,prod_059,seg_07,ctx_148,0.596,3,0
log_6953,2024-01-02 01:00:00,prod_036,seg_04,ctx_515,0.569,3,0
log_6954,2024-01-09 12:00:00,prod_019,seg_00,ctx_317,0.716,4,1
log_6955,2024-01-03 22:00:00,prod_018,seg_09,ctx_472,0.301,2,0
log_6956,2024-01-30 17:00:00,prod_048,seg_06,ctx_950,0.561,3,0
log_6957,2024-01-12 04:00:00,prod_065,seg_06,ctx_902,0.759,4,1
log_6958,2024-01-05 10:00:00,prod_091,seg_08,ctx_158,0.832,4,1
log_6959,2024-01-20 15:00:00,prod_092,seg_05,ctx_097,0.601,3,1
log_6960,2024-01-27 12:00:00,prod_018,seg_04,ctx_705,0.775,4,1
log_6961,2024-01-30 23:00:00,prod_058,seg_02,ctx_786,0.386,3,0
log_6962,2024-01-14 19:00:00,prod_060,seg_06,ctx_769,0.856,4,1
log_6963,2024-01-21 15:00:00,prod_057,seg_08,ctx_813,0.733,4,1
log_6964,2024-01-27 17:00:00,prod_001,seg_03,ctx_123,0.806,4,1
log_6965,2024-01-14 12:00:00,prod_079,seg_09,ctx_620,0.742,4,1
log_6966,2024-01-28 16:00:00,prod_078,seg_00,ctx_127,0.664,4,1
log_6967,2024-01-26 08:00:00,prod_040,seg_04,ctx_434,0.776,4,1
log_6968,2024-01-04 18:00:00,prod_029,seg_01,ctx_350,0.356,2,0
log_6969,2024-01-10 07:00:00,prod_032,seg_09,ctx_652,0.45,3,0
log_6970,2024-01-28 05:00:00,prod_095,seg_00,ctx_824,0.414,3,0
log_6971,2024-01-18 08:00:00,prod_062,seg_07,ctx_204,0.605,3,1
log_6972,2024-01-03 10:00:00,prod_078,seg_03,ctx_940,0.883,5,1
log_6973,2024-01-20 14:00:00,prod_097,seg_01,ctx_750,0.728,4,1
log_6974,2024-01-02 02:00:00,prod_068,seg_08,ctx_721,0.624,3,1
log_6975,2024-01-20 23:00:00,prod_000,seg_08,ctx_179,0.62,3,1
log_6976,2024-01-09 14:00:00,prod_063,seg_00,ctx_476,0.463,3,0
log_6977,2024-01-30 10:00:00,prod_033,seg_02,ctx_086,0.356,2,0
log_6978,2024-01-29 16:00:00,prod_069,seg_00,ctx_490,0.87,4,1
log_6979,2024-01-05 10:00:00,prod_042,seg_08,ctx_454,0.837,4,1
log_6980,2024-01-07 14:00:00,prod_078,seg_01,ctx_649,0.736,4,1
log_6981,2024-01-11 08:00:00,prod_082,seg_02,ctx_718,0.861,4,1
log_6982,2024-01-28 01:00:00,prod_072,seg_08,ctx_685,0.78,4,1
log_6983,2024-01-25 17:00:00,prod_087,seg_08,ctx_942,0.813,4,1
log_6984,2024-01-26 11:00:00,prod_019,seg_08,ctx_774,0.685,4,1
log_6985,2024-01-03 22:00:00,prod_046,seg_07,ctx_836,0.648,4,1
log_6986,2024-01-18 18:00:00,prod_002,seg_02,ctx_585,0.338,2,0
log_6987,2024-01-07 09:00:00,prod_033,seg_06,ctx_066,0.404,3,0
log_6988,2024-01-05 06:00:00,prod_003,seg_00,ctx_646,0.661,4,1
log_6989,2024-01-24 15:00:00,prod_088,seg_07,ctx_897,0.504,3,0
log_6990,2024-01-27 05:00:00,prod_049,seg_05,ctx_690,0.871,4,1
log_6991,2024-01-19 23:00:00,prod_005,seg_06,ctx_532,0.524,3,0
log_6992,2024-01-26 05:00:00,prod_085,seg_01,ctx_567,0.622,3,1
log_6993,2024-01-05 09:00:00,prod_047,seg_09,ctx_055,0.809,4,1
log_6994,2024-01-11 09:00:00,prod_057,seg_03,ctx_702,0.467,3,0
log_6995,2024-01-11 11:00:00,prod_093,seg_01,ctx_193,0.68,4,1
log_6996,2024-01-28 14:00:00,prod_037,seg_01,ctx_267,0.585,3,0
log_6997,2024-01-05 02:00:00,prod_091,seg_05,ctx_681,0.434,3,0
log_6998,2024-01-29 10:00:00,prod_009,seg_05,ctx_529,0.391,3,0
log_6999,2024-01-06 18:00:00,prod_061,seg_09,ctx_017,0.443,3,0
log_7000,2024-01-16 09:00:00,prod_072,seg_03,ctx_673,0.796,4,1
log_7001,2024-01-29 23:00:00,prod_056,seg_03,ctx_639,0.468,3,0
log_7002,2024-01-03 01:00:00,prod_033,seg_08,ctx_389,0.645,4,1
log_7003,2024-01-17 15:00:00,prod_001,seg_06,ctx_983,0.394,3,0
log_7004,2024-01-18 07:00:00,prod_018,seg_08,ctx_121,0.591,3,0
log_7005,2024-01-19 11:00:00,prod_002,seg_02,ctx_852,0.655,4,1
log_7006,2024-01-12 12:00:00,prod_079,seg_07,ctx_662,0.512,3,0
log_7007,2024-01-20 07:00:00,prod_061,seg_08,ctx_051,0.351,2,0
log_7008,2024-01-09 13:00:00,prod_012,seg_05,ctx_849,0.887,5,1
log_7009,2024-01-03 07:00:00,prod_074,seg_05,ctx_367,0.681,4,1
log_7010,2024-01-21 21:00:00,prod_075,seg_05,ctx_972,0.68,4,1
log_7011,2024-01-14 18:00:00,prod_079,seg_03,ctx_948,0.421,3,0
log_7012,2024-01-04 14:00:00,prod_088,seg_08,ctx_034,0.881,5,1
log_7013,2024-01-14 11:00:00,prod_072,seg_08,ctx_092,0.762,4,1
log_7014,2024-01-03 13:00:00,prod_044,seg_05,ctx_914,0.752,4,1
log_7015,2024-01-17 12:00:00,prod_072,seg_01,ctx_380,0.723,4,1
log_7016,2024-01-06 05:00:00,prod_023,seg_09,ctx_244,0.372,2,0
log_7017,2024-01-19 16:00:00,prod_070,seg_08,ctx_841,0.537,3,0
log_7018,2024-01-13 03:00:00,prod_082,seg_05,ctx_721,0.582,3,0
log_7019,2024-01-09 12:00:00,prod_030,seg_04,ctx_730,0.859,4,1
log_7020,2024-01-27 07:00:00,prod_036,seg_09,ctx_829,0.864,4,1
log_7021,2024-01-13 21:00:00,prod_072,seg_02,ctx_793,0.656,4,1
log_7022,2024-01-26 08:00:00,prod_042,seg_01,ctx_395,0.473,3,0
log_7023,2024-01-02 05:00:00,prod_017,seg_01,ctx_493,0.701,4,1
log_7024,2024-01-26 15:00:00,prod_081,seg_02,ctx_012,0.588,3,0
log_7025,2024-01-30 18:00:00,prod_005,seg_03,ctx_028,0.58,3,0
log_7026,2024-01-05 11:00:00,prod_033,seg_09,ctx_225,0.469,3,0
log_7027,2024-01-17 07:00:00,prod_042,seg_05,ctx_088,0.886,5,1
log_7028,2024-01-06 08:00:00,prod_015,seg_09,ctx_713,0.378,3,0
log_7029,2024-01-18 08:00:00,prod_035,seg_04,ctx_322,0.447,3,0
log_7030,2024-01-02 21:00:00,prod_045,seg_07,ctx_222,0.816,4,1
log_7031,2024-01-02 17:00:00,prod_059,seg_03,ctx_472,0.813,4,1
log_7032,2024-01-04 10:00:00,prod_017,seg_03,ctx_236,0.431,3,0
log_7033,2024-01-12 15:00:00,prod_042,seg_06,ctx_261,0.629,4,1
log_7034,2024-01-27 05:00:00,prod_070,seg_04,ctx_780,0.801,4,1
log_7035,2024-01-26 04:00:00,prod_015,seg_07,ctx_050,0.428,3,0
log_7036,2024-01-07 09:00:00,prod_082,seg_08,ctx_508,0.723,4,1
log_7037,2024-01-13 21:00:00,prod_074,seg_01,ctx_901,0.427,3,0
log_7038,2024-01-23 10:00:00,prod_051,seg_08,ctx_128,0.855,4,1
log_7039,2024-01-22 02:00:00,prod_002,seg_03,ctx_191,0.477,3,0
log_7040,2024-01-18 08:00:00,prod_035,seg_07,ctx_863,0.32,2,0
log_7041,2024-01-07 15:00:00,prod_068,seg_07,ctx_843,0.677,4,1
log_7042,2024-01-09 07:00:00,prod_044,seg_05,ctx_991,0.882,5,1
log_7043,2024-01-28 17:00:00,prod_054,seg_09,ctx_321,0.303,2,0
log_7044,2024-01-24 10:00:00,prod_020,seg_03,ctx_261,0.784,4,1
log_7045,2024-01-10 02:00:00,prod_086,seg_09,ctx_042,0.778,4,1
log_7046,2024-01-25 23:00:00,prod_001,seg_09,ctx_920,0.594,3,0
log_7047,2024-01-08 04:00:00,prod_065,seg_04,ctx_601,0.797,4,1
log_7048,2024-01-01 06:00:00,prod_043,seg_02,ctx_730,0.396,3,0
log_7049,2024-01-05 16:00:00,prod_077,seg_06,ctx_662,0.849,4,1
log_7050,2024-01-18 07:00:00,prod_094,seg_01,ctx_115,0.728,4,1
log_7051,2024-01-21 15:00:00,prod_051,seg_08,ctx_504,0.849,4,1
log_7052,2024-01-26 07:00:00,prod_000,seg_03,ctx_992,0.553,3,0
log_7053,2024-01-18 14:00:00,prod_030,seg_02,ctx_897,0.493,3,0
log_7054,2024-01-13 04:00:00,prod_046,seg_08,ctx_444,0.412,3,0
log_7055,2024-01-01 13:00:00,prod_054,seg_02,ctx_490,0.386,3,0
log_7056,2024-01-15 14:00:00,prod_074,seg_00,ctx_411,0.77,4,1
log_7057,2024-01-23 05:00:00,prod_064,seg_02,ctx_974,0.484,3,0
log_7058,2024-01-14 17:00:00,prod_096,seg_00,ctx_447,0.401,3,0
log_7059,2024-01-25 12:00:00,prod_001,seg_09,ctx_631,0.746,4,1
log_7060,2024-01-14 17:00:00,prod_081,seg_06,ctx_279,0.539,3,0
log_7061,2024-01-19 22:00:00,prod_076,seg_07,ctx_379,0.45,3,0
log_7062,2024-01-09 12:00:00,prod_065,seg_09,ctx_938,0.38,3,0
log_7063,2024-01-24 10:00:00,prod_027,seg_09,ctx_140,0.521,3,0
log_7064,2024-01-16 14:00:00,prod_046,seg_06,ctx_729,0.646,4,1
log_7065,2024-01-12 15:00:00,prod_082,seg_02,ctx_602,0.826,4,1
log_7066,2024-01-05 21:00:00,prod_056,seg_09,ctx_488,0.723,4,1
log_7067,2024-01-26 08:00:00,prod_025,seg_08,ctx_622,0.671,4,1
log_7068,2024-01-27 07:00:00,prod_069,seg_04,ctx_884,0.635,4,1
log_7069,2024-01-18 23:00:00,prod_036,seg_06,ctx_727,0.603,3,1
log_7070,2024-01-17 23:00:00,prod_004,seg_06,ctx_784,0.482,3,0
log_7071,2024-01-01 17:00:00,prod_026,seg_05,ctx_381,0.389,3,0
log_7072,2024-01-12 14:00:00,prod_056,seg_05,ctx_151,0.649,4,1
log_7073,2024-01-04 03:00:00,prod_074,seg_06,ctx_571,0.807,4,1
log_7074,2024-01-21 03:00:00,prod_072,seg_06,ctx_645,0.482,3,0
log_7075,2024-01-10 16:00:00,prod_050,seg_06,ctx_919,0.445,3,0
log_7076,2024-01-18 13:00:00,prod_015,seg_00,ctx_662,0.483,3,0
log_7077,2024-01-27 00:00:00,prod_094,seg_04,ctx_830,0.758,4,1
log_7078,2024-01-22 16:00:00,prod_073,seg_00,ctx_101,0.883,5,1
log_7079,2024-01-09 03:00:00,prod_094,seg_03,ctx_363,0.872,4,1
log_7080,2024-01-07 07:00:00,prod_035,seg_07,ctx_257,0.588,3,0
log_7081,2024-01-09 17:00:00,prod_011,seg_05,ctx_153,0.318,2,0
log_7082,2024-01-28 17:00:00,prod_005,seg_01,ctx_595,0.535,3,0
log_7083,2024-01-05 17:00:00,prod_067,seg_09,ctx_939,0.752,4,1
log_7084,2024-01-17 19:00:00,prod_015,seg_00,ctx_673,0.878,5,1
log_7085,2024-01-22 17:00:00,prod_027,seg_07,ctx_877,0.306,2,0
log_7086,2024-01-29 08:00:00,prod_034,seg_02,ctx_109,0.771,4,1
log_7087,2024-01-16 18:00:00,prod_002,seg_02,ctx_934,0.398,3,0
log_7088,2024-01-03 05:00:00,prod_085,seg_05,ctx_416,0.894,5,1
log_7089,2024-01-22 13:00:00,prod_075,seg_05,ctx_957,0.441,3,0
log_7090,2024-01-17 14:00:00,prod_019,seg_08,ctx_029,0.71,4,1
log_7091,2024-01-21 04:00:00,prod_060,seg_00,ctx_681,0.393,3,0
log_7092,2024-01-21 11:00:00,prod_087,seg_09,ctx_726,0.601,3,1
log_7093,2024-01-10 09:00:00,prod_088,seg_03,ctx_391,0.848,4,1
log_7094,2024-01-26 00:00:00,prod_082,seg_05,ctx_892,0.37,2,0
log_7095,2024-01-28 14:00:00,prod_013,seg_06,ctx_419,0.477,3,0
log_7096,2024-01-18 00:00:00,prod_033,seg_01,ctx_857,0.594,3,0
log_7097,2024-01-14 17:00:00,prod_026,seg_02,ctx_487,0.653,4,1
log_7098,2024-01-23 21:00:00,prod_039,seg_03,ctx_574,0.609,3,1
log_7099,2024-01-24 14:00:00,prod_094,seg_02,ctx_997,0.881,5,1
log_7100,2024-01-01 15:00:00,prod_083,seg_01,ctx_608,0.54,3,0
log_7101,2024-01-24 15:00:00,prod_098,seg_06,ctx_245,0.575,3,0
log_7102,2024-01-15 16:00:00,prod_062,seg_03,ctx_670,0.467,3,0
log_7103,2024-01-19 12:00:00,prod_071,seg_03,ctx_121,0.521,3,0
log_7104,2024-01-24 09:00:00,prod_004,seg_07,ctx_343,0.645,4,1
log_7105,2024-01-15 12:00:00,prod_055,seg_09,ctx_741,0.449,3,0
log_7106,2024-01-14 16:00:00,prod_069,seg_07,ctx_467,0.754,4,1
log_7107,2024-01-02 10:00:00,prod_022,seg_07,ctx_482,0.418,3,0
log_7108,2024-01-13 23:00:00,prod_096,seg_06,ctx_391,0.894,5,1
log_7109,2024-01-24 03:00:00,prod_096,seg_05,ctx_168,0.47,3,0
log_7110,2024-01-11 11:00:00,prod_031,seg_01,ctx_749,0.857,4,1
log_7111,2024-01-22 19:00:00,prod_043,seg_06,ctx_900,0.706,4,1
log_7112,2024-01-25 19:00:00,prod_084,seg_04,ctx_126,0.865,4,1
log_7113,2024-01-02 06:00:00,prod_029,seg_05,ctx_590,0.641,4,1
log_7114,2024-01-16 09:00:00,prod_066,seg_07,ctx_001,0.39,3,0
log_7115,2024-01-21 11:00:00,prod_014,seg_07,ctx_266,0.623,3,1
log_7116,2024-01-10 08:00:00,prod_038,seg_03,ctx_666,0.988,5,1
log_7117,2024-01-25 13:00:00,prod_047,seg_01,ctx_410,0.725,4,1
log_7118,2024-01-18 08:00:00,prod_036,seg_06,ctx_312,0.354,2,0
log_7119,2024-01-16 09:00:00,prod_001,seg_07,ctx_276,0.336,2,0
log_7120,2024-01-16 03:00:00,prod_030,seg_08,ctx_275,0.554,3,0
log_7121,2024-01-29 07:00:00,prod_010,seg_07,ctx_752,0.505,3,0
log_7122,2024-01-12 03:00:00,prod_010,seg_08,ctx_652,0.822,4,1
log_7123,2024-01-29 19:00:00,prod_082,seg_05,ctx_216,0.405,3,0
log_7124,2024-01-11 21:00:00,prod_091,seg_07,ctx_947,0.805,4,1
log_7125,2024-01-09 01:00:00,prod_077,seg_00,ctx_888,0.478,3,0
log_7126,2024-01-14 04:00:00,prod_075,seg_09,ctx_091,0.83,4,1
log_7127,2024-01-26 15:00:00,prod_048,seg_06,ctx_774,0.602,3,1
log_7128,2024-01-03 18:00:00,prod_070,seg_00,ctx_564,0.55,3,0
log_7129,2024-01-23 11:00:00,prod_009,seg_04,ctx_522,0.858,4,1
log_7130,2024-01-02 16:00:00,prod_056,seg_07,ctx_149,0.847,4,1
log_7131,2024-01-22 17:00:00,prod_051,seg_05,ctx_018,0.866,4,1
log_7132,2024-01-13 09:00:00,prod_044,seg_01,ctx_460,0.492,3,0
log_7133,2024-01-19 18:00:00,prod_055,seg_00,ctx_828,0.87,4,1
log_7134,2024-01-08 22:00:00,prod_020,seg_06,ctx_110,0.625,4,1
log_7135,2024-01-20 20:00:00,prod_029,seg_03,ctx_074,0.47,3,0
log_7136,2024-01-02 21:00:00,prod_047,seg_05,ctx_924,0.6,3,0
log_7137,2024-01-27 17:00:00,prod_029,seg_01,ctx_303,0.402,3,0
log_7138,2024-01-25 19:00:00,prod_049,seg_06,ctx_153,0.73,4,1
log_7139,2024-01-24 08:00:00,prod_038,seg_01,ctx_139,0.341,2,0
log_7140,2024-01-26 13:00:00,prod_060,seg_07,ctx_803,0.413,3,0
log_7141,2024-01-27 15:00:00,prod_092,seg_08,ctx_105,0.378,3,0
log_7142,2024-01-22 20:00:00,prod_034,seg_02,ctx_431,0.317,2,0
log_7143,2024-01-18 09:00:00,prod_086,seg_07,ctx_004,0.871,4,1
log_7144,2024-01-02 04:00:00,prod_071,seg_09,ctx_841,0.421,3,0
log_7145,2024-01-03 08:00:00,prod_075,seg_01,ctx_964,0.882,5,1
log_7146,2024-01-19 19:00:00,prod_025,seg_04,ctx_885,0.923,5,1
log_7147,2024-01-07 02:00:00,prod_036,seg_06,ctx_357,0.593,3,0
log_7148,2024-01-18 15:00:00,prod_027,seg_03,ctx_647,0.367,2,0
log_7149,2024-01-12 12:00:00,prod_028,seg_06,ctx_907,0.858,4,1
log_7150,2024-01-07 13:00:00,prod_057,seg_04,ctx_161,0.507,3,0
log_7151,2024-01-26 20:00:00,prod_036,seg_02,ctx_508,0.366,2,0
log_7152,2024-01-08 05:00:00,prod_017,seg_02,ctx_834,0.365,2,0
log_7153,2024-01-09 11:00:00,prod_064,seg_05,ctx_871,0.302,2,0
log_7154,2024-01-15 19:00:00,prod_056,seg_01,ctx_218,0.55,3,0
log_7155,2024-01-07 15:00:00,prod_046,seg_06,ctx_563,0.869,4,1
log_7156,2024-01-30 07:00:00,prod_007,seg_01,ctx_069,0.39,3,0
log_7157,2024-01-22 00:00:00,prod_012,seg_05,ctx_024,0.479,3,0
log_7158,2024-01-06 13:00:00,prod_037,seg_03,ctx_663,0.356,2,0
log_7159,2024-01-20 01:00:00,prod_067,seg_06,ctx_615,0.403,3,0
log_7160,2024-01-18 12:00:00,prod_084,seg_07,ctx_309,0.403,3,0
log_7161,2024-01-04 17:00:00,prod_025,seg_07,ctx_113,0.627,4,1
log_7162,2024-01-11 05:00:00,prod_088,seg_03,ctx_789,0.773,4,1
log_7163,2024-01-21 01:00:00,prod_048,seg_00,ctx_546,0.572,3,0
log_7164,2024-01-09 00:00:00,prod_082,seg_07,ctx_491,0.548,3,0
log_7165,2024-01-02 09:00:00,prod_046,seg_00,ctx_765,0.906,5,1
log_7166,2024-01-17 06:00:00,prod_059,seg_05,ctx_923,0.453,3,0
log_7167,2024-01-05 20:00:00,prod_029,seg_08,ctx_742,0.582,3,0
log_7168,2024-01-10 15:00:00,prod_000,seg_01,ctx_855,0.46,3,0
log_7169,2024-01-26 09:00:00,prod_086,seg_07,ctx_091,0.447,3,0
log_7170,2024-01-28 03:00:00,prod_040,seg_08,ctx_143,0.405,3,0
log_7171,2024-01-20 21:00:00,prod_068,seg_03,ctx_960,0.681,4,1
log_7172,2024-01-29 01:00:00,prod_053,seg_02,ctx_306,0.49,3,0
log_7173,2024-01-24 22:00:00,prod_092,seg_08,ctx_715,0.613,3,1
log_7174,2024-01-24 17:00:00,prod_057,seg_01,ctx_850,0.608,3,1
log_7175,2024-01-20 22:00:00,prod_055,seg_01,ctx_692,0.514,3,0
log_7176,2024-01-07 04:00:00,prod_035,seg_05,ctx_169,0.627,4,1
log_7177,2024-01-14 18:00:00,prod_098,seg_00,ctx_384,0.446,3,0
log_7178,2024-01-17 15:00:00,prod_076,seg_07,ctx_633,0.643,4,1
log_7179,2024-01-22 08:00:00,prod_046,seg_01,ctx_538,0.555,3,0
log_7180,2024-01-02 05:00:00,prod_043,seg_01,ctx_084,0.691,4,1
log_7181,2024-01-13 11:00:00,prod_025,seg_08,ctx_845,0.714,4,1
log_7182,2024-01-13 03:00:00,prod_068,seg_05,ctx_289,0.375,2,0
log_7183,2024-01-19 04:00:00,prod_055,seg_01,ctx_168,0.642,4,1
log_7184,2024-01-06 03:00:00,prod_084,seg_07,ctx_907,0.694,4,1
log_7185,2024-01-20 17:00:00,prod_054,seg_00,ctx_366,0.771,4,1
log_7186,2024-01-15 03:00:00,prod_005,seg_06,ctx_215,0.539,3,0
log_7187,2024-01-30 15:00:00,prod_007,seg_00,ctx_038,0.553,3,0
log_7188,2024-01-24 01:00:00,prod_031,seg_08,ctx_764,0.516,3,0
log_7189,2024-01-17 00:00:00,prod_011,seg_06,ctx_391,0.483,3,0
log_7190,2024-01-24 11:00:00,prod_007,seg_08,ctx_034,0.659,4,1
log_7191,2024-01-11 15:00:00,prod_097,seg_08,ctx_940,0.732,4,1
log_7192,2024-01-10 00:00:00,prod_000,seg_03,ctx_963,0.413,3,0
log_7193,2024-01-09 10:00:00,prod_009,seg_06,ctx_132,0.338,2,0
log_7194,2024-01-30 18:00:00,prod_072,seg_00,ctx_124,0.715,4,1
log_7195,2024-01-14 00:00:00,prod_046,seg_02,ctx_744,0.734,4,1
log_7196,2024-01-22 05:00:00,prod_054,seg_00,ctx_936,0.459,3,0
log_7197,2024-01-20 12:00:00,prod_017,seg_05,ctx_110,0.554,3,0
log_7198,2024-01-09 06:00:00,prod_088,seg_02,ctx_566,0.31,2,0
log_7199,2024-01-14 16:00:00,prod_025,seg_06,ctx_319,0.613,3,1
log_7200,2024-01-08 09:00:00,prod_099,seg_04,ctx_345,0.786,4,1
log_7201,2024-01-19 04:00:00,prod_056,seg_04,ctx_779,0.622,3,1
log_7202,2024-01-08 01:00:00,prod_016,seg_07,ctx_804,0.528,3,0
log_7203,2024-01-26 23:00:00,prod_047,seg_01,ctx_638,0.846,4,1
log_7204,2024-01-01 18:00:00,prod_048,seg_05,ctx_464,0.695,4,1
log_7205,2024-01-06 21:00:00,prod_087,seg_09,ctx_485,0.472,3,0
log_7206,2024-01-21 02:00:00,prod_075,seg_01,ctx_756,0.455,3,0
log_7207,2024-01-23 06:00:00,prod_093,seg_01,ctx_336,0.644,4,1
log_7208,2024-01-15 02:00:00,prod_028,seg_00,ctx_566,0.399,3,0
log_7209,2024-01-13 17:00:00,prod_042,seg_04,ctx_313,0.682,4,1
log_7210,2024-01-11 20:00:00,prod_074,seg_03,ctx_098,0.607,3,1
log_7211,2024-01-12 03:00:00,prod_030,seg_00,ctx_903,0.681,4,1
log_7212,2024-01-16 01:00:00,prod_025,seg_01,ctx_802,0.766,4,1
log_7213,2024-01-26 21:00:00,prod_032,seg_03,ctx_682,0.315,2,0
log_7214,2024-01-05 22:00:00,prod_053,seg_00,ctx_273,0.599,3,0
log_7215,2024-01-24 03:00:00,prod_018,seg_07,ctx_010,0.329,2,0
log_7216,2024-01-05 08:00:00,prod_036,seg_03,ctx_631,0.486,3,0
log_7217,2024-01-07 14:00:00,prod_050,seg_06,ctx_221,0.7,4,1
log_7218,2024-01-13 08:00:00,prod_072,seg_06,ctx_028,0.547,3,0
log_7219,2024-01-25 06:00:00,prod_084,seg_02,ctx_648,0.359,2,0
log_7220,2024-01-14 23:00:00,prod_000,seg_00,ctx_490,0.737,4,1
log_7221,2024-01-12 19:00:00,prod_064,seg_07,ctx_812,0.324,2,0
log_7222,2024-01-29 22:00:00,prod_057,seg_03,ctx_655,0.546,3,0
log_7223,2024-01-26 20:00:00,prod_097,seg_07,ctx_239,0.462,3,0
log_7224,2024-01-29 00:00:00,prod_036,seg_07,ctx_652,0.777,4,1
log_7225,2024-01-09 11:00:00,prod_025,seg_06,ctx_760,0.304,2,0
log_7226,2024-01-30 07:00:00,prod_013,seg_07,ctx_093,0.689,4,1
log_7227,2024-01-29 20:00:00,prod_075,seg_00,ctx_343,0.59,3,0
log_7228,2024-01-09 01:00:00,prod_029,seg_09,ctx_032,0.472,3,0
log_7229,2024-01-13 04:00:00,prod_011,seg_01,ctx_873,0.566,3,0
log_7230,2024-01-01 15:00:00,prod_057,seg_06,ctx_238,0.602,3,1
log_7231,2024-01-23 22:00:00,prod_017,seg_08,ctx_907,0.521,3,0
log_7232,2024-01-29 05:00:00,prod_005,seg_04,ctx_473,0.307,2,0
log_7233,2024-01-14 16:00:00,prod_087,seg_05,ctx_634,0.5,3,0
log_7234,2024-01-11 07:00:00,prod_002,seg_09,ctx_961,0.769,4,1
log_7235,2024-01-20 03:00:00,prod_069,seg_03,ctx_491,0.353,2,0
log_7236,2024-01-06 21:00:00,prod_053,seg_00,ctx_036,0.383,3,0
log_7237,2024-01-20 07:00:00,prod_047,seg_00,ctx_538,0.55,3,0
log_7238,2024-01-02 15:00:00,prod_090,seg_02,ctx_714,0.715,4,1
log_7239,2024-01-07 21:00:00,prod_016,seg_01,ctx_398,0.612,3,1
log_7240,2024-01-07 15:00:00,prod_085,seg_00,ctx_008,0.838,4,1
log_7241,2024-01-17 03:00:00,prod_050,seg_09,ctx_223,0.306,2,0
log_7242,2024-01-30 01:00:00,prod_020,seg_01,ctx_207,0.583,3,0
log_7243,2024-01-26 10:00:00,prod_077,seg_08,ctx_222,0.598,3,0
log_7244,2024-01-10 02:00:00,prod_013,seg_07,ctx_436,0.477,3,0
log_7245,2024-01-03 12:00:00,prod_035,seg_08,ctx_323,0.836,4,1
log_7246,2024-01-04 11:00:00,prod_052,seg_01,ctx_585,0.635,4,1
log_7247,2024-01-07 07:00:00,prod_099,seg_05,ctx_833,0.533,3,0
log_7248,2024-01-19 04:00:00,prod_084,seg_07,ctx_947,0.789,4,1
log_7249,2024-01-20 06:00:00,prod_044,seg_04,ctx_851,0.454,3,0
log_7250,2024-01-16 14:00:00,prod_004,seg_00,ctx_226,0.618,3,1
log_7251,2024-01-05 04:00:00,prod_074,seg_09,ctx_082,0.683,4,1
log_7252,2024-01-17 19:00:00,prod_079,seg_05,ctx_665,0.502,3,0
log_7253,2024-01-20 03:00:00,prod_099,seg_01,ctx_406,0.775,4,1
log_7254,2024-01-12 21:00:00,prod_024,seg_04,ctx_235,0.783,4,1
log_7255,2024-01-14 01:00:00,prod_054,seg_05,ctx_802,0.38,3,0
log_7256,2024-01-23 21:00:00,prod_069,seg_09,ctx_899,0.623,3,1
log_7257,2024-01-01 10:00:00,prod_051,seg_07,ctx_200,0.871,4,1
log_7258,2024-01-08 02:00:00,prod_059,seg_07,ctx_313,0.831,4,1
log_7259,2024-01-05 14:00:00,prod_093,seg_05,ctx_421,0.428,3,0
log_7260,2024-01-27 10:00:00,prod_067,seg_00,ctx_969,0.727,4,1
log_7261,2024-01-29 02:00:00,prod_018,seg_03,ctx_267,0.302,2,0
log_7262,2024-01-04 01:00:00,prod_067,seg_02,ctx_792,0.746,4,1
log_7263,2024-01-09 20:00:00,prod_090,seg_01,ctx_303,0.797,4,1
log_7264,2024-01-28 11:00:00,prod_084,seg_07,ctx_168,0.496,3,0
log_7265,2024-01-05 22:00:00,prod_005,seg_04,ctx_543,0.389,3,0
log_7266,2024-01-07 17:00:00,prod_089,seg_00,ctx_185,0.829,4,1
log_7267,2024-01-18 10:00:00,prod_090,seg_02,ctx_824,0.55,3,0
log_7268,2024-01-11 08:00:00,prod_020,seg_01,ctx_415,0.676,4,1
log_7269,2024-01-05 13:00:00,prod_028,seg_06,ctx_149,0.716,4,1
log_7270,2024-01-21 03:00:00,prod_031,seg_09,ctx_088,0.313,2,0
log_7271,2024-01-06 19:00:00,prod_089,seg_03,ctx_879,0.533,3,0
log_7272,2024-01-12 01:00:00,prod_083,seg_02,ctx_567,0.704,4,1
log_7273,2024-01-05 10:00:00,prod_073,seg_00,ctx_611,0.607,3,1
log_7274,2024-01-25 18:00:00,prod_083,seg_03,ctx_894,0.388,3,0
log_7275,2024-01-09 11:00:00,prod_016,seg_09,ctx_797,0.612,3,1
log_7276,2024-01-30 14:00:00,prod_077,seg_05,ctx_494,0.679,4,1
log_7277,2024-01-30 12:00:00,prod_081,seg_07,ctx_757,0.361,2,0
log_7278,2024-01-07 00:00:00,prod_047,seg_07,ctx_747,0.336,2,0
log_7279,2024-01-20 21:00:00,prod_005,seg_08,ctx_958,0.652,4,1
log_7280,2024-01-13 12:00:00,prod_015,seg_04,ctx_248,0.8,4,1
log_7281,2024-01-18 07:00:00,prod_042,seg_09,ctx_278,0.607,3,1
log_7282,2024-01-28 12:00:00,prod_015,seg_01,ctx_824,0.41,3,0
log_7283,2024-01-01 04:00:00,prod_055,seg_07,ctx_580,0.489,3,0
log_7284,2024-01-24 13:00:00,prod_067,seg_09,ctx_533,0.342,2,0
log_7285,2024-01-11 21:00:00,prod_075,seg_04,ctx_336,0.736,4,1
log_7286,2024-01-03 14:00:00,prod_024,seg_09,ctx_299,0.639,4,1
log_7287,2024-01-27 20:00:00,prod_093,seg_09,ctx_347,0.388,3,0
log_7288,2024-01-03 20:00:00,prod_036,seg_04,ctx_133,0.602,3,1
log_7289,2024-01-24 06:00:00,prod_023,seg_00,ctx_118,0.819,4,1
log_7290,2024-01-08 20:00:00,prod_069,seg_00,ctx_972,0.574,3,0
log_7291,2024-01-15 13:00:00,prod_067,seg_02,ctx_006,0.681,4,1
log_7292,2024-01-24 00:00:00,prod_054,seg_04,ctx_097,0.728,4,1
log_7293,2024-01-22 14:00:00,prod_038,seg_04,ctx_110,0.676,4,1
log_7294,2024-01-25 12:00:00,prod_016,seg_03,ctx_370,0.337,2,0
log_7295,2024-01-24 14:00:00,prod_092,seg_09,ctx_662,0.655,4,1
log_7296,2024-01-23 23:00:00,prod_070,seg_09,ctx_867,0.766,4,1
log_7297,2024-01-30 17:00:00,prod_099,seg_07,ctx_248,0.772,4,1
log_7298,2024-01-10 02:00:00,prod_061,seg_00,ctx_139,0.818,4,1
log_7299,2024-01-21 00:00:00,prod_087,seg_01,ctx_488,0.699,4,1
log_7300,2024-01-25 12:00:00,prod_094,seg_02,ctx_717,0.754,4,1
log_7301,2024-01-22 13:00:00,prod_013,seg_00,ctx_020,0.604,3,1
log_7302,2024-01-03 20:00:00,prod_030,seg_06,ctx_567,0.751,4,1
log_7303,2024-01-09 18:00:00,prod_046,seg_07,ctx_947,0.389,3,0
log_7304,2024-01-12 20:00:00,prod_031,seg_09,ctx_497,0.518,3,0
log_7305,2024-01-15 17:00:00,prod_031,seg_05,ctx_135,0.702,4,1
log_7306,2024-01-23 07:00:00,prod_063,seg_00,ctx_341,0.818,4,1
log_7307,2024-01-04 19:00:00,prod_029,seg_03,ctx_297,0.846,4,1
log_7308,2024-01-19 14:00:00,prod_062,seg_09,ctx_690,0.723,4,1
log_7309,2024-01-05 00:00:00,prod_056,seg_05,ctx_991,0.781,4,1
log_7310,2024-01-06 10:00:00,prod_010,seg_08,ctx_122,0.561,3,0
log_7311,2024-01-14 19:00:00,prod_030,seg_05,ctx_015,0.457,3,0
log_7312,2024-01-02 11:00:00,prod_057,seg_03,ctx_423,0.768,4,1
log_7313,2024-01-19 21:00:00,prod_058,seg_00,ctx_929,0.835,4,1
log_7314,2024-01-21 12:00:00,prod_091,seg_03,ctx_469,0.752,4,1
log_7315,2024-01-10 04:00:00,prod_045,seg_00,ctx_209,0.896,5,1
log_7316,2024-01-06 11:00:00,prod_074,seg_08,ctx_447,0.646,4,1
log_7317,2024-01-10 13:00:00,prod_090,seg_05,ctx_487,0.58,3,0
log_7318,2024-01-03 03:00:00,prod_011,seg_04,ctx_855,0.751,4,1
log_7319,2024-01-12 20:00:00,prod_031,seg_05,ctx_281,0.811,4,1
log_7320,2024-01-25 09:00:00,prod_006,seg_02,ctx_996,0.542,3,0
log_7321,2024-01-15 02:00:00,prod_003,seg_07,ctx_460,0.616,3,1
log_7322,2024-01-01 07:00:00,prod_033,seg_09,ctx_587,0.708,4,1
log_7323,2024-01-16 10:00:00,prod_015,seg_05,ctx_712,0.514,3,0
log_7324,2024-01-23 13:00:00,prod_019,seg_00,ctx_082,0.899,5,1
log_7325,2024-01-25 02:00:00,prod_094,seg_07,ctx_288,0.547,3,0
log_7326,2024-01-10 13:00:00,prod_031,seg_02,ctx_404,0.396,3,0
log_7327,2024-01-23 22:00:00,prod_034,seg_00,ctx_856,0.836,4,1
log_7328,2024-01-12 01:00:00,prod_085,seg_09,ctx_349,0.598,3,0
log_7329,2024-01-11 16:00:00,prod_086,seg_06,ctx_859,0.785,4,1
log_7330,2024-01-17 02:00:00,prod_020,seg_03,ctx_437,0.536,3,0
log_7331,2024-01-05 04:00:00,prod_026,seg_01,ctx_187,0.709,4,1
log_7332,2024-01-29 18:00:00,prod_032,seg_09,ctx_946,0.616,3,1
log_7333,2024-01-05 15:00:00,prod_078,seg_02,ctx_092,0.85,4,1
log_7334,2024-01-20 02:00:00,prod_055,seg_07,ctx_813,0.803,4,1
log_7335,2024-01-04 06:00:00,prod_029,seg_05,ctx_442,0.561,3,0
log_7336,2024-01-12 07:00:00,prod_083,seg_00,ctx_207,0.322,2,0
log_7337,2024-01-16 05:00:00,prod_062,seg_05,ctx_026,0.325,2,0
log_7338,2024-01-10 19:00:00,prod_013,seg_00,ctx_617,0.796,4,1
log_7339,2024-01-06 18:00:00,prod_014,seg_08,ctx_022,0.619,3,1
log_7340,2024-01-27 07:00:00,prod_063,seg_03,ctx_884,0.882,5,1
log_7341,2024-01-22 22:00:00,prod_063,seg_05,ctx_392,0.673,4,1
log_7342,2024-01-18 17:00:00,prod_027,seg_00,ctx_292,0.899,5,1
log_7343,2024-01-28 08:00:00,prod_030,seg_06,ctx_538,0.875,5,1
log_7344,2024-01-09 15:00:00,prod_089,seg_04,ctx_937,0.637,4,1
log_7345,2024-01-20 15:00:00,prod_019,seg_00,ctx_913,0.438,3,0
log_7346,2024-01-15 12:00:00,prod_066,seg_08,ctx_290,0.602,3,1
log_7347,2024-01-29 01:00:00,prod_040,seg_02,ctx_179,0.775,4,1
log_7348,2024-01-25 19:00:00,prod_053,seg_02,ctx_930,0.823,4,1
log_7349,2024-01-05 23:00:00,prod_090,seg_08,ctx_828,0.713,4,1
log_7350,2024-01-17 14:00:00,prod_032,seg_02,ctx_686,0.746,4,1
log_7351,2024-01-13 20:00:00,prod_043,seg_06,ctx_654,0.733,4,1
log_7352,2024-01-21 00:00:00,prod_091,seg_07,ctx_676,0.67,4,1
log_7353,2024-01-03 12:00:00,prod_084,seg_07,ctx_405,0.894,5,1
log_7354,2024-01-29 16:00:00,prod_054,seg_02,ctx_627,0.441,3,0
log_7355,2024-01-03 06:00:00,prod_075,seg_06,ctx_367,0.616,3,1
log_7356,2024-01-15 05:00:00,prod_003,seg_01,ctx_601,0.53,3,0
log_7357,2024-01-06 13:00:00,prod_083,seg_04,ctx_476,0.575,3,0
log_7358,2024-01-27 05:00:00,prod_009,seg_06,ctx_057,0.448,3,0
log_7359,2024-01-15 04:00:00,prod_050,seg_05,ctx_171,0.516,3,0
log_7360,2024-01-04 20:00:00,prod_014,seg_00,ctx_165,0.566,3,0
log_7361,2024-01-18 12:00:00,prod_042,seg_04,ctx_267,0.672,4,1
log_7362,2024-01-07 14:00:00,prod_058,seg_05,ctx_450,0.341,2,0
log_7363,2024-01-13 10:00:00,prod_061,seg_08,ctx_532,0.603,3,1
log_7364,2024-01-13 06:00:00,prod_002,seg_06,ctx_416,0.683,4,1
log_7365,2024-01-22 14:00:00,prod_018,seg_01,ctx_931,0.74,4,1
log_7366,2024-01-26 04:00:00,prod_081,seg_09,ctx_499,0.307,2,0
log_7367,2024-01-09 00:00:00,prod_023,seg_03,ctx_760,0.565,3,0
log_7368,2024-01-19 19:00:00,prod_057,seg_05,ctx_712,0.535,3,0
log_7369,2024-01-30 18:00:00,prod_042,seg_00,ctx_556,0.671,4,1
log_7370,2024-01-14 18:00:00,prod_031,seg_05,ctx_872,0.694,4,1
log_7371,2024-01-10 21:00:00,prod_053,seg_01,ctx_196,0.531,3,0
log_7372,2024-01-15 04:00:00,prod_066,seg_03,ctx_392,0.676,4,1
log_7373,2024-01-10 09:00:00,prod_089,seg_08,ctx_400,0.599,3,0
log_7374,2024-01-03 10:00:00,prod_039,seg_01,ctx_503,0.302,2,0
log_7375,2024-01-19 13:00:00,prod_046,seg_04,ctx_488,0.632,4,1
log_7376,2024-01-19 20:00:00,prod_008,seg_01,ctx_971,0.415,3,0
log_7377,2024-01-16 13:00:00,prod_098,seg_02,ctx_023,0.442,3,0
log_7378,2024-01-17 10:00:00,prod_000,seg_05,ctx_594,0.758,4,1
log_7379,2024-01-10 04:00:00,prod_086,seg_01,ctx_193,0.362,2,0
log_7380,2024-01-18 01:00:00,prod_015,seg_02,ctx_100,0.595,3,0
log_7381,2024-01-21 11:00:00,prod_009,seg_04,ctx_293,0.927,5,1
log_7382,2024-01-23 03:00:00,prod_018,seg_05,ctx_561,0.598,3,0
log_7383,2024-01-30 12:00:00,prod_054,seg_09,ctx_613,0.439,3,0
log_7384,2024-01-01 08:00:00,prod_080,seg_05,ctx_877,0.662,4,1
log_7385,2024-01-16 11:00:00,prod_091,seg_08,ctx_326,0.622,3,1
log_7386,2024-01-24 22:00:00,prod_026,seg_08,ctx_414,0.771,4,1
log_7387,2024-01-26 17:00:00,prod_064,seg_03,ctx_716,0.623,3,1
log_7388,2024-01-01 21:00:00,prod_016,seg_05,ctx_483,0.557,3,0
log_7389,2024-01-11 11:00:00,prod_010,seg_02,ctx_875,0.435,3,0
log_7390,2024-01-03 18:00:00,prod_015,seg_02,ctx_491,0.79,4,1
log_7391,2024-01-24 10:00:00,prod_010,seg_08,ctx_812,0.739,4,1
log_7392,2024-01-21 16:00:00,prod_056,seg_04,ctx_316,0.481,3,0
log_7393,2024-01-05 06:00:00,prod_077,seg_06,ctx_479,0.633,4,1
log_7394,2024-01-15 23:00:00,prod_038,seg_09,ctx_085,0.527,3,0
log_7395,2024-01-07 03:00:00,prod_000,seg_03,ctx_314,0.962,5,1
log_7396,2024-01-03 00:00:00,prod_064,seg_08,ctx_928,0.95,5,1
log_7397,2024-01-25 23:00:00,prod_093,seg_00,ctx_417,0.679,4,1
log_7398,2024-01-28 03:00:00,prod_098,seg_04,ctx_248,0.875,5,1
log_7399,2024-01-22 05:00:00,prod_081,seg_09,ctx_719,0.532,3,0
log_7400,2024-01-26 15:00:00,prod_051,seg_09,ctx_085,0.512,3,0
log_7401,2024-01-19 08:00:00,prod_082,seg_09,ctx_956,0.821,4,1
log_7402,2024-01-15 21:00:00,prod_026,seg_09,ctx_330,0.561,3,0
log_7403,2024-01-09 10:00:00,prod_030,seg_02,ctx_455,0.507,3,0
log_7404,2024-01-02 23:00:00,prod_086,seg_01,ctx_752,0.677,4,1
log_7405,2024-01-05 08:00:00,prod_089,seg_07,ctx_633,0.849,4,1
log_7406,2024-01-02 13:00:00,prod_038,seg_09,ctx_398,0.815,4,1
log_7407,2024-01-25 21:00:00,prod_036,seg_08,ctx_230,0.857,4,1
log_7408,2024-01-27 17:00:00,prod_079,seg_08,ctx_127,0.636,4,1
log_7409,2024-01-16 19:00:00,prod_044,seg_09,ctx_664,0.455,3,0
log_7410,2024-01-13 02:00:00,prod_000,seg_07,ctx_642,0.361,2,0
log_7411,2024-01-27 09:00:00,prod_032,seg_06,ctx_705,0.391,3,0
log_7412,2024-01-24 02:00:00,prod_003,seg_01,ctx_178,0.462,3,0
log_7413,2024-01-27 21:00:00,prod_035,seg_08,ctx_993,0.789,4,1
log_7414,2024-01-13 15:00:00,prod_089,seg_01,ctx_732,0.63,4,1
log_7415,2024-01-12 21:00:00,prod_007,seg_02,ctx_914,0.663,4,1
log_7416,2024-01-09 08:00:00,prod_049,seg_03,ctx_619,0.671,4,1
log_7417,2024-01-16 16:00:00,prod_055,seg_07,ctx_620,0.329,2,0
log_7418,2024-01-18 05:00:00,prod_006,seg_05,ctx_294,0.486,3,0
log_7419,2024-01-02 16:00:00,prod_069,seg_09,ctx_365,0.328,2,0
log_7420,2024-01-15 10:00:00,prod_077,seg_00,ctx_212,0.471,3,0
log_7421,2024-01-29 08:00:00,prod_029,seg_02,ctx_689,0.506,3,0
log_7422,2024-01-12 02:00:00,prod_057,seg_02,ctx_145,0.713,4,1
log_7423,2024-01-05 21:00:00,prod_004,seg_03,ctx_867,0.45,3,0
log_7424,2024-01-21 14:00:00,prod_033,seg_08,ctx_955,0.543,3,0
log_7425,2024-01-01 11:00:00,prod_098,seg_01,ctx_362,0.524,3,0
log_7426,2024-01-24 05:00:00,prod_046,seg_03,ctx_092,0.919,5,1
log_7427,2024-01-12 19:00:00,prod_018,seg_07,ctx_389,0.637,4,1
log_7428,2024-01-01 02:00:00,prod_085,seg_01,ctx_590,0.881,5,1
log_7429,2024-01-16 19:00:00,prod_078,seg_01,ctx_199,0.395,3,0
log_7430,2024-01-11 12:00:00,prod_035,seg_08,ctx_725,0.493,3,0
log_7431,2024-01-18 05:00:00,prod_036,seg_04,ctx_008,0.39,3,0
log_7432,2024-01-28 13:00:00,prod_037,seg_02,ctx_221,0.643,4,1
log_7433,2024-01-13 12:00:00,prod_009,seg_04,ctx_211,0.788,4,1
log_7434,2024-01-26 11:00:00,prod_065,seg_02,ctx_724,0.839,4,1
log_7435,2024-01-20 11:00:00,prod_015,seg_07,ctx_219,0.45,3,0
log_7436,2024-01-21 17:00:00,prod_033,seg_04,ctx_039,0.377,3,0
log_7437,2024-01-28 05:00:00,prod_086,seg_02,ctx_123,0.774,4,1
log_7438,2024-01-25 16:00:00,prod_064,seg_09,ctx_382,0.399,3,0
log_7439,2024-01-23 19:00:00,prod_004,seg_06,ctx_889,0.668,4,1
log_7440,2024-01-16 21:00:00,prod_090,seg_09,ctx_177,0.673,4,1
log_7441,2024-01-15 18:00:00,prod_006,seg_06,ctx_446,0.587,3,0
log_7442,2024-01-06 08:00:00,prod_059,seg_06,ctx_568,0.341,2,0
log_7443,2024-01-28 21:00:00,prod_070,seg_05,ctx_855,0.34,2,0
log_7444,2024-01-15 13:00:00,prod_021,seg_07,ctx_750,0.417,3,0
log_7445,2024-01-30 03:00:00,prod_031,seg_06,ctx_114,0.517,3,0
log_7446,2024-01-16 15:00:00,prod_057,seg_09,ctx_337,0.816,4,1
log_7447,2024-01-19 11:00:00,prod_059,seg_04,ctx_603,0.578,3,0
log_7448,2024-01-14 05:00:00,prod_070,seg_06,ctx_252,0.428,3,0
log_7449,2024-01-23 06:00:00,prod_088,seg_09,ctx_447,0.747,4,1
log_7450,2024-01-18 05:00:00,prod_078,seg_07,ctx_032,0.422,3,0
log_7451,2024-01-25 22:00:00,prod_041,seg_05,ctx_527,0.695,4,1
log_7452,2024-01-05 10:00:00,prod_096,seg_05,ctx_980,0.626,4,1
log_7453,2024-01-17 11:00:00,prod_044,seg_06,ctx_412,0.858,4,1
log_7454,2024-01-14 09:00:00,prod_075,seg_09,ctx_280,0.49,3,0
log_7455,2024-01-19 17:00:00,prod_036,seg_02,ctx_342,0.866,4,1
log_7456,2024-01-11 19:00:00,prod_011,seg_00,ctx_685,0.9,5,1
log_7457,2024-01-22 22:00:00,prod_042,seg_08,ctx_820,0.7,4,1
log_7458,2024-01-14 08:00:00,prod_044,seg_03,ctx_113,0.988,5,1
log_7459,2024-01-13 03:00:00,prod_003,seg_07,ctx_648,0.793,4,1
log_7460,2024-01-07 14:00:00,prod_062,seg_07,ctx_136,0.524,3,0
log_7461,2024-01-20 01:00:00,prod_086,seg_09,ctx_769,0.405,3,0
log_7462,2024-01-08 18:00:00,prod_061,seg_06,ctx_973,0.86,4,1
log_7463,2024-01-25 07:00:00,prod_076,seg_06,ctx_954,0.386,3,0
log_7464,2024-01-26 05:00:00,prod_049,seg_09,ctx_548,0.423,3,0
log_7465,2024-01-02 23:00:00,prod_069,seg_00,ctx_492,0.819,4,1
log_7466,2024-01-21 00:00:00,prod_030,seg_09,ctx_396,0.884,5,1
log_7467,2024-01-27 18:00:00,prod_034,seg_04,ctx_002,0.798,4,1
log_7468,2024-01-14 12:00:00,prod_025,seg_09,ctx_705,0.502,3,0
log_7469,2024-01-01 14:00:00,prod_048,seg_01,ctx_887,0.373,2,0
log_7470,2024-01-27 10:00:00,prod_050,seg_05,ctx_974,0.684,4,1
log_7471,2024-01-25 15:00:00,prod_060,seg_05,ctx_937,0.87,4,1
log_7472,2024-01-28 06:00:00,prod_096,seg_06,ctx_983,0.804,4,1
log_7473,2024-01-21 07:00:00,prod_021,seg_05,ctx_905,0.343,2,0
log_7474,2024-01-07 03:00:00,prod_025,seg_08,ctx_793,0.976,5,1
log_7475,2024-01-14 13:00:00,prod_020,seg_08,ctx_225,0.493,3,0
log_7476,2024-01-09 00:00:00,prod_070,seg_04,ctx_697,0.805,4,1
log_7477,2024-01-10 17:00:00,prod_004,seg_01,ctx_962,0.333,2,0
log_7478,2024-01-05 22:00:00,prod_050,seg_08,ctx_277,0.369,2,0
log_7479,2024-01-06 20:00:00,prod_001,seg_08,ctx_602,0.77,4,1
log_7480,2024-01-27 21:00:00,prod_019,seg_08,ctx_555,0.428,3,0
log_7481,2024-01-14 19:00:00,prod_038,seg_04,ctx_728,0.864,4,1
log_7482,2024-01-06 15:00:00,prod_038,seg_00,ctx_443,0.739,4,1
log_7483,2024-01-13 22:00:00,prod_077,seg_05,ctx_742,0.78,4,1
log_7484,2024-01-23 14:00:00,prod_037,seg_09,ctx_967,0.546,3,0
log_7485,2024-01-28 04:00:00,prod_042,seg_00,ctx_120,0.74,4,1
log_7486,2024-01-11 20:00:00,prod_066,seg_06,ctx_683,0.808,4,1
log_7487,2024-01-04 01:00:00,prod_052,seg_08,ctx_185,0.993,5,1
log_7488,2024-01-08 21:00:00,prod_020,seg_07,ctx_159,0.636,4,1
log_7489,2024-01-30 04:00:00,prod_034,seg_04,ctx_975,0.601,3,1
log_7490,2024-01-22 14:00:00,prod_051,seg_05,ctx_404,0.749,4,1
log_7491,2024-01-10 23:00:00,prod_054,seg_08,ctx_208,0.813,4,1
log_7492,2024-01-01 18:00:00,prod_052,seg_06,ctx_498,0.749,4,1
log_7493,2024-01-17 19:00:00,prod_093,seg_09,ctx_326,0.771,4,1
log_7494,2024-01-24 00:00:00,prod_031,seg_09,ctx_380,0.738,4,1
log_7495,2024-01-28 16:00:00,prod_059,seg_06,ctx_460,0.778,4,1
log_7496,2024-01-02 12:00:00,prod_015,seg_02,ctx_569,0.732,4,1
log_7497,2024-01-07 21:00:00,prod_043,seg_00,ctx_526,0.399,3,0
log_7498,2024-01-02 04:00:00,prod_093,seg_09,ctx_721,0.456,3,0
log_7499,2024-01-06 00:00:00,prod_004,seg_08,ctx_466,0.534,3,0
log_7500,2024-01-26 16:00:00,prod_093,seg_03,ctx_928,0.833,4,1
log_7501,2024-01-11 01:00:00,prod_083,seg_03,ctx_324,0.887,5,1
log_7502,2024-01-14 07:00:00,prod_035,seg_08,ctx_644,0.827,4,1
log_7503,2024-01-24 20:00:00,prod_077,seg_00,ctx_105,0.752,4,1
log_7504,2024-01-04 16:00:00,prod_047,seg_03,ctx_387,0.39,3,0
log_7505,2024-01-03 20:00:00,prod_096,seg_04,ctx_035,0.875,4,1
log_7506,2024-01-17 14:00:00,prod_067,seg_02,ctx_963,0.694,4,1
log_7507,2024-01-23 18:00:00,prod_037,seg_05,ctx_944,0.304,2,0
log_7508,2024-01-04 22:00:00,prod_099,seg_05,ctx_491,0.763,4,1
log_7509,2024-01-14 16:00:00,prod_065,seg_00,ctx_275,0.438,3,0
log_7510,2024-01-17 19:00:00,prod_018,seg_01,ctx_112,0.523,3,0
log_7511,2024-01-20 07:00:00,prod_084,seg_06,ctx_364,0.338,2,0
log_7512,2024-01-22 18:00:00,prod_015,seg_08,ctx_244,0.768,4,1
log_7513,2024-01-05 16:00:00,prod_088,seg_08,ctx_781,0.624,3,1
log_7514,2024-01-13 21:00:00,prod_072,seg_01,ctx_049,0.39,3,0
log_7515,2024-01-11 20:00:00,prod_018,seg_06,ctx_098,0.72,4,1
log_7516,2024-01-06 08:00:00,prod_087,seg_00,ctx_103,0.521,3,0
log_7517,2024-01-26 17:00:00,prod_012,seg_08,ctx_288,0.487,3,0
log_7518,2024-01-13 16:00:00,prod_035,seg_04,ctx_101,0.591,3,0
log_7519,2024-01-26 07:00:00,prod_029,seg_05,ctx_420,0.503,3,0
log_7520,2024-01-19 00:00:00,prod_085,seg_04,ctx_958,0.795,4,1
log_7521,2024-01-25 04:00:00,prod_065,seg_06,ctx_034,0.659,4,1
log_7522,2024-01-26 10:00:00,prod_074,seg_00,ctx_843,0.884,5,1
log_7523,2024-01-28 04:00:00,prod_050,seg_08,ctx_441,0.568,3,0
log_7524,2024-01-05 12:00:00,prod_072,seg_00,ctx_314,0.469,3,0
log_7525,2024-01-09 10:00:00,prod_009,seg_00,ctx_448,0.992,5,1
log_7526,2024-01-17 05:00:00,prod_004,seg_00,ctx_038,0.542,3,0
log_7527,2024-01-16 13:00:00,prod_011,seg_09,ctx_246,0.602,3,1
log_7528,2024-01-30 02:00:00,prod_051,seg_00,ctx_929,0.624,3,1
log_7529,2024-01-27 18:00:00,prod_015,seg_08,ctx_998,0.913,5,1
log_7530,2024-01-26 06:00:00,prod_089,seg_06,ctx_421,0.653,4,1
log_7531,2024-01-04 11:00:00,prod_024,seg_09,ctx_107,0.543,3,0
log_7532,2024-01-07 11:00:00,prod_081,seg_01,ctx_933,0.423,3,0
log_7533,2024-01-16 07:00:00,prod_080,seg_00,ctx_300,0.917,5,1
log_7534,2024-01-15 16:00:00,prod_057,seg_08,ctx_241,0.409,3,0
log_7535,2024-01-03 17:00:00,prod_080,seg_01,ctx_713,0.346,2,0
log_7536,2024-01-01 13:00:00,prod_074,seg_03,ctx_191,0.881,5,1
log_7537,2024-01-21 00:00:00,prod_071,seg_07,ctx_165,0.737,4,1
log_7538,2024-01-29 18:00:00,prod_005,seg_06,ctx_513,0.805,4,1
log_7539,2024-01-12 01:00:00,prod_003,seg_01,ctx_894,0.798,4,1
log_7540,2024-01-25 18:00:00,prod_027,seg_08,ctx_736,0.522,3,0
log_7541,2024-01-17 12:00:00,prod_051,seg_02,ctx_615,0.604,3,1
log_7542,2024-01-06 13:00:00,prod_093,seg_03,ctx_493,0.789,4,1
log_7543,2024-01-11 11:00:00,prod_060,seg_03,ctx_514,0.616,3,1
log_7544,2024-01-14 14:00:00,prod_001,seg_02,ctx_519,0.584,3,0
log_7545,2024-01-03 22:00:00,prod_043,seg_05,ctx_363,0.682,4,1
log_7546,2024-01-05 11:00:00,prod_080,seg_06,ctx_622,0.495,3,0
log_7547,2024-01-09 13:00:00,prod_066,seg_03,ctx_213,0.533,3,0
log_7548,2024-01-01 20:00:00,prod_067,seg_08,ctx_594,0.558,3,0
log_7549,2024-01-12 07:00:00,prod_008,seg_05,ctx_053,0.452,3,0
log_7550,2024-01-10 11:00:00,prod_028,seg_02,ctx_353,0.793,4,1
log_7551,2024-01-26 20:00:00,prod_008,seg_00,ctx_191,0.736,4,1
log_7552,2024-01-15 16:00:00,prod_087,seg_01,ctx_644,0.832,4,1
log_7553,2024-01-30 10:00:00,prod_074,seg_04,ctx_401,0.679,4,1
log_7554,2024-01-05 22:00:00,prod_001,seg_01,ctx_003,0.729,4,1
log_7555,2024-01-10 05:00:00,prod_070,seg_01,ctx_859,0.857,4,1
log_7556,2024-01-12 08:00:00,prod_045,seg_00,ctx_736,0.748,4,1
log_7557,2024-01-22 06:00:00,prod_009,seg_08,ctx_890,0.551,3,0
log_7558,2024-01-02 06:00:00,prod_017,seg_06,ctx_985,0.472,3,0
log_7559,2024-01-02 23:00:00,prod_049,seg_02,ctx_432,0.639,4,1
log_7560,2024-01-24 23:00:00,prod_014,seg_05,ctx_883,0.593,3,0
log_7561,2024-01-11 17:00:00,prod_095,seg_07,ctx_803,0.763,4,1
log_7562,2024-01-18 06:00:00,prod_003,seg_05,ctx_850,0.65,4,1
log_7563,2024-01-05 09:00:00,prod_052,seg_02,ctx_137,0.886,5,1
log_7564,2024-01-21 02:00:00,prod_009,seg_02,ctx_506,0.796,4,1
log_7565,2024-01-16 04:00:00,prod_040,seg_05,ctx_805,0.519,3,0
log_7566,2024-01-03 11:00:00,prod_099,seg_01,ctx_058,0.302,2,0
log_7567,2024-01-14 01:00:00,prod_017,seg_08,ctx_287,0.322,2,0
log_7568,2024-01-20 08:00:00,prod_094,seg_07,ctx_014,0.513,3,0
log_7569,2024-01-12 10:00:00,prod_069,seg_00,ctx_003,0.586,3,0
log_7570,2024-01-17 02:00:00,prod_017,seg_02,ctx_673,0.595,3,0
log_7571,2024-01-23 11:00:00,prod_006,seg_08,ctx_322,0.615,3,1
log_7572,2024-01-20 08:00:00,prod_090,seg_04,ctx_414,0.878,5,1
log_7573,2024-01-27 15:00:00,prod_011,seg_06,ctx_558,0.393,3,0
log_7574,2024-01-06 02:00:00,prod_028,seg_07,ctx_522,0.795,4,1
log_7575,2024-01-01 07:00:00,prod_022,seg_08,ctx_002,0.881,5,1
log_7576,2024-01-07 07:00:00,prod_017,seg_04,ctx_832,0.371,2,0
log_7577,2024-01-16 00:00:00,prod_000,seg_09,ctx_868,0.648,4,1
log_7578,2024-01-28 08:00:00,prod_016,seg_04,ctx_965,0.651,4,1
log_7579,2024-01-28 14:00:00,prod_031,seg_06,ctx_027,0.837,4,1
log_7580,2024-01-28 23:00:00,prod_095,seg_09,ctx_326,0.571,3,0
log_7581,2024-01-09 11:00:00,prod_011,seg_05,ctx_077,0.51,3,0
log_7582,2024-01-24 21:00:00,prod_024,seg_00,ctx_340,0.814,4,1
log_7583,2024-01-14 15:00:00,prod_012,seg_07,ctx_835,0.8,4,1
log_7584,2024-01-29 07:00:00,prod_060,seg_08,ctx_749,0.697,4,1
log_7585,2024-01-19 08:00:00,prod_088,seg_08,ctx_639,0.419,3,0
log_7586,2024-01-27 10:00:00,prod_095,seg_02,ctx_533,0.631,4,1
log_7587,2024-01-27 04:00:00,prod_024,seg_08,ctx_603,0.436,3,0
log_7588,2024-01-30 02:00:00,prod_007,seg_00,ctx_671,0.856,4,1
log_7589,2024-01-08 09:00:00,prod_019,seg_07,ctx_111,0.606,3,1
log_7590,2024-01-23 01:00:00,prod_075,seg_04,ctx_107,0.513,3,0
log_7591,2024-01-14 22:00:00,prod_033,seg_02,ctx_328,0.475,3,0
log_7592,2024-01-05 06:00:00,prod_068,seg_04,ctx_056,0.395,3,0
log_7593,2024-01-13 11:00:00,prod_051,seg_05,ctx_039,0.501,3,0
log_7594,2024-01-27 17:00:00,prod_096,seg_09,ctx_727,0.436,3,0
log_7595,2024-01-27 00:00:00,prod_096,seg_03,ctx_680,0.847,4,1
log_7596,2024-01-23 02:00:00,prod_021,seg_08,ctx_627,0.728,4,1
log_7597,2024-01-04 15:00:00,prod_079,seg_08,ctx_653,0.73,4,1
log_7598,2024-01-23 06:00:00,prod_048,seg_09,ctx_994,0.537,3,0
log_7599,2024-01-10 17:00:00,prod_076,seg_03,ctx_024,0.372,2,0
log_7600,2024-01-16 16:00:00,prod_017,seg_07,ctx_841,0.711,4,1
log_7601,2024-01-11 02:00:00,prod_066,seg_05,ctx_993,0.824,4,1
log_7602,2024-01-12 02:00:00,prod_058,seg_02,ctx_450,0.587,3,0
log_7603,2024-01-07 16:00:00,prod_090,seg_08,ctx_165,0.651,4,1
log_7604,2024-01-04 07:00:00,prod_019,seg_06,ctx_301,0.704,4,1
log_7605,2024-01-19 15:00:00,prod_095,seg_01,ctx_671,0.884,5,1
log_7606,2024-01-28 02:00:00,prod_086,seg_09,ctx_034,0.722,4,1
log_7607,2024-01-02 11:00:00,prod_075,seg_04,ctx_574,0.881,5,1
log_7608,2024-01-30 06:00:00,prod_094,seg_00,ctx_269,0.81,4,1
log_7609,2024-01-14 05:00:00,prod_093,seg_00,ctx_137,0.452,3,0
log_7610,2024-01-24 02:00:00,prod_093,seg_06,ctx_264,0.421,3,0
log_7611,2024-01-03 13:00:00,prod_031,seg_08,ctx_269,0.788,4,1
log_7612,2024-01-11 22:00:00,prod_037,seg_04,ctx_741,0.569,3,0
log_7613,2024-01-14 22:00:00,prod_046,seg_05,ctx_380,0.431,3,0
log_7614,2024-01-20 14:00:00,prod_082,seg_09,ctx_200,0.764,4,1
log_7615,2024-01-21 03:00:00,prod_009,seg_00,ctx_565,0.83,4,1
log_7616,2024-01-09 04:00:00,prod_083,seg_00,ctx_800,0.452,3,0
log_7617,2024-01-11 03:00:00,prod_020,seg_03,ctx_500,0.615,3,1
log_7618,2024-01-04 13:00:00,prod_054,seg_06,ctx_079,0.704,4,1
log_7619,2024-01-03 19:00:00,prod_004,seg_07,ctx_493,0.616,3,1
log_7620,2024-01-12 18:00:00,prod_039,seg_00,ctx_214,0.573,3,0
log_7621,2024-01-03 19:00:00,prod_020,seg_04,ctx_642,0.533,3,0
log_7622,2024-01-02 11:00:00,prod_091,seg_07,ctx_515,0.338,2,0
log_7623,2024-01-19 01:00:00,prod_012,seg_09,ctx_059,0.707,4,1
log_7624,2024-01-06 07:00:00,prod_092,seg_04,ctx_035,0.553,3,0
log_7625,2024-01-13 07:00:00,prod_024,seg_09,ctx_375,0.522,3,0
log_7626,2024-01-09 22:00:00,prod_095,seg_03,ctx_786,0.638,4,1
log_7627,2024-01-05 08:00:00,prod_014,seg_01,ctx_556,0.323,2,0
log_7628,2024-01-23 10:00:00,prod_052,seg_06,ctx_757,0.374,2,0
log_7629,2024-01-11 10:00:00,prod_060,seg_09,ctx_806,0.552,3,0
log_7630,2024-01-20 21:00:00,prod_015,seg_02,ctx_342,0.466,3,0
log_7631,2024-01-20 08:00:00,prod_081,seg_00,ctx_551,0.555,3,0
log_7632,2024-01-16 00:00:00,prod_077,seg_06,ctx_711,0.848,4,1
log_7633,2024-01-12 05:00:00,prod_001,seg_02,ctx_145,0.638,4,1
log_7634,2024-01-29 08:00:00,prod_024,seg_05,ctx_591,0.599,3,0
log_7635,2024-01-09 10:00:00,prod_033,seg_05,ctx_099,0.416,3,0
log_7636,2024-01-08 10:00:00,prod_009,seg_09,ctx_742,0.595,3,0
log_7637,2024-01-04 02:00:00,prod_087,seg_05,ctx_971,0.334,2,0
log_7638,2024-01-18 06:00:00,prod_023,seg_07,ctx_032,0.671,4,1
log_7639,2024-01-19 19:00:00,prod_002,seg_09,ctx_299,0.443,3,0
log_7640,2024-01-09 01:00:00,prod_000,seg_03,ctx_780,0.59,3,0
log_7641,2024-01-01 19:00:00,prod_051,seg_02,ctx_509,0.824,4,1
log_7642,2024-01-24 09:00:00,prod_093,seg_00,ctx_726,0.301,2,0
log_7643,2024-01-09 17:00:00,prod_083,seg_06,ctx_879,0.846,4,1
log_7644,2024-01-20 15:00:00,prod_033,seg_07,ctx_101,0.567,3,0
log_7645,2024-01-17 16:00:00,prod_049,seg_01,ctx_595,0.718,4,1
log_7646,2024-01-13 13:00:00,prod_097,seg_04,ctx_235,0.563,3,0
log_7647,2024-01-06 13:00:00,prod_098,seg_03,ctx_775,0.724,4,1
log_7648,2024-01-17 20:00:00,prod_012,seg_00,ctx_892,0.533,3,0
log_7649,2024-01-30 22:00:00,prod_014,seg_05,ctx_026,0.567,3,0
log_7650,2024-01-14 02:00:00,prod_093,seg_09,ctx_300,0.825,4,1
log_7651,2024-01-23 19:00:00,prod_005,seg_01,ctx_843,0.892,5,1
log_7652,2024-01-18 08:00:00,prod_064,seg_04,ctx_768,0.304,2,0
log_7653,2024-01-06 18:00:00,prod_034,seg_02,ctx_721,0.843,4,1
log_7654,2024-01-21 20:00:00,prod_074,seg_06,ctx_108,0.393,3,0
log_7655,2024-01-19 18:00:00,prod_010,seg_07,ctx_636,0.376,3,0
log_7656,2024-01-21 10:00:00,prod_020,seg_01,ctx_481,0.661,4,1
log_7657,2024-01-28 04:00:00,prod_065,seg_05,ctx_159,0.637,4,1
log_7658,2024-01-01 03:00:00,prod_060,seg_03,ctx_269,0.322,2,0
log_7659,2024-01-07 17:00:00,prod_088,seg_04,ctx_774,0.352,2,0
log_7660,2024-01-10 20:00:00,prod_014,seg_04,ctx_423,0.932,5,1
log_7661,2024-01-07 15:00:00,prod_031,seg_00,ctx_692,0.735,4,1
log_7662,2024-01-05 15:00:00,prod_019,seg_05,ctx_022,0.885,5,1
log_7663,2024-01-02 22:00:00,prod_079,seg_03,ctx_221,0.502,3,0
log_7664,2024-01-28 11:00:00,prod_068,seg_00,ctx_279,0.879,5,1
log_7665,2024-01-07 04:00:00,prod_083,seg_07,ctx_755,0.774,4,1
log_7666,2024-01-07 03:00:00,prod_067,seg_06,ctx_749,0.586,3,0
log_7667,2024-01-03 00:00:00,prod_094,seg_01,ctx_547,0.386,3,0
log_7668,2024-01-06 05:00:00,prod_009,seg_03,ctx_147,0.718,4,1
log_7669,2024-01-08 10:00:00,prod_091,seg_02,ctx_995,0.902,5,1
log_7670,2024-01-01 14:00:00,prod_062,seg_04,ctx_409,0.714,4,1
log_7671,2024-01-16 21:00:00,prod_023,seg_03,ctx_043,0.326,2,0
log_7672,2024-01-06 01:00:00,prod_094,seg_00,ctx_901,0.458,3,0
log_7673,2024-01-18 17:00:00,prod_011,seg_04,ctx_608,0.844,4,1
log_7674,2024-01-13 01:00:00,prod_057,seg_03,ctx_076,0.791,4,1
log_7675,2024-01-21 09:00:00,prod_055,seg_05,ctx_956,0.628,4,1
log_7676,2024-01-07 13:00:00,prod_079,seg_04,ctx_741,0.349,2,0
log_7677,2024-01-12 03:00:00,prod_019,seg_01,ctx_528,0.643,4,1
log_7678,2024-01-12 02:00:00,prod_067,seg_09,ctx_934,0.491,3,0
log_7679,2024-01-10 04:00:00,prod_008,seg_08,ctx_758,0.768,4,1
log_7680,2024-01-18 08:00:00,prod_049,seg_02,ctx_266,0.792,4,1
log_7681,2024-01-16 05:00:00,prod_069,seg_05,ctx_911,0.8,4,1
log_7682,2024-01-06 05:00:00,prod_063,seg_07,ctx_450,0.796,4,1
log_7683,2024-01-04 18:00:00,prod_081,seg_06,ctx_280,0.577,3,0
log_7684,2024-01-19 16:00:00,prod_001,seg_06,ctx_632,0.485,3,0
log_7685,2024-01-28 03:00:00,prod_037,seg_09,ctx_006,0.85,4,1
log_7686,2024-01-30 19:00:00,prod_069,seg_07,ctx_244,0.706,4,1
log_7687,2024-01-13 23:00:00,prod_092,seg_09,ctx_713,0.374,2,0
log_7688,2024-01-02 10:00:00,prod_014,seg_09,ctx_317,0.357,2,0
log_7689,2024-01-20 04:00:00,prod_069,seg_03,ctx_363,0.545,3,0
log_7690,2024-01-14 18:00:00,prod_021,seg_04,ctx_582,0.468,3,0
log_7691,2024-01-29 12:00:00,prod_096,seg_05,ctx_913,0.353,2,0
log_7692,2024-01-29 13:00:00,prod_006,seg_08,ctx_443,0.516,3,0
log_7693,2024-01-01 10:00:00,prod_031,seg_01,ctx_934,0.855,4,1
log_7694,2024-01-19 15:00:00,prod_031,seg_02,ctx_757,0.333,2,0
log_7695,2024-01-09 22:00:00,prod_037,seg_03,ctx_135,0.811,4,1
log_7696,2024-01-03 12:00:00,prod_021,seg_09,ctx_135,0.888,5,1
log_7697,2024-01-17 11:00:00,prod_041,seg_03,ctx_141,0.397,3,0
log_7698,2024-01-06 02:00:00,prod_085,seg_05,ctx_167,0.512,3,0
log_7699,2024-01-26 04:00:00,prod_091,seg_06,ctx_437,0.837,4,1
log_7700,2024-01-20 01:00:00,prod_006,seg_09,ctx_538,0.892,5,1
log_7701,2024-01-02 11:00:00,prod_095,seg_04,ctx_800,0.567,3,0
log_7702,2024-01-01 11:00:00,prod_099,seg_05,ctx_288,0.588,3,0
log_7703,2024-01-09 10:00:00,prod_039,seg_06,ctx_650,0.859,4,1
log_7704,2024-01-20 15:00:00,prod_083,seg_04,ctx_831,0.342,2,0
log_7705,2024-01-23 06:00:00,prod_065,seg_07,ctx_538,0.34,2,0
log_7706,2024-01-27 01:00:00,prod_049,seg_04,ctx_900,0.477,3,0
log_7707,2024-01-18 13:00:00,prod_063,seg_03,ctx_325,0.328,2,0
log_7708,2024-01-14 08:00:00,prod_001,seg_01,ctx_937,0.661,4,1
log_7709,2024-01-24 15:00:00,prod_028,seg_07,ctx_189,0.744,4,1
log_7710,2024-01-21 07:00:00,prod_001,seg_08,ctx_854,0.631,4,1
log_7711,2024-01-16 05:00:00,prod_009,seg_07,ctx_357,0.873,4,1
log_7712,2024-01-25 04:00:00,prod_009,seg_08,ctx_005,0.631,4,1
log_7713,2024-01-21 06:00:00,prod_048,seg_09,ctx_659,0.3,2,0
log_7714,2024-01-07 18:00:00,prod_004,seg_02,ctx_629,0.753,4,1
log_7715,2024-01-02 18:00:00,prod_075,seg_02,ctx_777,0.644,4,1
log_7716,2024-01-02 21:00:00,prod_072,seg_07,ctx_845,0.623,3,1
log_7717,2024-01-09 14:00:00,prod_056,seg_05,ctx_231,0.686,4,1
log_7718,2024-01-17 08:00:00,prod_026,seg_08,ctx_778,0.821,4,1
log_7719,2024-01-25 21:00:00,prod_088,seg_08,ctx_086,0.886,5,1
log_7720,2024-01-16 05:00:00,prod_026,seg_04,ctx_727,0.482,3,0
log_7721,2024-01-07 16:00:00,prod_094,seg_04,ctx_993,0.487,3,0
log_7722,2024-01-28 00:00:00,prod_071,seg_04,ctx_678,0.466,3,0
log_7723,2024-01-24 18:00:00,prod_061,seg_08,ctx_197,0.526,3,0
log_7724,2024-01-11 19:00:00,prod_028,seg_04,ctx_735,0.607,3,1
log_7725,2024-01-17 05:00:00,prod_067,seg_05,ctx_455,0.611,3,1
log_7726,2024-01-23 05:00:00,prod_051,seg_06,ctx_839,0.622,3,1
log_7727,2024-01-04 12:00:00,prod_091,seg_09,ctx_401,0.37,2,0
log_7728,2024-01-06 13:00:00,prod_057,seg_04,ctx_726,0.81,4,1
log_7729,2024-01-27 09:00:00,prod_086,seg_05,ctx_109,0.419,3,0
log_7730,2024-01-19 05:00:00,prod_088,seg_06,ctx_360,0.621,3,1
log_7731,2024-01-25 04:00:00,prod_009,seg_06,ctx_101,0.438,3,0
log_7732,2024-01-14 15:00:00,prod_000,seg_00,ctx_478,0.846,4,1
log_7733,2024-01-27 14:00:00,prod_084,seg_04,ctx_954,0.488,3,0
log_7734,2024-01-04 04:00:00,prod_078,seg_00,ctx_967,0.823,4,1
log_7735,2024-01-26 18:00:00,prod_097,seg_07,ctx_505,0.467,3,0
log_7736,2024-01-05 01:00:00,prod_085,seg_06,ctx_597,0.361,2,0
log_7737,2024-01-14 03:00:00,prod_050,seg_01,ctx_400,0.678,4,1
log_7738,2024-01-04 00:00:00,prod_063,seg_05,ctx_395,0.5,3,0
log_7739,2024-01-05 03:00:00,prod_015,seg_00,ctx_865,0.458,3,0
log_7740,2024-01-13 10:00:00,prod_025,seg_05,ctx_103,0.494,3,0
log_7741,2024-01-15 18:00:00,prod_018,seg_02,ctx_378,0.393,3,0
log_7742,2024-01-25 22:00:00,prod_020,seg_01,ctx_297,0.812,4,1
log_7743,2024-01-13 05:00:00,prod_024,seg_03,ctx_697,0.319,2,0
log_7744,2024-01-12 14:00:00,prod_083,seg_01,ctx_562,0.758,4,1
log_7745,2024-01-13 01:00:00,prod_028,seg_02,ctx_249,0.836,4,1
log_7746,2024-01-25 15:00:00,prod_056,seg_04,ctx_865,0.5,3,0
log_7747,2024-01-20 20:00:00,prod_050,seg_00,ctx_419,0.68,4,1
log_7748,2024-01-06 19:00:00,prod_095,seg_01,ctx_170,0.614,3,1
log_7749,2024-01-29 05:00:00,prod_017,seg_01,ctx_543,0.649,4,1
log_7750,2024-01-05 14:00:00,prod_096,seg_00,ctx_136,0.441,3,0
log_7751,2024-01-18 11:00:00,prod_040,seg_07,ctx_352,0.406,3,0
log_7752,2024-01-30 02:00:00,prod_025,seg_06,ctx_960,0.79,4,1
log_7753,2024-01-28 23:00:00,prod_056,seg_06,ctx_673,0.601,3,1
log_7754,2024-01-26 07:00:00,prod_051,seg_05,ctx_363,0.785,4,1
log_7755,2024-01-26 12:00:00,prod_049,seg_09,ctx_281,0.488,3,0
log_7756,2024-01-23 04:00:00,prod_032,seg_02,ctx_709,0.643,4,1
log_7757,2024-01-12 07:00:00,prod_072,seg_02,ctx_237,0.421,3,0
log_7758,2024-01-18 21:00:00,prod_096,seg_05,ctx_918,0.702,4,1
log_7759,2024-01-02 19:00:00,prod_076,seg_08,ctx_836,0.969,5,1
log_7760,2024-01-05 21:00:00,prod_083,seg_08,ctx_518,0.467,3,0
log_7761,2024-01-12 12:00:00,prod_082,seg_04,ctx_837,0.324,2,0
log_7762,2024-01-15 08:00:00,prod_025,seg_01,ctx_584,0.614,3,1
log_7763,2024-01-22 00:00:00,prod_077,seg_02,ctx_920,0.424,3,0
log_7764,2024-01-02 04:00:00,prod_008,seg_07,ctx_014,0.566,3,0
log_7765,2024-01-11 17:00:00,prod_080,seg_06,ctx_489,0.768,4,1
log_7766,2024-01-07 22:00:00,prod_048,seg_01,ctx_150,0.314,2,0
log_7767,2024-01-08 19:00:00,prod_069,seg_09,ctx_010,0.731,4,1
log_7768,2024-01-13 02:00:00,prod_063,seg_08,ctx_926,0.446,3,0
log_7769,2024-01-19 11:00:00,prod_006,seg_07,ctx_214,0.467,3,0
log_7770,2024-01-05 21:00:00,prod_081,seg_00,ctx_082,0.35,2,0
log_7771,2024-01-15 19:00:00,prod_068,seg_03,ctx_525,0.301,2,0
log_7772,2024-01-10 21:00:00,prod_072,seg_02,ctx_269,0.756,4,1
log_7773,2024-01-21 13:00:00,prod_090,seg_02,ctx_104,0.548,3,0
log_7774,2024-01-30 18:00:00,prod_050,seg_04,ctx_936,0.546,3,0
log_7775,2024-01-22 22:00:00,prod_051,seg_07,ctx_554,0.472,3,0
log_7776,2024-01-27 21:00:00,prod_061,seg_00,ctx_023,0.531,3,0
log_7777,2024-01-03 21:00:00,prod_071,seg_00,ctx_305,0.584,3,0
log_7778,2024-01-02 17:00:00,prod_080,seg_08,ctx_072,0.482,3,0
log_7779,2024-01-09 02:00:00,prod_039,seg_01,ctx_068,0.328,2,0
log_7780,2024-01-19 20:00:00,prod_097,seg_01,ctx_441,0.423,3,0
log_7781,2024-01-25 12:00:00,prod_064,seg_01,ctx_394,0.417,3,0
log_7782,2024-01-16 18:00:00,prod_004,seg_06,ctx_847,0.327,2,0
log_7783,2024-01-13 12:00:00,prod_083,seg_07,ctx_435,0.721,4,1
log_7784,2024-01-02 04:00:00,prod_086,seg_08,ctx_554,0.675,4,1
log_7785,2024-01-22 03:00:00,prod_018,seg_01,ctx_269,0.78,4,1
log_7786,2024-01-07 12:00:00,prod_038,seg_08,ctx_573,0.536,3,0
log_7787,2024-01-23 15:00:00,prod_042,seg_09,ctx_470,0.794,4,1
log_7788,2024-01-19 09:00:00,prod_093,seg_01,ctx_821,0.63,4,1
log_7789,2024-01-14 20:00:00,prod_046,seg_03,ctx_065,0.6,3,0
log_7790,2024-01-24 11:00:00,prod_058,seg_05,ctx_190,0.372,2,0
log_7791,2024-01-26 20:00:00,prod_000,seg_02,ctx_814,0.633,4,1
log_7792,2024-01-06 03:00:00,prod_084,seg_04,ctx_674,0.864,4,1
log_7793,2024-01-12 19:00:00,prod_096,seg_06,ctx_214,0.619,3,1
log_7794,2024-01-09 20:00:00,prod_046,seg_05,ctx_810,0.488,3,0
log_7795,2024-01-09 17:00:00,prod_052,seg_03,ctx_705,0.458,3,0
log_7796,2024-01-14 10:00:00,prod_077,seg_03,ctx_829,0.323,2,0
log_7797,2024-01-08 01:00:00,prod_060,seg_08,ctx_966,0.802,4,1
log_7798,2024-01-01 05:00:00,prod_067,seg_00,ctx_471,0.794,4,1
log_7799,2024-01-15 22:00:00,prod_029,seg_00,ctx_384,0.869,4,1
log_7800,2024-01-28 18:00:00,prod_083,seg_08,ctx_391,0.427,3,0
log_7801,2024-01-16 20:00:00,prod_017,seg_07,ctx_944,0.454,3,0
log_7802,2024-01-27 00:00:00,prod_061,seg_08,ctx_113,0.73,4,1
log_7803,2024-01-13 00:00:00,prod_088,seg_03,ctx_256,0.489,3,0
log_7804,2024-01-01 13:00:00,prod_077,seg_07,ctx_894,0.432,3,0
log_7805,2024-01-21 05:00:00,prod_038,seg_09,ctx_743,0.712,4,1
log_7806,2024-01-23 18:00:00,prod_095,seg_02,ctx_941,0.481,3,0
log_7807,2024-01-06 06:00:00,prod_077,seg_08,ctx_102,0.894,5,1
log_7808,2024-01-30 17:00:00,prod_024,seg_01,ctx_760,0.805,4,1
log_7809,2024-01-07 20:00:00,prod_013,seg_02,ctx_190,0.683,4,1
log_7810,2024-01-06 09:00:00,prod_069,seg_08,ctx_045,0.444,3,0
log_7811,2024-01-07 02:00:00,prod_046,seg_09,ctx_555,0.355,2,0
log_7812,2024-01-05 03:00:00,prod_086,seg_05,ctx_459,0.859,4,1
log_7813,2024-01-05 15:00:00,prod_070,seg_03,ctx_947,0.584,3,0
log_7814,2024-01-26 22:00:00,prod_009,seg_06,ctx_976,0.371,2,0
log_7815,2024-01-18 19:00:00,prod_095,seg_03,ctx_329,0.867,4,1
log_7816,2024-01-11 22:00:00,prod_082,seg_08,ctx_818,0.596,3,0
log_7817,2024-01-20 21:00:00,prod_087,seg_05,ctx_572,0.373,2,0
log_7818,2024-01-19 04:00:00,prod_046,seg_05,ctx_537,0.455,3,0
log_7819,2024-01-09 03:00:00,prod_068,seg_06,ctx_051,0.892,5,1
log_7820,2024-01-03 00:00:00,prod_015,seg_06,ctx_842,0.726,4,1
log_7821,2024-01-08 18:00:00,prod_039,seg_07,ctx_034,0.558,3,0
log_7822,2024-01-27 04:00:00,prod_038,seg_00,ctx_467,0.499,3,0
log_7823,2024-01-20 01:00:00,prod_046,seg_05,ctx_191,0.497,3,0
log_7824,2024-01-25 11:00:00,prod_069,seg_05,ctx_047,0.79,4,1
log_7825,2024-01-03 04:00:00,prod_097,seg_09,ctx_536,0.624,3,1
log_7826,2024-01-25 05:00:00,prod_084,seg_08,ctx_931,0.802,4,1
log_7827,2024-01-28 20:00:00,prod_029,seg_03,ctx_346,0.323,2,0
log_7828,2024-01-19 19:00:00,prod_007,seg_01,ctx_431,0.332,2,0
log_7829,2024-01-06 11:00:00,prod_027,seg_06,ctx_703,0.71,4,1
log_7830,2024-01-07 14:00:00,prod_074,seg_01,ctx_786,0.575,3,0
log_7831,2024-01-17 08:00:00,prod_078,seg_06,ctx_831,0.838,4,1
log_7832,2024-01-12 18:00:00,prod_067,seg_06,ctx_211,0.758,4,1
log_7833,2024-01-01 06:00:00,prod_078,seg_02,ctx_674,0.418,3,0
log_7834,2024-01-10 17:00:00,prod_038,seg_03,ctx_486,0.92,5,1
log_7835,2024-01-13 16:00:00,prod_006,seg_09,ctx_789,0.702,4,1
log_7836,2024-01-19 16:00:00,prod_063,seg_07,ctx_447,0.787,4,1
log_7837,2024-01-21 08:00:00,prod_092,seg_03,ctx_068,0.362,2,0
log_7838,2024-01-04 22:00:00,prod_013,seg_06,ctx_983,0.825,4,1
log_7839,2024-01-15 18:00:00,prod_068,seg_04,ctx_067,0.334,2,0
log_7840,2024-01-04 16:00:00,prod_057,seg_00,ctx_573,0.955,5,1
log_7841,2024-01-24 10:00:00,prod_039,seg_02,ctx_768,0.547,3,0
log_7842,2024-01-12 13:00:00,prod_095,seg_05,ctx_799,0.797,4,1
log_7843,2024-01-04 14:00:00,prod_052,seg_00,ctx_974,0.564,3,0
log_7844,2024-01-12 02:00:00,prod_081,seg_01,ctx_234,0.501,3,0
log_7845,2024-01-04 18:00:00,prod_050,seg_03,ctx_012,0.557,3,0
log_7846,2024-01-09 21:00:00,prod_012,seg_09,ctx_597,0.494,3,0
log_7847,2024-01-21 12:00:00,prod_060,seg_00,ctx_332,0.653,4,1
log_7848,2024-01-24 04:00:00,prod_085,seg_06,ctx_603,0.385,3,0
log_7849,2024-01-29 14:00:00,prod_051,seg_01,ctx_353,0.782,4,1
log_7850,2024-01-08 18:00:00,prod_003,seg_00,ctx_925,0.989,5,1
log_7851,2024-01-30 02:00:00,prod_064,seg_03,ctx_713,0.343,2,0
log_7852,2024-01-06 16:00:00,prod_006,seg_03,ctx_573,0.457,3,0
log_7853,2024-01-01 21:00:00,prod_018,seg_01,ctx_124,0.426,3,0
log_7854,2024-01-25 03:00:00,prod_089,seg_06,ctx_574,0.746,4,1
log_7855,2024-01-21 13:00:00,prod_098,seg_02,ctx_008,0.422,3,0
log_7856,2024-01-12 15:00:00,prod_025,seg_08,ctx_975,0.876,5,1
log_7857,2024-01-25 13:00:00,prod_044,seg_09,ctx_534,0.481,3,0
log_7858,2024-01-07 00:00:00,prod_088,seg_01,ctx_868,0.32,2,0
log_7859,2024-01-03 18:00:00,prod_050,seg_05,ctx_265,0.854,4,1
log_7860,2024-01-08 17:00:00,prod_022,seg_03,ctx_594,0.424,3,0
log_7861,2024-01-05 11:00:00,prod_068,seg_07,ctx_820,0.808,4,1
log_7862,2024-01-23 13:00:00,prod_030,seg_05,ctx_766,0.309,2,0
log_7863,2024-01-16 23:00:00,prod_086,seg_00,ctx_387,0.529,3,0
log_7864,2024-01-16 08:00:00,prod_070,seg_03,ctx_661,0.735,4,1
log_7865,2024-01-13 17:00:00,prod_032,seg_04,ctx_986,0.491,3,0
log_7866,2024-01-05 21:00:00,prod_022,seg_09,ctx_410,0.685,4,1
log_7867,2024-01-01 09:00:00,prod_078,seg_03,ctx_770,0.551,3,0
log_7868,2024-01-25 14:00:00,prod_052,seg_09,ctx_231,0.709,4,1
log_7869,2024-01-27 01:00:00,prod_094,seg_06,ctx_642,0.692,4,1
log_7870,2024-01-09 02:00:00,prod_031,seg_08,ctx_258,0.81,4,1
log_7871,2024-01-22 23:00:00,prod_099,seg_06,ctx_599,0.598,3,0
log_7872,2024-01-28 20:00:00,prod_057,seg_02,ctx_893,0.408,3,0
log_7873,2024-01-23 02:00:00,prod_027,seg_05,ctx_781,0.765,4,1
log_7874,2024-01-11 12:00:00,prod_082,seg_08,ctx_792,0.439,3,0
log_7875,2024-01-15 14:00:00,prod_042,seg_01,ctx_343,0.637,4,1
log_7876,2024-01-27 22:00:00,prod_016,seg_05,ctx_344,0.584,3,0
log_7877,2024-01-14 08:00:00,prod_063,seg_08,ctx_081,0.388,3,0
log_7878,2024-01-22 18:00:00,prod_093,seg_09,ctx_760,0.436,3,0
log_7879,2024-01-26 10:00:00,prod_070,seg_02,ctx_217,0.456,3,0
log_7880,2024-01-23 01:00:00,prod_020,seg_03,ctx_852,0.854,4,1
log_7881,2024-01-27 17:00:00,prod_042,seg_07,ctx_971,0.378,3,0
log_7882,2024-01-15 01:00:00,prod_088,seg_02,ctx_549,0.319,2,0
log_7883,2024-01-09 05:00:00,prod_098,seg_03,ctx_831,0.472,3,0
log_7884,2024-01-29 07:00:00,prod_025,seg_05,ctx_106,0.663,4,1
log_7885,2024-01-26 07:00:00,prod_058,seg_00,ctx_956,0.386,3,0
log_7886,2024-01-25 10:00:00,prod_067,seg_02,ctx_867,0.681,4,1
log_7887,2024-01-30 22:00:00,prod_076,seg_03,ctx_842,0.721,4,1
log_7888,2024-01-16 12:00:00,prod_049,seg_05,ctx_345,0.638,4,1
log_7889,2024-01-25 18:00:00,prod_030,seg_08,ctx_117,0.415,3,0
log_7890,2024-01-24 15:00:00,prod_042,seg_03,ctx_474,0.641,4,1
log_7891,2024-01-01 10:00:00,prod_072,seg_04,ctx_942,0.669,4,1
log_7892,2024-01-29 12:00:00,prod_054,seg_06,ctx_073,0.554,3,0
log_7893,2024-01-29 01:00:00,prod_064,seg_08,ctx_412,0.999,5,1
log_7894,2024-01-17 14:00:00,prod_021,seg_00,ctx_452,0.712,4,1
log_7895,2024-01-16 06:00:00,prod_083,seg_06,ctx_380,0.812,4,1
log_7896,2024-01-13 13:00:00,prod_017,seg_03,ctx_243,0.434,3,0
log_7897,2024-01-28 02:00:00,prod_089,seg_02,ctx_182,0.936,5,1
log_7898,2024-01-23 18:00:00,prod_069,seg_03,ctx_398,0.637,4,1
log_7899,2024-01-23 14:00:00,prod_000,seg_02,ctx_596,0.711,4,1
log_7900,2024-01-08 17:00:00,prod_065,seg_08,ctx_831,0.41,3,0
log_7901,2024-01-23 01:00:00,prod_085,seg_02,ctx_059,0.314,2,0
log_7902,2024-01-29 14:00:00,prod_081,seg_00,ctx_340,0.498,3,0
log_7903,2024-01-08 20:00:00,prod_078,seg_05,ctx_299,0.799,4,1
log_7904,2024-01-15 21:00:00,prod_004,seg_02,ctx_438,0.543,3,0
log_7905,2024-01-11 04:00:00,prod_024,seg_02,ctx_157,0.686,4,1
log_7906,2024-01-13 01:00:00,prod_024,seg_05,ctx_504,0.356,2,0
log_7907,2024-01-18 15:00:00,prod_041,seg_02,ctx_481,0.319,2,0
log_7908,2024-01-05 09:00:00,prod_064,seg_04,ctx_719,0.555,3,0
log_7909,2024-01-09 18:00:00,prod_065,seg_03,ctx_434,0.853,4,1
log_7910,2024-01-21 09:00:00,prod_079,seg_02,ctx_953,0.317,2,0
log_7911,2024-01-14 05:00:00,prod_026,seg_07,ctx_850,0.63,4,1
log_7912,2024-01-29 22:00:00,prod_044,seg_07,ctx_354,0.871,4,1
log_7913,2024-01-15 19:00:00,prod_080,seg_04,ctx_255,0.593,3,0
log_7914,2024-01-23 12:00:00,prod_042,seg_01,ctx_713,0.51,3,0
log_7915,2024-01-12 04:00:00,prod_048,seg_02,ctx_432,0.53,3,0
log_7916,2024-01-29 23:00:00,prod_098,seg_05,ctx_198,0.89,5,1
log_7917,2024-01-28 22:00:00,prod_064,seg_05,ctx_050,0.563,3,0
log_7918,2024-01-24 09:00:00,prod_050,seg_08,ctx_596,0.647,4,1
log_7919,2024-01-10 05:00:00,prod_074,seg_08,ctx_107,0.744,4,1
log_7920,2024-01-03 03:00:00,prod_035,seg_03,ctx_230,0.889,5,1
log_7921,2024-01-06 05:00:00,prod_024,seg_09,ctx_009,0.597,3,0
log_7922,2024-01-12 06:00:00,prod_098,seg_01,ctx_565,0.432,3,0
log_7923,2024-01-20 06:00:00,prod_079,seg_03,ctx_715,0.724,4,1
log_7924,2024-01-18 01:00:00,prod_070,seg_05,ctx_996,0.508,3,0
log_7925,2024-01-27 19:00:00,prod_078,seg_01,ctx_624,0.72,4,1
log_7926,2024-01-21 16:00:00,prod_052,seg_05,ctx_149,0.575,3,0
log_7927,2024-01-14 07:00:00,prod_051,seg_04,ctx_885,0.559,3,0
log_7928,2024-01-23 06:00:00,prod_044,seg_04,ctx_767,0.454,3,0
log_7929,2024-01-08 14:00:00,prod_054,seg_00,ctx_803,0.517,3,0
log_7930,2024-01-06 14:00:00,prod_000,seg_07,ctx_246,0.649,4,1
log_7931,2024-01-28 09:00:00,prod_061,seg_03,ctx_380,0.816,4,1
log_7932,2024-01-30 16:00:00,prod_092,seg_09,ctx_941,0.715,4,1
log_7933,2024-01-01 23:00:00,prod_033,seg_08,ctx_839,0.64,4,1
log_7934,2024-01-20 20:00:00,prod_060,seg_07,ctx_853,0.493,3,0
log_7935,2024-01-16 04:00:00,prod_020,seg_01,ctx_444,0.521,3,0
log_7936,2024-01-12 19:00:00,prod_097,seg_03,ctx_521,0.564,3,0
log_7937,2024-01-01 23:00:00,prod_003,seg_09,ctx_652,0.845,4,1
log_7938,2024-01-21 13:00:00,prod_056,seg_01,ctx_551,0.403,3,0
log_7939,2024-01-02 04:00:00,prod_034,seg_06,ctx_726,0.711,4,1
log_7940,2024-01-08 11:00:00,prod_082,seg_00,ctx_405,0.442,3,0
log_7941,2024-01-13 05:00:00,prod_016,seg_00,ctx_164,0.499,3,0
log_7942,2024-01-01 13:00:00,prod_052,seg_03,ctx_880,0.483,3,0
log_7943,2024-01-03 08:00:00,prod_015,seg_08,ctx_191,0.499,3,0
log_7944,2024-01-05 02:00:00,prod_033,seg_00,ctx_052,0.706,4,1
log_7945,2024-01-29 16:00:00,prod_068,seg_01,ctx_384,0.487,3,0
log_7946,2024-01-08 14:00:00,prod_080,seg_05,ctx_817,0.424,3,0
log_7947,2024-01-09 03:00:00,prod_074,seg_01,ctx_737,0.376,3,0
log_7948,2024-01-13 20:00:00,prod_098,seg_08,ctx_569,0.711,4,1
log_7949,2024-01-28 01:00:00,prod_027,seg_05,ctx_712,0.363,2,0
log_7950,2024-01-26 12:00:00,prod_060,seg_04,ctx_788,0.514,3,0
log_7951,2024-01-20 05:00:00,prod_093,seg_06,ctx_465,0.823,4,1
log_7952,2024-01-05 08:00:00,prod_008,seg_06,ctx_955,0.53,3,0
log_7953,2024-01-18 00:00:00,prod_003,seg_09,ctx_962,0.526,3,0
log_7954,2024-01-25 19:00:00,prod_004,seg_05,ctx_861,0.751,4,1
log_7955,2024-01-25 23:00:00,prod_035,seg_09,ctx_467,0.32,2,0
log_7956,2024-01-01 04:00:00,prod_066,seg_03,ctx_103,0.467,3,0
log_7957,2024-01-13 17:00:00,prod_005,seg_06,ctx_445,0.438,3,0
log_7958,2024-01-06 16:00:00,prod_031,seg_09,ctx_404,0.864,4,1
log_7959,2024-01-06 19:00:00,prod_023,seg_01,ctx_121,0.498,3,0
log_7960,2024-01-15 16:00:00,prod_097,seg_01,ctx_929,0.623,3,1
log_7961,2024-01-09 11:00:00,prod_053,seg_07,ctx_060,0.603,3,1
log_7962,2024-01-15 12:00:00,prod_080,seg_07,ctx_395,0.63,4,1
log_7963,2024-01-02 17:00:00,prod_047,seg_08,ctx_578,0.752,4,1
log_7964,2024-01-22 12:00:00,prod_002,seg_02,ctx_413,0.522,3,0
log_7965,2024-01-02 22:00:00,prod_042,seg_09,ctx_024,0.514,3,0
log_7966,2024-01-28 15:00:00,prod_083,seg_02,ctx_653,0.321,2,0
log_7967,2024-01-01 07:00:00,prod_041,seg_06,ctx_151,0.632,4,1
log_7968,2024-01-27 04:00:00,prod_096,seg_03,ctx_011,0.805,4,1
log_7969,2024-01-12 21:00:00,prod_056,seg_03,ctx_830,0.745,4,1
log_7970,2024-01-27 03:00:00,prod_057,seg_07,ctx_731,0.831,4,1
log_7971,2024-01-29 07:00:00,prod_091,seg_09,ctx_762,0.427,3,0
log_7972,2024-01-12 01:00:00,prod_023,seg_07,ctx_539,0.681,4,1
log_7973,2024-01-22 17:00:00,prod_019,seg_09,ctx_191,0.315,2,0
log_7974,2024-01-25 17:00:00,prod_019,seg_07,ctx_059,0.519,3,0
log_7975,2024-01-21 16:00:00,prod_070,seg_00,ctx_042,0.55,3,0
log_7976,2024-01-30 11:00:00,prod_045,seg_04,ctx_729,0.368,2,0
log_7977,2024-01-18 01:00:00,prod_032,seg_04,ctx_124,0.7,4,1
log_7978,2024-01-09 21:00:00,prod_066,seg_03,ctx_957,0.38,3,0
log_7979,2024-01-06 22:00:00,prod_018,seg_01,ctx_143,0.367,2,0
log_7980,2024-01-25 03:00:00,prod_009,seg_06,ctx_574,0.816,4,1
log_7981,2024-01-10 21:00:00,prod_040,seg_06,ctx_392,0.448,3,0
log_7982,2024-01-01 08:00:00,prod_077,seg_08,ctx_523,0.588,3,0
log_7983,2024-01-03 06:00:00,prod_013,seg_09,ctx_024,0.753,4,1
log_7984,2024-01-08 18:00:00,prod_000,seg_00,ctx_072,0.841,4,1
log_7985,2024-01-25 11:00:00,prod_050,seg_09,ctx_168,0.712,4,1
log_7986,2024-01-09 05:00:00,prod_044,seg_00,ctx_921,0.741,4,1
log_7987,2024-01-09 01:00:00,prod_098,seg_09,ctx_344,0.645,4,1
log_7988,2024-01-01 16:00:00,prod_067,seg_00,ctx_401,0.425,3,0
log_7989,2024-01-10 13:00:00,prod_059,seg_01,ctx_736,0.601,3,1
log_7990,2024-01-04 13:00:00,prod_059,seg_02,ctx_738,0.4,3,0
log_7991,2024-01-28 22:00:00,prod_048,seg_06,ctx_413,0.643,4,1
log_7992,2024-01-04 10:00:00,prod_044,seg_04,ctx_445,0.836,4,1
log_7993,2024-01-30 11:00:00,prod_067,seg_02,ctx_422,0.398,3,0
log_7994,2024-01-07 09:00:00,prod_015,seg_05,ctx_161,0.759,4,1
log_7995,2024-01-11 10:00:00,prod_045,seg_04,ctx_579,0.689,4,1
log_7996,2024-01-27 18:00:00,prod_008,seg_09,ctx_439,0.633,4,1
log_7997,2024-01-06 03:00:00,prod_097,seg_09,ctx_672,0.418,3,0
log_7998,2024-01-30 23:00:00,prod_015,seg_06,ctx_540,0.729,4,1
log_7999,2024-01-04 11:00:00,prod_008,seg_02,ctx_663,0.784,4,1
log_8000,2024-01-20 14:00:00,prod_096,seg_01,ctx_583,0.452,3,0
log_8001,2024-01-23 04:00:00,prod_030,seg_04,ctx_657,0.431,3,0
log_8002,2024-01-06 12:00:00,prod_000,seg_01,ctx_400,0.57,3,0
log_8003,2024-01-19 05:00:00,prod_063,seg_02,ctx_628,0.884,5,1
log_8004,2024-01-20 15:00:00,prod_085,seg_00,ctx_800,0.398,3,0
log_8005,2024-01-26 09:00:00,prod_026,seg_08,ctx_203,0.804,4,1
log_8006,2024-01-22 22:00:00,prod_090,seg_07,ctx_092,0.599,3,0
log_8007,2024-01-06 00:00:00,prod_042,seg_02,ctx_900,0.431,3,0
log_8008,2024-01-15 01:00:00,prod_000,seg_08,ctx_855,0.542,3,0
log_8009,2024-01-02 19:00:00,prod_090,seg_07,ctx_441,0.852,4,1
log_8010,2024-01-20 01:00:00,prod_085,seg_08,ctx_736,0.986,5,1
log_8011,2024-01-04 21:00:00,prod_010,seg_05,ctx_744,0.65,4,1
log_8012,2024-01-02 11:00:00,prod_031,seg_05,ctx_737,0.41,3,0
log_8013,2024-01-10 11:00:00,prod_080,seg_05,ctx_939,0.722,4,1
log_8014,2024-01-08 10:00:00,prod_040,seg_00,ctx_545,0.86,4,1
log_8015,2024-01-10 11:00:00,prod_015,seg_00,ctx_365,0.801,4,1
log_8016,2024-01-13 21:00:00,prod_023,seg_06,ctx_855,0.684,4,1
log_8017,2024-01-24 08:00:00,prod_005,seg_09,ctx_080,0.532,3,0
log_8018,2024-01-21 07:00:00,prod_001,seg_02,ctx_140,0.396,3,0
log_8019,2024-01-21 19:00:00,prod_051,seg_06,ctx_644,0.628,4,1
log_8020,2024-01-30 07:00:00,prod_002,seg_05,ctx_775,0.33,2,0
log_8021,2024-01-09 09:00:00,prod_034,seg_09,ctx_979,0.655,4,1
log_8022,2024-01-17 00:00:00,prod_020,seg_00,ctx_711,0.709,4,1
log_8023,2024-01-16 20:00:00,prod_089,seg_02,ctx_880,0.465,3,0
log_8024,2024-01-25 22:00:00,prod_010,seg_06,ctx_277,0.32,2,0
log_8025,2024-01-10 17:00:00,prod_005,seg_00,ctx_753,0.644,4,1
log_8026,2024-01-25 08:00:00,prod_070,seg_02,ctx_493,0.689,4,1
log_8027,2024-01-30 11:00:00,prod_023,seg_05,ctx_554,0.867,4,1
log_8028,2024-01-08 04:00:00,prod_002,seg_04,ctx_523,0.616,3,1
log_8029,2024-01-21 06:00:00,prod_086,seg_04,ctx_921,0.583,3,0
log_8030,2024-01-28 12:00:00,prod_084,seg_05,ctx_924,0.796,4,1
log_8031,2024-01-17 17:00:00,prod_046,seg_06,ctx_920,0.438,3,0
log_8032,2024-01-07 06:00:00,prod_037,seg_09,ctx_506,0.888,5,1
log_8033,2024-01-03 08:00:00,prod_017,seg_04,ctx_305,0.648,4,1
log_8034,2024-01-27 09:00:00,prod_032,seg_03,ctx_791,0.744,4,1
log_8035,2024-01-10 06:00:00,prod_078,seg_05,ctx_960,0.689,4,1
log_8036,2024-01-07 12:00:00,prod_053,seg_07,ctx_629,0.844,4,1
log_8037,2024-01-21 07:00:00,prod_081,seg_05,ctx_598,0.636,4,1
log_8038,2024-01-01 12:00:00,prod_026,seg_02,ctx_837,0.476,3,0
log_8039,2024-01-16 04:00:00,prod_023,seg_08,ctx_786,0.444,3,0
log_8040,2024-01-02 02:00:00,prod_014,seg_01,ctx_198,0.357,2,0
log_8041,2024-01-28 23:00:00,prod_086,seg_09,ctx_883,0.331,2,0
log_8042,2024-01-24 04:00:00,prod_066,seg_01,ctx_532,0.34,2,0
log_8043,2024-01-07 13:00:00,prod_036,seg_04,ctx_372,0.316,2,0
log_8044,2024-01-19 11:00:00,prod_001,seg_07,ctx_262,0.316,2,0
log_8045,2024-01-16 06:00:00,prod_053,seg_02,ctx_660,0.416,3,0
log_8046,2024-01-03 12:00:00,prod_021,seg_08,ctx_164,0.722,4,1
log_8047,2024-01-20 21:00:00,prod_003,seg_02,ctx_263,0.974,5,1
log_8048,2024-01-21 23:00:00,prod_029,seg_01,ctx_193,0.634,4,1
log_8049,2024-01-23 16:00:00,prod_054,seg_02,ctx_803,0.749,4,1
log_8050,2024-01-11 00:00:00,prod_014,seg_02,ctx_097,0.437,3,0
log_8051,2024-01-15 15:00:00,prod_095,seg_07,ctx_290,0.496,3,0
log_8052,2024-01-28 02:00:00,prod_095,seg_03,ctx_248,0.649,4,1
log_8053,2024-01-22 18:00:00,prod_017,seg_08,ctx_477,0.359,2,0
log_8054,2024-01-16 21:00:00,prod_019,seg_03,ctx_137,0.845,4,1
log_8055,2024-01-25 11:00:00,prod_027,seg_02,ctx_350,0.691,4,1
log_8056,2024-01-12 02:00:00,prod_083,seg_01,ctx_379,0.845,4,1
log_8057,2024-01-02 14:00:00,prod_099,seg_08,ctx_742,0.652,4,1
log_8058,2024-01-01 16:00:00,prod_032,seg_08,ctx_112,0.492,3,0
log_8059,2024-01-07 13:00:00,prod_026,seg_01,ctx_014,0.565,3,0
log_8060,2024-01-17 03:00:00,prod_011,seg_02,ctx_658,0.61,3,1
log_8061,2024-01-06 05:00:00,prod_037,seg_02,ctx_607,0.669,4,1
log_8062,2024-01-07 14:00:00,prod_008,seg_07,ctx_573,0.508,3,0
log_8063,2024-01-10 03:00:00,prod_019,seg_00,ctx_137,0.697,4,1
log_8064,2024-01-25 20:00:00,prod_032,seg_04,ctx_855,0.499,3,0
log_8065,2024-01-27 07:00:00,prod_043,seg_06,ctx_438,0.638,4,1
log_8066,2024-01-17 03:00:00,prod_087,seg_04,ctx_343,0.765,4,1
log_8067,2024-01-26 17:00:00,prod_035,seg_09,ctx_419,0.862,4,1
log_8068,2024-01-07 15:00:00,prod_075,seg_08,ctx_282,0.395,3,0
log_8069,2024-01-23 13:00:00,prod_064,seg_02,ctx_570,0.768,4,1
log_8070,2024-01-29 06:00:00,prod_058,seg_05,ctx_180,0.404,3,0
log_8071,2024-01-18 23:00:00,prod_053,seg_09,ctx_057,0.73,4,1
log_8072,2024-01-21 04:00:00,prod_002,seg_04,ctx_931,0.812,4,1
log_8073,2024-01-07 12:00:00,prod_098,seg_07,ctx_938,0.362,2,0
log_8074,2024-01-23 04:00:00,prod_066,seg_01,ctx_045,0.641,4,1
log_8075,2024-01-25 20:00:00,prod_098,seg_00,ctx_388,0.684,4,1
log_8076,2024-01-26 21:00:00,prod_068,seg_08,ctx_657,0.703,4,1
log_8077,2024-01-26 12:00:00,prod_035,seg_03,ctx_189,0.617,3,1
log_8078,2024-01-09 07:00:00,prod_079,seg_02,ctx_769,0.86,4,1
log_8079,2024-01-05 13:00:00,prod_061,seg_02,ctx_171,0.758,4,1
log_8080,2024-01-01 20:00:00,prod_086,seg_02,ctx_770,0.924,5,1
log_8081,2024-01-09 02:00:00,prod_085,seg_06,ctx_813,0.431,3,0
log_8082,2024-01-23 20:00:00,prod_093,seg_06,ctx_235,0.513,3,0
log_8083,2024-01-09 23:00:00,prod_030,seg_05,ctx_821,0.628,4,1
log_8084,2024-01-26 20:00:00,prod_065,seg_02,ctx_900,0.553,3,0
log_8085,2024-01-12 01:00:00,prod_040,seg_05,ctx_328,0.686,4,1
log_8086,2024-01-28 01:00:00,prod_074,seg_04,ctx_433,0.519,3,0
log_8087,2024-01-28 16:00:00,prod_079,seg_01,ctx_705,0.319,2,0
log_8088,2024-01-19 06:00:00,prod_095,seg_07,ctx_032,0.733,4,1
log_8089,2024-01-24 00:00:00,prod_030,seg_09,ctx_030,0.719,4,1
log_8090,2024-01-17 01:00:00,prod_089,seg_09,ctx_635,0.811,4,1
log_8091,2024-01-14 03:00:00,prod_015,seg_06,ctx_884,0.645,4,1
log_8092,2024-01-29 09:00:00,prod_057,seg_08,ctx_092,0.611,3,1
log_8093,2024-01-15 13:00:00,prod_040,seg_04,ctx_414,0.538,3,0
log_8094,2024-01-09 00:00:00,prod_039,seg_02,ctx_547,0.73,4,1
log_8095,2024-01-07 16:00:00,prod_006,seg_03,ctx_852,0.383,3,0
log_8096,2024-01-01 15:00:00,prod_031,seg_07,ctx_514,0.79,4,1
log_8097,2024-01-10 07:00:00,prod_072,seg_03,ctx_816,0.894,5,1
log_8098,2024-01-26 23:00:00,prod_085,seg_07,ctx_387,0.591,3,0
log_8099,2024-01-05 13:00:00,prod_081,seg_06,ctx_503,0.435,3,0
log_8100,2024-01-29 19:00:00,prod_028,seg_04,ctx_059,0.661,4,1
log_8101,2024-01-22 19:00:00,prod_085,seg_09,ctx_235,0.535,3,0
log_8102,2024-01-07 16:00:00,prod_051,seg_01,ctx_957,0.801,4,1
log_8103,2024-01-20 09:00:00,prod_019,seg_02,ctx_264,0.792,4,1
log_8104,2024-01-19 22:00:00,prod_014,seg_07,ctx_413,0.506,3,0
log_8105,2024-01-19 16:00:00,prod_016,seg_03,ctx_109,0.512,3,0
log_8106,2024-01-08 15:00:00,prod_010,seg_03,ctx_081,0.429,3,0
log_8107,2024-01-20 13:00:00,prod_047,seg_02,ctx_962,0.774,4,1
log_8108,2024-01-14 19:00:00,prod_016,seg_00,ctx_123,0.784,4,1
log_8109,2024-01-14 18:00:00,prod_041,seg_07,ctx_493,0.517,3,0
log_8110,2024-01-28 06:00:00,prod_009,seg_02,ctx_117,0.498,3,0
log_8111,2024-01-12 17:00:00,prod_020,seg_05,ctx_691,0.675,4,1
log_8112,2024-01-27 09:00:00,prod_032,seg_02,ctx_767,0.351,2,0
log_8113,2024-01-26 07:00:00,prod_098,seg_08,ctx_558,0.744,4,1
log_8114,2024-01-25 09:00:00,prod_092,seg_04,ctx_510,0.448,3,0
log_8115,2024-01-04 15:00:00,prod_067,seg_08,ctx_159,0.917,5,1
log_8116,2024-01-11 23:00:00,prod_031,seg_01,ctx_350,0.489,3,0
log_8117,2024-01-01 02:00:00,prod_074,seg_03,ctx_756,0.909,5,1
log_8118,2024-01-21 00:00:00,prod_049,seg_05,ctx_826,0.569,3,0
log_8119,2024-01-10 02:00:00,prod_013,seg_05,ctx_567,0.557,3,0
log_8120,2024-01-21 16:00:00,prod_093,seg_08,ctx_983,0.442,3,0
log_8121,2024-01-04 20:00:00,prod_068,seg_01,ctx_858,0.874,4,1
log_8122,2024-01-02 09:00:00,prod_063,seg_01,ctx_127,0.323,2,0
log_8123,2024-01-24 13:00:00,prod_020,seg_07,ctx_224,0.336,2,0
log_8124,2024-01-20 07:00:00,prod_094,seg_00,ctx_794,0.61,3,1
log_8125,2024-01-03 00:00:00,prod_079,seg_08,ctx_760,0.887,5,1
log_8126,2024-01-13 15:00:00,prod_043,seg_03,ctx_587,0.819,4,1
log_8127,2024-01-12 06:00:00,prod_046,seg_06,ctx_570,0.301,2,0
log_8128,2024-01-04 20:00:00,prod_083,seg_09,ctx_641,0.378,3,0
log_8129,2024-01-22 00:00:00,prod_027,seg_04,ctx_705,0.679,4,1
log_8130,2024-01-26 04:00:00,prod_096,seg_01,ctx_693,0.321,2,0
log_8131,2024-01-02 10:00:00,prod_096,seg_07,ctx_702,0.816,4,1
log_8132,2024-01-26 16:00:00,prod_015,seg_04,ctx_167,0.648,4,1
log_8133,2024-01-10 06:00:00,prod_072,seg_09,ctx_635,0.343,2,0
log_8134,2024-01-24 23:00:00,prod_084,seg_06,ctx_140,0.716,4,1
log_8135,2024-01-07 11:00:00,prod_081,seg_01,ctx_351,0.736,4,1
log_8136,2024-01-22 00:00:00,prod_030,seg_07,ctx_262,0.458,3,0
log_8137,2024-01-24 12:00:00,prod_030,seg_03,ctx_046,0.414,3,0
log_8138,2024-01-07 12:00:00,prod_007,seg_09,ctx_726,0.583,3,0
log_8139,2024-01-15 21:00:00,prod_035,seg_08,ctx_426,0.539,3,0
log_8140,2024-01-19 10:00:00,prod_098,seg_00,ctx_272,0.517,3,0
log_8141,2024-01-02 12:00:00,prod_021,seg_02,ctx_658,0.651,4,1
log_8142,2024-01-29 08:00:00,prod_050,seg_02,ctx_020,0.802,4,1
log_8143,2024-01-10 17:00:00,prod_093,seg_06,ctx_561,0.707,4,1
log_8144,2024-01-30 08:00:00,prod_014,seg_03,ctx_317,0.933,5,1
log_8145,2024-01-26 14:00:00,prod_068,seg_08,ctx_300,0.371,2,0
log_8146,2024-01-28 13:00:00,prod_057,seg_03,ctx_908,0.666,4,1
log_8147,2024-01-14 14:00:00,prod_074,seg_06,ctx_703,0.632,4,1
log_8148,2024-01-05 09:00:00,prod_061,seg_02,ctx_706,0.481,3,0
log_8149,2024-01-12 18:00:00,prod_098,seg_08,ctx_220,0.685,4,1
log_8150,2024-01-06 22:00:00,prod_020,seg_05,ctx_970,0.346,2,0
log_8151,2024-01-04 14:00:00,prod_035,seg_02,ctx_283,0.586,3,0
log_8152,2024-01-26 12:00:00,prod_047,seg_04,ctx_749,0.545,3,0
log_8153,2024-01-28 16:00:00,prod_093,seg_07,ctx_901,0.613,3,1
log_8154,2024-01-15 23:00:00,prod_043,seg_03,ctx_228,0.65,4,1
log_8155,2024-01-02 18:00:00,prod_010,seg_09,ctx_619,0.857,4,1
log_8156,2024-01-09 22:00:00,prod_077,seg_06,ctx_464,0.734,4,1
log_8157,2024-01-19 20:00:00,prod_045,seg_05,ctx_651,0.531,3,0
log_8158,2024-01-01 01:00:00,prod_089,seg_08,ctx_543,0.569,3,0
log_8159,2024-01-23 12:00:00,prod_077,seg_07,ctx_643,0.83,4,1
log_8160,2024-01-20 16:00:00,prod_012,seg_01,ctx_417,0.628,4,1
log_8161,2024-01-22 04:00:00,prod_086,seg_04,ctx_705,0.696,4,1
log_8162,2024-01-24 03:00:00,prod_043,seg_01,ctx_401,0.687,4,1
log_8163,2024-01-01 22:00:00,prod_061,seg_04,ctx_573,0.6,3,0
log_8164,2024-01-17 02:00:00,prod_087,seg_03,ctx_649,0.786,4,1
log_8165,2024-01-08 07:00:00,prod_056,seg_04,ctx_697,0.887,5,1
log_8166,2024-01-01 10:00:00,prod_035,seg_07,ctx_327,0.845,4,1
log_8167,2024-01-26 05:00:00,prod_032,seg_04,ctx_702,0.568,3,0
log_8168,2024-01-07 03:00:00,prod_077,seg_02,ctx_129,0.337,2,0
log_8169,2024-01-29 11:00:00,prod_063,seg_03,ctx_067,0.696,4,1
log_8170,2024-01-16 10:00:00,prod_043,seg_02,ctx_848,0.631,4,1
log_8171,2024-01-12 15:00:00,prod_008,seg_05,ctx_242,0.549,3,0
log_8172,2024-01-20 20:00:00,prod_092,seg_06,ctx_488,0.435,3,0
log_8173,2024-01-03 01:00:00,prod_002,seg_08,ctx_749,0.851,4,1
log_8174,2024-01-09 12:00:00,prod_040,seg_04,ctx_634,0.726,4,1
log_8175,2024-01-28 17:00:00,prod_099,seg_05,ctx_996,0.361,2,0
log_8176,2024-01-19 17:00:00,prod_077,seg_00,ctx_702,0.816,4,1
log_8177,2024-01-15 12:00:00,prod_031,seg_05,ctx_744,0.835,4,1
log_8178,2024-01-11 04:00:00,prod_080,seg_09,ctx_825,0.693,4,1
log_8179,2024-01-08 21:00:00,prod_007,seg_04,ctx_670,0.81,4,1
log_8180,2024-01-16 22:00:00,prod_032,seg_00,ctx_734,0.532,3,0
log_8181,2024-01-26 14:00:00,prod_033,seg_05,ctx_993,0.597,3,0
log_8182,2024-01-27 08:00:00,prod_006,seg_06,ctx_693,0.409,3,0
log_8183,2024-01-11 19:00:00,prod_015,seg_03,ctx_088,0.387,3,0
log_8184,2024-01-23 00:00:00,prod_020,seg_09,ctx_294,0.85,4,1
log_8185,2024-01-22 14:00:00,prod_009,seg_07,ctx_293,0.529,3,0
log_8186,2024-01-11 09:00:00,prod_077,seg_04,ctx_583,0.622,3,1
log_8187,2024-01-05 00:00:00,prod_077,seg_08,ctx_061,0.526,3,0
log_8188,2024-01-21 04:00:00,prod_040,seg_01,ctx_700,0.623,3,1
log_8189,2024-01-21 12:00:00,prod_083,seg_07,ctx_653,0.838,4,1
log_8190,2024-01-28 16:00:00,prod_078,seg_03,ctx_305,0.492,3,0
log_8191,2024-01-28 09:00:00,prod_017,seg_09,ctx_355,0.727,4,1
log_8192,2024-01-25 02:00:00,prod_013,seg_02,ctx_626,0.55,3,0
log_8193,2024-01-17 19:00:00,prod_028,seg_06,ctx_086,0.889,5,1
log_8194,2024-01-24 00:00:00,prod_085,seg_04,ctx_585,0.425,3,0
log_8195,2024-01-20 08:00:00,prod_076,seg_09,ctx_704,0.601,3,1
log_8196,2024-01-01 05:00:00,prod_043,seg_09,ctx_979,0.363,2,0
log_8197,2024-01-22 01:00:00,prod_042,seg_05,ctx_010,0.783,4,1
log_8198,2024-01-16 23:00:00,prod_019,seg_08,ctx_107,0.4,3,0
log_8199,2024-01-26 21:00:00,prod_099,seg_09,ctx_327,0.887,5,1
log_8200,2024-01-23 12:00:00,prod_042,seg_05,ctx_612,0.612,3,1
log_8201,2024-01-26 07:00:00,prod_013,seg_02,ctx_602,0.557,3,0
log_8202,2024-01-23 17:00:00,prod_052,seg_04,ctx_163,0.521,3,0
log_8203,2024-01-07 11:00:00,prod_078,seg_06,ctx_781,0.886,5,1
log_8204,2024-01-25 04:00:00,prod_062,seg_03,ctx_622,0.74,4,1
log_8205,2024-01-20 04:00:00,prod_051,seg_08,ctx_960,0.32,2,0
log_8206,2024-01-24 08:00:00,prod_028,seg_02,ctx_751,0.777,4,1
log_8207,2024-01-11 08:00:00,prod_077,seg_05,ctx_429,0.346,2,0
log_8208,2024-01-25 20:00:00,prod_008,seg_08,ctx_100,0.572,3,0
log_8209,2024-01-10 04:00:00,prod_036,seg_05,ctx_701,0.373,2,0
log_8210,2024-01-03 06:00:00,prod_004,seg_06,ctx_312,0.69,4,1
log_8211,2024-01-28 07:00:00,prod_062,seg_08,ctx_718,0.594,3,0
log_8212,2024-01-01 12:00:00,prod_088,seg_05,ctx_287,0.535,3,0
log_8213,2024-01-30 05:00:00,prod_017,seg_05,ctx_257,0.732,4,1
log_8214,2024-01-20 13:00:00,prod_065,seg_08,ctx_351,0.859,4,1
log_8215,2024-01-21 06:00:00,prod_032,seg_06,ctx_488,0.49,3,0
log_8216,2024-01-19 17:00:00,prod_006,seg_07,ctx_147,0.704,4,1
log_8217,2024-01-10 00:00:00,prod_021,seg_04,ctx_679,0.833,4,1
log_8218,2024-01-23 10:00:00,prod_076,seg_09,ctx_092,0.741,4,1
log_8219,2024-01-04 10:00:00,prod_006,seg_06,ctx_736,0.588,3,0
log_8220,2024-01-05 15:00:00,prod_031,seg_09,ctx_199,0.652,4,1
log_8221,2024-01-03 20:00:00,prod_029,seg_09,ctx_683,0.525,3,0
log_8222,2024-01-23 16:00:00,prod_010,seg_00,ctx_675,0.822,4,1
log_8223,2024-01-27 20:00:00,prod_017,seg_03,ctx_947,0.56,3,0
log_8224,2024-01-01 04:00:00,prod_048,seg_03,ctx_144,0.517,3,0
log_8225,2024-01-06 09:00:00,prod_052,seg_07,ctx_051,0.65,4,1
log_8226,2024-01-23 10:00:00,prod_069,seg_05,ctx_939,0.884,5,1
log_8227,2024-01-08 18:00:00,prod_083,seg_02,ctx_047,0.823,4,1
log_8228,2024-01-17 14:00:00,prod_061,seg_09,ctx_724,0.591,3,0
log_8229,2024-01-15 20:00:00,prod_090,seg_04,ctx_792,0.721,4,1
log_8230,2024-01-12 05:00:00,prod_034,seg_02,ctx_335,0.51,3,0
log_8231,2024-01-17 20:00:00,prod_042,seg_07,ctx_456,0.805,4,1
log_8232,2024-01-08 09:00:00,prod_007,seg_07,ctx_387,0.822,4,1
log_8233,2024-01-16 10:00:00,prod_054,seg_03,ctx_631,0.663,4,1
log_8234,2024-01-01 13:00:00,prod_006,seg_04,ctx_921,0.837,4,1
log_8235,2024-01-09 17:00:00,prod_013,seg_07,ctx_414,0.463,3,0
log_8236,2024-01-30 13:00:00,prod_085,seg_01,ctx_361,0.404,3,0
log_8237,2024-01-08 17:00:00,prod_057,seg_00,ctx_165,0.619,3,1
log_8238,2024-01-01 23:00:00,prod_094,seg_01,ctx_306,0.466,3,0
log_8239,2024-01-17 19:00:00,prod_099,seg_04,ctx_422,0.481,3,0
log_8240,2024-01-30 08:00:00,prod_087,seg_03,ctx_281,0.744,4,1
log_8241,2024-01-25 14:00:00,prod_000,seg_06,ctx_204,0.815,4,1
log_8242,2024-01-24 23:00:00,prod_045,seg_06,ctx_821,0.753,4,1
log_8243,2024-01-25 02:00:00,prod_054,seg_05,ctx_137,0.338,2,0
log_8244,2024-01-13 09:00:00,prod_071,seg_04,ctx_369,0.711,4,1
log_8245,2024-01-19 21:00:00,prod_048,seg_00,ctx_036,0.423,3,0
log_8246,2024-01-12 00:00:00,prod_062,seg_01,ctx_008,0.555,3,0
log_8247,2024-01-18 20:00:00,prod_055,seg_09,ctx_947,0.851,4,1
log_8248,2024-01-14 15:00:00,prod_027,seg_05,ctx_858,0.499,3,0
log_8249,2024-01-17 13:00:00,prod_028,seg_00,ctx_116,0.753,4,1
log_8250,2024-01-19 12:00:00,prod_074,seg_01,ctx_474,0.549,3,0
log_8251,2024-01-06 19:00:00,prod_026,seg_06,ctx_534,0.85,4,1
log_8252,2024-01-25 11:00:00,prod_053,seg_07,ctx_820,0.453,3,0
log_8253,2024-01-22 21:00:00,prod_063,seg_06,ctx_504,0.311,2,0
log_8254,2024-01-13 06:00:00,prod_036,seg_02,ctx_939,0.75,4,1
log_8255,2024-01-04 09:00:00,prod_069,seg_01,ctx_380,0.543,3,0
log_8256,2024-01-03 13:00:00,prod_070,seg_06,ctx_585,0.609,3,1
log_8257,2024-01-22 11:00:00,prod_053,seg_04,ctx_660,0.518,3,0
log_8258,2024-01-13 15:00:00,prod_066,seg_05,ctx_092,0.88,5,1
log_8259,2024-01-20 11:00:00,prod_085,seg_04,ctx_715,0.513,3,0
log_8260,2024-01-17 20:00:00,prod_061,seg_05,ctx_550,0.725,4,1
log_8261,2024-01-22 11:00:00,prod_091,seg_07,ctx_921,0.322,2,0
log_8262,2024-01-08 07:00:00,prod_043,seg_09,ctx_614,0.534,3,0
log_8263,2024-01-08 23:00:00,prod_096,seg_01,ctx_633,0.536,3,0
log_8264,2024-01-18 18:00:00,prod_050,seg_00,ctx_418,0.779,4,1
log_8265,2024-01-20 05:00:00,prod_015,seg_09,ctx_261,0.425,3,0
log_8266,2024-01-28 13:00:00,prod_019,seg_05,ctx_909,0.821,4,1
log_8267,2024-01-01 14:00:00,prod_090,seg_06,ctx_359,0.378,3,0
log_8268,2024-01-11 05:00:00,prod_059,seg_03,ctx_372,0.576,3,0
log_8269,2024-01-03 06:00:00,prod_018,seg_02,ctx_810,0.366,2,0
log_8270,2024-01-14 02:00:00,prod_079,seg_05,ctx_694,0.449,3,0
log_8271,2024-01-26 19:00:00,prod_070,seg_05,ctx_729,0.483,3,0
log_8272,2024-01-04 15:00:00,prod_039,seg_01,ctx_386,0.868,4,1
log_8273,2024-01-05 12:00:00,prod_067,seg_02,ctx_139,0.57,3,0
log_8274,2024-01-18 05:00:00,prod_043,seg_09,ctx_741,0.887,5,1
log_8275,2024-01-07 20:00:00,prod_099,seg_04,ctx_141,0.917,5,1
log_8276,2024-01-17 21:00:00,prod_024,seg_02,ctx_449,0.676,4,1
log_8277,2024-01-12 16:00:00,prod_064,seg_06,ctx_889,0.437,3,0
log_8278,2024-01-20 18:00:00,prod_028,seg_00,ctx_436,0.837,4,1
log_8279,2024-01-22 13:00:00,prod_053,seg_09,ctx_184,0.618,3,1
log_8280,2024-01-20 11:00:00,prod_099,seg_05,ctx_952,0.71,4,1
log_8281,2024-01-20 17:00:00,prod_011,seg_05,ctx_357,0.896,5,1
log_8282,2024-01-14 05:00:00,prod_080,seg_01,ctx_175,0.684,4,1
log_8283,2024-01-30 00:00:00,prod_012,seg_06,ctx_636,0.747,4,1
log_8284,2024-01-06 10:00:00,prod_031,seg_05,ctx_364,0.607,3,1
log_8285,2024-01-02 05:00:00,prod_068,seg_05,ctx_002,0.789,4,1
log_8286,2024-01-16 10:00:00,prod_058,seg_00,ctx_462,0.731,4,1
log_8287,2024-01-17 16:00:00,prod_061,seg_05,ctx_133,0.75,4,1
log_8288,2024-01-22 15:00:00,prod_005,seg_06,ctx_134,0.443,3,0
log_8289,2024-01-26 16:00:00,prod_083,seg_08,ctx_355,0.554,3,0
log_8290,2024-01-25 18:00:00,prod_072,seg_03,ctx_431,0.541,3,0
log_8291,2024-01-25 17:00:00,prod_086,seg_09,ctx_500,0.439,3,0
log_8292,2024-01-22 04:00:00,prod_051,seg_04,ctx_571,1.0,5,1
log_8293,2024-01-14 18:00:00,prod_059,seg_06,ctx_228,0.73,4,1
log_8294,2024-01-30 10:00:00,prod_071,seg_01,ctx_641,0.548,3,0
log_8295,2024-01-11 11:00:00,prod_053,seg_00,ctx_350,0.882,5,1
log_8296,2024-01-25 01:00:00,prod_082,seg_08,ctx_352,0.762,4,1
log_8297,2024-01-08 07:00:00,prod_002,seg_05,ctx_143,0.555,3,0
log_8298,2024-01-02 09:00:00,prod_074,seg_07,ctx_801,0.633,4,1
log_8299,2024-01-26 03:00:00,prod_037,seg_05,ctx_734,0.417,3,0
log_8300,2024-01-02 02:00:00,prod_010,seg_02,ctx_754,0.797,4,1
log_8301,2024-01-07 07:00:00,prod_093,seg_09,ctx_525,0.636,4,1
log_8302,2024-01-21 12:00:00,prod_092,seg_06,ctx_337,0.848,4,1
log_8303,2024-01-23 08:00:00,prod_016,seg_04,ctx_124,0.602,3,1
log_8304,2024-01-29 10:00:00,prod_068,seg_03,ctx_613,0.497,3,0
log_8305,2024-01-26 04:00:00,prod_004,seg_04,ctx_053,0.574,3,0
log_8306,2024-01-12 13:00:00,prod_082,seg_05,ctx_394,0.557,3,0
log_8307,2024-01-04 00:00:00,prod_078,seg_06,ctx_921,0.49,3,0
log_8308,2024-01-29 22:00:00,prod_044,seg_05,ctx_492,0.444,3,0
log_8309,2024-01-30 08:00:00,prod_061,seg_00,ctx_421,0.804,4,1
log_8310,2024-01-06 09:00:00,prod_083,seg_00,ctx_671,0.472,3,0
log_8311,2024-01-06 14:00:00,prod_058,seg_06,ctx_711,0.808,4,1
log_8312,2024-01-01 21:00:00,prod_013,seg_06,ctx_748,0.397,3,0
log_8313,2024-01-14 14:00:00,prod_004,seg_09,ctx_238,0.546,3,0
log_8314,2024-01-19 11:00:00,prod_069,seg_09,ctx_994,0.559,3,0
log_8315,2024-01-07 10:00:00,prod_024,seg_08,ctx_654,0.71,4,1
log_8316,2024-01-01 05:00:00,prod_031,seg_07,ctx_559,0.736,4,1
log_8317,2024-01-05 08:00:00,prod_035,seg_01,ctx_661,0.783,4,1
log_8318,2024-01-27 07:00:00,prod_018,seg_04,ctx_460,0.472,3,0
log_8319,2024-01-08 14:00:00,prod_067,seg_01,ctx_929,0.76,4,1
log_8320,2024-01-10 15:00:00,prod_055,seg_06,ctx_325,0.55,3,0
log_8321,2024-01-27 14:00:00,prod_010,seg_04,ctx_267,0.754,4,1
log_8322,2024-01-18 23:00:00,prod_018,seg_04,ctx_246,0.772,4,1
log_8323,2024-01-25 07:00:00,prod_042,seg_06,ctx_712,0.811,4,1
log_8324,2024-01-26 13:00:00,prod_043,seg_00,ctx_533,0.428,3,0
log_8325,2024-01-28 21:00:00,prod_096,seg_00,ctx_205,0.34,2,0
log_8326,2024-01-07 20:00:00,prod_083,seg_05,ctx_212,0.61,3,1
log_8327,2024-01-18 07:00:00,prod_080,seg_00,ctx_816,0.668,4,1
log_8328,2024-01-29 01:00:00,prod_018,seg_00,ctx_803,0.421,3,0
log_8329,2024-01-23 18:00:00,prod_021,seg_02,ctx_342,0.393,3,0
log_8330,2024-01-05 14:00:00,prod_064,seg_08,ctx_767,0.844,4,1
log_8331,2024-01-19 03:00:00,prod_074,seg_08,ctx_649,0.773,4,1
log_8332,2024-01-28 08:00:00,prod_090,seg_06,ctx_827,0.418,3,0
log_8333,2024-01-08 02:00:00,prod_025,seg_08,ctx_164,0.527,3,0
log_8334,2024-01-06 14:00:00,prod_027,seg_09,ctx_478,0.519,3,0
log_8335,2024-01-30 22:00:00,prod_047,seg_02,ctx_719,0.453,3,0
log_8336,2024-01-21 09:00:00,prod_064,seg_08,ctx_340,0.704,4,1
log_8337,2024-01-02 21:00:00,prod_070,seg_08,ctx_269,0.695,4,1
log_8338,2024-01-21 14:00:00,prod_029,seg_03,ctx_029,0.617,3,1
log_8339,2024-01-09 05:00:00,prod_056,seg_05,ctx_254,0.471,3,0
log_8340,2024-01-30 18:00:00,prod_097,seg_05,ctx_846,0.394,3,0
log_8341,2024-01-19 04:00:00,prod_042,seg_06,ctx_589,0.449,3,0
log_8342,2024-01-24 20:00:00,prod_028,seg_08,ctx_531,0.488,3,0
log_8343,2024-01-28 23:00:00,prod_096,seg_09,ctx_645,0.784,4,1
log_8344,2024-01-07 04:00:00,prod_027,seg_04,ctx_949,0.454,3,0
log_8345,2024-01-16 15:00:00,prod_016,seg_04,ctx_046,0.758,4,1
log_8346,2024-01-11 13:00:00,prod_027,seg_08,ctx_014,0.548,3,0
log_8347,2024-01-14 15:00:00,prod_018,seg_05,ctx_580,0.802,4,1
log_8348,2024-01-06 02:00:00,prod_007,seg_03,ctx_368,0.372,2,0
log_8349,2024-01-25 22:00:00,prod_045,seg_06,ctx_247,0.721,4,1
log_8350,2024-01-09 08:00:00,prod_025,seg_06,ctx_223,0.686,4,1
log_8351,2024-01-12 01:00:00,prod_000,seg_08,ctx_996,0.96,5,1
log_8352,2024-01-02 16:00:00,prod_045,seg_09,ctx_403,0.673,4,1
log_8353,2024-01-08 09:00:00,prod_022,seg_01,ctx_130,0.494,3,0
log_8354,2024-01-13 00:00:00,prod_030,seg_07,ctx_450,0.626,4,1
log_8355,2024-01-16 01:00:00,prod_069,seg_08,ctx_628,0.631,4,1
log_8356,2024-01-05 08:00:00,prod_046,seg_00,ctx_841,0.716,4,1
log_8357,2024-01-07 00:00:00,prod_018,seg_01,ctx_405,0.789,4,1
log_8358,2024-01-08 16:00:00,prod_052,seg_08,ctx_763,0.611,3,1
log_8359,2024-01-19 09:00:00,prod_044,seg_01,ctx_580,0.423,3,0
log_8360,2024-01-27 08:00:00,prod_036,seg_03,ctx_166,0.734,4,1
log_8361,2024-01-26 11:00:00,prod_009,seg_03,ctx_389,0.866,4,1
log_8362,2024-01-03 17:00:00,prod_077,seg_01,ctx_113,0.748,4,1
log_8363,2024-01-13 23:00:00,prod_000,seg_09,ctx_954,0.343,2,0
log_8364,2024-01-24 06:00:00,prod_053,seg_05,ctx_340,0.843,4,1
log_8365,2024-01-13 21:00:00,prod_048,seg_06,ctx_222,0.595,3,0
log_8366,2024-01-24 20:00:00,prod_010,seg_05,ctx_651,0.49,3,0
log_8367,2024-01-20 12:00:00,prod_067,seg_04,ctx_658,0.735,4,1
log_8368,2024-01-24 00:00:00,prod_066,seg_03,ctx_495,0.438,3,0
log_8369,2024-01-21 09:00:00,prod_050,seg_01,ctx_934,0.409,3,0
log_8370,2024-01-05 05:00:00,prod_095,seg_05,ctx_307,0.377,3,0
log_8371,2024-01-05 14:00:00,prod_082,seg_08,ctx_136,0.991,5,1
log_8372,2024-01-12 00:00:00,prod_037,seg_00,ctx_940,0.604,3,1
log_8373,2024-01-16 02:00:00,prod_062,seg_08,ctx_283,0.425,3,0
log_8374,2024-01-16 15:00:00,prod_086,seg_02,ctx_308,0.554,3,0
log_8375,2024-01-02 04:00:00,prod_021,seg_08,ctx_110,0.738,4,1
log_8376,2024-01-02 09:00:00,prod_030,seg_06,ctx_603,0.605,3,1
log_8377,2024-01-16 00:00:00,prod_035,seg_02,ctx_267,0.591,3,0
log_8378,2024-01-07 22:00:00,prod_059,seg_07,ctx_266,0.657,4,1
log_8379,2024-01-08 02:00:00,prod_078,seg_05,ctx_997,0.395,3,0
log_8380,2024-01-16 19:00:00,prod_063,seg_00,ctx_326,0.871,4,1
log_8381,2024-01-19 21:00:00,prod_042,seg_00,ctx_688,0.831,4,1
log_8382,2024-01-29 01:00:00,prod_094,seg_08,ctx_664,0.796,4,1
log_8383,2024-01-24 04:00:00,prod_060,seg_07,ctx_966,0.479,3,0
log_8384,2024-01-20 06:00:00,prod_095,seg_00,ctx_845,0.722,4,1
log_8385,2024-01-28 02:00:00,prod_062,seg_00,ctx_409,0.427,3,0
log_8386,2024-01-28 21:00:00,prod_000,seg_02,ctx_325,0.882,5,1
log_8387,2024-01-27 15:00:00,prod_093,seg_03,ctx_685,0.537,3,0
log_8388,2024-01-19 21:00:00,prod_095,seg_06,ctx_240,0.802,4,1
log_8389,2024-01-01 01:00:00,prod_005,seg_03,ctx_324,0.529,3,0
log_8390,2024-01-28 19:00:00,prod_089,seg_08,ctx_352,0.366,2,0
log_8391,2024-01-01 10:00:00,prod_047,seg_09,ctx_242,0.686,4,1
log_8392,2024-01-11 18:00:00,prod_008,seg_05,ctx_849,0.483,3,0
log_8393,2024-01-20 20:00:00,prod_000,seg_09,ctx_969,0.574,3,0
log_8394,2024-01-23 17:00:00,prod_052,seg_03,ctx_722,0.584,3,0
log_8395,2024-01-05 09:00:00,prod_017,seg_05,ctx_677,0.672,4,1
log_8396,2024-01-07 14:00:00,prod_081,seg_02,ctx_588,0.417,3,0
log_8397,2024-01-30 10:00:00,prod_040,seg_02,ctx_826,0.605,3,1
log_8398,2024-01-13 04:00:00,prod_016,seg_04,ctx_808,0.374,2,0
log_8399,2024-01-17 22:00:00,prod_064,seg_02,ctx_753,0.762,4,1
log_8400,2024-01-29 02:00:00,prod_075,seg_00,ctx_541,0.615,3,1
log_8401,2024-01-15 19:00:00,prod_015,seg_09,ctx_977,0.441,3,0
log_8402,2024-01-20 06:00:00,prod_091,seg_01,ctx_459,0.649,4,1
log_8403,2024-01-10 21:00:00,prod_026,seg_08,ctx_513,0.752,4,1
log_8404,2024-01-14 17:00:00,prod_026,seg_06,ctx_429,0.61,3,1
log_8405,2024-01-09 04:00:00,prod_010,seg_07,ctx_417,0.754,4,1
log_8406,2024-01-29 22:00:00,prod_006,seg_03,ctx_725,0.572,3,0
log_8407,2024-01-06 13:00:00,prod_074,seg_06,ctx_357,0.632,4,1
log_8408,2024-01-20 20:00:00,prod_052,seg_04,ctx_191,0.375,2,0
log_8409,2024-01-23 06:00:00,prod_095,seg_01,ctx_522,0.508,3,0
log_8410,2024-01-24 14:00:00,prod_010,seg_08,ctx_461,0.759,4,1
log_8411,2024-01-10 02:00:00,prod_090,seg_08,ctx_618,0.358,2,0
log_8412,2024-01-20 22:00:00,prod_025,seg_06,ctx_975,0.485,3,0
log_8413,2024-01-30 21:00:00,prod_073,seg_03,ctx_530,0.78,4,1
log_8414,2024-01-25 15:00:00,prod_002,seg_07,ctx_442,0.668,4,1
log_8415,2024-01-25 19:00:00,prod_035,seg_06,ctx_277,0.575,3,0
log_8416,2024-01-17 22:00:00,prod_077,seg_09,ctx_434,0.659,4,1
log_8417,2024-01-05 06:00:00,prod_043,seg_00,ctx_316,0.318,2,0
log_8418,2024-01-12 14:00:00,prod_086,seg_05,ctx_080,0.637,4,1
log_8419,2024-01-04 22:00:00,prod_016,seg_09,ctx_786,0.712,4,1
log_8420,2024-01-19 12:00:00,prod_016,seg_01,ctx_285,0.727,4,1
log_8421,2024-01-25 22:00:00,prod_079,seg_06,ctx_122,0.453,3,0
log_8422,2024-01-20 19:00:00,prod_028,seg_06,ctx_454,0.311,2,0
log_8423,2024-01-18 23:00:00,prod_020,seg_04,ctx_528,0.558,3,0
log_8424,2024-01-26 01:00:00,prod_087,seg_01,ctx_849,0.694,4,1
log_8425,2024-01-26 08:00:00,prod_089,seg_06,ctx_500,0.365,2,0
log_8426,2024-01-30 22:00:00,prod_073,seg_01,ctx_520,0.473,3,0
log_8427,2024-01-11 13:00:00,prod_082,seg_07,ctx_897,0.551,3,0
log_8428,2024-01-23 00:00:00,prod_023,seg_08,ctx_962,0.333,2,0
log_8429,2024-01-20 09:00:00,prod_088,seg_03,ctx_214,0.719,4,1
log_8430,2024-01-29 10:00:00,prod_007,seg_05,ctx_108,0.72,4,1
log_8431,2024-01-29 03:00:00,prod_013,seg_02,ctx_039,0.746,4,1
log_8432,2024-01-18 06:00:00,prod_018,seg_03,ctx_135,0.498,3,0
log_8433,2024-01-08 02:00:00,prod_088,seg_04,ctx_277,0.663,4,1
log_8434,2024-01-12 23:00:00,prod_010,seg_01,ctx_806,0.529,3,0
log_8435,2024-01-15 20:00:00,prod_072,seg_03,ctx_754,0.489,3,0
log_8436,2024-01-12 00:00:00,prod_095,seg_02,ctx_242,0.909,5,1
log_8437,2024-01-03 07:00:00,prod_015,seg_09,ctx_557,0.654,4,1
log_8438,2024-01-08 19:00:00,prod_077,seg_07,ctx_264,0.418,3,0
log_8439,2024-01-23 21:00:00,prod_034,seg_05,ctx_364,0.554,3,0
log_8440,2024-01-10 19:00:00,prod_046,seg_02,ctx_479,0.511,3,0
log_8441,2024-01-08 03:00:00,prod_056,seg_09,ctx_952,0.311,2,0
log_8442,2024-01-13 23:00:00,prod_094,seg_03,ctx_485,0.487,3,0
log_8443,2024-01-27 10:00:00,prod_068,seg_08,ctx_729,0.594,3,0
log_8444,2024-01-20 12:00:00,prod_097,seg_00,ctx_939,0.711,4,1
log_8445,2024-01-17 15:00:00,prod_048,seg_02,ctx_889,0.744,4,1
log_8446,2024-01-07 14:00:00,prod_078,seg_07,ctx_886,0.469,3,0
log_8447,2024-01-03 23:00:00,prod_090,seg_05,ctx_574,0.586,3,0
log_8448,2024-01-09 05:00:00,prod_006,seg_01,ctx_218,0.883,5,1
log_8449,2024-01-04 19:00:00,prod_029,seg_08,ctx_402,0.343,2,0
log_8450,2024-01-03 13:00:00,prod_039,seg_03,ctx_366,0.454,3,0
log_8451,2024-01-17 20:00:00,prod_007,seg_06,ctx_749,0.507,3,0
log_8452,2024-01-27 19:00:00,prod_003,seg_08,ctx_903,0.776,4,1
log_8453,2024-01-12 00:00:00,prod_081,seg_00,ctx_309,0.453,3,0
log_8454,2024-01-29 16:00:00,prod_001,seg_06,ctx_911,0.564,3,0
log_8455,2024-01-29 07:00:00,prod_098,seg_05,ctx_888,0.815,4,1
log_8456,2024-01-28 10:00:00,prod_093,seg_02,ctx_843,0.331,2,0
log_8457,2024-01-22 17:00:00,prod_016,seg_01,ctx_145,0.546,3,0
log_8458,2024-01-18 16:00:00,prod_090,seg_06,ctx_420,0.325,2,0
log_8459,2024-01-17 18:00:00,prod_007,seg_06,ctx_101,0.334,2,0
log_8460,2024-01-19 00:00:00,prod_023,seg_01,ctx_154,0.734,4,1
log_8461,2024-01-25 14:00:00,prod_072,seg_02,ctx_344,0.442,3,0
log_8462,2024-01-23 18:00:00,prod_094,seg_04,ctx_988,0.904,5,1
log_8463,2024-01-26 15:00:00,prod_058,seg_01,ctx_761,0.772,4,1
log_8464,2024-01-01 21:00:00,prod_081,seg_05,ctx_513,0.38,3,0
log_8465,2024-01-23 16:00:00,prod_059,seg_00,ctx_974,0.784,4,1
log_8466,2024-01-02 16:00:00,prod_029,seg_00,ctx_959,0.718,4,1
log_8467,2024-01-03 05:00:00,prod_020,seg_07,ctx_177,0.889,5,1
log_8468,2024-01-05 18:00:00,prod_043,seg_07,ctx_923,0.874,4,1
log_8469,2024-01-04 15:00:00,prod_053,seg_09,ctx_834,0.624,3,1
log_8470,2024-01-20 04:00:00,prod_065,seg_08,ctx_240,0.691,4,1
log_8471,2024-01-20 03:00:00,prod_046,seg_04,ctx_663,0.436,3,0
log_8472,2024-01-06 02:00:00,prod_097,seg_06,ctx_020,0.762,4,1
log_8473,2024-01-08 18:00:00,prod_043,seg_07,ctx_396,0.779,4,1
log_8474,2024-01-10 05:00:00,prod_035,seg_01,ctx_695,0.828,4,1
log_8475,2024-01-16 06:00:00,prod_022,seg_09,ctx_050,0.811,4,1
log_8476,2024-01-25 00:00:00,prod_087,seg_06,ctx_428,0.418,3,0
log_8477,2024-01-26 10:00:00,prod_001,seg_05,ctx_954,0.773,4,1
log_8478,2024-01-21 19:00:00,prod_076,seg_04,ctx_347,0.778,4,1
log_8479,2024-01-20 00:00:00,prod_056,seg_01,ctx_870,0.477,3,0
log_8480,2024-01-04 21:00:00,prod_035,seg_09,ctx_283,0.626,4,1
log_8481,2024-01-29 07:00:00,prod_053,seg_01,ctx_485,0.888,5,1
log_8482,2024-01-26 03:00:00,prod_089,seg_09,ctx_056,0.686,4,1
log_8483,2024-01-18 02:00:00,prod_085,seg_02,ctx_038,0.841,4,1
log_8484,2024-01-22 02:00:00,prod_009,seg_05,ctx_104,0.419,3,0
log_8485,2024-01-29 01:00:00,prod_055,seg_02,ctx_781,0.713,4,1
log_8486,2024-01-03 02:00:00,prod_099,seg_01,ctx_069,0.803,4,1
log_8487,2024-01-19 21:00:00,prod_049,seg_09,ctx_118,0.416,3,0
log_8488,2024-01-24 01:00:00,prod_050,seg_09,ctx_160,0.383,3,0
log_8489,2024-01-11 00:00:00,prod_025,seg_01,ctx_869,0.662,4,1
log_8490,2024-01-05 16:00:00,prod_097,seg_02,ctx_974,0.491,3,0
log_8491,2024-01-06 17:00:00,prod_032,seg_01,ctx_488,0.896,5,1
log_8492,2024-01-28 12:00:00,prod_048,seg_00,ctx_570,0.554,3,0
log_8493,2024-01-29 01:00:00,prod_014,seg_01,ctx_986,0.442,3,0
log_8494,2024-01-12 22:00:00,prod_096,seg_09,ctx_248,0.576,3,0
log_8495,2024-01-11 01:00:00,prod_042,seg_01,ctx_185,0.857,4,1
log_8496,2024-01-28 04:00:00,prod_060,seg_05,ctx_403,0.761,4,1
log_8497,2024-01-02 16:00:00,prod_095,seg_00,ctx_021,0.823,4,1
log_8498,2024-01-18 11:00:00,prod_069,seg_04,ctx_177,0.837,4,1
log_8499,2024-01-25 08:00:00,prod_085,seg_05,ctx_678,0.454,3,0
log_8500,2024-01-12 13:00:00,prod_063,seg_04,ctx_525,0.3,2,0
log_8501,2024-01-14 05:00:00,prod_048,seg_05,ctx_074,0.338,2,0
log_8502,2024-01-09 09:00:00,prod_045,seg_07,ctx_259,0.706,4,1
log_8503,2024-01-17 16:00:00,prod_007,seg_02,ctx_042,0.664,4,1
log_8504,2024-01-16 04:00:00,prod_063,seg_01,ctx_650,0.494,3,0
log_8505,2024-01-01 09:00:00,prod_031,seg_01,ctx_404,0.729,4,1
log_8506,2024-01-01 18:00:00,prod_030,seg_03,ctx_919,0.478,3,0
log_8507,2024-01-24 17:00:00,prod_012,seg_00,ctx_012,0.617,3,1
log_8508,2024-01-21 02:00:00,prod_052,seg_00,ctx_566,0.485,3,0
log_8509,2024-01-01 04:00:00,prod_039,seg_04,ctx_017,0.559,3,0
log_8510,2024-01-18 14:00:00,prod_052,seg_03,ctx_995,0.875,4,1
log_8511,2024-01-14 09:00:00,prod_093,seg_01,ctx_107,0.632,4,1
log_8512,2024-01-11 06:00:00,prod_092,seg_09,ctx_726,0.701,4,1
log_8513,2024-01-09 03:00:00,prod_035,seg_05,ctx_448,0.804,4,1
log_8514,2024-01-06 15:00:00,prod_074,seg_07,ctx_130,0.739,4,1
log_8515,2024-01-26 08:00:00,prod_075,seg_03,ctx_017,0.649,4,1
log_8516,2024-01-22 08:00:00,prod_099,seg_03,ctx_063,0.94,5,1
log_8517,2024-01-28 09:00:00,prod_072,seg_06,ctx_672,0.618,3,1
log_8518,2024-01-11 10:00:00,prod_042,seg_05,ctx_691,0.668,4,1
log_8519,2024-01-15 06:00:00,prod_043,seg_09,ctx_355,0.389,3,0
log_8520,2024-01-22 17:00:00,prod_090,seg_01,ctx_083,0.621,3,1
log_8521,2024-01-27 13:00:00,prod_035,seg_05,ctx_734,0.319,2,0
log_8522,2024-01-06 15:00:00,prod_027,seg_03,ctx_016,0.394,3,0
log_8523,2024-01-11 17:00:00,prod_087,seg_04,ctx_276,0.544,3,0
log_8524,2024-01-16 22:00:00,prod_032,seg_08,ctx_982,0.55,3,0
log_8525,2024-01-01 00:00:00,prod_059,seg_01,ctx_944,0.804,4,1
log_8526,2024-01-25 16:00:00,prod_051,seg_08,ctx_492,0.796,4,1
log_8527,2024-01-03 12:00:00,prod_099,seg_07,ctx_159,0.718,4,1
log_8528,2024-01-20 15:00:00,prod_003,seg_05,ctx_694,0.339,2,0
log_8529,2024-01-28 02:00:00,prod_070,seg_05,ctx_166,0.759,4,1
log_8530,2024-01-06 02:00:00,prod_050,seg_00,ctx_681,0.829,4,1
log_8531,2024-01-26 03:00:00,prod_039,seg_00,ctx_044,0.754,4,1
log_8532,2024-01-04 23:00:00,prod_098,seg_04,ctx_632,0.62,3,1
log_8533,2024-01-28 18:00:00,prod_032,seg_01,ctx_522,0.663,4,1
log_8534,2024-01-17 01:00:00,prod_057,seg_04,ctx_433,0.926,5,1
log_8535,2024-01-07 19:00:00,prod_008,seg_03,ctx_749,0.509,3,0
log_8536,2024-01-17 19:00:00,prod_003,seg_00,ctx_082,0.676,4,1
log_8537,2024-01-12 00:00:00,prod_019,seg_00,ctx_973,0.934,5,1
log_8538,2024-01-06 17:00:00,prod_051,seg_02,ctx_282,0.81,4,1
log_8539,2024-01-17 13:00:00,prod_015,seg_06,ctx_897,0.88,5,1
log_8540,2024-01-18 01:00:00,prod_024,seg_01,ctx_136,0.346,2,0
log_8541,2024-01-28 22:00:00,prod_037,seg_08,ctx_433,0.517,3,0
log_8542,2024-01-20 21:00:00,prod_058,seg_02,ctx_957,0.518,3,0
log_8543,2024-01-27 19:00:00,prod_056,seg_09,ctx_359,0.574,3,0
log_8544,2024-01-02 11:00:00,prod_021,seg_02,ctx_618,0.693,4,1
log_8545,2024-01-13 17:00:00,prod_097,seg_04,ctx_500,0.746,4,1
log_8546,2024-01-30 19:00:00,prod_043,seg_08,ctx_758,0.67,4,1
log_8547,2024-01-09 14:00:00,prod_037,seg_02,ctx_007,0.539,3,0
log_8548,2024-01-23 06:00:00,prod_072,seg_01,ctx_550,0.753,4,1
log_8549,2024-01-18 17:00:00,prod_009,seg_03,ctx_665,0.605,3,1
log_8550,2024-01-25 22:00:00,prod_003,seg_08,ctx_989,0.904,5,1
log_8551,2024-01-22 08:00:00,prod_049,seg_04,ctx_709,0.857,4,1
log_8552,2024-01-25 04:00:00,prod_013,seg_02,ctx_676,0.778,4,1
log_8553,2024-01-08 02:00:00,prod_046,seg_09,ctx_922,0.345,2,0
log_8554,2024-01-06 17:00:00,prod_062,seg_01,ctx_225,0.874,4,1
log_8555,2024-01-03 06:00:00,prod_061,seg_09,ctx_992,0.737,4,1
log_8556,2024-01-10 09:00:00,prod_035,seg_08,ctx_483,0.899,5,1
log_8557,2024-01-16 02:00:00,prod_059,seg_01,ctx_546,0.593,3,0
log_8558,2024-01-30 16:00:00,prod_054,seg_01,ctx_319,0.306,2,0
log_8559,2024-01-21 09:00:00,prod_009,seg_09,ctx_731,0.547,3,0
log_8560,2024-01-01 14:00:00,prod_079,seg_01,ctx_650,0.439,3,0
log_8561,2024-01-21 13:00:00,prod_007,seg_04,ctx_590,0.642,4,1
log_8562,2024-01-08 19:00:00,prod_059,seg_08,ctx_443,0.73,4,1
log_8563,2024-01-02 02:00:00,prod_024,seg_08,ctx_046,0.781,4,1
log_8564,2024-01-27 22:00:00,prod_023,seg_09,ctx_034,0.859,4,1
log_8565,2024-01-22 10:00:00,prod_087,seg_04,ctx_967,0.898,5,1
log_8566,2024-01-15 04:00:00,prod_072,seg_05,ctx_358,0.631,4,1
log_8567,2024-01-06 01:00:00,prod_040,seg_08,ctx_005,0.771,4,1
log_8568,2024-01-06 07:00:00,prod_028,seg_08,ctx_153,0.679,4,1
log_8569,2024-01-20 00:00:00,prod_053,seg_08,ctx_369,0.454,3,0
log_8570,2024-01-30 04:00:00,prod_007,seg_00,ctx_626,0.768,4,1
log_8571,2024-01-27 20:00:00,prod_020,seg_02,ctx_556,0.421,3,0
log_8572,2024-01-17 02:00:00,prod_050,seg_04,ctx_142,0.717,4,1
log_8573,2024-01-21 15:00:00,prod_048,seg_01,ctx_772,0.402,3,0
log_8574,2024-01-08 12:00:00,prod_078,seg_07,ctx_836,0.419,3,0
log_8575,2024-01-05 16:00:00,prod_059,seg_05,ctx_685,0.726,4,1
log_8576,2024-01-07 02:00:00,prod_094,seg_08,ctx_846,0.63,4,1
log_8577,2024-01-29 19:00:00,prod_026,seg_02,ctx_601,0.673,4,1
log_8578,2024-01-27 20:00:00,prod_078,seg_02,ctx_803,0.482,3,0
log_8579,2024-01-14 09:00:00,prod_064,seg_07,ctx_979,0.442,3,0
log_8580,2024-01-13 19:00:00,prod_083,seg_03,ctx_656,0.498,3,0
log_8581,2024-01-20 20:00:00,prod_024,seg_02,ctx_204,0.732,4,1
log_8582,2024-01-30 05:00:00,prod_079,seg_09,ctx_325,0.323,2,0
log_8583,2024-01-28 07:00:00,prod_080,seg_05,ctx_579,0.482,3,0
log_8584,2024-01-10 07:00:00,prod_048,seg_02,ctx_546,0.467,3,0
log_8585,2024-01-17 11:00:00,prod_010,seg_05,ctx_207,0.693,4,1
log_8586,2024-01-01 10:00:00,prod_017,seg_02,ctx_201,0.692,4,1
log_8587,2024-01-06 09:00:00,prod_041,seg_09,ctx_916,0.593,3,0
log_8588,2024-01-16 08:00:00,prod_090,seg_01,ctx_826,0.389,3,0
log_8589,2024-01-08 23:00:00,prod_088,seg_09,ctx_640,0.566,3,0
log_8590,2024-01-25 09:00:00,prod_019,seg_08,ctx_737,0.797,4,1
log_8591,2024-01-01 23:00:00,prod_056,seg_01,ctx_207,0.591,3,0
log_8592,2024-01-09 21:00:00,prod_054,seg_08,ctx_931,0.321,2,0
log_8593,2024-01-20 09:00:00,prod_077,seg_05,ctx_458,0.49,3,0
log_8594,2024-01-09 05:00:00,prod_014,seg_00,ctx_121,0.976,5,1
log_8595,2024-01-01 01:00:00,prod_011,seg_05,ctx_217,0.523,3,0
log_8596,2024-01-10 23:00:00,prod_087,seg_06,ctx_980,0.547,3,0
log_8597,2024-01-23 06:00:00,prod_015,seg_06,ctx_093,0.592,3,0
log_8598,2024-01-12 18:00:00,prod_065,seg_02,ctx_982,0.785,4,1
log_8599,2024-01-30 16:00:00,prod_036,seg_02,ctx_730,0.351,2,0
log_8600,2024-01-20 10:00:00,prod_047,seg_03,ctx_711,0.331,2,0
log_8601,2024-01-02 17:00:00,prod_043,seg_01,ctx_971,0.445,3,0
log_8602,2024-01-29 09:00:00,prod_095,seg_03,ctx_165,0.816,4,1
log_8603,2024-01-07 00:00:00,prod_000,seg_07,ctx_813,0.574,3,0
log_8604,2024-01-11 15:00:00,prod_026,seg_09,ctx_819,0.625,3,1
log_8605,2024-01-26 18:00:00,prod_005,seg_07,ctx_960,0.713,4,1
log_8606,2024-01-16 11:00:00,prod_060,seg_06,ctx_483,0.379,3,0
log_8607,2024-01-04 18:00:00,prod_076,seg_03,ctx_158,0.802,4,1
log_8608,2024-01-14 09:00:00,prod_032,seg_08,ctx_740,0.437,3,0
log_8609,2024-01-01 21:00:00,prod_037,seg_05,ctx_753,0.85,4,1
log_8610,2024-01-03 10:00:00,prod_022,seg_03,ctx_150,0.632,4,1
log_8611,2024-01-24 20:00:00,prod_099,seg_05,ctx_394,0.683,4,1
log_8612,2024-01-24 02:00:00,prod_095,seg_09,ctx_643,0.638,4,1
log_8613,2024-01-27 05:00:00,prod_020,seg_03,ctx_573,0.795,4,1
log_8614,2024-01-14 21:00:00,prod_017,seg_01,ctx_087,0.788,4,1
log_8615,2024-01-12 23:00:00,prod_046,seg_05,ctx_881,0.734,4,1
log_8616,2024-01-03 14:00:00,prod_046,seg_03,ctx_155,0.604,3,1
log_8617,2024-01-23 08:00:00,prod_039,seg_07,ctx_026,0.775,4,1
log_8618,2024-01-20 05:00:00,prod_065,seg_03,ctx_685,0.616,3,1
log_8619,2024-01-26 10:00:00,prod_003,seg_05,ctx_693,0.817,4,1
log_8620,2024-01-03 05:00:00,prod_017,seg_03,ctx_763,0.392,3,0
log_8621,2024-01-23 13:00:00,prod_098,seg_09,ctx_924,0.592,3,0
log_8622,2024-01-30 04:00:00,prod_094,seg_02,ctx_230,0.846,4,1
log_8623,2024-01-18 11:00:00,prod_079,seg_08,ctx_806,0.778,4,1
log_8624,2024-01-09 16:00:00,prod_046,seg_00,ctx_658,0.782,4,1
log_8625,2024-01-03 20:00:00,prod_023,seg_03,ctx_119,0.602,3,1
log_8626,2024-01-06 06:00:00,prod_046,seg_07,ctx_196,0.852,4,1
log_8627,2024-01-29 05:00:00,prod_064,seg_02,ctx_937,0.345,2,0
log_8628,2024-01-28 10:00:00,prod_037,seg_07,ctx_855,0.784,4,1
log_8629,2024-01-09 02:00:00,prod_005,seg_00,ctx_825,0.374,2,0
log_8630,2024-01-06 12:00:00,prod_009,seg_07,ctx_137,0.451,3,0
log_8631,2024-01-16 18:00:00,prod_061,seg_03,ctx_180,0.944,5,1
log_8632,2024-01-18 13:00:00,prod_027,seg_05,ctx_243,0.677,4,1
log_8633,2024-01-04 21:00:00,prod_006,seg_03,ctx_479,0.676,4,1
log_8634,2024-01-03 03:00:00,prod_027,seg_09,ctx_313,0.462,3,0
log_8635,2024-01-01 00:00:00,prod_072,seg_05,ctx_296,0.511,3,0
log_8636,2024-01-03 03:00:00,prod_049,seg_00,ctx_242,0.847,4,1
log_8637,2024-01-30 01:00:00,prod_019,seg_05,ctx_837,0.382,3,0
log_8638,2024-01-12 19:00:00,prod_042,seg_05,ctx_100,0.556,3,0
log_8639,2024-01-22 19:00:00,prod_059,seg_08,ctx_471,0.416,3,0
log_8640,2024-01-15 21:00:00,prod_091,seg_08,ctx_146,0.592,3,0
log_8641,2024-01-28 10:00:00,prod_036,seg_01,ctx_573,0.383,3,0
log_8642,2024-01-02 21:00:00,prod_020,seg_01,ctx_595,0.863,4,1
log_8643,2024-01-07 00:00:00,prod_029,seg_09,ctx_015,0.33,2,0
log_8644,2024-01-29 19:00:00,prod_036,seg_02,ctx_433,0.385,3,0
log_8645,2024-01-12 07:00:00,prod_001,seg_03,ctx_012,0.418,3,0
log_8646,2024-01-02 04:00:00,prod_083,seg_04,ctx_134,0.575,3,0
log_8647,2024-01-27 13:00:00,prod_045,seg_06,ctx_885,0.876,5,1
log_8648,2024-01-30 16:00:00,prod_011,seg_03,ctx_054,0.725,4,1
log_8649,2024-01-11 20:00:00,prod_006,seg_00,ctx_121,0.336,2,0
log_8650,2024-01-11 16:00:00,prod_090,seg_00,ctx_016,0.794,4,1
log_8651,2024-01-06 05:00:00,prod_073,seg_02,ctx_012,0.633,4,1
log_8652,2024-01-19 08:00:00,prod_093,seg_06,ctx_881,0.393,3,0
log_8653,2024-01-15 13:00:00,prod_066,seg_02,ctx_542,0.601,3,1
log_8654,2024-01-15 20:00:00,prod_038,seg_03,ctx_374,0.824,4,1
log_8655,2024-01-19 00:00:00,prod_019,seg_00,ctx_341,0.509,3,0
log_8656,2024-01-20 15:00:00,prod_026,seg_02,ctx_548,0.794,4,1
log_8657,2024-01-18 22:00:00,prod_048,seg_05,ctx_403,0.571,3,0
log_8658,2024-01-01 08:00:00,prod_054,seg_01,ctx_104,0.57,3,0
log_8659,2024-01-03 11:00:00,prod_067,seg_00,ctx_859,0.732,4,1
log_8660,2024-01-07 06:00:00,prod_062,seg_04,ctx_465,0.648,4,1
log_8661,2024-01-18 01:00:00,prod_091,seg_07,ctx_306,0.426,3,0
log_8662,2024-01-23 09:00:00,prod_015,seg_03,ctx_935,0.731,4,1
log_8663,2024-01-20 20:00:00,prod_063,seg_03,ctx_794,0.624,3,1
log_8664,2024-01-27 18:00:00,prod_085,seg_00,ctx_707,0.844,4,1
log_8665,2024-01-09 13:00:00,prod_098,seg_01,ctx_070,0.447,3,0
log_8666,2024-01-05 17:00:00,prod_004,seg_07,ctx_969,0.365,2,0
log_8667,2024-01-15 03:00:00,prod_031,seg_02,ctx_155,0.866,4,1
log_8668,2024-01-26 08:00:00,prod_014,seg_07,ctx_224,0.419,3,0
log_8669,2024-01-19 11:00:00,prod_024,seg_04,ctx_509,0.385,3,0
log_8670,2024-01-16 21:00:00,prod_093,seg_05,ctx_338,0.878,5,1
log_8671,2024-01-10 21:00:00,prod_015,seg_05,ctx_623,0.805,4,1
log_8672,2024-01-06 01:00:00,prod_082,seg_09,ctx_867,0.548,3,0
log_8673,2024-01-24 11:00:00,prod_048,seg_01,ctx_071,0.76,4,1
log_8674,2024-01-19 16:00:00,prod_074,seg_09,ctx_030,0.756,4,1
log_8675,2024-01-03 03:00:00,prod_001,seg_00,ctx_512,0.757,4,1
log_8676,2024-01-03 21:00:00,prod_011,seg_09,ctx_904,0.469,3,0
log_8677,2024-01-30 00:00:00,prod_050,seg_01,ctx_614,0.822,4,1
log_8678,2024-01-14 22:00:00,prod_002,seg_06,ctx_275,0.352,2,0
log_8679,2024-01-17 03:00:00,prod_026,seg_00,ctx_787,0.62,3,1
log_8680,2024-01-01 01:00:00,prod_084,seg_07,ctx_465,0.444,3,0
log_8681,2024-01-05 02:00:00,prod_077,seg_01,ctx_407,0.487,3,0
log_8682,2024-01-10 22:00:00,prod_064,seg_02,ctx_235,0.327,2,0
log_8683,2024-01-05 16:00:00,prod_060,seg_02,ctx_604,0.722,4,1
log_8684,2024-01-14 18:00:00,prod_058,seg_08,ctx_836,0.773,4,1
log_8685,2024-01-10 03:00:00,prod_096,seg_04,ctx_838,0.571,3,0
log_8686,2024-01-23 08:00:00,prod_091,seg_03,ctx_438,0.573,3,0
log_8687,2024-01-27 19:00:00,prod_061,seg_01,ctx_970,0.411,3,0
log_8688,2024-01-20 16:00:00,prod_019,seg_06,ctx_109,0.815,4,1
log_8689,2024-01-28 12:00:00,prod_098,seg_04,ctx_618,0.722,4,1
log_8690,2024-01-27 23:00:00,prod_086,seg_06,ctx_382,0.687,4,1
log_8691,2024-01-01 10:00:00,prod_086,seg_00,ctx_698,0.961,5,1
log_8692,2024-01-06 03:00:00,prod_019,seg_07,ctx_629,0.625,3,1
log_8693,2024-01-30 11:00:00,prod_010,seg_07,ctx_329,0.682,4,1
log_8694,2024-01-16 22:00:00,prod_034,seg_06,ctx_225,0.872,4,1
log_8695,2024-01-17 12:00:00,prod_098,seg_07,ctx_497,0.446,3,0
log_8696,2024-01-19 13:00:00,prod_071,seg_03,ctx_911,0.968,5,1
log_8697,2024-01-21 13:00:00,prod_058,seg_08,ctx_204,0.753,4,1
log_8698,2024-01-22 03:00:00,prod_059,seg_08,ctx_287,0.768,4,1
log_8699,2024-01-22 06:00:00,prod_022,seg_09,ctx_049,0.638,4,1
log_8700,2024-01-28 10:00:00,prod_064,seg_05,ctx_378,0.464,3,0
log_8701,2024-01-26 19:00:00,prod_036,seg_08,ctx_212,0.467,3,0
log_8702,2024-01-19 15:00:00,prod_038,seg_01,ctx_051,0.578,3,0
log_8703,2024-01-19 04:00:00,prod_070,seg_03,ctx_072,0.72,4,1
log_8704,2024-01-24 15:00:00,prod_076,seg_01,ctx_524,0.709,4,1
log_8705,2024-01-15 12:00:00,prod_043,seg_05,ctx_376,0.463,3,0
log_8706,2024-01-03 16:00:00,prod_071,seg_04,ctx_379,0.494,3,0
log_8707,2024-01-12 01:00:00,prod_087,seg_00,ctx_344,0.655,4,1
log_8708,2024-01-28 01:00:00,prod_013,seg_08,ctx_155,0.697,4,1
log_8709,2024-01-07 01:00:00,prod_088,seg_05,ctx_853,0.378,3,0
log_8710,2024-01-28 04:00:00,prod_047,seg_00,ctx_916,0.45,3,0
log_8711,2024-01-10 02:00:00,prod_063,seg_08,ctx_957,0.585,3,0
log_8712,2024-01-28 11:00:00,prod_006,seg_00,ctx_152,0.872,4,1
log_8713,2024-01-30 13:00:00,prod_029,seg_05,ctx_829,0.558,3,0
log_8714,2024-01-25 19:00:00,prod_098,seg_02,ctx_053,0.954,5,1
log_8715,2024-01-07 16:00:00,prod_006,seg_07,ctx_756,0.519,3,0
log_8716,2024-01-28 21:00:00,prod_026,seg_01,ctx_759,0.333,2,0
log_8717,2024-01-26 22:00:00,prod_081,seg_01,ctx_317,0.689,4,1
log_8718,2024-01-14 03:00:00,prod_004,seg_03,ctx_237,0.878,5,1
log_8719,2024-01-22 18:00:00,prod_077,seg_03,ctx_232,0.529,3,0
log_8720,2024-01-16 02:00:00,prod_085,seg_09,ctx_943,0.649,4,1
log_8721,2024-01-14 20:00:00,prod_076,seg_06,ctx_385,0.316,2,0
log_8722,2024-01-18 00:00:00,prod_007,seg_07,ctx_176,0.852,4,1
log_8723,2024-01-02 23:00:00,prod_050,seg_04,ctx_688,0.727,4,1
log_8724,2024-01-29 03:00:00,prod_068,seg_08,ctx_425,0.544,3,0
log_8725,2024-01-05 19:00:00,prod_043,seg_05,ctx_177,0.787,4,1
log_8726,2024-01-22 07:00:00,prod_043,seg_09,ctx_751,0.587,3,0
log_8727,2024-01-04 22:00:00,prod_027,seg_01,ctx_151,0.797,4,1
log_8728,2024-01-26 00:00:00,prod_035,seg_07,ctx_091,0.723,4,1
log_8729,2024-01-22 09:00:00,prod_078,seg_02,ctx_228,0.821,4,1
log_8730,2024-01-08 21:00:00,prod_081,seg_09,ctx_025,0.456,3,0
log_8731,2024-01-22 17:00:00,prod_004,seg_00,ctx_788,0.537,3,0
log_8732,2024-01-06 10:00:00,prod_010,seg_08,ctx_128,0.92,5,1
log_8733,2024-01-29 06:00:00,prod_012,seg_03,ctx_151,0.585,3,0
log_8734,2024-01-09 05:00:00,prod_064,seg_07,ctx_551,0.414,3,0
log_8735,2024-01-30 09:00:00,prod_065,seg_05,ctx_747,0.305,2,0
log_8736,2024-01-12 23:00:00,prod_076,seg_08,ctx_678,0.549,3,0
log_8737,2024-01-21 02:00:00,prod_035,seg_05,ctx_011,0.455,3,0
log_8738,2024-01-19 05:00:00,prod_067,seg_09,ctx_250,0.668,4,1
log_8739,2024-01-07 23:00:00,prod_095,seg_08,ctx_759,0.432,3,0
log_8740,2024-01-13 13:00:00,prod_016,seg_02,ctx_665,0.882,5,1
log_8741,2024-01-29 06:00:00,prod_095,seg_03,ctx_837,0.668,4,1
log_8742,2024-01-07 11:00:00,prod_062,seg_00,ctx_971,0.764,4,1
log_8743,2024-01-09 11:00:00,prod_070,seg_08,ctx_509,0.686,4,1
log_8744,2024-01-05 03:00:00,prod_054,seg_05,ctx_966,0.865,4,1
log_8745,2024-01-16 07:00:00,prod_085,seg_09,ctx_807,0.374,2,0
log_8746,2024-01-22 15:00:00,prod_083,seg_06,ctx_515,0.648,4,1
log_8747,2024-01-01 14:00:00,prod_005,seg_04,ctx_777,0.735,4,1
log_8748,2024-01-03 23:00:00,prod_041,seg_03,ctx_329,0.31,2,0
log_8749,2024-01-13 13:00:00,prod_044,seg_05,ctx_375,0.435,3,0
log_8750,2024-01-01 13:00:00,prod_057,seg_06,ctx_752,0.751,4,1
log_8751,2024-01-04 01:00:00,prod_067,seg_02,ctx_468,0.736,4,1
log_8752,2024-01-15 09:00:00,prod_062,seg_03,ctx_256,0.838,4,1
log_8753,2024-01-04 02:00:00,prod_029,seg_07,ctx_042,0.392,3,0
log_8754,2024-01-11 20:00:00,prod_082,seg_09,ctx_442,0.768,4,1
log_8755,2024-01-20 19:00:00,prod_097,seg_07,ctx_953,0.525,3,0
log_8756,2024-01-22 06:00:00,prod_033,seg_06,ctx_980,0.882,5,1
log_8757,2024-01-03 10:00:00,prod_081,seg_03,ctx_200,0.884,5,1
log_8758,2024-01-16 17:00:00,prod_042,seg_07,ctx_015,0.53,3,0
log_8759,2024-01-12 11:00:00,prod_005,seg_02,ctx_157,0.703,4,1
log_8760,2024-01-25 16:00:00,prod_010,seg_06,ctx_394,0.839,4,1
log_8761,2024-01-08 01:00:00,prod_038,seg_08,ctx_693,0.84,4,1
log_8762,2024-01-18 02:00:00,prod_012,seg_01,ctx_008,0.738,4,1
log_8763,2024-01-09 01:00:00,prod_095,seg_05,ctx_162,0.848,4,1
log_8764,2024-01-18 08:00:00,prod_067,seg_00,ctx_609,0.346,2,0
log_8765,2024-01-04 21:00:00,prod_016,seg_03,ctx_343,0.711,4,1
log_8766,2024-01-07 09:00:00,prod_075,seg_04,ctx_380,0.379,3,0
log_8767,2024-01-12 06:00:00,prod_096,seg_07,ctx_559,0.582,3,0
log_8768,2024-01-18 23:00:00,prod_096,seg_09,ctx_363,0.87,4,1
log_8769,2024-01-25 08:00:00,prod_045,seg_03,ctx_334,0.711,4,1
log_8770,2024-01-28 08:00:00,prod_075,seg_00,ctx_990,0.683,4,1
log_8771,2024-01-21 09:00:00,prod_010,seg_07,ctx_345,0.728,4,1
log_8772,2024-01-08 07:00:00,prod_081,seg_02,ctx_377,0.808,4,1
log_8773,2024-01-16 17:00:00,prod_027,seg_09,ctx_796,0.662,4,1
log_8774,2024-01-23 12:00:00,prod_061,seg_07,ctx_534,0.377,3,0
log_8775,2024-01-29 00:00:00,prod_069,seg_06,ctx_073,0.869,4,1
log_8776,2024-01-14 00:00:00,prod_000,seg_04,ctx_680,0.739,4,1
log_8777,2024-01-30 12:00:00,prod_036,seg_05,ctx_765,0.498,3,0
log_8778,2024-01-15 09:00:00,prod_041,seg_07,ctx_097,0.366,2,0
log_8779,2024-01-26 02:00:00,prod_026,seg_02,ctx_816,0.572,3,0
log_8780,2024-01-19 08:00:00,prod_009,seg_00,ctx_051,0.851,4,1
log_8781,2024-01-01 08:00:00,prod_059,seg_05,ctx_550,0.87,4,1
log_8782,2024-01-26 08:00:00,prod_019,seg_08,ctx_894,0.342,2,0
log_8783,2024-01-20 05:00:00,prod_049,seg_01,ctx_859,0.365,2,0
log_8784,2024-01-12 23:00:00,prod_012,seg_07,ctx_662,0.837,4,1
log_8785,2024-01-24 15:00:00,prod_032,seg_06,ctx_084,0.801,4,1
log_8786,2024-01-22 05:00:00,prod_090,seg_02,ctx_286,0.701,4,1
log_8787,2024-01-28 01:00:00,prod_013,seg_03,ctx_035,0.518,3,0
log_8788,2024-01-13 20:00:00,prod_067,seg_04,ctx_183,0.316,2,0
log_8789,2024-01-02 13:00:00,prod_029,seg_05,ctx_512,0.759,4,1
log_8790,2024-01-10 18:00:00,prod_018,seg_07,ctx_503,0.646,4,1
log_8791,2024-01-19 08:00:00,prod_030,seg_04,ctx_849,0.831,4,1
log_8792,2024-01-13 03:00:00,prod_085,seg_02,ctx_955,0.335,2,0
log_8793,2024-01-05 12:00:00,prod_024,seg_01,ctx_348,0.675,4,1
log_8794,2024-01-23 00:00:00,prod_087,seg_08,ctx_205,0.521,3,0
log_8795,2024-01-01 04:00:00,prod_009,seg_02,ctx_143,0.88,5,1
log_8796,2024-01-01 10:00:00,prod_031,seg_04,ctx_106,0.643,4,1
log_8797,2024-01-28 10:00:00,prod_069,seg_01,ctx_906,0.661,4,1
log_8798,2024-01-05 18:00:00,prod_058,seg_09,ctx_768,0.77,4,1
log_8799,2024-01-13 05:00:00,prod_086,seg_09,ctx_725,0.671,4,1
log_8800,2024-01-25 11:00:00,prod_075,seg_05,ctx_125,0.706,4,1
log_8801,2024-01-26 15:00:00,prod_060,seg_05,ctx_826,0.388,3,0
log_8802,2024-01-10 07:00:00,prod_049,seg_06,ctx_184,0.416,3,0
log_8803,2024-01-02 10:00:00,prod_080,seg_01,ctx_567,0.665,4,1
log_8804,2024-01-05 17:00:00,prod_024,seg_04,ctx_067,0.694,4,1
log_8805,2024-01-19 00:00:00,prod_084,seg_01,ctx_056,0.368,2,0
log_8806,2024-01-25 03:00:00,prod_041,seg_02,ctx_347,0.646,4,1
log_8807,2024-01-28 17:00:00,prod_090,seg_02,ctx_379,0.828,4,1
log_8808,2024-01-27 04:00:00,prod_077,seg_08,ctx_444,0.428,3,0
log_8809,2024-01-14 02:00:00,prod_029,seg_09,ctx_825,0.607,3,1
log_8810,2024-01-06 15:00:00,prod_030,seg_09,ctx_064,0.769,4,1
log_8811,2024-01-02 12:00:00,prod_041,seg_00,ctx_004,0.68,4,1
log_8812,2024-01-30 01:00:00,prod_058,seg_01,ctx_625,0.623,3,1
log_8813,2024-01-25 11:00:00,prod_091,seg_02,ctx_284,0.617,3,1
log_8814,2024-01-21 11:00:00,prod_075,seg_06,ctx_465,0.314,2,0
log_8815,2024-01-07 00:00:00,prod_039,seg_04,ctx_792,0.59,3,0
log_8816,2024-01-27 03:00:00,prod_038,seg_01,ctx_499,0.87,4,1
log_8817,2024-01-12 02:00:00,prod_038,seg_05,ctx_800,0.372,2,0
log_8818,2024-01-29 20:00:00,prod_059,seg_06,ctx_939,0.674,4,1
log_8819,2024-01-22 03:00:00,prod_061,seg_01,ctx_703,0.777,4,1
log_8820,2024-01-23 11:00:00,prod_082,seg_01,ctx_741,0.585,3,0
log_8821,2024-01-27 09:00:00,prod_055,seg_01,ctx_856,0.74,4,1
log_8822,2024-01-07 20:00:00,prod_023,seg_05,ctx_769,0.388,3,0
log_8823,2024-01-09 00:00:00,prod_004,seg_05,ctx_630,0.682,4,1
log_8824,2024-01-27 11:00:00,prod_092,seg_06,ctx_224,0.863,4,1
log_8825,2024-01-19 03:00:00,prod_074,seg_06,ctx_949,0.393,3,0
log_8826,2024-01-04 15:00:00,prod_006,seg_07,ctx_296,0.463,3,0
log_8827,2024-01-28 01:00:00,prod_014,seg_01,ctx_505,0.584,3,0
log_8828,2024-01-08 06:00:00,prod_053,seg_01,ctx_321,0.478,3,0
log_8829,2024-01-24 13:00:00,prod_096,seg_04,ctx_995,0.511,3,0
log_8830,2024-01-30 19:00:00,prod_028,seg_04,ctx_682,0.432,3,0
log_8831,2024-01-19 08:00:00,prod_041,seg_04,ctx_158,0.846,4,1
log_8832,2024-01-24 17:00:00,prod_035,seg_02,ctx_566,0.422,3,0
log_8833,2024-01-28 04:00:00,prod_055,seg_04,ctx_877,0.382,3,0
log_8834,2024-01-02 22:00:00,prod_024,seg_01,ctx_868,0.849,4,1
log_8835,2024-01-06 17:00:00,prod_032,seg_00,ctx_268,0.332,2,0
log_8836,2024-01-14 13:00:00,prod_065,seg_01,ctx_431,0.818,4,1
log_8837,2024-01-12 03:00:00,prod_014,seg_02,ctx_065,0.976,5,1
log_8838,2024-01-19 13:00:00,prod_028,seg_00,ctx_251,0.736,4,1
log_8839,2024-01-10 14:00:00,prod_070,seg_05,ctx_491,0.663,4,1
log_8840,2024-01-24 07:00:00,prod_071,seg_09,ctx_781,0.571,3,0
log_8841,2024-01-30 03:00:00,prod_078,seg_06,ctx_065,0.709,4,1
log_8842,2024-01-30 07:00:00,prod_020,seg_00,ctx_489,0.619,3,1
log_8843,2024-01-10 09:00:00,prod_034,seg_02,ctx_946,0.368,2,0
log_8844,2024-01-02 23:00:00,prod_012,seg_00,ctx_800,0.365,2,0
log_8845,2024-01-04 12:00:00,prod_019,seg_07,ctx_288,0.592,3,0
log_8846,2024-01-26 00:00:00,prod_085,seg_03,ctx_655,0.845,4,1
log_8847,2024-01-22 13:00:00,prod_008,seg_03,ctx_133,0.424,3,0
log_8848,2024-01-17 17:00:00,prod_053,seg_01,ctx_715,0.333,2,0
log_8849,2024-01-03 15:00:00,prod_045,seg_03,ctx_453,0.526,3,0
log_8850,2024-01-02 03:00:00,prod_090,seg_05,ctx_065,0.826,4,1
log_8851,2024-01-21 16:00:00,prod_054,seg_05,ctx_623,0.679,4,1
log_8852,2024-01-30 10:00:00,prod_093,seg_06,ctx_346,0.544,3,0
log_8853,2024-01-04 13:00:00,prod_004,seg_01,ctx_341,0.623,3,1
log_8854,2024-01-14 03:00:00,prod_018,seg_05,ctx_724,0.774,4,1
log_8855,2024-01-13 13:00:00,prod_071,seg_09,ctx_014,0.659,4,1
log_8856,2024-01-15 17:00:00,prod_072,seg_00,ctx_756,0.857,4,1
log_8857,2024-01-26 22:00:00,prod_027,seg_03,ctx_892,0.323,2,0
log_8858,2024-01-06 19:00:00,prod_033,seg_00,ctx_788,0.862,4,1
log_8859,2024-01-30 03:00:00,prod_001,seg_08,ctx_934,0.488,3,0
log_8860,2024-01-26 20:00:00,prod_038,seg_05,ctx_453,0.766,4,1
log_8861,2024-01-09 04:00:00,prod_065,seg_03,ctx_149,0.365,2,0
log_8862,2024-01-19 17:00:00,prod_004,seg_07,ctx_253,0.83,4,1
log_8863,2024-01-25 05:00:00,prod_058,seg_06,ctx_217,0.456,3,0
log_8864,2024-01-14 23:00:00,prod_057,seg_04,ctx_518,0.515,3,0
log_8865,2024-01-23 23:00:00,prod_091,seg_06,ctx_133,0.819,4,1
log_8866,2024-01-29 12:00:00,prod_048,seg_01,ctx_595,0.528,3,0
log_8867,2024-01-17 12:00:00,prod_068,seg_07,ctx_353,0.379,3,0
log_8868,2024-01-04 00:00:00,prod_030,seg_03,ctx_386,0.507,3,0
log_8869,2024-01-23 23:00:00,prod_064,seg_03,ctx_440,0.744,4,1
log_8870,2024-01-01 09:00:00,prod_088,seg_09,ctx_619,0.525,3,0
log_8871,2024-01-03 04:00:00,prod_016,seg_01,ctx_786,0.532,3,0
log_8872,2024-01-30 21:00:00,prod_057,seg_09,ctx_120,0.693,4,1
log_8873,2024-01-07 17:00:00,prod_082,seg_00,ctx_680,0.47,3,0
log_8874,2024-01-26 21:00:00,prod_072,seg_06,ctx_218,0.875,5,1
log_8875,2024-01-11 13:00:00,prod_086,seg_02,ctx_491,0.528,3,0
log_8876,2024-01-07 09:00:00,prod_039,seg_00,ctx_191,0.459,3,0
log_8877,2024-01-12 16:00:00,prod_076,seg_01,ctx_933,0.764,4,1
log_8878,2024-01-27 20:00:00,prod_079,seg_02,ctx_417,0.829,4,1
log_8879,2024-01-15 12:00:00,prod_077,seg_03,ctx_733,0.498,3,0
log_8880,2024-01-10 21:00:00,prod_016,seg_04,ctx_428,0.375,2,0
log_8881,2024-01-17 12:00:00,prod_008,seg_05,ctx_404,0.512,3,0
log_8882,2024-01-05 16:00:00,prod_091,seg_08,ctx_608,0.597,3,0
log_8883,2024-01-06 11:00:00,prod_030,seg_05,ctx_538,0.689,4,1
log_8884,2024-01-04 07:00:00,prod_077,seg_01,ctx_097,0.807,4,1
log_8885,2024-01-03 13:00:00,prod_008,seg_09,ctx_596,0.51,3,0
log_8886,2024-01-15 02:00:00,prod_016,seg_05,ctx_449,0.657,4,1
log_8887,2024-01-11 15:00:00,prod_004,seg_05,ctx_250,0.406,3,0
log_8888,2024-01-03 15:00:00,prod_033,seg_02,ctx_389,0.497,3,0
log_8889,2024-01-29 09:00:00,prod_062,seg_03,ctx_658,0.792,4,1
log_8890,2024-01-17 19:00:00,prod_084,seg_00,ctx_242,0.585,3,0
log_8891,2024-01-07 15:00:00,prod_066,seg_09,ctx_625,0.603,3,1
log_8892,2024-01-27 14:00:00,prod_039,seg_09,ctx_524,0.327,2,0
log_8893,2024-01-02 23:00:00,prod_090,seg_03,ctx_680,0.833,4,1
log_8894,2024-01-22 10:00:00,prod_096,seg_08,ctx_463,0.466,3,0
log_8895,2024-01-16 15:00:00,prod_054,seg_01,ctx_544,0.4,3,0
log_8896,2024-01-03 12:00:00,prod_091,seg_04,ctx_856,0.679,4,1
log_8897,2024-01-13 05:00:00,prod_053,seg_04,ctx_253,0.331,2,0
log_8898,2024-01-27 22:00:00,prod_093,seg_04,ctx_928,0.459,3,0
log_8899,2024-01-17 23:00:00,prod_090,seg_07,ctx_857,0.662,4,1
log_8900,2024-01-09 14:00:00,prod_010,seg_01,ctx_397,0.864,4,1
log_8901,2024-01-15 00:00:00,prod_037,seg_04,ctx_894,0.455,3,0
log_8902,2024-01-21 07:00:00,prod_047,seg_02,ctx_973,0.466,3,0
log_8903,2024-01-22 06:00:00,prod_099,seg_06,ctx_982,0.891,5,1
log_8904,2024-01-10 00:00:00,prod_085,seg_04,ctx_348,0.847,4,1
log_8905,2024-01-06 16:00:00,prod_000,seg_08,ctx_874,0.619,3,1
log_8906,2024-01-05 18:00:00,prod_052,seg_09,ctx_322,0.857,4,1
log_8907,2024-01-20 13:00:00,prod_028,seg_03,ctx_517,0.752,4,1
log_8908,2024-01-17 00:00:00,prod_019,seg_00,ctx_118,0.499,3,0
log_8909,2024-01-21 09:00:00,prod_014,seg_00,ctx_966,0.554,3,0
log_8910,2024-01-20 21:00:00,prod_079,seg_00,ctx_789,0.613,3,1
log_8911,2024-01-07 07:00:00,prod_014,seg_04,ctx_169,0.846,4,1
log_8912,2024-01-28 03:00:00,prod_083,seg_04,ctx_314,0.525,3,0
log_8913,2024-01-05 16:00:00,prod_005,seg_00,ctx_689,0.472,3,0
log_8914,2024-01-19 15:00:00,prod_043,seg_01,ctx_452,0.702,4,1
log_8915,2024-01-26 11:00:00,prod_006,seg_06,ctx_200,0.37,2,0
log_8916,2024-01-03 13:00:00,prod_047,seg_03,ctx_831,0.564,3,0
log_8917,2024-01-13 00:00:00,prod_086,seg_01,ctx_761,0.666,4,1
log_8918,2024-01-04 09:00:00,prod_006,seg_02,ctx_050,0.485,3,0
log_8919,2024-01-25 03:00:00,prod_000,seg_09,ctx_725,0.469,3,0
log_8920,2024-01-10 15:00:00,prod_012,seg_08,ctx_617,0.521,3,0
log_8921,2024-01-27 21:00:00,prod_041,seg_07,ctx_114,0.403,3,0
log_8922,2024-01-21 22:00:00,prod_068,seg_08,ctx_432,0.796,4,1
log_8923,2024-01-30 06:00:00,prod_038,seg_02,ctx_393,0.872,4,1
log_8924,2024-01-18 23:00:00,prod_076,seg_09,ctx_155,0.699,4,1
log_8925,2024-01-14 06:00:00,prod_098,seg_08,ctx_372,0.806,4,1
log_8926,2024-01-24 08:00:00,prod_096,seg_00,ctx_289,0.379,3,0
log_8927,2024-01-01 01:00:00,prod_016,seg_05,ctx_936,0.802,4,1
log_8928,2024-01-11 19:00:00,prod_097,seg_01,ctx_420,0.51,3,0
log_8929,2024-01-20 03:00:00,prod_076,seg_03,ctx_470,0.686,4,1
log_8930,2024-01-02 15:00:00,prod_034,seg_06,ctx_258,0.521,3,0
log_8931,2024-01-10 18:00:00,prod_072,seg_06,ctx_922,0.8,4,1
log_8932,2024-01-14 12:00:00,prod_048,seg_06,ctx_424,0.75,4,1
log_8933,2024-01-04 06:00:00,prod_087,seg_08,ctx_130,0.615,3,1
log_8934,2024-01-18 09:00:00,prod_092,seg_00,ctx_181,0.398,3,0
log_8935,2024-01-08 01:00:00,prod_050,seg_07,ctx_459,0.754,4,1
log_8936,2024-01-30 20:00:00,prod_023,seg_06,ctx_833,0.886,5,1
log_8937,2024-01-20 14:00:00,prod_025,seg_09,ctx_981,0.697,4,1
log_8938,2024-01-06 11:00:00,prod_093,seg_04,ctx_941,0.482,3,0
log_8939,2024-01-04 15:00:00,prod_022,seg_08,ctx_455,0.622,3,1
log_8940,2024-01-08 21:00:00,prod_032,seg_02,ctx_915,0.515,3,0
log_8941,2024-01-28 11:00:00,prod_041,seg_06,ctx_368,0.555,3,0
log_8942,2024-01-07 13:00:00,prod_042,seg_07,ctx_393,0.385,3,0
log_8943,2024-01-12 18:00:00,prod_062,seg_00,ctx_159,0.475,3,0
log_8944,2024-01-11 07:00:00,prod_055,seg_09,ctx_088,0.336,2,0
log_8945,2024-01-21 22:00:00,prod_077,seg_03,ctx_607,0.783,4,1
log_8946,2024-01-02 01:00:00,prod_063,seg_05,ctx_838,0.84,4,1
log_8947,2024-01-16 10:00:00,prod_073,seg_05,ctx_865,0.71,4,1
log_8948,2024-01-15 22:00:00,prod_034,seg_03,ctx_015,0.543,3,0
log_8949,2024-01-26 23:00:00,prod_039,seg_06,ctx_644,0.547,3,0
log_8950,2024-01-23 11:00:00,prod_055,seg_02,ctx_642,0.503,3,0
log_8951,2024-01-30 01:00:00,prod_095,seg_07,ctx_521,0.406,3,0
log_8952,2024-01-11 08:00:00,prod_056,seg_08,ctx_283,0.359,2,0
log_8953,2024-01-12 11:00:00,prod_004,seg_03,ctx_882,0.553,3,0
log_8954,2024-01-12 07:00:00,prod_038,seg_07,ctx_961,0.667,4,1
log_8955,2024-01-04 07:00:00,prod_049,seg_05,ctx_462,0.31,2,0
log_8956,2024-01-02 18:00:00,prod_044,seg_00,ctx_895,0.856,4,1
log_8957,2024-01-27 06:00:00,prod_088,seg_07,ctx_905,0.573,3,0
log_8958,2024-01-28 10:00:00,prod_014,seg_05,ctx_918,0.883,5,1
log_8959,2024-01-11 23:00:00,prod_072,seg_05,ctx_762,0.42,3,0
log_8960,2024-01-13 05:00:00,prod_010,seg_07,ctx_845,0.317,2,0
log_8961,2024-01-22 01:00:00,prod_094,seg_04,ctx_545,0.434,3,0
log_8962,2024-01-17 10:00:00,prod_014,seg_08,ctx_290,0.791,4,1
log_8963,2024-01-30 16:00:00,prod_042,seg_06,ctx_628,0.847,4,1
log_8964,2024-01-17 06:00:00,prod_065,seg_01,ctx_750,0.441,3,0
log_8965,2024-01-25 13:00:00,prod_096,seg_09,ctx_787,0.411,3,0
log_8966,2024-01-27 20:00:00,prod_024,seg_01,ctx_884,0.65,4,1
log_8967,2024-01-10 06:00:00,prod_044,seg_02,ctx_428,0.522,3,0
log_8968,2024-01-11 19:00:00,prod_032,seg_04,ctx_595,0.501,3,0
log_8969,2024-01-25 12:00:00,prod_001,seg_00,ctx_294,0.441,3,0
log_8970,2024-01-30 08:00:00,prod_047,seg_04,ctx_001,0.866,4,1
log_8971,2024-01-20 14:00:00,prod_001,seg_03,ctx_468,0.419,3,0
log_8972,2024-01-22 12:00:00,prod_096,seg_06,ctx_740,0.889,5,1
log_8973,2024-01-05 02:00:00,prod_050,seg_05,ctx_107,0.314,2,0
log_8974,2024-01-15 08:00:00,prod_057,seg_08,ctx_117,0.634,4,1
log_8975,2024-01-10 11:00:00,prod_072,seg_08,ctx_008,0.547,3,0
log_8976,2024-01-26 10:00:00,prod_059,seg_07,ctx_931,0.461,3,0
log_8977,2024-01-30 23:00:00,prod_095,seg_04,ctx_020,0.847,4,1
log_8978,2024-01-03 02:00:00,prod_062,seg_07,ctx_570,0.757,4,1
log_8979,2024-01-20 02:00:00,prod_087,seg_01,ctx_152,0.405,3,0
log_8980,2024-01-29 09:00:00,prod_024,seg_04,ctx_193,0.84,4,1
log_8981,2024-01-05 06:00:00,prod_068,seg_00,ctx_839,0.488,3,0
log_8982,2024-01-24 20:00:00,prod_033,seg_00,ctx_407,0.699,4,1
log_8983,2024-01-30 00:00:00,prod_074,seg_06,ctx_639,0.506,3,0
log_8984,2024-01-03 07:00:00,prod_050,seg_06,ctx_650,0.666,4,1
log_8985,2024-01-08 14:00:00,prod_008,seg_09,ctx_607,0.705,4,1
log_8986,2024-01-04 15:00:00,prod_089,seg_09,ctx_219,0.796,4,1
log_8987,2024-01-07 11:00:00,prod_063,seg_08,ctx_001,0.789,4,1
log_8988,2024-01-16 17:00:00,prod_021,seg_08,ctx_854,0.507,3,0
log_8989,2024-01-20 21:00:00,prod_079,seg_02,ctx_655,0.446,3,0
log_8990,2024-01-23 18:00:00,prod_082,seg_02,ctx_801,0.547,3,0
log_8991,2024-01-29 14:00:00,prod_057,seg_07,ctx_797,0.63,4,1
log_8992,2024-01-20 09:00:00,prod_041,seg_08,ctx_452,0.534,3,0
log_8993,2024-01-21 19:00:00,prod_009,seg_07,ctx_853,0.877,5,1
log_8994,2024-01-24 13:00:00,prod_071,seg_02,ctx_965,0.659,4,1
log_8995,2024-01-18 00:00:00,prod_041,seg_08,ctx_832,0.419,3,0
log_8996,2024-01-30 08:00:00,prod_020,seg_00,ctx_566,0.474,3,0
log_8997,2024-01-02 12:00:00,prod_062,seg_07,ctx_043,0.637,4,1
log_8998,2024-01-20 09:00:00,prod_097,seg_07,ctx_200,0.387,3,0
log_8999,2024-01-10 10:00:00,prod_050,seg_03,ctx_445,0.474,3,0
log_9000,2024-01-10 06:00:00,prod_066,seg_08,ctx_628,0.834,4,1
log_9001,2024-01-05 13:00:00,prod_098,seg_08,ctx_727,0.738,4,1
log_9002,2024-01-23 11:00:00,prod_096,seg_07,ctx_269,0.664,4,1
log_9003,2024-01-04 15:00:00,prod_090,seg_05,ctx_000,0.783,4,1
log_9004,2024-01-07 11:00:00,prod_095,seg_08,ctx_208,0.652,4,1
log_9005,2024-01-10 02:00:00,prod_012,seg_07,ctx_931,0.803,4,1
log_9006,2024-01-05 14:00:00,prod_062,seg_05,ctx_330,0.53,3,0
log_9007,2024-01-18 09:00:00,prod_032,seg_03,ctx_040,0.591,3,0
log_9008,2024-01-05 03:00:00,prod_058,seg_07,ctx_340,0.484,3,0
log_9009,2024-01-17 11:00:00,prod_084,seg_05,ctx_293,0.731,4,1
log_9010,2024-01-14 19:00:00,prod_081,seg_03,ctx_149,0.497,3,0
log_9011,2024-01-08 16:00:00,prod_029,seg_07,ctx_087,0.766,4,1
log_9012,2024-01-08 05:00:00,prod_006,seg_03,ctx_614,0.434,3,0
log_9013,2024-01-09 17:00:00,prod_051,seg_03,ctx_573,0.942,5,1
log_9014,2024-01-05 03:00:00,prod_092,seg_01,ctx_023,0.365,2,0
log_9015,2024-01-25 08:00:00,prod_023,seg_00,ctx_392,0.428,3,0
log_9016,2024-01-13 05:00:00,prod_049,seg_04,ctx_442,0.813,4,1
log_9017,2024-01-07 17:00:00,prod_095,seg_08,ctx_155,0.392,3,0
log_9018,2024-01-30 23:00:00,prod_015,seg_02,ctx_686,0.815,4,1
log_9019,2024-01-19 14:00:00,prod_084,seg_07,ctx_717,0.532,3,0
log_9020,2024-01-26 17:00:00,prod_095,seg_03,ctx_143,0.544,3,0
log_9021,2024-01-11 14:00:00,prod_075,seg_00,ctx_084,0.797,4,1
log_9022,2024-01-18 09:00:00,prod_052,seg_03,ctx_097,0.636,4,1
log_9023,2024-01-18 23:00:00,prod_072,seg_08,ctx_513,0.981,5,1
log_9024,2024-01-05 21:00:00,prod_037,seg_00,ctx_743,0.384,3,0
log_9025,2024-01-02 01:00:00,prod_035,seg_07,ctx_995,0.593,3,0
log_9026,2024-01-30 18:00:00,prod_018,seg_03,ctx_520,0.499,3,0
log_9027,2024-01-28 15:00:00,prod_063,seg_04,ctx_344,0.87,4,1
log_9028,2024-01-11 15:00:00,prod_011,seg_07,ctx_418,0.519,3,0
log_9029,2024-01-06 09:00:00,prod_061,seg_00,ctx_840,0.51,3,0
log_9030,2024-01-08 22:00:00,prod_044,seg_03,ctx_554,0.947,5,1
log_9031,2024-01-17 00:00:00,prod_058,seg_08,ctx_302,0.864,4,1
log_9032,2024-01-30 18:00:00,prod_077,seg_06,ctx_088,0.633,4,1
log_9033,2024-01-01 03:00:00,prod_076,seg_04,ctx_042,0.468,3,0
log_9034,2024-01-17 10:00:00,prod_097,seg_01,ctx_511,0.619,3,1
log_9035,2024-01-06 23:00:00,prod_008,seg_08,ctx_994,0.843,4,1
log_9036,2024-01-20 07:00:00,prod_063,seg_02,ctx_159,0.378,3,0
log_9037,2024-01-08 17:00:00,prod_041,seg_08,ctx_756,0.39,3,0
log_9038,2024-01-27 10:00:00,prod_056,seg_03,ctx_015,0.659,4,1
log_9039,2024-01-06 14:00:00,prod_044,seg_09,ctx_019,0.706,4,1
log_9040,2024-01-25 11:00:00,prod_099,seg_07,ctx_007,0.382,3,0
log_9041,2024-01-21 02:00:00,prod_024,seg_04,ctx_572,0.512,3,0
log_9042,2024-01-29 16:00:00,prod_003,seg_07,ctx_022,0.74,4,1
log_9043,2024-01-26 00:00:00,prod_072,seg_08,ctx_602,0.454,3,0
log_9044,2024-01-10 10:00:00,prod_036,seg_03,ctx_164,0.749,4,1
log_9045,2024-01-10 11:00:00,prod_094,seg_02,ctx_482,0.985,5,1
log_9046,2024-01-12 00:00:00,prod_065,seg_08,ctx_495,0.494,3,0
log_9047,2024-01-12 14:00:00,prod_013,seg_01,ctx_172,0.755,4,1
log_9048,2024-01-12 20:00:00,prod_081,seg_09,ctx_734,0.429,3,0
log_9049,2024-01-16 20:00:00,prod_097,seg_02,ctx_157,0.768,4,1
log_9050,2024-01-09 08:00:00,prod_094,seg_05,ctx_189,0.37,2,0
log_9051,2024-01-04 10:00:00,prod_019,seg_09,ctx_519,0.834,4,1
log_9052,2024-01-26 19:00:00,prod_041,seg_09,ctx_786,0.557,3,0
log_9053,2024-01-21 03:00:00,prod_036,seg_07,ctx_506,0.392,3,0
log_9054,2024-01-07 01:00:00,prod_085,seg_02,ctx_790,0.858,4,1
log_9055,2024-01-11 00:00:00,prod_095,seg_07,ctx_134,0.491,3,0
log_9056,2024-01-08 17:00:00,prod_030,seg_05,ctx_522,0.668,4,1
log_9057,2024-01-09 00:00:00,prod_037,seg_06,ctx_172,0.351,2,0
log_9058,2024-01-02 12:00:00,prod_006,seg_06,ctx_508,0.381,3,0
log_9059,2024-01-24 15:00:00,prod_076,seg_03,ctx_158,0.413,3,0
log_9060,2024-01-26 07:00:00,prod_034,seg_03,ctx_189,0.716,4,1
log_9061,2024-01-14 15:00:00,prod_079,seg_08,ctx_825,0.402,3,0
log_9062,2024-01-08 00:00:00,prod_079,seg_02,ctx_972,0.584,3,0
log_9063,2024-01-08 18:00:00,prod_000,seg_07,ctx_422,0.858,4,1
log_9064,2024-01-03 10:00:00,prod_074,seg_03,ctx_539,0.939,5,1
log_9065,2024-01-16 18:00:00,prod_058,seg_04,ctx_170,0.73,4,1
log_9066,2024-01-25 23:00:00,prod_014,seg_03,ctx_037,0.991,5,1
log_9067,2024-01-13 00:00:00,prod_055,seg_02,ctx_910,0.381,3,0
log_9068,2024-01-17 06:00:00,prod_060,seg_02,ctx_599,0.55,3,0
log_9069,2024-01-29 21:00:00,prod_091,seg_05,ctx_767,0.57,3,0
log_9070,2024-01-20 16:00:00,prod_005,seg_04,ctx_734,0.326,2,0
log_9071,2024-01-11 16:00:00,prod_051,seg_07,ctx_298,0.846,4,1
log_9072,2024-01-24 18:00:00,prod_072,seg_05,ctx_114,0.86,4,1
log_9073,2024-01-24 23:00:00,prod_032,seg_05,ctx_450,0.692,4,1
log_9074,2024-01-07 12:00:00,prod_068,seg_03,ctx_603,0.56,3,0
log_9075,2024-01-12 15:00:00,prod_006,seg_09,ctx_302,0.801,4,1
log_9076,2024-01-27 13:00:00,prod_087,seg_03,ctx_448,0.415,3,0
log_9077,2024-01-16 02:00:00,prod_047,seg_08,ctx_574,0.682,4,1
log_9078,2024-01-06 09:00:00,prod_026,seg_04,ctx_662,0.304,2,0
log_9079,2024-01-25 03:00:00,prod_034,seg_00,ctx_626,0.702,4,1
log_9080,2024-01-05 16:00:00,prod_044,seg_07,ctx_418,0.555,3,0
log_9081,2024-01-08 15:00:00,prod_057,seg_01,ctx_477,0.845,4,1
log_9082,2024-01-28 20:00:00,prod_015,seg_04,ctx_354,0.749,4,1
log_9083,2024-01-30 23:00:00,prod_019,seg_04,ctx_244,0.763,4,1
log_9084,2024-01-15 21:00:00,prod_016,seg_04,ctx_814,0.666,4,1
log_9085,2024-01-11 02:00:00,prod_050,seg_05,ctx_759,0.63,4,1
log_9086,2024-01-10 02:00:00,prod_036,seg_05,ctx_221,0.8,4,1
log_9087,2024-01-07 05:00:00,prod_039,seg_07,ctx_737,0.364,2,0
log_9088,2024-01-08 03:00:00,prod_040,seg_02,ctx_674,0.453,3,0
log_9089,2024-01-22 16:00:00,prod_032,seg_03,ctx_823,0.755,4,1
log_9090,2024-01-16 18:00:00,prod_086,seg_08,ctx_127,0.756,4,1
log_9091,2024-01-07 18:00:00,prod_050,seg_03,ctx_218,0.63,4,1
log_9092,2024-01-03 18:00:00,prod_074,seg_04,ctx_740,0.726,4,1
log_9093,2024-01-13 15:00:00,prod_026,seg_08,ctx_535,0.897,5,1
log_9094,2024-01-05 22:00:00,prod_084,seg_09,ctx_291,0.422,3,0
log_9095,2024-01-22 11:00:00,prod_042,seg_02,ctx_047,0.687,4,1
log_9096,2024-01-10 02:00:00,prod_036,seg_02,ctx_861,0.487,3,0
log_9097,2024-01-28 15:00:00,prod_095,seg_04,ctx_203,0.686,4,1
log_9098,2024-01-23 09:00:00,prod_081,seg_08,ctx_465,0.666,4,1
log_9099,2024-01-22 18:00:00,prod_044,seg_00,ctx_641,0.959,5,1
log_9100,2024-01-26 16:00:00,prod_026,seg_06,ctx_340,0.515,3,0
log_9101,2024-01-06 15:00:00,prod_092,seg_04,ctx_812,0.407,3,0
log_9102,2024-01-12 01:00:00,prod_006,seg_01,ctx_758,0.676,4,1
log_9103,2024-01-03 18:00:00,prod_008,seg_09,ctx_910,0.875,4,1
log_9104,2024-01-01 23:00:00,prod_003,seg_05,ctx_218,0.634,4,1
log_9105,2024-01-15 12:00:00,prod_001,seg_00,ctx_936,0.598,3,0
log_9106,2024-01-25 02:00:00,prod_020,seg_06,ctx_412,0.531,3,0
log_9107,2024-01-26 23:00:00,prod_074,seg_01,ctx_443,0.494,3,0
log_9108,2024-01-15 19:00:00,prod_000,seg_04,ctx_594,0.5,3,0
log_9109,2024-01-16 17:00:00,prod_043,seg_08,ctx_162,0.563,3,0
log_9110,2024-01-12 04:00:00,prod_038,seg_01,ctx_008,0.354,2,0
log_9111,2024-01-23 11:00:00,prod_010,seg_06,ctx_554,0.393,3,0
log_9112,2024-01-22 06:00:00,prod_012,seg_03,ctx_218,0.655,4,1
log_9113,2024-01-15 13:00:00,prod_016,seg_01,ctx_873,0.796,4,1
log_9114,2024-01-18 17:00:00,prod_005,seg_00,ctx_285,0.649,4,1
log_9115,2024-01-14 10:00:00,prod_052,seg_08,ctx_219,0.553,3,0
log_9116,2024-01-02 16:00:00,prod_067,seg_07,ctx_786,0.464,3,0
log_9117,2024-01-25 03:00:00,prod_077,seg_06,ctx_004,0.392,3,0
log_9118,2024-01-18 17:00:00,prod_049,seg_05,ctx_641,0.685,4,1
log_9119,2024-01-30 11:00:00,prod_058,seg_03,ctx_785,0.545,3,0
log_9120,2024-01-06 12:00:00,prod_021,seg_08,ctx_280,0.68,4,1
log_9121,2024-01-03 02:00:00,prod_035,seg_06,ctx_937,0.604,3,1
log_9122,2024-01-09 01:00:00,prod_043,seg_05,ctx_759,0.795,4,1
log_9123,2024-01-12 11:00:00,prod_068,seg_03,ctx_072,0.457,3,0
log_9124,2024-01-21 02:00:00,prod_063,seg_05,ctx_664,0.725,4,1
log_9125,2024-01-28 02:00:00,prod_012,seg_04,ctx_517,0.64,4,1
log_9126,2024-01-16 23:00:00,prod_062,seg_04,ctx_193,0.658,4,1
log_9127,2024-01-15 20:00:00,prod_072,seg_09,ctx_804,0.517,3,0
log_9128,2024-01-27 08:00:00,prod_047,seg_05,ctx_834,0.605,3,1
log_9129,2024-01-11 22:00:00,prod_087,seg_03,ctx_210,0.836,4,1
log_9130,2024-01-30 17:00:00,prod_017,seg_07,ctx_577,0.464,3,0
log_9131,2024-01-27 02:00:00,prod_015,seg_03,ctx_357,0.414,3,0
log_9132,2024-01-25 00:00:00,prod_057,seg_06,ctx_496,0.824,4,1
log_9133,2024-01-05 14:00:00,prod_065,seg_00,ctx_489,0.425,3,0
log_9134,2024-01-10 08:00:00,prod_010,seg_02,ctx_398,0.711,4,1
log_9135,2024-01-28 02:00:00,prod_084,seg_06,ctx_438,0.605,3,1
log_9136,2024-01-05 21:00:00,prod_096,seg_04,ctx_908,0.448,3,0
log_9137,2024-01-25 12:00:00,prod_058,seg_03,ctx_322,0.452,3,0
log_9138,2024-01-07 10:00:00,prod_047,seg_04,ctx_737,0.872,4,1
log_9139,2024-01-01 21:00:00,prod_063,seg_01,ctx_138,0.459,3,0
log_9140,2024-01-10 04:00:00,prod_074,seg_02,ctx_626,0.613,3,1
log_9141,2024-01-23 07:00:00,prod_089,seg_00,ctx_297,0.833,4,1
log_9142,2024-01-01 18:00:00,prod_032,seg_01,ctx_803,0.75,4,1
log_9143,2024-01-19 16:00:00,prod_078,seg_01,ctx_546,0.387,3,0
log_9144,2024-01-18 05:00:00,prod_062,seg_06,ctx_727,0.429,3,0
log_9145,2024-01-22 10:00:00,prod_047,seg_03,ctx_810,0.449,3,0
log_9146,2024-01-08 04:00:00,prod_017,seg_05,ctx_496,0.358,2,0
log_9147,2024-01-08 09:00:00,prod_099,seg_02,ctx_345,0.996,5,1
log_9148,2024-01-08 01:00:00,prod_029,seg_09,ctx_446,0.505,3,0
log_9149,2024-01-26 05:00:00,prod_060,seg_06,ctx_584,0.488,3,0
log_9150,2024-01-01 04:00:00,prod_046,seg_01,ctx_087,0.786,4,1
log_9151,2024-01-03 13:00:00,prod_033,seg_03,ctx_928,0.438,3,0
log_9152,2024-01-02 08:00:00,prod_002,seg_04,ctx_369,0.665,4,1
log_9153,2024-01-25 08:00:00,prod_016,seg_03,ctx_596,0.356,2,0
log_9154,2024-01-16 20:00:00,prod_008,seg_00,ctx_651,0.817,4,1
log_9155,2024-01-07 00:00:00,prod_000,seg_07,ctx_297,0.534,3,0
log_9156,2024-01-27 13:00:00,prod_012,seg_08,ctx_093,0.935,5,1
log_9157,2024-01-19 13:00:00,prod_024,seg_05,ctx_219,0.806,4,1
log_9158,2024-01-10 08:00:00,prod_052,seg_01,ctx_536,0.878,5,1
log_9159,2024-01-16 09:00:00,prod_095,seg_07,ctx_259,0.469,3,0
log_9160,2024-01-22 23:00:00,prod_008,seg_08,ctx_504,0.579,3,0
log_9161,2024-01-23 21:00:00,prod_046,seg_01,ctx_165,0.599,3,0
log_9162,2024-01-22 23:00:00,prod_028,seg_09,ctx_822,0.325,2,0
log_9163,2024-01-01 16:00:00,prod_053,seg_07,ctx_818,0.698,4,1
log_9164,2024-01-20 21:00:00,prod_089,seg_08,ctx_482,0.322,2,0
log_9165,2024-01-13 22:00:00,prod_059,seg_05,ctx_893,0.346,2,0
log_9166,2024-01-02 23:00:00,prod_045,seg_02,ctx_024,0.392,3,0
log_9167,2024-01-30 06:00:00,prod_089,seg_06,ctx_162,0.635,4,1
log_9168,2024-01-07 12:00:00,prod_015,seg_04,ctx_148,0.625,3,1
log_9169,2024-01-17 14:00:00,prod_095,seg_06,ctx_437,0.528,3,0
log_9170,2024-01-23 12:00:00,prod_018,seg_07,ctx_191,0.324,2,0
log_9171,2024-01-30 14:00:00,prod_080,seg_06,ctx_928,0.873,4,1
log_9172,2024-01-21 03:00:00,prod_067,seg_03,ctx_728,0.457,3,0
log_9173,2024-01-15 10:00:00,prod_027,seg_01,ctx_007,0.505,3,0
log_9174,2024-01-18 15:00:00,prod_004,seg_01,ctx_740,0.599,3,0
log_9175,2024-01-17 06:00:00,prod_032,seg_00,ctx_360,0.651,4,1
log_9176,2024-01-07 05:00:00,prod_063,seg_09,ctx_836,0.459,3,0
log_9177,2024-01-12 01:00:00,prod_096,seg_07,ctx_397,0.459,3,0
log_9178,2024-01-27 21:00:00,prod_033,seg_09,ctx_426,0.517,3,0
log_9179,2024-01-15 08:00:00,prod_065,seg_01,ctx_250,0.88,5,1
log_9180,2024-01-07 09:00:00,prod_003,seg_06,ctx_882,0.708,4,1
log_9181,2024-01-18 00:00:00,prod_008,seg_02,ctx_324,0.676,4,1
log_9182,2024-01-12 10:00:00,prod_035,seg_04,ctx_793,0.541,3,0
log_9183,2024-01-23 07:00:00,prod_058,seg_02,ctx_227,0.81,4,1
log_9184,2024-01-24 14:00:00,prod_061,seg_03,ctx_003,0.733,4,1
log_9185,2024-01-14 11:00:00,prod_036,seg_02,ctx_397,0.526,3,0
log_9186,2024-01-18 17:00:00,prod_027,seg_00,ctx_574,0.518,3,0
log_9187,2024-01-26 06:00:00,prod_095,seg_00,ctx_641,0.784,4,1
log_9188,2024-01-13 17:00:00,prod_082,seg_00,ctx_245,0.646,4,1
log_9189,2024-01-20 09:00:00,prod_076,seg_05,ctx_041,0.738,4,1
log_9190,2024-01-14 03:00:00,prod_032,seg_05,ctx_912,0.791,4,1
log_9191,2024-01-20 20:00:00,prod_018,seg_00,ctx_710,0.799,4,1
log_9192,2024-01-13 11:00:00,prod_081,seg_00,ctx_888,0.371,2,0
log_9193,2024-01-12 05:00:00,prod_094,seg_07,ctx_878,0.716,4,1
log_9194,2024-01-10 10:00:00,prod_081,seg_04,ctx_377,0.388,3,0
log_9195,2024-01-13 09:00:00,prod_064,seg_07,ctx_387,0.556,3,0
log_9196,2024-01-19 22:00:00,prod_063,seg_09,ctx_629,0.606,3,1
log_9197,2024-01-19 20:00:00,prod_002,seg_02,ctx_197,0.553,3,0
log_9198,2024-01-12 23:00:00,prod_019,seg_06,ctx_050,0.805,4,1
log_9199,2024-01-05 23:00:00,prod_071,seg_00,ctx_201,0.846,4,1
log_9200,2024-01-11 18:00:00,prod_059,seg_07,ctx_502,0.519,3,0
log_9201,2024-01-08 08:00:00,prod_080,seg_04,ctx_664,0.494,3,0
log_9202,2024-01-08 07:00:00,prod_033,seg_00,ctx_095,0.438,3,0
log_9203,2024-01-30 20:00:00,prod_032,seg_03,ctx_669,0.606,3,1
log_9204,2024-01-26 13:00:00,prod_055,seg_01,ctx_926,0.796,4,1
log_9205,2024-01-10 05:00:00,prod_057,seg_05,ctx_660,0.89,5,1
log_9206,2024-01-11 18:00:00,prod_078,seg_01,ctx_211,0.707,4,1
log_9207,2024-01-18 10:00:00,prod_046,seg_01,ctx_400,0.331,2,0
log_9208,2024-01-21 12:00:00,prod_018,seg_05,ctx_579,0.591,3,0
log_9209,2024-01-24 21:00:00,prod_046,seg_00,ctx_621,0.6,3,0
log_9210,2024-01-08 08:00:00,prod_095,seg_02,ctx_654,0.901,5,1
log_9211,2024-01-20 02:00:00,prod_084,seg_04,ctx_309,0.523,3,0
log_9212,2024-01-21 04:00:00,prod_099,seg_01,ctx_813,0.601,3,1
log_9213,2024-01-28 23:00:00,prod_062,seg_01,ctx_091,0.305,2,0
log_9214,2024-01-12 15:00:00,prod_050,seg_05,ctx_998,0.523,3,0
log_9215,2024-01-09 05:00:00,prod_036,seg_08,ctx_475,0.649,4,1
log_9216,2024-01-10 11:00:00,prod_023,seg_09,ctx_420,0.741,4,1
log_9217,2024-01-09 16:00:00,prod_011,seg_04,ctx_449,0.614,3,1
log_9218,2024-01-16 20:00:00,prod_011,seg_06,ctx_253,0.7,4,1
log_9219,2024-01-15 20:00:00,prod_016,seg_00,ctx_995,0.302,2,0
log_9220,2024-01-24 11:00:00,prod_062,seg_00,ctx_330,0.947,5,1
log_9221,2024-01-17 23:00:00,prod_036,seg_06,ctx_055,0.899,5,1
log_9222,2024-01-01 12:00:00,prod_085,seg_04,ctx_509,0.739,4,1
log_9223,2024-01-19 02:00:00,prod_064,seg_02,ctx_761,0.59,3,0
log_9224,2024-01-26 14:00:00,prod_004,seg_06,ctx_962,0.66,4,1
log_9225,2024-01-20 10:00:00,prod_014,seg_02,ctx_955,0.686,4,1
log_9226,2024-01-03 06:00:00,prod_087,seg_01,ctx_824,0.353,2,0
log_9227,2024-01-19 15:00:00,prod_081,seg_09,ctx_568,0.532,3,0
log_9228,2024-01-25 16:00:00,prod_097,seg_03,ctx_171,0.416,3,0
log_9229,2024-01-17 14:00:00,prod_048,seg_01,ctx_891,0.75,4,1
log_9230,2024-01-22 11:00:00,prod_098,seg_06,ctx_630,0.896,5,1
log_9231,2024-01-04 08:00:00,prod_032,seg_06,ctx_926,0.829,4,1
log_9232,2024-01-22 16:00:00,prod_056,seg_05,ctx_236,0.894,5,1
log_9233,2024-01-17 23:00:00,prod_051,seg_03,ctx_332,0.716,4,1
log_9234,2024-01-12 08:00:00,prod_060,seg_08,ctx_432,0.556,3,0
log_9235,2024-01-18 22:00:00,prod_078,seg_02,ctx_637,0.965,5,1
log_9236,2024-01-06 22:00:00,prod_079,seg_02,ctx_544,0.593,3,0
log_9237,2024-01-26 09:00:00,prod_064,seg_05,ctx_871,0.444,3,0
log_9238,2024-01-17 23:00:00,prod_017,seg_09,ctx_094,0.665,4,1
log_9239,2024-01-14 01:00:00,prod_053,seg_04,ctx_515,0.529,3,0
log_9240,2024-01-01 20:00:00,prod_093,seg_03,ctx_665,0.653,4,1
log_9241,2024-01-13 08:00:00,prod_044,seg_03,ctx_960,0.791,4,1
log_9242,2024-01-18 07:00:00,prod_060,seg_08,ctx_667,0.313,2,0
log_9243,2024-01-18 09:00:00,prod_061,seg_09,ctx_854,0.879,5,1
log_9244,2024-01-14 22:00:00,prod_017,seg_05,ctx_396,0.848,4,1
log_9245,2024-01-16 06:00:00,prod_083,seg_07,ctx_162,0.341,2,0
log_9246,2024-01-16 20:00:00,prod_043,seg_00,ctx_899,0.854,4,1
log_9247,2024-01-15 02:00:00,prod_000,seg_03,ctx_653,0.83,4,1
log_9248,2024-01-27 13:00:00,prod_032,seg_06,ctx_814,0.489,3,0
log_9249,2024-01-19 02:00:00,prod_035,seg_01,ctx_372,0.476,3,0
log_9250,2024-01-10 02:00:00,prod_029,seg_04,ctx_338,0.764,4,1
log_9251,2024-01-13 15:00:00,prod_030,seg_01,ctx_395,0.79,4,1
log_9252,2024-01-10 04:00:00,prod_086,seg_09,ctx_146,0.494,3,0
log_9253,2024-01-18 02:00:00,prod_075,seg_04,ctx_339,0.607,3,1
log_9254,2024-01-11 11:00:00,prod_055,seg_07,ctx_897,0.885,5,1
log_9255,2024-01-13 15:00:00,prod_043,seg_01,ctx_820,0.803,4,1
log_9256,2024-01-06 16:00:00,prod_011,seg_04,ctx_722,0.739,4,1
log_9257,2024-01-26 14:00:00,prod_042,seg_00,ctx_493,0.483,3,0
log_9258,2024-01-01 07:00:00,prod_080,seg_04,ctx_570,0.495,3,0
log_9259,2024-01-11 11:00:00,prod_081,seg_01,ctx_337,0.315,2,0
log_9260,2024-01-23 19:00:00,prod_098,seg_03,ctx_261,0.669,4,1
log_9261,2024-01-09 00:00:00,prod_040,seg_02,ctx_814,0.343,2,0
log_9262,2024-01-21 07:00:00,prod_021,seg_08,ctx_844,0.393,3,0
log_9263,2024-01-05 09:00:00,prod_042,seg_05,ctx_851,0.531,3,0
log_9264,2024-01-02 00:00:00,prod_078,seg_05,ctx_105,0.794,4,1
log_9265,2024-01-24 16:00:00,prod_054,seg_06,ctx_096,0.527,3,0
log_9266,2024-01-27 00:00:00,prod_049,seg_02,ctx_591,0.765,4,1
log_9267,2024-01-02 04:00:00,prod_094,seg_03,ctx_134,0.595,3,0
log_9268,2024-01-15 08:00:00,prod_057,seg_01,ctx_126,0.417,3,0
log_9269,2024-01-06 16:00:00,prod_081,seg_06,ctx_911,0.473,3,0
log_9270,2024-01-15 07:00:00,prod_015,seg_08,ctx_454,0.743,4,1
log_9271,2024-01-10 13:00:00,prod_077,seg_03,ctx_093,0.485,3,0
log_9272,2024-01-17 19:00:00,prod_018,seg_09,ctx_183,0.771,4,1
log_9273,2024-01-20 15:00:00,prod_052,seg_08,ctx_227,0.652,4,1
log_9274,2024-01-06 18:00:00,prod_095,seg_05,ctx_977,0.723,4,1
log_9275,2024-01-17 22:00:00,prod_095,seg_03,ctx_747,0.923,5,1
log_9276,2024-01-03 23:00:00,prod_080,seg_00,ctx_780,0.913,5,1
log_9277,2024-01-03 17:00:00,prod_086,seg_09,ctx_160,0.794,4,1
log_9278,2024-01-22 03:00:00,prod_058,seg_04,ctx_659,0.409,3,0
log_9279,2024-01-03 20:00:00,prod_047,seg_01,ctx_040,0.608,3,1
log_9280,2024-01-12 21:00:00,prod_008,seg_03,ctx_267,0.698,4,1
log_9281,2024-01-20 01:00:00,prod_089,seg_06,ctx_139,0.831,4,1
log_9282,2024-01-21 14:00:00,prod_015,seg_00,ctx_694,0.775,4,1
log_9283,2024-01-05 13:00:00,prod_064,seg_00,ctx_343,0.418,3,0
log_9284,2024-01-17 07:00:00,prod_065,seg_02,ctx_126,0.645,4,1
log_9285,2024-01-10 20:00:00,prod_063,seg_08,ctx_554,0.893,5,1
log_9286,2024-01-07 20:00:00,prod_007,seg_04,ctx_505,0.533,3,0
log_9287,2024-01-11 00:00:00,prod_067,seg_00,ctx_564,0.848,4,1
log_9288,2024-01-14 13:00:00,prod_027,seg_02,ctx_347,0.771,4,1
log_9289,2024-01-24 06:00:00,prod_071,seg_02,ctx_864,0.755,4,1
log_9290,2024-01-19 03:00:00,prod_024,seg_00,ctx_005,0.308,2,0
log_9291,2024-01-07 07:00:00,prod_019,seg_03,ctx_634,0.999,5,1
log_9292,2024-01-30 05:00:00,prod_095,seg_01,ctx_744,0.765,4,1
log_9293,2024-01-26 18:00:00,prod_059,seg_05,ctx_046,0.568,3,0
log_9294,2024-01-17 23:00:00,prod_092,seg_06,ctx_739,0.872,4,1
log_9295,2024-01-14 22:00:00,prod_088,seg_08,ctx_599,0.548,3,0
log_9296,2024-01-09 08:00:00,prod_077,seg_00,ctx_378,0.379,3,0
log_9297,2024-01-23 17:00:00,prod_065,seg_00,ctx_886,0.34,2,0
log_9298,2024-01-11 05:00:00,prod_014,seg_03,ctx_314,0.494,3,0
log_9299,2024-01-02 00:00:00,prod_034,seg_00,ctx_891,0.767,4,1
log_9300,2024-01-27 13:00:00,prod_075,seg_05,ctx_464,0.574,3,0
log_9301,2024-01-05 19:00:00,prod_005,seg_08,ctx_834,0.827,4,1
log_9302,2024-01-11 07:00:00,prod_096,seg_01,ctx_019,0.837,4,1
log_9303,2024-01-21 23:00:00,prod_098,seg_05,ctx_980,0.555,3,0
log_9304,2024-01-09 08:00:00,prod_006,seg_05,ctx_897,0.551,3,0
log_9305,2024-01-08 10:00:00,prod_016,seg_02,ctx_066,0.648,4,1
log_9306,2024-01-01 20:00:00,prod_042,seg_04,ctx_657,0.9,5,1
log_9307,2024-01-26 10:00:00,prod_096,seg_08,ctx_211,0.687,4,1
log_9308,2024-01-25 17:00:00,prod_030,seg_08,ctx_372,0.886,5,1
log_9309,2024-01-26 12:00:00,prod_003,seg_00,ctx_713,0.686,4,1
log_9310,2024-01-27 23:00:00,prod_097,seg_05,ctx_906,0.682,4,1
log_9311,2024-01-14 03:00:00,prod_085,seg_03,ctx_243,0.546,3,0
log_9312,2024-01-20 15:00:00,prod_050,seg_07,ctx_939,0.409,3,0
log_9313,2024-01-14 01:00:00,prod_029,seg_04,ctx_238,0.401,3,0
log_9314,2024-01-29 20:00:00,prod_083,seg_06,ctx_486,0.514,3,0
log_9315,2024-01-30 05:00:00,prod_085,seg_05,ctx_906,0.805,4,1
log_9316,2024-01-25 12:00:00,prod_097,seg_04,ctx_037,0.753,4,1
log_9317,2024-01-28 21:00:00,prod_059,seg_02,ctx_369,0.454,3,0
log_9318,2024-01-18 04:00:00,prod_074,seg_04,ctx_424,0.7,4,1
log_9319,2024-01-12 10:00:00,prod_056,seg_00,ctx_213,0.843,4,1
log_9320,2024-01-08 15:00:00,prod_008,seg_02,ctx_341,0.553,3,0
log_9321,2024-01-03 10:00:00,prod_098,seg_08,ctx_193,0.706,4,1
log_9322,2024-01-08 18:00:00,prod_087,seg_09,ctx_376,0.819,4,1
log_9323,2024-01-25 11:00:00,prod_019,seg_05,ctx_685,0.847,4,1
log_9324,2024-01-26 23:00:00,prod_052,seg_08,ctx_107,0.414,3,0
log_9325,2024-01-26 11:00:00,prod_004,seg_00,ctx_987,0.664,4,1
log_9326,2024-01-19 08:00:00,prod_057,seg_04,ctx_350,0.96,5,1
log_9327,2024-01-13 05:00:00,prod_084,seg_09,ctx_356,0.887,5,1
log_9328,2024-01-05 18:00:00,prod_013,seg_05,ctx_289,0.301,2,0
log_9329,2024-01-06 02:00:00,prod_013,seg_09,ctx_273,0.427,3,0
log_9330,2024-01-02 02:00:00,prod_087,seg_07,ctx_319,0.586,3,0
log_9331,2024-01-07 22:00:00,prod_055,seg_08,ctx_898,0.426,3,0
log_9332,2024-01-19 18:00:00,prod_077,seg_00,ctx_920,0.594,3,0
log_9333,2024-01-23 23:00:00,prod_009,seg_02,ctx_973,0.67,4,1
log_9334,2024-01-29 08:00:00,prod_014,seg_08,ctx_553,0.446,3,0
log_9335,2024-01-22 21:00:00,prod_081,seg_01,ctx_009,0.811,4,1
log_9336,2024-01-19 13:00:00,prod_056,seg_06,ctx_395,0.495,3,0
log_9337,2024-01-22 23:00:00,prod_091,seg_05,ctx_315,0.756,4,1
log_9338,2024-01-07 04:00:00,prod_034,seg_06,ctx_280,0.649,4,1
log_9339,2024-01-22 18:00:00,prod_034,seg_01,ctx_336,0.385,3,0
log_9340,2024-01-30 03:00:00,prod_009,seg_06,ctx_739,0.72,4,1
log_9341,2024-01-13 09:00:00,prod_053,seg_05,ctx_421,0.385,3,0
log_9342,2024-01-09 17:00:00,prod_060,seg_00,ctx_813,0.557,3,0
log_9343,2024-01-27 20:00:00,prod_027,seg_05,ctx_096,0.521,3,0
log_9344,2024-01-15 02:00:00,prod_033,seg_00,ctx_669,0.781,4,1
log_9345,2024-01-11 22:00:00,prod_057,seg_04,ctx_010,0.494,3,0
log_9346,2024-01-15 10:00:00,prod_058,seg_07,ctx_216,0.349,2,0
log_9347,2024-01-14 01:00:00,prod_079,seg_01,ctx_537,0.51,3,0
log_9348,2024-01-15 02:00:00,prod_041,seg_02,ctx_032,0.45,3,0
log_9349,2024-01-14 16:00:00,prod_007,seg_06,ctx_181,0.766,4,1
log_9350,2024-01-14 14:00:00,prod_092,seg_07,ctx_362,0.893,5,1
log_9351,2024-01-11 17:00:00,prod_045,seg_00,ctx_513,0.418,3,0
log_9352,2024-01-28 16:00:00,prod_065,seg_04,ctx_863,0.665,4,1
log_9353,2024-01-16 02:00:00,prod_014,seg_00,ctx_993,0.547,3,0
log_9354,2024-01-13 01:00:00,prod_019,seg_02,ctx_609,0.962,5,1
log_9355,2024-01-10 08:00:00,prod_057,seg_01,ctx_651,0.64,4,1
log_9356,2024-01-27 22:00:00,prod_078,seg_07,ctx_508,0.473,3,0
log_9357,2024-01-29 15:00:00,prod_046,seg_06,ctx_700,0.756,4,1
log_9358,2024-01-23 09:00:00,prod_051,seg_05,ctx_014,0.467,3,0
log_9359,2024-01-27 17:00:00,prod_019,seg_00,ctx_396,0.762,4,1
log_9360,2024-01-24 19:00:00,prod_044,seg_00,ctx_600,0.763,4,1
log_9361,2024-01-30 09:00:00,prod_064,seg_05,ctx_733,0.335,2,0
log_9362,2024-01-02 22:00:00,prod_024,seg_01,ctx_623,0.873,4,1
log_9363,2024-01-26 21:00:00,prod_082,seg_04,ctx_049,0.374,2,0
log_9364,2024-01-15 12:00:00,prod_077,seg_04,ctx_156,0.556,3,0
log_9365,2024-01-07 06:00:00,prod_000,seg_07,ctx_410,0.551,3,0
log_9366,2024-01-03 15:00:00,prod_045,seg_05,ctx_450,0.647,4,1
log_9367,2024-01-11 16:00:00,prod_057,seg_07,ctx_841,0.61,3,1
log_9368,2024-01-17 01:00:00,prod_053,seg_01,ctx_624,0.446,3,0
log_9369,2024-01-02 09:00:00,prod_050,seg_05,ctx_693,0.746,4,1
log_9370,2024-01-06 21:00:00,prod_072,seg_03,ctx_280,0.302,2,0
log_9371,2024-01-07 08:00:00,prod_023,seg_06,ctx_475,0.372,2,0
log_9372,2024-01-20 20:00:00,prod_037,seg_00,ctx_488,0.8,4,1
log_9373,2024-01-06 14:00:00,prod_041,seg_09,ctx_849,0.304,2,0
log_9374,2024-01-08 11:00:00,prod_008,seg_07,ctx_047,0.802,4,1
log_9375,2024-01-07 14:00:00,prod_071,seg_05,ctx_307,0.535,3,0
log_9376,2024-01-18 23:00:00,prod_059,seg_09,ctx_989,0.78,4,1
log_9377,2024-01-26 00:00:00,prod_001,seg_09,ctx_068,0.826,4,1
log_9378,2024-01-14 12:00:00,prod_019,seg_09,ctx_707,0.545,3,0
log_9379,2024-01-03 10:00:00,prod_052,seg_01,ctx_355,0.483,3,0
log_9380,2024-01-24 08:00:00,prod_098,seg_02,ctx_493,0.689,4,1
log_9381,2024-01-07 01:00:00,prod_045,seg_07,ctx_796,0.357,2,0
log_9382,2024-01-17 23:00:00,prod_063,seg_07,ctx_039,0.824,4,1
log_9383,2024-01-22 13:00:00,prod_075,seg_04,ctx_377,0.536,3,0
log_9384,2024-01-29 00:00:00,prod_080,seg_03,ctx_865,0.422,3,0
log_9385,2024-01-03 19:00:00,prod_056,seg_09,ctx_827,0.813,4,1
log_9386,2024-01-02 14:00:00,prod_065,seg_02,ctx_139,0.712,4,1
log_9387,2024-01-08 05:00:00,prod_002,seg_07,ctx_981,0.767,4,1
log_9388,2024-01-09 08:00:00,prod_041,seg_04,ctx_149,0.804,4,1
log_9389,2024-01-20 21:00:00,prod_008,seg_00,ctx_092,0.331,2,0
log_9390,2024-01-25 21:00:00,prod_032,seg_03,ctx_675,0.721,4,1
log_9391,2024-01-21 12:00:00,prod_007,seg_06,ctx_280,0.402,3,0
log_9392,2024-01-28 10:00:00,prod_046,seg_08,ctx_760,0.615,3,1
log_9393,2024-01-01 05:00:00,prod_088,seg_01,ctx_707,0.563,3,0
log_9394,2024-01-30 01:00:00,prod_030,seg_05,ctx_779,0.649,4,1
log_9395,2024-01-02 03:00:00,prod_070,seg_04,ctx_775,0.447,3,0
log_9396,2024-01-08 14:00:00,prod_059,seg_07,ctx_561,0.707,4,1
log_9397,2024-01-08 11:00:00,prod_042,seg_08,ctx_571,0.615,3,1
log_9398,2024-01-13 04:00:00,prod_089,seg_07,ctx_485,0.31,2,0
log_9399,2024-01-06 02:00:00,prod_002,seg_08,ctx_884,0.645,4,1
log_9400,2024-01-10 21:00:00,prod_099,seg_00,ctx_379,0.723,4,1
log_9401,2024-01-13 22:00:00,prod_024,seg_07,ctx_214,0.814,4,1
log_9402,2024-01-27 13:00:00,prod_034,seg_07,ctx_256,0.591,3,0
log_9403,2024-01-05 12:00:00,prod_048,seg_02,ctx_844,0.554,3,0
log_9404,2024-01-30 00:00:00,prod_079,seg_09,ctx_669,0.496,3,0
log_9405,2024-01-18 16:00:00,prod_065,seg_08,ctx_219,0.801,4,1
log_9406,2024-01-21 14:00:00,prod_055,seg_06,ctx_381,0.498,3,0
log_9407,2024-01-07 17:00:00,prod_056,seg_02,ctx_825,0.685,4,1
log_9408,2024-01-03 23:00:00,prod_032,seg_00,ctx_216,0.76,4,1
log_9409,2024-01-04 07:00:00,prod_056,seg_08,ctx_596,0.534,3,0
log_9410,2024-01-20 08:00:00,prod_020,seg_01,ctx_386,0.646,4,1
log_9411,2024-01-02 12:00:00,prod_074,seg_02,ctx_176,0.981,5,1
log_9412,2024-01-13 12:00:00,prod_086,seg_05,ctx_390,0.767,4,1
log_9413,2024-01-18 00:00:00,prod_008,seg_01,ctx_560,0.638,4,1
log_9414,2024-01-30 00:00:00,prod_048,seg_06,ctx_169,0.695,4,1
log_9415,2024-01-10 10:00:00,prod_065,seg_08,ctx_374,0.74,4,1
log_9416,2024-01-27 21:00:00,prod_043,seg_07,ctx_815,0.314,2,0
log_9417,2024-01-21 02:00:00,prod_080,seg_08,ctx_325,0.302,2,0
log_9418,2024-01-08 22:00:00,prod_075,seg_03,ctx_647,0.82,4,1
log_9419,2024-01-18 06:00:00,prod_043,seg_04,ctx_455,0.463,3,0
log_9420,2024-01-04 10:00:00,prod_039,seg_08,ctx_694,0.869,4,1
log_9421,2024-01-08 03:00:00,prod_009,seg_04,ctx_180,0.716,4,1
log_9422,2024-01-30 01:00:00,prod_014,seg_00,ctx_138,0.845,4,1
log_9423,2024-01-22 04:00:00,prod_061,seg_05,ctx_697,0.384,3,0
log_9424,2024-01-29 11:00:00,prod_001,seg_02,ctx_899,0.5,3,0
log_9425,2024-01-22 18:00:00,prod_029,seg_03,ctx_405,0.763,4,1
log_9426,2024-01-05 08:00:00,prod_081,seg_09,ctx_146,0.757,4,1
log_9427,2024-01-11 03:00:00,prod_013,seg_05,ctx_716,0.882,5,1
log_9428,2024-01-01 10:00:00,prod_019,seg_08,ctx_817,0.359,2,0
log_9429,2024-01-21 14:00:00,prod_035,seg_09,ctx_865,0.629,4,1
log_9430,2024-01-01 17:00:00,prod_005,seg_06,ctx_252,0.514,3,0
log_9431,2024-01-01 02:00:00,prod_077,seg_03,ctx_405,0.736,4,1
log_9432,2024-01-15 20:00:00,prod_026,seg_08,ctx_769,0.925,5,1
log_9433,2024-01-10 03:00:00,prod_086,seg_08,ctx_934,0.668,4,1
log_9434,2024-01-25 08:00:00,prod_014,seg_02,ctx_357,0.413,3,0
log_9435,2024-01-23 23:00:00,prod_017,seg_02,ctx_184,0.858,4,1
log_9436,2024-01-09 23:00:00,prod_019,seg_04,ctx_645,0.706,4,1
log_9437,2024-01-23 15:00:00,prod_019,seg_08,ctx_518,0.878,5,1
log_9438,2024-01-01 23:00:00,prod_087,seg_08,ctx_942,0.452,3,0
log_9439,2024-01-20 15:00:00,prod_007,seg_04,ctx_288,0.707,4,1
log_9440,2024-01-11 13:00:00,prod_037,seg_05,ctx_400,0.423,3,0
log_9441,2024-01-05 18:00:00,prod_060,seg_09,ctx_478,0.748,4,1
log_9442,2024-01-12 14:00:00,prod_010,seg_06,ctx_627,0.526,3,0
log_9443,2024-01-14 09:00:00,prod_029,seg_01,ctx_294,0.317,2,0
log_9444,2024-01-21 21:00:00,prod_069,seg_06,ctx_171,0.641,4,1
log_9445,2024-01-01 13:00:00,prod_001,seg_06,ctx_252,0.373,2,0
log_9446,2024-01-15 12:00:00,prod_068,seg_00,ctx_516,0.398,3,0
log_9447,2024-01-25 13:00:00,prod_020,seg_00,ctx_896,0.863,4,1
log_9448,2024-01-28 08:00:00,prod_077,seg_08,ctx_449,0.44,3,0
log_9449,2024-01-25 01:00:00,prod_001,seg_09,ctx_605,0.656,4,1
log_9450,2024-01-22 23:00:00,prod_073,seg_07,ctx_736,0.567,3,0
log_9451,2024-01-18 14:00:00,prod_091,seg_09,ctx_062,0.612,3,1
log_9452,2024-01-20 10:00:00,prod_008,seg_05,ctx_874,0.777,4,1
log_9453,2024-01-18 19:00:00,prod_063,seg_03,ctx_532,0.789,4,1
log_9454,2024-01-30 10:00:00,prod_019,seg_08,ctx_173,0.353,2,0
log_9455,2024-01-03 18:00:00,prod_005,seg_09,ctx_803,0.773,4,1
log_9456,2024-01-02 20:00:00,prod_081,seg_06,ctx_598,0.301,2,0
log_9457,2024-01-22 22:00:00,prod_032,seg_08,ctx_743,0.84,4,1
log_9458,2024-01-09 15:00:00,prod_041,seg_05,ctx_585,0.528,3,0
log_9459,2024-01-18 17:00:00,prod_097,seg_02,ctx_461,0.345,2,0
log_9460,2024-01-23 13:00:00,prod_028,seg_03,ctx_740,0.781,4,1
log_9461,2024-01-17 01:00:00,prod_020,seg_05,ctx_432,0.749,4,1
log_9462,2024-01-24 23:00:00,prod_064,seg_00,ctx_822,0.444,3,0
log_9463,2024-01-05 19:00:00,prod_005,seg_04,ctx_235,0.349,2,0
log_9464,2024-01-17 15:00:00,prod_050,seg_07,ctx_811,0.368,2,0
log_9465,2024-01-30 07:00:00,prod_024,seg_07,ctx_522,0.736,4,1
log_9466,2024-01-08 01:00:00,prod_096,seg_08,ctx_584,0.876,5,1
log_9467,2024-01-06 09:00:00,prod_026,seg_06,ctx_304,0.431,3,0
log_9468,2024-01-02 00:00:00,prod_013,seg_06,ctx_934,0.523,3,0
log_9469,2024-01-06 10:00:00,prod_086,seg_03,ctx_850,0.758,4,1
log_9470,2024-01-13 15:00:00,prod_043,seg_08,ctx_570,0.538,3,0
log_9471,2024-01-08 12:00:00,prod_095,seg_08,ctx_477,0.37,2,0
log_9472,2024-01-19 05:00:00,prod_004,seg_04,ctx_954,0.708,4,1
log_9473,2024-01-12 23:00:00,prod_025,seg_07,ctx_809,0.401,3,0
log_9474,2024-01-28 01:00:00,prod_028,seg_04,ctx_842,0.341,2,0
log_9475,2024-01-12 10:00:00,prod_092,seg_02,ctx_550,0.48,3,0
log_9476,2024-01-20 20:00:00,prod_033,seg_01,ctx_886,0.383,3,0
log_9477,2024-01-28 15:00:00,prod_022,seg_09,ctx_946,0.608,3,1
log_9478,2024-01-17 19:00:00,prod_045,seg_04,ctx_167,0.615,3,1
log_9479,2024-01-01 04:00:00,prod_024,seg_07,ctx_389,0.545,3,0
log_9480,2024-01-11 06:00:00,prod_069,seg_01,ctx_511,0.348,2,0
log_9481,2024-01-25 08:00:00,prod_043,seg_00,ctx_853,0.59,3,0
log_9482,2024-01-30 14:00:00,prod_037,seg_06,ctx_071,0.472,3,0
log_9483,2024-01-24 08:00:00,prod_021,seg_07,ctx_663,0.769,4,1
log_9484,2024-01-17 21:00:00,prod_050,seg_01,ctx_938,0.42,3,0
log_9485,2024-01-10 19:00:00,prod_044,seg_03,ctx_051,0.465,3,0
log_9486,2024-01-26 19:00:00,prod_033,seg_03,ctx_131,0.476,3,0
log_9487,2024-01-27 07:00:00,prod_015,seg_03,ctx_828,0.365,2,0
log_9488,2024-01-15 17:00:00,prod_097,seg_00,ctx_868,0.321,2,0
log_9489,2024-01-19 19:00:00,prod_045,seg_09,ctx_306,0.416,3,0
log_9490,2024-01-21 10:00:00,prod_020,seg_00,ctx_721,0.642,4,1
log_9491,2024-01-24 22:00:00,prod_089,seg_07,ctx_716,0.569,3,0
log_9492,2024-01-27 21:00:00,prod_023,seg_02,ctx_812,0.765,4,1
log_9493,2024-01-17 22:00:00,prod_035,seg_00,ctx_616,0.441,3,0
log_9494,2024-01-08 05:00:00,prod_048,seg_07,ctx_704,0.667,4,1
log_9495,2024-01-20 22:00:00,prod_016,seg_02,ctx_397,0.645,4,1
log_9496,2024-01-01 22:00:00,prod_077,seg_09,ctx_407,0.317,2,0
log_9497,2024-01-05 17:00:00,prod_088,seg_04,ctx_602,0.737,4,1
log_9498,2024-01-16 11:00:00,prod_057,seg_08,ctx_368,0.341,2,0
log_9499,2024-01-17 09:00:00,prod_048,seg_06,ctx_280,0.607,3,1
log_9500,2024-01-25 02:00:00,prod_010,seg_07,ctx_306,0.522,3,0
log_9501,2024-01-03 13:00:00,prod_002,seg_00,ctx_534,0.524,3,0
log_9502,2024-01-21 22:00:00,prod_053,seg_04,ctx_403,0.839,4,1
log_9503,2024-01-12 07:00:00,prod_046,seg_03,ctx_622,0.833,4,1
log_9504,2024-01-09 08:00:00,prod_085,seg_05,ctx_266,0.808,4,1
log_9505,2024-01-01 14:00:00,prod_016,seg_06,ctx_113,0.537,3,0
log_9506,2024-01-05 06:00:00,prod_068,seg_09,ctx_168,0.525,3,0
log_9507,2024-01-26 23:00:00,prod_013,seg_09,ctx_661,0.384,3,0
log_9508,2024-01-04 10:00:00,prod_046,seg_07,ctx_207,0.627,4,1
log_9509,2024-01-03 19:00:00,prod_066,seg_06,ctx_753,0.832,4,1
log_9510,2024-01-07 13:00:00,prod_093,seg_01,ctx_557,0.413,3,0
log_9511,2024-01-26 12:00:00,prod_033,seg_06,ctx_031,0.664,4,1
log_9512,2024-01-07 22:00:00,prod_026,seg_09,ctx_884,0.463,3,0
log_9513,2024-01-12 13:00:00,prod_060,seg_06,ctx_071,0.87,4,1
log_9514,2024-01-08 11:00:00,prod_018,seg_04,ctx_044,0.714,4,1
log_9515,2024-01-25 00:00:00,prod_090,seg_01,ctx_580,0.699,4,1
log_9516,2024-01-29 17:00:00,prod_074,seg_00,ctx_397,0.766,4,1
log_9517,2024-01-05 09:00:00,prod_022,seg_09,ctx_576,0.739,4,1
log_9518,2024-01-20 05:00:00,prod_091,seg_01,ctx_364,0.814,4,1
log_9519,2024-01-10 17:00:00,prod_044,seg_01,ctx_531,0.897,5,1
log_9520,2024-01-01 15:00:00,prod_050,seg_07,ctx_089,0.434,3,0
log_9521,2024-01-30 09:00:00,prod_040,seg_07,ctx_818,0.848,4,1
log_9522,2024-01-17 04:00:00,prod_075,seg_08,ctx_505,0.481,3,0
log_9523,2024-01-29 13:00:00,prod_068,seg_09,ctx_176,0.474,3,0
log_9524,2024-01-01 21:00:00,prod_054,seg_08,ctx_944,0.571,3,0
log_9525,2024-01-05 14:00:00,prod_007,seg_06,ctx_166,0.544,3,0
log_9526,2024-01-11 23:00:00,prod_028,seg_08,ctx_023,0.663,4,1
log_9527,2024-01-05 10:00:00,prod_060,seg_01,ctx_287,0.327,2,0
log_9528,2024-01-27 13:00:00,prod_025,seg_01,ctx_797,0.509,3,0
log_9529,2024-01-14 06:00:00,prod_044,seg_05,ctx_916,0.377,3,0
log_9530,2024-01-05 17:00:00,prod_050,seg_00,ctx_432,0.538,3,0
log_9531,2024-01-11 16:00:00,prod_046,seg_04,ctx_037,0.449,3,0
log_9532,2024-01-25 10:00:00,prod_065,seg_05,ctx_678,0.348,2,0
log_9533,2024-01-10 08:00:00,prod_089,seg_03,ctx_224,0.834,4,1
log_9534,2024-01-04 02:00:00,prod_034,seg_06,ctx_928,0.365,2,0
log_9535,2024-01-20 16:00:00,prod_062,seg_07,ctx_192,0.853,4,1
log_9536,2024-01-13 03:00:00,prod_013,seg_04,ctx_064,0.59,3,0
log_9537,2024-01-30 09:00:00,prod_090,seg_04,ctx_436,0.561,3,0
log_9538,2024-01-07 05:00:00,prod_092,seg_02,ctx_273,0.655,4,1
log_9539,2024-01-22 21:00:00,prod_080,seg_06,ctx_435,0.488,3,0
log_9540,2024-01-05 09:00:00,prod_078,seg_08,ctx_598,0.448,3,0
log_9541,2024-01-08 16:00:00,prod_039,seg_05,ctx_047,0.31,2,0
log_9542,2024-01-06 16:00:00,prod_072,seg_07,ctx_420,0.506,3,0
log_9543,2024-01-26 02:00:00,prod_072,seg_09,ctx_679,0.842,4,1
log_9544,2024-01-06 12:00:00,prod_068,seg_01,ctx_846,0.475,3,0
log_9545,2024-01-01 22:00:00,prod_037,seg_07,ctx_686,0.875,5,1
log_9546,2024-01-02 13:00:00,prod_014,seg_02,ctx_052,0.723,4,1
log_9547,2024-01-26 06:00:00,prod_084,seg_05,ctx_569,0.563,3,0
log_9548,2024-01-03 05:00:00,prod_014,seg_06,ctx_047,0.806,4,1
log_9549,2024-01-06 15:00:00,prod_081,seg_01,ctx_480,0.7,4,1
log_9550,2024-01-22 14:00:00,prod_025,seg_03,ctx_930,0.649,4,1
log_9551,2024-01-12 11:00:00,prod_079,seg_07,ctx_268,0.568,3,0
log_9552,2024-01-17 05:00:00,prod_041,seg_05,ctx_734,0.626,4,1
log_9553,2024-01-02 14:00:00,prod_058,seg_06,ctx_497,0.529,3,0
log_9554,2024-01-06 01:00:00,prod_049,seg_05,ctx_353,0.437,3,0
log_9555,2024-01-01 11:00:00,prod_063,seg_08,ctx_272,0.848,4,1
log_9556,2024-01-06 18:00:00,prod_046,seg_01,ctx_831,0.458,3,0
log_9557,2024-01-04 00:00:00,prod_094,seg_02,ctx_503,0.404,3,0
log_9558,2024-01-14 16:00:00,prod_038,seg_08,ctx_809,0.814,4,1
log_9559,2024-01-25 07:00:00,prod_083,seg_02,ctx_270,0.871,4,1
log_9560,2024-01-06 03:00:00,prod_046,seg_00,ctx_541,0.644,4,1
log_9561,2024-01-18 01:00:00,prod_047,seg_04,ctx_374,0.333,2,0
log_9562,2024-01-24 04:00:00,prod_014,seg_06,ctx_168,0.831,4,1
log_9563,2024-01-17 12:00:00,prod_012,seg_00,ctx_909,0.878,5,1
log_9564,2024-01-25 04:00:00,prod_015,seg_07,ctx_047,0.793,4,1
log_9565,2024-01-05 12:00:00,prod_006,seg_06,ctx_897,0.374,2,0
log_9566,2024-01-04 14:00:00,prod_094,seg_05,ctx_253,0.804,4,1
log_9567,2024-01-29 12:00:00,prod_003,seg_05,ctx_210,0.328,2,0
log_9568,2024-01-24 18:00:00,prod_038,seg_03,ctx_625,0.913,5,1
log_9569,2024-01-09 20:00:00,prod_028,seg_02,ctx_593,0.503,3,0
log_9570,2024-01-14 09:00:00,prod_003,seg_05,ctx_851,0.601,3,1
log_9571,2024-01-24 13:00:00,prod_039,seg_03,ctx_270,0.428,3,0
log_9572,2024-01-16 08:00:00,prod_074,seg_04,ctx_675,0.827,4,1
log_9573,2024-01-26 08:00:00,prod_013,seg_09,ctx_765,0.59,3,0
log_9574,2024-01-02 05:00:00,prod_059,seg_09,ctx_765,0.884,5,1
log_9575,2024-01-11 19:00:00,prod_077,seg_03,ctx_828,0.48,3,0
log_9576,2024-01-26 13:00:00,prod_037,seg_01,ctx_448,0.519,3,0
log_9577,2024-01-14 04:00:00,prod_063,seg_02,ctx_115,0.304,2,0
log_9578,2024-01-05 21:00:00,prod_034,seg_04,ctx_131,0.581,3,0
log_9579,2024-01-23 18:00:00,prod_038,seg_05,ctx_369,0.373,2,0
log_9580,2024-01-10 08:00:00,prod_025,seg_02,ctx_703,0.536,3,0
log_9581,2024-01-01 08:00:00,prod_042,seg_04,ctx_209,0.432,3,0
log_9582,2024-01-13 02:00:00,prod_068,seg_03,ctx_653,0.888,5,1
log_9583,2024-01-21 13:00:00,prod_096,seg_00,ctx_127,0.867,4,1
log_9584,2024-01-13 20:00:00,prod_071,seg_05,ctx_398,0.787,4,1
log_9585,2024-01-21 23:00:00,prod_000,seg_01,ctx_633,0.761,4,1
log_9586,2024-01-23 16:00:00,prod_071,seg_02,ctx_241,0.869,4,1
log_9587,2024-01-13 21:00:00,prod_078,seg_05,ctx_202,0.796,4,1
log_9588,2024-01-24 10:00:00,prod_059,seg_07,ctx_319,0.73,4,1
log_9589,2024-01-20 18:00:00,prod_060,seg_05,ctx_381,0.842,4,1
log_9590,2024-01-18 14:00:00,prod_093,seg_00,ctx_968,0.33,2,0
log_9591,2024-01-06 03:00:00,prod_007,seg_07,ctx_707,0.35,2,0
log_9592,2024-01-08 02:00:00,prod_087,seg_03,ctx_687,0.678,4,1
log_9593,2024-01-15 08:00:00,prod_058,seg_02,ctx_518,0.78,4,1
log_9594,2024-01-02 23:00:00,prod_097,seg_01,ctx_838,0.729,4,1
log_9595,2024-01-29 08:00:00,prod_060,seg_03,ctx_539,0.78,4,1
log_9596,2024-01-07 16:00:00,prod_044,seg_06,ctx_089,0.72,4,1
log_9597,2024-01-03 07:00:00,prod_059,seg_04,ctx_803,0.329,2,0
log_9598,2024-01-28 18:00:00,prod_036,seg_02,ctx_753,0.816,4,1
log_9599,2024-01-11 18:00:00,prod_081,seg_04,ctx_956,0.325,2,0
log_9600,2024-01-02 10:00:00,prod_023,seg_05,ctx_773,0.8,4,1
log_9601,2024-01-04 17:00:00,prod_091,seg_00,ctx_262,0.565,3,0
log_9602,2024-01-19 10:00:00,prod_066,seg_00,ctx_557,0.812,4,1
log_9603,2024-01-12 19:00:00,prod_089,seg_07,ctx_060,0.386,3,0
log_9604,2024-01-01 21:00:00,prod_068,seg_08,ctx_359,0.327,2,0
log_9605,2024-01-25 19:00:00,prod_020,seg_02,ctx_797,0.784,4,1
log_9606,2024-01-30 14:00:00,prod_076,seg_03,ctx_362,0.403,3,0
log_9607,2024-01-26 20:00:00,prod_023,seg_01,ctx_208,0.361,2,0
log_9608,2024-01-15 08:00:00,prod_074,seg_06,ctx_815,0.399,3,0
log_9609,2024-01-16 16:00:00,prod_086,seg_08,ctx_971,0.324,2,0
log_9610,2024-01-10 22:00:00,prod_014,seg_06,ctx_568,0.554,3,0
log_9611,2024-01-16 22:00:00,prod_046,seg_05,ctx_106,0.355,2,0
log_9612,2024-01-17 16:00:00,prod_097,seg_03,ctx_604,0.389,3,0
log_9613,2024-01-03 14:00:00,prod_050,seg_05,ctx_585,0.356,2,0
log_9614,2024-01-04 09:00:00,prod_007,seg_00,ctx_150,0.743,4,1
log_9615,2024-01-21 21:00:00,prod_076,seg_02,ctx_594,0.753,4,1
log_9616,2024-01-05 09:00:00,prod_069,seg_02,ctx_408,0.83,4,1
log_9617,2024-01-04 23:00:00,prod_023,seg_07,ctx_419,0.85,4,1
log_9618,2024-01-15 19:00:00,prod_031,seg_07,ctx_319,0.548,3,0
log_9619,2024-01-30 22:00:00,prod_079,seg_03,ctx_973,0.35,2,0
log_9620,2024-01-24 12:00:00,prod_055,seg_02,ctx_400,0.46,3,0
log_9621,2024-01-12 00:00:00,prod_076,seg_00,ctx_321,0.824,4,1
log_9622,2024-01-06 04:00:00,prod_022,seg_08,ctx_566,0.605,3,1
log_9623,2024-01-05 16:00:00,prod_000,seg_07,ctx_284,0.567,3,0
log_9624,2024-01-08 16:00:00,prod_077,seg_06,ctx_107,0.666,4,1
log_9625,2024-01-25 11:00:00,prod_004,seg_03,ctx_833,0.572,3,0
log_9626,2024-01-23 14:00:00,prod_081,seg_01,ctx_862,0.675,4,1
log_9627,2024-01-11 21:00:00,prod_074,seg_01,ctx_273,0.325,2,0
log_9628,2024-01-17 03:00:00,prod_066,seg_00,ctx_296,0.898,5,1
log_9629,2024-01-16 00:00:00,prod_043,seg_01,ctx_816,0.609,3,1
log_9630,2024-01-15 05:00:00,prod_069,seg_00,ctx_775,0.732,4,1
log_9631,2024-01-20 17:00:00,prod_037,seg_05,ctx_071,0.592,3,0
log_9632,2024-01-08 01:00:00,prod_034,seg_07,ctx_261,0.382,3,0
log_9633,2024-01-03 22:00:00,prod_004,seg_02,ctx_626,0.92,5,1
log_9634,2024-01-12 09:00:00,prod_044,seg_02,ctx_390,0.448,3,0
log_9635,2024-01-09 09:00:00,prod_076,seg_03,ctx_227,0.698,4,1
log_9636,2024-01-06 20:00:00,prod_016,seg_00,ctx_584,0.577,3,0
log_9637,2024-01-23 05:00:00,prod_001,seg_08,ctx_034,0.61,3,1
log_9638,2024-01-25 01:00:00,prod_008,seg_05,ctx_345,0.608,3,1
log_9639,2024-01-08 20:00:00,prod_001,seg_06,ctx_729,0.781,4,1
log_9640,2024-01-12 10:00:00,prod_054,seg_09,ctx_043,0.45,3,0
log_9641,2024-01-21 03:00:00,prod_093,seg_01,ctx_588,0.729,4,1
log_9642,2024-01-26 23:00:00,prod_049,seg_09,ctx_372,0.79,4,1
log_9643,2024-01-29 13:00:00,prod_016,seg_00,ctx_455,0.465,3,0
log_9644,2024-01-17 08:00:00,prod_045,seg_04,ctx_762,0.599,3,0
log_9645,2024-01-13 00:00:00,prod_062,seg_03,ctx_257,0.992,5,1
log_9646,2024-01-03 21:00:00,prod_064,seg_03,ctx_649,0.635,4,1
log_9647,2024-01-08 05:00:00,prod_023,seg_02,ctx_078,0.407,3,0
log_9648,2024-01-03 11:00:00,prod_080,seg_01,ctx_885,0.524,3,0
log_9649,2024-01-01 00:00:00,prod_033,seg_00,ctx_689,0.694,4,1
log_9650,2024-01-17 07:00:00,prod_053,seg_04,ctx_333,0.692,4,1
log_9651,2024-01-19 11:00:00,prod_041,seg_09,ctx_082,0.372,2,0
log_9652,2024-01-03 22:00:00,prod_045,seg_03,ctx_016,0.343,2,0
log_9653,2024-01-28 23:00:00,prod_020,seg_03,ctx_606,0.461,3,0
log_9654,2024-01-08 21:00:00,prod_073,seg_09,ctx_346,0.325,2,0
log_9655,2024-01-21 16:00:00,prod_002,seg_02,ctx_641,0.798,4,1
log_9656,2024-01-08 11:00:00,prod_056,seg_06,ctx_944,0.434,3,0
log_9657,2024-01-03 08:00:00,prod_091,seg_02,ctx_362,0.969,5,1
log_9658,2024-01-26 17:00:00,prod_045,seg_08,ctx_581,0.394,3,0
log_9659,2024-01-25 01:00:00,prod_096,seg_04,ctx_568,0.477,3,0
log_9660,2024-01-23 21:00:00,prod_034,seg_05,ctx_679,0.879,5,1
log_9661,2024-01-07 17:00:00,prod_054,seg_00,ctx_379,0.804,4,1
log_9662,2024-01-20 03:00:00,prod_038,seg_02,ctx_056,0.688,4,1
log_9663,2024-01-05 15:00:00,prod_082,seg_09,ctx_109,0.863,4,1
log_9664,2024-01-21 02:00:00,prod_061,seg_07,ctx_100,0.301,2,0
log_9665,2024-01-16 04:00:00,prod_058,seg_07,ctx_326,0.755,4,1
log_9666,2024-01-21 22:00:00,prod_042,seg_08,ctx_344,0.619,3,1
log_9667,2024-01-26 11:00:00,prod_080,seg_02,ctx_672,0.827,4,1
log_9668,2024-01-12 06:00:00,prod_048,seg_03,ctx_736,0.777,4,1
log_9669,2024-01-13 06:00:00,prod_075,seg_02,ctx_146,0.725,4,1
log_9670,2024-01-09 11:00:00,prod_073,seg_09,ctx_121,0.332,2,0
log_9671,2024-01-10 10:00:00,prod_036,seg_03,ctx_472,0.663,4,1
log_9672,2024-01-06 13:00:00,prod_032,seg_09,ctx_708,0.412,3,0
log_9673,2024-01-06 01:00:00,prod_044,seg_06,ctx_307,0.558,3,0
log_9674,2024-01-18 07:00:00,prod_090,seg_01,ctx_025,0.557,3,0
log_9675,2024-01-15 15:00:00,prod_017,seg_03,ctx_498,0.495,3,0
log_9676,2024-01-19 08:00:00,prod_031,seg_01,ctx_103,0.803,4,1
log_9677,2024-01-09 12:00:00,prod_037,seg_03,ctx_399,0.396,3,0
log_9678,2024-01-10 14:00:00,prod_027,seg_02,ctx_214,0.655,4,1
log_9679,2024-01-19 20:00:00,prod_003,seg_06,ctx_734,0.644,4,1
log_9680,2024-01-21 13:00:00,prod_086,seg_05,ctx_756,0.49,3,0
log_9681,2024-01-20 16:00:00,prod_012,seg_04,ctx_308,0.548,3,0
log_9682,2024-01-25 10:00:00,prod_052,seg_01,ctx_455,0.743,4,1
log_9683,2024-01-18 10:00:00,prod_037,seg_03,ctx_006,0.822,4,1
log_9684,2024-01-12 13:00:00,prod_053,seg_05,ctx_157,0.361,2,0
log_9685,2024-01-25 12:00:00,prod_092,seg_08,ctx_629,0.686,4,1
log_9686,2024-01-22 19:00:00,prod_004,seg_02,ctx_124,0.837,4,1
log_9687,2024-01-25 09:00:00,prod_064,seg_03,ctx_992,0.716,4,1
log_9688,2024-01-30 22:00:00,prod_047,seg_05,ctx_027,0.71,4,1
log_9689,2024-01-28 05:00:00,prod_006,seg_09,ctx_247,0.417,3,0
log_9690,2024-01-26 02:00:00,prod_086,seg_06,ctx_461,0.615,3,1
log_9691,2024-01-05 15:00:00,prod_008,seg_04,ctx_824,0.856,4,1
log_9692,2024-01-17 18:00:00,prod_058,seg_07,ctx_157,0.488,3,0
log_9693,2024-01-26 10:00:00,prod_088,seg_03,ctx_610,0.719,4,1
log_9694,2024-01-15 15:00:00,prod_024,seg_03,ctx_595,0.714,4,1
log_9695,2024-01-08 22:00:00,prod_082,seg_09,ctx_982,0.404,3,0
log_9696,2024-01-07 23:00:00,prod_001,seg_02,ctx_612,0.363,2,0
log_9697,2024-01-16 23:00:00,prod_042,seg_01,ctx_629,0.791,4,1
log_9698,2024-01-11 01:00:00,prod_072,seg_03,ctx_268,0.306,2,0
log_9699,2024-01-05 15:00:00,prod_099,seg_00,ctx_219,0.448,3,0
log_9700,2024-01-27 13:00:00,prod_027,seg_00,ctx_683,0.512,3,0
log_9701,2024-01-09 02:00:00,prod_006,seg_00,ctx_498,0.644,4,1
log_9702,2024-01-15 05:00:00,prod_070,seg_01,ctx_735,0.347,2,0
log_9703,2024-01-16 21:00:00,prod_096,seg_03,ctx_784,0.464,3,0
log_9704,2024-01-03 06:00:00,prod_072,seg_02,ctx_895,0.482,3,0
log_9705,2024-01-26 13:00:00,prod_023,seg_00,ctx_576,0.555,3,0
log_9706,2024-01-23 03:00:00,prod_001,seg_07,ctx_817,0.576,3,0
log_9707,2024-01-20 21:00:00,prod_054,seg_08,ctx_960,0.435,3,0
log_9708,2024-01-30 07:00:00,prod_059,seg_01,ctx_477,0.898,5,1
log_9709,2024-01-05 05:00:00,prod_034,seg_05,ctx_903,0.474,3,0
log_9710,2024-01-14 23:00:00,prod_029,seg_01,ctx_585,0.802,4,1
log_9711,2024-01-07 07:00:00,prod_040,seg_05,ctx_676,0.438,3,0
log_9712,2024-01-05 07:00:00,prod_054,seg_09,ctx_286,0.891,5,1
log_9713,2024-01-20 19:00:00,prod_060,seg_05,ctx_696,0.36,2,0
log_9714,2024-01-15 19:00:00,prod_000,seg_09,ctx_258,0.47,3,0
log_9715,2024-01-29 18:00:00,prod_089,seg_05,ctx_856,0.798,4,1
log_9716,2024-01-16 05:00:00,prod_001,seg_07,ctx_278,0.339,2,0
log_9717,2024-01-20 12:00:00,prod_088,seg_06,ctx_844,0.439,3,0
log_9718,2024-01-03 03:00:00,prod_075,seg_05,ctx_781,0.498,3,0
log_9719,2024-01-13 08:00:00,prod_059,seg_06,ctx_283,0.525,3,0
log_9720,2024-01-04 09:00:00,prod_025,seg_07,ctx_600,0.592,3,0
log_9721,2024-01-18 20:00:00,prod_071,seg_00,ctx_842,0.687,4,1
log_9722,2024-01-15 17:00:00,prod_087,seg_02,ctx_618,0.515,3,0
log_9723,2024-01-08 08:00:00,prod_089,seg_08,ctx_447,0.528,3,0
log_9724,2024-01-14 15:00:00,prod_075,seg_09,ctx_143,0.359,2,0
log_9725,2024-01-18 17:00:00,prod_068,seg_05,ctx_378,0.304,2,0
log_9726,2024-01-20 02:00:00,prod_053,seg_07,ctx_904,0.406,3,0
log_9727,2024-01-01 14:00:00,prod_001,seg_00,ctx_140,0.815,4,1
log_9728,2024-01-24 22:00:00,prod_005,seg_09,ctx_054,0.512,3,0
log_9729,2024-01-22 09:00:00,prod_022,seg_01,ctx_317,0.565,3,0
log_9730,2024-01-19 20:00:00,prod_035,seg_01,ctx_526,0.848,4,1
log_9731,2024-01-21 07:00:00,prod_088,seg_04,ctx_586,0.361,2,0
log_9732,2024-01-24 21:00:00,prod_007,seg_02,ctx_252,0.842,4,1
log_9733,2024-01-27 02:00:00,prod_055,seg_05,ctx_058,0.869,4,1
log_9734,2024-01-08 19:00:00,prod_014,seg_08,ctx_096,0.795,4,1
log_9735,2024-01-30 16:00:00,prod_033,seg_03,ctx_913,0.744,4,1
log_9736,2024-01-22 11:00:00,prod_076,seg_04,ctx_274,0.565,3,0
log_9737,2024-01-26 02:00:00,prod_015,seg_00,ctx_575,0.355,2,0
log_9738,2024-01-27 10:00:00,prod_063,seg_05,ctx_115,0.437,3,0
log_9739,2024-01-21 20:00:00,prod_057,seg_05,ctx_382,0.629,4,1
log_9740,2024-01-06 02:00:00,prod_029,seg_03,ctx_929,0.788,4,1
log_9741,2024-01-30 17:00:00,prod_059,seg_01,ctx_632,0.845,4,1
log_9742,2024-01-09 12:00:00,prod_017,seg_06,ctx_463,0.363,2,0
log_9743,2024-01-19 04:00:00,prod_076,seg_00,ctx_633,0.464,3,0
log_9744,2024-01-16 11:00:00,prod_090,seg_06,ctx_358,0.368,2,0
log_9745,2024-01-21 00:00:00,prod_086,seg_04,ctx_570,0.668,4,1
log_9746,2024-01-24 08:00:00,prod_033,seg_00,ctx_091,0.595,3,0
log_9747,2024-01-16 11:00:00,prod_006,seg_05,ctx_810,0.763,4,1
log_9748,2024-01-25 06:00:00,prod_070,seg_02,ctx_508,0.656,4,1
log_9749,2024-01-18 12:00:00,prod_029,seg_00,ctx_186,0.437,3,0
log_9750,2024-01-30 03:00:00,prod_077,seg_04,ctx_442,0.525,3,0
log_9751,2024-01-01 18:00:00,prod_000,seg_03,ctx_425,0.492,3,0
log_9752,2024-01-03 18:00:00,prod_094,seg_02,ctx_360,0.443,3,0
log_9753,2024-01-22 08:00:00,prod_088,seg_03,ctx_111,0.385,3,0
log_9754,2024-01-29 14:00:00,prod_034,seg_04,ctx_796,0.397,3,0
log_9755,2024-01-09 19:00:00,prod_075,seg_03,ctx_233,0.543,3,0
log_9756,2024-01-27 23:00:00,prod_030,seg_05,ctx_393,0.74,4,1
log_9757,2024-01-14 13:00:00,prod_022,seg_02,ctx_045,0.856,4,1
log_9758,2024-01-27 10:00:00,prod_017,seg_07,ctx_300,0.591,3,0
log_9759,2024-01-05 04:00:00,prod_088,seg_08,ctx_438,0.736,4,1
log_9760,2024-01-27 10:00:00,prod_066,seg_07,ctx_780,0.385,3,0
log_9761,2024-01-24 21:00:00,prod_086,seg_07,ctx_586,0.349,2,0
log_9762,2024-01-12 23:00:00,prod_075,seg_01,ctx_755,0.588,3,0
log_9763,2024-01-05 01:00:00,prod_075,seg_09,ctx_660,0.344,2,0
log_9764,2024-01-15 19:00:00,prod_062,seg_08,ctx_150,0.537,3,0
log_9765,2024-01-29 14:00:00,prod_014,seg_05,ctx_574,0.624,3,1
log_9766,2024-01-16 03:00:00,prod_015,seg_07,ctx_330,0.373,2,0
log_9767,2024-01-07 00:00:00,prod_097,seg_04,ctx_276,0.421,3,0
log_9768,2024-01-14 03:00:00,prod_084,seg_04,ctx_744,0.605,3,1
log_9769,2024-01-02 14:00:00,prod_039,seg_08,ctx_999,0.834,4,1
log_9770,2024-01-22 08:00:00,prod_055,seg_08,ctx_387,0.891,5,1
log_9771,2024-01-02 01:00:00,prod_043,seg_01,ctx_855,0.723,4,1
log_9772,2024-01-14 20:00:00,prod_070,seg_00,ctx_945,0.385,3,0
log_9773,2024-01-11 08:00:00,prod_067,seg_03,ctx_503,0.858,4,1
log_9774,2024-01-10 10:00:00,prod_074,seg_06,ctx_957,0.567,3,0
log_9775,2024-01-25 15:00:00,prod_044,seg_06,ctx_314,0.614,3,1
log_9776,2024-01-02 04:00:00,prod_000,seg_07,ctx_384,0.625,3,1
log_9777,2024-01-17 01:00:00,prod_059,seg_09,ctx_281,0.619,3,1
log_9778,2024-01-17 22:00:00,prod_007,seg_06,ctx_599,0.348,2,0
log_9779,2024-01-03 12:00:00,prod_033,seg_06,ctx_443,0.625,4,1
log_9780,2024-01-09 06:00:00,prod_014,seg_00,ctx_481,0.563,3,0
log_9781,2024-01-09 21:00:00,prod_062,seg_00,ctx_278,0.531,3,0
log_9782,2024-01-11 08:00:00,prod_084,seg_04,ctx_510,0.859,4,1
log_9783,2024-01-12 09:00:00,prod_038,seg_09,ctx_085,0.422,3,0
log_9784,2024-01-02 17:00:00,prod_027,seg_05,ctx_509,0.677,4,1
log_9785,2024-01-09 22:00:00,prod_081,seg_05,ctx_522,0.657,4,1
log_9786,2024-01-12 14:00:00,prod_082,seg_07,ctx_468,0.534,3,0
log_9787,2024-01-22 11:00:00,prod_071,seg_06,ctx_143,0.485,3,0
log_9788,2024-01-19 18:00:00,prod_083,seg_08,ctx_178,0.869,4,1
log_9789,2024-01-11 23:00:00,prod_076,seg_09,ctx_135,0.469,3,0
log_9790,2024-01-02 16:00:00,prod_003,seg_03,ctx_058,0.839,4,1
log_9791,2024-01-12 13:00:00,prod_086,seg_07,ctx_945,0.671,4,1
log_9792,2024-01-14 02:00:00,prod_080,seg_02,ctx_990,0.481,3,0
log_9793,2024-01-09 10:00:00,prod_069,seg_05,ctx_187,0.404,3,0
log_9794,2024-01-06 08:00:00,prod_096,seg_01,ctx_504,0.853,4,1
log_9795,2024-01-01 05:00:00,prod_053,seg_05,ctx_251,0.66,4,1
log_9796,2024-01-27 11:00:00,prod_096,seg_06,ctx_399,0.816,4,1
log_9797,2024-01-17 08:00:00,prod_059,seg_03,ctx_069,0.414,3,0
log_9798,2024-01-29 22:00:00,prod_064,seg_03,ctx_246,0.538,3,0
log_9799,2024-01-05 09:00:00,prod_081,seg_06,ctx_061,0.855,4,1
log_9800,2024-01-02 09:00:00,prod_072,seg_07,ctx_923,0.818,4,1
log_9801,2024-01-20 22:00:00,prod_068,seg_04,ctx_737,0.42,3,0
log_9802,2024-01-12 23:00:00,prod_008,seg_03,ctx_330,0.683,4,1
log_9803,2024-01-04 18:00:00,prod_033,seg_08,ctx_454,0.532,3,0
log_9804,2024-01-19 00:00:00,prod_024,seg_09,ctx_112,0.429,3,0
log_9805,2024-01-06 19:00:00,prod_092,seg_05,ctx_111,0.533,3,0
log_9806,2024-01-10 18:00:00,prod_032,seg_06,ctx_101,0.559,3,0
log_9807,2024-01-05 04:00:00,prod_066,seg_00,ctx_501,0.758,4,1
log_9808,2024-01-02 11:00:00,prod_080,seg_09,ctx_654,0.892,5,1
log_9809,2024-01-10 03:00:00,prod_041,seg_02,ctx_953,0.834,4,1
log_9810,2024-01-14 12:00:00,prod_028,seg_03,ctx_376,0.535,3,0
log_9811,2024-01-28 06:00:00,prod_037,seg_03,ctx_910,0.67,4,1
log_9812,2024-01-21 07:00:00,prod_022,seg_03,ctx_975,0.81,4,1
log_9813,2024-01-18 19:00:00,prod_015,seg_00,ctx_473,0.602,3,1
log_9814,2024-01-26 10:00:00,prod_052,seg_00,ctx_069,0.62,3,1
log_9815,2024-01-10 13:00:00,prod_056,seg_09,ctx_388,0.302,2,0
log_9816,2024-01-21 23:00:00,prod_007,seg_05,ctx_139,0.411,3,0
log_9817,2024-01-10 06:00:00,prod_067,seg_06,ctx_266,0.468,3,0
log_9818,2024-01-03 10:00:00,prod_042,seg_02,ctx_410,0.342,2,0
log_9819,2024-01-19 17:00:00,prod_071,seg_00,ctx_474,0.582,3,0
log_9820,2024-01-02 20:00:00,prod_092,seg_00,ctx_206,0.771,4,1
log_9821,2024-01-30 00:00:00,prod_012,seg_09,ctx_441,0.528,3,0
log_9822,2024-01-16 00:00:00,prod_031,seg_05,ctx_554,0.468,3,0
log_9823,2024-01-25 07:00:00,prod_094,seg_07,ctx_724,0.695,4,1
log_9824,2024-01-28 07:00:00,prod_062,seg_03,ctx_896,0.858,4,1
log_9825,2024-01-07 23:00:00,prod_055,seg_02,ctx_465,0.607,3,1
log_9826,2024-01-12 14:00:00,prod_093,seg_03,ctx_505,0.833,4,1
log_9827,2024-01-08 20:00:00,prod_032,seg_03,ctx_158,0.769,4,1
log_9828,2024-01-29 22:00:00,prod_088,seg_04,ctx_434,0.509,3,0
log_9829,2024-01-30 22:00:00,prod_034,seg_05,ctx_873,0.51,3,0
log_9830,2024-01-28 03:00:00,prod_098,seg_04,ctx_771,0.403,3,0
log_9831,2024-01-17 22:00:00,prod_090,seg_02,ctx_806,0.474,3,0
log_9832,2024-01-10 11:00:00,prod_039,seg_06,ctx_368,0.564,3,0
log_9833,2024-01-27 17:00:00,prod_009,seg_03,ctx_654,0.412,3,0
log_9834,2024-01-20 01:00:00,prod_091,seg_05,ctx_510,0.632,4,1
log_9835,2024-01-22 19:00:00,prod_071,seg_02,ctx_487,0.805,4,1
log_9836,2024-01-03 11:00:00,prod_090,seg_04,ctx_813,0.812,4,1
log_9837,2024-01-09 17:00:00,prod_040,seg_08,ctx_825,0.4,3,0
log_9838,2024-01-02 19:00:00,prod_012,seg_09,ctx_128,0.494,3,0
log_9839,2024-01-09 22:00:00,prod_026,seg_00,ctx_189,0.693,4,1
log_9840,2024-01-06 04:00:00,prod_096,seg_03,ctx_159,0.412,3,0
log_9841,2024-01-03 19:00:00,prod_085,seg_09,ctx_463,0.82,4,1
log_9842,2024-01-20 18:00:00,prod_008,seg_09,ctx_253,0.634,4,1
log_9843,2024-01-29 09:00:00,prod_066,seg_04,ctx_293,0.51,3,0
log_9844,2024-01-11 18:00:00,prod_042,seg_03,ctx_682,0.303,2,0
log_9845,2024-01-01 20:00:00,prod_020,seg_07,ctx_141,0.855,4,1
log_9846,2024-01-13 01:00:00,prod_041,seg_04,ctx_442,0.717,4,1
log_9847,2024-01-26 13:00:00,prod_067,seg_04,ctx_216,0.312,2,0
log_9848,2024-01-14 16:00:00,prod_026,seg_05,ctx_134,0.537,3,0
log_9849,2024-01-08 09:00:00,prod_063,seg_06,ctx_779,0.333,2,0
log_9850,2024-01-21 17:00:00,prod_004,seg_02,ctx_341,0.585,3,0
log_9851,2024-01-16 15:00:00,prod_017,seg_07,ctx_082,0.554,3,0
log_9852,2024-01-16 15:00:00,prod_064,seg_09,ctx_735,0.372,2,0
log_9853,2024-01-30 15:00:00,prod_092,seg_07,ctx_874,0.713,4,1
log_9854,2024-01-03 04:00:00,prod_050,seg_03,ctx_613,0.48,3,0
log_9855,2024-01-06 10:00:00,prod_013,seg_09,ctx_730,0.695,4,1
log_9856,2024-01-12 01:00:00,prod_044,seg_03,ctx_361,0.505,3,0
log_9857,2024-01-02 13:00:00,prod_088,seg_03,ctx_884,0.333,2,0
log_9858,2024-01-07 18:00:00,prod_045,seg_07,ctx_000,0.82,4,1
log_9859,2024-01-03 01:00:00,prod_015,seg_07,ctx_564,0.542,3,0
log_9860,2024-01-26 17:00:00,prod_055,seg_05,ctx_467,0.409,3,0
log_9861,2024-01-17 09:00:00,prod_084,seg_09,ctx_222,0.753,4,1
log_9862,2024-01-10 12:00:00,prod_025,seg_07,ctx_573,0.645,4,1
log_9863,2024-01-09 18:00:00,prod_036,seg_06,ctx_996,0.739,4,1
log_9864,2024-01-22 14:00:00,prod_093,seg_03,ctx_601,0.821,4,1
log_9865,2024-01-25 21:00:00,prod_072,seg_02,ctx_677,0.399,3,0
log_9866,2024-01-17 10:00:00,prod_040,seg_06,ctx_936,0.75,4,1
log_9867,2024-01-29 06:00:00,prod_074,seg_08,ctx_917,0.525,3,0
log_9868,2024-01-29 20:00:00,prod_093,seg_07,ctx_232,0.452,3,0
log_9869,2024-01-13 13:00:00,prod_046,seg_08,ctx_943,0.835,4,1
log_9870,2024-01-29 19:00:00,prod_095,seg_09,ctx_162,0.681,4,1
log_9871,2024-01-03 10:00:00,prod_097,seg_02,ctx_801,0.77,4,1
log_9872,2024-01-09 14:00:00,prod_085,seg_03,ctx_025,0.764,4,1
log_9873,2024-01-21 01:00:00,prod_097,seg_02,ctx_367,0.505,3,0
log_9874,2024-01-25 10:00:00,prod_000,seg_02,ctx_122,0.529,3,0
log_9875,2024-01-13 16:00:00,prod_023,seg_08,ctx_324,0.654,4,1
log_9876,2024-01-30 02:00:00,prod_029,seg_05,ctx_553,0.385,3,0
log_9877,2024-01-28 15:00:00,prod_037,seg_03,ctx_965,0.595,3,0
log_9878,2024-01-12 22:00:00,prod_005,seg_01,ctx_464,0.703,4,1
log_9879,2024-01-11 00:00:00,prod_095,seg_02,ctx_081,0.466,3,0
log_9880,2024-01-20 16:00:00,prod_048,seg_00,ctx_578,0.45,3,0
log_9881,2024-01-20 08:00:00,prod_070,seg_06,ctx_824,0.427,3,0
log_9882,2024-01-14 11:00:00,prod_026,seg_05,ctx_182,0.749,4,1
log_9883,2024-01-29 14:00:00,prod_066,seg_07,ctx_520,0.631,4,1
log_9884,2024-01-10 22:00:00,prod_063,seg_02,ctx_118,0.406,3,0
log_9885,2024-01-11 23:00:00,prod_077,seg_07,ctx_156,0.685,4,1
log_9886,2024-01-13 00:00:00,prod_074,seg_04,ctx_775,0.579,3,0
log_9887,2024-01-15 05:00:00,prod_024,seg_04,ctx_437,0.4,3,0
log_9888,2024-01-30 17:00:00,prod_027,seg_07,ctx_816,0.368,2,0
log_9889,2024-01-26 12:00:00,prod_046,seg_06,ctx_364,0.662,4,1
log_9890,2024-01-17 06:00:00,prod_056,seg_06,ctx_460,0.37,2,0
log_9891,2024-01-26 06:00:00,prod_065,seg_06,ctx_914,0.724,4,1
log_9892,2024-01-21 08:00:00,prod_077,seg_06,ctx_349,0.414,3,0
log_9893,2024-01-02 21:00:00,prod_019,seg_02,ctx_590,0.682,4,1
log_9894,2024-01-28 00:00:00,prod_058,seg_00,ctx_376,0.399,3,0
log_9895,2024-01-26 04:00:00,prod_026,seg_02,ctx_148,0.725,4,1
log_9896,2024-01-16 21:00:00,prod_095,seg_05,ctx_671,0.335,2,0
log_9897,2024-01-26 12:00:00,prod_035,seg_06,ctx_400,0.352,2,0
log_9898,2024-01-29 19:00:00,prod_087,seg_05,ctx_238,0.418,3,0
log_9899,2024-01-03 12:00:00,prod_095,seg_05,ctx_709,0.818,4,1
log_9900,2024-01-30 23:00:00,prod_055,seg_01,ctx_676,0.304,2,0
log_9901,2024-01-13 19:00:00,prod_084,seg_02,ctx_611,0.544,3,0
log_9902,2024-01-19 12:00:00,prod_053,seg_08,ctx_853,0.618,3,1
log_9903,2024-01-13 13:00:00,prod_047,seg_06,ctx_964,0.64,4,1
log_9904,2024-01-28 00:00:00,prod_088,seg_07,ctx_877,0.306,2,0
log_9905,2024-01-23 06:00:00,prod_012,seg_02,ctx_958,0.446,3,0
log_9906,2024-01-02 18:00:00,prod_000,seg_00,ctx_766,0.967,5,1
log_9907,2024-01-21 13:00:00,prod_072,seg_00,ctx_910,0.6,3,1
log_9908,2024-01-27 20:00:00,prod_066,seg_01,ctx_659,0.788,4,1
log_9909,2024-01-18 04:00:00,prod_050,seg_00,ctx_138,0.695,4,1
log_9910,2024-01-18 20:00:00,prod_099,seg_07,ctx_017,0.772,4,1
log_9911,2024-01-02 07:00:00,prod_031,seg_09,ctx_467,0.713,4,1
log_9912,2024-01-14 19:00:00,prod_049,seg_00,ctx_005,0.489,3,0
log_9913,2024-01-13 09:00:00,prod_011,seg_03,ctx_794,0.485,3,0
log_9914,2024-01-27 21:00:00,prod_047,seg_09,ctx_216,0.43,3,0
log_9915,2024-01-05 18:00:00,prod_056,seg_08,ctx_861,0.799,4,1
log_9916,2024-01-10 20:00:00,prod_073,seg_00,ctx_882,0.644,4,1
log_9917,2024-01-05 18:00:00,prod_080,seg_03,ctx_561,0.8,4,1
log_9918,2024-01-03 17:00:00,prod_006,seg_03,ctx_704,0.771,4,1
log_9919,2024-01-26 09:00:00,prod_001,seg_04,ctx_797,0.751,4,1
log_9920,2024-01-17 02:00:00,prod_026,seg_02,ctx_811,0.691,4,1
log_9921,2024-01-06 10:00:00,prod_089,seg_08,ctx_541,0.317,2,0
log_9922,2024-01-02 04:00:00,prod_072,seg_09,ctx_834,0.76,4,1
log_9923,2024-01-17 20:00:00,prod_041,seg_09,ctx_896,0.772,4,1
log_9924,2024-01-24 10:00:00,prod_095,seg_03,ctx_408,0.746,4,1
log_9925,2024-01-12 16:00:00,prod_074,seg_06,ctx_971,0.75,4,1
log_9926,2024-01-01 17:00:00,prod_014,seg_07,ctx_128,0.63,4,1
log_9927,2024-01-05 14:00:00,prod_063,seg_05,ctx_691,0.434,3,0
log_9928,2024-01-17 00:00:00,prod_095,seg_05,ctx_151,0.888,5,1
log_9929,2024-01-27 23:00:00,prod_036,seg_08,ctx_772,0.703,4,1
log_9930,2024-01-06 12:00:00,prod_099,seg_06,ctx_360,0.454,3,0
log_9931,2024-01-19 18:00:00,prod_043,seg_07,ctx_925,0.82,4,1
log_9932,2024-01-01 21:00:00,prod_092,seg_08,ctx_599,0.896,5,1
log_9933,2024-01-25 13:00:00,prod_017,seg_09,ctx_852,0.402,3,0
log_9934,2024-01-17 01:00:00,prod_026,seg_09,ctx_567,0.324,2,0
log_9935,2024-01-14 07:00:00,prod_039,seg_03,ctx_776,0.537,3,0
log_9936,2024-01-18 10:00:00,prod_097,seg_02,ctx_488,0.772,4,1
log_9937,2024-01-26 13:00:00,prod_060,seg_08,ctx_071,0.79,4,1
log_9938,2024-01-15 18:00:00,prod_056,seg_02,ctx_064,0.476,3,0
log_9939,2024-01-21 09:00:00,prod_094,seg_07,ctx_915,0.75,4,1
log_9940,2024-01-24 21:00:00,prod_091,seg_07,ctx_618,0.743,4,1
log_9941,2024-01-15 14:00:00,prod_089,seg_08,ctx_986,0.304,2,0
log_9942,2024-01-13 13:00:00,prod_000,seg_06,ctx_397,0.741,4,1
log_9943,2024-01-17 19:00:00,prod_011,seg_09,ctx_584,0.792,4,1
log_9944,2024-01-24 02:00:00,prod_085,seg_06,ctx_788,0.7,4,1
log_9945,2024-01-06 08:00:00,prod_006,seg_05,ctx_468,0.353,2,0
log_9946,2024-01-02 06:00:00,prod_059,seg_02,ctx_096,0.335,2,0
log_9947,2024-01-20 09:00:00,prod_046,seg_01,ctx_304,0.466,3,0
log_9948,2024-01-03 22:00:00,prod_092,seg_02,ctx_621,0.467,3,0
log_9949,2024-01-27 18:00:00,prod_039,seg_05,ctx_254,0.844,4,1
log_9950,2024-01-27 11:00:00,prod_004,seg_02,ctx_299,0.692,4,1
log_9951,2024-01-18 00:00:00,prod_032,seg_04,ctx_340,0.514,3,0
log_9952,2024-01-26 03:00:00,prod_076,seg_01,ctx_871,0.534,3,0
log_9953,2024-01-20 15:00:00,prod_078,seg_02,ctx_669,0.534,3,0
log_9954,2024-01-12 11:00:00,prod_010,seg_07,ctx_725,0.649,4,1
log_9955,2024-01-22 23:00:00,prod_040,seg_02,ctx_994,0.571,3,0
log_9956,2024-01-25 01:00:00,prod_084,seg_05,ctx_434,0.489,3,0
log_9957,2024-01-20 09:00:00,prod_045,seg_02,ctx_823,0.635,4,1
log_9958,2024-01-25 19:00:00,prod_071,seg_01,ctx_197,0.68,4,1
log_9959,2024-01-07 09:00:00,prod_010,seg_05,ctx_581,0.815,4,1
log_9960,2024-01-08 19:00:00,prod_080,seg_02,ctx_278,0.739,4,1
log_9961,2024-01-28 08:00:00,prod_027,seg_04,ctx_039,0.732,4,1
log_9962,2024-01-29 14:00:00,prod_031,seg_03,ctx_441,0.606,3,1
log_9963,2024-01-26 05:00:00,prod_040,seg_02,ctx_089,0.336,2,0
log_9964,2024-01-23 08:00:00,prod_030,seg_07,ctx_179,0.73,4,1
log_9965,2024-01-17 20:00:00,prod_007,seg_00,ctx_278,0.604,3,1
log_9966,2024-01-02 19:00:00,prod_024,seg_00,ctx_003,0.397,3,0
log_9967,2024-01-10 14:00:00,prod_046,seg_00,ctx_562,0.665,4,1
log_9968,2024-01-13 00:00:00,prod_038,seg_08,ctx_634,0.421,3,0
log_9969,2024-01-24 20:00:00,prod_080,seg_08,ctx_697,0.675,4,1
log_9970,2024-01-10 02:00:00,prod_025,seg_02,ctx_118,0.715,4,1
log_9971,2024-01-30 06:00:00,prod_012,seg_01,ctx_214,0.422,3,0
log_9972,2024-01-15 02:00:00,prod_054,seg_09,ctx_440,0.611,3,1
log_9973,2024-01-09 14:00:00,prod_000,seg_00,ctx_051,0.735,4,1
log_9974,2024-01-04 23:00:00,prod_054,seg_01,ctx_052,0.311,2,0
log_9975,2024-01-06 01:00:00,prod_026,seg_08,ctx_079,0.814,4,1
log_9976,2024-01-09 23:00:00,prod_057,seg_01,ctx_981,0.537,3,0
log_9977,2024-01-04 18:00:00,prod_047,seg_02,ctx_276,0.658,4,1
log_9978,2024-01-22 07:00:00,prod_062,seg_05,ctx_260,0.449,3,0
log_9979,2024-01-26 03:00:00,prod_022,seg_09,ctx_221,0.332,2,0
log_9980,2024-01-04 20:00:00,prod_084,seg_08,ctx_005,0.873,4,1
log_9981,2024-01-20 05:00:00,prod_011,seg_06,ctx_141,0.523,3,0
log_9982,2024-01-11 14:00:00,prod_002,seg_01,ctx_982,0.611,3,1
log_9983,2024-01-20 04:00:00,prod_050,seg_03,ctx_140,0.505,3,0
log_9984,2024-01-13 05:00:00,prod_023,seg_08,ctx_501,0.357,2,0
log_9985,2024-01-29 21:00:00,prod_090,seg_04,ctx_760,0.962,5,1
log_9986,2024-01-03 18:00:00,prod_046,seg_05,ctx_372,0.403,3,0
log_9987,2024-01-07 09:00:00,prod_078,seg_03,ctx_728,0.882,5,1
log_9988,2024-01-22 12:00:00,prod_080,seg_09,ctx_557,0.447,3,0
log_9989,2024-01-19 23:00:00,prod_029,seg_07,ctx_270,0.686,4,1
log_9990,2024-01-17 22:00:00,prod_079,seg_02,ctx_009,0.36,2,0
log_9991,2024-01-01 13:00:00,prod_031,seg_09,ctx_468,0.8,4,1
log_9992,2024-01-23 05:00:00,prod_019,seg_06,ctx_496,0.864,4,1
log_9993,2024-01-22 11:00:00,prod_060,seg_01,ctx_234,0.311,2,0
log_9994,2024-01-03 15:00:00,prod_047,seg_04,ctx_701,0.487,3,0
log_9995,2024-01-06 10:00:00,prod_075,seg_07,ctx_233,0.584,3,0
log_9996,2024-01-03 07:00:00,prod_050,seg_02,ctx_825,0.754,4,1
log_9997,2024-01-17 23:00:00,prod_003,seg_01,ctx_795,0.446,3,0
log_9998,2024-01-12 06:00:00,prod_030,seg_02,ctx_970,0.947,5,1
log_9999,2024-01-24 12:00:00,prod_025,seg_06,ctx_992,0.372,2,0
