date,week,brand,region,latent_preference,preference_drift,market_share_target,switching_rate,price_elasticity
2022-01-03,0,McDonalds,Northeast,0.5790983543736714,0.0,0.027713269265470058,0.5703076004290429,-1.4167227552888253
2022-01-03,0,McDonalds,South,0.46345951155093495,0.0,0.28741291316892137,0.36290162650219815,-1.9288765457898727
2022-01-03,0,McDonalds,Midwest,0.5820704259067727,0.0,0.044879181552355416,0.27197951974525986,-0.7982427450570128
2022-01-03,0,McDonalds,West,0.277573358178465,0.0,0.2724710438053291,0.32062222572817095,-1.093428921375788
2022-01-03,0,McDonalds,Southwest,0.8659788734005847,0.0,0.09761475647586786,0.06848935279224204,-1.7021857116976975
2022-01-03,0,BurgerKing,Northeast,0.17811603915176605,0.0,0.24450012132992213,0.1451965604342744,-1.2577573150678698
2022-01-03,0,BurgerKing,South,0.6946709335184563,0.0,0.07960538031602005,0.48906939996118465,-0.8865346316994134
2022-01-03,0,BurgerKing,Midwest,0.304826106239433,0.0,0.3165741719930878,0.5707999278834135,-0.8443823193970343
2022-01-03,0,BurgerKing,West,0.3691845024880552,0.0,0.10053500308910315,0.1221118822977808,-1.250572382001857
2022-01-03,0,BurgerKing,Southwest,0.656832295824711,0.0,0.018483657576278914,0.31990659288970436,-1.5421782048067114
2022-01-03,0,Wendys,Northeast,0.8772672385733898,0.0,0.1328241465142246,0.2864796801727,-0.5393861269422597
2022-01-03,0,Wendys,South,0.2263928401320756,0.0,0.06877335669035799,0.4254476061773757,-1.0049560835652607
2022-01-03,0,Wendys,Midwest,0.6271118077163326,0.0,0.08722314572501384,0.211067729489257,-1.3876437209805519
2022-01-03,0,Wendys,West,0.5678382700027405,0.0,0.04165760766371676,0.41158605271605975,-1.5793051636930213
2022-01-03,0,Wendys,Southwest,0.2789607348913306,0.0,0.19598595047373857,0.4491558671991043,-0.9033455254946567
2022-01-03,0,TacoBell,Northeast,0.7668067832769307,0.0,0.07730275216667797,0.26793124519078654,-1.6367248316093486
2022-01-03,0,TacoBell,South,0.3972146141876342,0.0,0.003979491119964669,0.41766802910529877,-1.7424350165394678
2022-01-03,0,TacoBell,Midwest,0.6468553352176785,0.0,0.11549220000432603,0.150108946801192,-1.2052491665568945
2022-01-03,0,TacoBell,West,0.5129859091688003,0.0,0.0446903396082485,0.47182917581289624,-1.5650189110337873
2022-01-03,0,TacoBell,Southwest,0.5695601654358988,0.0,0.10354646560386732,0.08879666648103435,-1.0566422826145774
2022-01-03,0,Subway,Northeast,0.46133870592298853,0.0,0.22149824057158357,0.4678561070838936,-1.8230919876886498
2022-01-03,0,Subway,South,0.7359937970107806,0.0,0.12968553551579612,0.4688915625596436,-1.0175883431490176
2022-01-03,0,Subway,Midwest,0.3029695726716787,0.0,0.21684813678008416,0.34844406917218707,-1.5750552080034468
2022-01-03,0,Subway,West,0.6192718606192118,0.0,0.24228889639333023,0.264080582240048,-1.999635598348231
2022-01-03,0,Subway,Southwest,0.43473876014503543,0.0,0.15684861764457372,0.1839016666596838,-1.8095959134887354
2022-01-03,0,KFC,Northeast,0.3769117342733651,0.0,0.10307124891057669,0.41065611985185674,-0.5995769332473588
2022-01-03,0,KFC,South,0.5447591545955046,0.0,0.08985526769638223,0.059614022899604026,-0.6989680413269632
2022-01-03,0,KFC,Midwest,0.3033687412141457,0.0,0.06211878057985756,0.18162748643710216,-1.6495864519456447
2022-01-03,0,KFC,West,0.3650444214801808,0.0,0.06522890237178519,0.37457060797482544,-0.8324421431817632
2022-01-03,0,KFC,Southwest,0.45430834568387607,0.0,0.2062792732454961,0.19135202294227086,-1.0871426102390387
2022-01-03,0,Dominos,Northeast,0.1681866609183576,0.0,0.05859345042386398,0.21214506472215292,-0.5436429328251958
2022-01-03,0,Dominos,South,0.2983246763858907,0.0,0.16903420222022753,0.2939671196096951,-1.4395915106989112
2022-01-03,0,Dominos,Midwest,0.46559226414406973,0.0,0.10019145266430377,0.27749119186196053,-0.977809081224243
2022-01-03,0,Dominos,West,0.01901269814600373,0.0,0.09196263428197264,0.08585787626857316,-1.9046964163641222
2022-01-03,0,Dominos,Southwest,0.09610220767682827,0.0,0.013614314134967706,0.23368255004054264,-1.4056289797753911
2022-01-03,0,PizzaHut,Northeast,0.4034040647090538,0.0,0.1344967708176812,0.33192020930403915,-0.5542735082177292
2022-01-03,0,PizzaHut,South,0.5572900784374657,0.0,0.17165385327232988,0.4309775708003919,-1.1915286883248193
2022-01-03,0,PizzaHut,Midwest,0.9035516138614877,0.0,0.05667293070097135,0.5405277045945869,-1.5681807449977332
2022-01-03,0,PizzaHut,West,0.39518860688754537,0.0,0.14116557278651456,0.36248858833460823,-1.8195935553070897
2022-01-03,0,PizzaHut,Southwest,0.1665405113971132,0.0,0.2076269648452098,0.03054343973064911,-0.9447074897277044
2022-01-10,1,McDonalds,Northeast,0.5532937832459507,-0.009194242342338035,0.027713269265470058,0.5703076004290429,-1.4167227552888253
2022-01-10,1,McDonalds,South,0.4623485268157275,0.015499344050175399,0.28741291316892137,0.36290162650219815,-1.9288765457898727
2022-01-10,1,McDonalds,Midwest,0.5576275641980276,-0.00783253292336237,0.044879181552355416,0.27197951974525986,-0.7982427450570128
2022-01-10,1,McDonalds,West,0.25774241423102545,-0.003220615162056756,0.2724710438053291,0.32062222572817095,-1.093428921375788
2022-01-10,1,McDonalds,Southwest,0.8575037167888987,0.008135172173696697,0.09761475647586786,0.06848935279224204,-1.7021857116976975
2022-01-10,1,BurgerKing,Northeast,0.17892205069843586,-0.012308643164339552,0.24450012132992213,0.1451965604342744,-1.2577573150678698
2022-01-10,1,BurgerKing,South,0.7100601875755069,0.002274599346041294,0.07960538031602005,0.48906939996118465,-0.8865346316994134
2022-01-10,1,BurgerKing,Midwest,0.33101218849326663,0.013071427542824282,0.3165741719930878,0.5707999278834135,-0.8443823193970343
2022-01-10,1,BurgerKing,West,0.36622432485345224,-0.016074832345612276,0.10053500308910315,0.1221118822977808,-1.250572382001857
2022-01-10,1,BurgerKing,Southwest,0.6717932891210434,0.001846338585323042,0.018483657576278914,0.31990659288970436,-1.5421782048067114
2022-01-10,1,Wendys,Northeast,0.8852236191742651,0.002598827942484235,0.1328241465142246,0.2864796801727,-0.5393861269422597
2022-01-10,1,Wendys,South,0.2395686215082397,0.0078182287177731,0.06877335669035799,0.4254476061773757,-1.0049560835652607
2022-01-10,1,Wendys,Midwest,0.6200998532659427,-0.01236950710878082,0.08722314572501384,0.211067729489257,-1.3876437209805519
2022-01-10,1,Wendys,West,0.5599912565302887,-0.013204566130842763,0.04165760766371676,0.41158605271605975,-1.5793051636930213
2022-01-10,1,Wendys,Southwest,0.2895377032058906,0.005219415656168977,0.19598595047373857,0.4491558671991043,-0.9033455254946567
2022-01-10,1,TacoBell,Northeast,0.7740378241405924,0.0029698467323318605,0.07730275216667797,0.26793124519078654,-1.6367248316093486
2022-01-10,1,TacoBell,South,0.40398073682242286,0.0025049285034587664,0.003979491119964669,0.41766802910529877,-1.7424350165394678
2022-01-10,1,TacoBell,Midwest,0.6545810114439781,0.0034644820949697587,0.11549220000432603,0.150108946801192,-1.2052491665568945
2022-01-10,1,TacoBell,West,0.5104468560843453,-0.006800247215784908,0.0446903396082485,0.47182917581289624,-1.5650189110337873
2022-01-10,1,TacoBell,Southwest,0.5761438965388387,0.0023225369716100355,0.10354646560386732,0.08879666648103435,-1.0566422826145774
2022-01-10,1,Subway,Northeast,0.44841225129260404,0.0029307247329868127,0.22149824057158357,0.4678561070838936,-1.8230919876886498
2022-01-10,1,Subway,South,0.7129931034671455,-0.007143514180263678,0.12968553551579612,0.4688915625596436,-1.0175883431490176
2022-01-10,1,Subway,Midwest,0.3057701384197549,0.018657745111447566,0.21684813678008416,0.34844406917218707,-1.5750552080034468
2022-01-10,1,Subway,West,0.6081530104649583,0.004738329209117875,0.24228889639333023,0.264080582240048,-1.999635598348231
2022-01-10,1,Subway,Southwest,0.4069685458096376,-0.011913034972026487,0.15684861764457372,0.1839016666596838,-1.8095959134887354
2022-01-10,1,KFC,Northeast,0.3743955749753906,0.006565536086338297,0.10307124891057669,0.41065611985185674,-0.5995769332473588
2022-01-10,1,KFC,South,0.5259306425089187,-0.009746816702273215,0.08985526769638223,0.059614022899604026,-0.6989680413269632
2022-01-10,1,KFC,Midwest,0.3021578918672574,0.00787084603742452,0.06211878057985756,0.18162748643710216,-1.6495864519456447
2022-01-10,1,KFC,West,0.36754868188594203,0.011585955790074041,0.06522890237178519,0.37457060797482544,-0.8324421431817632
2022-01-10,1,KFC,Southwest,0.43701982711604614,-0.008206823183517105,0.2062792732454961,0.19135202294227086,-1.0871426102390387
2022-01-10,1,Dominos,Northeast,0.18440869919412256,0.009633761292443218,0.05859345042386398,0.21214506472215292,-0.5436429328251958
2022-01-10,1,Dominos,South,0.30904076263857744,0.004127809269364983,0.16903420222022753,0.2939671196096951,-1.4395915106989112
2022-01-10,1,Dominos,Midwest,0.48040114272733636,0.0082206015999449,0.10019145266430377,0.27749119186196053,-0.977809081224243
2022-01-10,1,Dominos,West,0.04456890495586498,0.018967929826539474,0.09196263428197264,0.08585787626857316,-1.9046964163641222
2022-01-10,1,Dominos,Southwest,0.10023660350012133,-0.002453881160028705,0.013614314134967706,0.23368255004054264,-1.4056289797753911
2022-01-10,1,PizzaHut,Northeast,0.4136296777963724,-0.007537361643574896,0.1344967708176812,0.33192020930403915,-0.5542735082177292
2022-01-10,1,PizzaHut,South,0.5661579088721038,-0.008895144296255233,0.17165385327232988,0.4309775708003919,-1.1915286883248193
2022-01-10,1,PizzaHut,Midwest,0.9131564857427268,-0.008158102849654384,0.05667293070097135,0.5405277045945869,-1.5681807449977332
2022-01-10,1,PizzaHut,West,0.41218056452429774,-0.0007710170941410411,0.14116557278651456,0.36248858833460823,-1.8195935553070897
2022-01-10,1,PizzaHut,Southwest,0.1877150058761731,0.003411519748166435,0.2076269648452098,0.03054343973064911,-0.9447074897277044
2022-01-17,2,McDonalds,Northeast,0.5402211360339353,-0.006427334349037844,0.027713269265470058,0.5703076004290429,-1.4167227552888253
2022-01-17,2,McDonalds,South,0.45478080410077226,0.023771176540535635,0.28741291316892137,0.36290162650219815,-1.9288765457898727
2022-01-17,2,McDonalds,Midwest,0.5419180279114911,-0.0077025140045833005,0.044879181552355416,0.27197951974525986,-0.7982427450570128
2022-01-17,2,McDonalds,West,0.2564381997972831,0.011314725609516412,0.2724710438053291,0.32062222572817095,-1.093428921375788
2022-01-17,2,McDonalds,Southwest,0.8390175932512035,0.0054886038413171365,0.09761475647586786,0.06848935279224204,-1.7021857116976975
2022-01-17,2,BurgerKing,Northeast,0.21997003223079908,0.014893048501556637,0.24450012132992213,0.1451965604342744,-1.2577573150678698
2022-01-17,2,BurgerKing,South,0.730163150919624,0.008531272823691358,0.07960538031602005,0.48906939996118465,-0.8865346316994134
2022-01-17,2,BurgerKing,Midwest,0.3362869027955709,0.004499851978661457,0.3165741719930878,0.5707999278834135,-0.8443823193970343
2022-01-17,2,BurgerKing,West,0.36936168973930816,-0.0267837573262234,0.10053500308910315,0.1221118822977808,-1.250572382001857
2022-01-17,2,BurgerKing,Southwest,0.6904643031399422,0.0066710627377548955,0.018483657576278914,0.31990659288970436,-1.5421782048067114
2022-01-17,2,Wendys,Northeast,0.8878345294678487,0.0003642000892257265,0.1328241465142246,0.2864796801727,-0.5393861269422597
2022-01-17,2,Wendys,South,0.25155416459600266,0.014958233658694017,0.06877335669035799,0.4254476061773757,-1.0049560835652607
2022-01-17,2,Wendys,Midwest,0.6296777676585202,-0.007637130863045371,0.08722314572501384,0.211067729489257,-1.3876437209805519
2022-01-17,2,Wendys,West,0.564108505550562,-0.01393285525741149,0.04165760766371676,0.41158605271605975,-1.5793051636930213
2022-01-17,2,Wendys,Southwest,0.2859153041720486,-0.0032485215245150727,0.19598595047373857,0.4491558671991043,-0.9033455254946567
2022-01-17,2,TacoBell,Northeast,0.7611823544584143,-0.012178625514526786,0.07730275216667797,0.26793124519078654,-1.6367248316093486
2022-01-17,2,TacoBell,South,0.40180858986643314,-0.0019602210172114443,0.003979491119964669,0.41766802910529877,-1.7424350165394678
2022-01-17,2,TacoBell,Midwest,0.6654380019518934,0.012028470038204482,0.11549220000432603,0.150108946801192,-1.2052491665568945
2022-01-17,2,TacoBell,West,0.5148807960903279,-0.004659309774482869,0.0446903396082485,0.47182917581289624,-1.5650189110337873
2022-01-17,2,TacoBell,Southwest,0.5659795113163992,-0.010134850815509844,0.10354646560386732,0.08879666648103435,-1.0566422826145774
2022-01-17,2,Subway,Northeast,0.43389406092160515,0.004662533991498633,0.22149824057158357,0.4678561070838936,-1.8230919876886498
2022-01-17,2,Subway,South,0.7005962776349234,-0.0032903403829753104,0.12968553551579612,0.4688915625596436,-1.0175883431490176
2022-01-17,2,Subway,Midwest,0.2806815644282329,0.009819170749436236,0.21684813678008416,0.34844406917218707,-1.5750552080034468
2022-01-17,2,Subway,West,0.593440261894903,0.006275580268573154,0.24228889639333023,0.264080582240048,-1.999635598348231
2022-01-17,2,Subway,Southwest,0.3913006333645869,-0.011330947787566487,0.15684861764457372,0.1839016666596838,-1.8095959134887354
2022-01-17,2,KFC,Northeast,0.3547703943883929,-0.004864166891967934,0.10307124891057669,0.41065611985185674,-0.5995769332473588
2022-01-17,2,KFC,South,0.52131303850371,-0.006168943098790383,0.08985526769638223,0.059614022899604026,-0.6989680413269632
2022-01-17,2,KFC,Midwest,0.2995702595222483,0.013478691301106866,0.06211878057985756,0.18162748643710216,-1.6495864519456447
2022-01-17,2,KFC,West,0.37018371670900335,0.022416468221826812,0.06522890237178519,0.37457060797482544,-0.8324421431817632
2022-01-17,2,KFC,Southwest,0.4393623700277038,0.0023311973368319253,0.2062792732454961,0.19135202294227086,-1.0871426102390387
2022-01-17,2,Dominos,Northeast,0.17853034940018542,-0.004142932387127693,0.05859345042386398,0.21214506472215292,-0.5436429328251958
2022-01-17,2,Dominos,South,0.30756085612506,-0.005250441129786246,0.16903420222022753,0.2939671196096951,-1.4395915106989112
2022-01-17,2,Dominos,Midwest,0.49344983928505676,0.013370954272031499,0.10019145266430377,0.27749119186196053,-0.977809081224243
2022-01-17,2,Dominos,West,0.057605108350620784,0.024105789335661564,0.09196263428197264,0.08585787626857316,-1.9046964163641222
2022-01-17,2,Dominos,Southwest,0.11328542424881553,0.0026965957030317734,0.013614314134967706,0.23368255004054264,-1.4056289797753911
2022-01-17,2,PizzaHut,Northeast,0.46970968291955373,0.03098995326297231,0.1344967708176812,0.33192020930403915,-0.5542735082177292
2022-01-17,2,PizzaHut,South,0.5894195041956697,-0.0031862391893235625,0.17165385327232988,0.4309775708003919,-1.1915286883248193
2022-01-17,2,PizzaHut,Midwest,0.9420648323611669,0.0031975535521516062,0.05667293070097135,0.5405277045945869,-1.5681807449977332
2022-01-17,2,PizzaHut,West,0.43927327237586394,0.008769000540790982,0.14116557278651456,0.36248858833460823,-1.8195935553070897
2022-01-17,2,PizzaHut,Southwest,0.2117816086058652,0.009925432261224415,0.2076269648452098,0.03054343973064911,-0.9447074897277044
2022-01-24,3,McDonalds,Northeast,0.5222293759841631,-0.0095800267954413,0.027713269265470058,0.5703076004290429,-1.4167227552888253
2022-01-24,3,McDonalds,South,0.44753142870233614,0.031360868745468305,0.28741291316892137,0.36290162650219815,-1.9288765457898727
2022-01-24,3,McDonalds,Midwest,0.5193507081627468,-0.01543076614995902,0.044879181552355416,0.27197951974525986,-0.7982427450570128
2022-01-24,3,McDonalds,West,0.23923094612651424,0.008946539542116324,0.2724710438053291,0.32062222572817095,-1.093428921375788
2022-01-24,3,McDonalds,Southwest,0.8193248901695438,0.0006349683630261019,0.09761475647586786,0.06848935279224204,-1.7021857116976975
2022-01-24,3,BurgerKing,Northeast,0.23516589206508234,0.015711789895419864,0.24450012132992213,0.1451965604342744,-1.2577573150678698
2022-01-24,3,BurgerKing,South,0.7676868550267792,0.031677858490426446,0.07960538031602005,0.48906939996118465,-0.8865346316994134
2022-01-24,3,BurgerKing,Midwest,0.3319913693100734,-0.014172799947256027,0.3165741719930878,0.5707999278834135,-0.8443823193970343
2022-01-24,3,BurgerKing,West,0.3906014100834733,-0.019921155422478264,0.10053500308910315,0.1221118822977808,-1.250572382001857
2022-01-24,3,BurgerKing,Southwest,0.6887142628684658,-0.009456095974141624,0.018483657576278914,0.31990659288970436,-1.5421782048067114
2022-01-24,3,Wendys,Northeast,0.8873784617613586,-0.004355118568668609,0.1328241465142246,0.2864796801727,-0.5393861269422597
2022-01-24,3,Wendys,South,0.26670692151708064,0.02584773962836768,0.06877335669035799,0.4254476061773757,-1.0049560835652607
2022-01-24,3,Wendys,Midwest,0.6345838188008792,-0.006994330672090743,0.08722314572501384,0.211067729489257,-1.3876437209805519
2022-01-24,3,Wendys,West,0.5575943087226733,-0.024710303036704552,0.04165760766371676,0.41158605271605975,-1.5793051636930213
2022-01-24,3,Wendys,Southwest,0.28302551803085324,-0.010401558617114755,0.19598595047373857,0.4491558671991043,-0.9033455254946567
2022-01-24,3,TacoBell,Northeast,0.768269888549789,-0.005382648025180028,0.07730275216667797,0.26793124519078654,-1.6367248316093486
2022-01-24,3,TacoBell,South,0.39479648015128965,-0.009263887334382812,0.003979491119964669,0.41766802910529877,-1.7424350165394678
2022-01-24,3,TacoBell,Midwest,0.667894144449741,0.01419305593402423,0.11549220000432603,0.150108946801192,-1.2052491665568945
2022-01-24,3,TacoBell,West,0.5156280710913939,-0.004203591375444731,0.0446903396082485,0.47182917581289624,-1.5650189110337873
2022-01-24,3,TacoBell,Southwest,0.5597550644423691,-0.016650854291568012,0.10354646560386732,0.08879666648103435,-1.0566422826145774
2022-01-24,3,Subway,Northeast,0.438926348433959,0.02610197488475189,0.22149824057158357,0.4678561070838936,-1.8230919876886498
2022-01-24,3,Subway,South,0.690528314477204,0.0030488498402048017,0.12968553551579612,0.4688915625596436,-1.0175883431490176
2022-01-24,3,Subway,Midwest,0.24402298518075743,-0.010432255117139836,0.21684813678008416,0.34844406917218707,-1.5750552080034468
2022-01-24,3,Subway,West,0.5788976516616978,0.008140123416267431,0.24228889639333023,0.264080582240048,-1.999635598348231
2022-01-24,3,Subway,Southwest,0.3682756153360036,-0.017948812435250365,0.15684861764457372,0.1839016666596838,-1.8095959134887354
2022-01-24,3,KFC,Northeast,0.3561043232687491,0.003660166455994305,0.10307124891057669,0.41065611985185674,-0.5995769332473588
2022-01-24,3,KFC,South,0.5061974266517769,-0.01409415048311739,0.08985526769638223,0.059614022899604026,-0.6989680413269632
2022-01-24,3,KFC,Midwest,0.29123249063997325,0.012331326886437876,0.06211878057985756,0.18162748643710216,-1.6495864519456447
2022-01-24,3,KFC,West,0.3680431850312018,0.027466341011631385,0.06522890237178519,0.37457060797482544,-0.8324421431817632
2022-01-24,3,KFC,Southwest,0.44082951750179883,0.01098874927853314,0.2062792732454961,0.19135202294227086,-1.0871426102390387
2022-01-24,3,Dominos,Northeast,0.1756212499502955,-0.016145896457685455,0.05859345042386398,0.21214506472215292,-0.5436429328251958
2022-01-24,3,Dominos,South,0.3133097083873183,-0.00859545348819573,0.16903420222022753,0.2939671196096951,-1.4395915106989112
2022-01-24,3,Dominos,Midwest,0.497794250794115,0.008621501160421936,0.10019145266430377,0.27749119186196053,-0.977809081224243
2022-01-24,3,Dominos,West,0.06016568064555153,0.017572497009924443,0.09196263428197264,0.08585787626857316,-1.9046964163641222
2022-01-24,3,Dominos,Southwest,0.14003383127229435,0.020351138105842746,0.013614314134967706,0.23368255004054264,-1.4056289797753911
2022-01-24,3,PizzaHut,Northeast,0.4908473468747899,0.035039770372581866,0.1344967708176812,0.33192020930403915,-0.5542735082177292
2022-01-24,3,PizzaHut,South,0.5938985114979459,-0.015795078732674016,0.17165385327232988,0.4309775708003919,-1.1915286883248193
2022-01-24,3,PizzaHut,Midwest,0.9683312986773414,0.012376173022699367,0.05667293070097135,0.5405277045945869,-1.5681807449977332
2022-01-24,3,PizzaHut,West,0.4775826811916169,0.029990562510917314,0.14116557278651456,0.36248858833460823,-1.8195935553070897
2022-01-24,3,PizzaHut,Southwest,0.23919410805700334,0.020250084866735886,0.2076269648452098,0.03054343973064911,-0.9447074897277044
2022-01-31,4,McDonalds,Northeast,0.49341230071852166,-0.024773726454981434,0.027713269265470058,0.5703076004290429,-1.4167227552888253
2022-01-31,4,McDonalds,South,0.42906571236757235,0.026518528016805792,0.28741291316892137,0.36290162650219815,-1.9288765457898727
2022-01-31,4,McDonalds,Midwest,0.5183964440485117,-0.0027616546580927926,0.044879181552355416,0.27197951974525986,-0.7982427450570128
2022-01-31,4,McDonalds,West,0.21853087586422515,0.0018698448859285162,0.2724710438053291,0.32062222572817095,-1.093428921375788
2022-01-31,4,McDonalds,Southwest,0.8101397088449048,0.005073162644488386,0.09761475647586786,0.06848935279224204,-1.7021857116976975
2022-01-31,4,BurgerKing,Northeast,0.25761167466161006,0.02345813042971323,0.24450012132992213,0.1451965604342744,-1.2577573150678698
2022-01-31,4,BurgerKing,South,0.7731169923732326,0.022408553774645616,0.07960538031602005,0.48906939996118465,-0.8865346316994134
2022-01-31,4,BurgerKing,Midwest,0.3460955578116897,-0.014768053507874027,0.3165741719930878,0.5707999278834135,-0.8443823193970343
2022-01-31,4,BurgerKing,West,0.3728881787450169,-0.05233382882316899,0.10053500308910315,0.1221118822977808,-1.250572382001857
2022-01-31,4,BurgerKing,Southwest,0.6931698285173572,-0.019699972387484523,0.018483657576278914,0.31990659288970436,-1.5421782048067114
2022-01-31,4,Wendys,Northeast,0.8884719159716318,-0.006880800082600212,0.1328241465142246,0.2864796801727,-0.5393861269422597
2022-01-31,4,Wendys,South,0.2578482254216369,0.013369907808719184,0.06877335669035799,0.4254476061773757,-1.0049560835652607
2022-01-31,4,Wendys,Midwest,0.6545270675644003,0.00932978236722561,0.08722314572501384,0.211067729489257,-1.3876437209805519
2022-01-31,4,Wendys,West,0.5469120306672717,-0.03901171681631088,0.04165760766371676,0.41158605271605975,-1.5793051636930213
2022-01-31,4,Wendys,Southwest,0.28224420888808815,-0.014802003484084593,0.19598595047373857,0.4491558671991043,-0.9033455254946567
2022-01-31,4,TacoBell,Northeast,0.7678631766463441,-0.004075242252319114,0.07730275216667797,0.26793124519078654,-1.6367248316093486
2022-01-31,4,TacoBell,South,0.4074950953656451,0.005148845556278344,0.003979491119964669,0.41766802910529877,-1.7424350165394678
2022-01-31,4,TacoBell,Midwest,0.6518214052616409,-0.00016556557777016277,0.11549220000432603,0.150108946801192,-1.2052491665568945
2022-01-31,4,TacoBell,West,0.5255455909366378,0.007428046146104864,0.0446903396082485,0.47182917581289624,-1.5650189110337873
2022-01-31,4,TacoBell,Southwest,0.5581432773762591,-0.016548523681372142,0.10354646560386732,0.08879666648103435,-1.0566422826145774
2022-01-31,4,Subway,Northeast,0.4127849004368779,0.01628688837427238,0.22149824057158357,0.4678561070838936,-1.8230919876886498
2022-01-31,4,Subway,South,0.678822987733235,0.007669884582837509,0.12968553551579612,0.4688915625596436,-1.0175883431490176
2022-01-31,4,Subway,Midwest,0.22968722064989047,-0.008441658161405135,0.21684813678008416,0.34844406917218707,-1.5750552080034468
2022-01-31,4,Subway,West,0.5565691214035082,0.0021379546446794843,0.24228889639333023,0.264080582240048,-1.999635598348231
2022-01-31,4,Subway,Southwest,0.3526472746993022,-0.017250791585350176,0.15684861764457372,0.1839016666596838,-1.8095959134887354
2022-01-31,4,KFC,Northeast,0.3461701352104821,-0.00019296951262329437,0.10307124891057669,0.41065611985185674,-0.5995769332473588
2022-01-31,4,KFC,South,0.5012515480146401,-0.01295897703060491,0.08985526769638223,0.059614022899604026,-0.6989680413269632
2022-01-31,4,KFC,Midwest,0.2917727452955343,0.01895263363164834,0.06211878057985756,0.18162748643710216,-1.6495864519456447
2022-01-31,4,KFC,West,0.37782230110300596,0.04332650917308491,0.06522890237178519,0.37457060797482544,-0.8324421431817632
2022-01-31,4,KFC,Southwest,0.42237031042388107,-0.0013894057097353502,0.2062792732454961,0.19135202294227086,-1.0871426102390387
2022-01-31,4,Dominos,Northeast,0.20710908477996776,0.00518443728887721,0.05859345042386398,0.21214506472215292,-0.5436429328251958
2022-01-31,4,Dominos,South,0.30394633147520295,-0.02811633148342075,0.16903420222022753,0.2939671196096951,-1.4395915106989112
2022-01-31,4,Dominos,Midwest,0.5064339009268688,0.007103650210066104,0.10019145266430377,0.27749119186196053,-0.977809081224243
2022-01-31,4,Dominos,West,0.0762063537935069,0.023455669074770206,0.09196263428197264,0.08585787626857316,-1.9046964163641222
2022-01-31,4,Dominos,Southwest,0.1530012510327543,0.023161056783193072,0.013614314134967706,0.23368255004054264,-1.4056289797753911
2022-01-31,4,PizzaHut,Northeast,0.5009955377110487,0.028812775174375926,0.1344967708176812,0.33192020930403915,-0.5542735082177292
2022-01-31,4,PizzaHut,South,0.6081924750288379,-0.01787630123624677,0.17165385327232988,0.4309775708003919,-1.1915286883248193
2022-01-31,4,PizzaHut,Midwest,0.9797764753652177,0.0074461636761110365,0.05667293070097135,0.5405277045945869,-1.5681807449977332
2022-01-31,4,PizzaHut,West,0.48806421965663954,0.024096914941475197,0.14116557278651456,0.36248858833460823,-1.8195935553070897
2022-01-31,4,PizzaHut,Southwest,0.2640653150616783,0.02874610583694614,0.2076269648452098,0.03054343973064911,-0.9447074897277044
2022-02-07,5,McDonalds,Northeast,0.4847723457245029,-0.02120357159533096,0.027713269265470058,0.5703076004290429,-1.4167227552888253
2022-02-07,5,McDonalds,South,0.4099265065612966,0.01958943206419925,0.28741291316892137,0.36290162650219815,-1.9288765457898727
2022-02-07,5,McDonalds,Midwest,0.5151823329491748,0.006234344096239715,0.044879181552355416,0.27197951974525986,-0.7982427450570128
2022-02-07,5,McDonalds,West,0.20939376121932196,0.004942840094694609,0.2724710438053291,0.32062222572817095,-1.093428921375788
2022-02-07,5,McDonalds,Southwest,0.806058220179625,0.013201783832877987,0.09761475647586786,0.06848935279224204,-1.7021857116976975
2022-02-07,5,BurgerKing,Northeast,0.27871654929667516,0.029754418848949353,0.24450012132992213,0.1451965604342744,-1.2577573150678698
2022-02-07,5,BurgerKing,South,0.779635628479841,0.014118603665424891,0.07960538031602005,0.48906939996118465,-0.8865346316994134
2022-02-07,5,BurgerKing,Midwest,0.355302333625549,-0.020369863909843723,0.3165741719930878,0.5707999278834135,-0.8443823193970343
2022-02-07,5,BurgerKing,West,0.39516970101207854,-0.044860892771936375,0.10053500308910315,0.1221118822977808,-1.250572382001857
2022-02-07,5,BurgerKing,Southwest,0.7140821173875209,-0.013596269733149875,0.018483657576278914,0.31990659288970436,-1.5421782048067114
2022-02-07,5,Wendys,Northeast,0.8911854338137968,-0.007089816022241693,0.1328241465142246,0.2864796801727,-0.5393861269422597
2022-02-07,5,Wendys,South,0.26194403303653124,0.014543181641807004,0.06877335669035799,0.4254476061773757,-1.0049560835652607
2022-02-07,5,Wendys,Midwest,0.670226250304091,0.02210643132510986,0.08722314572501384,0.211067729489257,-1.3876437209805519
2022-02-07,5,Wendys,West,0.5439188505607199,-0.04492743070466918,0.04165760766371676,0.41158605271605975,-1.5793051636930213
2022-02-07,5,Wendys,Southwest,0.29063771648159503,-0.009331029672384215,0.19598595047373857,0.4491558671991043,-0.9033455254946567
2022-02-07,5,TacoBell,Northeast,0.7621463172533877,-0.006097168776658054,0.07730275216667797,0.26793124519078654,-1.6367248316093486
2022-02-07,5,TacoBell,South,0.4016233504647554,0.00297203352400614,0.003979491119964669,0.41766802910529877,-1.7424350165394678
2022-02-07,5,TacoBell,Midwest,0.6591142409128953,0.01082220294210174,0.11549220000432603,0.150108946801192,-1.2052491665568945
2022-02-07,5,TacoBell,West,0.5301048215579005,0.015682209635985163,0.0446903396082485,0.47182917581289624,-1.5650189110337873
2022-02-07,5,TacoBell,Southwest,0.562583440867648,-0.008413427321365756,0.10354646560386732,0.08879666648103435,-1.0566422826145774
2022-02-07,5,Subway,Northeast,0.4098308928729064,0.029341676445815673,0.22149824057158357,0.4678561070838936,-1.8230919876886498
2022-02-07,5,Subway,South,0.6630242305140479,0.007879922999165099,0.12968553551579612,0.4688915625596436,-1.0175883431490176
2022-02-07,5,Subway,Midwest,0.22049795472732545,-0.0016221284484554963,0.21684813678008416,0.34844406917218707,-1.5750552080034468
2022-02-07,5,Subway,West,0.5374576582020589,-0.0009647129212550761,0.24228889639333023,0.264080582240048,-1.999635598348231
2022-02-07,5,Subway,Southwest,0.3398801425886719,-0.014009128060465755,0.15684861764457372,0.1839016666596838,-1.8095959134887354
2022-02-07,5,KFC,Northeast,0.33998519574801467,-0.0014944000563001402,0.10307124891057669,0.41065611985185674,-0.5995769332473588
2022-02-07,5,KFC,South,0.49733799874577667,-0.011989017380677727,0.08985526769638223,0.059614022899604026,-0.6989680413269632
2022-02-07,5,KFC,Midwest,0.2928408066311129,0.024904203886017478,0.06211878057985756,0.18162748643710216,-1.6495864519456447
2022-02-07,5,KFC,West,0.36475658535188066,0.03514430234075018,0.06522890237178519,0.37457060797482544,-0.8324421431817632
2022-02-07,5,KFC,Southwest,0.438410674261945,0.019534467047119253,0.2062792732454961,0.19135202294227086,-1.0871426102390387
2022-02-07,5,Dominos,Northeast,0.20812273879154314,-0.0048757365261198095,0.05859345042386398,0.21214506472215292,-0.5436429328251958
2022-02-07,5,Dominos,South,0.30287827317389804,-0.040258217611298074,0.16903420222022753,0.2939671196096951,-1.4395915106989112
2022-02-07,5,Dominos,Midwest,0.5290888374884419,0.01868475894506678,0.10019145266430377,0.27749119186196053,-0.977809081224243
2022-02-07,5,Dominos,West,0.09519680855970866,0.031372296014399566,0.09196263428197264,0.08585787626857316,-1.9046964163641222
2022-02-07,5,Dominos,Southwest,0.17031627702984825,0.029402254953714624,0.013614314134967706,0.23368255004054264,-1.4056289797753911
2022-02-07,5,PizzaHut,Northeast,0.52270403598951,0.035096230267018726,0.1344967708176812,0.33192020930403915,-0.5542735082177292
2022-02-07,5,PizzaHut,South,0.6234950504861873,-0.017998768964715917,0.17165385327232988,0.4309775708003919,-1.1915286883248193
2022-02-07,5,PizzaHut,Midwest,0.9862289748361779,-0.0015263800387472796,0.05667293070097135,0.5405277045945869,-1.5681807449977332
2022-02-07,5,PizzaHut,West,0.5042473084243952,0.02485496052341246,0.14116557278651456,0.36248858833460823,-1.8195935553070897
2022-02-07,5,PizzaHut,Southwest,0.27271874113237565,0.02197448872182502,0.2076269648452098,0.03054343973064911,-0.9447074897277044
2022-02-14,6,McDonalds,Northeast,0.4839037767481841,-0.011452374261153447,0.027713269265470058,0.5703076004290429,-1.4167227552888253
2022-02-14,6,McDonalds,South,0.3978361664357789,0.018118858249177864,0.28741291316892137,0.36290162650219815,-1.9288765457898727
2022-02-14,6,McDonalds,Midwest,0.49630759467075336,-0.0020206278716853997,0.044879181552355416,0.27197951974525986,-0.7982427450570128
2022-02-14,6,McDonalds,West,0.19556013649229573,0.0017289816781646747,0.2724710438053291,0.32062222572817095,-1.093428921375788
2022-02-14,6,McDonalds,Southwest,0.7995677684118849,0.01733109837563423,0.09761475647586786,0.06848935279224204,-1.7021857116976975
2022-02-14,6,BurgerKing,Northeast,0.28778227180074045,0.024117173320909603,0.24450012132992213,0.1451965604342744,-1.2577573150678698
2022-02-14,6,BurgerKing,South,0.7861163925562816,0.005896399709760577,0.07960538031602005,0.48906939996118465,-0.8865346316994134
2022-02-14,6,BurgerKing,Midwest,0.37244217377257327,-0.0179329917949246,0.3165741719930878,0.5707999278834135,-0.8443823193970343
2022-02-14,6,BurgerKing,West,0.4123223347552708,-0.04241122706084915,0.10053500308910315,0.1221118822977808,-1.250572382001857
2022-02-14,6,BurgerKing,Southwest,0.7237156536659146,-0.018665701486861173,0.018483657576278914,0.31990659288970436,-1.5421782048067114
2022-02-14,6,Wendys,Northeast,0.8886585983898649,-0.01180019907842492,0.1328241465142246,0.2864796801727,-0.5393861269422597
2022-02-14,6,Wendys,South,0.2664480800423589,0.016863681015383367,0.06877335669035799,0.4254476061773757,-1.0049560835652607
2022-02-14,6,Wendys,Midwest,0.6579289545213691,0.007625587910136617,0.08722314572501384,0.211067729489257,-1.3876437209805519
2022-02-14,6,Wendys,West,0.5320277604492056,-0.05900206844843473,0.04165760766371676,0.41158605271605975,-1.5793051636930213
2022-02-14,6,Wendys,Southwest,0.285636821901322,-0.016515471884908574,0.19598595047373857,0.4491558671991043,-0.9033455254946567
2022-02-14,6,TacoBell,Northeast,0.7543896836428006,-0.008231640293776526,0.07730275216667797,0.26793124519078654,-1.6367248316093486
2022-02-14,6,TacoBell,South,0.3991102640272668,0.006081109179986186,0.003979491119964669,0.41766802910529877,-1.7424350165394678
2022-02-14,6,TacoBell,Midwest,0.6682456409889223,0.02557576511159726,0.11549220000432603,0.150108946801192,-1.2052491665568945
2022-02-14,6,TacoBell,West,0.5330592556964521,0.024258805868005356,0.0446903396082485,0.47182917581289624,-1.5650189110337873
2022-02-14,6,TacoBell,Southwest,0.5553618934745452,-0.010012812621000027,0.10354646560386732,0.08879666648103435,-1.0566422826145774
2022-02-14,6,Subway,Northeast,0.39418166944999283,0.029151514366788783,0.22149824057158357,0.4678561070838936,-1.8230919876886498
2022-02-14,6,Subway,South,0.6375398755237831,-0.0021453706472129904,0.12968553551579612,0.4688915625596436,-1.0175883431490176
2022-02-14,6,Subway,Midwest,0.20485376202351485,-0.0018072598083793954,0.21684813678008416,0.34844406917218707,-1.5750552080034468
2022-02-14,6,Subway,West,0.5191120104689708,-0.003851299310456455,0.24228889639333023,0.264080582240048,-1.999635598348231
2022-02-14,6,Subway,Southwest,0.3276482668481661,-0.01078194245708486,0.15684861764457372,0.1839016666596838,-1.8095959134887354
2022-02-14,6,KFC,Northeast,0.3280977439216601,-0.00976670949182337,0.10307124891057669,0.41065611985185674,-0.5995769332473588
2022-02-14,6,KFC,South,0.498916321497357,-0.006795552238266004,0.08985526769638223,0.059614022899604026,-0.6989680413269632
2022-02-14,6,KFC,Midwest,0.30455305337030725,0.04023159301604325,0.06211878057985756,0.18162748643710216,-1.6495864519456447
2022-02-14,6,KFC,West,0.36005384147648073,0.03405670085618161,0.06522890237178519,0.37457060797482544,-0.8324421431817632
2022-02-14,6,KFC,Southwest,0.43881264909210305,0.023551584268108668,0.2062792732454961,0.19135202294227086,-1.0871426102390387
2022-02-14,6,Dominos,Northeast,0.22685373448063817,0.002025703390991316,0.05859345042386398,0.21214506472215292,-0.5436429328251958
2022-02-14,6,Dominos,South,0.3106956242270235,-0.044270422330156434,0.16903420222022753,0.2939671196096951,-1.4395915106989112
2022-02-14,6,Dominos,Midwest,0.5431593180785299,0.02092568376317095,0.10019145266430377,0.27749119186196053,-0.977809081224243
2022-02-14,6,Dominos,West,0.10715228833951046,0.03149822002221751,0.09196263428197264,0.08585787626857316,-1.9046964163641222
2022-02-14,6,Dominos,Southwest,0.18312259378732043,0.03037901593920294,0.013614314134967706,0.23368255004054264,-1.4056289797753911
2022-02-14,6,PizzaHut,Northeast,0.5292251359496443,0.02736613242846406,0.1344967708176812,0.33192020930403915,-0.5542735082177292
2022-02-14,6,PizzaHut,South,0.6379913500274655,-0.017753667222126488,0.17165385327232988,0.4309775708003919,-1.1915286883248193
2022-02-14,6,PizzaHut,Midwest,0.99,0.003453602873707215,0.05667293070097135,0.5405277045945869,-1.5681807449977332
2022-02-14,6,PizzaHut,West,0.5330099423010346,0.03936639660136288,0.14116557278651456,0.36248858833460823,-1.8195935553070897
2022-02-14,6,PizzaHut,Southwest,0.29656264719191666,0.03156719698267709,0.2076269648452098,0.03054343973064911,-0.9447074897277044
2022-02-21,7,McDonalds,Northeast,0.496560192301879,0.010079450313962117,0.027713269265470058,0.5703076004290429,-1.4167227552888253
2022-02-21,7,McDonalds,South,0.38128728178547777,0.010445382620297369,0.28741291316892137,0.36290162650219815,-1.9288765457898727
2022-02-21,7,McDonalds,Midwest,0.4961553920165396,0.006702578495521382,0.044879181552355416,0.27197951974525986,-0.7982427450570128
2022-02-21,7,McDonalds,West,0.1885181475282586,0.0035624017355481924,0.2724710438053291,0.32062222572817095,-1.093428921375788
2022-02-21,7,McDonalds,Southwest,0.8125903887226411,0.03922912770781095,0.09761475647586786,0.06848935279224204,-1.7021857116976975
2022-02-21,7,BurgerKing,Northeast,0.2940834081917784,0.016034190467358087,0.24450012132992213,0.1451965604342744,-1.2577573150678698
2022-02-21,7,BurgerKing,South,0.7921032933790634,-0.0025008187120471835,0.07960538031602005,0.48906939996118465,-0.8865346316994134
2022-02-21,7,BurgerKing,Midwest,0.38083236656272246,-0.023926918249364822,0.3165741719930878,0.5707999278834135,-0.8443823193970343
2022-02-21,7,BurgerKing,West,0.40546749675676225,-0.06365018430394721,0.10053500308910315,0.1221118822977808,-1.250572382001857
2022-02-21,7,BurgerKing,Southwest,0.7328422226936965,-0.023923251703668783,0.018483657576278914,0.31990659288970436,-1.5421782048067114
2022-02-21,7,Wendys,Northeast,0.8824801662372076,-0.0193915256939619,0.1328241465142246,0.2864796801727,-0.5393861269422597
2022-02-21,7,Wendys,South,0.26936491237000065,0.01836761888014544,0.06877335669035799,0.4254476061773757,-1.0049560835652607
2022-02-21,7,Wendys,Midwest,0.6627594087420204,0.011043147667908211,0.08722314572501384,0.211067729489257,-1.3876437209805519
2022-02-21,7,Wendys,West,0.5522023633042442,-0.04024036005627587,0.04165760766371676,0.41158605271605975,-1.5793051636930213
2022-02-21,7,Wendys,Southwest,0.29655395474606216,-0.007011233503048071,0.19598595047373857,0.4491558671991043,-0.9033455254946567
2022-02-21,7,TacoBell,Northeast,0.7411527914833116,-0.014000676850400556,0.07730275216667797,0.26793124519078654,-1.6367248316093486
2022-02-21,7,TacoBell,South,0.38265826171091827,-0.0029030375334973936,0.003979491119964669,0.41766802910529877,-1.7424350165394678
2022-02-21,7,TacoBell,Midwest,0.6656969771011223,0.03049495682666232,0.11549220000432603,0.150108946801192,-1.2052491665568945
2022-02-21,7,TacoBell,West,0.5123890680233807,0.011056473797798935,0.0446903396082485,0.47182917581289624,-1.5650189110337873
2022-02-21,7,TacoBell,Southwest,0.5662086255302238,0.008301775037543513,0.10354646560386732,0.08879666648103435,-1.0566422826145774
2022-02-21,7,Subway,Northeast,0.39129093949364147,0.04094591557400165,0.22149824057158357,0.4678561070838936,-1.8230919876886498
2022-02-21,7,Subway,South,0.6181629878391719,-0.006837127168260039,0.12968553551579612,0.4688915625596436,-1.0175883431490176
2022-02-21,7,Subway,Midwest,0.17303728556904183,-0.018938605099288176,0.21684813678008416,0.34844406917218707,-1.5750552080034468
2022-02-21,7,Subway,West,0.5179656030470607,0.009687424431197678,0.24228889639333023,0.264080582240048,-1.999635598348231
2022-02-21,7,Subway,Southwest,0.31181773723207573,-0.011927340909611039,0.15684861764457372,0.1839016666596838,-1.8095959134887354
2022-02-21,7,KFC,Northeast,0.338181559980184,0.002611453627911247,0.10307124891057669,0.41065611985185674,-0.5995769332473588
2022-02-21,7,KFC,South,0.4806776978482026,-0.022739828826209674,0.08985526769638223,0.059614022899604026,-0.6989680413269632
2022-02-21,7,KFC,Midwest,0.2962649560795589,0.034237842786505525,0.06211878057985756,0.18162748643710216,-1.6495864519456447
2022-02-21,7,KFC,West,0.3578119314124519,0.03410913785336344,0.06522890237178519,0.37457060797482544,-0.8324421431817632
2022-02-21,7,KFC,Southwest,0.4369881079685398,0.02402139020575609,0.2062792732454961,0.19135202294227086,-1.0871426102390387
2022-02-21,7,Dominos,Northeast,0.2347668046990325,-0.002474951323801121,0.05859345042386398,0.21214506472215292,-0.5436429328251958
2022-02-21,7,Dominos,South,0.32933784848368525,-0.038041923006681445,0.16903420222022753,0.2939671196096951,-1.4395915106989112
2022-02-21,7,Dominos,Midwest,0.5448968387178907,0.010249479469345006,0.10019145266430377,0.27749119186196053,-0.977809081224243
2022-02-21,7,Dominos,West,0.1181422184224843,0.03007442517200458,0.09196263428197264,0.08585787626857316,-1.9046964163641222
2022-02-21,7,Dominos,Southwest,0.19673927503762617,0.03158197225632193,0.013614314134967706,0.23368255004054264,-1.4056289797753911
2022-02-21,7,PizzaHut,Northeast,0.5472401979206952,0.03251052076905155,0.1344967708176812,0.33192020930403915,-0.5542735082177292
2022-02-21,7,PizzaHut,South,0.657978172438818,-0.010637518441237592,0.17165385327232988,0.4309775708003919,-1.1915286883248193
2022-02-21,7,PizzaHut,Midwest,0.99,-0.007792818044671476,0.05667293070097135,0.5405277045945869,-1.5681807449977332
2022-02-21,7,PizzaHut,West,0.5305394742241418,0.024025254894006656,0.14116557278651456,0.36248858833460823,-1.8195935553070897
2022-02-21,7,PizzaHut,Southwest,0.3222100890413652,0.044343965201662186,0.2076269648452098,0.03054343973064911,-0.9447074897277044
2022-02-28,8,McDonalds,Northeast,0.4928809967975607,0.013402590433758034,0.027713269265470058,0.5703076004290429,-1.4167227552888253
2022-02-28,8,McDonalds,South,0.36680008079579796,0.002960517254731832,0.28741291316892137,0.36290162650219815,-1.9288765457898727
2022-02-28,8,McDonalds,Midwest,0.5046645761476506,0.022214098250746613,0.044879181552355416,0.27197951974525986,-0.7982427450570128
2022-02-28,8,McDonalds,West,0.182672558247073,0.004719148078476779,0.2724710438053291,0.32062222572817095,-1.093428921375788
2022-02-28,8,McDonalds,Southwest,0.8173810249391651,0.05102209954844922,0.09761475647586786,0.06848935279224204,-1.7021857116976975
2022-02-28,8,BurgerKing,Northeast,0.3086152569812666,0.016709375281459177,0.24450012132992213,0.1451965604342744,-1.2577573150678698
2022-02-28,8,BurgerKing,South,0.8265674366032704,0.01810666053677269,0.07960538031602005,0.48906939996118465,-0.8865346316994134
2022-02-28,8,BurgerKing,Midwest,0.41224243896254154,-0.006373509824932778,0.3165741719930878,0.5707999278834135,-0.8443823193970343
2022-02-28,8,BurgerKing,West,0.41683451924735854,-0.06613982578873795,0.10053500308910315,0.1221118822977808,-1.250572382001857
2022-02-28,8,BurgerKing,Southwest,0.7564145961786272,-0.014207542194125228,0.018483657576278914,0.31990659288970436,-1.5421782048067114
2022-02-28,8,Wendys,Northeast,0.8895556764467907,-0.012937766198110427,0.1328241465142246,0.2864796801727,-0.5393861269422597
2022-02-28,8,Wendys,South,0.2836729786590557,0.03205393445546893,0.06877335669035799,0.4254476061773757,-1.0049560835652607
2022-02-28,8,Wendys,Midwest,0.6537319248499509,0.0013939130621071667,0.08722314572501384,0.211067729489257,-1.3876437209805519
2022-02-28,8,Wendys,West,0.5596846286179602,-0.033379845456291475,0.04165760766371676,0.41158605271605975,-1.5793051636930213
2022-02-28,8,Wendys,Southwest,0.3077599503282896,0.0035730113654478066,0.19598595047373857,0.4491558671991043,-0.9033455254946567
2022-02-28,8,TacoBell,Northeast,0.7143601504940629,-0.031588071714631696,0.07730275216667797,0.26793124519078654,-1.6367248316093486
2022-02-28,8,TacoBell,South,0.36162043045924297,-0.014735622660155146,0.003979491119964669,0.41766802910529877,-1.7424350165394678
2022-02-28,8,TacoBell,Midwest,0.6360994091985037,0.010102635049061313,0.11549220000432603,0.150108946801192,-1.2052491665568945
2022-02-28,8,TacoBell,West,0.5004897535539176,0.008362405453353358,0.0446903396082485,0.47182917581289624,-1.5650189110337873
2022-02-28,8,TacoBell,Southwest,0.5641788019631658,0.015477197595503134,0.10354646560386732,0.08879666648103435,-1.0566422826145774
2022-02-28,8,Subway,Northeast,0.39261628095498324,0.05596948609496193,0.22149824057158357,0.4678561070838936,-1.8230919876886498
2022-02-28,8,Subway,South,0.6052057065837511,-0.0060961793640622874,0.12968553551579612,0.4688915625596436,-1.0175883431490176
2022-02-28,8,Subway,Midwest,0.17562521196513617,-0.0026524496435752568,0.21684813678008416,0.34844406917218707,-1.5750552080034468
2022-02-28,8,Subway,West,0.49046635940529326,-0.004113590150951236,0.24228889639333023,0.264080582240048,-1.999635598348231
2022-02-28,8,Subway,Southwest,0.2810856837789055,-0.02896116530316259,0.15684861764457372,0.1839016666596838,-1.8095959134887354
2022-02-28,8,KFC,Northeast,0.336685805154266,0.0020559766389450593,0.10307124891057669,0.41065611985185674,-0.5995769332473588
2022-02-28,8,KFC,South,0.48357807450064383,-0.0188991743368166,0.08985526769638223,0.059614022899604026,-0.6989680413269632
2022-02-28,8,KFC,Midwest,0.2949977307616661,0.03391089530556459,0.06211878057985756,0.18162748643710216,-1.6495864519456447
2022-02-28,8,KFC,West,0.33619723257510126,0.013434716852964674,0.06522890237178519,0.37457060797482544,-0.8324421431817632
2022-02-28,8,KFC,Southwest,0.4351566297364601,0.023130189810628206,0.2062792732454961,0.19135202294227086,-1.0871426102390387
2022-02-28,8,Dominos,Northeast,0.23453997305872606,-0.015519646328849654,0.05859345042386398,0.21214506472215292,-0.5436429328251958
2022-02-28,8,Dominos,South,0.3488524373367278,-0.03134519751838106,0.16903420222022753,0.2939671196096951,-1.4395915106989112
2022-02-28,8,Dominos,Midwest,0.5613806845436013,0.01391546193031349,0.10019145266430377,0.27749119186196053,-0.977809081224243
2022-02-28,8,Dominos,West,0.12156128392395289,0.02067562730873103,0.09196263428197264,0.08585787626857316,-1.9046964163641222
2022-02-28,8,Dominos,Southwest,0.2044184692290014,0.02644330308295499,0.013614314134967706,0.23368255004054264,-1.4056289797753911
2022-02-28,8,PizzaHut,Northeast,0.5479515545107431,0.021918385550162036,0.1344967708176812,0.33192020930403915,-0.5542735082177292
2022-02-28,8,PizzaHut,South,0.6686548732750236,-0.01126430941396931,0.17165385327232988,0.4309775708003919,-1.1915286883248193
2022-02-28,8,PizzaHut,Midwest,0.99,0.001758605160340908,0.05667293070097135,0.5405277045945869,-1.5681807449977332
2022-02-28,8,PizzaHut,West,0.5319857055697238,0.01416799443065122,0.14116557278651456,0.36248858833460823,-1.8195935553070897
2022-02-28,8,PizzaHut,Southwest,0.33855404600548106,0.04938443035684063,0.2076269648452098,0.03054343973064911,-0.9447074897277044
2022-03-07,9,McDonalds,Northeast,0.4825507101451375,0.008100014250033625,0.027713269265470058,0.5703076004290429,-1.4167227552888253
2022-03-07,9,McDonalds,South,0.3538436420044758,-0.004968211067891609,0.28741291316892137,0.36290162650219815,-1.9288765457898727
2022-03-07,9,McDonalds,Midwest,0.4985665620794063,0.021143794651201035,0.044879181552355416,0.27197951974525986,-0.7982427450570128
2022-03-07,9,McDonalds,West,0.16729242455418045,-0.005633275145716962,0.2724710438053291,0.32062222572817095,-1.093428921375788
2022-03-07,9,McDonalds,Southwest,0.8068168214169945,0.0454856064949774,0.09761475647586786,0.06848935279224204,-1.7021857116976975
2022-03-07,9,BurgerKing,Northeast,0.3097647297289718,0.004730596355570693,0.24450012132992213,0.1451965604342744,-1.2577573150678698
2022-03-07,9,BurgerKing,South,0.8593429396060279,0.03775391186593658,0.07960538031602005,0.48906939996118465,-0.8865346316994134
2022-03-07,9,BurgerKing,Midwest,0.42572332615585257,-0.006020874305215492,0.3165741719930878,0.5707999278834135,-0.8443823193970343
2022-03-07,9,BurgerKing,West,0.4229655158410264,-0.0731370808686638,0.10053500308910315,0.1221118822977808,-1.250572382001857
2022-03-07,9,BurgerKing,Southwest,0.771682646959563,-0.012067743086783008,0.018483657576278914,0.31990659288970436,-1.5421782048067114
2022-03-07,9,Wendys,Northeast,0.888253985940491,-0.014061046695018724,0.1328241465142246,0.2864796801727,-0.5393861269422597
2022-03-07,9,Wendys,South,0.2812848726543321,0.029844238460136705,0.06877335669035799,0.4254476061773757,-1.0049560835652607
2022-03-07,9,Wendys,Midwest,0.6596951818409938,0.007535580062541419,0.08722314572501384,0.211067729489257,-1.3876437209805519
2022-03-07,9,Wendys,West,0.5670812957090419,-0.025804768355818422,0.04165760766371676,0.41158605271605975,-1.5793051636930213
2022-03-07,9,Wendys,Southwest,0.302276528842793,-0.0017320001106574685,0.19598595047373857,0.4491558671991043,-0.9033455254946567
2022-03-07,9,TacoBell,Northeast,0.6977928310294406,-0.0373462541210785,0.07730275216667797,0.26793124519078654,-1.6367248316093486
2022-03-07,9,TacoBell,South,0.34806077642955097,-0.017486139631671588,0.003979491119964669,0.41766802910529877,-1.7424350165394678
2022-03-07,9,TacoBell,Midwest,0.6022710604929724,-0.012916576598294535,0.11549220000432603,0.150108946801192,-1.2052491665568945
2022-03-07,9,TacoBell,West,0.4745287058737565,-0.006789505168632163,0.0446903396082485,0.47182917581289624,-1.5650189110337873
2022-03-07,9,TacoBell,Southwest,0.5670384075794355,0.02914594026994838,0.10354646560386732,0.08879666648103435,-1.0566422826145774
2022-03-07,9,Subway,Northeast,0.39655329045582055,0.07241916322997477,0.22149824057158357,0.4678561070838936,-1.8230919876886498
2022-03-07,9,Subway,South,0.5902026785540118,-0.008586539759626071,0.12968553551579612,0.4688915625596436,-1.0175883431490176
2022-03-07,9,Subway,Midwest,0.16887811396151828,0.0031131199869824074,0.21684813678008416,0.34844406917218707,-1.5750552080034468
2022-03-07,9,Subway,West,0.4810661933165532,-0.001001088605515875,0.24228889639333023,0.264080582240048,-1.999635598348231
2022-03-07,9,Subway,Southwest,0.2993618242292825,0.001827642781389787,0.15684861764457372,0.1839016666596838,-1.8095959134887354
2022-03-07,9,KFC,Northeast,0.348308982087044,0.013251725753290828,0.10307124891057669,0.41065611985185674,-0.5995769332473588
2022-03-07,9,KFC,South,0.4827263264042684,-0.020178350251624264,0.08985526769638223,0.059614022899604026,-0.6989680413269632
2022-03-07,9,KFC,Midwest,0.2858697541740941,0.024355490899560333,0.06211878057985756,0.18162748643710216,-1.6495864519456447
2022-03-07,9,KFC,West,0.32056019719095774,-0.0026297463496110507,0.06522890237178519,0.37457060797482544,-0.8324421431817632
2022-03-07,9,KFC,Southwest,0.43761869391356445,0.025164826169300436,0.2062792732454961,0.19135202294227086,-1.0871426102390387
2022-03-07,9,Dominos,Northeast,0.24001257563266737,-0.02308315378169269,0.05859345042386398,0.21214506472215292,-0.5436429328251958
2022-03-07,9,Dominos,South,0.34766601026753535,-0.0455677346143578,0.16903420222022753,0.2939671196096951,-1.4395915106989112
2022-03-07,9,Dominos,Midwest,0.5679510657279604,0.007449733087888223,0.10019145266430377,0.27749119186196053,-0.977809081224243
2022-03-07,9,Dominos,West,0.12378191391459326,0.009860147272587078,0.09196263428197264,0.08585787626857316,-1.9046964163641222
2022-03-07,9,Dominos,Southwest,0.23432599560651135,0.043314719433680635,0.013614314134967706,0.23368255004054264,-1.4056289797753911
2022-03-07,9,PizzaHut,Northeast,0.5663403325550425,0.030734783119656543,0.1344967708176812,0.33192020930403915,-0.5542735082177292
2022-03-07,9,PizzaHut,South,0.6781475273366623,-0.011344035827135484,0.17165385327232988,0.4309775708003919,-1.1915286883248193
2022-03-07,9,PizzaHut,Midwest,0.99,0.01655804654924117,0.05667293070097135,0.5405277045945869,-1.5681807449977332
2022-03-07,9,PizzaHut,West,0.5423317691210048,0.014941677507127403,0.14116557278651456,0.36248858833460823,-1.8195935553070897
2022-03-07,9,PizzaHut,Southwest,0.3395135844670033,0.040771588343558,0.2076269648452098,0.03054343973064911,-0.9447074897277044
2022-03-14,10,McDonalds,Northeast,0.49480178025257204,0.0233312550227302,0.027713269265470058,0.5703076004290429,-1.4167227552888253
2022-03-14,10,McDonalds,South,0.3562525717760604,0.0004208893689549775,0.28741291316892137,0.36290162650219815,-1.9288765457898727
2022-03-14,10,McDonalds,Midwest,0.48521392987087963,0.01077133310793647,0.044879181552355416,0.27197951974525986,-0.7982427450570128
2022-03-14,10,McDonalds,West,0.16240886710808236,-0.007536661926553044,0.2724710438053291,0.32062222572817095,-1.093428921375788
2022-03-14,10,McDonalds,Southwest,0.7950804682178849,0.036729423961129826,0.09761475647586786,0.06848935279224204,-1.7021857116976975
2022-03-14,10,BurgerKing,Northeast,0.30814617859806914,-0.00909740095407267,0.24450012132992213,0.1451965604342744,-1.2577573150678698
2022-03-14,10,BurgerKing,South,0.880814161260085,0.047015687341253,0.07960538031602005,0.48906939996118465,-0.8865346316994134
2022-03-14,10,BurgerKing,Midwest,0.45702693873929456,0.013073292099485816,0.3165741719930878,0.5707999278834135,-0.8443823193970343
2022-03-14,10,BurgerKing,West,0.4211892862815757,-0.08712275660685521,0.10053500308910315,0.1221118822977808,-1.250572382001857
2022-03-14,10,BurgerKing,Southwest,0.7895217855052095,-0.0064380507198773,0.018483657576278914,0.31990659288970436,-1.5421782048067114
2022-03-14,10,Wendys,Northeast,0.8807715769177472,-0.020567472386236997,0.1328241465142246,0.2864796801727,-0.5393861269422597
2022-03-14,10,Wendys,South,0.27543763548515976,0.024972984622489744,0.06877335669035799,0.4254476061773757,-1.0049560835652607
2022-03-14,10,Wendys,Midwest,0.6527952592670797,0.001611640820152727,0.08722314572501384,0.211067729489257,-1.3876437209805519
2022-03-14,10,Wendys,West,0.5574654046807183,-0.034444676052616585,0.04165760766371676,0.41158605271605975,-1.5793051636930213
2022-03-14,10,Wendys,Southwest,0.30178576179071587,-0.0012467838312091985,0.19598595047373857,0.4491558671991043,-0.9033455254946567
2022-03-14,10,TacoBell,Northeast,0.677227061979599,-0.04565575528518888,0.07730275216667797,0.26793124519078654,-1.6367248316093486
2022-03-14,10,TacoBell,South,0.3385090768016181,-0.0147815713738732,0.003979491119964669,0.41766802910529877,-1.7424350165394678
2022-03-14,10,TacoBell,Midwest,0.5895124115127497,-0.013418957692785904,0.11549220000432603,0.150108946801192,-1.2052491665568945
2022-03-14,10,TacoBell,West,0.4598829575193612,-0.009178985637296262,0.0446903396082485,0.47182917581289624,-1.5650189110337873
2022-03-14,10,TacoBell,Southwest,0.5457065030732883,0.020070303649532398,0.10354646560386732,0.08879666648103435,-1.0566422826145774
2022-03-14,10,Subway,Northeast,0.37963993659302364,0.06665144992429144,0.22149824057158357,0.4678561070838936,-1.8230919876886498
2022-03-14,10,Subway,South,0.5866109502551556,-0.0010326275013685104,0.12968553551579612,0.4688915625596436,-1.0175883431490176
2022-03-14,10,Subway,Midwest,0.16274164528064855,0.008122291863226215,0.21684813678008416,0.34844406917218707,-1.5750552080034468
2022-03-14,10,Subway,West,0.46014500031145406,-0.010776641053501387,0.24228889639333023,0.264080582240048,-1.999635598348231
2022-03-14,10,Subway,Southwest,0.2892095067264611,0.002820965835682046,0.15684861764457372,0.1839016666596838,-1.8095959134887354
2022-03-14,10,KFC,Northeast,0.3576117879990966,0.02076559698700872,0.10307124891057669,0.41065611985185674,-0.5995769332473588
2022-03-14,10,KFC,South,0.46782120827138945,-0.03687240306283798,0.08985526769638223,0.059614022899604026,-0.6989680413269632
2022-03-14,10,KFC,Midwest,0.29309229077622817,0.029789092823359682,0.06211878057985756,0.18162748643710216,-1.6495864519456447
2022-03-14,10,KFC,West,0.3157228942798341,-0.009255983939069519,0.06522890237178519,0.37457060797482544,-0.8324421431817632
2022-03-14,10,KFC,Southwest,0.44511361527783094,0.03087081285523203,0.2062792732454961,0.19135202294227086,-1.0871426102390387
2022-03-14,10,Dominos,Northeast,0.24544528385231745,-0.030715745347117858,0.05859345042386398,0.21214506472215292,-0.5436429328251958
2022-03-14,10,Dominos,South,0.34268248904596543,-0.06361655562100299,0.16903420222022753,0.2939671196096951,-1.4395915106989112
2022-03-14,10,Dominos,Midwest,0.5647409411342041,-0.008825691290943403,0.10019145266430377,0.27749119186196053,-0.977809081224243
2022-03-14,10,Dominos,West,0.13732806316628232,0.010340996739200898,0.09196263428197264,0.08585787626857316,-1.9046964163641222
2022-03-14,10,Dominos,Southwest,0.24998852040880143,0.045911944450895456,0.013614314134967706,0.23368255004054264,-1.4056289797753911
2022-03-14,10,PizzaHut,Northeast,0.5649996114695447,0.021691616868612457,0.1344967708176812,0.33192020930403915,-0.5542735082177292
2022-03-14,10,PizzaHut,South,0.6922358970899823,-0.004958111239361744,0.17165385327232988,0.4309775708003919,-1.1915286883248193
2022-03-14,10,PizzaHut,Midwest,0.99,-5.715407344842813e-05,0.05667293070097135,0.5405277045945869,-1.5681807449977332
2022-03-14,10,PizzaHut,West,0.549373416300078,0.014280879520654237,0.14116557278651456,0.36248858833460823,-1.8195935553070897
2022-03-14,10,PizzaHut,Southwest,0.335105867634925,0.028661426345933435,0.2076269648452098,0.03054343973064911,-0.9447074897277044
2022-03-21,11,McDonalds,Northeast,0.48739400840195946,0.016812893944708605,0.027713269265470058,0.5703076004290429,-1.4167227552888253
2022-03-21,11,McDonalds,South,0.35583714771663344,0.0008948760821191177,0.28741291316892137,0.36290162650219815,-1.9288765457898727
2022-03-21,11,McDonalds,Midwest,0.47572038544544903,0.002167199455096946,0.044879181552355416,0.27197951974525986,-0.7982427450570128
2022-03-21,11,McDonalds,West,0.15767390089319308,-0.011382217368851298,0.2724710438053291,0.32062222572817095,-1.093428921375788
2022-03-21,11,McDonalds,Southwest,0.8042539855374383,0.04679235205327423,0.09761475647586786,0.06848935279224204,-1.7021857116976975
2022-03-21,11,BurgerKing,Northeast,0.31349083242096676,-0.014866319649304158,0.24450012132992213,0.1451965604342744,-1.2577573150678698
2022-03-21,11,BurgerKing,South,0.9002846548988656,0.05537260846190442,0.07960538031602005,0.48906939996118465,-0.8865346316994134
2022-03-21,11,BurgerKing,Midwest,0.4568434427108474,0.0017762235529096351,0.3165741719930878,0.5707999278834135,-0.8443823193970343
2022-03-21,11,BurgerKing,West,0.4376009005788576,-0.08182471482770239,0.10053500308910315,0.1221118822977808,-1.250572382001857
2022-03-21,11,BurgerKing,Southwest,0.8150510442299176,0.007977635486701704,0.018483657576278914,0.31990659288970436,-1.5421782048067114
2022-03-21,11,Wendys,Northeast,0.8542957295148419,-0.04528391738750989,0.1328241465142246,0.2864796801727,-0.5393861269422597
2022-03-21,11,Wendys,South,0.26570928052882253,0.017004032067784974,0.06877335669035799,0.4254476061773757,-1.0049560835652607
2022-03-21,11,Wendys,Midwest,0.6568065781372526,0.007382362091958128,0.08722314572501384,0.211067729489257,-1.3876437209805519
2022-03-21,11,Wendys,West,0.553675548418656,-0.03647512991304651,0.04165760766371676,0.41158605271605975,-1.5793051636930213
2022-03-21,11,Wendys,Southwest,0.3037378181227965,0.0024646749025038902,0.19598595047373857,0.4491558671991043,-0.9033455254946567
2022-03-21,11,TacoBell,Northeast,0.6576615585992972,-0.051695607152347084,0.07730275216667797,0.26793124519078654,-1.6367248316093486
2022-03-21,11,TacoBell,South,0.3258493231632037,-0.013915673499144202,0.003979491119964669,0.41766802910529877,-1.7424350165394678
2022-03-21,11,TacoBell,Midwest,0.5744299876456854,-0.014975730046706699,0.11549220000432603,0.150108946801192,-1.2052491665568945
2022-03-21,11,TacoBell,West,0.45803512662281576,0.0024988349793018116,0.0446903396082485,0.47182917581289624,-1.5650189110337873
2022-03-21,11,TacoBell,Southwest,0.5347250599931569,0.02261451208254453,0.10354646560386732,0.08879666648103435,-1.0566422826145774
2022-03-21,11,Subway,Northeast,0.37339898999985577,0.07002747654504346,0.22149824057158357,0.4678561070838936,-1.8230919876886498
2022-03-21,11,Subway,South,0.5728752073800112,-0.005151397162593184,0.12968553551579612,0.4688915625596436,-1.0175883431490176
2022-03-21,11,Subway,Midwest,0.14824860982600369,0.0032462296225012795,0.21684813678008416,0.34844406917218707,-1.5750552080034468
2022-03-21,11,Subway,West,0.44620244521933794,-0.015102222931697596,0.24228889639333023,0.264080582240048,-1.999635598348231
2022-03-21,11,Subway,Southwest,0.2835370549363242,0.006765487259465014,0.15684861764457372,0.1839016666596838,-1.8095959134887354
2022-03-21,11,KFC,Northeast,0.3565264406054161,0.016555752178806088,0.10307124891057669,0.41065611985185674,-0.5995769332473588
2022-03-21,11,KFC,South,0.4738434542548758,-0.03397465449387385,0.08985526769638223,0.059614022899604026,-0.6989680413269632
2022-03-21,11,KFC,Midwest,0.3169707961772047,0.05054310080981407,0.06211878057985756,0.18162748643710216,-1.6495864519456447
2022-03-21,11,KFC,West,0.32755863872867313,-0.0005447369047525946,0.06522890237178519,0.37457060797482544,-0.8324421431817632
2022-03-21,11,KFC,Southwest,0.4449778773706747,0.027610577533553615,0.2062792732454961,0.19135202294227086,-1.0871426102390387
2022-03-21,11,Dominos,Northeast,0.2703624323874943,-0.01870360612547841,0.05859345042386398,0.21214506472215292,-0.5436429328251958
2022-03-21,11,Dominos,South,0.3515067446292873,-0.06769730935121851,0.16903420222022753,0.2939671196096951,-1.4395915106989112
2022-03-21,11,Dominos,Midwest,0.5572647050959629,-0.02920693664272194,0.10019145266430377,0.27749119186196053,-0.977809081224243
2022-03-21,11,Dominos,West,0.14015220937064568,0.000260133630026858,0.09196263428197264,0.08585787626857316,-1.9046964163641222
2022-03-21,11,Dominos,Southwest,0.24418561051208026,0.0272040252406369,0.013614314134967706,0.23368255004054264,-1.4056289797753911
2022-03-21,11,PizzaHut,Northeast,0.5672052813501205,0.01817648202819937,0.1344967708176812,0.33192020930403915,-0.5542735082177292
2022-03-21,11,PizzaHut,South,0.6981408856028668,-0.004773927447466227,0.17165385327232988,0.4309775708003919,-1.1915286883248193
2022-03-21,11,PizzaHut,Midwest,0.99,0.0167072190493044,0.05667293070097135,0.5405277045945869,-1.5681807449977332
2022-03-21,11,PizzaHut,West,0.5583634947587086,0.017550153258295863,0.14116557278651456,0.36248858833460823,-1.8195935553070897
2022-03-21,11,PizzaHut,Southwest,0.33863566706782533,0.026470421057844792,0.2076269648452098,0.03054343973064911,-0.9447074897277044
2022-03-28,12,McDonalds,Northeast,0.4969023120625966,0.025106949756543498,0.027713269265470058,0.5703076004290429,-1.4167227552888253
2022-03-28,12,McDonalds,South,0.3349400424753568,-0.021216477007959735,0.28741291316892137,0.36290162650219815,-1.9288765457898727
2022-03-28,12,McDonalds,Midwest,0.479290778875337,0.004523345036182605,0.044879181552355416,0.27197951974525986,-0.7982427450570128
2022-03-28,12,McDonalds,West,0.166596800680865,-0.0036735654299816303,0.2724710438053291,0.32062222572817095,-1.093428921375788
2022-03-28,12,McDonalds,Southwest,0.7906823709284422,0.032006489595475814,0.09761475647586786,0.06848935279224204,-1.7021857116976975
2022-03-28,12,BurgerKing,Northeast,0.3347848965129235,-0.003428779217234867,0.24450012132992213,0.1451965604342744,-1.2577573150678698
2022-03-28,12,BurgerKing,South,0.9135261426336971,0.05875757253684856,0.07960538031602005,0.48906939996118465,-0.8865346316994134
2022-03-28,12,BurgerKing,Midwest,0.4625470872317269,-0.0023766555860983774,0.3165741719930878,0.5707999278834135,-0.8443823193970343
2022-03-28,12,BurgerKing,West,0.45378524289980793,-0.07549689616663954,0.10053500308910315,0.1221118822977808,-1.250572382001857
2022-03-28,12,BurgerKing,Southwest,0.8476144964678489,0.03068456406474566,0.018483657576278914,0.31990659288970436,-1.5421782048067114
2022-03-28,12,Wendys,Northeast,0.8535970864239328,-0.04346525483692494,0.1328241465142246,0.2864796801727,-0.5393861269422597
2022-03-28,12,Wendys,South,0.26567418075033195,0.019486237930788335,0.06877335669035799,0.4254476061773757,-1.0049560835652607
2022-03-28,12,Wendys,Midwest,0.6496956635003562,0.0027887530965556868,0.08722314572501384,0.211067729489257,-1.3876437209805519
2022-03-28,12,Wendys,West,0.542659799082514,-0.044973573607694425,0.04165760766371676,0.41158605271605975,-1.5793051636930213
2022-03-28,12,Wendys,Southwest,0.30952387064674497,0.010768033067946346,0.19598595047373857,0.4491558671991043,-0.9033455254946567
2022-03-28,12,TacoBell,Northeast,0.6345018417057763,-0.06025644541143575,0.07730275216667797,0.26793124519078654,-1.6367248316093486
2022-03-28,12,TacoBell,South,0.3119661069009652,-0.013200011126950278,0.003979491119964669,0.41766802910529877,-1.7424350165394678
2022-03-28,12,TacoBell,Midwest,0.555054534543602,-0.019752304514357867,0.11549220000432603,0.150108946801192,-1.2052491665568945
2022-03-28,12,TacoBell,West,0.44822604624584733,0.007288633236765732,0.0446903396082485,0.47182917581289624,-1.5650189110337873
2022-03-28,12,TacoBell,Southwest,0.5234628024115942,0.025951133135414015,0.10354646560386732,0.08879666648103435,-1.0566422826145774
2022-03-28,12,Subway,Northeast,0.3758255542554899,0.08040287598762245,0.22149824057158357,0.4678561070838936,-1.8230919876886498
2022-03-28,12,Subway,South,0.5598262082045189,-0.010251561151140655,0.12968553551579612,0.4688915625596436,-1.0175883431490176
2022-03-28,12,Subway,Midwest,0.1376010252861252,0.000547480269567567,0.21684813678008416,0.34844406917218707,-1.5750552080034468
2022-03-28,12,Subway,West,0.4284659728745701,-0.02488986008952067,0.24228889639333023,0.264080582240048,-1.999635598348231
2022-03-28,12,Subway,Southwest,0.2711452871486183,0.0023225546587039006,0.15684861764457372,0.1839016666596838,-1.8095959134887354
2022-03-28,12,KFC,Northeast,0.3647141924907086,0.020328757109254608,0.10307124891057669,0.41065611985185674,-0.5995769332473588
2022-03-28,12,KFC,South,0.4858280873761732,-0.026404768327420333,0.08985526769638223,0.059614022899604026,-0.6989680413269632
2022-03-28,12,KFC,Midwest,0.3121638898902724,0.041321447568037815,0.06211878057985756,0.18162748643710216,-1.6495864519456447
2022-03-28,12,KFC,West,0.3406694448845737,0.008151322296304008,0.06522890237178519,0.37457060797482544,-0.8324421431817632
2022-03-28,12,KFC,Southwest,0.4629490029135681,0.04116695612160312,0.2062792732454961,0.19135202294227086,-1.0871426102390387
2022-03-28,12,Dominos,Northeast,0.28705434465329505,-0.014569257093241401,0.05859345042386398,0.21214506472215292,-0.5436429328251958
2022-03-28,12,Dominos,South,0.38283226598843173,-0.04892935122563785,0.16903420222022753,0.2939671196096951,-1.4395915106989112
2022-03-28,12,Dominos,Midwest,0.5620843763384908,-0.03694482863375767,0.10019145266430377,0.27749119186196053,-0.977809081224243
2022-03-28,12,Dominos,West,0.14026322557109527,-0.012186413403087312,0.09196263428197264,0.08585787626857316,-1.9046964163641222
2022-03-28,12,Dominos,Southwest,0.23895597125660123,0.009416822751594112,0.013614314134967706,0.23368255004054264,-1.4056289797753911
2022-03-28,12,PizzaHut,Northeast,0.5858219224558502,0.0331369251430912,0.1344967708176812,0.33192020930403915,-0.5542735082177292
2022-03-28,12,PizzaHut,South,0.7083407401572451,0.00176972911607435,0.17165385327232988,0.4309775708003919,-1.1915286883248193
2022-03-28,12,PizzaHut,Midwest,0.99,0.016151372340199848,0.05667293070097135,0.5405277045945869,-1.5681807449977332
2022-03-28,12,PizzaHut,West,0.5648193790127446,0.020349839521494065,0.14116557278651456,0.36248858833460823,-1.8195935553070897
2022-03-28,12,PizzaHut,Southwest,0.3310369745856794,0.015215530584861027,0.2076269648452098,0.03054343973064911,-0.9447074897277044
2022-04-04,13,McDonalds,Northeast,0.5246601286326469,0.049564469552711765,0.027713269265470058,0.5703076004290429,-1.4167227552888253
2022-04-04,13,McDonalds,South,0.33953255106899116,-0.01992426518820746,0.28741291316892137,0.36290162650219815,-1.9288765457898727
2022-04-04,13,McDonalds,Midwest,0.483685023595268,0.005617292982231535,0.044879181552355416,0.27197951974525986,-0.7982427450570128
2022-04-04,13,McDonalds,West,0.17715476369373392,0.003584100809005293,0.2724710438053291,0.32062222572817095,-1.093428921375788
2022-04-04,13,McDonalds,Southwest,0.7987927600196914,0.03681658191284295,0.09761475647586786,0.06848935279224204,-1.7021857116976975
2022-04-04,13,BurgerKing,Northeast,0.3454802667800413,-0.0011899389744435534,0.24450012132992213,0.1451965604342744,-1.2577573150678698
2022-04-04,13,BurgerKing,South,0.9140779281035705,0.05085282798239544,0.07960538031602005,0.48906939996118465,-0.8865346316994134
2022-04-04,13,BurgerKing,Midwest,0.47571830082741334,0.00233802798526158,0.3165741719930878,0.5707999278834135,-0.8443823193970343
2022-04-04,13,BurgerKing,West,0.48106201788888475,-0.05667665120188921,0.10053500308910315,0.1221118822977808,-1.250572382001857
2022-04-04,13,BurgerKing,Southwest,0.8695252269537251,0.044138764526295435,0.018483657576278914,0.31990659288970436,-1.5421782048067114
2022-04-04,13,Wendys,Northeast,0.8662902511727018,-0.02753338857053097,0.1328241465142246,0.2864796801727,-0.5393861269422597
2022-04-04,13,Wendys,South,0.25732332246839495,0.014374081166476482,0.06877335669035799,0.4254476061773757,-1.0049560835652607
2022-04-04,13,Wendys,Midwest,0.6365609137801453,-0.007107295106030122,0.08722314572501384,0.211067729489257,-1.3876437209805519
2022-04-04,13,Wendys,West,0.5381632283638924,-0.046231442808690904,0.04165760766371676,0.41158605271605975,-1.5793051636930213
2022-04-04,13,Wendys,Southwest,0.30684241825200675,0.011325282190833293,0.19598595047373857,0.4491558671991043,-0.9033455254946567
2022-04-04,13,TacoBell,Northeast,0.6299833721763327,-0.049314530226726265,0.07730275216667797,0.26793124519078654,-1.6367248316093486
2022-04-04,13,TacoBell,South,0.279581075889664,-0.03012465742409847,0.003979491119964669,0.41766802910529877,-1.7424350165394678
2022-04-04,13,TacoBell,Midwest,0.5548896530240551,-0.00445680131975173,0.11549220000432603,0.150108946801192,-1.2052491665568945
2022-04-04,13,TacoBell,West,0.43118558254590444,0.005708554250975838,0.0446903396082485,0.47182917581289624,-1.5650189110337873
2022-04-04,13,TacoBell,Southwest,0.5037336069979669,0.021682322435939816,0.10354646560386732,0.08879666648103435,-1.0566422826145774
2022-04-04,13,Subway,Northeast,0.35953909176307486,0.07028183223502078,0.22149824057158357,0.4678561070838936,-1.8230919876886498
2022-04-04,13,Subway,South,0.5371122227460478,-0.02680012786979835,0.12968553551579612,0.4688915625596436,-1.0175883431490176
2022-04-04,13,Subway,Midwest,0.13966731238593091,0.008779186109186713,0.21684813678008416,0.34844406917218707,-1.5750552080034468
2022-04-04,13,Subway,West,0.42303373380664067,-0.02415668041763663,0.24228889639333023,0.264080582240048,-1.999635598348231
2022-04-04,13,Subway,Southwest,0.25208025941139434,-0.010577054338706638,0.15684861764457372,0.1839016666596838,-1.8095959134887354
2022-04-04,13,KFC,Northeast,0.35740437615434145,0.007377969388618446,0.10307124891057669,0.41065611985185674,-0.5995769332473588
2022-04-04,13,KFC,South,0.4881112117675409,-0.029762615320321616,0.08985526769638223,0.059614022899604026,-0.6989680413269632
2022-04-04,13,KFC,Midwest,0.3344950765274353,0.058011662820931745,0.06211878057985756,0.18162748643710216,-1.6495864519456447
2022-04-04,13,KFC,West,0.34371450275520665,0.00555540878266796,0.06522890237178519,0.37457060797482544,-0.8324421431817632
2022-04-04,13,KFC,Southwest,0.453558544766656,0.026135526590422058,0.2062792732454961,0.19135202294227086,-1.0871426102390387
2022-04-04,13,Dominos,Northeast,0.29662491441350364,-0.01702668773410084,0.05859345042386398,0.21214506472215292,-0.5436429328251958
2022-04-04,13,Dominos,South,0.3921330306920231,-0.051656586923114554,0.16903420222022753,0.2939671196096951,-1.4395915106989112
2022-04-04,13,Dominos,Midwest,0.5471435103101432,-0.06391369506317339,0.10019145266430377,0.27749119186196053,-0.977809081224243
2022-04-04,13,Dominos,West,0.15174827730698517,-0.012729362068265434,0.09196263428197264,0.08585787626857316,-1.9046964163641222
2022-04-04,13,Dominos,Southwest,0.24867462635558246,0.007107477449507332,0.013614314134967706,0.23368255004054264,-1.4056289797753911
2022-04-04,13,PizzaHut,Northeast,0.5943225531519089,0.040098988791225386,0.1344967708176812,0.33192020930403915,-0.5542735082177292
2022-04-04,13,PizzaHut,South,0.7283688681546232,0.0202592900655278,0.17165385327232988,0.4309775708003919,-1.1915286883248193
2022-04-04,13,PizzaHut,Midwest,0.99,0.02741702263567742,0.05667293070097135,0.5405277045945869,-1.5681807449977332
2022-04-04,13,PizzaHut,West,0.5636690591551208,0.01766095261594576,0.14116557278651456,0.36248858833460823,-1.8195935553070897
2022-04-04,13,PizzaHut,Southwest,0.3215102825461872,0.004150271497444326,0.2076269648452098,0.03054343973064911,-0.9447074897277044
2022-04-11,14,McDonalds,Northeast,0.5557322096283487,0.07529806758521038,0.027713269265470058,0.5703076004290429,-1.4167227552888253
2022-04-11,14,McDonalds,South,0.3454632183723392,-0.019332080848062577,0.28741291316892137,0.36290162650219815,-1.9288765457898727
2022-04-11,14,McDonalds,Midwest,0.48916279947760055,0.005756585901360997,0.044879181552355416,0.27197951974525986,-0.7982427450570128
2022-04-11,14,McDonalds,West,0.1822519957858371,0.00334284993790526,0.2724710438053291,0.32062222572817095,-1.093428921375788
2022-04-11,14,McDonalds,Southwest,0.806112090590573,0.0387974295205215,0.09761475647586786,0.06848935279224204,-1.7021857116976975
2022-04-11,14,BurgerKing,Northeast,0.3509705577570656,-0.002633543093682981,0.24450012132992213,0.1451965604342744,-1.2577573150678698
2022-04-11,14,BurgerKing,South,0.9152752031310318,0.045116207913593075,0.07960538031602005,0.48906939996118465,-0.8865346316994134
2022-04-11,14,BurgerKing,Midwest,0.4771836065112732,-0.003130561427142341,0.3165741719930878,0.5707999278834135,-0.8443823193970343
2022-04-11,14,BurgerKing,West,0.4876683802829885,-0.05700418390404919,0.10053500308910315,0.1221118822977808,-1.250572382001857
2022-04-11,14,BurgerKing,Southwest,0.8710248743386513,0.03870451681495778,0.018483657576278914,0.31990659288970436,-1.5421782048067114
2022-04-11,14,Wendys,Northeast,0.8552486653993354,-0.03466184639730261,0.1328241465142246,0.2864796801727,-0.5393861269422597
2022-04-11,14,Wendys,South,0.25447449679871925,0.01543838344339545,0.06877335669035799,0.4254476061773757,-1.0049560835652607
2022-04-11,14,Wendys,Midwest,0.6300980136593421,-0.009657067280238674,0.08722314572501384,0.211067729489257,-1.3876437209805519
2022-04-11,14,Wendys,West,0.5492900303031246,-0.03119151292286402,0.04165760766371676,0.41158605271605975,-1.5793051636930213
2022-04-11,14,Wendys,Southwest,0.276419592221482,-0.015184415893096829,0.19598595047373857,0.4491558671991043,-0.9033455254946567
2022-04-11,14,TacoBell,Northeast,0.6248007649826284,-0.03839946170750165,0.07730275216667797,0.26793124519078654,-1.6367248316093486
2022-04-11,14,TacoBell,South,0.27594425210171136,-0.01766380549912218,0.003979491119964669,0.41766802910529877,-1.7424350165394678
2022-04-11,14,TacoBell,Midwest,0.5180580749870446,-0.025190703643833225,0.11549220000432603,0.150108946801192,-1.2052491665568945
2022-04-11,14,TacoBell,West,0.411661030892172,0.0022816783101723497,0.0446903396082485,0.47182917581289624,-1.5650189110337873
2022-04-11,14,TacoBell,Southwest,0.48392152262508,0.017967913775981902,0.10354646560386732,0.08879666648103435,-1.0566422826145774
2022-04-11,14,Subway,Northeast,0.341171386848108,0.056206715287842574,0.22149824057158357,0.4678561070838936,-1.8230919876886498
2022-04-11,14,Subway,South,0.5250414679023504,-0.0345782947457071,0.12968553551579612,0.4688915625596436,-1.0175883431490176
2022-04-11,14,Subway,Midwest,0.12426896596348394,-0.0023265723454715757,0.21684813678008416,0.34844406917218707,-1.5750552080034468
2022-04-11,14,Subway,West,0.4362638502730882,-0.006633975983400403,0.24228889639333023,0.264080582240048,-1.999635598348231
2022-04-11,14,Subway,Southwest,0.25714445537508024,-0.0012202704072320266,0.15684861764457372,0.1839016666596838,-1.8095959134887354
2022-04-11,14,KFC,Northeast,0.3769053144197465,0.020093520338560034,0.10307124891057669,0.41065611985185674,-0.5995769332473588
2022-04-11,14,KFC,South,0.5021133197234366,-0.022545894679889267,0.08985526769638223,0.059614022899604026,-0.6989680413269632
2022-04-11,14,KFC,Midwest,0.3299899461307265,0.04672114510875945,0.06211878057985756,0.18162748643710216,-1.6495864519456447
2022-04-11,14,KFC,West,0.34525468740787235,0.0003102061198702235,0.06522890237178519,0.37457060797482544,-0.8324421431817632
2022-04-11,14,KFC,Southwest,0.4652376776943986,0.031029272202701238,0.2062792732454961,0.19135202294227086,-1.0871426102390387
2022-04-11,14,Dominos,Northeast,0.2957276371547833,-0.029247965823020295,0.05859345042386398,0.21214506472215292,-0.5436429328251958
2022-04-11,14,Dominos,South,0.410587015823946,-0.044526602621390673,0.16903420222022753,0.2939671196096951,-1.4395915106989112
2022-04-11,14,Dominos,Midwest,0.556064257158761,-0.06631694904475474,0.10019145266430377,0.27749119186196053,-0.977809081224243
2022-04-11,14,Dominos,West,0.15932407006168828,-0.016477570143761406,0.09196263428197264,0.08585787626857316,-1.9046964163641222
2022-04-11,14,Dominos,Southwest,0.2671082268678165,0.01421707713154225,0.013614314134967706,0.23368255004054264,-1.4056289797753911
2022-04-11,14,PizzaHut,Northeast,0.5981638092184168,0.044541621906085786,0.1344967708176812,0.33192020930403915,-0.5542735082177292
2022-04-11,14,PizzaHut,South,0.7241578294480798,0.016649628407337,0.17165385327232988,0.4309775708003919,-1.1915286883248193
2022-04-11,14,PizzaHut,Midwest,0.99,0.0390103206693199,0.05667293070097135,0.5405277045945869,-1.5681807449977332
2022-04-11,14,PizzaHut,West,0.5522570488307693,0.0068503193399467865,0.14116557278651456,0.36248858833460823,-1.8195935553070897
2022-04-11,14,PizzaHut,Southwest,0.32706826156727736,0.010309627566886963,0.2076269648452098,0.03054343973064911,-0.9447074897277044
2022-04-18,15,McDonalds,Northeast,0.5689624697173155,0.08122908016489422,0.027713269265470058,0.5703076004290429,-1.4167227552888253
2022-04-18,15,McDonalds,South,0.34966700148848223,-0.022427545241202478,0.28741291316892137,0.36290162650219815,-1.9288765457898727
2022-04-18,15,McDonalds,Midwest,0.49972337720930476,0.009017916123782176,0.044879181552355416,0.27197951974525986,-0.7982427450570128
2022-04-18,15,McDonalds,West,0.17704010753126703,-0.009168285825947772,0.2724710438053291,0.32062222572817095,-1.093428921375788
2022-04-18,15,McDonalds,Southwest,0.8226516082919251,0.04803769971259051,0.09761475647586786,0.06848935279224204,-1.7021857116976975
2022-04-18,15,BurgerKing,Northeast,0.3544322373652529,-0.004482564458112871,0.24450012132992213,0.1451965604342744,-1.2577573150678698
2022-04-18,15,BurgerKing,South,0.9153586738984587,0.039888977708402676,0.07960538031602005,0.48906939996118465,-0.8865346316994134
2022-04-18,15,BurgerKing,Midwest,0.49298439974225927,0.007359530831226552,0.3165741719930878,0.5707999278834135,-0.8443823193970343
2022-04-18,15,BurgerKing,West,0.4859356443501781,-0.06404762080947678,0.10053500308910315,0.1221118822977808,-1.250572382001857
2022-04-18,15,BurgerKing,Southwest,0.8622509623476329,0.024619903851322185,0.018483657576278914,0.31990659288970436,-1.5421782048067114
2022-04-18,15,Wendys,Northeast,0.8351515696421304,-0.05022813813254165,0.1328241465142246,0.2864796801727,-0.5393861269422597
2022-04-18,15,Wendys,South,0.25600379229020975,0.021498482956851847,0.06877335669035799,0.4254476061773757,-1.0049560835652607
2022-04-18,15,Wendys,Midwest,0.6127629161124133,-0.022461360805201506,0.08722314572501384,0.211067729489257,-1.3876437209805519
2022-04-18,15,Wendys,West,0.5623071681010023,-0.013643571103020374,0.04165760766371676,0.41158605271605975,-1.5793051636930213
2022-04-18,15,Wendys,Southwest,0.25106949412067886,-0.03600370997193405,0.19598595047373857,0.4491558671991043,-0.9033455254946567
2022-04-18,15,TacoBell,Northeast,0.6252638193825834,-0.021434898024601266,0.07730275216667797,0.26793124519078654,-1.6367248316093486
2022-04-18,15,TacoBell,South,0.2615529174907921,-0.015553630827095995,0.003979491119964669,0.41766802910529877,-1.7424350165394678
2022-04-18,15,TacoBell,Midwest,0.5005894345853953,-0.02615783476253715,0.11549220000432603,0.150108946801192,-1.2052491665568945
2022-04-18,15,TacoBell,West,0.3897103307411371,-0.003167512557917145,0.0446903396082485,0.47182917581289624,-1.5650189110337873
2022-04-18,15,TacoBell,Southwest,0.4714113744856553,0.02195927491950261,0.10354646560386732,0.08879666648103435,-1.0566422826145774
2022-04-18,15,Subway,Northeast,0.3384375361215535,0.05583036826359409,0.22149824057158357,0.4678561070838936,-1.8230919876886498
2022-04-18,15,Subway,South,0.5337169830202095,-0.023545275925541884,0.12968553551579612,0.4688915625596436,-1.0175883431490176
2022-04-18,15,Subway,Midwest,0.12305373874779832,-0.0011842958588511791,0.21684813678008416,0.34844406917218707,-1.5750552080034468
2022-04-18,15,Subway,West,0.435409364185401,-0.005130958368781627,0.24228889639333023,0.264080582240048,-1.999635598348231
2022-04-18,15,Subway,Southwest,0.2511508295506356,-0.004856392529370585,0.15684861764457372,0.1839016666596838,-1.8095959134887354
2022-04-18,15,KFC,Northeast,0.3841672559758814,0.01952406410134936,0.10307124891057669,0.41065611985185674,-0.5995769332473588
2022-04-18,15,KFC,South,0.513022735205703,-0.019467876990968674,0.08985526769638223,0.059614022899604026,-0.6989680413269632
2022-04-18,15,KFC,Midwest,0.32071965999750585,0.029619461182193198,0.06211878057985756,0.18162748643710216,-1.6495864519456447
2022-04-18,15,KFC,West,0.3396042309801608,-0.013171648101186907,0.06522890237178519,0.37457060797482544,-0.8324421431817632
2022-04-18,15,KFC,Southwest,0.48050171642797135,0.03846191314292839,0.2062792732454961,0.19135202294227086,-1.0871426102390387
2022-04-18,15,Dominos,Northeast,0.3078920658495758,-0.027539311441740877,0.05859345042386398,0.21214506472215292,-0.5436429328251958
2022-04-18,15,Dominos,South,0.4192029567739323,-0.046366435984917465,0.16903420222022753,0.2939671196096951,-1.4395915106989112
2022-04-18,15,Dominos,Midwest,0.5667043708029279,-0.06613260971410082,0.10019145266430377,0.27749119186196053,-0.977809081224243
2022-04-18,15,Dominos,West,0.1732556614288181,-0.013001753090144695,0.09196263428197264,0.08585787626857316,-1.9046964163641222
2022-04-18,15,Dominos,Southwest,0.27216640437823597,0.008819480328448634,0.013614314134967706,0.23368255004054264,-1.4056289797753911
2022-04-18,15,PizzaHut,Northeast,0.5876481623235345,0.036758574652062656,0.1344967708176812,0.33192020930403915,-0.5542735082177292
2022-04-18,15,PizzaHut,South,0.7233836823581975,0.018608080958313816,0.17165385327232988,0.4309775708003919,-1.1915286883248193
2022-04-18,15,PizzaHut,Midwest,0.99,0.02922659289316958,0.05667293070097135,0.5405277045945869,-1.5681807449977332
2022-04-18,15,PizzaHut,West,0.5536069767470548,0.010932846897091505,0.14116557278651456,0.36248858833460823,-1.8195935553070897
2022-04-18,15,PizzaHut,Southwest,0.30730982588403977,-0.006716208475491443,0.2076269648452098,0.03054343973064911,-0.9447074897277044
2022-04-25,16,McDonalds,Northeast,0.5884081804068555,0.09152063653815065,0.027713269265470058,0.5703076004290429,-1.4167227552888253
2022-04-25,16,McDonalds,South,0.3635471306288963,-0.017701570417072047,0.28741291316892137,0.36290162650219815,-1.9288765457898727
2022-04-25,16,McDonalds,Midwest,0.511437828868727,0.011578213466920933,0.044879181552355416,0.27197951974525986,-0.7982427450570128
2022-04-25,16,McDonalds,West,0.19602117168700578,0.0006586240135073671,0.2724710438053291,0.32062222572817095,-1.093428921375788
2022-04-25,16,McDonalds,Southwest,0.8484605070528344,0.06469244415721628,0.09761475647586786,0.06848935279224204,-1.7021857116976975
2022-04-25,16,BurgerKing,Northeast,0.36818642613101205,0.005661136192068434,0.24450012132992213,0.1451965604342744,-1.2577573150678698
2022-04-25,16,BurgerKing,South,0.9005604197007202,0.02148023539508622,0.07960538031602005,0.48906939996118465,-0.8865346316994134
2022-04-25,16,BurgerKing,Midwest,0.4837991181904801,-0.005436238836130463,0.3165741719930878,0.5707999278834135,-0.8443823193970343
2022-04-25,16,BurgerKing,West,0.48329794668879916,-0.07029580658643357,0.10053500308910315,0.1221118822977808,-1.250572382001857
2022-04-25,16,BurgerKing,Southwest,0.866122360965319,0.024880814353430522,0.018483657576278914,0.31990659288970436,-1.5421782048067114
2022-04-25,16,Wendys,Northeast,0.8352453879843904,-0.04505154792785042,0.1328241465142246,0.2864796801727,-0.5393861269422597
2022-04-25,16,Wendys,South,0.24366358229624366,0.014241044825317191,0.06877335669035799,0.4254476061773757,-1.0049560835652607
2022-04-25,16,Wendys,Midwest,0.6095478118947528,-0.020593693160430724,0.08722314572501384,0.211067729489257,-1.3876437209805519
2022-04-25,16,Wendys,West,0.5496705669150378,-0.0211974004265536,0.04165760766371676,0.41158605271605975,-1.5793051636930213
2022-04-25,16,Wendys,Southwest,0.23987154422832796,-0.04211888800185353,0.19598595047373857,0.4491558671991043,-0.9033455254946567
2022-04-25,16,TacoBell,Northeast,0.594531179608493,-0.03550150899308349,0.07730275216667797,0.26793124519078654,-1.6367248316093486
2022-04-25,16,TacoBell,South,0.23565455622407494,-0.024785963288205037,0.003979491119964669,0.41766802910529877,-1.7424350165394678
2022-04-25,16,TacoBell,Midwest,0.4704065597236238,-0.039674680818700486,0.11549220000432603,0.150108946801192,-1.2052491665568945
2022-04-25,16,TacoBell,West,0.3632855694057556,-0.012926245087690472,0.0446903396082485,0.47182917581289624,-1.5650189110337873
2022-04-25,16,TacoBell,Southwest,0.46528176364612556,0.032495692885581004,0.10354646560386732,0.08879666648103435,-1.0566422826145774
2022-04-25,16,Subway,Northeast,0.32855531762371537,0.046336379375274656,0.22149824057158357,0.4678561070838936,-1.8230919876886498
2022-04-25,16,Subway,South,0.5596525740590648,0.0027785447228320242,0.12968553551579612,0.4688915625596436,-1.0175883431490176
2022-04-25,16,Subway,Midwest,0.12759868814708852,0.003748883149957713,0.21684813678008416,0.34844406917218707,-1.5750552080034468
2022-04-25,16,Subway,West,0.4368694958128311,-0.0032825971318328883,0.24228889639333023,0.264080582240048,-1.999635598348231
2022-04-25,16,Subway,Southwest,0.24217902213930487,-0.01343997033118272,0.15684861764457372,0.1839016666596838,-1.8095959134887354
2022-04-25,16,KFC,Northeast,0.39993418776331224,0.02652716289543927,0.10307124891057669,0.41065611985185674,-0.5995769332473588
2022-04-25,16,KFC,South,0.5160301899366662,-0.025224255253346414,0.08985526769638223,0.059614022899604026,-0.6989680413269632
2022-04-25,16,KFC,Midwest,0.33070359113730036,0.030839559328646814,0.06211878057985756,0.18162748643710216,-1.6495864519456447
2022-04-25,16,KFC,West,0.3739689093561897,0.01242919728150104,0.06522890237178519,0.37457060797482544,-0.8324421431817632
2022-04-25,16,KFC,Southwest,0.48830495042406585,0.03750131414568189,0.2062792732454961,0.19135202294227086,-1.0871426102390387
2022-04-25,16,Dominos,Northeast,0.32882071146632663,-0.016046578178884118,0.05859345042386398,0.21214506472215292,-0.5436429328251958
2022-04-25,16,Dominos,South,0.42160710487656755,-0.053398200236176335,0.16903420222022753,0.2939671196096951,-1.4395915106989112
2022-04-25,16,Dominos,Midwest,0.5757903982518524,-0.06648249461907044,0.10019145266430377,0.27749119186196053,-0.977809081224243
2022-04-25,16,Dominos,West,0.20039958013906725,0.004706253266210405,0.09196263428197264,0.08585787626857316,-1.9046964163641222
2022-04-25,16,Dominos,Southwest,0.27533264615425235,0.0025498097505709597,0.013614314134967706,0.23368255004054264,-1.4056289797753911
2022-04-25,16,PizzaHut,Northeast,0.6009484553469534,0.05488306023203195,0.1344967708176812,0.33192020930403915,-0.5542735082177292
2022-04-25,16,PizzaHut,South,0.7256370091562019,0.02568560031286857,0.17165385327232988,0.4309775708003919,-1.1915286883248193
2022-04-25,16,PizzaHut,Midwest,0.99,0.023601925134226903,0.05667293070097135,0.5405277045945869,-1.5681807449977332
2022-04-25,16,PizzaHut,West,0.5551068615810597,0.017256924287646712,0.14116557278651456,0.36248858833460823,-1.8195935553070897
2022-04-25,16,PizzaHut,Southwest,0.3122111778237567,0.0030093360207758546,0.2076269648452098,0.03054343973064911,-0.9447074897277044
2022-05-02,17,McDonalds,Northeast,0.6055025825250877,0.09773873616032261,0.027713269265470058,0.5703076004290429,-1.4167227552888253
2022-05-02,17,McDonalds,South,0.35872118592605196,-0.03340381761597661,0.28741291316892137,0.36290162650219815,-1.9288765457898727
2022-05-02,17,McDonalds,Midwest,0.5150427596065386,0.004306841708672247,0.044879181552355416,0.27197951974525986,-0.7982427450570128
2022-05-02,17,McDonalds,West,0.20442228782755095,-0.0018165623420076803,0.2724710438053291,0.32062222572817095,-1.093428921375788
2022-05-02,17,McDonalds,Southwest,0.8585924752578942,0.06394810986621582,0.09761475647586786,0.06848935279224204,-1.7021857116976975
2022-05-02,17,BurgerKing,Northeast,0.37625106106227924,0.011867857167575213,0.24450012132992213,0.1451965604342744,-1.2577573150678698
2022-05-02,17,BurgerKing,South,0.904195343665813,0.023257245404418758,0.07960538031602005,0.48906939996118465,-0.8865346316994134
2022-05-02,17,BurgerKing,Midwest,0.47230358855913945,-0.018789682423231476,0.3165741719930878,0.5707999278834135,-0.8443823193970343
2022-05-02,17,BurgerKing,West,0.48895783915461916,-0.06649382807637394,0.10053500308910315,0.1221118822977808,-1.250572382001857
2022-05-02,17,BurgerKing,Southwest,0.8740861323739177,0.030986671806268754,0.018483657576278914,0.31990659288970436,-1.5421782048067114
2022-05-02,17,Wendys,Northeast,0.8352822659397207,-0.03945364344854002,0.1328241465142246,0.2864796801727,-0.5393861269422597
2022-05-02,17,Wendys,South,0.2489103630278099,0.02504885208086341,0.06877335669035799,0.4254476061773757,-1.0049560835652607
2022-05-02,17,Wendys,Midwest,0.6123260069162618,-0.012254471614941684,0.08722314572501384,0.211067729489257,-1.3876437209805519
2022-05-02,17,Wendys,West,0.5487013411833421,-0.016605599634269233,0.04165760766371676,0.41158605271605975,-1.5793051636930213
2022-05-02,17,Wendys,Southwest,0.2336088605897615,-0.04282054511644,0.19598595047373857,0.4491558671991043,-0.9033455254946567
2022-05-02,17,TacoBell,Northeast,0.5613327219458556,-0.0521111183282434,0.07730275216667797,0.26793124519078654,-1.6367248316093486
2022-05-02,17,TacoBell,South,0.22336189008792334,-0.020489781096879177,0.003979491119964669,0.41766802910529877,-1.7424350165394678
2022-05-02,17,TacoBell,Midwest,0.45589458826777746,-0.03759780394706937,0.11549220000432603,0.150108946801192,-1.2052491665568945
2022-05-02,17,TacoBell,West,0.3494125094502319,-0.010210456715736737,0.0446903396082485,0.47182917581289624,-1.5650189110337873
2022-05-02,17,TacoBell,Southwest,0.43592542956044494,0.019728207127377908,0.10354646560386732,0.08879666648103435,-1.0566422826145774
2022-05-02,17,Subway,Northeast,0.3193314270241989,0.03552581397119203,0.22149824057158357,0.4678561070838936,-1.8230919876886498
2022-05-02,17,Subway,South,0.57177077739696,0.01331007325616106,0.12968553551579612,0.4688915625596436,-1.0175883431490176
2022-05-02,17,Subway,Midwest,0.12878981141308818,0.0033533316113911627,0.21684813678008416,0.34844406917218707,-1.5750552080034468
2022-05-02,17,Subway,West,0.44527117759112356,0.0035324098418933556,0.24228889639333023,0.264080582240048,-1.999635598348231
2022-05-02,17,Subway,Southwest,0.24404888070517564,-0.013156786569878126,0.15684861764457372,0.1839016666596838,-1.8095959134887354
2022-05-02,17,KFC,Northeast,0.40980091938086854,0.026824724290396704,0.10307124891057669,0.41065611985185674,-0.5995769332473588
2022-05-02,17,KFC,South,0.5349821982190249,-0.015841417193586435,0.08985526769638223,0.059614022899604026,-0.6989680413269632
2022-05-02,17,KFC,Midwest,0.33511231407772546,0.025679112046473072,0.06211878057985756,0.18162748643710216,-1.6495864519456447
2022-05-02,17,KFC,West,0.3844992873481984,0.013390405050910876,0.06522890237178519,0.37457060797482544,-0.8324421431817632
2022-05-02,17,KFC,Southwest,0.4932513677596142,0.032878561258631464,0.2062792732454961,0.19135202294227086,-1.0871426102390387
2022-05-02,17,Dominos,Northeast,0.33275495474759353,-0.020391540453207273,0.05859345042386398,0.21214506472215292,-0.5436429328251958
2022-05-02,17,Dominos,South,0.42679458919747115,-0.05648992147086273,0.16903420222022753,0.2939671196096951,-1.4395915106989112
2022-05-02,17,Dominos,Midwest,0.5862909415237796,-0.0642611569027333,0.10019145266430377,0.27749119186196053,-0.977809081224243
2022-05-02,17,Dominos,West,0.20389129947802254,-8.123295042436647e-05,0.09196263428197264,0.08585787626857316,-1.9046964163641222
2022-05-02,17,Dominos,Southwest,0.2961694129655776,0.015107371006306167,0.013614314134967706,0.23368255004054264,-1.4056289797753911
2022-05-02,17,PizzaHut,Northeast,0.5851565599708064,0.04593698720983691,0.1344967708176812,0.33192020930403915,-0.5542735082177292
2022-05-02,17,PizzaHut,South,0.7169224703606365,0.023816883871254982,0.17165385327232988,0.4309775708003919,-1.1915286883248193
2022-05-02,17,PizzaHut,Midwest,0.99,0.019204614551485154,0.05667293070097135,0.5405277045945869,-1.5681807449977332
2022-05-02,17,PizzaHut,West,0.5627308180706452,0.031726703131184045,0.14116557278651456,0.36248858833460823,-1.8195935553070897
2022-05-02,17,PizzaHut,Southwest,0.3073309032349205,0.004974883785891601,0.2076269648452098,0.03054343973064911,-0.9447074897277044
2022-05-09,18,McDonalds,Northeast,0.6282617444195459,0.10805718155500896,0.027713269265470058,0.5703076004290429,-1.4167227552888253
2022-05-09,18,McDonalds,South,0.35630629869545405,-0.04825942134634633,0.28741291316892137,0.36290162650219815,-1.9288765457898727
2022-05-09,18,McDonalds,Midwest,0.530153978765003,0.0069773443673648355,0.044879181552355416,0.27197951974525986,-0.7982427450570128
2022-05-09,18,McDonalds,West,0.22575931228355714,0.0070797456142266905,0.2724710438053291,0.32062222572817095,-1.093428921375788
2022-05-09,18,McDonalds,Southwest,0.8718560316504201,0.06477094975897006,0.09761475647586786,0.06848935279224204,-1.7021857116976975
2022-05-09,18,BurgerKing,Northeast,0.38698426010938985,0.022522660918228726,0.24450012132992213,0.1451965604342744,-1.2577573150678698
2022-05-09,18,BurgerKing,South,0.8991008544612664,0.018084360903415038,0.07960538031602005,0.48906939996118465,-0.8865346316994134
2022-05-09,18,BurgerKing,Midwest,0.4864754582574524,-0.004696208021375678,0.3165741719930878,0.5707999278834135,-0.8443823193970343
2022-05-09,18,BurgerKing,West,0.5120252156872688,-0.04350484684018144,0.10053500308910315,0.1221118822977808,-1.250572382001857
2022-05-09,18,BurgerKing,Southwest,0.8705361420659783,0.027358286201872164,0.018483657576278914,0.31990659288970436,-1.5421782048067114
2022-05-09,18,Wendys,Northeast,0.824868608633675,-0.04390866866254774,0.1328241465142246,0.2864796801727,-0.5393861269422597
2022-05-09,18,Wendys,South,0.25748557570694885,0.03958269685204042,0.06877335669035799,0.4254476061773757,-1.0049560835652607
2022-05-09,18,Wendys,Midwest,0.6221630962815309,0.003541249842365441,0.08722314572501384,0.211067729489257,-1.3876437209805519
2022-05-09,18,Wendys,West,0.5375141088197714,-0.021834199905801918,0.04165760766371676,0.41158605271605975,-1.5793051636930213
2022-05-09,18,Wendys,Southwest,0.22344836032676485,-0.047022413287398576,0.19598595047373857,0.4491558671991043,-0.9033455254946567
2022-05-09,18,TacoBell,Northeast,0.5422437886945618,-0.054928964416848476,0.07730275216667797,0.26793124519078654,-1.6367248316093486
2022-05-09,18,TacoBell,South,0.1936462978148919,-0.03393428620722195,0.003979491119964669,0.41766802910529877,-1.7424350165394678
2022-05-09,18,TacoBell,Midwest,0.4304369816402468,-0.046784323411911355,0.11549220000432603,0.150108946801192,-1.2052491665568945
2022-05-09,18,TacoBell,West,0.3231000146200225,-0.020251864383257413,0.0446903396082485,0.47182917581289624,-1.5650189110337873
2022-05-09,18,TacoBell,Southwest,0.411976366746715,0.012050231476336624,0.10354646560386732,0.08879666648103435,-1.0566422826145774
2022-05-09,18,Subway,Northeast,0.3225231465302276,0.035178965097324225,0.22149824057158357,0.4678561070838936,-1.8230919876886498
2022-05-09,18,Subway,South,0.5776514931022217,0.015652220581526263,0.12968553551579612,0.4688915625596436,-1.0175883431490176
2022-05-09,18,Subway,Midwest,0.1478333847211255,0.01885833653953193,0.21684813678008416,0.34844406917218707,-1.5750552080034468
2022-05-09,18,Subway,West,0.43882620556363217,-0.006451130565494555,0.24228889639333023,0.264080582240048,-1.999635598348231
2022-05-09,18,Subway,Southwest,0.257430673069838,-0.0033135625851122875,0.15684861764457372,0.1839016666596838,-1.8095959134887354
2022-05-09,18,KFC,Northeast,0.4178967609722038,0.024684835848141615,0.10307124891057669,0.41065611985185674,-0.5995769332473588
2022-05-09,18,KFC,South,0.544723291156091,-0.016336054290110764,0.08985526769638223,0.059614022899604026,-0.6989680413269632
2022-05-09,18,KFC,Midwest,0.3520962390329819,0.03242730696813911,0.06211878057985756,0.18162748643710216,-1.6495864519456447
2022-05-09,18,KFC,West,0.38350779716616573,0.0021631848352878895,0.06522890237178519,0.37457060797482544,-0.8324421431817632
2022-05-09,18,KFC,Southwest,0.5073111952550451,0.03670265872047197,0.2062792732454961,0.19135202294227086,-1.0871426102390387
2022-05-09,18,Dominos,Northeast,0.341421905952384,-0.018727018371076713,0.05859345042386398,0.21214506472215292,-0.5436429328251958
2022-05-09,18,Dominos,South,0.43872153096021255,-0.05156540883078124,0.16903420222022753,0.2939671196096951,-1.4395915106989112
2022-05-09,18,Dominos,Midwest,0.5961850570855177,-0.061369470463655124,0.10019145266430377,0.27749119186196053,-0.977809081224243
2022-05-09,18,Dominos,West,0.23544672999979138,0.024471768448684574,0.09196263428197264,0.08585787626857316,-1.9046964163641222
2022-05-09,18,Dominos,Southwest,0.2967944422457244,0.008729971163793007,0.013614314134967706,0.23368255004054264,-1.4056289797753911
2022-05-09,18,PizzaHut,Northeast,0.5710784201852219,0.040627017659818736,0.1344967708176812,0.33192020930403915,-0.5542735082177292
2022-05-09,18,PizzaHut,South,0.7019228948608224,0.01758547860700734,0.17165385327232988,0.4309775708003919,-1.1915286883248193
2022-05-09,18,PizzaHut,Midwest,0.99,0.013649843359882608,0.05667293070097135,0.5405277045945869,-1.5681807449977332
2022-05-09,18,PizzaHut,West,0.5475887765620135,0.025352831858118867,0.14116557278651456,0.36248858833460823,-1.8195935553070897
2022-05-09,18,PizzaHut,Southwest,0.31045289831042966,0.016865049096967122,0.2076269648452098,0.03054343973064911,-0.9447074897277044
2022-05-16,19,McDonalds,Northeast,0.656291495226599,0.12226222403490751,0.027713269265470058,0.5703076004290429,-1.4167227552888253
2022-05-16,19,McDonalds,South,0.3644235440851139,-0.053966884283841096,0.28741291316892137,0.36290162650219815,-1.9288765457898727
2022-05-16,19,McDonalds,Midwest,0.5356551313611154,-0.0013462113636774518,0.044879181552355416,0.27197951974525986,-0.7982427450570128
2022-05-16,19,McDonalds,West,0.2442981761745758,0.011793901178090732,0.2724710438053291,0.32062222572817095,-1.093428921375788
2022-05-16,19,McDonalds,Southwest,0.8801585095347652,0.059248719316160346,0.09761475647586786,0.06848935279224204,-1.7021857116976975
2022-05-16,19,BurgerKing,Northeast,0.39161131799199367,0.028851979095783836,0.24450012132992213,0.1451965604342744,-1.2577573150678698
2022-05-16,19,BurgerKing,South,0.899427824374828,0.020113591111928036,0.07960538031602005,0.48906939996118465,-0.8865346316994134
2022-05-16,19,BurgerKing,Midwest,0.46961575681252876,-0.019853649171348,0.3165741719930878,0.5707999278834135,-0.8443823193970343
2022-05-16,19,BurgerKing,West,0.5257980074056181,-0.02802979482688082,0.10053500308910315,0.1221118822977808,-1.250572382001857
2022-05-16,19,BurgerKing,Southwest,0.8867926585019821,0.04531706293282738,0.018483657576278914,0.31990659288970436,-1.5421782048067114
2022-05-16,19,Wendys,Northeast,0.8124708994588781,-0.050036555567391595,0.1328241465142246,0.2864796801727,-0.5393861269422597
2022-05-16,19,Wendys,South,0.24733873783763602,0.035705681252680574,0.06877335669035799,0.4254476061773757,-1.0049560835652607
2022-05-16,19,Wendys,Midwest,0.6187519279188269,0.006399903749614492,0.08722314572501384,0.211067729489257,-1.3876437209805519
2022-05-16,19,Wendys,West,0.5345888544496886,-0.018489632005931667,0.04165760766371676,0.41158605271605975,-1.5793051636930213
2022-05-16,19,Wendys,Southwest,0.2237639807835402,-0.04043697056067027,0.19598595047373857,0.4491558671991043,-0.9033455254946567
2022-05-16,19,TacoBell,Northeast,0.5466284804221873,-0.03482691902918498,0.07730275216667797,0.26793124519078654,-1.6367248316093486
2022-05-16,19,TacoBell,South,0.17615947187991332,-0.035703758482162444,0.003979491119964669,0.41766802910529877,-1.7424350165394678
2022-05-16,19,TacoBell,Midwest,0.4067366555348242,-0.054767295857295895,0.11549220000432603,0.150108946801192,-1.2052491665568945
2022-05-16,19,TacoBell,West,0.2935894686798392,-0.034045056663402684,0.0446903396082485,0.47182917581289624,-1.5650189110337873
2022-05-16,19,TacoBell,Southwest,0.38894971268725775,0.004740931076917434,0.10354646560386732,0.08879666648103435,-1.0566422826145774
2022-05-16,19,Subway,Northeast,0.32763102047386683,0.03484769536858626,0.22149824057158357,0.4678561070838936,-1.8230919876886498
2022-05-16,19,Subway,South,0.6010362154097768,0.03359779921670414,0.12968553551579612,0.4688915625596436,-1.0175883431490176
2022-05-16,19,Subway,Midwest,0.14809641540314092,0.013682223549170215,0.21684813678008416,0.34844406917218707,-1.5750552080034468
2022-05-16,19,Subway,West,0.44650322875239834,-0.00421325104910557,0.24228889639333023,0.264080582240048,-1.999635598348231
2022-05-16,19,Subway,Southwest,0.26270558778148767,-0.0034777915458398083,0.15684861764457372,0.1839016666596838,-1.8095959134887354
2022-05-16,19,KFC,Northeast,0.4405345393126241,0.03656876858262245,0.10307124891057669,0.41065611985185674,-0.5995769332473588
2022-05-16,19,KFC,South,0.5807464610207667,0.008933269968625451,0.08985526769638223,0.059614022899604026,-0.6989680413269632
2022-05-16,19,KFC,Midwest,0.35754139690971815,0.0271186192389359,0.06211878057985756,0.18162748643710216,-1.6495864519456447
2022-05-16,19,KFC,West,0.38936724834692304,-0.0027312095898943322,0.06522890237178519,0.37457060797482544,-0.8324421431817632
2022-05-16,19,KFC,Southwest,0.5285066496316754,0.0471442674911627,0.2062792732454961,0.19135202294227086,-1.0871426102390387
2022-05-16,19,Dominos,Northeast,0.3538649204243001,-0.011908103474813598,0.05859345042386398,0.21214506472215292,-0.5436429328251958
2022-05-16,19,Dominos,South,0.4628127037932259,-0.03309833557342091,0.16903420222022753,0.2939671196096951,-1.4395915106989112
2022-05-16,19,Dominos,Midwest,0.6076484385144304,-0.055530188610395485,0.10019145266430377,0.27749119186196053,-0.977809081224243
2022-05-16,19,Dominos,West,0.2374779086675738,0.02087884754081398,0.09196263428197264,0.08585787626857316,-1.9046964163641222
2022-05-16,19,Dominos,Southwest,0.30832509012830045,0.014636519470716099,0.013614314134967706,0.23368255004054264,-1.4056289797753911
2022-05-16,19,PizzaHut,Northeast,0.5716020987457018,0.051714053465647815,0.1344967708176812,0.33192020930403915,-0.5542735082177292
2022-05-16,19,PizzaHut,South,0.6995643594274468,0.02579030041898098,0.17165385327232988,0.4309775708003919,-1.1915286883248193
2022-05-16,19,PizzaHut,Midwest,0.99,0.018722583670955587,0.05667293070097135,0.5405277045945869,-1.5681807449977332
2022-05-16,19,PizzaHut,West,0.5476921662125558,0.036019578754010406,0.14116557278651456,0.36248858833460823,-1.8195935553070897
2022-05-16,19,PizzaHut,Southwest,0.3115824969695371,0.02855800500142385,0.2076269648452098,0.03054343973064911,-0.9447074897277044
2022-05-23,20,McDonalds,Northeast,0.6851212916974697,0.1360838139452828,0.027713269265470058,0.5703076004290429,-1.4167227552888253
2022-05-23,20,McDonalds,South,0.3859188495215057,-0.04747978540794467,0.28741291316892137,0.36290162650219815,-1.9288765457898727
2022-05-23,20,McDonalds,Midwest,0.5489921571184422,-0.003017392166845995,0.044879181552355416,0.27197951974525986,-0.7982427450570128
2022-05-23,20,McDonalds,West,0.2607735195994044,0.013261038042423961,0.2724710438053291,0.32062222572817095,-1.093428921375788
2022-05-23,20,McDonalds,Southwest,0.9072318057603441,0.07131380898124391,0.09761475647586786,0.06848935279224204,-1.7021857116976975
2022-05-23,20,BurgerKing,Northeast,0.3799837325194573,0.020682622385911474,0.24450012132992213,0.1451965604342744,-1.2577573150678698
2022-05-23,20,BurgerKing,South,0.8996563287008931,0.023800324200657048,0.07960538031602005,0.48906939996118465,-0.8865346316994134
2022-05-23,20,BurgerKing,Midwest,0.4622241399265911,-0.023787037294621605,0.3165741719930878,0.5707999278834135,-0.8443823193970343
2022-05-23,20,BurgerKing,West,0.5226272268723022,-0.027742346597532646,0.10053500308910315,0.1221118822977808,-1.250572382001857
2022-05-23,20,BurgerKing,Southwest,0.8961189483653911,0.05810158155890037,0.018483657576278914,0.31990659288970436,-1.5421782048067114
2022-05-23,20,Wendys,Northeast,0.8078918061340494,-0.048125564887192565,0.1328241465142246,0.2864796801727,-0.5393861269422597
2022-05-23,20,Wendys,South,0.24131301931416982,0.03617004673424206,0.06877335669035799,0.4254476061773757,-1.0049560835652607
2022-05-23,20,Wendys,Midwest,0.598663282504,-0.007198657660184701,0.08722314572501384,0.211067729489257,-1.3876437209805519
2022-05-23,20,Wendys,West,0.5355613061049331,-0.01102709634565946,0.04165760766371676,0.41158605271605975,-1.5793051636930213
2022-05-23,20,Wendys,Southwest,0.22372873858992326,-0.033982128749259516,0.19598595047373857,0.4491558671991043,-0.9033455254946567
2022-05-23,20,TacoBell,Northeast,0.553325349285092,-0.013194371796130377,0.07730275216667797,0.26793124519078654,-1.6367248316093486
2022-05-23,20,TacoBell,South,0.1581460111602335,-0.03878154083169245,0.003979491119964669,0.41766802910529877,-1.7424350165394678
2022-05-23,20,TacoBell,Midwest,0.39399248044131374,-0.052575792580656505,0.11549220000432603,0.150108946801192,-1.2052491665568945
2022-05-23,20,TacoBell,West,0.28114762714679686,-0.031551219826295135,0.0446903396082485,0.47182917581289624,-1.5650189110337873
2022-05-23,20,TacoBell,Southwest,0.38978856711474263,0.02051546387455218,0.10354646560386732,0.08879666648103435,-1.0566422826145774
2022-05-23,20,Subway,Northeast,0.3339389026341338,0.03389474004471674,0.22149824057158357,0.4678561070838936,-1.8230919876886498
2022-05-23,20,Subway,South,0.6110872681516167,0.03638801447440753,0.12968553551579612,0.4688915625596436,-1.0175883431490176
2022-05-23,20,Subway,Midwest,0.1614362179844428,0.01976118864633561,0.21684813678008416,0.34844406917218707,-1.5750552080034468
2022-05-23,20,Subway,West,0.4556301574680984,-0.0023471598175419887,0.24228889639333023,0.264080582240048,-1.999635598348231
2022-05-23,20,Subway,Southwest,0.26550208912011886,-0.00794212769134509,0.15684861764457372,0.1839016666596838,-1.8095959134887354
2022-05-23,20,KFC,Northeast,0.45359144218162517,0.038509668511605526,0.10307124891057669,0.41065611985185674,-0.5995769332473588
2022-05-23,20,KFC,South,0.6025987814593823,0.019669587467223172,0.08985526769638223,0.059614022899604026,-0.6989680413269632
2022-05-23,20,KFC,Midwest,0.35839224685562554,0.016853466244825296,0.06211878057985756,0.18162748643710216,-1.6495864519456447
2022-05-23,20,KFC,West,0.4018129480284098,-0.0014015128484255724,0.06522890237178519,0.37457060797482544,-0.8324421431817632
2022-05-23,20,KFC,Southwest,0.5326214444223015,0.04014305934177097,0.2062792732454961,0.19135202294227086,-1.0871426102390387
2022-05-23,20,Dominos,Northeast,0.36997959292829796,4.236281443482752e-05,0.05859345042386398,0.21214506472215292,-0.5436429328251958
2022-05-23,20,Dominos,South,0.45174504096013757,-0.04833020462125866,0.16903420222022753,0.2939671196096951,-1.4395915106989112
2022-05-23,20,Dominos,Midwest,0.6062234262564639,-0.061119407083111366,0.10019145266430377,0.27749119186196053,-0.977809081224243
2022-05-23,20,Dominos,West,0.2454142336329684,0.024650966291459186,0.09196263428197264,0.08585787626857316,-1.9046964163641222
2022-05-23,20,Dominos,Southwest,0.3281445366353933,0.030291759763059502,0.013614314134967706,0.23368255004054264,-1.4056289797753911
2022-05-23,20,PizzaHut,Northeast,0.5587392475501681,0.051056550854917934,0.1344967708176812,0.33192020930403915,-0.5542735082177292
2022-05-23,20,PizzaHut,South,0.681807015575711,0.020238305152048996,0.17165385327232988,0.4309775708003919,-1.1915286883248193
2022-05-23,20,PizzaHut,Midwest,0.99,0.03753415436536149,0.05667293070097135,0.5405277045945869,-1.5681807449977332
2022-05-23,20,PizzaHut,West,0.5210066786235896,0.021539439749847965,0.14116557278651456,0.36248858833460823,-1.8195935553070897
2022-05-23,20,PizzaHut,Southwest,0.2773890888185326,0.006569945435223032,0.2076269648452098,0.03054343973064911,-0.9447074897277044
2022-05-30,21,McDonalds,Northeast,0.7054954836494758,0.14048395844581613,0.027713269265470058,0.5703076004290429,-1.4167227552888253
2022-05-30,21,McDonalds,South,0.39687235472945237,-0.05250032765147078,0.28741291316892137,0.36290162650219815,-1.9288765457898727
2022-05-30,21,McDonalds,Midwest,0.5547538763986077,-0.013229720338153127,0.044879181552355416,0.27197951974525986,-0.7982427450570128
2022-05-30,21,McDonalds,West,0.2838311315238707,0.020344602515417497,0.2724710438053291,0.32062222572817095,-1.093428921375788
2022-05-30,21,McDonalds,Southwest,0.9256438603495287,0.0737518161189559,0.09761475647586786,0.06848935279224204,-1.7021857116976975
2022-05-30,21,BurgerKing,Northeast,0.36917890213483856,0.015041836078544191,0.24450012132992213,0.1451965604342744,-1.2577573150678698
2022-05-30,21,BurgerKing,South,0.8816892406369328,0.010997280213948104,0.07960538031602005,0.48906939996118465,-0.8865346316994134
2022-05-30,21,BurgerKing,Midwest,0.46578466913214117,-0.015062464011820159,0.3165741719930878,0.5707999278834135,-0.8443823193970343
2022-05-30,21,BurgerKing,West,0.5239651945746375,-0.021240334817946037,0.10053500308910315,0.1221118822977808,-1.250572382001857
2022-05-30,21,BurgerKing,Southwest,0.889963145650346,0.05710982292110654,0.018483657576278914,0.31990659288970436,-1.5421782048067114
2022-05-30,21,Wendys,Northeast,0.8197419531552097,-0.029659194926715905,0.1328241465142246,0.2864796801727,-0.5393861269422597
2022-05-30,21,Wendys,South,0.22399594871159187,0.025469199070980532,0.06877335669035799,0.4254476061773757,-1.0049560835652607
2022-05-30,21,Wendys,Midwest,0.5767918078554362,-0.02245390936943209,0.08722314572501384,0.211067729489257,-1.3876437209805519
2022-05-30,21,Wendys,West,0.5220260024668043,-0.017946177044471906,0.04165760766371676,0.41158605271605975,-1.5793051636930213
2022-05-30,21,Wendys,Southwest,0.21665665548705187,-0.03443798891281449,0.19598595047373857,0.4491558671991043,-0.9033455254946567
2022-05-30,21,TacoBell,Northeast,0.541821346196345,-0.010760977302903459,0.07730275216667797,0.26793124519078654,-1.6367248316093486
2022-05-30,21,TacoBell,South,0.14179625299969634,-0.041193901410255744,0.003979491119964669,0.41766802910529877,-1.7424350165394678
2022-05-30,21,TacoBell,Midwest,0.38357563682448287,-0.04905523861551354,0.11549220000432603,0.150108946801192,-1.2052491665568945
2022-05-30,21,TacoBell,West,0.25469483532291864,-0.044066614068199575,0.0446903396082485,0.47182917581289624,-1.5650189110337873
2022-05-30,21,TacoBell,Southwest,0.3902888155735014,0.034953109915284775,0.10354646560386732,0.08879666648103435,-1.0566422826145774
2022-05-30,21,Subway,Northeast,0.34209462145053054,0.03307322826079105,0.22149824057158357,0.4678561070838936,-1.8230919876886498
2022-05-30,21,Subway,South,0.6312374570678203,0.04756097279028881,0.12968553551579612,0.4688915625596436,-1.0175883431490176
2022-05-30,21,Subway,Midwest,0.1738407020485423,0.02318844211011265,0.21684813678008416,0.34844406917218707,-1.5750552080034468
2022-05-30,21,Subway,West,0.4691749202599586,0.0022203723739958508,0.24228889639333023,0.264080582240048,-1.999635598348231
2022-05-30,21,Subway,Southwest,0.28017699252276335,-0.002244454889023054,0.15684861764457372,0.1839016666596838,-1.8095959134887354
2022-05-30,21,KFC,Northeast,0.4693854776109375,0.04298675411177867,0.10307124891057669,0.41065611985185674,-0.5995769332473588
2022-05-30,21,KFC,South,0.6203429588871969,0.026096815065898612,0.08985526769638223,0.059614022899604026,-0.6989680413269632
2022-05-30,21,KFC,Midwest,0.3830007219860891,0.03014499154614961,0.06211878057985756,0.18162748643710216,-1.6495864519456447
2022-05-30,21,KFC,West,0.4150951095545637,0.0005636988485891289,0.06522890237178519,0.37457060797482544,-0.8324421431817632
2022-05-30,21,KFC,Southwest,0.5510284318273259,0.04723309691765609,0.2062792732454961,0.19135202294227086,-1.0871426102390387
2022-05-30,21,Dominos,Northeast,0.3717261572092588,-0.0008549941284374397,0.05859345042386398,0.21214506472215292,-0.5436429328251958
2022-05-30,21,Dominos,South,0.4687901343384654,-0.03392903246676393,0.16903420222022753,0.2939671196096951,-1.4395915106989112
2022-05-30,21,Dominos,Midwest,0.6021034244597042,-0.06788333010370406,0.10019145266430377,0.27749119186196053,-0.977809081224243
2022-05-30,21,Dominos,West,0.26606755918590963,0.042660370620567344,0.09196263428197264,0.08585787626857316,-1.9046964163641222
2022-05-30,21,Dominos,Southwest,0.3303868783527829,0.029890180256616068,0.013614314134967706,0.23368255004054264,-1.4056289797753911
2022-05-30,21,PizzaHut,Northeast,0.5307611653449061,0.03674879983373745,0.1344967708176812,0.33192020930403915,-0.5542735082177292
2022-05-30,21,PizzaHut,South,0.6694177285407374,0.021519349301156888,0.17165385327232988,0.4309775708003919,-1.1915286883248193
2022-05-30,21,PizzaHut,Midwest,0.99,0.030723637790612685,0.05667293070097135,0.5405277045945869,-1.5681807449977332
2022-05-30,21,PizzaHut,West,0.5157427829293955,0.029945875239735208,0.14116557278651456,0.36248858833460823,-1.8195935553070897
2022-05-30,21,PizzaHut,Southwest,0.2571925178414272,4.370564219912006e-05,0.2076269648452098,0.03054343973064911,-0.9447074897277044
2022-06-06,22,McDonalds,Northeast,0.7177418731566905,0.13602212411366832,0.027713269265470058,0.5703076004290429,-1.4167227552888253
2022-06-06,22,McDonalds,South,0.39468517125935954,-0.07139573496092609,0.28741291316892137,0.36290162650219815,-1.9288765457898727
2022-06-06,22,McDonalds,Midwest,0.5669390370454795,-0.017752783530643895,0.044879181552355416,0.27197951974525986,-0.7982427450570128
2022-06-06,22,McDonalds,West,0.27630056209694365,-0.0038941907508720716,0.2724710438053291,0.32062222572817095,-1.093428921375788
2022-06-06,22,McDonalds,Southwest,0.9265130559540341,0.05791278788409866,0.09761475647586786,0.06848935279224204,-1.7021857116976975
2022-06-06,22,BurgerKing,Northeast,0.3699880811381321,0.022645982639987166,0.24450012132992213,0.1451965604342744,-1.2577573150678698
2022-06-06,22,BurgerKing,South,0.8827522746652916,0.018855281800456425,0.07960538031602005,0.48906939996118465,-0.8865346316994134
2022-06-06,22,BurgerKing,Midwest,0.46324427719184136,-0.01080788839397051,0.3165741719930878,0.5707999278834135,-0.8443823193970343
2022-06-06,22,BurgerKing,West,0.5075004655851958,-0.030910096249238166,0.10053500308910315,0.1221118822977808,-1.250572382001857
2022-06-06,22,BurgerKing,Southwest,0.8826910645307766,0.05663270935968674,0.018483657576278914,0.31990659288970436,-1.5421782048067114
2022-06-06,22,Wendys,Northeast,0.8130595180283278,-0.02969522031762159,0.1328241465142246,0.2864796801727,-0.5393861269422597
2022-06-06,22,Wendys,South,0.20576589208369023,0.013885552179055108,0.06877335669035799,0.4254476061773757,-1.0049560835652607
2022-06-06,22,Wendys,Midwest,0.5851793811371315,-0.0074199263517605845,0.08722314572501384,0.211067729489257,-1.3876437209805519
2022-06-06,22,Wendys,West,0.5241532156365848,-0.009172554138715192,0.04165760766371676,0.41158605271605975,-1.5793051636930213
2022-06-06,22,Wendys,Southwest,0.20780060401277903,-0.03664763065111113,0.19598595047373857,0.4491558671991043,-0.9033455254946567
2022-06-06,22,TacoBell,Northeast,0.5293532156686598,-0.010492118912958152,0.07730275216667797,0.26793124519078654,-1.6367248316093486
2022-06-06,22,TacoBell,South,0.13114309216154135,-0.03911007333078022,0.003979491119964669,0.41766802910529877,-1.7424350165394678
2022-06-06,22,TacoBell,Midwest,0.3504212992226094,-0.06947258729975644,0.11549220000432603,0.150108946801192,-1.2052491665568945
2022-06-06,22,TacoBell,West,0.23948607258008214,-0.046538387893405544,0.0446903396082485,0.47182917581289624,-1.5650189110337873
2022-06-06,22,TacoBell,Southwest,0.3707319841758929,0.028133267435306787,0.10354646560386732,0.08879666648103435,-1.0566422826145774
2022-06-06,22,Subway,Northeast,0.34264185228680216,0.023057028161841894,0.22149824057158357,0.4678561070838936,-1.8230919876886498
2022-06-06,22,Subway,South,0.6389898850741815,0.044749969861429255,0.12968553551579612,0.4688915625596436,-1.0175883431490176
2022-06-06,22,Subway,Midwest,0.2023809982522583,0.04116530737860788,0.21684813678008416,0.34844406917218707,-1.5750552080034468
2022-06-06,22,Subway,West,0.4861467798078495,0.00862880098666595,0.24228889639333023,0.264080582240048,-1.999635598348231
2022-06-06,22,Subway,Southwest,0.2850286335601561,-0.007956244786851023,0.15684861764457372,0.1839016666596838,-1.8095959134887354
2022-06-06,22,KFC,Northeast,0.48646507745447376,0.04871258192534026,0.10307124891057669,0.41065611985185674,-0.5995769332473588
2022-06-06,22,KFC,South,0.6456902852830316,0.04009036943175863,0.08985526769638223,0.059614022899604026,-0.6989680413269632
2022-06-06,22,KFC,Midwest,0.4036008308451914,0.0393913283752773,0.06211878057985756,0.18162748643710216,-1.6495864519456447
2022-06-06,22,KFC,West,0.42704518528374,0.0011600025477908702,0.06522890237178519,0.37457060797482544,-0.8324421431817632
2022-06-06,22,KFC,Southwest,0.5559128360802448,0.04076372914060035,0.2062792732454961,0.19135202294227086,-1.0871426102390387
2022-06-06,22,Dominos,Northeast,0.3797936829651236,0.00612723900769846,0.05859345042386398,0.21214506472215292,-0.5436429328251958
2022-06-06,22,Dominos,South,0.47381028081241183,-0.029994178612546434,0.16903420222022753,0.2939671196096951,-1.4395915106989112
2022-06-06,22,Dominos,Midwest,0.6121406492797106,-0.05893139790342674,0.10019145266430377,0.27749119186196053,-0.977809081224243
2022-06-06,22,Dominos,West,0.2735045698224583,0.04901208863738704,0.09196263428197264,0.08585787626857316,-1.9046964163641222
2022-06-06,22,Dominos,Southwest,0.3419676981257052,0.040385707409809415,0.013614314134967706,0.23368255004054264,-1.4056289797753911
2022-06-06,22,PizzaHut,Northeast,0.5104717541769621,0.03139644771813177,0.1344967708176812,0.33192020930403915,-0.5542735082177292
2022-06-06,22,PizzaHut,South,0.6676546101447423,0.034693289957500144,0.17165385327232988,0.4309775708003919,-1.1915286883248193
2022-06-06,22,PizzaHut,Midwest,0.99,0.032699633837536685,0.05667293070097135,0.5405277045945869,-1.5681807449977332
2022-06-06,22,PizzaHut,West,0.5215583326033097,0.05069848396598786,0.14116557278651456,0.36248858833460823,-1.8195935553070897
2022-06-06,22,PizzaHut,Southwest,0.23536358060819318,-0.006848172538696558,0.2076269648452098,0.03054343973064911,-0.9447074897277044
2022-06-13,23,McDonalds,Northeast,0.7523015994790003,0.15338176214532082,0.027713269265470058,0.5703076004290429,-1.4167227552888253
2022-06-13,23,McDonalds,South,0.41386436738464344,-0.06941662712629962,0.28741291316892137,0.36290162650219815,-1.9288765457898727
2022-06-13,23,McDonalds,Midwest,0.5776249452999924,-0.02426696356678838,0.044879181552355416,0.27197951974525986,-0.7982427450570128
2022-06-13,23,McDonalds,West,0.2886617920470578,-0.008733049091415288,0.2724710438053291,0.32062222572817095,-1.093428921375788
2022-06-13,23,McDonalds,Southwest,0.9405096711627482,0.05470931480215546,0.09761475647586786,0.06848935279224204,-1.7021857116976975
2022-06-13,23,BurgerKing,Northeast,0.36590239395441326,0.02688764210400633,0.24450012132992213,0.1451965604342744,-1.2577573150678698
2022-06-13,23,BurgerKing,South,0.8796532828979086,0.02408363668081142,0.07960538031602005,0.48906939996118465,-0.8865346316994134
2022-06-13,23,BurgerKing,Midwest,0.4491799305047176,-0.016544888433356303,0.3165741719930878,0.5707999278834135,-0.8443823193970343
2022-06-13,23,BurgerKing,West,0.498929573014848,-0.031153642171847996,0.10053500308910315,0.1221118822977808,-1.250572382001857
2022-06-13,23,BurgerKing,Southwest,0.8957864214691573,0.07805541294580538,0.018483657576278914,0.31990659288970436,-1.5421782048067114
2022-06-13,23,Wendys,Northeast,0.8237547431200092,-0.012419788616614476,0.1328241465142246,0.2864796801727,-0.5393861269422597
2022-06-13,23,Wendys,South,0.20354892217110485,0.01824878887579543,0.06877335669035799,0.4254476061773757,-1.0049560835652607
2022-06-13,23,Wendys,Midwest,0.5789792093094879,-0.007039891570078582,0.08722314572501384,0.211067729489257,-1.3876437209805519
2022-06-13,23,Wendys,West,0.5187733222944417,-0.007972240871532579,0.04165760766371676,0.41158605271605975,-1.5793051636930213
2022-06-13,23,Wendys,Southwest,0.20735557713075747,-0.030512450923806965,0.19598595047373857,0.4491558671991043,-0.9033455254946567
2022-06-13,23,TacoBell,Northeast,0.5077734286467775,-0.020720044564942208,0.07730275216667797,0.26793124519078654,-1.6367248316093486
2022-06-13,23,TacoBell,South,0.1172174654174097,-0.041683838705013666,0.003979491119964669,0.41766802910529877,-1.7424350165394678
2022-06-13,23,TacoBell,Midwest,0.3223835971139353,-0.08615842803853234,0.11549220000432603,0.150108946801192,-1.2052491665568945
2022-06-13,23,TacoBell,West,0.23212644243623676,-0.04254615666735275,0.0446903396082485,0.47182917581289624,-1.5650189110337873
2022-06-13,23,TacoBell,Southwest,0.3658520822030221,0.0346052268323342,0.10354646560386732,0.08879666648103435,-1.0566422826145774
2022-06-13,23,Subway,Northeast,0.349806422194908,0.018225163538848156,0.22149824057158357,0.4678561070838936,-1.8230919876886498
2022-06-13,23,Subway,South,0.6667261872381814,0.06048983749432958,0.12968553551579612,0.4688915625596436,-1.0175883431490176
2022-06-13,23,Subway,Midwest,0.20211977615333443,0.02890765074858447,0.21684813678008416,0.34844406917218707,-1.5750552080034468
2022-06-13,23,Subway,West,0.48349946553685086,-0.006014947815432251,0.24228889639333023,0.264080582240048,-1.999635598348231
2022-06-13,23,Subway,Southwest,0.2992695862768554,-0.0057117266012513025,0.15684861764457372,0.1839016666596838,-1.8095959134887354
2022-06-13,23,KFC,Northeast,0.5081619960071235,0.059183564951461806,0.10307124891057669,0.41065611985185674,-0.5995769332473588
2022-06-13,23,KFC,South,0.6737554977241387,0.05692964634633732,0.08985526769638223,0.059614022899604026,-0.6989680413269632
2022-06-13,23,KFC,Midwest,0.41023792374303025,0.0348024857465879,0.06211878057985756,0.18162748643710216,-1.6495864519456447
2022-06-13,23,KFC,West,0.4490579291445812,0.011946810882103826,0.06522890237178519,0.37457060797482544,-0.8324421431817632
2022-06-13,23,KFC,Southwest,0.566753686911766,0.040378644445593276,0.2062792732454961,0.19135202294227086,-1.0871426102390387
2022-06-13,23,Dominos,Northeast,0.37757833446533984,0.004400966008290264,0.05859345042386398,0.21214506472215292,-0.5436429328251958
2022-06-13,23,Dominos,South,0.48215780468690306,-0.021157579237679712,0.16903420222022753,0.2939671196096951,-1.4395915106989112
2022-06-13,23,Dominos,Midwest,0.6181748025634691,-0.052408169119292546,0.10019145266430377,0.27749119186196053,-0.977809081224243
2022-06-13,23,Dominos,West,0.2572515727522403,0.03324816706754455,0.09196263428197264,0.08585787626857316,-1.9046964163641222
2022-06-13,23,Dominos,Southwest,0.35624402612258865,0.055151110907068375,0.013614314134967706,0.23368255004054264,-1.4056289797753911
2022-06-13,23,PizzaHut,Northeast,0.5082855063195485,0.045197361259606286,0.1344967708176812,0.33192020930403915,-0.5542735082177292
2022-06-13,23,PizzaHut,South,0.645411821730759,0.02843766294240485,0.17165385327232988,0.4309775708003919,-1.1915286883248193
2022-06-13,23,PizzaHut,Midwest,0.99,0.036657669171910774,0.05667293070097135,0.5405277045945869,-1.5681807449977332
2022-06-13,23,PizzaHut,West,0.5105114730672491,0.05563878582881525,0.14116557278651456,0.36248858833460823,-1.8195935553070897
2022-06-13,23,PizzaHut,Southwest,0.2219831568675441,-0.004241434880457487,0.2076269648452098,0.03054343973064911,-0.9447074897277044
2022-06-20,24,McDonalds,Northeast,0.7642410554546043,0.1478787106068666,0.027713269265470058,0.5703076004290429,-1.4167227552888253
2022-06-20,24,McDonalds,South,0.424590641219321,-0.07613286080568013,0.28741291316892137,0.36290162650219815,-1.9288765457898727
2022-06-20,24,McDonalds,Midwest,0.5948119121041361,-0.02452250427670283,0.044879181552355416,0.27197951974525986,-0.7982427450570128
2022-06-20,24,McDonalds,West,0.31783158975370956,0.002994241101178359,0.2724710438053291,0.32062222572817095,-1.093428921375788
2022-06-20,24,McDonalds,Southwest,0.9633881802227507,0.06014531634809979,0.09761475647586786,0.06848935279224204,-1.7021857116976975
2022-06-20,24,BurgerKing,Northeast,0.3524572926996924,0.023181498783145273,0.24450012132992213,0.1451965604342744,-1.2577573150678698
2022-06-20,24,BurgerKing,South,0.8776313120705322,0.03180062378729487,0.07960538031602005,0.48906939996118465,-0.8865346316994134
2022-06-20,24,BurgerKing,Midwest,0.410955546364557,-0.04503031463965706,0.3165741719930878,0.5707999278834135,-0.8443823193970343
2022-06-20,24,BurgerKing,West,0.5006782720847093,-0.01966598516812696,0.10053500308910315,0.1221118822977808,-1.250572382001857
2022-06-20,24,BurgerKing,Southwest,0.8686503257475164,0.06065827515802438,0.018483657576278914,0.31990659288970436,-1.5421782048067114
2022-06-20,24,Wendys,Northeast,0.813711760032122,-0.016044198030645797,0.1328241465142246,0.2864796801727,-0.5393861269422597
2022-06-20,24,Wendys,South,0.18593364955098748,0.007052089929533992,0.06877335669035799,0.4254476061773757,-1.0049560835652607
2022-06-20,24,Wendys,Midwest,0.5596138208784229,-0.019986706327287638,0.08722314572501384,0.211067729489257,-1.3876437209805519
2022-06-20,24,Wendys,West,0.523963016494371,0.003636027002252613,0.04165760766371676,0.41158605271605975,-1.5793051636930213
2022-06-20,24,Wendys,Southwest,0.19625999144378264,-0.035189462936925875,0.19598595047373857,0.4491558671991043,-0.9033455254946567
2022-06-20,24,TacoBell,Northeast,0.5014363646367477,-0.017255005747635048,0.07730275216667797,0.26793124519078654,-1.6367248316093486
2022-06-20,24,TacoBell,South,0.10694615680128071,-0.042153044493805504,0.003979491119964669,0.41766802910529877,-1.7424350165394678
2022-06-20,24,TacoBell,Midwest,0.3173519025588294,-0.08138801976630113,0.11549220000432603,0.150108946801192,-1.2052491665568945
2022-06-20,24,TacoBell,West,0.2230925585195021,-0.0417779377567502,0.0446903396082485,0.47182917581289624,-1.5650189110337873
2022-06-20,24,TacoBell,Southwest,0.3432200571337993,0.0217753045904485,0.10354646560386732,0.08879666648103435,-1.0566422826145774
2022-06-20,24,Subway,Northeast,0.3730245495637524,0.028187831733319554,0.22149824057158357,0.4678561070838936,-1.8230919876886498
2022-06-20,24,Subway,South,0.6750440805809415,0.05555227166271646,0.12968553551579612,0.4688915625596436,-1.0175883431490176
2022-06-20,24,Subway,Midwest,0.19980941634110994,0.013341831761986958,0.21684813678008416,0.34844406917218707,-1.5750552080034468
2022-06-20,24,Subway,West,0.49247377310156476,-0.010296099425091375,0.24228889639333023,0.264080582240048,-1.999635598348231
2022-06-20,24,Subway,Southwest,0.32753264335757154,0.009295871305091807,0.15684861764457372,0.1839016666596838,-1.8095959134887354
2022-06-20,24,KFC,Northeast,0.5275995077029916,0.06768578237259673,0.10307124891057669,0.41065611985185674,-0.5995769332473588
2022-06-20,24,KFC,South,0.6812042706547932,0.05344312500225873,0.08985526769638223,0.059614022899604026,-0.6989680413269632
2022-06-20,24,KFC,Midwest,0.4176806409745791,0.03130990870340361,0.06211878057985756,0.18162748643710216,-1.6495864519456447
2022-06-20,24,KFC,West,0.4567768729071406,0.00873046036993,0.06522890237178519,0.37457060797482544,-0.8324421431817632
2022-06-20,24,KFC,Southwest,0.5984564610221075,0.06114612428120168,0.2062792732454961,0.19135202294227086,-1.0871426102390387
2022-06-20,24,Dominos,Northeast,0.37934133821155996,0.008220320530605799,0.05859345042386398,0.21214506472215292,-0.5436429328251958
2022-06-20,24,Dominos,South,0.48440187038271826,-0.016857162765769016,0.16903420222022753,0.2939671196096951,-1.4395915106989112
2022-06-20,24,Dominos,Midwest,0.6264212863276922,-0.04210533457897413,0.10019145266430377,0.27749119186196053,-0.977809081224243
2022-06-20,24,Dominos,West,0.25758311356641,0.03563605865780968,0.09196263428197264,0.08585787626857316,-1.9046964163641222
2022-06-20,24,Dominos,Southwest,0.35159725388828617,0.052560689448861345,0.013614314134967706,0.23368255004054264,-1.4056289797753911
2022-06-20,24,PizzaHut,Northeast,0.48951659877209347,0.0432338627687565,0.1344967708176812,0.33192020930403915,-0.5542735082177292
2022-06-20,24,PizzaHut,South,0.6278904000800131,0.027721650348264213,0.17165385327232988,0.4309775708003919,-1.1915286883248193
2022-06-20,24,PizzaHut,Midwest,0.9827157319625832,0.03628544680681236,0.05667293070097135,0.5405277045945869,-1.5681807449977332
2022-06-20,24,PizzaHut,West,0.5009823594470135,0.06291508126518505,0.14116557278651456,0.36248858833460823,-1.8195935553070897
2022-06-20,24,PizzaHut,Southwest,0.20569720666901184,-0.003721976022384493,0.2076269648452098,0.03054343973064911,-0.9447074897277044
2022-06-27,25,McDonalds,Northeast,0.7889994220381844,0.1552051113790224,0.027713269265470058,0.5703076004290429,-1.4167227552888253
2022-06-27,25,McDonalds,South,0.44121544122965956,-0.07694002660676595,0.28741291316892137,0.36290162650219815,-1.9288765457898727
2022-06-27,25,McDonalds,Midwest,0.6130302298187215,-0.023736152373541927,0.044879181552355416,0.27197951974525986,-0.7982427450570128
2022-06-27,25,McDonalds,West,0.31528154871981284,-0.016987765744142718,0.2724710438053291,0.32062222572817095,-1.093428921375788
2022-06-27,25,McDonalds,Southwest,0.9899834227811999,0.0693085930951246,0.09761475647586786,0.06848935279224204,-1.7021857116976975
2022-06-27,25,BurgerKing,Northeast,0.3449128480125922,0.0266463835421252,0.24450012132992213,0.1451965604342744,-1.2577573150678698
2022-06-27,25,BurgerKing,South,0.8766020837230486,0.04178072488589139,0.07960538031602005,0.48906939996118465,-0.8865346316994134
2022-06-27,25,BurgerKing,Midwest,0.37098366313653997,-0.07399286842159394,0.3165741719930878,0.5707999278834135,-0.8443823193970343
2022-06-27,25,BurgerKing,West,0.5105526896864364,0.001217761879680316,0.10053500308910315,0.1221118822977808,-1.250572382001857
2022-06-27,25,BurgerKing,Southwest,0.8562451000198846,0.05926237887647264,0.018483657576278914,0.31990659288970436,-1.5421782048067114
2022-06-27,25,Wendys,Northeast,0.8186297331793801,-0.0049623698632706315,0.1328241465142246,0.2864796801727,-0.5393861269422597
2022-06-27,25,Wendys,South,0.16937073525961516,-0.003346969341721316,0.06877335669035799,0.4254476061773757,-1.0049560835652607
2022-06-27,25,Wendys,Midwest,0.5595777049089316,-0.01385896727666194,0.08722314572501384,0.211067729489257,-1.3876437209805519
2022-06-27,25,Wendys,West,0.5072650058425174,-0.006898128629483949,0.04165760766371676,0.41158605271605975,-1.5793051636930213
2022-06-27,25,Wendys,Southwest,0.18385844681670754,-0.041427152543883926,0.19598595047373857,0.4491558671991043,-0.9033455254946567
2022-06-27,25,TacoBell,Northeast,0.5124664894268369,0.001885307791032815,0.07730275216667797,0.26793124519078654,-1.6367248316093486
2022-06-27,25,TacoBell,South,0.09692914404506865,-0.04405986850143897,0.003979491119964669,0.41766802910529877,-1.7424350165394678
2022-06-27,25,TacoBell,Midwest,0.311416042542048,-0.0792136910345039,0.11549220000432603,0.150108946801192,-1.2052491665568945
2022-06-27,25,TacoBell,West,0.22368304707781111,-0.03307726044986266,0.0446903396082485,0.47182917581289624,-1.5650189110337873
2022-06-27,25,TacoBell,Southwest,0.34006668726494677,0.026732123470174545,0.10354646560386732,0.08879666648103435,-1.0566422826145774
2022-06-27,25,Subway,Northeast,0.3888509844059879,0.029692020784755316,0.22149824057158357,0.4678561070838936,-1.8230919876886498
2022-06-27,25,Subway,South,0.6930159363964034,0.05920188168737871,0.12968553551579612,0.4688915625596436,-1.0175883431490176
2022-06-27,25,Subway,Midwest,0.23816581798429248,0.03737598761436971,0.21684813678008416,0.34844406917218707,-1.5750552080034468
2022-06-27,25,Subway,West,0.5062198309220286,-0.010872287395427229,0.24228889639333023,0.264080582240048,-1.999635598348231
2022-06-27,25,Subway,Southwest,0.343865879615521,0.011306861772241482,0.15684861764457372,0.1839016666596838,-1.8095959134887354
2022-06-27,25,KFC,Northeast,0.5485921149784211,0.07819232633267285,0.10307124891057669,0.41065611985185674,-0.5995769332473588
2022-06-27,25,KFC,South,0.7027455932997263,0.06449838433183856,0.08985526769638223,0.059614022899604026,-0.6989680413269632
2022-06-27,25,KFC,Midwest,0.4400370073455362,0.04318021175900741,0.06211878057985756,0.18162748643710216,-1.6495864519456447
2022-06-27,25,KFC,West,0.47365023844278575,0.015117762590221847,0.06522890237178519,0.37457060797482544,-0.8324421431817632
2022-06-27,25,KFC,Southwest,0.597512475210156,0.049716075153896845,0.2062792732454961,0.19135202294227086,-1.0871426102390387
2022-06-27,25,Dominos,Northeast,0.3920818498231591,0.02455463585361676,0.05859345042386398,0.21214506472215292,-0.5436429328251958
2022-06-27,25,Dominos,South,0.4693446127411195,-0.028320616695955897,0.16903420222022753,0.2939671196096951,-1.4395915106989112
2022-06-27,25,Dominos,Midwest,0.6258538372686706,-0.039078979926583796,0.10019145266430377,0.27749119186196053,-0.977809081224243
2022-06-27,25,Dominos,West,0.24644655135480453,0.028093300157616102,0.09196263428197264,0.08585787626857316,-1.9046964163641222
2022-06-27,25,Dominos,Southwest,0.3473620667109444,0.051919305982931416,0.013614314134967706,0.23368255004054264,-1.4056289797753911
2022-06-27,25,PizzaHut,Northeast,0.47542428753136706,0.04652148687179131,0.1344967708176812,0.33192020930403915,-0.5542735082177292
2022-06-27,25,PizzaHut,South,0.6137240368907545,0.030935222502766944,0.17165385327232988,0.4309775708003919,-1.1915286883248193
2022-06-27,25,PizzaHut,Midwest,0.9695550041611748,0.040504654349165205,0.05667293070097135,0.5405277045945869,-1.5681807449977332
2022-06-27,25,PizzaHut,West,0.4997395367938388,0.07905219395577152,0.14116557278651456,0.36248858833460823,-1.8195935553070897
2022-06-27,25,PizzaHut,Southwest,0.19285261434039044,0.0008133669927553053,0.2076269648452098,0.03054343973064911,-0.9447074897277044
2022-07-04,26,McDonalds,Northeast,0.8037264717496568,0.15276354502611592,0.027713269265470058,0.5703076004290429,-1.4167227552888253
2022-07-04,26,McDonalds,South,0.468024928976922,-0.06729915492388237,0.28741291316892137,0.36290162650219815,-1.9288765457898727
2022-07-04,26,McDonalds,Midwest,0.6420935507723468,-0.01184144748429552,0.044879181552355416,0.27197951974525986,-0.7982427450570128
2022-07-04,26,McDonalds,West,0.3201740866328218,-0.02926384389551264,0.2724710438053291,0.32062222572817095,-1.093428921375788
2022-07-04,26,McDonalds,Southwest,0.99,0.07528259379362319,0.09761475647586786,0.06848935279224204,-1.7021857116976975
2022-07-04,26,BurgerKing,Northeast,0.33980453788413634,0.03365811096523418,0.24450012132992213,0.1451965604342744,-1.2577573150678698
2022-07-04,26,BurgerKing,South,0.861506411137884,0.038805089852291474,0.07960538031602005,0.48906939996118465,-0.8865346316994134
2022-07-04,26,BurgerKing,Midwest,0.37262069371809137,-0.06023580028847775,0.3165741719930878,0.5707999278834135,-0.8443823193970343
2022-07-04,26,BurgerKing,West,0.4969320962645464,-0.00028279399064495576,0.10053500308910315,0.1221118822977808,-1.250572382001857
2022-07-04,26,BurgerKing,Southwest,0.8453808270030353,0.060518143411188066,0.018483657576278914,0.31990659288970436,-1.5421782048067114
2022-07-04,26,Wendys,Northeast,0.8110792702171254,-0.006693088106109328,0.1328241465142246,0.2864796801727,-0.5393861269422597
2022-07-04,26,Wendys,South,0.16370678101601396,-0.003191178865906641,0.06877335669035799,0.4254476061773757,-1.0049560835652607
2022-07-04,26,Wendys,Midwest,0.5427952093205636,-0.024821718145613958,0.08722314572501384,0.211067729489257,-1.3876437209805519
2022-07-04,26,Wendys,West,0.48704475229715855,-0.021298637455426893,0.04165760766371676,0.41158605271605975,-1.5793051636930213
2022-07-04,26,Wendys,Southwest,0.19398375272954144,-0.025482101911634202,0.19598595047373857,0.4491558671991043,-0.9033455254946567
2022-07-04,26,TacoBell,Northeast,0.4976962197329058,-0.006584305692150464,0.07730275216667797,0.26793124519078654,-1.6367248316093486
2022-07-04,26,TacoBell,South,0.0807145643397578,-0.05397379199600204,0.003979491119964669,0.41766802910529877,-1.7424350165394678
2022-07-04,26,TacoBell,Midwest,0.28358148519526305,-0.10074759217054105,0.11549220000432603,0.150108946801192,-1.2052491665568945
2022-07-04,26,TacoBell,West,0.21099277339016828,-0.03946687792675768,0.0446903396082485,0.47182917581289624,-1.5650189110337873
2022-07-04,26,TacoBell,Southwest,0.32053513312012394,0.01350122553609956,0.10354646560386732,0.08879666648103435,-1.0566422826145774
2022-07-04,26,Subway,Northeast,0.4204524592560629,0.046112172386119005,0.22149824057158357,0.4678561070838936,-1.8230919876886498
2022-07-04,26,Subway,South,0.7182954305385411,0.06930005258080504,0.12968553551579612,0.4688915625596436,-1.0175883431490176
2022-07-04,26,Subway,Midwest,0.24646563778122657,0.03049448416259247,0.21684813678008416,0.34844406917218707,-1.5750552080034468
2022-07-04,26,Subway,West,0.5439255122241831,0.01165207065801586,0.24228889639333023,0.264080582240048,-1.999635598348231
2022-07-04,26,Subway,Southwest,0.36886485773414823,0.021124516642157427,0.15684861764457372,0.1839016666596838,-1.8095959134887354
2022-07-04,26,KFC,Northeast,0.5552285587884576,0.07494401249758663,0.10307124891057669,0.41065611985185674,-0.5995769332473588
2022-07-04,26,KFC,South,0.6876362937961134,0.03950432718310283,0.08985526769638223,0.059614022899604026,-0.6989680413269632
2022-07-04,26,KFC,Midwest,0.4728311907165663,0.06608963748491482,0.06211878057985756,0.18162748643710216,-1.6495864519456447
2022-07-04,26,KFC,West,0.4696392714202725,0.0012220379225858866,0.06522890237178519,0.37457060797482544,-0.8324421431817632
2022-07-04,26,KFC,Southwest,0.5909432453857099,0.03326208768432792,0.2062792732454961,0.19135202294227086,-1.0871426102390387
2022-07-04,26,Dominos,Northeast,0.39722841683281485,0.03478034017371316,0.05859345042386398,0.21214506472215292,-0.5436429328251958
2022-07-04,26,Dominos,South,0.4886629994940716,-0.003923092632563168,0.16903420222022753,0.2939671196096951,-1.4395915106989112
2022-07-04,26,Dominos,Midwest,0.6346174281433352,-0.025236251741478616,0.10019145266430377,0.27749119186196053,-0.977809081224243
2022-07-04,26,Dominos,West,0.2470065052448875,0.0337323913581397,0.09196263428197264,0.08585787626857316,-1.9046964163641222
2022-07-04,26,Dominos,Southwest,0.3482304728171566,0.05786684939958427,0.013614314134967706,0.23368255004054264,-1.4056289797753911
2022-07-04,26,PizzaHut,Northeast,0.4662560349579413,0.055055642459594385,0.1344967708176812,0.33192020930403915,-0.5542735082177292
2022-07-04,26,PizzaHut,South,0.6036109146273934,0.038524508400634594,0.17165385327232988,0.4309775708003919,-1.1915286883248193
2022-07-04,26,PizzaHut,Midwest,0.9546645102396397,0.04331656858885896,0.05667293070097135,0.5405277045945869,-1.5681807449977332
2022-07-04,26,PizzaHut,West,0.4830791396721288,0.08009420499529028,0.14116557278651456,0.36248858833460823,-1.8195935553070897
2022-07-04,26,PizzaHut,Southwest,0.17452427490016642,0.00018743571376008121,0.2076269648452098,0.03054343973064911,-0.9447074897277044
2022-07-11,27,McDonalds,Northeast,0.8128431033781248,0.14522389913744915,0.027713269265470058,0.5703076004290429,-1.4167227552888253
2022-07-11,27,McDonalds,South,0.48187445572538906,-0.07010590569255011,0.28741291316892137,0.36290162650219815,-1.9288765457898727
2022-07-11,27,McDonalds,Midwest,0.6418202601475276,-0.028771015626249376,0.044879181552355416,0.27197951974525986,-0.7982427450570128
2022-07-11,27,McDonalds,West,0.3358469678820091,-0.03024724016346014,0.2724710438053291,0.32062222572817095,-1.093428921375788
2022-07-11,27,McDonalds,Southwest,0.99,0.06539668272211402,0.09761475647586786,0.06848935279224204,-1.7021857116976975
2022-07-11,27,BurgerKing,Northeast,0.3157136705671471,0.022622217793076473,0.24450012132992213,0.1451965604342744,-1.2577573150678698
2022-07-11,27,BurgerKing,South,0.8502503785045872,0.04060403136382626,0.07960538031602005,0.48906939996118465,-0.8865346316994134
2022-07-11,27,BurgerKing,Midwest,0.37348574243670585,-0.046315777425031755,0.3165741719930878,0.5707999278834135,-0.8443823193970343
2022-07-11,27,BurgerKing,West,0.4930602881797379,0.008900372069378177,0.10053500308910315,0.1221118822977808,-1.250572382001857
2022-07-11,27,BurgerKing,Southwest,0.8166208468219719,0.04481313737495629,0.018483657576278914,0.31990659288970436,-1.5421782048067114
2022-07-11,27,Wendys,Northeast,0.7957917556010786,-0.016589369471812703,0.1328241465142246,0.2864796801727,-0.5393861269422597
2022-07-11,27,Wendys,South,0.16772325964555254,0.0062165330139755184,0.06877335669035799,0.4254476061773757,-1.0049560835652607
2022-07-11,27,Wendys,Midwest,0.5275791021348369,-0.03464659208099705,0.08722314572501384,0.211067729489257,-1.3876437209805519
2022-07-11,27,Wendys,West,0.47940718754684475,-0.02354496895539714,0.04165760766371676,0.41158605271605975,-1.5793051636930213
2022-07-11,27,Wendys,Southwest,0.19409304046944337,-0.019981580921388683,0.19598595047373857,0.4491558671991043,-0.9033455254946567
2022-07-11,27,TacoBell,Northeast,0.48361302712511745,-0.01626775024078682,0.07730275216667797,0.26793124519078654,-1.6367248316093486
2022-07-11,27,TacoBell,South,0.07736857134206535,-0.05292003693454244,0.003979491119964669,0.41766802910529877,-1.7424350165394678
2022-07-11,27,TacoBell,Midwest,0.26584148218692905,-0.1140878471197231,0.11549220000432603,0.150108946801192,-1.2052491665568945
2022-07-11,27,TacoBell,West,0.2005793488915041,-0.04548055436626982,0.0446903396082485,0.47182917581289624,-1.5650189110337873
2022-07-11,27,TacoBell,Southwest,0.3193332044023973,0.01669904487752493,0.10354646560386732,0.08879666648103435,-1.0566422826145774
2022-07-11,27,Subway,Northeast,0.4203427546506988,0.030182235050802312,0.22149824057158357,0.4678561070838936,-1.8230919876886498
2022-07-11,27,Subway,South,0.7385204106480976,0.07370479996040903,0.12968553551579612,0.4688915625596436,-1.0175883431490176
2022-07-11,27,Subway,Midwest,0.2620894925219123,0.030298106173325658,0.21684813678008416,0.34844406917218707,-1.5750552080034468
2022-07-11,27,Subway,West,0.5652706444983071,0.01717697020218734,0.24228889639333023,0.264080582240048,-1.999635598348231
2022-07-11,27,Subway,Southwest,0.38692423180474744,0.023363657982804042,0.15684861764457372,0.1839016666596838,-1.8095959134887354
2022-07-11,27,KFC,Northeast,0.5780100608208427,0.08858541679732507,0.10307124891057669,0.41065611985185674,-0.5995769332473588
2022-07-11,27,KFC,South,0.6980286365552392,0.040756572209581905,0.08985526769638223,0.059614022899604026,-0.6989680413269632
2022-07-11,27,KFC,Midwest,0.4776772330379605,0.06179558207366229,0.06211878057985756,0.18162748643710216,-1.6495864519456447
2022-07-11,27,KFC,West,0.480002344183242,0.002445012952908725,0.06522890237178519,0.37457060797482544,-0.8324421431817632
2022-07-11,27,KFC,Southwest,0.6055163234087204,0.038695067974691806,0.2062792732454961,0.19135202294227086,-1.0871426102390387
2022-07-11,27,Dominos,Northeast,0.39122620709522904,0.0352689408769702,0.05859345042386398,0.21214506472215292,-0.5436429328251958
2022-07-11,27,Dominos,South,0.4825781059652676,-0.003517175720524344,0.16903420222022753,0.2939671196096951,-1.4395915106989112
2022-07-11,27,Dominos,Midwest,0.6211067008244249,-0.03225616861954617,0.10019145266430377,0.27749119186196053,-0.977809081224243
2022-07-11,27,Dominos,West,0.23388668562853518,0.027103382182630215,0.09196263428197264,0.08585787626857316,-1.9046964163641222
2022-07-11,27,Dominos,Southwest,0.32771360965831686,0.043840796681587337,0.013614314134967706,0.23368255004054264,-1.4056289797753911
2022-07-11,27,PizzaHut,Northeast,0.4659836515606011,0.07255140989146378,0.1344967708176812,0.33192020930403915,-0.5542735082177292
2022-07-11,27,PizzaHut,South,0.573404131444271,0.026085876046721745,0.17165385327232988,0.4309775708003919,-1.1915286883248193
2022-07-11,27,PizzaHut,Midwest,0.9299673074324712,0.03638751661089989,0.05667293070097135,0.5405277045945869,-1.5681807449977332
2022-07-11,27,PizzaHut,West,0.45812691618722723,0.07291013233959831,0.14116557278651456,0.36248858833460823,-1.8195935553070897
2022-07-11,27,PizzaHut,Southwest,0.16570536784040124,0.009136679483204495,0.2076269648452098,0.03054343973064911,-0.9447074897277044
2022-07-18,28,McDonalds,Northeast,0.8257959869828999,0.14227440235452887,0.027713269265470058,0.5703076004290429,-1.4167227552888253
2022-07-18,28,McDonalds,South,0.5102542568398218,-0.05762848496581277,0.28741291316892137,0.36290162650219815,-1.9288765457898727
2022-07-18,28,McDonalds,Midwest,0.6509877342927843,-0.03550592186868806,0.044879181552355416,0.27197951974525986,-0.7982427450570128
2022-07-18,28,McDonalds,West,0.3545392898919425,-0.02745729854122212,0.2724710438053291,0.32062222572817095,-1.093428921375788
2022-07-18,28,McDonalds,Southwest,0.99,0.05704321218951645,0.09761475647586786,0.06848935279224204,-1.7021857116976975
2022-07-18,28,BurgerKing,Northeast,0.3233645815884451,0.04407370907081036,0.24450012132992213,0.1451965604342744,-1.2577573150678698
2022-07-18,28,BurgerKing,South,0.8245738140578561,0.028728047173531134,0.07960538031602005,0.48906939996118465,-0.8865346316994134
2022-07-18,28,BurgerKing,Midwest,0.36278336928254024,-0.04321757032276148,0.3165741719930878,0.5707999278834135,-0.8443823193970343
2022-07-18,28,BurgerKing,West,0.48559747673262305,0.015238140878699163,0.10053500308910315,0.1221118822977808,-1.250572382001857
2022-07-18,28,BurgerKing,Southwest,0.8069582575400509,0.048951128349471275,0.018483657576278914,0.31990659288970436,-1.5421782048067114
2022-07-18,28,Wendys,Northeast,0.7890543438882169,-0.018442246060589786,0.1328241465142246,0.2864796801727,-0.5393861269422597
2022-07-18,28,Wendys,South,0.16154051752413362,0.004918326016641257,0.06877335669035799,0.4254476061773757,-1.0049560835652607
2022-07-18,28,Wendys,Midwest,0.5231326817305435,-0.034208477361205955,0.08722314572501384,0.211067729489257,-1.3876437209805519
2022-07-18,28,Wendys,West,0.47305263240647527,-0.025014988971682025,0.04165760766371676,0.41158605271605975,-1.5793051636930213
2022-07-18,28,Wendys,Southwest,0.19884729651330782,-0.010342789753439587,0.19598595047373857,0.4491558671991043,-0.9033455254946567
2022-07-18,28,TacoBell,Northeast,0.5032832248220604,0.005837479775126695,0.07730275216667797,0.26793124519078654,-1.6367248316093486
2022-07-18,28,TacoBell,South,0.06935862117301653,-0.05849495478462078,0.003979491119964669,0.41766802910529877,-1.7424350165394678
2022-07-18,28,TacoBell,Midwest,0.2497084200721677,-0.12778587691551388,0.11549220000432603,0.150108946801192,-1.2052491665568945
2022-07-18,28,TacoBell,West,0.19726149608902105,-0.04636337484978237,0.0446903396082485,0.47182917581289624,-1.5650189110337873
2022-07-18,28,TacoBell,Southwest,0.34269526545997,0.042496138254068117,0.10354646560386732,0.08879666648103435,-1.0566422826145774
2022-07-18,28,Subway,Northeast,0.4285357173855793,0.022145489371105005,0.22149824057158357,0.4678561070838936,-1.8230919876886498
2022-07-18,28,Subway,South,0.771141287117116,0.0900959680148497,0.12968553551579612,0.4688915625596436,-1.0175883431490176
2022-07-18,28,Subway,Midwest,0.2950962090772545,0.04707511431409006,0.21684813678008416,0.34844406917218707,-1.5750552080034468
2022-07-18,28,Subway,West,0.575964470495805,0.011641087785107394,0.24228889639333023,0.264080582240048,-1.999635598348231
2022-07-18,28,Subway,Southwest,0.40884377101117797,0.029053488774656796,0.15684861764457372,0.1839016666596838,-1.8095959134887354
2022-07-18,28,KFC,Northeast,0.6025569101014531,0.10486938302861044,0.10307124891057669,0.41065611985185674,-0.5995769332473588
2022-07-18,28,KFC,South,0.7025002421946892,0.03696529479970703,0.08985526769638223,0.059614022899604026,-0.6989680413269632
2022-07-18,28,KFC,Midwest,0.483904312486262,0.05975977847263868,0.06211878057985756,0.18162748643710216,-1.6495864519456447
2022-07-18,28,KFC,West,0.48244841809308064,-0.0033717961865777123,0.06522890237178519,0.37457060797482544,-0.8324421431817632
2022-07-18,28,KFC,Southwest,0.6036316391511167,0.028547500667763136,0.2062792732454961,0.19135202294227086,-1.0871426102390387
2022-07-18,28,Dominos,Northeast,0.3769250814092854,0.028776165426310132,0.05859345042386398,0.21214506472215292,-0.5436429328251958
2022-07-18,28,Dominos,South,0.46253035306236145,-0.01575657838814691,0.16903420222022753,0.2939671196096951,-1.4395915106989112
2022-07-18,28,Dominos,Midwest,0.6136391852717336,-0.031915333936953914,0.10019145266430377,0.27749119186196053,-0.977809081224243
2022-07-18,28,Dominos,West,0.2183786030826652,0.0194036498720438,0.09196263428197264,0.08585787626857316,-1.9046964163641222
2022-07-18,28,Dominos,Southwest,0.3222431185409408,0.04617865579949482,0.013614314134967706,0.23368255004054264,-1.4056289797753911
2022-07-18,28,PizzaHut,Northeast,0.4328484851875252,0.056992453429427506,0.1344967708176812,0.33192020930403915,-0.5542735082177292
2022-07-18,28,PizzaHut,South,0.5591367238553759,0.029394678368866316,0.17165385327232988,0.4309775708003919,-1.1915286883248193
2022-07-18,28,PizzaHut,Midwest,0.9207263871375208,0.04472280622698913,0.05667293070097135,0.5405277045945869,-1.5681807449977332
2022-07-18,28,PizzaHut,West,0.42061334985047305,0.05297277591388376,0.14116557278651456,0.36248858833460823,-1.8195935553070897
2022-07-18,28,PizzaHut,Southwest,0.15186972362783732,0.012877245181680217,0.2076269648452098,0.03054343973064911,-0.9447074897277044
2022-07-25,29,McDonalds,Northeast,0.8529905350183414,0.15455109227926178,0.027713269265470058,0.5703076004290429,-1.4167227552888253
2022-07-25,29,McDonalds,South,0.5130757047636183,-0.06972489515272483,0.28741291316892137,0.36290162650219815,-1.9288765457898727
2022-07-25,29,McDonalds,Midwest,0.6826313162718699,-0.018780198000311027,0.044879181552355416,0.27197951974525986,-0.7982427450570128
2022-07-25,29,McDonalds,West,0.3736473380963115,-0.02326710844756167,0.2724710438053291,0.32062222572817095,-1.093428921375788
2022-07-25,29,McDonalds,Southwest,0.99,0.049993093631932356,0.09761475647586786,0.06848935279224204,-1.7021857116976975
2022-07-25,29,BurgerKing,Northeast,0.30846084811919505,0.0435160182942333,0.24450012132992213,0.1451965604342744,-1.2577573150678698
2022-07-25,29,BurgerKing,South,0.8158110404904004,0.034311316298748354,0.07960538031602005,0.48906939996118465,-0.8865346316994134
2022-07-25,29,BurgerKing,Midwest,0.3491973805039913,-0.04245751640863737,0.3165741719930878,0.5707999278834135,-0.8443823193970343
2022-07-25,29,BurgerKing,West,0.47663899396441367,0.020625700803162856,0.10053500308910315,0.1221118822977808,-1.250572382001857
2022-07-25,29,BurgerKing,Southwest,0.7834054789165843,0.03974439241867761,0.018483657576278914,0.31990659288970436,-1.5421782048067114
2022-07-25,29,Wendys,Northeast,0.7864409533704513,-0.016748637820229006,0.1328241465142246,0.2864796801727,-0.5393861269422597
2022-07-25,29,Wendys,South,0.14309637379695742,-0.009218818952408546,0.06877335669035799,0.4254476061773757,-1.0049560835652607
2022-07-25,29,Wendys,Midwest,0.51771342235893,-0.035320737974692956,0.08722314572501384,0.211067729489257,-1.3876437209805519
2022-07-25,29,Wendys,West,0.4597065572337009,-0.03405406538632992,0.04165760766371676,0.41158605271605975,-1.5793051636930213
2022-07-25,29,Wendys,Southwest,0.18718499832928376,-0.017698089179337254,0.19598595047373857,0.4491558671991043,-0.9033455254946567
2022-07-25,29,TacoBell,Northeast,0.5152091541857144,0.01819841152723107,0.07730275216667797,0.26793124519078654,-1.6367248316093486
2022-07-25,29,TacoBell,South,0.07983671999050879,-0.04758185357867809,0.003979491119964669,0.41766802910529877,-1.7424350165394678
2022-07-25,29,TacoBell,Midwest,0.25536479889278907,-0.12169449570644211,0.11549220000432603,0.150108946801192,-1.2052491665568945
2022-07-25,29,TacoBell,West,0.18590336605384486,-0.05728650249650816,0.0446903396082485,0.47182917581289624,-1.5650189110337873
2022-07-25,29,TacoBell,Southwest,0.3390961785745715,0.039332053757120095,0.10354646560386732,0.08879666648103435,-1.0566422826145774
2022-07-25,29,Subway,Northeast,0.4570705062442861,0.03427646637089684,0.22149824057158357,0.4678561070838936,-1.8230919876886498
2022-07-25,29,Subway,South,0.7889622681124301,0.09151313715124874,0.12968553551579612,0.4688915625596436,-1.0175883431490176
2022-07-25,29,Subway,Midwest,0.3346933163359864,0.070268409713907,0.21684813678008416,0.34844406917218707,-1.5750552080034468
2022-07-25,29,Subway,West,0.5963014607486636,0.015574266179051112,0.24228889639333023,0.264080582240048,-1.999635598348231
2022-07-25,29,Subway,Southwest,0.42716807403499324,0.03097397993955711,0.15684861764457372,0.1839016666596838,-1.8095959134887354
2022-07-25,29,KFC,Northeast,0.6067315809088517,0.10177821838658543,0.10307124891057669,0.41065611985185674,-0.5995769332473588
2022-07-25,29,KFC,South,0.7111014866919356,0.03830070384752985,0.08985526769638223,0.059614022899604026,-0.6989680413269632
2022-07-25,29,KFC,Midwest,0.48964544957188005,0.05823508010883324,0.06211878057985756,0.18162748643710216,-1.6495864519456447
2022-07-25,29,KFC,West,0.4967953403093901,0.0037092905803081926,0.06522890237178519,0.37457060797482544,-0.8324421431817632
2022-07-25,29,KFC,Southwest,0.6204644977684862,0.03811452383570898,0.2062792732454961,0.19135202294227086,-1.0871426102390387
2022-07-25,29,Dominos,Northeast,0.3600525378038881,0.02091627082123064,0.05859345042386398,0.21214506472215292,-0.5436429328251958
2022-07-25,29,Dominos,South,0.44020537452646585,-0.029068907923724692,0.16903420222022753,0.2939671196096951,-1.4395915106989112
2022-07-25,29,Dominos,Midwest,0.5862644825403827,-0.05027738766798688,0.10019145266430377,0.27749119186196053,-0.977809081224243
2022-07-25,29,Dominos,West,0.21444586735147278,0.024483563141169236,0.09196263428197264,0.08585787626857316,-1.9046964163641222
2022-07-25,29,Dominos,Southwest,0.30219680347888417,0.03514498973775608,0.013614314134967706,0.23368255004054264,-1.4056289797753911
2022-07-25,29,PizzaHut,Northeast,0.39419021021754236,0.03546354749990267,0.1344967708176812,0.33192020930403915,-0.5542735082177292
2022-07-25,29,PizzaHut,South,0.5458931408602276,0.03328046441417596,0.17165385327232988,0.4309775708003919,-1.1915286883248193
2022-07-25,29,PizzaHut,Midwest,0.9285270132713906,0.06965280140131704,0.05667293070097135,0.5405277045945869,-1.5681807449977332
2022-07-25,29,PizzaHut,West,0.40342327169461606,0.05291206679848483,0.14116557278651456,0.36248858833460823,-1.8195935553070897
2022-07-25,29,PizzaHut,Southwest,0.1431252623318957,0.021262152926196636,0.2076269648452098,0.03054343973064911,-0.9447074897277044
2022-08-01,30,McDonalds,Northeast,0.867525817378545,0.15536938586473742,0.027713269265470058,0.5703076004290429,-1.4167227552888253
2022-08-01,30,McDonalds,South,0.5258037970064348,-0.07071379168463625,0.28741291316892137,0.36290162650219815,-1.9288765457898727
2022-08-01,30,McDonalds,Midwest,0.7055390698764755,-0.00958943317043334,0.044879181552355416,0.27197951974525986,-0.7982427450570128
2022-08-01,30,McDonalds,West,0.38446158142915293,-0.02616985388944818,0.2724710438053291,0.32062222572817095,-1.093428921375788
2022-08-01,30,McDonalds,Southwest,0.99,0.052667016772651384,0.09761475647586786,0.06848935279224204,-1.7021857116976975
2022-08-01,30,BurgerKing,Northeast,0.2969943753266405,0.046732996356193435,0.24450012132992213,0.1451965604342744,-1.2577573150678698
2022-08-01,30,BurgerKing,South,0.7944466850994552,0.027630411762317866,0.07960538031602005,0.48906939996118465,-0.8865346316994134
2022-08-01,30,BurgerKing,Midwest,0.34443435314484183,-0.03253709291327214,0.3165741719930878,0.5707999278834135,-0.8443823193970343
2022-08-01,30,BurgerKing,West,0.4602059455429449,0.01887610323620877,0.10053500308910315,0.1221118822977808,-1.250572382001857
2022-08-01,30,BurgerKing,Southwest,0.7611645764671412,0.03218694082374916,0.018483657576278914,0.31990659288970436,-1.5421782048067114
2022-08-01,30,Wendys,Northeast,0.7881390519007258,-0.01138353938452497,0.1328241465142246,0.2864796801727,-0.5393861269422597
2022-08-01,30,Wendys,South,0.13044469407361753,-0.01820349877031892,0.06877335669035799,0.4254476061773757,-1.0049560835652607
2022-08-01,30,Wendys,Midwest,0.5143282340271917,-0.035038926401001674,0.08722314572501384,0.211067729489257,-1.3876437209805519
2022-08-01,30,Wendys,West,0.4559483673618294,-0.03414525535277196,0.04165760766371676,0.41158605271605975,-1.5793051636930213
2022-08-01,30,Wendys,Southwest,0.19437695408217004,-0.006839133521021473,0.19598595047373857,0.4491558671991043,-0.9033455254946567
2022-08-01,30,TacoBell,Northeast,0.521527472702684,0.022945393856030595,0.07730275216667797,0.26793124519078654,-1.6367248316093486
2022-08-01,30,TacoBell,South,0.08115778659122733,-0.04783212316612953,0.003979491119964669,0.41766802910529877,-1.7424350165394678
2022-08-01,30,TacoBell,Midwest,0.2651137980729619,-0.11351683271443924,0.11549220000432603,0.150108946801192,-1.2052491665568945
2022-08-01,30,TacoBell,West,0.20137677773218793,-0.04338442700633502,0.0446903396082485,0.47182917581289624,-1.5650189110337873
2022-08-01,30,TacoBell,Southwest,0.3462456178262601,0.044910156820638716,0.10354646560386732,0.08879666648103435,-1.0566422826145774
2022-08-01,30,Subway,Northeast,0.4735140505608918,0.03437999256933064,0.22149824057158357,0.4678561070838936,-1.8230919876886498
2022-08-01,30,Subway,South,0.7921839239071004,0.07839477482774715,0.12968553551579612,0.4688915625596436,-1.0175883431490176
2022-08-01,30,Subway,Midwest,0.34038219782340456,0.05961727308315328,0.21684813678008416,0.34844406917218707,-1.5750552080034468
2022-08-01,30,Subway,West,0.6095892318232888,0.012522019135504436,0.24228889639333023,0.264080582240048,-1.999635598348231
2022-08-01,30,Subway,Southwest,0.4374129701315723,0.024878857917964278,0.15684861764457372,0.1839016666596838,-1.8095959134887354
2022-08-01,30,KFC,Northeast,0.611025282549679,0.09990850535673097,0.10307124891057669,0.41065611985185674,-0.5995769332473588
2022-08-01,30,KFC,South,0.7178314006115886,0.03886720309650092,0.08985526769638223,0.059614022899604026,-0.6989680413269632
2022-08-01,30,KFC,Midwest,0.5011057917861292,0.06353200765240055,0.06211878057985756,0.18162748643710216,-1.6495864519456447
2022-08-01,30,KFC,West,0.502253767199481,0.0030043027997172806,0.06522890237178519,0.37457060797482544,-0.8324421431817632
2022-08-01,30,KFC,Southwest,0.63149292887743,0.042979540273970995,0.2062792732454961,0.19135202294227086,-1.0871426102390387
2022-08-01,30,Dominos,Northeast,0.35061104062522164,0.021561014969331844,0.05859345042386398,0.21214506472215292,-0.5436429328251958
2022-08-01,30,Dominos,South,0.4103644675361595,-0.04882357358726341,0.16903420222022753,0.2939671196096951,-1.4395915106989112
2022-08-01,30,Dominos,Midwest,0.5667848872754274,-0.05967074160617442,0.10019145266430377,0.27749119186196053,-0.977809081224243
2022-08-01,30,Dominos,West,0.20291875046748897,0.02304268758395308,0.09196263428197264,0.08585787626857316,-1.9046964163641222
2022-08-01,30,Dominos,Southwest,0.28001361472370545,0.023048042309345006,0.013614314134967706,0.23368255004054264,-1.4056289797753911
2022-08-01,30,PizzaHut,Northeast,0.3837553889657008,0.04146283479986472,0.1344967708176812,0.33192020930403915,-0.5542735082177292
2022-08-01,30,PizzaHut,South,0.5447665406318609,0.048587972737612936,0.17165385327232988,0.4309775708003919,-1.1915286883248193
2022-08-01,30,PizzaHut,Midwest,0.9242805232365602,0.0818404199182902,0.05667293070097135,0.5405277045945869,-1.5681807449977332
2022-08-01,30,PizzaHut,West,0.38485473443351037,0.050777638089182744,0.14116557278651456,0.36248858833460823,-1.8195935553070897
2022-08-01,30,PizzaHut,Southwest,0.1415984151485916,0.03616941429469615,0.2076269648452098,0.03054343973064911,-0.9447074897277044
2022-08-08,31,McDonalds,Northeast,0.8813296800040143,0.15685606043675854,0.027713269265470058,0.5703076004290429,-1.4167227552888253
2022-08-08,31,McDonalds,South,0.5347501253487026,-0.07408465139581664,0.28741291316892137,0.36290162650219815,-1.9288765457898727
2022-08-08,31,McDonalds,Midwest,0.7117222312945143,-0.01572345980584274,0.044879181552355416,0.27197951974525986,-0.7982427450570128
2022-08-08,31,McDonalds,West,0.39375407261771983,-0.029194550754329467,0.2724710438053291,0.32062222572817095,-1.093428921375788
2022-08-08,31,McDonalds,Southwest,0.99,0.048785248587239094,0.09761475647586786,0.06848935279224204,-1.7021857116976975
2022-08-08,31,BurgerKing,Northeast,0.28389062608888743,0.04843715857994831,0.24450012132992213,0.1451965604342744,-1.2577573150678698
2022-08-08,31,BurgerKing,South,0.7812445134484459,0.02923615157281651,0.07960538031602005,0.48906939996118465,-0.8865346316994134
2022-08-08,31,BurgerKing,Midwest,0.32965690188486807,-0.032506632711737996,0.3165741719930878,0.5707999278834135,-0.8443823193970343
2022-08-08,31,BurgerKing,West,0.4497674157789005,0.023245484933672268,0.10053500308910315,0.1221118822977808,-1.250572382001857
2022-08-08,31,BurgerKing,Southwest,0.7582631277534967,0.04409340357161258,0.018483657576278914,0.31990659288970436,-1.5421782048067114
2022-08-08,31,Wendys,Northeast,0.7946607730705298,-0.0018879980301117327,0.1328241465142246,0.2864796801727,-0.5393861269422597
2022-08-08,31,Wendys,South,0.11262189420450935,-0.03305247845481796,0.06877335669035799,0.4254476061773757,-1.0049560835652607
2022-08-08,31,Wendys,Midwest,0.48581520249356314,-0.06057813775002122,0.08722314572501384,0.211067729489257,-1.3876437209805519
2022-08-08,31,Wendys,West,0.462317746289613,-0.02480205624037922,0.04165760766371676,0.41158605271605975,-1.5793051636930213
2022-08-08,31,Wendys,Southwest,0.17773434691340664,-0.020507920505175685,0.19598595047373857,0.4491558671991043,-0.9033455254946567
2022-08-08,31,TacoBell,Northeast,0.5228347050589224,0.02069773983710376,0.07730275216667797,0.26793124519078654,-1.6367248316093486
2022-08-08,31,TacoBell,South,0.07301154270579899,-0.05953325342672312,0.003979491119964669,0.41766802910529877,-1.7424350165394678
2022-08-08,31,TacoBell,Midwest,0.250648880072327,-0.13153663709023944,0.11549220000432603,0.150108946801192,-1.2052491665568945
2022-08-08,31,TacoBell,West,0.21034629138940106,-0.037969799724287136,0.0446903396082485,0.47182917581289624,-1.5650189110337873
2022-08-08,31,TacoBell,Southwest,0.3573920558044519,0.05250170842366519,0.10354646560386732,0.08879666648103435,-1.0566422826145774
2022-08-08,31,Subway,Northeast,0.48378819891821273,0.02861488856206345,0.22149824057158357,0.4678561070838936,-1.8230919876886498
2022-08-08,31,Subway,South,0.7823127533502394,0.05248435190629805,0.12968553551579612,0.4688915625596436,-1.0175883431490176
2022-08-08,31,Subway,Midwest,0.3509590057054679,0.05415482860062845,0.21684813678008416,0.34844406917218707,-1.5750552080034468
2022-08-08,31,Subway,West,0.6295465242419025,0.016440059189529902,0.24228889639333023,0.264080582240048,-1.999635598348231
2022-08-08,31,Subway,Southwest,0.43866310680841913,0.010089742230222992,0.15684861764457372,0.1839016666596838,-1.8095959134887354
2022-08-08,31,KFC,Northeast,0.6178304903786404,0.10174210455452252,0.10307124891057669,0.41065611985185674,-0.5995769332473588
2022-08-08,31,KFC,South,0.7226499107510284,0.03871410460477097,0.08985526769638223,0.059614022899604026,-0.6989680413269632
2022-08-08,31,KFC,Midwest,0.5118703154133099,0.06932492264841143,0.06211878057985756,0.18162748643710216,-1.6495864519456447
2022-08-08,31,KFC,West,0.5084211795147923,0.004200106483858813,0.06522890237178519,0.37457060797482544,-0.8324421431817632
2022-08-08,31,KFC,Southwest,0.6267338480997843,0.033248850865155444,0.2062792732454961,0.19135202294227086,-1.0871426102390387
2022-08-08,31,Dominos,Northeast,0.3515631982590864,0.03352672998597676,0.05859345042386398,0.21214506472215292,-0.5436429328251958
2022-08-08,31,Dominos,South,0.3977656144231096,-0.050408869317533106,0.16903420222022753,0.2939671196096951,-1.4395915106989112
2022-08-08,31,Dominos,Midwest,0.555498284497548,-0.05994378700127374,0.10019145266430377,0.27749119186196053,-0.977809081224243
2022-08-08,31,Dominos,West,0.18257251349397685,0.01371000799322112,0.09196263428197264,0.08585787626857316,-1.9046964163641222
2022-08-08,31,Dominos,Southwest,0.2645672348290102,0.018615219797429902,0.013614314134967706,0.23368255004054264,-1.4056289797753911
2022-08-08,31,PizzaHut,Northeast,0.35940685032681985,0.03261480765959571,0.1344967708176812,0.33192020930403915,-0.5542735082177292
2022-08-08,31,PizzaHut,South,0.5275365685340146,0.0468585121383787,0.17165385327232988,0.4309775708003919,-1.1915286883248193
2022-08-08,31,PizzaHut,Midwest,0.9258970965393717,0.09895750471971364,0.05667293070097135,0.5405277045945869,-1.5681807449977332
2022-08-08,31,PizzaHut,West,0.35563521150558486,0.037058626659869184,0.14116557278651456,0.36248858833460823,-1.8195935553070897
2022-08-08,31,PizzaHut,Southwest,0.10996228967121223,0.020033800315928742,0.2076269648452098,0.03054343973064911,-0.9447074897277044
2022-08-15,32,McDonalds,Northeast,0.9067801399128873,0.17156776371169463,0.027713269265470058,0.5703076004290429,-1.4167227552888253
2022-08-15,32,McDonalds,South,0.5433956452111209,-0.07617788816733531,0.28741291316892137,0.36290162650219815,-1.9288765457898727
2022-08-15,32,McDonalds,Midwest,0.7157702605418521,-0.022414187192441905,0.044879181552355416,0.27197951974525986,-0.7982427450570128
2022-08-15,32,McDonalds,West,0.41489187612561756,-0.0187955038803687,0.2724710438053291,0.32062222572817095,-1.093428921375788
2022-08-15,32,McDonalds,Southwest,0.99,0.042729093189870455,0.09761475647586786,0.06848935279224204,-1.7021857116976975
2022-08-15,32,BurgerKing,Northeast,0.2874331037075125,0.06669725571541768,0.24450012132992213,0.1451965604342744,-1.2577573150678698
2022-08-15,32,BurgerKing,South,0.7733061526449944,0.0360154102862092,0.07960538031602005,0.48906939996118465,-0.8865346316994134
2022-08-15,32,BurgerKing,Midwest,0.3100601682865668,-0.03738574679319502,0.3165741719930878,0.5707999278834135,-0.8443823193970343
2022-08-15,32,BurgerKing,West,0.4566228783947113,0.04481856706632731,0.10053500308910315,0.1221118822977808,-1.250572382001857
2022-08-15,32,BurgerKing,Southwest,0.737488359006619,0.038036254341579194,0.018483657576278914,0.31990659288970436,-1.5421782048067114
2022-08-15,32,Wendys,Northeast,0.7998442143178729,0.005532955689981337,0.1328241465142246,0.2864796801727,-0.5393861269422597
2022-08-15,32,Wendys,South,0.1133773075358242,-0.030059552650753038,0.06877335669035799,0.4254476061773757,-1.0049560835652607
2022-08-15,32,Wendys,Midwest,0.49659510291480097,-0.04756072485603324,0.08722314572501384,0.211067729489257,-1.3876437209805519
2022-08-15,32,Wendys,West,0.47569534578413136,-0.009186944273110693,0.04165760766371676,0.41158605271605975,-1.5793051636930213
2022-08-15,32,Wendys,Southwest,0.17581687593131423,-0.020187879014518018,0.19598595047373857,0.4491558671991043,-0.9033455254946567
2022-08-15,32,TacoBell,Northeast,0.5207874079821458,0.013163561133641926,0.07730275216667797,0.26793124519078654,-1.6367248316093486
2022-08-15,32,TacoBell,South,0.08309814576187549,-0.05493353199733196,0.003979491119964669,0.41766802910529877,-1.7424350165394678
2022-08-15,32,TacoBell,Midwest,0.24935860800149126,-0.1383137907877605,0.11549220000432603,0.150108946801192,-1.2052491665568945
2022-08-15,32,TacoBell,West,0.2359670454913527,-0.017835927249020906,0.0446903396082485,0.47182917581289624,-1.5650189110337873
2022-08-15,32,TacoBell,Southwest,0.3642442907419646,0.053867061734492565,0.10354646560386732,0.08879666648103435,-1.0566422826145774
2022-08-15,32,Subway,Northeast,0.4956408598751642,0.02496167304894236,0.22149824057158357,0.4678561070838936,-1.8230919876886498
2022-08-15,32,Subway,South,0.799665432878961,0.054331154964947136,0.12968553551579612,0.4688915625596436,-1.0175883431490176
2022-08-15,32,Subway,Midwest,0.3529936192802435,0.040683565705331486,0.21684813678008416,0.34844406917218707,-1.5750552080034468
2022-08-15,32,Subway,West,0.6353362603268684,0.006723918804423386,0.24228889639333023,0.264080582240048,-1.999635598348231
2022-08-15,32,Subway,Southwest,0.466173122357936,0.022093881309667246,0.15684861764457372,0.1839016666596838,-1.8095959134887354
2022-08-15,32,KFC,Northeast,0.6149692491525518,0.09517316176480857,0.10307124891057669,0.41065611985185674,-0.5995769332473588
2022-08-15,32,KFC,South,0.7158885024878344,0.028244994777951574,0.08985526769638223,0.059614022899604026,-0.6989680413269632
2022-08-15,32,KFC,Midwest,0.5209445445022081,0.0746914501736843,0.06211878057985756,0.18162748643710216,-1.6495864519456447
2022-08-15,32,KFC,West,0.5239859226250477,0.016057148030488782,0.06522890237178519,0.37457060797482544,-0.8324421431817632
2022-08-15,32,KFC,Southwest,0.6376310827700603,0.04043838397180611,0.2062792732454961,0.19135202294227086,-1.0871426102390387
2022-08-15,32,Dominos,Northeast,0.3497425264009719,0.04348720684403492,0.05859345042386398,0.21214506472215292,-0.5436429328251958
2022-08-15,32,Dominos,South,0.3784165148212424,-0.05797682020322771,0.16903420222022753,0.2939671196096951,-1.4395915106989112
2022-08-15,32,Dominos,Midwest,0.529499029113957,-0.07416189366869218,0.10019145266430377,0.27749119186196053,-0.977809081224243
2022-08-15,32,Dominos,West,0.1858047012973591,0.028723344512775986,0.09196263428197264,0.08585787626857316,-1.9046964163641222
2022-08-15,32,Dominos,Southwest,0.24955928772441618,0.015388421409008545,0.013614314134967706,0.23368255004054264,-1.4056289797753911
2022-08-15,32,PizzaHut,Northeast,0.3425564027386959,0.030106477495045234,0.1344967708176812,0.33192020930403915,-0.5542735082177292
2022-08-15,32,PizzaHut,South,0.5264763925289317,0.06014045355686928,0.17165385327232988,0.4309775708003919,-1.1915286883248193
2022-08-15,32,PizzaHut,Midwest,0.9171172792098048,0.10451980481372024,0.05667293070097135,0.5405277045945869,-1.5681807449977332
2022-08-15,32,PizzaHut,West,0.3458519718028275,0.04161750438068526,0.14116557278651456,0.36248858833460823,-1.8195935553070897
2022-08-15,32,PizzaHut,Southwest,0.11727019569664963,0.04168382376493958,0.2076269648452098,0.03054343973064911,-0.9447074897277044
2022-08-22,33,McDonalds,Northeast,0.9093495434138887,0.1651325814078932,0.027713269265470058,0.5703076004290429,-1.4167227552888253
2022-08-22,33,McDonalds,South,0.561678632296736,-0.06689948688652295,0.28741291316892137,0.36290162650219815,-1.9288765457898727
2022-08-22,33,McDonalds,Midwest,0.7253449775956258,-0.02184405594347106,0.044879181552355416,0.27197951974525986,-0.7982427450570128
2022-08-22,33,McDonalds,West,0.4265823847190529,-0.016109581091736127,0.2724710438053291,0.32062222572817095,-1.093428921375788
2022-08-22,33,McDonalds,Southwest,0.99,0.058013777453995774,0.09761475647586786,0.06848935279224204,-1.7021857116976975
2022-08-22,33,BurgerKing,Northeast,0.2780975767859847,0.07177561327831392,0.24450012132992213,0.1451965604342744,-1.2577573150678698
2022-08-22,33,BurgerKing,South,0.7642752289510666,0.04139837107670553,0.07960538031602005,0.48906939996118465,-0.8865346316994134
2022-08-22,33,BurgerKing,Midwest,0.3063713571752407,-0.026660673420096998,0.3165741719930878,0.5707999278834135,-0.8443823193970343
2022-08-22,33,BurgerKing,West,0.43855946661485834,0.041169039770898454,0.10053500308910315,0.1221118822977808,-1.250572382001857
2022-08-22,33,BurgerKing,Southwest,0.714682377848805,0.02964415766818913,0.018483657576278914,0.31990659288970436,-1.5421782048067114
2022-08-22,33,Wendys,Northeast,0.7879273672646598,-0.0049151362502289995,0.1328241465142246,0.2864796801727,-0.5393861269422597
2022-08-22,33,Wendys,South,0.09224498652906153,-0.049723118544513056,0.06877335669035799,0.4254476061773757,-1.0049560835652607
2022-08-22,33,Wendys,Midwest,0.5156884191012016,-0.02699865355663002,0.08722314572501384,0.211067729489257,-1.3876437209805519
2022-08-22,33,Wendys,West,0.46319450701391196,-0.020219027930327524,0.04165760766371676,0.41158605271605975,-1.5793051636930213
2022-08-22,33,Wendys,Southwest,0.17213558458245387,-0.022400415250375737,0.19598595047373857,0.4491558671991043,-0.9033455254946567
2022-08-22,33,TacoBell,Northeast,0.5253585780584289,0.01039542813475272,0.07730275216667797,0.26793124519078654,-1.6367248316093486
2022-08-22,33,TacoBell,South,0.0935115158151388,-0.051859465019240956,0.003979491119964669,0.41766802910529877,-1.7424350165394678
2022-08-22,33,TacoBell,Midwest,0.2648552832020566,-0.13015641866236752,0.11549220000432603,0.150108946801192,-1.2052491665568945
2022-08-22,33,TacoBell,West,0.2519110834501224,-0.009231192365423453,0.0446903396082485,0.47182917581289624,-1.5650189110337873
2022-08-22,33,TacoBell,Southwest,0.3657528194314475,0.04803628734880318,0.10354646560386732,0.08879666648103435,-1.0566422826145774
2022-08-22,33,Subway,Northeast,0.5087172684852158,0.023290455911078246,0.22149824057158357,0.4678561070838936,-1.8230919876886498
2022-08-22,33,Subway,South,0.8172388581317598,0.05715695446983013,0.12968553551579612,0.4688915625596436,-1.0175883431490176
2022-08-22,33,Subway,Midwest,0.3652543337663237,0.038196654443496014,0.21684813678008416,0.34844406917218707,-1.5750552080034468
2022-08-22,33,Subway,West,0.6661573418349841,0.022797374564623316,0.24228889639333023,0.264080582240048,-1.999635598348231
2022-08-22,33,Subway,Southwest,0.48583049762223424,0.02700363082604976,0.15684861764457372,0.1839016666596838,-1.8095959134887354
2022-08-22,33,KFC,Northeast,0.6247080503629677,0.10252193962530674,0.10307124891057669,0.41065611985185674,-0.5995769332473588
2022-08-22,33,KFC,South,0.7249073385244262,0.0348738074646257,0.08985526769638223,0.059614022899604026,-0.6989680413269632
2022-08-22,33,KFC,Midwest,0.5350693064269791,0.08642618874853755,0.06211878057985756,0.18162748643710216,-1.6495864519456447
2022-08-22,33,KFC,West,0.5281861615620025,0.01786736361752585,0.06522890237178519,0.37457060797482544,-0.8324421431817632
2022-08-22,33,KFC,Southwest,0.6270527866404196,0.02747006449224764,0.2062792732454961,0.19135202294227086,-1.0871426102390387
2022-08-22,33,Dominos,Northeast,0.3413615226271488,0.04748408636156133,0.05859345042386398,0.21214506472215292,-0.5436429328251958
2022-08-22,33,Dominos,South,0.3595250625919746,-0.064490389141146,0.16903420222022753,0.2939671196096951,-1.4395915106989112
2022-08-22,33,Dominos,Midwest,0.5118349790051099,-0.07944806048618974,0.10019145266430377,0.27749119186196053,-0.977809081224243
2022-08-22,33,Dominos,West,0.17929045819356054,0.03458698470032692,0.09196263428197264,0.08585787626857316,-1.9046964163641222
2022-08-22,33,Dominos,Southwest,0.24956423514740306,0.0277712521233449,0.013614314134967706,0.23368255004054264,-1.4056289797753911
2022-08-22,33,PizzaHut,Northeast,0.32979339250548556,0.03031919326240585,0.1344967708176812,0.33192020930403915,-0.5542735082177292
2022-08-22,33,PizzaHut,South,0.5165889966543505,0.06322878368285892,0.17165385327232988,0.4309775708003919,-1.1915286883248193
2022-08-22,33,PizzaHut,Midwest,0.9211637026555862,0.12154195426007261,0.05667293070097135,0.5405277045945869,-1.5681807449977332
2022-08-22,33,PizzaHut,West,0.33528377759714223,0.04402503617557094,0.14116557278651456,0.36248858833460823,-1.8195935553070897
2022-08-22,33,PizzaHut,Southwest,0.13031130083788264,0.06770065490674353,0.2076269648452098,0.03054343973064911,-0.9447074897277044
2022-08-29,34,McDonalds,Northeast,0.9221444653442251,0.17078767786420862,0.027713269265470058,0.5703076004290429,-1.4167227552888253
2022-08-29,34,McDonalds,South,0.5512108301791989,-0.08450711447808112,0.28741291316892137,0.36290162650219815,-1.9288765457898727
2022-08-29,34,McDonalds,Midwest,0.7400182192806921,-0.014310639732425735,0.044879181552355416,0.27197951974525986,-0.7982427450570128
2022-08-29,34,McDonalds,West,0.43753379404190174,-0.01229799724290835,0.2724710438053291,0.32062222572817095,-1.093428921375788
2022-08-29,34,McDonalds,Southwest,0.99,0.07091130499482323,0.09761475647586786,0.06848935279224204,-1.7021857116976975
2022-08-29,34,BurgerKing,Northeast,0.27092827900039745,0.0785074267910135,0.24450012132992213,0.1451965604342744,-1.2577573150678698
2022-08-29,34,BurgerKing,South,0.748989557812942,0.040013811236867786,0.07960538031602005,0.48906939996118465,-0.8865346316994134
2022-08-29,34,BurgerKing,Midwest,0.28022726351406024,-0.038903655782990654,0.3165741719930878,0.5707999278834135,-0.8443823193970343
2022-08-29,34,BurgerKing,West,0.42256812274371125,0.039078807198038204,0.10053500308910315,0.1221118822977808,-1.250572382001857
2022-08-29,34,BurgerKing,Southwest,0.6922760620084251,0.021138953126096132,0.018483657576278914,0.31990659288970436,-1.5421782048067114
2022-08-29,34,Wendys,Northeast,0.7814434357152894,-0.010720370748276226,0.1328241465142246,0.2864796801727,-0.5393861269422597
2022-08-29,34,Wendys,South,0.09745207352194442,-0.04383733450030696,0.06877335669035799,0.4254476061773757,-1.0049560835652607
2022-08-29,34,Wendys,Midwest,0.5317087670933924,-0.010299608513115958,0.08722314572501384,0.211067729489257,-1.3876437209805519
2022-08-29,34,Wendys,West,0.46646252526081855,-0.01627231263209771,0.04165760766371676,0.41158605271605975,-1.5793051636930213
2022-08-29,34,Wendys,Southwest,0.15949805691077884,-0.034359245870727584,0.19598595047373857,0.4491558671991043,-0.9033455254946567
2022-08-29,34,TacoBell,Northeast,0.5388898906171599,0.014841454816954126,0.07730275216667797,0.26793124519078654,-1.6367248316093486
2022-08-29,34,TacoBell,South,0.11456311655812487,-0.03989315015278445,0.003979491119964669,0.41766802910529877,-1.7424350165394678
2022-08-29,34,TacoBell,Midwest,0.2678427400353923,-0.13625424770556133,0.11549220000432603,0.150108946801192,-1.2052491665568945
2022-08-29,34,TacoBell,West,0.25965619765992276,-0.01057136403215263,0.0446903396082485,0.47182917581289624,-1.5650189110337873
2022-08-29,34,TacoBell,Southwest,0.37498498725526896,0.048183169296095146,0.10354646560386732,0.08879666648103435,-1.0566422826145774
2022-08-29,34,Subway,Northeast,0.5146437821253774,0.015441472780255846,0.22149824057158357,0.4678561070838936,-1.8230919876886498
2022-08-29,34,Subway,South,0.8374971592411823,0.06363975880826872,0.12968553551579612,0.4688915625596436,-1.0175883431490176
2022-08-29,34,Subway,Midwest,0.3778203490512299,0.0369871729574182,0.21684813678008416,0.34844406917218707,-1.5750552080034468
2022-08-29,34,Subway,West,0.6841281630450384,0.026992699003693593,0.24228889639333023,0.264080582240048,-1.999635598348231
2022-08-29,34,Subway,Southwest,0.4907310726151972,0.01812870904802876,0.15684861764457372,0.1839016666596838,-1.8095959134887354
2022-08-29,34,KFC,Northeast,0.6213711510506583,0.09814735662207263,0.10307124891057669,0.41065611985185674,-0.5995769332473588
2022-08-29,34,KFC,South,0.7331688357936286,0.04209762104290341,0.08985526769638223,0.059614022899604026,-0.6989680413269632
2022-08-29,34,KFC,Midwest,0.5323786585969861,0.08269785722761988,0.06211878057985756,0.18162748643710216,-1.6495864519456447
2022-08-29,34,KFC,West,0.5464934837652611,0.0351370021298599,0.06522890237178519,0.37457060797482544,-0.8324421431817632
2022-08-29,34,KFC,Southwest,0.6240941084751981,0.02347370263610162,0.2062792732454961,0.19135202294227086,-1.0871426102390387
2022-08-29,34,Dominos,Northeast,0.3308132629524037,0.04973093361908019,0.05859345042386398,0.21214506472215292,-0.5436429328251958
2022-08-29,34,Dominos,South,0.3560558639784415,-0.05516448082241511,0.16903420222022753,0.2939671196096951,-1.4395915106989112
2022-08-29,34,Dominos,Midwest,0.4848562147435156,-0.09363171781552006,0.10019145266430377,0.27749119186196053,-0.977809081224243
2022-08-29,34,Dominos,West,0.14888726314148876,0.016978896580519164,0.09196263428197264,0.08585787626857316,-1.9046964163641222
2022-08-29,34,Dominos,Southwest,0.2215125650694381,0.012514688977643951,0.013614314134967706,0.23368255004054264,-1.4056289797753911
2022-08-29,34,PizzaHut,Northeast,0.3309980801432739,0.04294503429667767,0.1344967708176812,0.33192020930403915,-0.5542735082177292
2022-08-29,34,PizzaHut,South,0.49964926179894253,0.05771020222393445,0.17165385327232988,0.4309775708003919,-1.1915286883248193
2022-08-29,34,PizzaHut,Midwest,0.9353245421157854,0.14712394711675514,0.05667293070097135,0.5405277045945869,-1.5681807449977332
2022-08-29,34,PizzaHut,West,0.31822014821408484,0.03838256018899706,0.14116557278651456,0.36248858833460823,-1.8195935553070897
2022-08-29,34,PizzaHut,Southwest,0.12073566047336956,0.06954616793871389,0.2076269648452098,0.03054343973064911,-0.9447074897277044
2022-09-05,35,McDonalds,Northeast,0.9427370843009125,0.18620877738988736,0.027713269265470058,0.5703076004290429,-1.4167227552888253
2022-09-05,35,McDonalds,South,0.5764432784917988,-0.0644461855964899,0.28741291316892137,0.36290162650219815,-1.9288765457898727
2022-09-05,35,McDonalds,Midwest,0.7658047744780647,0.006304396033938245,0.044879181552355416,0.27197951974525986,-0.7982427450570128
2022-09-05,35,McDonalds,West,0.45478897577884175,-0.00021433493697692492,0.2724710438053291,0.32062222572817095,-1.093428921375788
2022-09-05,35,McDonalds,Southwest,0.99,0.08115193025293786,0.09761475647586786,0.06848935279224204,-1.7021857116976975
2022-09-05,35,BurgerKing,Northeast,0.2636668120125991,0.08443269628302533,0.24450012132992213,0.1451965604342744,-1.2577573150678698
2022-09-05,35,BurgerKing,South,0.7435864320947982,0.047797421998534165,0.07960538031602005,0.48906939996118465,-0.8865346316994134
2022-09-05,35,BurgerKing,Midwest,0.26152866987096474,-0.044415512946275985,0.3165741719930878,0.5707999278834135,-0.8443823193970343
2022-09-05,35,BurgerKing,West,0.40119939742967803,0.03089681836381513,0.10053500308910315,0.1221118822977808,-1.250572382001857
2022-09-05,35,BurgerKing,Southwest,0.6790555809545054,0.021105208551986613,0.018483657576278914,0.31990659288970436,-1.5421782048067114
2022-09-05,35,Wendys,Northeast,0.7798627933417689,-0.01242221697352551,0.1328241465142246,0.2864796801727,-0.5393861269422597
2022-09-05,35,Wendys,South,0.09304099688040043,-0.04836961499357971,0.06877335669035799,0.4254476061773757,-1.0049560835652607
2022-09-05,35,Wendys,Midwest,0.5387938454196883,-0.003335734038548803,0.08722314572501384,0.211067729489257,-1.3876437209805519
2022-09-05,35,Wendys,West,0.47613678119825237,-0.0067192605463926025,0.04165760766371676,0.41158605271605975,-1.5793051636930213
2022-09-05,35,Wendys,Southwest,0.16050332962542604,-0.03347517700780911,0.19598595047373857,0.4491558671991043,-0.9033455254946567
2022-09-05,35,TacoBell,Northeast,0.5643647002467164,0.029616755627506743,0.07730275216667797,0.26793124519078654,-1.6367248316093486
2022-09-05,35,TacoBell,South,0.11384573423579362,-0.0513100412941195,0.003979491119964669,0.41766802910529877,-1.7424350165394678
2022-09-05,35,TacoBell,Midwest,0.2766056542615989,-0.1381908422983585,0.11549220000432603,0.150108946801192,-1.2052491665568945
2022-09-05,35,TacoBell,West,0.26318748327289854,-0.017739587238180678,0.0446903396082485,0.47182917581289624,-1.5650189110337873
2022-09-05,35,TacoBell,Southwest,0.36701912990354224,0.029517803125364547,0.10354646560386732,0.08879666648103435,-1.0566422826145774
2022-09-05,35,Subway,Northeast,0.5264205631602649,0.014614665921828853,0.22149824057158357,0.4678561070838936,-1.8230919876886498
2022-09-05,35,Subway,South,0.8488832720506639,0.06242228372443589,0.12968553551579612,0.4688915625596436,-1.0175883431490176
2022-09-05,35,Subway,Midwest,0.4055584343769656,0.05212167038983951,0.21684813678008416,0.34844406917218707,-1.5750552080034468
2022-09-05,35,Subway,West,0.7030398677839006,0.03330081584924137,0.24228889639333023,0.264080582240048,-1.999635598348231
2022-09-05,35,Subway,Southwest,0.4930927922652196,0.007886840804736712,0.15684861764457372,0.1839016666596838,-1.8095959134887354
2022-09-05,35,KFC,Northeast,0.6395823716810436,0.11668828228541452,0.10307124891057669,0.41065611985185674,-0.5995769332473588
2022-09-05,35,KFC,South,0.7450494677159255,0.05430795799815694,0.08985526769638223,0.059614022899604026,-0.6989680413269632
2022-09-05,35,KFC,Midwest,0.5378699305987157,0.08851883426230604,0.06211878057985756,0.18162748643710216,-1.6495864519456447
2022-09-05,35,KFC,West,0.5438989377438064,0.032872161141361586,0.06522890237178519,0.37457060797482544,-0.8324421431817632
2022-09-05,35,KFC,Southwest,0.6141700110750068,0.013879310268866824,0.2062792732454961,0.19135202294227086,-1.0871426102390387
2022-09-05,35,Dominos,Northeast,0.3140644263616121,0.046008865858369656,0.05859345042386398,0.21214506472215292,-0.5436429328251958
2022-09-05,35,Dominos,South,0.35391658134540227,-0.04427699462537325,0.16903420222022753,0.2939671196096951,-1.4395915106989112
2022-09-05,35,Dominos,Midwest,0.4906753089727806,-0.07478585475617397,0.10019145266430377,0.27749119186196053,-0.977809081224243
2022-09-05,35,Dominos,West,0.15129292959412963,0.03241133186324105,0.09196263428197264,0.08585787626857316,-1.9046964163641222
2022-09-05,35,Dominos,Southwest,0.20359730202149431,0.00762619475978121,0.013614314134967706,0.23368255004054264,-1.4056289797753911
2022-09-05,35,PizzaHut,Northeast,0.3101009609242491,0.031748859963787554,0.1344967708176812,0.33192020930403915,-0.5542735082177292
2022-09-05,35,PizzaHut,South,0.4913571793819199,0.05911906469304649,0.17165385327232988,0.4309775708003919,-1.1915286883248193
2022-09-05,35,PizzaHut,Midwest,0.9079392035740221,0.12943955346112662,0.05667293070097135,0.5405277045945869,-1.5681807449977332
2022-09-05,35,PizzaHut,West,0.31175088046979793,0.04161423733084487,0.14116557278651456,0.36248858833460823,-1.8195935553070897
2022-09-05,35,PizzaHut,Southwest,0.10955868972424812,0.0680701420757272,0.2076269648452098,0.03054343973064911,-0.9447074897277044
2022-09-12,36,McDonalds,Northeast,0.9412049324248074,0.18154841237120495,0.027713269265470058,0.5703076004290429,-1.4167227552888253
2022-09-12,36,McDonalds,South,0.563624460961708,-0.08039321626915785,0.28741291316892137,0.36290162650219815,-1.9288765457898727
2022-09-12,36,McDonalds,Midwest,0.7740689886863391,0.01144039709963541,0.044879181552355416,0.27197951974525986,-0.7982427450570128
2022-09-12,36,McDonalds,West,0.45259018052479993,-0.005541343333596039,0.2724710438053291,0.32062222572817095,-1.093428921375788
2022-09-12,36,McDonalds,Southwest,0.99,0.06945276189583498,0.09761475647586786,0.06848935279224204,-1.7021857116976975
2022-09-12,36,BurgerKing,Northeast,0.2226630695906326,0.05571007415020883,0.24450012132992213,0.1451965604342744,-1.2577573150678698
2022-09-12,36,BurgerKing,South,0.7310301627551419,0.0475222729480278,0.07960538031602005,0.48906939996118465,-0.8865346316994134
2022-09-12,36,BurgerKing,Midwest,0.26697006554851216,-0.026692996979578543,0.3165741719930878,0.5707999278834135,-0.8443823193970343
2022-09-12,36,BurgerKing,West,0.40553086928600673,0.04750941050929383,0.10053500308910315,0.1221118822977808,-1.250572382001857
2022-09-12,36,BurgerKing,Southwest,0.6622034980994926,0.016534245986123894,0.018483657576278914,0.31990659288970436,-1.5421782048067114
2022-09-12,36,Wendys,Northeast,0.7747600197273956,-0.018444337577143317,0.1328241465142246,0.2864796801727,-0.5393861269422597
2022-09-12,36,Wendys,South,0.09864808643039519,-0.04368187243282947,0.06877335669035799,0.4254476061773757,-1.0049560835652607
2022-09-12,36,Wendys,Midwest,0.52972933801705,-0.013319588430431718,0.08722314572501384,0.211067729489257,-1.3876437209805519
2022-09-12,36,Wendys,West,0.48007404718569163,-0.0037013415481979427,0.04165760766371676,0.41158605271605975,-1.5793051636930213
2022-09-12,36,Wendys,Southwest,0.16908347939851748,-0.025814374223962207,0.19598595047373857,0.4491558671991043,-0.9033455254946567
2022-09-12,36,TacoBell,Northeast,0.5887925940310127,0.04188608786634982,0.07730275216667797,0.26793124519078654,-1.6367248316093486
2022-09-12,36,TacoBell,South,0.12500275501644736,-0.052311582058919025,0.003979491119964669,0.41766802910529877,-1.7424350165394678
2022-09-12,36,TacoBell,Midwest,0.2867274783052825,-0.14022757980012818,0.11549220000432603,0.150108946801192,-1.2052491665568945
2022-09-12,36,TacoBell,West,0.2665662189507862,-0.02651941310574629,0.0446903396082485,0.47182917581289624,-1.5650189110337873
2022-09-12,36,TacoBell,Southwest,0.3709088879085969,0.021248999584965948,0.10354646560386732,0.08879666648103435,-1.0566422826145774
2022-09-12,36,Subway,Northeast,0.5354046690292091,0.012349877002813585,0.22149824057158357,0.4678561070838936,-1.8230919876886498
2022-09-12,36,Subway,South,0.8638058219067852,0.06609593879259767,0.12968553551579612,0.4688915625596436,-1.0175883431490176
2022-09-12,36,Subway,Midwest,0.4259431754272576,0.061257516652172,0.21684813678008416,0.34844406917218707,-1.5750552080034468
2022-09-12,36,Subway,West,0.7062569730650566,0.02526902634243792,0.24228889639333023,0.264080582240048,-1.999635598348231
2022-09-12,36,Subway,Southwest,0.5192685727427744,0.02281372649433193,0.15684861764457372,0.1839016666596838,-1.8095959134887354
2022-09-12,36,KFC,Northeast,0.6351788234791822,0.11397704627498882,0.10307124891057669,0.41065611985185674,-0.5995769332473588
2022-09-12,36,KFC,South,0.7431434825810056,0.054094285054672585,0.08985526769638223,0.059614022899604026,-0.6989680413269632
2022-09-12,36,KFC,Midwest,0.5287055016158019,0.08104671747082781,0.06211878057985756,0.18162748643710216,-1.6495864519456447
2022-09-12,36,KFC,West,0.5179642229496413,0.008629758538632168,0.06522890237178519,0.37457060797482544,-0.8324421431817632
2022-09-12,36,KFC,Southwest,0.6213181528471817,0.02271976423247732,0.2062792732454961,0.19135202294227086,-1.0871426102390387
2022-09-12,36,Dominos,Northeast,0.3083633560371699,0.05337730482929399,0.05859345042386398,0.21214506472215292,-0.5436429328251958
2022-09-12,36,Dominos,South,0.3380337964788537,-0.04709027019655539,0.16903420222022753,0.2939671196096951,-1.4395915106989112
2022-09-12,36,Dominos,Midwest,0.4782757068496628,-0.07411594758392526,0.10019145266430377,0.27749119186196053,-0.977809081224243
2022-09-12,36,Dominos,West,0.1433828124758041,0.03757072404028204,0.09196263428197264,0.08585787626857316,-1.9046964163641222
2022-09-12,36,Dominos,Southwest,0.17490233415726236,-0.00799926380908422,0.013614314134967706,0.23368255004054264,-1.4056289797753911
2022-09-12,36,PizzaHut,Northeast,0.296970386262583,0.026458333190324604,0.1344967708176812,0.33192020930403915,-0.5542735082177292
2022-09-12,36,PizzaHut,South,0.49145977828993503,0.06706171148926476,0.17165385327232988,0.4309775708003919,-1.1915286883248193
2022-09-12,36,PizzaHut,Midwest,0.8875562614541265,0.11689665922943412,0.05667293070097135,0.5405277045945869,-1.5681807449977332
2022-09-12,36,PizzaHut,West,0.3068464119032611,0.04454981665251116,0.14116557278651456,0.36248858833460823,-1.8195935553070897
2022-09-12,36,PizzaHut,Southwest,0.08815282378981093,0.05450432402949315,0.2076269648452098,0.03054343973064911,-0.9447074897277044
2022-09-19,37,McDonalds,Northeast,0.9469087720198721,0.1862127121955402,0.027713269265470058,0.5703076004290429,-1.4167227552888253
2022-09-19,37,McDonalds,South,0.5643075859094628,-0.08074963109213269,0.28741291316892137,0.36290162650219815,-1.9288765457898727
2022-09-19,37,McDonalds,Midwest,0.7589572102980136,-0.004710921059419683,0.044879181552355416,0.27197951974525986,-0.7982427450570128
2022-09-19,37,McDonalds,West,0.4652771138401012,0.0061060502109756744,0.2724710438053291,0.32062222572817095,-1.093428921375788
2022-09-19,37,McDonalds,Southwest,0.99,0.062106846127854484,0.09761475647586786,0.06848935279224204,-1.7021857116976975
2022-09-19,37,BurgerKing,Northeast,0.203363148745492,0.047607549780065025,0.24450012132992213,0.1451965604342744,-1.2577573150678698
2022-09-19,37,BurgerKing,South,0.7218384582524544,0.04952796492033723,0.07960538031602005,0.48906939996118465,-0.8865346316994134
2022-09-19,37,BurgerKing,Midwest,0.26725904256780253,-0.015206623485291391,0.3165741719930878,0.5707999278834135,-0.8443823193970343
2022-09-19,37,BurgerKing,West,0.3841752546212259,0.03735119231950986,0.10053500308910315,0.1221118822977808,-1.250572382001857
2022-09-19,37,BurgerKing,Southwest,0.6516229001229755,0.01715104448460361,0.018483657576278914,0.31990659288970436,-1.5421782048067114
2022-09-19,37,Wendys,Northeast,0.7807523419771083,-0.014156172573837587,0.1328241465142246,0.2864796801727,-0.5393861269422597
2022-09-19,37,Wendys,South,0.10728329974943367,-0.03675081636019803,0.06877335669035799,0.4254476061773757,-1.0049560835652607
2022-09-19,37,Wendys,Midwest,0.5331979108162291,-0.011555172877659467,0.08722314572501384,0.211067729489257,-1.3876437209805519
2022-09-19,37,Wendys,West,0.47810792604126545,-0.0073716199390311665,0.04165760766371676,0.41158605271605975,-1.5793051636930213
2022-09-19,37,Wendys,Southwest,0.1625117344384373,-0.0340902764304494,0.19598595047373857,0.4491558671991043,-0.9033455254946567
2022-09-19,37,TacoBell,Northeast,0.6030953169248175,0.042747526696813566,0.07730275216667797,0.26793124519078654,-1.6367248316093486
2022-09-19,37,TacoBell,South,0.1277226489599324,-0.0630329721787751,0.003979491119964669,0.41766802910529877,-1.7424350165394678
2022-09-19,37,TacoBell,Midwest,0.27095525753367755,-0.16944108463507426,0.11549220000432603,0.150108946801192,-1.2052491665568945
2022-09-19,37,TacoBell,West,0.28437310105570396,-0.02215381506416961,0.0446903396082485,0.47182917581289624,-1.5650189110337873
2022-09-19,37,TacoBell,Southwest,0.39338952038279995,0.0302883479958279,0.10354646560386732,0.08879666648103435,-1.0566422826145774
2022-09-19,37,Subway,Northeast,0.5215064086400929,-0.011279447352604801,0.22149824057158357,0.4678561070838936,-1.8230919876886498
2022-09-19,37,Subway,South,0.8634395788259881,0.055998631745498295,0.12968553551579612,0.4688915625596436,-1.0175883431490176
2022-09-19,37,Subway,Midwest,0.4418657820036119,0.06744905926222398,0.21684813678008416,0.34844406917218707,-1.5750552080034468
2022-09-19,37,Subway,West,0.736562991728476,0.04584398103955491,0.24228889639333023,0.264080582240048,-1.999635598348231
2022-09-19,37,Subway,Southwest,0.5292075737858306,0.02302166357108601,0.15684861764457372,0.1839016666596838,-1.8095959134887354
2022-09-19,37,KFC,Northeast,0.6248684175677528,0.10669701686269747,0.10307124891057669,0.41065611985185674,-0.5995769332473588
2022-09-19,37,KFC,South,0.7382841416708191,0.052265320643624186,0.08985526769638223,0.059614022899604026,-0.6989680413269632
2022-09-19,37,KFC,Midwest,0.5394238893081456,0.09479548166230967,0.06211878057985756,0.18162748643710216,-1.6495864519456447
2022-09-19,37,KFC,West,0.5084742046592579,0.0021701167473868145,0.06522890237178519,0.37457060797482544,-0.8324421431817632
2022-09-19,37,KFC,Southwest,0.6102958562815411,0.014727844165974783,0.2062792732454961,0.19135202294227086,-1.0871426102390387
2022-09-19,37,Dominos,Northeast,0.2906132123331813,0.048549869607473664,0.05859345042386398,0.21214506472215292,-0.5436429328251958
2022-09-19,37,Dominos,South,0.3155778019140983,-0.056623556279142506,0.16903420222022753,0.2939671196096951,-1.4395915106989112
2022-09-19,37,Dominos,Midwest,0.4665797015274425,-0.0728892444239773,0.10019145266430377,0.27749119186196053,-0.977809081224243
2022-09-19,37,Dominos,West,0.14670688857833145,0.053817508624977646,0.09196263428197264,0.08585787626857316,-1.9046964163641222
2022-09-19,37,Dominos,Southwest,0.1652104184062544,-0.004768471077923928,0.013614314134967706,0.23368255004054264,-1.4056289797753911
2022-09-19,37,PizzaHut,Northeast,0.2885814010774129,0.023934798169061727,0.1344967708176812,0.33192020930403915,-0.5542735082177292
2022-09-19,37,PizzaHut,South,0.48267621543687234,0.06414359880010932,0.17165385327232988,0.4309775708003919,-1.1915286883248193
2022-09-19,37,PizzaHut,Midwest,0.8660589032032525,0.10126475114246755,0.05667293070097135,0.5405277045945869,-1.5681807449977332
2022-09-19,37,PizzaHut,West,0.30981205951082547,0.05338091442398275,0.14116557278651456,0.36248858833460823,-1.8195935553070897
2022-09-19,37,PizzaHut,Southwest,0.08150900165577565,0.05372595205936513,0.2076269648452098,0.03054343973064911,-0.9447074897277044
2022-09-26,38,McDonalds,Northeast,0.9440397633000602,0.18440791305963394,0.027713269265470058,0.5703076004290429,-1.4167227552888253
2022-09-26,38,McDonalds,South,0.5951744520040058,-0.04881855541368409,0.28741291316892137,0.36290162650219815,-1.9288765457898727
2022-09-26,38,McDonalds,Midwest,0.7608805297977649,-0.0017233919757628203,0.044879181552355416,0.27197951974525986,-0.7982427450570128
2022-09-26,38,McDonalds,West,0.4566949937552437,-0.001411860289976169,0.2724710438053291,0.32062222572817095,-1.093428921375788
2022-09-26,38,McDonalds,Southwest,0.99,0.05784327016579905,0.09761475647586786,0.06848935279224204,-1.7021857116976975
2022-09-26,38,BurgerKing,Northeast,0.20489632403579772,0.059092006872032574,0.24450012132992213,0.1451965604342744,-1.2577573150678698
2022-09-26,38,BurgerKing,South,0.7130198805561703,0.05066066902571487,0.07960538031602005,0.48906939996118465,-0.8865346316994134
2022-09-26,38,BurgerKing,Midwest,0.24292498098296705,-0.029589403268465056,0.3165741719930878,0.5707999278834135,-0.8443823193970343
2022-09-26,38,BurgerKing,West,0.38341626216531616,0.0465434816652619,0.10053500308910315,0.1221118822977808,-1.250572382001857
2022-09-26,38,BurgerKing,Southwest,0.6349901774659238,0.010469603629213672,0.018483657576278914,0.31990659288970436,-1.5421782048067114
2022-09-26,38,Wendys,Northeast,0.8019495726085147,0.004576805188337869,0.1328241465142246,0.2864796801727,-0.5393861269422597
2022-09-26,38,Wendys,South,0.12054803327581096,-0.025950335703051546,0.06877335669035799,0.4254476061773757,-1.0049560835652607
2022-09-26,38,Wendys,Midwest,0.5311889447288726,-0.016028391834246977,0.08722314572501384,0.211067729489257,-1.3876437209805519
2022-09-26,38,Wendys,West,0.49338234252784735,0.0054385436783199615,0.04165760766371676,0.41158605271605975,-1.5793051636930213
2022-09-26,38,Wendys,Southwest,0.16565454241294217,-0.03341172132517537,0.19598595047373857,0.4491558671991043,-0.9033455254946567
2022-09-26,38,TacoBell,Northeast,0.6261521272947335,0.05127526344803576,0.07730275216667797,0.26793124519078654,-1.6367248316093486
2022-09-26,38,TacoBell,South,0.14709905075157087,-0.05818564400583035,0.003979491119964669,0.41766802910529877,-1.7424350165394678
2022-09-26,38,TacoBell,Midwest,0.2770207646024625,-0.177904651184983,0.11549220000432603,0.150108946801192,-1.2052491665568945
2022-09-26,38,TacoBell,West,0.2924666763512231,-0.02858931338734423,0.0446903396082485,0.47182917581289624,-1.5650189110337873
2022-09-26,38,TacoBell,Southwest,0.41821820217730526,0.04058795617163951,0.10354646560386732,0.08879666648103435,-1.0566422826145774
2022-09-26,38,Subway,Northeast,0.5262307631724702,-0.01462720067367021,0.22149824057158357,0.4678561070838936,-1.8230919876886498
2022-09-26,38,Subway,South,0.8674752020470108,0.051962147113078325,0.12968553551579612,0.4688915625596436,-1.0175883431490176
2022-09-26,38,Subway,Midwest,0.44038666406356103,0.05789783346873045,0.21684813678008416,0.34844406917218707,-1.5750552080034468
2022-09-26,38,Subway,West,0.7488710902378531,0.050079971695489514,0.24228889639333023,0.264080582240048,-1.999635598348231
2022-09-26,38,Subway,Southwest,0.5579049308317048,0.04364691276351746,0.15684861764457372,0.1839016666596838,-1.8095959134887354
2022-09-26,38,KFC,Northeast,0.609868595820475,0.09602168772015475,0.10307124891057669,0.41065611985185674,-0.5995769332473588
2022-09-26,38,KFC,South,0.7342018436328116,0.05250751521035177,0.08985526769638223,0.059614022899604026,-0.6989680413269632
2022-09-26,38,KFC,Midwest,0.5492216022575648,0.10891768721646396,0.06211878057985756,0.18162748643710216,-1.6495864519456447
2022-09-26,38,KFC,West,0.5033532981420656,0.0013737028349296624,0.06522890237178519,0.37457060797482544,-0.8324421431817632
2022-09-26,38,KFC,Southwest,0.6104950816393033,0.019251562128472125,0.2062792732454961,0.19135202294227086,-1.0871426102390387
2022-09-26,38,Dominos,Northeast,0.26740078167434633,0.03792593432600487,0.05859345042386398,0.21214506472215292,-0.5436429328251958
2022-09-26,38,Dominos,South,0.30727237750880854,-0.05234048530706602,0.16903420222022753,0.2939671196096951,-1.4395915106989112
2022-09-26,38,Dominos,Midwest,0.4521197635000308,-0.0747606870740228,0.10019145266430377,0.27749119186196053,-0.977809081224243
2022-09-26,38,Dominos,West,0.14397569315776385,0.06367480858177628,0.09196263428197264,0.08585787626857316,-1.9046964163641222
2022-09-26,38,Dominos,Southwest,0.16449578354453567,0.007105389437723582,0.013614314134967706,0.23368255004054264,-1.4056289797753911
2022-09-26,38,PizzaHut,Northeast,0.310671249072085,0.049830434589247866,0.1344967708176812,0.33192020930403915,-0.5542735082177292
2022-09-26,38,PizzaHut,South,0.48466675874349413,0.06993993053224508,0.17165385327232988,0.4309775708003919,-1.1915286883248193
2022-09-26,38,PizzaHut,Midwest,0.8655110779435604,0.10452271430828922,0.05667293070097135,0.5405277045945869,-1.5681807449977332
2022-09-26,38,PizzaHut,West,0.3079501141010848,0.055324757439756116,0.14116557278651456,0.36248858833460823,-1.8195935553070897
2022-09-26,38,PizzaHut,Southwest,0.07417155030215478,0.05019428913125825,0.2076269648452098,0.03054343973064911,-0.9447074897277044
2022-10-03,39,McDonalds,Northeast,0.9442720765542483,0.18779275149425084,0.027713269265470058,0.5703076004290429,-1.4167227552888253
2022-10-03,39,McDonalds,South,0.5890679127221866,-0.05177256951507438,0.28741291316892137,0.36290162650219815,-1.9288765457898727
2022-10-03,39,McDonalds,Midwest,0.7594126143800322,-3.8782213066677375e-05,0.044879181552355416,0.27197951974525986,-0.7982427450570128
2022-10-03,39,McDonalds,West,0.46671844393089446,0.011764115066103429,0.2724710438053291,0.32062222572817095,-1.093428921375788
2022-10-03,39,McDonalds,Southwest,0.99,0.04777784451300264,0.09761475647586786,0.06848935279224204,-1.7021857116976975
2022-10-03,39,BurgerKing,Northeast,0.20773426153125163,0.07049079248332303,0.24450012132992213,0.1451965604342744,-1.2577573150678698
2022-10-03,39,BurgerKing,South,0.7176301831137324,0.06383181969911353,0.07960538031602005,0.48906939996118465,-0.8865346316994134
2022-10-03,39,BurgerKing,Midwest,0.23318344759721965,-0.030770088538375845,0.3165741719930878,0.5707999278834135,-0.8443823193970343
2022-10-03,39,BurgerKing,West,0.3536368650593936,0.02532493267517595,0.10053500308910315,0.1221118822977808,-1.250572382001857
2022-10-03,39,BurgerKing,Southwest,0.6203511094791428,0.004391383758269347,0.018483657576278914,0.31990659288970436,-1.5421782048067114
2022-10-03,39,Wendys,Northeast,0.8181081286032021,0.017546750653948964,0.1328241465142246,0.2864796801727,-0.5393861269422597
2022-10-03,39,Wendys,South,0.12350796318189855,-0.026179016326040368,0.06877335669035799,0.4254476061773757,-1.0049560835652607
2022-10-03,39,Wendys,Midwest,0.5243845329349999,-0.026021414157196082,0.08722314572501384,0.211067729489257,-1.3876437209805519
2022-10-03,39,Wendys,West,0.49152320384464154,0.0003907944660377872,0.04165760766371676,0.41158605271605975,-1.5793051636930213
2022-10-03,39,Wendys,Southwest,0.1772493532070641,-0.02500552106012984,0.19598595047373857,0.4491558671991043,-0.9033455254946567
2022-10-03,39,TacoBell,Northeast,0.6470256174603114,0.05674259913004956,0.07730275216667797,0.26793124519078654,-1.6367248316093486
2022-10-03,39,TacoBell,South,0.16011588424343812,-0.0605749649975273,0.003979491119964669,0.41766802910529877,-1.7424350165394678
2022-10-03,39,TacoBell,Midwest,0.2887586749678798,-0.18157289530312987,0.11549220000432603,0.150108946801192,-1.2052491665568945
2022-10-03,39,TacoBell,West,0.30395524934434903,-0.03250689487778245,0.0446903396082485,0.47182917581289624,-1.5650189110337873
2022-10-03,39,TacoBell,Southwest,0.42440025481588445,0.031363854326654485,0.10354646560386732,0.08879666648103435,-1.0566422826145774
2022-10-03,39,Subway,Northeast,0.548680605618955,0.0015265562210242077,0.22149824057158357,0.4678561070838936,-1.8230919876886498
2022-10-03,39,Subway,South,0.8705480829066878,0.04873894242096492,0.12968553551579612,0.4688915625596436,-1.0175883431490176
2022-10-03,39,Subway,Midwest,0.4588543348236064,0.07006941867698542,0.21684813678008416,0.34844406917218707,-1.5750552080034468
2022-10-03,39,Subway,West,0.7703803363088682,0.06529313221471403,0.24228889639333023,0.264080582240048,-1.999635598348231
2022-10-03,39,Subway,Southwest,0.5741841253649749,0.053630021744997064,0.15684861764457372,0.1839016666596838,-1.8095959134887354
2022-10-03,39,KFC,Northeast,0.5999965001751753,0.09170548459297427,0.10307124891057669,0.41065611985185674,-0.5995769332473588
2022-10-03,39,KFC,South,0.7326832520180584,0.056544816113717866,0.08985526769638223,0.059614022899604026,-0.6989680413269632
2022-10-03,39,KFC,Midwest,0.5434237536755364,0.1086757311525548,0.06211878057985756,0.18162748643710216,-1.6495864519456447
2022-10-03,39,KFC,West,0.4887603870166451,-0.0076633157723716185,0.06522890237178519,0.37457060797482544,-0.8324421431817632
2022-10-03,39,KFC,Southwest,0.6081827819384,0.022495154945688156,0.2062792732454961,0.19135202294227086,-1.0871426102390387
2022-10-03,39,Dominos,Northeast,0.2435386668378256,0.026135536414406843,0.05859345042386398,0.21214506472215292,-0.5436429328251958
2022-10-03,39,Dominos,South,0.3070774544685015,-0.040463691422450376,0.16903420222022753,0.2939671196096951,-1.4395915106989112
2022-10-03,39,Dominos,Midwest,0.4354018736021242,-0.07940686004700673,0.10019145266430377,0.27749119186196053,-0.977809081224243
2022-10-03,39,Dominos,West,0.13391557279156951,0.06568640514050467,0.09196263428197264,0.08585787626857316,-1.9046964163641222
2022-10-03,39,Dominos,Southwest,0.1552569453350744,0.009938268153185003,0.013614314134967706,0.23368255004054264,-1.4056289797753911
2022-10-03,39,PizzaHut,Northeast,0.30639126630420455,0.047241384852207094,0.1344967708176812,0.33192020930403915,-0.5542735082177292
2022-10-03,39,PizzaHut,South,0.4888427637274071,0.07580686854699782,0.17165385327232988,0.4309775708003919,-1.1915286883248193
2022-10-03,39,PizzaHut,Midwest,0.8590711083464954,0.09977367774206397,0.05667293070097135,0.5405277045945869,-1.5681807449977332
2022-10-03,39,PizzaHut,West,0.3149721540448175,0.06403773041432856,0.14116557278651456,0.36248858833460823,-1.8195935553070897
2022-10-03,39,PizzaHut,Southwest,0.059020820468847573,0.036734492328790766,0.2076269648452098,0.03054343973064911,-0.9447074897277044
2022-10-10,40,McDonalds,Northeast,0.9403407512428449,0.18905654728971497,0.027713269265470058,0.5703076004290429,-1.4167227552888253
2022-10-10,40,McDonalds,South,0.6032620816059018,-0.032383279524491534,0.28741291316892137,0.36290162650219815,-1.9288765457898727
2022-10-10,40,McDonalds,Midwest,0.7442141800271088,-0.010042095459122425,0.044879181552355416,0.27197951974525986,-0.7982427450570128
2022-10-10,40,McDonalds,West,0.45474587311877834,0.004986665360854913,0.2724710438053291,0.32062222572817095,-1.093428921375788
2022-10-10,40,McDonalds,Southwest,0.99,0.05291692300959179,0.09761475647586786,0.06848935279224204,-1.7021857116976975
2022-10-10,40,BurgerKing,Northeast,0.20248381909200633,0.072286610302719,0.24450012132992213,0.1451965604342744,-1.2577573150678698
2022-10-10,40,BurgerKing,South,0.7140902238478266,0.06733812069184912,0.07960538031602005,0.48906939996118465,-0.8865346316994134
2022-10-10,40,BurgerKing,Midwest,0.23102905864005505,-0.02587821723689921,0.3165741719930878,0.5707999278834135,-0.8443823193970343
2022-10-10,40,BurgerKing,West,0.35293781948637004,0.03167214736079365,0.10053500308910315,0.1221118822977808,-1.250572382001857
2022-10-10,40,BurgerKing,Southwest,0.6244018476400638,0.01548838217783158,0.018483657576278914,0.31990659288970436,-1.5421782048067114
2022-10-10,40,Wendys,Northeast,0.8260730403615683,0.02164493722323409,0.1328241465142246,0.2864796801727,-0.5393861269422597
2022-10-10,40,Wendys,South,0.12496211182479414,-0.02859159287222579,0.06877335669035799,0.4254476061773757,-1.0049560835652607
2022-10-10,40,Wendys,Midwest,0.5349769951361081,-0.01929567714516877,0.08722314572501384,0.211067729489257,-1.3876437209805519
2022-10-10,40,Wendys,West,0.5143887483826747,0.019389613814989937,0.04165760766371676,0.41158605271605975,-1.5793051636930213
2022-10-10,40,Wendys,Southwest,0.17978974093231936,-0.026331858523955576,0.19598595047373857,0.4491558671991043,-0.9033455254946567
2022-10-10,40,TacoBell,Northeast,0.6533401311580014,0.04699730608334314,0.07730275216667797,0.26793124519078654,-1.6367248316093486
2022-10-10,40,TacoBell,South,0.18724649768070412,-0.04950415830465757,0.003979491119964669,0.41766802910529877,-1.7424350165394678
2022-10-10,40,TacoBell,Midwest,0.3036146700727402,-0.18277670694266585,0.11549220000432603,0.150108946801192,-1.2052491665568945
2022-10-10,40,TacoBell,West,0.29828836062860503,-0.05423359033792281,0.0446903396082485,0.47182917581289624,-1.5650189110337873
2022-10-10,40,TacoBell,Southwest,0.44893427833178495,0.0398380710981587,0.10354646560386732,0.08879666648103435,-1.0566422826145774
2022-10-10,40,Subway,Northeast,0.5477560776820223,-0.00382672563851502,0.22149824057158357,0.4678561070838936,-1.8230919876886498
2022-10-10,40,Subway,South,0.8740715040062526,0.047833609597923314,0.12968553551579612,0.4688915625596436,-1.0175883431490176
2022-10-10,40,Subway,Midwest,0.466602892051903,0.07338922198267557,0.21684813678008416,0.34844406917218707,-1.5750552080034468
2022-10-10,40,Subway,West,0.7767140870292653,0.06719812901250469,0.24228889639333023,0.264080582240048,-1.999635598348231
2022-10-10,40,Subway,Southwest,0.5857073974589717,0.06072453991638746,0.15684861764457372,0.1839016666596838,-1.8095959134887354
2022-10-10,40,KFC,Northeast,0.588934918675261,0.08735062088727584,0.10307124891057669,0.41065611985185674,-0.5995769332473588
2022-10-10,40,KFC,South,0.7311075922056036,0.06167587409547869,0.08985526769638223,0.059614022899604026,-0.6989680413269632
2022-10-10,40,KFC,Midwest,0.5341215691054815,0.10608026437671562,0.06211878057985756,0.18162748643710216,-1.6495864519456447
2022-10-10,40,KFC,West,0.4894417740313044,-0.00027521096349658863,0.06522890237178519,0.37457060797482544,-0.8324421431817632
2022-10-10,40,KFC,Southwest,0.607629738984315,0.02864882978581869,0.2062792732454961,0.19135202294227086,-1.0871426102390387
2022-10-10,40,Dominos,Northeast,0.22280441208456891,0.01678114939396089,0.05859345042386398,0.21214506472215292,-0.5436429328251958
2022-10-10,40,Dominos,South,0.30655740789744107,-0.029603870260700056,0.16903420222022753,0.2939671196096951,-1.4395915106989112
2022-10-10,40,Dominos,Midwest,0.4186623714181729,-0.0847664944981472,0.10019145266430377,0.27749119186196053,-0.977809081224243
2022-10-10,40,Dominos,West,0.13061628304157025,0.07376698312331612,0.09196263428197264,0.08585787626857316,-1.9046964163641222
2022-10-10,40,Dominos,Southwest,0.14754995073627708,0.01361114128719841,0.013614314134967706,0.23368255004054264,-1.4056289797753911
2022-10-10,40,PizzaHut,Northeast,0.3252215482854144,0.06562322162015832,0.1344967708176812,0.33192020930403915,-0.5542735082177292
2022-10-10,40,PizzaHut,South,0.4870565491169472,0.0735722087232793,0.17165385327232988,0.4309775708003919,-1.1915286883248193
2022-10-10,40,PizzaHut,Midwest,0.8560263855985719,0.096280509780882,0.05667293070097135,0.5405277045945869,-1.5681807449977332
2022-10-10,40,PizzaHut,West,0.3152264031991988,0.06384353435545123,0.14116557278651456,0.36248858833460823,-1.8195935553070897
2022-10-10,40,PizzaHut,Southwest,0.05643746785376344,0.033702694500448015,0.2076269648452098,0.03054343973064911,-0.9447074897277044
2022-10-17,41,McDonalds,Northeast,0.9411777957589823,0.19705596630913547,0.027713269265470058,0.5703076004290429,-1.4167227552888253
2022-10-17,41,McDonalds,South,0.579936601018253,-0.04854638560885741,0.28741291316892137,0.36290162650219815,-1.9288765457898727
2022-10-17,41,McDonalds,Midwest,0.7265149813323621,-0.020578919650585968,0.044879181552355416,0.27197951974525986,-0.7982427450570128
2022-10-17,41,McDonalds,West,0.43690546939970343,-0.005691363854937018,0.2724710438053291,0.32062222572817095,-1.093428921375788
2022-10-17,41,McDonalds,Southwest,0.99,0.06241999892932755,0.09761475647586786,0.06848935279224204,-1.7021857116976975
2022-10-17,41,BurgerKing,Northeast,0.21416046919392046,0.08939274402853825,0.24450012132992213,0.1451965604342744,-1.2577573150678698
2022-10-17,41,BurgerKing,South,0.7076162480385468,0.06629362850647441,0.07960538031602005,0.48906939996118465,-0.8865346316994134
2022-10-17,41,BurgerKing,Midwest,0.2239113577842498,-0.027566434468799316,0.3165741719930878,0.5707999278834135,-0.8443823193970343
2022-10-17,41,BurgerKing,West,0.34820885749359676,0.032372668991925466,0.10053500308910315,0.1221118822977808,-1.250572382001857
2022-10-17,41,BurgerKing,Southwest,0.6305911470422405,0.027107165203913482,0.018483657576278914,0.31990659288970436,-1.5421782048067114
2022-10-17,41,Wendys,Northeast,0.8212882714736967,0.012371405881328349,0.1328241465142246,0.2864796801727,-0.5393861269422597
2022-10-17,41,Wendys,South,0.13183456410617614,-0.02620790304487794,0.06877335669035799,0.4254476061773757,-1.0049560835652607
2022-10-17,41,Wendys,Midwest,0.5492177338879666,-0.009543700847344475,0.08722314572501384,0.211067729489257,-1.3876437209805519
2022-10-17,41,Wendys,West,0.5238884525361073,0.024400555514388387,0.04165760766371676,0.41158605271605975,-1.5793051636930213
2022-10-17,41,Wendys,Southwest,0.18617431955234096,-0.024436042357968143,0.19598595047373857,0.4491558671991043,-0.9033455254946567
2022-10-17,41,TacoBell,Northeast,0.6798311428569433,0.057007767009014554,0.07730275216667797,0.26793124519078654,-1.6367248316093486
2022-10-17,41,TacoBell,South,0.1766947255239824,-0.07653648123464994,0.003979491119964669,0.41766802910529877,-1.7424350165394678
2022-10-17,41,TacoBell,Midwest,0.3268739740413199,-0.17599795374735677,0.11549220000432603,0.150108946801192,-1.2052491665568945
2022-10-17,41,TacoBell,West,0.30822815457060143,-0.06077434716919705,0.0446903396082485,0.47182917581289624,-1.5650189110337873
2022-10-17,41,TacoBell,Southwest,0.44710850013649106,0.02153174212959413,0.10354646560386732,0.08879666648103435,-1.0566422826145774
2022-10-17,41,Subway,Northeast,0.555365297722976,0.0012853003567347872,0.22149824057158357,0.4678561070838936,-1.8230919876886498
2022-10-17,41,Subway,South,0.8903052835035862,0.06157019504955289,0.12968553551579612,0.4688915625596436,-1.0175883431490176
2022-10-17,41,Subway,Midwest,0.4677256009513301,0.07201473683639865,0.21684813678008416,0.34844406917218707,-1.5750552080034468
2022-10-17,41,Subway,West,0.7887400265469986,0.07672687448453407,0.24228889639333023,0.264080582240048,-1.999635598348231
2022-10-17,41,Subway,Southwest,0.604327374084562,0.0768473224962739,0.15684861764457372,0.1839016666596838,-1.8095959134887354
2022-10-17,41,KFC,Northeast,0.5943237846850363,0.10049976542311631,0.10307124891057669,0.41065611985185674,-0.5995769332473588
2022-10-17,41,KFC,South,0.7397469589732523,0.07807551938919262,0.08985526769638223,0.059614022899604026,-0.6989680413269632
2022-10-17,41,KFC,Midwest,0.5337825654901351,0.11350153928743455,0.06211878057985756,0.18162748643710216,-1.6495864519456447
2022-10-17,41,KFC,West,0.4824358318942551,0.00047912542551933933,0.06522890237178519,0.37457060797482544,-0.8324421431817632
2022-10-17,41,KFC,Southwest,0.583849802339278,0.012629171666847003,0.2062792732454961,0.19135202294227086,-1.0871426102390387
2022-10-17,41,Dominos,Northeast,0.20982080582122026,0.014320524512661406,0.05859345042386398,0.21214506472215292,-0.5436429328251958
2022-10-17,41,Dominos,South,0.28760196056223,-0.038036336213861974,0.16903420222022753,0.2939671196096951,-1.4395915106989112
2022-10-17,41,Dominos,Midwest,0.4298488172111019,-0.06305706732316907,0.10019145266430377,0.27749119186196053,-0.977809081224243
2022-10-17,41,Dominos,West,0.11833444353519774,0.07200812499899276,0.09196263428197264,0.08585787626857316,-1.9046964163641222
2022-10-17,41,Dominos,Southwest,0.1382590174220728,0.014843189355043267,0.013614314134967706,0.23368255004054264,-1.4056289797753911
2022-10-17,41,PizzaHut,Northeast,0.3333177219017682,0.07113807538056299,0.1344967708176812,0.33192020930403915,-0.5542735082177292
2022-10-17,41,PizzaHut,South,0.4900738934366209,0.07400823318700384,0.17165385327232988,0.4309775708003919,-1.1915286883248193
2022-10-17,41,PizzaHut,Midwest,0.8755582158588286,0.11323102018518953,0.05667293070097135,0.5405277045945869,-1.5681807449977332
2022-10-17,41,PizzaHut,West,0.3115812294378035,0.05761704073810671,0.14116557278651456,0.36248858833460823,-1.8195935553070897
2022-10-17,41,PizzaHut,Southwest,0.06096486226208506,0.03564876905282044,0.2076269648452098,0.03054343973064911,-0.9447074897277044
2022-10-24,42,McDonalds,Northeast,0.9247273347330729,0.18963126045215498,0.027713269265470058,0.5703076004290429,-1.4167227552888253
2022-10-24,42,McDonalds,South,0.557710620737117,-0.06174661072106447,0.28741291316892137,0.36290162650219815,-1.9288765457898727
2022-10-24,42,McDonalds,Midwest,0.7113715352543805,-0.026696610559638824,0.044879181552355416,0.27197951974525986,-0.7982427450570128
2022-10-24,42,McDonalds,West,0.4275093462602903,-0.0060617318254211384,0.2724710438053291,0.32062222572817095,-1.093428921375788
2022-10-24,42,McDonalds,Southwest,0.99,0.05812697668415495,0.09761475647586786,0.06848935279224204,-1.7021857116976975
2022-10-24,42,BurgerKing,Northeast,0.20350229379134904,0.08246853422979969,0.24450012132992213,0.1451965604342744,-1.2577573150678698
2022-10-24,42,BurgerKing,South,0.6898191077979957,0.05223045386975607,0.07960538031602005,0.48906939996118465,-0.8865346316994134
2022-10-24,42,BurgerKing,Midwest,0.21934633645413004,-0.028397490195086264,0.3165741719930878,0.5707999278834135,-0.8443823193970343
2022-10-24,42,BurgerKing,West,0.3294276881494539,0.017325465251615442,0.10053500308910315,0.1221118822977808,-1.250572382001857
2022-10-24,42,BurgerKing,Southwest,0.6344577410753038,0.03470772484080951,0.018483657576278914,0.31990659288970436,-1.5421782048067114
2022-10-24,42,Wendys,Northeast,0.8271583701972782,0.013195803410673381,0.1328241465142246,0.2864796801727,-0.5393861269422597
2022-10-24,42,Wendys,South,0.12230475030576332,-0.040783418039527244,0.06877335669035799,0.4254476061773757,-1.0049560835652607
2022-10-24,42,Wendys,Midwest,0.5511713443117044,-0.012635791617843109,0.08722314572501384,0.211067729489257,-1.3876437209805519
2022-10-24,42,Wendys,West,0.521412589674438,0.016878991458482553,0.04165760766371676,0.41158605271605975,-1.5793051636930213
2022-10-24,42,Wendys,Southwest,0.19441176585076927,-0.02124429725377634,0.19598595047373857,0.4491558671991043,-0.9033455254946567
2022-10-24,42,TacoBell,Northeast,0.7098979320239078,0.070412271469246,0.07730275216667797,0.26793124519078654,-1.6367248316093486
2022-10-24,42,TacoBell,South,0.17460528553425794,-0.09528820593110739,0.003979491119964669,0.41766802910529877,-1.7424350165394678
2022-10-24,42,TacoBell,Midwest,0.34468651953952706,-0.1748476929558826,0.11549220000432603,0.150108946801192,-1.2052491665568945
2022-10-24,42,TacoBell,West,0.323289111321668,-0.06237567512486346,0.0446903396082485,0.47182917581289624,-1.5650189110337873
2022-10-24,42,TacoBell,Southwest,0.4704841856077287,0.028245142894098782,0.10354646560386732,0.08879666648103435,-1.0566422826145774
2022-10-24,42,Subway,Northeast,0.5580266824799501,0.0034172666391116785,0.22149824057158357,0.4678561070838936,-1.8230919876886498
2022-10-24,42,Subway,South,0.8833150086607953,0.0540505017321647,0.12968553551579612,0.4688915625596436,-1.0175883431490176
2022-10-24,42,Subway,Midwest,0.46506448006926104,0.06882419747973248,0.21684813678008416,0.34844406917218707,-1.5750552080034468
2022-10-24,42,Subway,West,0.7813091864535608,0.06876661591649917,0.24228889639333023,0.264080582240048,-1.999635598348231
2022-10-24,42,Subway,Southwest,0.6156168639451453,0.0876073938822599,0.15684861764457372,0.1839016666596838,-1.8095959134887354
2022-10-24,42,KFC,Northeast,0.5858356057806364,0.10071288190983574,0.10307124891057669,0.41065611985185674,-0.5995769332473588
2022-10-24,42,KFC,South,0.750057570439663,0.09708742624672269,0.08985526769638223,0.059614022899604026,-0.6989680413269632
2022-10-24,42,KFC,Midwest,0.5244746619608697,0.11289493114928834,0.06211878057985756,0.18162748643710216,-1.6495864519456447
2022-10-24,42,KFC,West,0.46665046883403116,-0.006604942243585288,0.06522890237178519,0.37457060797482544,-0.8324421431817632
2022-10-24,42,KFC,Southwest,0.5600113630220305,-0.002507972259281269,0.2062792732454961,0.19135202294227086,-1.0871426102390387
2022-10-24,42,Dominos,Northeast,0.18227592414451982,-0.0037108722498980454,0.05859345042386398,0.21214506472215292,-0.5436429328251958
2022-10-24,42,Dominos,South,0.2622471162180341,-0.05387769564391687,0.16903420222022753,0.2939671196096951,-1.4395915106989112
2022-10-24,42,Dominos,Midwest,0.42300659880707575,-0.06038580081305424,0.10019145266430377,0.27749119186196053,-0.977809081224243
2022-10-24,42,Dominos,West,0.11390820885335605,0.07709537523129209,0.09196263428197264,0.08585787626857316,-1.9046964163641222
2022-10-24,42,Dominos,Southwest,0.11293362548761042,-0.0009687176652780679,0.013614314134967706,0.23368255004054264,-1.4056289797753911
2022-10-24,42,PizzaHut,Northeast,0.34694486380776757,0.08008845852132415,0.1344967708176812,0.33192020930403915,-0.5542735082177292
2022-10-24,42,PizzaHut,South,0.4899200416850248,0.06917762267016944,0.17165385327232988,0.4309775708003919,-1.1915286883248193
2022-10-24,42,PizzaHut,Midwest,0.8817029047439223,0.11469895030504502,0.05667293070097135,0.5405277045945869,-1.5681807449977332
2022-10-24,42,PizzaHut,West,0.33238019448559597,0.07373924702066095,0.14116557278651456,0.36248858833460823,-1.8195935553070897
2022-10-24,42,PizzaHut,Southwest,0.07461001418597854,0.044617162211475755,0.2076269648452098,0.03054343973064911,-0.9447074897277044
2022-10-31,43,McDonalds,Northeast,0.9112837889309567,0.18694595397309666,0.027713269265470058,0.5703076004290429,-1.4167227552888253
2022-10-31,43,McDonalds,South,0.5380404591599062,-0.07065853297521735,0.28741291316892137,0.36290162650219815,-1.9288765457898727
2022-10-31,43,McDonalds,Midwest,0.6790951419180296,-0.048214764572931876,0.044879181552355416,0.27197951974525986,-0.7982427450570128
2022-10-31,43,McDonalds,West,0.4095595737448082,-0.01325326501784534,0.2724710438053291,0.32062222572817095,-1.093428921375788
2022-10-31,43,McDonalds,Southwest,0.99,0.05601567429587801,0.09761475647586786,0.06848935279224204,-1.7021857116976975
2022-10-31,43,BurgerKing,Northeast,0.19164620297793,0.07259673895828785,0.24450012132992213,0.1451965604342744,-1.2577573150678698
2022-10-31,43,BurgerKing,South,0.6865222425851654,0.05091788419883302,0.07960538031602005,0.48906939996118465,-0.8865346316994134
2022-10-31,43,BurgerKing,Midwest,0.2181305597418105,-0.02762897136549858,0.3165741719930878,0.5707999278834135,-0.8443823193970343
2022-10-31,43,BurgerKing,West,0.3251948327894659,0.015076905433534656,0.10053500308910315,0.1221118822977808,-1.250572382001857
2022-10-31,43,BurgerKing,Southwest,0.625973419725162,0.02820769903257491,0.018483657576278914,0.31990659288970436,-1.5421782048067114
2022-10-31,43,Wendys,Northeast,0.8343743812918748,0.014882350130340657,0.1328241465142246,0.2864796801727,-0.5393861269422597
2022-10-31,43,Wendys,South,0.13225362117638673,-0.036364011543833154,0.06877335669035799,0.4254476061773757,-1.0049560835652607
2022-10-31,43,Wendys,Midwest,0.5457968179122052,-0.02353978239227157,0.08722314572501384,0.211067729489257,-1.3876437209805519
2022-10-31,43,Wendys,West,0.54105137784683,0.030988315255945253,0.04165760766371676,0.41158605271605975,-1.5793051636930213
2022-10-31,43,Wendys,Southwest,0.19895534890285593,-0.022230178576618957,0.19598595047373857,0.4491558671991043,-0.9033455254946567
2022-10-31,43,TacoBell,Northeast,0.7266888011917578,0.07060076769869447,0.07730275216667797,0.26793124519078654,-1.6367248316093486
2022-10-31,43,TacoBell,South,0.19828980270522503,-0.08820606169854181,0.003979491119964669,0.41766802910529877,-1.7424350165394678
2022-10-31,43,TacoBell,Midwest,0.3636210537905636,-0.17251553164324757,0.11549220000432603,0.150108946801192,-1.2052491665568945
2022-10-31,43,TacoBell,West,0.349422850599202,-0.05284430878573101,0.0446903396082485,0.47182917581289624,-1.5650189110337873
2022-10-31,43,TacoBell,Southwest,0.48995780019814844,0.031116384546117024,0.10354646560386732,0.08879666648103435,-1.0566422826145774
2022-10-31,43,Subway,Northeast,0.5504562737164452,-0.0027071071072927006,0.22149824057158357,0.4678561070838936,-1.8230919876886498
2022-10-31,43,Subway,South,0.8854840088957557,0.05766553698422571,0.12968553551579612,0.4688915625596436,-1.0175883431490176
2022-10-31,43,Subway,Midwest,0.45218118297895393,0.05738693540652586,0.21684813678008416,0.34844406917218707,-1.5750552080034468
2022-10-31,43,Subway,West,0.7809487484942256,0.0698522129742644,0.24228889639333023,0.264080582240048,-1.999635598348231
2022-10-31,43,Subway,Southwest,0.6138385290216002,0.08727509397581529,0.15684861764457372,0.1839016666596838,-1.8095959134887354
2022-10-31,43,KFC,Northeast,0.5742383159674541,0.09863171333711034,0.10307124891057669,0.41065611985185674,-0.5995769332473588
2022-10-31,43,KFC,South,0.7392560740848167,0.09580205113233338,0.08985526769638223,0.059614022899604026,-0.6989680413269632
2022-10-31,43,KFC,Midwest,0.4961400502654363,0.09407644069431195,0.06211878057985756,0.18162748643710216,-1.6495864519456447
2022-10-31,43,KFC,West,0.45164709851616447,-0.012092191320994903,0.06522890237178519,0.37457060797482544,-0.8324421431817632
2022-10-31,43,KFC,Southwest,0.5514236907929846,-0.0015795232478701218,0.2062792732454961,0.19135202294227086,-1.0871426102390387
2022-10-31,43,Dominos,Northeast,0.175508469457274,-0.0021123083299240415,0.05859345042386398,0.21214506472215292,-0.5436429328251958
2022-10-31,43,Dominos,South,0.2436043462015547,-0.06415444705317645,0.16903420222022753,0.2939671196096951,-1.4395915106989112
2022-10-31,43,Dominos,Midwest,0.4272976586085029,-0.04772872240440723,0.10019145266430377,0.27749119186196053,-0.977809081224243
2022-10-31,43,Dominos,West,0.09688044176399123,0.06843362674914709,0.09196263428197264,0.08585787626857316,-1.9046964163641222
2022-10-31,43,Dominos,Southwest,0.11426217888565797,0.0087258543399893,0.013614314134967706,0.23368255004054264,-1.4056289797753911
2022-10-31,43,PizzaHut,Northeast,0.35792118014940166,0.08436040214004101,0.1344967708176812,0.33192020930403915,-0.5542735082177292
2022-10-31,43,PizzaHut,South,0.490162141309504,0.06271534957173142,0.17165385327232988,0.4309775708003919,-1.1915286883248193
2022-10-31,43,PizzaHut,Midwest,0.9061603863929347,0.13245205923114015,0.05667293070097135,0.5405277045945869,-1.5681807449977332
2022-10-31,43,PizzaHut,West,0.32714819889094837,0.061802878703096156,0.14116557278651456,0.36248858833460823,-1.8195935553070897
2022-10-31,43,PizzaHut,Southwest,0.09050592864499585,0.05380870394757577,0.2076269648452098,0.03054343973064911,-0.9447074897277044
2022-11-07,44,McDonalds,Northeast,0.9089549105925947,0.19695177715352644,0.027713269265470058,0.5703076004290429,-1.4167227552888253
2022-11-07,44,McDonalds,South,0.518999555550348,-0.07736473506598379,0.28741291316892137,0.36290162650219815,-1.9288765457898727
2022-11-07,44,McDonalds,Midwest,0.6806850933998811,-0.03429011157228859,0.044879181552355416,0.27197951974525986,-0.7982427450570128
2022-11-07,44,McDonalds,West,0.39472440708002704,-0.015753730163834866,0.2724710438053291,0.32062222572817095,-1.093428921375788
2022-11-07,44,McDonalds,Southwest,0.99,0.05890261058867658,0.09761475647586786,0.06848935279224204,-1.7021857116976975
2022-11-07,44,BurgerKing,Northeast,0.19404357324106106,0.07519995734600006,0.24450012132992213,0.1451965604342744,-1.2577573150678698
2022-11-07,44,BurgerKing,South,0.6849733070458788,0.049574796784127545,0.07960538031602005,0.48906939996118465,-0.8865346316994134
2022-11-07,44,BurgerKing,Midwest,0.22603279434882714,-0.01952088863390076,0.3165741719930878,0.5707999278834135,-0.8443823193970343
2022-11-07,44,BurgerKing,West,0.33292387187040684,0.023011792639056786,0.10053500308910315,0.1221118822977808,-1.250572382001857
2022-11-07,44,BurgerKing,Southwest,0.6082822518681991,0.010722379300193104,0.018483657576278914,0.31990659288970436,-1.5421782048067114
2022-11-07,44,Wendys,Northeast,0.8533508199145933,0.027925752559122184,0.1328241465142246,0.2864796801727,-0.5393861269422597
2022-11-07,44,Wendys,South,0.12156173748996688,-0.052988931424189895,0.06877335669035799,0.4254476061773757,-1.0049560835652607
2022-11-07,44,Wendys,Midwest,0.5620553161495588,-0.013214320348854999,0.08722314572501384,0.211067729489257,-1.3876437209805519
2022-11-07,44,Wendys,West,0.5582514654090428,0.04225536662422109,0.04165760766371676,0.41158605271605975,-1.5793051636930213
2022-11-07,44,Wendys,Southwest,0.19397872079464085,-0.03313984287877094,0.19598595047373857,0.4491558671991043,-0.9033455254946567
2022-11-07,44,TacoBell,Northeast,0.7388823426542094,0.06649262481914862,0.07730275216667797,0.26793124519078654,-1.6367248316093486
2022-11-07,44,TacoBell,South,0.20353444036236312,-0.09926310838340116,0.003979491119964669,0.41766802910529877,-1.7424350165394678
2022-11-07,44,TacoBell,Midwest,0.3777735278296737,-0.17466474194613493,0.11549220000432603,0.150108946801192,-1.2052491665568945
2022-11-07,44,TacoBell,West,0.362644192099342,-0.05592465162758842,0.0446903396082485,0.47182917581289624,-1.5650189110337873
2022-11-07,44,TacoBell,Southwest,0.5140560898628392,0.03891298986881042,0.10354646560386732,0.08879666648103435,-1.0566422826145774
2022-11-07,44,Subway,Northeast,0.5601588438713331,0.010395980353903387,0.22149824057158357,0.4678561070838936,-1.8230919876886498
2022-11-07,44,Subway,South,0.8960403296973469,0.07162237509212527,0.12968553551579612,0.4688915625596436,-1.0175883431490176
2022-11-07,44,Subway,Midwest,0.4431589854068626,0.051765255140742844,0.21684813678008416,0.34844406917218707,-1.5750552080034468
2022-11-07,44,Subway,West,0.775456012450472,0.06775999423681912,0.24228889639333023,0.264080582240048,-1.999635598348231
2022-11-07,44,Subway,Southwest,0.5936036297930823,0.07044071205360579,0.15684861764457372,0.1839016666596838,-1.8095959134887354
2022-11-07,44,KFC,Northeast,0.555986676285178,0.09057301267214846,0.10307124891057669,0.41065611985185674,-0.5995769332473588
2022-11-07,44,KFC,South,0.738711651398477,0.10545056746330796,0.08985526769638223,0.059614022899604026,-0.6989680413269632
2022-11-07,44,KFC,Midwest,0.5021029394836044,0.11023226892979426,0.06211878057985756,0.18162748643710216,-1.6495864519456447
2022-11-07,44,KFC,West,0.42911067078005116,-0.024435680039794124,0.06522890237178519,0.37457060797482544,-0.8324421431817632
2022-11-07,44,KFC,Southwest,0.5353061091841415,-0.007504165839399064,0.2062792732454961,0.19135202294227086,-1.0871426102390387
2022-11-07,44,Dominos,Northeast,0.16814718823307534,-0.0023763658995133116,0.05859345042386398,0.21214506472215292,-0.5436429328251958
2022-11-07,44,Dominos,South,0.23930873413514137,-0.06135283546498039,0.16903420222022753,0.2939671196096951,-1.4395915106989112
2022-11-07,44,Dominos,Midwest,0.41210439975467705,-0.055824757603623695,0.10019145266430377,0.27749119186196053,-0.977809081224243
2022-11-07,44,Dominos,West,0.09402382855402275,0.07267423719378799,0.09196263428197264,0.08585787626857316,-1.9046964163641222
2022-11-07,44,Dominos,Southwest,0.10242656176033943,0.003987460869280139,0.013614314134967706,0.23368255004054264,-1.4056289797753911
2022-11-07,44,PizzaHut,Northeast,0.366411413586494,0.08421587943125822,0.1344967708176812,0.33192020930403915,-0.5542735082177292
2022-11-07,44,PizzaHut,South,0.5042597399354161,0.06817819205176841,0.17165385327232988,0.4309775708003919,-1.1915286883248193
2022-11-07,44,PizzaHut,Midwest,0.9148593652369191,0.13251628192924952,0.05667293070097135,0.5405277045945869,-1.5681807449977332
2022-11-07,44,PizzaHut,West,0.33141909613155773,0.05743901979783047,0.14116557278651456,0.36248858833460823,-1.8195935553070897
2022-11-07,44,PizzaHut,Southwest,0.09804458675161261,0.05271260590831746,0.2076269648452098,0.03054343973064911,-0.9447074897277044
2022-11-14,45,McDonalds,Northeast,0.8943390019742432,0.1960681475614731,0.027713269265470058,0.5703076004290429,-1.4167227552888253
2022-11-14,45,McDonalds,South,0.5015671662252286,-0.08106484536480507,0.28741291316892137,0.36290162650219815,-1.9288765457898727
2022-11-14,45,McDonalds,Midwest,0.6643648537469119,-0.03687807219895961,0.044879181552355416,0.27197951974525986,-0.7982427450570128
2022-11-14,45,McDonalds,West,0.396978599758776,0.00023274154121230226,0.2724710438053291,0.32062222572817095,-1.093428921375788
2022-11-14,45,McDonalds,Southwest,0.99,0.06451180506808897,0.09761475647586786,0.06848935279224204,-1.7021857116976975
2022-11-14,45,BurgerKing,Northeast,0.19266435467728016,0.07224515416570845,0.24450012132992213,0.1451965604342744,-1.2577573150678698
2022-11-14,45,BurgerKing,South,0.6935184357074968,0.0565443408292349,0.07960538031602005,0.48906939996118465,-0.8865346316994134
2022-11-14,45,BurgerKing,Midwest,0.22427018406777777,-0.022859083531460857,0.3165741719930878,0.5707999278834135,-0.8443823193970343
2022-11-14,45,BurgerKing,West,0.346230702862784,0.0347430390149232,0.10053500308910315,0.1221118822977808,-1.250572382001857
2022-11-14,45,BurgerKing,Southwest,0.6135542584066908,0.014418801222174043,0.018483657576278914,0.31990659288970436,-1.5421782048067114
2022-11-14,45,Wendys,Northeast,0.8585283623032742,0.026852731119079896,0.1328241465142246,0.2864796801727,-0.5393861269422597
2022-11-14,45,Wendys,South,0.13228947057679294,-0.04851176216608712,0.06877335669035799,0.4254476061773757,-1.0049560835652607
2022-11-14,45,Wendys,Midwest,0.5525971184575971,-0.028923081869539992,0.08722314572501384,0.211067729489257,-1.3876437209805519
2022-11-14,45,Wendys,West,0.553234354548668,0.030987691935123032,0.04165760766371676,0.41158605271605975,-1.5793051636930213
2022-11-14,45,Wendys,Southwest,0.1882900345593736,-0.045079092942761495,0.19598595047373857,0.4491558671991043,-0.9033455254946567
2022-11-14,45,TacoBell,Northeast,0.7560763532722992,0.06792205576678569,0.07730275216667797,0.26793124519078654,-1.6367248316093486
2022-11-14,45,TacoBell,South,0.2366241700276668,-0.08193795838855024,0.003979491119964669,0.41766802910529877,-1.7424350165394678
2022-11-14,45,TacoBell,Midwest,0.4158511089620527,-0.1523517404842086,0.11549220000432603,0.150108946801192,-1.2052491665568945
2022-11-14,45,TacoBell,West,0.38478928278420227,-0.04954414061318085,0.0446903396082485,0.47182917581289624,-1.5650189110337873
2022-11-14,45,TacoBell,Southwest,0.5348291142827366,0.04392143461825499,0.10354646560386732,0.08879666648103435,-1.0566422826145774
2022-11-14,45,Subway,Northeast,0.53684258312384,-0.007614596987624003,0.22149824057158357,0.4678561070838936,-1.8230919876886498
2022-11-14,45,Subway,South,0.8853079082940412,0.06619563709478506,0.12968553551579612,0.4688915625596436,-1.0175883431490176
2022-11-14,45,Subway,Midwest,0.4299754644818147,0.04388741762166046,0.21684813678008416,0.34844406917218707,-1.5750552080034468
2022-11-14,45,Subway,West,0.7639418530619952,0.06155151825430796,0.24228889639333023,0.264080582240048,-1.999635598348231
2022-11-14,45,Subway,Southwest,0.5866165082012689,0.06875927386775789,0.15684861764457372,0.1839016666596838,-1.8095959134887354
2022-11-14,45,KFC,Northeast,0.5405438373736077,0.08585210689517718,0.10307124891057669,0.41065611985185674,-0.5995769332473588
2022-11-14,45,KFC,South,0.7081967201601201,0.08565756935955007,0.08985526769638223,0.059614022899604026,-0.6989680413269632
2022-11-14,45,KFC,Midwest,0.49886010891018073,0.11771137149096961,0.06211878057985756,0.18162748643710216,-1.6495864519456447
2022-11-14,45,KFC,West,0.407661307388054,-0.03516311029719219,0.06522890237178519,0.37457060797482544,-0.8324421431817632
2022-11-14,45,KFC,Southwest,0.526976644690654,-0.005111697198287569,0.2062792732454961,0.19135202294227086,-1.0871426102390387
2022-11-14,45,Dominos,Northeast,0.18316251410557452,0.018364460797986423,0.05859345042386398,0.21214506472215292,-0.5436429328251958
2022-11-14,45,Dominos,South,0.22438938739427658,-0.07054668138084462,0.16903420222022753,0.2939671196096951,-1.4395915106989112
2022-11-14,45,Dominos,Midwest,0.3810760237022133,-0.081127632831087,0.10019145266430377,0.27749119186196053,-0.977809081224243
2022-11-14,45,Dominos,West,0.08543828551022109,0.06981419497498688,0.09196263428197264,0.08585787626857316,-1.9046964163641222
2022-11-14,45,Dominos,Southwest,0.10771065728532461,0.01499705721926585,0.013614314134967706,0.23368255004054264,-1.4056289797753911
2022-11-14,45,PizzaHut,Northeast,0.39643480167088585,0.10379935397346415,0.1344967708176812,0.33192020930403915,-0.5542735082177292
2022-11-14,45,PizzaHut,South,0.5024041575330779,0.05588269610724424,0.17165385327232988,0.4309775708003919,-1.1915286883248193
2022-11-14,45,PizzaHut,Midwest,0.9302662710114703,0.13748327416161474,0.05667293070097135,0.5405277045945869,-1.5681807449977332
2022-11-14,45,PizzaHut,West,0.3372059051059432,0.052785915230029935,0.14116557278651456,0.36248858833460823,-1.8195935553070897
2022-11-14,45,PizzaHut,Southwest,0.1074250167507572,0.051653122365276104,0.2076269648452098,0.03054343973064911,-0.9447074897277044
2022-11-21,46,McDonalds,Northeast,0.9058517320436237,0.22251158103164342,0.027713269265470058,0.5703076004290429,-1.4167227552888253
2022-11-21,46,McDonalds,South,0.4716067595404872,-0.0960945486487566,0.28741291316892137,0.36290162650219815,-1.9288765457898727
2022-11-21,46,McDonalds,Midwest,0.6519715469610677,-0.03434067558401387,0.044879181552355416,0.27197951974525986,-0.7982427450570128
2022-11-21,46,McDonalds,West,0.3867248280756405,0.0049096732588666345,0.2724710438053291,0.32062222572817095,-1.093428921375788
2022-11-21,46,McDonalds,Southwest,0.99,0.07536966831748244,0.09761475647586786,0.06848935279224204,-1.7021857116976975
2022-11-21,46,BurgerKing,Northeast,0.19697835356690047,0.07322498570041741,0.24450012132992213,0.1451965604342744,-1.2577573150678698
2022-11-21,46,BurgerKing,South,0.6999331084574492,0.059624846224275926,0.07960538031602005,0.48906939996118465,-0.8865346316994134
2022-11-21,46,BurgerKing,Midwest,0.22368786574847127,-0.026775569205678765,0.3165741719930878,0.5707999278834135,-0.8443823193970343
2022-11-21,46,BurgerKing,West,0.35225613963014646,0.037434308427374274,0.10053500308910315,0.1221118822977808,-1.250572382001857
2022-11-21,46,BurgerKing,Southwest,0.6134565030066279,0.010986878467199939,0.018483657576278914,0.31990659288970436,-1.5421782048067114
2022-11-21,46,Wendys,Northeast,0.8712215235191092,0.0330684500176404,0.1328241465142246,0.2864796801727,-0.5393861269422597
2022-11-21,46,Wendys,South,0.13507080953363115,-0.05220786552652346,0.06877335669035799,0.4254476061773757,-1.0049560835652607
2022-11-21,46,Wendys,Midwest,0.5628455647138935,-0.025152077930518126,0.08722314572501384,0.211067729489257,-1.3876437209805519
2022-11-21,46,Wendys,West,0.5594191687290927,0.030695063798273248,0.04165760766371676,0.41158605271605975,-1.5793051636930213
2022-11-21,46,Wendys,Southwest,0.20602797938436979,-0.03381859043503981,0.19598595047373857,0.4491558671991043,-0.9033455254946567
2022-11-21,46,TacoBell,Northeast,0.7705612643502677,0.06740811853090083,0.07730275216667797,0.26793124519078654,-1.6367248316093486
2022-11-21,46,TacoBell,South,0.23389269365945142,-0.09966828307061905,0.003979491119964669,0.41766802910529877,-1.7424350165394678
2022-11-21,46,TacoBell,Midwest,0.44346917228304605,-0.1397325254770687,0.11549220000432603,0.150108946801192,-1.2052491665568945
2022-11-21,46,TacoBell,West,0.39073080808942956,-0.058601463621807036,0.0446903396082485,0.47182917581289624,-1.5650189110337873
2022-11-21,46,TacoBell,Southwest,0.5432902992101019,0.037383771231766796,0.10354646560386732,0.08879666648103435,-1.0566422826145774
2022-11-21,46,Subway,Northeast,0.5237520666436383,-0.013571209928058924,0.22149824057158357,0.4678561070838936,-1.8230919876886498
2022-11-21,46,Subway,South,0.8919183856859825,0.07994001802649323,0.12968553551579612,0.4688915625596436,-1.0175883431490176
2022-11-21,46,Subway,Midwest,0.40148481880226083,0.022530675481873496,0.21684813678008416,0.34844406917218707,-1.5750552080034468
2022-11-21,46,Subway,West,0.7881854348588284,0.09292900359090792,0.24228889639333023,0.264080582240048,-1.999635598348231
2022-11-21,46,Subway,Southwest,0.5900431727521626,0.0793198419584184,0.15684861764457372,0.1839016666596838,-1.8095959134887354
2022-11-21,46,KFC,Northeast,0.5316807946889117,0.08808449603646877,0.10307124891057669,0.41065611985185674,-0.5995769332473588
2022-11-21,46,KFC,South,0.6965523483279698,0.08510862935338721,0.08985526769638223,0.059614022899604026,-0.6989680413269632
2022-11-21,46,KFC,Midwest,0.49062021783276977,0.12056691223954617,0.06211878057985756,0.18162748643710216,-1.6495864519456447
2022-11-21,46,KFC,West,0.40177709984585985,-0.029951886013398807,0.06522890237178519,0.37457060797482544,-0.8324421431817632
2022-11-21,46,KFC,Southwest,0.5223333687241669,0.0013404586612130037,0.2062792732454961,0.19135202294227086,-1.0871426102390387
2022-11-21,46,Dominos,Northeast,0.18444781516131797,0.023920505458020908,0.05859345042386398,0.21214506472215292,-0.5436429328251958
2022-11-21,46,Dominos,South,0.22101445060253805,-0.06965087456829214,0.16903420222022753,0.2939671196096951,-1.4395915106989112
2022-11-21,46,Dominos,Midwest,0.37483189589484894,-0.08310101703416026,0.10019145266430377,0.27749119186196053,-0.977809081224243
2022-11-21,46,Dominos,West,0.07965480906939498,0.06830146213845176,0.09196263428197264,0.08585787626857316,-1.9046964163641222
2022-11-21,46,Dominos,Southwest,0.1014908308775068,0.013047974415739039,0.013614314134967706,0.23368255004054264,-1.4056289797753911
2022-11-21,46,PizzaHut,Northeast,0.4198661681568302,0.1151370549421348,0.1344967708176812,0.33192020930403915,-0.5542735082177292
2022-11-21,46,PizzaHut,South,0.52043339027316,0.06181826333005286,0.17165385327232988,0.4309775708003919,-1.1915286883248193
2022-11-21,46,PizzaHut,Midwest,0.9129560501821011,0.10807938781497194,0.05667293070097135,0.5405277045945869,-1.5681807449977332
2022-11-21,46,PizzaHut,West,0.3558585783885145,0.059344922995327544,0.14116557278651456,0.36248858833460823,-1.8195935553070897
2022-11-21,46,PizzaHut,Southwest,0.1214660442152186,0.05360048431246385,0.2076269648452098,0.03054343973064911,-0.9447074897277044
2022-11-28,47,McDonalds,Northeast,0.8897520500524039,0.22232449346718444,0.027713269265470058,0.5703076004290429,-1.4167227552888253
2022-11-28,47,McDonalds,South,0.45180898058283747,-0.09997973317964547,0.28741291316892137,0.36290162650219815,-1.9288765457898727
2022-11-28,47,McDonalds,Midwest,0.647300079734167,-0.023099548384153738,0.044879181552355416,0.27197951974525986,-0.7982427450570128
2022-11-28,47,McDonalds,West,0.3802874982701082,0.014384937880095212,0.2724710438053291,0.32062222572817095,-1.093428921375788
2022-11-28,47,McDonalds,Southwest,0.99,0.06764089163924636,0.09761475647586786,0.06848935279224204,-1.7021857116976975
2022-11-28,47,BurgerKing,Northeast,0.20609327258573215,0.07729550857166276,0.24450012132992213,0.1451965604342744,-1.2577573150678698
2022-11-28,47,BurgerKing,South,0.6952609372596227,0.049908278878863066,0.07960538031602005,0.48906939996118465,-0.8865346316994134
2022-11-28,47,BurgerKing,Midwest,0.21493608024816827,-0.04057175085356807,0.3165741719930878,0.5707999278834135,-0.8443823193970343
2022-11-28,47,BurgerKing,West,0.3510333635318331,0.03116713618147462,0.10053500308910315,0.1221118822977808,-1.250572382001857
2022-11-28,47,BurgerKing,Southwest,0.6271248338780419,0.019610813191027525,0.018483657576278914,0.31990659288970436,-1.5421782048067114
2022-11-28,47,Wendys,Northeast,0.8873631553146827,0.04259970047140127,0.1328241465142246,0.2864796801727,-0.5393861269422597
2022-11-28,47,Wendys,South,0.14681204507641663,-0.04707701132555053,0.06877335669035799,0.4254476061773757,-1.0049560835652607
2022-11-28,47,Wendys,Midwest,0.576706903924186,-0.017901120062038155,0.08722314572501384,0.211067729489257,-1.3876437209805519
2022-11-28,47,Wendys,West,0.5711913329420548,0.035856846669422834,0.04165760766371676,0.41158605271605975,-1.5793051636930213
2022-11-28,47,Wendys,Southwest,0.20622354477395285,-0.040233406387269334,0.19598595047373857,0.4491558671991043,-0.9033455254946567
2022-11-28,47,TacoBell,Northeast,0.788896085130385,0.07172734397764023,0.07730275216667797,0.26793124519078654,-1.6367248316093486
2022-11-28,47,TacoBell,South,0.25591238424510604,-0.09166418781834222,0.003979491119964669,0.41766802910529877,-1.7424350165394678
2022-11-28,47,TacoBell,Midwest,0.46502768091455965,-0.13218961217893294,0.11549220000432603,0.150108946801192,-1.2052491665568945
2022-11-28,47,TacoBell,West,0.4166355371375538,-0.046712329907060604,0.0446903396082485,0.47182917581289624,-1.5650189110337873
2022-11-28,47,TacoBell,Southwest,0.5643889330154902,0.044466809703777435,0.10354646560386732,0.08879666648103435,-1.0566422826145774
2022-11-28,47,Subway,Northeast,0.5184078848745391,-0.010056727852643095,0.22149824057158357,0.4678561070838936,-1.8230919876886498
2022-11-28,47,Subway,South,0.8937612242246319,0.0906415204096575,0.12968553551579612,0.4688915625596436,-1.0175883431490176
2022-11-28,47,Subway,Midwest,0.3923609423652553,0.022265462889382897,0.21684813678008416,0.34844406917218707,-1.5750552080034468
2022-11-28,47,Subway,West,0.7705080245020363,0.08411025707863073,0.24228889639333023,0.264080582240048,-1.999635598348231
2022-11-28,47,Subway,Southwest,0.5795538392682099,0.07768917231898076,0.15684861764457372,0.1839016666596838,-1.8095959134887354
2022-11-28,47,KFC,Northeast,0.5129237498347147,0.08063546958840428,0.10307124891057669,0.41065611985185674,-0.5995769332473588
2022-11-28,47,KFC,South,0.6784925471720933,0.07835684660364339,0.08985526769638223,0.059614022899604026,-0.6989680413269632
2022-11-28,47,KFC,Midwest,0.4778670127194819,0.11912172553239099,0.06211878057985756,0.18162748643710216,-1.6495864519456447
2022-11-28,47,KFC,West,0.3825448822297276,-0.03787608522339842,0.06522890237178519,0.37457060797482544,-0.8324421431817632
2022-11-28,47,KFC,Southwest,0.5079457350216439,-0.001739156635177399,0.2062792732454961,0.19135202294227086,-1.0871426102390387
2022-11-28,47,Dominos,Northeast,0.16275761880257203,0.004984358788483051,0.05859345042386398,0.21214506472215292,-0.5436429328251958
2022-11-28,47,Dominos,South,0.22039333798705932,-0.06751793749456275,0.16903420222022753,0.2939671196096951,-1.4395915106989112
2022-11-28,47,Dominos,Midwest,0.3720899009592631,-0.08308896228053801,0.10019145266430377,0.27749119186196053,-0.977809081224243
2022-11-28,47,Dominos,West,0.06872987306950493,0.06013057582776985,0.09196263428197264,0.08585787626857316,-1.9046964163641222
2022-11-28,47,Dominos,Southwest,0.10532923787262269,0.01964043110006309,0.013614314134967706,0.23368255004054264,-1.4056289797753911
2022-11-28,47,PizzaHut,Northeast,0.44281389797511905,0.12451275631840039,0.1344967708176812,0.33192020930403915,-0.5542735082177292
2022-11-28,47,PizzaHut,South,0.5179298200714937,0.04574266468636312,0.17165385327232988,0.4309775708003919,-1.1915286883248193
2022-11-28,47,PizzaHut,Midwest,0.9189008308384624,0.1004521400293098,0.05667293070097135,0.5405277045945869,-1.5681807449977332
2022-11-28,47,PizzaHut,West,0.3617391833326648,0.05165349949745456,0.14116557278651456,0.36248858833460823,-1.8195935553070897
2022-11-28,47,PizzaHut,Southwest,0.12563904164615328,0.044201453301375204,0.2076269648452098,0.03054343973064911,-0.9447074897277044
2022-12-05,48,McDonalds,Northeast,0.8813830862962012,0.23061924188650193,0.027713269265470058,0.5703076004290429,-1.4167227552888253
2022-12-05,48,McDonalds,South,0.43320700701958925,-0.10191799456737351,0.28741291316892137,0.36290162650219815,-1.9288765457898727
2022-12-05,48,McDonalds,Midwest,0.6279912191455407,-0.025744696797259846,0.044879181552355416,0.27197951974525986,-0.7982427450570128
2022-12-05,48,McDonalds,West,0.3435851624505205,-0.0056536857639723215,0.2724710438053291,0.32062222572817095,-1.093428921375788
2022-12-05,48,McDonalds,Southwest,0.99,0.07399507194133863,0.09761475647586786,0.06848935279224204,-1.7021857116976975
2022-12-05,48,BurgerKing,Northeast,0.20038215694446027,0.06490292462312804,0.24450012132992213,0.1451965604342744,-1.2577573150678698
2022-12-05,48,BurgerKing,South,0.7025417318695487,0.05050760518152635,0.07960538031602005,0.48906939996118465,-0.8865346316994134
2022-12-05,48,BurgerKing,Midwest,0.224391317935013,-0.03779798147398614,0.3165741719930878,0.5707999278834135,-0.8443823193970343
2022-12-05,48,BurgerKing,West,0.37132141779748246,0.04477372213986113,0.10053500308910315,0.1221118822977808,-1.250572382001857
2022-12-05,48,BurgerKing,Southwest,0.6207180981941135,0.006522609199836403,0.018483657576278914,0.31990659288970436,-1.5421782048067114
2022-12-05,48,Wendys,Northeast,0.8638154867032858,0.012404578913193017,0.1328241465142246,0.2864796801727,-0.5393861269422597
2022-12-05,48,Wendys,South,0.1552979934707649,-0.045238515878013585,0.06877335669035799,0.4254476061773757,-1.0049560835652607
2022-12-05,48,Wendys,Midwest,0.6013594686861059,0.00010399175307038155,0.08722314572501384,0.211067729489257,-1.3876437209805519
2022-12-05,48,Wendys,West,0.5902282494182606,0.048246310198817206,0.04165760766371676,0.41158605271605975,-1.5793051636930213
2022-12-05,48,Wendys,Southwest,0.21496759187351042,-0.038136812234523074,0.19598595047373857,0.4491558671991043,-0.9033455254946567
2022-12-05,48,TacoBell,Northeast,0.7968088036836021,0.06681098212131975,0.07730275216667797,0.26793124519078654,-1.6367248316093486
2022-12-05,48,TacoBell,South,0.27681269062101677,-0.08359296185196911,0.003979491119964669,0.41766802910529877,-1.7424350165394678
2022-12-05,48,TacoBell,Midwest,0.46812129932705254,-0.14192507417597763,0.11549220000432603,0.150108946801192,-1.2052491665568945
2022-12-05,48,TacoBell,West,0.4342281952406536,-0.04194875221349841,0.0446903396082485,0.47182917581289624,-1.5650189110337873
2022-12-05,48,TacoBell,Southwest,0.5822727150166941,0.0495215112954437,0.10354646560386732,0.08879666648103435,-1.0566422826145774
2022-12-05,48,Subway,Northeast,0.5185550330606452,0.0005453712223457037,0.22149824057158357,0.4678561070838936,-1.8230919876886498
2022-12-05,48,Subway,South,0.9109028737248598,0.11823812079876828,0.12968553551579612,0.4688915625596436,-1.0175883431490176
2022-12-05,48,Subway,Midwest,0.3858301511481602,0.026189622561170568,0.21684813678008416,0.34844406917218707,-1.5750552080034468
2022-12-05,48,Subway,West,0.7549634373560785,0.07902062082155575,0.24228889639333023,0.264080582240048,-1.999635598348231
2022-12-05,48,Subway,Southwest,0.5688431452574072,0.07743342919706081,0.15684861764457372,0.1839016666596838,-1.8095959134887354
2022-12-05,48,KFC,Northeast,0.48387638095937724,0.0629447105395131,0.10307124891057669,0.41065611985185674,-0.5995769332473588
2022-12-05,48,KFC,South,0.6601888060347565,0.0714097152927528,0.08985526769638223,0.059614022899604026,-0.6989680413269632
2022-12-05,48,KFC,Midwest,0.4624175785119047,0.11502890115125995,0.06211878057985756,0.18162748643710216,-1.6495864519456447
2022-12-05,48,KFC,West,0.3659473884239355,-0.04311696920274435,0.06522890237178519,0.37457060797482544,-0.8324421431817632
2022-12-05,48,KFC,Southwest,0.4981126739155349,-0.0002156079148401789,0.2062792732454961,0.19135202294227086,-1.0871426102390387
2022-12-05,48,Dominos,Northeast,0.1533360044619479,-0.0032398405353389545,0.05859345042386398,0.21214506472215292,-0.5436429328251958
2022-12-05,48,Dominos,South,0.23040622964350194,-0.05630763082131804,0.16903420222022753,0.2939671196096951,-1.4395915106989112
2022-12-05,48,Dominos,Midwest,0.37089455659164294,-0.08308689163135603,0.10019145266430377,0.27749119186196053,-0.977809081224243
2022-12-05,48,Dominos,West,0.06743945484131653,0.06003757261638359,0.09196263428197264,0.08585787626857316,-1.9046964163641222
2022-12-05,48,Dominos,Southwest,0.1008528756906914,0.01636148393493391,0.013614314134967706,0.23368255004054264,-1.4056289797753911
2022-12-05,48,PizzaHut,Northeast,0.4592193670903928,0.1260646631569902,0.1344967708176812,0.33192020930403915,-0.5542735082177292
2022-12-05,48,PizzaHut,South,0.5410343649948539,0.05399364733303947,0.17165385327232988,0.4309775708003919,-1.1915286883248193
2022-12-05,48,PizzaHut,Midwest,0.9250830909580373,0.0917808378722008,0.05667293070097135,0.5405277045945869,-1.5681807449977332
2022-12-05,48,PizzaHut,West,0.37001158071859613,0.04507233460670199,0.14116557278651456,0.36248858833460823,-1.8195935553070897
2022-12-05,48,PizzaHut,Southwest,0.1374553436350705,0.04116419301360856,0.2076269648452098,0.03054343973064911,-0.9447074897277044
2022-12-12,49,McDonalds,Northeast,0.8507512135409276,0.21716053265176977,0.027713269265470058,0.5703076004290429,-1.4167227552888253
2022-12-12,49,McDonalds,South,0.40784126490183287,-0.11011057316458848,0.28741291316892137,0.36290162650219815,-1.9288765457898727
2022-12-12,49,McDonalds,Midwest,0.6060558468895527,-0.030506905532706435,0.044879181552355416,0.27197951974525986,-0.7982427450570128
2022-12-12,49,McDonalds,West,0.3351558907371064,0.00309020604315495,0.2724710438053291,0.32062222572817095,-1.093428921375788
2022-12-12,49,McDonalds,Southwest,0.99,0.07662068523135789,0.09761475647586786,0.06848935279224204,-1.7021857116976975
2022-12-12,49,BurgerKing,Northeast,0.21053969816290338,0.06683882373680348,0.24450012132992213,0.1451965604342744,-1.2577573150678698
2022-12-12,49,BurgerKing,South,0.7192723535959962,0.05901658480320607,0.07960538031602005,0.48906939996118465,-0.8865346316994134
2022-12-12,49,BurgerKing,Midwest,0.23123924215578676,-0.03917169935798011,0.3165741719930878,0.5707999278834135,-0.8443823193970343
2022-12-12,49,BurgerKing,West,0.3834477084015391,0.04867837063915003,0.10053500308910315,0.1221118822977808,-1.250572382001857
2022-12-12,49,BurgerKing,Southwest,0.6279075227695563,0.0054903916705114405,0.018483657576278914,0.31990659288970436,-1.5421782048067114
2022-12-12,49,Wendys,Northeast,0.8730572296965592,0.015058202407189301,0.1328241465142246,0.2864796801727,-0.5393861269422597
2022-12-12,49,Wendys,South,0.15605852639392626,-0.0510661024541294,0.06877335669035799,0.4254476061773757,-1.0049560835652607
2022-12-12,49,Wendys,Midwest,0.5835594166026188,-0.02428417982969391,0.08722314572501384,0.211067729489257,-1.3876437209805519
2022-12-12,49,Wendys,West,0.5954735772956747,0.04690351857695416,0.04165760766371676,0.41158605271605975,-1.5793051636930213
2022-12-12,49,Wendys,Southwest,0.235783192733787,-0.023909330873523673,0.19598595047373857,0.4491558671991043,-0.9033455254946567
2022-12-12,49,TacoBell,Northeast,0.8175274687463925,0.07607313614373568,0.07730275216667797,0.26793124519078654,-1.6367248316093486
2022-12-12,49,TacoBell,South,0.29792317650730293,-0.0739389870060574,0.003979491119964669,0.41766802910529877,-1.7424350165394678
2022-12-12,49,TacoBell,Midwest,0.49193911758548914,-0.12956376695791547,0.11549220000432603,0.150108946801192,-1.2052491665568945
2022-12-12,49,TacoBell,West,0.44657128219064235,-0.041062176303884035,0.0446903396082485,0.47182917581289624,-1.5650189110337873
2022-12-12,49,TacoBell,Southwest,0.5957023831311246,0.05149466836949966,0.10354646560386732,0.08879666648103435,-1.0566422826145774
2022-12-12,49,Subway,Northeast,0.5004788996742231,-0.005631147731997798,0.22149824057158357,0.4678561070838936,-1.8230919876886498
2022-12-12,49,Subway,South,0.8958425307325107,0.11507739223849778,0.12968553551579612,0.4688915625596436,-1.0175883431490176
2022-12-12,49,Subway,Midwest,0.380088248213793,0.03234733405888198,0.21684813678008416,0.34844406917218707,-1.5750552080034468
2022-12-12,49,Subway,West,0.7551026672956881,0.09105946519324391,0.24228889639333023,0.264080582240048,-1.999635598348231
2022-12-12,49,Subway,Southwest,0.5555490680685186,0.07603896644025082,0.15684861764457372,0.1839016666596838,-1.8095959134887354
2022-12-12,49,KFC,Northeast,0.46813398692368474,0.058442817890998984,0.10307124891057669,0.41065611985185674,-0.5995769332473588
2022-12-12,49,KFC,South,0.6489535842361441,0.07141499488131878,0.08985526769638223,0.059614022899604026,-0.6989680413269632
2022-12-12,49,KFC,Midwest,0.45718914461401744,0.1210409686405511,0.06211878057985756,0.18162748643710216,-1.6495864519456447
2022-12-12,49,KFC,West,0.3402683388754217,-0.05755551736407977,0.06522890237178519,0.37457060797482544,-0.8324421431817632
2022-12-12,49,KFC,Southwest,0.4639103629969842,-0.023177417446212562,0.2062792732454961,0.19135202294227086,-1.0871426102390387
2022-12-12,49,Dominos,Northeast,0.14820722119987617,-0.00874520903025479,0.05859345042386398,0.21214506472215292,-0.5436429328251958
2022-12-12,49,Dominos,South,0.21857569061720444,-0.06851475508045962,0.16903420222022753,0.2939671196096951,-1.4395915106989112
2022-12-12,49,Dominos,Midwest,0.36618973984801395,-0.08816829360782914,0.10019145266430377,0.27749119186196053,-0.977809081224243
2022-12-12,49,Dominos,West,0.06633823688598593,0.05855976942820887,0.09196263428197264,0.08585787626857316,-1.9046964163641222
2022-12-12,49,Dominos,Southwest,0.09669697683330537,0.011828999844703777,0.013614314134967706,0.23368255004054264,-1.4056289797753911
2022-12-12,49,PizzaHut,Northeast,0.48966372394132573,0.14058933850169764,0.1344967708176812,0.33192020930403915,-0.5542735082177292
2022-12-12,49,PizzaHut,South,0.5602214941471026,0.05726109497906267,0.17165385327232988,0.4309775708003919,-1.1915286883248193
2022-12-12,49,PizzaHut,Midwest,0.9440075160603711,0.09478558146830908,0.05667293070097135,0.5405277045945869,-1.5681807449977332
2022-12-12,49,PizzaHut,West,0.39215333366525573,0.05129440604713601,0.14116557278651456,0.36248858833460823,-1.8195935553070897
2022-12-12,49,PizzaHut,Southwest,0.14198669396348837,0.029775861835800867,0.2076269648452098,0.03054343973064911,-0.9447074897277044
2022-12-19,50,McDonalds,Northeast,0.8437087712994995,0.22755165052597245,0.027713269265470058,0.5703076004290429,-1.4167227552888253
2022-12-19,50,McDonalds,South,0.38965006192084745,-0.11086821602994308,0.28741291316892137,0.36290162650219815,-1.9288765457898727
2022-12-19,50,McDonalds,Midwest,0.595327092946334,-0.02380209936029431,0.044879181552355416,0.27197951974525986,-0.7982427450570128
2022-12-19,50,McDonalds,West,0.30700375829107396,-0.007628366287246604,0.2724710438053291,0.32062222572817095,-1.093428921375788
2022-12-19,50,McDonalds,Southwest,0.9641207373716375,0.061083097571197245,0.09761475647586786,0.06848935279224204,-1.7021857116976975
2022-12-19,50,BurgerKing,Northeast,0.22836117582791687,0.07501772031705377,0.24450012132992213,0.1451965604342744,-1.2577573150678698
2022-12-19,50,BurgerKing,South,0.7326790299417346,0.06278068006418124,0.07960538031602005,0.48906939996118465,-0.8865346316994134
2022-12-19,50,BurgerKing,Midwest,0.23186130769697483,-0.048192214901555216,0.3165741719930878,0.5707999278834135,-0.8443823193970343
2022-12-19,50,BurgerKing,West,0.3843936586735553,0.03998173982640309,0.10053500308910315,0.1221118822977808,-1.250572382001857
2022-12-19,50,BurgerKing,Southwest,0.6488044516984672,0.016744739514659136,0.018483657576278914,0.31990659288970436,-1.5421782048067114
2022-12-19,50,Wendys,Northeast,0.8675963522536874,0.0031640834785160218,0.1328241465142246,0.2864796801727,-0.5393861269422597
2022-12-19,50,Wendys,South,0.17891849741228733,-0.03463937292156977,0.06877335669035799,0.4254476061773757,-1.0049560835652607
2022-12-19,50,Wendys,Midwest,0.5809864507419414,-0.033290387176172595,0.08722314572501384,0.211067729489257,-1.3876437209805519
2022-12-19,50,Wendys,West,0.60829073803756,0.05328743783303799,0.04165760766371676,0.41158605271605975,-1.5793051636930213
2022-12-19,50,Wendys,Southwest,0.2389302494620986,-0.02719551563101352,0.19598595047373857,0.4491558671991043,-0.9033455254946567
2022-12-19,50,TacoBell,Northeast,0.8334771360459876,0.0821050104545591,0.07730275216667797,0.26793124519078654,-1.6367248316093486
2022-12-19,50,TacoBell,South,0.30239982947493277,-0.07938012702719932,0.003979491119964669,0.41766802910529877,-1.7424350165394678
2022-12-19,50,TacoBell,Midwest,0.5002289815135379,-0.13119169601863842,0.11549220000432603,0.150108946801192,-1.2052491665568945
2022-12-19,50,TacoBell,West,0.4568982669333714,-0.04065298454992682,0.0446903396082485,0.47182917581289624,-1.5650189110337873
2022-12-19,50,TacoBell,Southwest,0.5955983015620816,0.041472793811684935,0.10354646560386732,0.08879666648103435,-1.0566422826145774
2022-12-19,50,Subway,Northeast,0.49471543996693546,0.0017770957222034587,0.22149824057158357,0.4678561070838936,-1.8230919876886498
2022-12-19,50,Subway,South,0.877538691906306,0.10994525657378193,0.12968553551579612,0.4688915625596436,-1.0175883431490176
2022-12-19,50,Subway,Midwest,0.3646305458989039,0.030061334905481796,0.21684813678008416,0.34844406917218707,-1.5750552080034468
2022-12-19,50,Subway,West,0.731987470388114,0.08111597144715879,0.24228889639333023,0.264080582240048,-1.999635598348231
2022-12-19,50,Subway,Southwest,0.5167540283190766,0.050415629852297715,0.15684861764457372,0.1839016666596838,-1.8095959134887354
2022-12-19,50,KFC,Northeast,0.45526233234031777,0.056532540264997294,0.10307124891057669,0.41065611985185674,-0.5995769332473588
2022-12-19,50,KFC,South,0.662118361494908,0.09554114909744793,0.08985526769638223,0.059614022899604026,-0.6989680413269632
2022-12-19,50,KFC,Midwest,0.45407381053563245,0.12888701151953133,0.06211878057985756,0.18162748643710216,-1.6495864519456447
2022-12-19,50,KFC,West,0.3291143581207125,-0.057748121161423714,0.06522890237178519,0.37457060797482544,-0.8324421431817632
2022-12-19,50,KFC,Southwest,0.45032007774753624,-0.02580632573829524,0.2062792732454961,0.19135202294227086,-1.0871426102390387
2022-12-19,50,Dominos,Northeast,0.15037700416240365,-0.008520550102134327,0.05859345042386398,0.21214506472215292,-0.5436429328251958
2022-12-19,50,Dominos,South,0.22599200580336357,-0.06304356392870752,0.16903420222022753,0.2939671196096951,-1.4395915106989112
2022-12-19,50,Dominos,Midwest,0.3563267357293325,-0.09997642176091759,0.10019145266430377,0.27749119186196053,-0.977809081224243
2022-12-19,50,Dominos,West,0.07942657786708168,0.0697029863748976,0.09196263428197264,0.08585787626857316,-1.9046964163641222
2022-12-19,50,Dominos,Southwest,0.10579591402212485,0.01898281299911622,0.013614314134967706,0.23368255004054264,-1.4056289797753911
2022-12-19,50,PizzaHut,Northeast,0.5136005058762005,0.14777119575877698,0.1344967708176812,0.33192020930403915,-0.5542735082177292
2022-12-19,50,PizzaHut,South,0.5813611762129953,0.06164585236715994,0.17165385327232988,0.4309775708003919,-1.1915286883248193
2022-12-19,50,PizzaHut,Midwest,0.9609586073151064,0.09498174804524898,0.05667293070097135,0.5405277045945869,-1.5681807449977332
2022-12-19,50,PizzaHut,West,0.4156368707027192,0.05802301840680421,0.14116557278651456,0.36248858833460823,-1.8195935553070897
2022-12-19,50,PizzaHut,Southwest,0.1646597599786975,0.035694003173214646,0.2076269648452098,0.03054343973064911,-0.9447074897277044
2022-12-26,51,McDonalds,Northeast,0.8227272386452658,0.22401124341656223,0.027713269265470058,0.5703076004290429,-1.4167227552888253
2022-12-26,51,McDonalds,South,0.36647291864705495,-0.11660423375891209,0.28741291316892137,0.36290162650219815,-1.9288765457898727
2022-12-26,51,McDonalds,Midwest,0.5789045303541305,-0.022783536407674443,0.044879181552355416,0.27197951974525986,-0.7982427450570128
2022-12-26,51,McDonalds,West,0.3050528342612024,0.007861835227705269,0.2724710438053291,0.32062222572817095,-1.093428921375788
2022-12-26,51,McDonalds,Southwest,0.934288541070275,0.048692026814658236,0.09761475647586786,0.06848935279224204,-1.7021857116976975
2022-12-26,51,BurgerKing,Northeast,0.2246096011718121,0.060342467659529365,0.24450012132992213,0.1451965604342744,-1.2577573150678698
2022-12-26,51,BurgerKing,South,0.7452503163555194,0.0644282884765464,0.07960538031602005,0.48906939996118465,-0.8865346316994134
2022-12-26,51,BurgerKing,Midwest,0.24329386271695463,-0.04768333788299504,0.3165741719930878,0.5707999278834135,-0.8443823193970343
2022-12-26,51,BurgerKing,West,0.397050753318679,0.04171515647010717,0.10053500308910315,0.1221118822977808,-1.250572382001857
2022-12-26,51,BurgerKing,Southwest,0.6621676616789719,0.01918427149374414,0.018483657576278914,0.31990659288970436,-1.5421782048067114
2022-12-26,51,Wendys,Northeast,0.8715493947406451,0.0009320609321679706,0.1328241465142246,0.2864796801727,-0.5393861269422597
2022-12-26,51,Wendys,South,0.2000021968316139,-0.019740738535548946,0.06877335669035799,0.4254476061773757,-1.0049560835652607
2022-12-26,51,Wendys,Midwest,0.571162475990482,-0.04929942696093775,0.08722314572501384,0.211067729489257,-1.3876437209805519
2022-12-26,51,Wendys,West,0.6061908328230632,0.04500246758523553,0.04165760766371676,0.41158605271605975,-1.5793051636930213
2022-12-26,51,Wendys,Southwest,0.2440827668939139,-0.028228063232503993,0.19598595047373857,0.4491558671991043,-0.9033455254946567
2022-12-26,51,TacoBell,Northeast,0.8252804895324786,0.06567312234301743,0.07730275216667797,0.26793124519078654,-1.6367248316093486
2022-12-26,51,TacoBell,South,0.30887652702864454,-0.08113867107152004,0.003979491119964669,0.41766802910529877,-1.7424350165394678
2022-12-26,51,TacoBell,Midwest,0.5250789247688507,-0.11457699436135824,0.11549220000432603,0.150108946801192,-1.2052491665568945
2022-12-26,51,TacoBell,West,0.4653423734143635,-0.040444119666967204,0.0446903396082485,0.47182917581289624,-1.5650189110337873
2022-12-26,51,TacoBell,Southwest,0.6061405522173009,0.04377980286887177,0.10354646560386732,0.08879666648103435,-1.0566422826145774
2022-12-26,51,Subway,Northeast,0.4678610237749673,-0.010824551929522343,0.22149824057158357,0.4678561070838936,-1.8230919876886498
2022-12-26,51,Subway,South,0.8571223092856689,0.10378164249338716,0.12968553551579612,0.4688915625596436,-1.0175883431490176
2022-12-26,51,Subway,Midwest,0.3466258135554222,0.026309371102242424,0.21684813678008416,0.34844406917218707,-1.5750552080034468
2022-12-26,51,Subway,West,0.7145575508803094,0.07793882047959645,0.24228889639333023,0.264080582240048,-1.999635598348231
2022-12-26,51,Subway,Southwest,0.5153176977288719,0.0632320678023354,0.15684861764457372,0.1839016666596838,-1.8095959134887354
2022-12-26,51,KFC,Northeast,0.45031595839314315,0.06210945087224854,0.10307124891057669,0.41065611985185674,-0.5995769332473588
2022-12-26,51,KFC,South,0.6404804973711118,0.08442656952807762,0.08985526769638223,0.059614022899604026,-0.6989680413269632
2022-12-26,51,KFC,Midwest,0.44601557376552653,0.13135205930385138,0.06211878057985756,0.18162748643710216,-1.6495864519456447
2022-12-26,51,KFC,West,0.3235732910512544,-0.052765903676455866,0.06522890237178519,0.37457060797482544,-0.8324421431817632
2022-12-26,51,KFC,Southwest,0.451198283578323,-0.014404835353082573,0.2062792732454961,0.19135202294227086,-1.0871426102390387
2022-12-26,51,Dominos,Northeast,0.16966786459560207,0.007284856763549407,0.05859345042386398,0.21214506472215292,-0.5436429328251958
2022-12-26,51,Dominos,South,0.21932651745259957,-0.07319450584698621,0.16903420222022753,0.2939671196096951,-1.4395915106989112
2022-12-26,51,Dominos,Midwest,0.35170361418474383,-0.10808499687302098,0.10019145266430377,0.27749119186196053,-0.977809081224243
2022-12-26,51,Dominos,West,0.07033625284545023,0.05712720778575143,0.09196263428197264,0.08585787626857316,-1.9046964163641222
2022-12-26,51,Dominos,Southwest,0.10694116899856973,0.016642614408046406,0.013614314134967706,0.23368255004054264,-1.4056289797753911
2022-12-26,51,PizzaHut,Northeast,0.5356112682519518,0.15243477950324033,0.1344967708176812,0.33192020930403915,-0.5542735082177292
2022-12-26,51,PizzaHut,South,0.6085817000101743,0.07151919753305096,0.17165385327232988,0.4309775708003919,-1.1915286883248193
2022-12-26,51,PizzaHut,Midwest,0.9775462757099691,0.09422223780882374,0.05667293070097135,0.5405277045945869,-1.5681807449977332
2022-12-26,51,PizzaHut,West,0.4297855741014588,0.05482454317425577,0.14116557278651456,0.36248858833460823,-1.8195935553070897
2022-12-26,51,PizzaHut,Southwest,0.18352451853247292,0.03721158309570205,0.2076269648452098,0.03054343973064911,-0.9447074897277044
2023-01-02,52,McDonalds,Northeast,0.7971800595388989,0.215659814400262,0.027713269265470058,0.5703076004290429,-1.4167227552888253
2023-01-02,52,McDonalds,South,0.3701725557739362,-0.09570884654196435,0.28741291316892137,0.36290162650219815,-1.9288765457898727
2023-01-02,52,McDonalds,Midwest,0.5456321699928832,-0.038860146678855026,0.044879181552355416,0.27197951974525986,-0.7982427450570128
2023-01-02,52,McDonalds,West,0.2897044899600931,0.009709241016662514,0.2724710438053291,0.32062222572817095,-1.093428921375788
2023-01-02,52,McDonalds,Southwest,0.9373288531725048,0.06892808900695463,0.09761475647586786,0.06848935279224204,-1.7021857116976975
2023-01-02,52,BurgerKing,Northeast,0.2367239532935472,0.060410466105129346,0.24450012132992213,0.1451965604342744,-1.2577573150678698
2023-01-02,52,BurgerKing,South,0.7553962796816396,0.06252789812653145,0.07960538031602005,0.48906939996118465,-0.8865346316994134
2023-01-02,52,BurgerKing,Midwest,0.2517657621649855,-0.05125779211109931,0.3165741719930878,0.5707999278834135,-0.8443823193970343
2023-01-02,52,BurgerKing,West,0.40729319017719,0.039911239652483096,0.10053500308910315,0.1221118822977808,-1.250572382001857
2023-01-02,52,BurgerKing,Southwest,0.6879425001018723,0.03291275624050944,0.018483657576278914,0.31990659288970436,-1.5421782048067114
2023-01-02,52,Wendys,Northeast,0.8552779649618133,-0.0211865581811271,0.1328241465142246,0.2864796801727,-0.5393861269422597
2023-01-02,52,Wendys,South,0.22118372317904045,-0.004406401522585691,0.06877335669035799,0.4254476061773757,-1.0049560835652607
2023-01-02,52,Wendys,Midwest,0.562770093800444,-0.0635389984854392,0.08722314572501384,0.211067729489257,-1.3876437209805519
2023-01-02,52,Wendys,West,0.6093714988651824,0.042335944292891385,0.04165760766371676,0.41158605271605975,-1.5793051636930213
2023-01-02,52,Wendys,Southwest,0.24563751202539053,-0.03252050743549061,0.19598595047373857,0.4491558671991043,-0.9033455254946567
2023-01-02,52,TacoBell,Northeast,0.8375992803925694,0.07155865504072463,0.07730275216667797,0.26793124519078654,-1.6367248316093486
2023-01-02,52,TacoBell,South,0.29932854167219064,-0.09711991459035751,0.003979491119964669,0.41766802910529877,-1.7424350165394678
2023-01-02,52,TacoBell,Midwest,0.5361339095920536,-0.1099552677005388,0.11549220000432603,0.150108946801192,-1.2052491665568945
2023-01-02,52,TacoBell,West,0.4920187278096156,-0.02020102343409868,0.0446903396082485,0.47182917581289624,-1.5650189110337873
2023-01-02,52,TacoBell,Southwest,0.5989420703337565,0.030148062822943668,0.10354646560386732,0.08879666648103435,-1.0566422826145774
2023-01-02,52,Subway,Northeast,0.45463095309293705,-0.008927490253418387,0.22149824057158357,0.4678561070838936,-1.8230919876886498
2023-01-02,52,Subway,South,0.8353753551495685,0.09716182071542107,0.12968553551579612,0.4688915625596436,-1.0175883431490176
2023-01-02,52,Subway,Midwest,0.33575755325921836,0.03056824316417278,0.21684813678008416,0.34844406917218707,-1.5750552080034468
2023-01-02,52,Subway,West,0.6996218962963326,0.07813029825375398,0.24228889639333023,0.264080582240048,-1.999635598348231
2023-01-02,52,Subway,Southwest,0.4937756962802946,0.0568171987118923,0.15684861764457372,0.1839016666596838,-1.8095959134887354
2023-01-02,52,KFC,Northeast,0.44526210360428803,0.06698817372095928,0.10307124891057669,0.41065611985185674,-0.5995769332473588
2023-01-02,52,KFC,South,0.6485914008314133,0.10247005062594505,0.08985526769638223,0.059614022899604026,-0.6989680413269632
2023-01-02,52,KFC,Midwest,0.43417395821068777,0.1294430213865784,0.06211878057985756,0.18162748643710216,-1.6495864519456447
2023-01-02,52,KFC,West,0.3208382928351704,-0.04556832425497405,0.06522890237178519,0.37457060797482544,-0.8324421431817632
2023-01-02,52,KFC,Southwest,0.4283329763620455,-0.027337564931794213,0.2062792732454961,0.19135202294227086,-1.0871426102390387
2023-01-02,52,Dominos,Northeast,0.1650787359456869,-0.0022795070046306813,0.05859345042386398,0.21214506472215292,-0.5436429328251958
2023-01-02,52,Dominos,South,0.22902581534966826,-0.06847044306818244,0.16903420222022753,0.2939671196096951,-1.4395915106989112
2023-01-02,52,Dominos,Midwest,0.3715200095883684,-0.09324383658766133,0.10019145266430377,0.27749119186196053,-0.977809081224243
2023-01-02,52,Dominos,West,0.07886762145157172,0.06068334127360803,0.09196263428197264,0.08585787626857316,-1.9046964163641222
2023-01-02,52,Dominos,Southwest,0.10878582381160312,0.013512034102814862,0.013614314134967706,0.23368255004054264,-1.4056289797753911
2023-01-02,52,PizzaHut,Northeast,0.5532920364773051,0.15242769355747388,0.1344967708176812,0.33192020930403915,-0.5542735082177292
2023-01-02,52,PizzaHut,South,0.6137654768415968,0.05901512019335378,0.17165385327232988,0.4309775708003919,-1.1915286883248193
2023-01-02,52,PizzaHut,Midwest,0.99,0.10026739107237741,0.05667293070097135,0.5405277045945869,-1.5681807449977332
2023-01-02,52,PizzaHut,West,0.45629675889581256,0.06364787379748986,0.14116557278651456,0.36248858833460823,-1.8195935553070897
2023-01-02,52,PizzaHut,Southwest,0.19669146937526175,0.03269067976737124,0.2076269648452098,0.03054343973064911,-0.9447074897277044
2023-01-09,53,McDonalds,Northeast,0.7757786457388951,0.210959392922667,0.027713269265470058,0.5703076004290429,-1.4167227552888253
2023-01-09,53,McDonalds,South,0.35613034574804775,-0.09305006424544386,0.28741291316892137,0.36290162650219815,-1.9288765457898727
2023-01-09,53,McDonalds,Midwest,0.5245639803100685,-0.043227344039260984,0.044879181552355416,0.27197951974525986,-0.7982427450570128
2023-01-09,53,McDonalds,West,0.272342171491426,0.00904791487040429,0.2724710438053291,0.32062222572817095,-1.093428921375788
2023-01-09,53,McDonalds,Southwest,0.9416250787417612,0.08992530689861979,0.09761475647586786,0.06848935279224204,-1.7021857116976975
2023-01-09,53,BurgerKing,Northeast,0.247248022729182,0.05794020909766938,0.24450012132992213,0.1451965604342744,-1.2577573150678698
2023-01-09,53,BurgerKing,South,0.764807204604522,0.05894449660631923,0.07960538031602005,0.48906939996118465,-0.8865346316994134
2023-01-09,53,BurgerKing,Midwest,0.25828467055172866,-0.0577332101674509,0.3165741719930878,0.5707999278834135,-0.8443823193970343
2023-01-09,53,BurgerKing,West,0.4277294363352842,0.04735315936748247,0.10053500308910315,0.1221118822977808,-1.250572382001857
2023-01-09,53,BurgerKing,Southwest,0.6991245848127859,0.03110051450832841,0.018483657576278914,0.31990659288970436,-1.5421782048067114
2023-01-09,53,Wendys,Northeast,0.8542087490288072,-0.027680288564341363,0.1328241465142246,0.2864796801727,-0.5393861269422597
2023-01-09,53,Wendys,South,0.23982127795197866,0.00880663880014443,0.06877335669035799,0.4254476061773757,-1.0049560835652607
2023-01-09,53,Wendys,Midwest,0.5823906382957884,-0.04934296844030283,0.08722314572501384,0.211067729489257,-1.3876437209805519
2023-01-09,53,Wendys,West,0.6087917776580035,0.036331708635504334,0.04165760766371676,0.41158605271605975,-1.5793051636930213
2023-01-09,53,Wendys,Southwest,0.23239662696199248,-0.05118590694909678,0.19598595047373857,0.4491558671991043,-0.9033455254946567
2023-01-09,53,TacoBell,Northeast,0.8522123933368001,0.08163379193909386,0.07730275216667797,0.26793124519078654,-1.6367248316093486
2023-01-09,53,TacoBell,South,0.2970202194604523,-0.10396621284795755,0.003979491119964669,0.41766802910529877,-1.7424350165394678
2023-01-09,53,TacoBell,Midwest,0.548578141629543,-0.10204901170891112,0.11549220000432603,0.150108946801192,-1.2052491665568945
2023-01-09,53,TacoBell,West,0.4768556656783589,-0.03990206161121704,0.0446903396082485,0.47182917581289624,-1.5650189110337873
2023-01-09,53,TacoBell,Southwest,0.6124060197626111,0.03907403620593676,0.10354646560386732,0.08879666648103435,-1.0566422826145774
2023-01-09,53,Subway,Northeast,0.4267371196943978,-0.0210392095462262,0.22149824057158357,0.4678561070838936,-1.8230919876886498
2023-01-09,53,Subway,South,0.8269008822345023,0.10446946190608632,0.12968553551579612,0.4688915625596436,-1.0175883431490176
2023-01-09,53,Subway,Midwest,0.32011816983185126,0.030710973842537122,0.21684813678008416,0.34844406917218707,-1.5750552080034468
2023-01-09,53,Subway,West,0.6743003879966347,0.06859090405978753,0.24228889639333023,0.264080582240048,-1.999635598348231
2023-01-09,53,Subway,Southwest,0.4739232190452954,0.052746835582624496,0.15684861764457372,0.1839016666596838,-1.8095959134887354
2023-01-09,53,KFC,Northeast,0.44292746520746934,0.07385135829052629,0.10307124891057669,0.41065611985185674,-0.5995769332473588
2023-01-09,53,KFC,South,0.6404525223961799,0.10352899515709739,0.08985526769638223,0.059614022899604026,-0.6989680413269632
2023-01-09,53,KFC,Midwest,0.4308202650490269,0.13528715119130325,0.06211878057985756,0.18162748643710216,-1.6495864519456447
2023-01-09,53,KFC,West,0.3314048757139395,-0.025803918409819195,0.06522890237178519,0.37457060797482544,-0.8324421431817632
2023-01-09,53,KFC,Southwest,0.4034927372785493,-0.04297998104890473,0.2062792732454961,0.19135202294227086,-1.0871426102390387
2023-01-09,53,Dominos,Northeast,0.18764372474302726,0.013892618745055558,0.05859345042386398,0.21214506472215292,-0.5436429328251958
2023-01-09,53,Dominos,South,0.23646223777255454,-0.06742688369295032,0.16903420222022753,0.2939671196096951,-1.4395915106989112
2023-01-09,53,Dominos,Midwest,0.3689250321527912,-0.10223167707089262,0.10019145266430377,0.27749119186196053,-0.977809081224243
2023-01-09,53,Dominos,West,0.07195734824183599,0.04738020501621813,0.09196263428197264,0.08585787626857316,-1.9046964163641222
2023-01-09,53,Dominos,Southwest,0.11328748295148693,0.011620830195044526,0.013614314134967706,0.23368255004054264,-1.4056289797753911
2023-01-09,53,PizzaHut,Northeast,0.5802805482280572,0.16164419467671848,0.1344967708176812,0.33192020930403915,-0.5542735082177292
2023-01-09,53,PizzaHut,South,0.630261996269329,0.05773962898957844,0.17165385327232988,0.4309775708003919,-1.1915286883248193
2023-01-09,53,PizzaHut,Midwest,0.99,0.11537894037485089,0.05667293070097135,0.5405277045945869,-1.5681807449977332
2023-01-09,53,PizzaHut,West,0.45955701262680454,0.049136116896974266,0.14116557278651456,0.36248858833460823,-1.8195935553070897
2023-01-09,53,PizzaHut,Southwest,0.2143425905283088,0.032569790288910695,0.2076269648452098,0.03054343973064911,-0.9447074897277044
2023-01-16,54,McDonalds,Northeast,0.7472906838011347,0.1984354584785358,0.027713269265470058,0.5703076004290429,-1.4167227552888253
2023-01-16,54,McDonalds,South,0.3438026370806682,-0.08941374541919418,0.28741291316892137,0.36290162650219815,-1.9288765457898727
2023-01-16,54,McDonalds,Midwest,0.5174688267174122,-0.03435847013828798,0.044879181552355416,0.27197951974525986,-0.7982427450570128
2023-01-16,54,McDonalds,West,0.2521705260609862,0.004840296933593756,0.2724710438053291,0.32062222572817095,-1.093428921375788
2023-01-16,54,McDonalds,Southwest,0.8996189126818606,0.06388316833234844,0.09761475647586786,0.06848935279224204,-1.7021857116976975
2023-01-16,54,BurgerKing,Northeast,0.26299135247217437,0.059929690565634325,0.24450012132992213,0.1451965604342744,-1.2577573150678698
2023-01-16,54,BurgerKing,South,0.7829284383968846,0.06331188212365432,0.07960538031602005,0.48906939996118465,-0.8865346316994134
2023-01-16,54,BurgerKing,Midwest,0.27608146637637304,-0.053690262617833925,0.3165741719930878,0.5707999278834135,-0.8443823193970343
2023-01-16,54,BurgerKing,West,0.45384110652853316,0.05971098128570401,0.10053500308910315,0.1221118822977808,-1.250572382001857
2023-01-16,54,BurgerKing,Southwest,0.7021678962913229,0.02038997771183792,0.018483657576278914,0.31990659288970436,-1.5421782048067114
2023-01-16,54,Wendys,Northeast,0.8659340803296436,-0.02087812750983687,0.1328241465142246,0.2864796801727,-0.5393861269422597
2023-01-16,54,Wendys,South,0.2566695233230904,0.020731713924924178,0.06877335669035799,0.4254476061773757,-1.0049560835652607
2023-01-16,54,Wendys,Midwest,0.5695279327020552,-0.067128844280368,0.08722314572501384,0.211067729489257,-1.3876437209805519
2023-01-16,54,Wendys,West,0.6169114661635252,0.0395282268946941,0.04165760766371676,0.41158605271605975,-1.5793051636930213
2023-01-16,54,Wendys,Southwest,0.23227799889824777,-0.05622770525917349,0.19598595047373857,0.4491558671991043,-0.9033455254946567
2023-01-16,54,TacoBell,Northeast,0.8539740482875461,0.0808185652080774,0.07730275216667797,0.26793124519078654,-1.6367248316093486
2023-01-16,54,TacoBell,South,0.303073865977598,-0.10048944801257419,0.003979491119964669,0.41766802910529877,-1.7424350165394678
2023-01-16,54,TacoBell,Midwest,0.5462827376701699,-0.10692129735004664,0.11549220000432603,0.150108946801192,-1.2052491665568945
2023-01-16,54,TacoBell,West,0.47267546656850523,-0.046659142402833156,0.0446903396082485,0.47182917581289624,-1.5650189110337873
2023-01-16,54,TacoBell,Southwest,0.6153244256192538,0.039415560380817005,0.10354646560386732,0.08879666648103435,-1.0566422826145774
2023-01-16,54,Subway,Northeast,0.3996564454316097,-0.031911668934854226,0.22149824057158357,0.4678561070838936,-1.8230919876886498
2023-01-16,54,Subway,South,0.7998344160714904,0.09361121061723446,0.12968553551579612,0.4688915625596436,-1.0175883431490176
2023-01-16,54,Subway,Midwest,0.3107036877872562,0.03750470667210216,0.21684813678008416,0.34844406917218707,-1.5750552080034468
2023-01-16,54,Subway,West,0.6466042327708882,0.05710296370820097,0.24228889639333023,0.264080582240048,-1.999635598348231
2023-01-16,54,Subway,Southwest,0.46437812918022736,0.05940996059171662,0.15684861764457372,0.1839016666596838,-1.8095959134887354
2023-01-16,54,KFC,Northeast,0.43922370177503095,0.07847727121906581,0.10307124891057669,0.41065611985185674,-0.5995769332473588
2023-01-16,54,KFC,South,0.6148647787472962,0.08627092786919142,0.08985526769638223,0.059614022899604026,-0.6989680413269632
2023-01-16,54,KFC,Midwest,0.4157149421646924,0.1285115046679467,0.06211878057985756,0.18162748643710216,-1.6495864519456447
2023-01-16,54,KFC,West,0.3350162933834353,-0.01386282437934547,0.06522890237178519,0.37457060797482544,-0.8324421431817632
2023-01-16,54,KFC,Southwest,0.38535140560617454,-0.05279163636030154,0.2062792732454961,0.19135202294227086,-1.0871426102390387
2023-01-16,54,Dominos,Northeast,0.1907174602484804,0.009248576121961682,0.05859345042386398,0.21214506472215292,-0.5436429328251958
2023-01-16,54,Dominos,South,0.24880062483362048,-0.06280627476043135,0.16903420222022753,0.2939671196096951,-1.4395915106989112
2023-01-16,54,Dominos,Midwest,0.3844767153741642,-0.09439777197806666,0.10019145266430377,0.27749119186196053,-0.977809081224243
2023-01-16,54,Dominos,West,0.07715973750993803,0.044864816155773174,0.09196263428197264,0.08585787626857316,-1.9046964163641222
2023-01-16,54,Dominos,Southwest,0.1150301591331175,0.00564572824812811,0.013614314134967706,0.23368255004054264,-1.4056289797753911
2023-01-16,54,PizzaHut,Northeast,0.612102674373792,0.17586789329370356,0.1344967708176812,0.33192020930403915,-0.5542735082177292
2023-01-16,54,PizzaHut,South,0.6652494204360545,0.07512862562755424,0.17165385327232988,0.4309775708003919,-1.1915286883248193
2023-01-16,54,PizzaHut,Midwest,0.99,0.12516752088266883,0.05667293070097135,0.5405277045945869,-1.5681807449977332
2023-01-16,54,PizzaHut,West,0.4780086215812044,0.049989298322624505,0.14116557278651456,0.36248858833460823,-1.8195935553070897
2023-01-16,54,PizzaHut,Southwest,0.22385836084064917,0.02448713307250143,0.2076269648452098,0.03054343973064911,-0.9447074897277044
2023-01-23,55,McDonalds,Northeast,0.7239906962588165,0.19013101441297015,0.027713269265470058,0.5703076004290429,-1.4167227552888253
2023-01-23,55,McDonalds,South,0.3340322346565732,-0.0841886043665366,0.28741291316892137,0.36290162650219815,-1.9288765457898727
2023-01-23,55,McDonalds,Midwest,0.5066572654495465,-0.030174487929401143,0.044879181552355416,0.27197951974525986,-0.7982427450570128
2023-01-23,55,McDonalds,West,0.251190968513698,0.01885628286305805,0.2724710438053291,0.32062222572817095,-1.093428921375788
2023-01-23,55,McDonalds,Southwest,0.8911278701304695,0.07038766925770984,0.09761475647586786,0.06848935279224204,-1.7021857116976975
2023-01-23,55,BurgerKing,Northeast,0.26227445361930324,0.04489888754803614,0.24450012132992213,0.1451965604342744,-1.2577573150678698
2023-01-23,55,BurgerKing,South,0.8077618187388409,0.07383135830088351,0.07960538031602005,0.48906939996118465,-0.8865346316994134
2023-01-23,55,BurgerKing,Midwest,0.280414764267956,-0.06367086889097806,0.3165741719930878,0.5707999278834135,-0.8443823193970343
2023-01-23,55,BurgerKing,West,0.46431529797373666,0.05587126856618049,0.10053500308910315,0.1221118822977808,-1.250572382001857
2023-01-23,55,BurgerKing,Southwest,0.718983802518567,0.022891979774354865,0.018483657576278914,0.31990659288970436,-1.5421782048067114
2023-01-23,55,Wendys,Northeast,0.8902411827222512,-0.0009214526119972269,0.1328241465142246,0.2864796801727,-0.5393861269422597
2023-01-23,55,Wendys,South,0.29211913637791204,0.05183089948497779,0.06877335669035799,0.4254476061773757,-1.0049560835652607
2023-01-23,55,Wendys,Midwest,0.579945590788185,-0.06106161368900617,0.08722314572501384,0.211067729489257,-1.3876437209805519
2023-01-23,55,Wendys,West,0.6194299274710893,0.03769626070749022,0.04165760766371676,0.41158605271605975,-1.5793051636930213
2023-01-23,55,Wendys,Southwest,0.24197348287782128,-0.05088264877436799,0.19598595047373857,0.4491558671991043,-0.9033455254946567
2023-01-23,55,TacoBell,Northeast,0.8634290184954116,0.08969511946681576,0.07730275216667797,0.26793124519078654,-1.6367248316093486
2023-01-23,55,TacoBell,South,0.30044560567115325,-0.1036961242681461,0.003979491119964669,0.41766802910529877,-1.7424350165394678
2023-01-23,55,TacoBell,Midwest,0.5648132671784203,-0.08896918379092342,0.11549220000432603,0.150108946801192,-1.2052491665568945
2023-01-23,55,TacoBell,West,0.47555459010954637,-0.04435843481091913,0.0446903396082485,0.47182917581289624,-1.5650189110337873
2023-01-23,55,TacoBell,Southwest,0.6208802724592949,0.04439299127173095,0.10354646560386732,0.08879666648103435,-1.0566422826145774
2023-01-23,55,Subway,Northeast,0.38991643283859967,-0.025252426414309612,0.22149824057158357,0.4678561070838936,-1.8230919876886498
2023-01-23,55,Subway,South,0.7876510270640804,0.09782707672337901,0.12968553551579612,0.4688915625596436,-1.0175883431490176
2023-01-23,55,Subway,Midwest,0.30269383767839775,0.045894111676798285,0.21684813678008416,0.34844406917218707,-1.5750552080034468
2023-01-23,55,Subway,West,0.6240324457918643,0.05093043184273174,0.24228889639333023,0.264080582240048,-1.999635598348231
2023-01-23,55,Subway,Southwest,0.4423958565272125,0.05382694305225631,0.15684861764457372,0.1839016666596838,-1.8095959134887354
2023-01-23,55,KFC,Northeast,0.4208814312800052,0.06747572888934886,0.10307124891057669,0.41065611985185674,-0.5995769332473588
2023-01-23,55,KFC,South,0.6119190628881895,0.09066594017539369,0.08985526769638223,0.059614022899604026,-0.6989680413269632
2023-01-23,55,KFC,Midwest,0.41616357903450474,0.13630086970306785,0.06211878057985756,0.18162748643710216,-1.6495864519456447
2023-01-23,55,KFC,West,0.3322532938796454,-0.00928509571782661,0.06522890237178519,0.37457060797482544,-0.8324421431817632
2023-01-23,55,KFC,Southwest,0.3947556017743411,-0.03604671202682617,0.2062792732454961,0.19135202294227086,-1.0871426102390387
2023-01-23,55,Dominos,Northeast,0.1995922657671903,0.009192615933671216,0.05859345042386398,0.21214506472215292,-0.5436429328251958
2023-01-23,55,Dominos,South,0.26441880709654597,-0.056118858204506225,0.16903420222022753,0.2939671196096951,-1.4395915106989112
2023-01-23,55,Dominos,Midwest,0.3824904723197714,-0.10531478073945981,0.10019145266430377,0.27749119186196053,-0.977809081224243
2023-01-23,55,Dominos,West,0.08221950619219438,0.04099381913102916,0.09196263428197264,0.08585787626857316,-1.9046964163641222
2023-01-23,55,Dominos,Southwest,0.13091630241577562,0.012601105823785885,0.013614314134967706,0.23368255004054264,-1.4056289797753911
2023-01-23,55,PizzaHut,Northeast,0.6377633177425781,0.184358914401135,0.1344967708176812,0.33192020930403915,-0.5542735082177292
2023-01-23,55,PizzaHut,South,0.6794793732207673,0.0721889561509124,0.17165385327232988,0.4309775708003919,-1.1915286883248193
2023-01-23,55,PizzaHut,Midwest,0.99,0.12445152836408817,0.05667293070097135,0.5405277045945869,-1.5681807449977332
2023-01-23,55,PizzaHut,West,0.4799995063757511,0.03481056085581641,0.14116557278651456,0.36248858833460823,-1.8195935553070897
2023-01-23,55,PizzaHut,Southwest,0.23745769109393788,0.020916841064435338,0.2076269648452098,0.03054343973064911,-0.9447074897277044
2023-01-30,56,McDonalds,Northeast,0.7190849421294325,0.199034846048168,0.027713269265470058,0.5703076004290429,-1.4167227552888253
2023-01-30,56,McDonalds,South,0.3259746990530571,-0.07843655420547094,0.28741291316892137,0.36290162650219815,-1.9288765457898727
2023-01-30,56,McDonalds,Midwest,0.4978543368987768,-0.025167830715589045,0.044879181552355416,0.27197951974525986,-0.7982427450570128
2023-01-30,56,McDonalds,West,0.23787911962092576,0.019354019734867653,0.2724710438053291,0.32062222572817095,-1.093428921375788
2023-01-30,56,McDonalds,Southwest,0.8773889159521694,0.0704583008439916,0.09761475647586786,0.06848935279224204,-1.7021857116976975
2023-01-30,56,BurgerKing,Northeast,0.27033761409537216,0.03829567615330167,0.24450012132992213,0.1451965604342744,-1.2577573150678698
2023-01-30,56,BurgerKing,South,0.8294164748116696,0.08081964250290886,0.07960538031602005,0.48906939996118465,-0.8865346316994134
2023-01-30,56,BurgerKing,Midwest,0.2992908655826533,-0.059461139447084164,0.3165741719930878,0.5707999278834135,-0.8443823193970343
2023-01-30,56,BurgerKing,West,0.4839018583244681,0.060791457046108485,0.10053500308910315,0.1221118822977808,-1.250572382001857
2023-01-30,56,BurgerKing,Southwest,0.7283898259626945,0.01763163134767906,0.018483657576278914,0.31990659288970436,-1.5421782048067114
2023-01-30,56,Wendys,Northeast,0.8724223459523588,-0.022454881810709672,0.1328241465142246,0.2864796801727,-0.5393861269422597
2023-01-30,56,Wendys,South,0.30680525592426894,0.06280242660251474,0.06877335669035799,0.4254476061773757,-1.0049560835652607
2023-01-30,56,Wendys,Midwest,0.5788718086569209,-0.06584998824909022,0.08722314572501384,0.211067729489257,-1.3876437209805519
2023-01-30,56,Wendys,West,0.614516762259478,0.029068503067059014,0.04165760766371676,0.41158605271605975,-1.5793051636930213
2023-01-30,56,Wendys,Southwest,0.2526228644257812,-0.04394785965522805,0.19598595047373857,0.4491558671991043,-0.9033455254946567
2023-01-30,56,TacoBell,Northeast,0.8580804538035482,0.08577499306762446,0.07730275216667797,0.26793124519078654,-1.6367248316093486
2023-01-30,56,TacoBell,South,0.30961653121894733,-0.09309676042767989,0.003979491119964669,0.41766802910529877,-1.7424350165394678
2023-01-30,56,TacoBell,Midwest,0.5695548883815151,-0.08279912429515644,0.11549220000432603,0.150108946801192,-1.2052491665568945
2023-01-30,56,TacoBell,West,0.480961845048879,-0.03752274157891436,0.0446903396082485,0.47182917581289624,-1.5650189110337873
2023-01-30,56,TacoBell,Southwest,0.6057922770546174,0.030733434159725605,0.10354646560386732,0.08879666648103435,-1.0566422826145774
2023-01-30,56,Subway,Northeast,0.3856834084401442,-0.013132986560445608,0.22149824057158357,0.4678561070838936,-1.8230919876886498
2023-01-30,56,Subway,South,0.7739110681240995,0.10043958203571757,0.12968553551579612,0.4688915625596436,-1.0175883431490176
2023-01-30,56,Subway,Midwest,0.2826486020336162,0.04220134028433625,0.21684813678008416,0.34844406917218707,-1.5750552080034468
2023-01-30,56,Subway,West,0.6091138662129674,0.052364316516154245,0.24228889639333023,0.264080582240048,-1.999635598348231
2023-01-30,56,Subway,Southwest,0.4082810399459098,0.036064590723273116,0.15684861764457372,0.1839016666596838,-1.8095959134887354
2023-01-30,56,KFC,Northeast,0.4187226387397501,0.07156225700415557,0.10307124891057669,0.41065611985185674,-0.5995769332473588
2023-01-30,56,KFC,South,0.595380027151307,0.08037222509357297,0.08985526769638223,0.059614022899604026,-0.6989680413269632
2023-01-30,56,KFC,Midwest,0.3963915555210076,0.12277416684463249,0.06211878057985756,0.18162748643710216,-1.6495864519456447
2023-01-30,56,KFC,West,0.31078438136240466,-0.024508687580005524,0.06522890237178519,0.37457060797482544,-0.8324421431817632
2023-01-30,56,KFC,Southwest,0.39963716486917855,-0.024919828276926917,0.2062792732454961,0.19135202294227086,-1.0871426102390387
2023-01-30,56,Dominos,Northeast,0.20331386619410358,0.0028999819967433288,0.05859345042386398,0.21214506472215292,-0.5436429328251958
2023-01-30,56,Dominos,South,0.2897703185595521,-0.04078158110534123,0.16903420222022753,0.2939671196096951,-1.4395915106989112
2023-01-30,56,Dominos,Midwest,0.3871466920530896,-0.11067279536998278,0.10019145266430377,0.27749119186196053,-0.977809081224243
2023-01-30,56,Dominos,West,0.07516016098010601,0.02392023955509969,0.09196263428197264,0.08585787626857316,-1.9046964163641222
2023-01-30,56,Dominos,Southwest,0.12976529238013018,0.0014358614242992937,0.013614314134967706,0.23368255004054264,-1.4056289797753911
2023-01-30,56,PizzaHut,Northeast,0.666613247543982,0.19671703060120438,0.1344967708176812,0.33192020930403915,-0.5542735082177292
2023-01-30,56,PizzaHut,South,0.6944122050427352,0.07062997437154574,0.17165385327232988,0.4309775708003919,-1.1915286883248193
2023-01-30,56,PizzaHut,Midwest,0.99,0.11896865539918217,0.05667293070097135,0.5405277045945869,-1.5681807449977332
2023-01-30,56,PizzaHut,West,0.4980915022356134,0.036410743114344286,0.14116557278651456,0.36248858833460823,-1.8195935553070897
2023-01-30,56,PizzaHut,Southwest,0.25896733205694766,0.025934668426110787,0.2076269648452098,0.03054343973064911,-0.9447074897277044
2023-02-06,57,McDonalds,Northeast,0.7178355765142912,0.2102088342071926,0.027713269265470058,0.5703076004290429,-1.4167227552888253
2023-02-06,57,McDonalds,South,0.3280363375778204,-0.06395156190654168,0.28741291316892137,0.36290162650219815,-1.9288765457898727
2023-02-06,57,McDonalds,Midwest,0.48183329666672003,-0.0287655171734799,0.044879181552355416,0.27197951974525986,-0.7982427450570128
2023-02-06,57,McDonalds,West,0.21219528898593942,0.006093542874047267,0.2724710438053291,0.32062222572817095,-1.093428921375788
2023-02-06,57,McDonalds,Southwest,0.8608309105667706,0.06632364923275884,0.09761475647586786,0.06848935279224204,-1.7021857116976975
2023-02-06,57,BurgerKing,Northeast,0.2877465588721343,0.040898481219130534,0.24450012132992213,0.1451965604342744,-1.2577573150678698
2023-02-06,57,BurgerKing,South,0.8345850252604967,0.07118205324080276,0.07960538031602005,0.48906939996118465,-0.8865346316994134
2023-02-06,57,BurgerKing,Midwest,0.3045254961446361,-0.0690326485960346,0.3165741719930878,0.5707999278834135,-0.8443823193970343
2023-02-06,57,BurgerKing,West,0.5021458768509002,0.06422933586160734,0.10053500308910315,0.1221118822977808,-1.250572382001857
2023-02-06,57,BurgerKing,Southwest,0.7427094421579232,0.017145107831974548,0.018483657576278914,0.31990659288970436,-1.5421782048067114
2023-02-06,57,Wendys,Northeast,0.8757752021880311,-0.02212691185659381,0.1328241465142246,0.2864796801727,-0.5393861269422597
2023-02-06,57,Wendys,South,0.3022451888588246,0.055217473255514044,0.06877335669035799,0.4254476061773757,-1.0049560835652607
2023-02-06,57,Wendys,Midwest,0.5795926877964197,-0.06815399539114789,0.08722314572501384,0.211067729489257,-1.3876437209805519
2023-02-06,57,Wendys,West,0.6082993170983514,0.01982617162437597,0.04165760766371676,0.41158605271605975,-1.5793051636930213
2023-02-06,57,Wendys,Southwest,0.2645497348185854,-0.035045875543980184,0.19598595047373857,0.4491558671991043,-0.9033455254946567
2023-02-06,57,TacoBell,Northeast,0.8650183706213387,0.09612748641486198,0.07730275216667797,0.26793124519078654,-1.6367248316093486
2023-02-06,57,TacoBell,South,0.2877400760671193,-0.11155863905006083,0.003979491119964669,0.41766802910529877,-1.7424350165394678
2023-02-06,57,TacoBell,Midwest,0.556845203250144,-0.09209423289708055,0.11549220000432603,0.150108946801192,-1.2052491665568945
2023-02-06,57,TacoBell,West,0.4625819759685311,-0.05248803412981515,0.0446903396082485,0.47182917581289624,-1.5650189110337873
2023-02-06,57,TacoBell,Southwest,0.5958774611811013,0.02423319481565662,0.10354646560386732,0.08879666648103435,-1.0566422826145774
2023-02-06,57,Subway,Northeast,0.3687805078647429,-0.013967366258349215,0.22149824057158357,0.4678561070838936,-1.8230919876886498
2023-02-06,57,Subway,South,0.7433460950496165,0.08594312983873227,0.12968553551579612,0.4688915625596436,-1.0175883431490176
2023-02-06,57,Subway,Midwest,0.2573614830248654,0.032982742153083125,0.21684813678008416,0.34844406917218707,-1.5750552080034468
2023-02-06,57,Subway,West,0.5830057716146546,0.042324742795339265,0.24228889639333023,0.264080582240048,-1.999635598348231
2023-02-06,57,Subway,Southwest,0.3942851923624016,0.03813726401726256,0.15684861764457372,0.1839016666596838,-1.8095959134887354
2023-02-06,57,KFC,Northeast,0.4143567420721182,0.07225570037451808,0.10307124891057669,0.41065611985185674,-0.5995769332473588
2023-02-06,57,KFC,South,0.5831033115799402,0.07315484956020044,0.08985526769638223,0.059614022899604026,-0.6989680413269632
2023-02-06,57,KFC,Midwest,0.3931004242044072,0.12454237556602647,0.06211878057985756,0.18162748643710216,-1.6495864519456447
2023-02-06,57,KFC,West,0.30025824047853766,-0.029975488425878178,0.06522890237178519,0.37457060797482544,-0.8324421431817632
2023-02-06,57,KFC,Southwest,0.3918612737279237,-0.02763637938018745,0.2062792732454961,0.19135202294227086,-1.0871426102390387
2023-02-06,57,Dominos,Northeast,0.23100085813227983,0.0196345028997287,0.05859345042386398,0.21214506472215292,-0.5436429328251958
2023-02-06,57,Dominos,South,0.3141274001126465,-0.02737697058743775,0.16903420222022753,0.2939671196096951,-1.4395915106989112
2023-02-06,57,Dominos,Midwest,0.38510335071900453,-0.12366860773925877,0.10019145266430377,0.27749119186196053,-0.977809081224243
2023-02-06,57,Dominos,West,0.0944099561940887,0.03221756373389144,0.09196263428197264,0.08585787626857316,-1.9046964163641222
2023-02-06,57,Dominos,Southwest,0.14883172896023703,0.009549826969215214,0.013614314134967706,0.23368255004054264,-1.4056289797753911
2023-02-06,57,PizzaHut,Northeast,0.6707054461625727,0.1852343977136782,0.1344967708176812,0.33192020930403915,-0.5542735082177292
2023-02-06,57,PizzaHut,South,0.7181748129864007,0.07881775080909434,0.17165385327232988,0.4309775708003919,-1.1915286883248193
2023-02-06,57,PizzaHut,Midwest,0.99,0.1343479745833077,0.05667293070097135,0.5405277045945869,-1.5681807449977332
2023-02-06,57,PizzaHut,West,0.5024408856792861,0.025185295051900147,0.14116557278651456,0.36248858833460823,-1.8195935553070897
2023-02-06,57,PizzaHut,Southwest,0.265367135352922,0.016759640215968152,0.2076269648452098,0.03054343973064911,-0.9447074897277044
2023-02-13,58,McDonalds,Northeast,0.7171552397714205,0.22038544887562764,0.027713269265470058,0.5703076004290429,-1.4167227552888253
2023-02-13,58,McDonalds,South,0.31989433927477123,-0.0612366087982852,0.28741291316892137,0.36290162650219815,-1.9288765457898727
2023-02-13,58,McDonalds,Midwest,0.4764911080078095,-0.02325075442108467,0.044879181552355416,0.27197951974525986,-0.7982427450570128
2023-02-13,58,McDonalds,West,0.2047442297386387,0.009499435038052235,0.2724710438053291,0.32062222572817095,-1.093428921375788
2023-02-13,58,McDonalds,Southwest,0.8538809183647464,0.07023060844204028,0.09761475647586786,0.06848935279224204,-1.7021857116976975
2023-02-13,58,BurgerKing,Northeast,0.2892130182833398,0.027633759936019704,0.24450012132992213,0.1451965604342744,-1.2577573150678698
2023-02-13,58,BurgerKing,South,0.8597893830210276,0.08165523030701724,0.07960538031602005,0.48906939996118465,-0.8865346316994134
2023-02-13,58,BurgerKing,Midwest,0.33095257676323014,-0.057336748671756865,0.3165741719930878,0.5707999278834135,-0.8443823193970343
2023-02-13,58,BurgerKing,West,0.5145831501045363,0.061935428420927065,0.10053500308910315,0.1221118822977808,-1.250572382001857
2023-02-13,58,BurgerKing,Southwest,0.757005853354101,0.016710338333835922,0.018483657576278914,0.31990659288970436,-1.5421782048067114
2023-02-13,58,Wendys,Northeast,0.8627554387168439,-0.03743798688215104,0.1328241465142246,0.2864796801727,-0.5393861269422597
2023-02-13,58,Wendys,South,0.3096790479733731,0.060360020815692396,0.06877335669035799,0.4254476061773757,-1.0049560835652607
2023-02-13,58,Wendys,Midwest,0.5876045737679313,-0.06243342097400645,0.08722314572501384,0.211067729489257,-1.3876437209805519
2023-02-13,58,Wendys,West,0.6099687184827284,0.01920426145438286,0.04165760766371676,0.41158605271605975,-1.5793051636930213
2023-02-13,58,Wendys,Southwest,0.2780845799716606,-0.023802341945275158,0.19598595047373857,0.4491558671991043,-0.9033455254946567
2023-02-13,58,TacoBell,Northeast,0.8563264036295257,0.09278671410506258,0.07730275216667797,0.26793124519078654,-1.6367248316093486
2023-02-13,58,TacoBell,South,0.2880349406440419,-0.10591257979112483,0.003979491119964669,0.41766802910529877,-1.7424350165394678
2023-02-13,58,TacoBell,Midwest,0.5412973651812094,-0.1022908762840017,0.11549220000432603,0.150108946801192,-1.2052491665568945
2023-02-13,58,TacoBell,West,0.45699525977777533,-0.05272355563855753,0.0446903396082485,0.47182917581289624,-1.5650189110337873
2023-02-13,58,TacoBell,Southwest,0.5887827239200596,0.022489652236628264,0.10354646560386732,0.08879666648103435,-1.0566422826145774
2023-02-13,58,Subway,Northeast,0.35548204419162927,-0.011714287037939801,0.22149824057158357,0.4678561070838936,-1.8230919876886498
2023-02-13,58,Subway,South,0.7240992828677598,0.08224786055039869,0.12968553551579612,0.4688915625596436,-1.0175883431490176
2023-02-13,58,Subway,Midwest,0.24049521417462566,0.031668016196366444,0.21684813678008416,0.34844406917218707,-1.5750552080034468
2023-02-13,58,Subway,West,0.5757147004355466,0.050585214509754325,0.24228889639333023,0.264080582240048,-1.999635598348231
2023-02-13,58,Subway,Southwest,0.37436600709649637,0.033769621644880385,0.15684861764457372,0.1839016666596838,-1.8095959134887354
2023-02-13,58,KFC,Northeast,0.39449098500139695,0.05618992936713128,0.10307124891057669,0.41065611985185674,-0.5995769332473588
2023-02-13,58,KFC,South,0.5967991645586599,0.09065068860225464,0.08985526769638223,0.059614022899604026,-0.6989680413269632
2023-02-13,58,KFC,Midwest,0.4031149789279776,0.13835691635293135,0.06211878057985756,0.18162748643710216,-1.6495864519456447
2023-02-13,58,KFC,West,0.28353562746414696,-0.042898115376934366,0.06522890237178519,0.37457060797482544,-0.8324421431817632
2023-02-13,58,KFC,Southwest,0.3949583657170411,-0.020739301327735507,0.2062792732454961,0.19135202294227086,-1.0871426102390387
2023-02-13,58,Dominos,Northeast,0.23770297931880774,0.01460475519421527,0.05859345042386398,0.21214506472215292,-0.5436429328251958
2023-02-13,58,Dominos,South,0.3284941411579984,-0.024742098434127155,0.16903420222022753,0.2939671196096951,-1.4395915106989112
2023-02-13,58,Dominos,Midwest,0.39977746090118077,-0.12072636644912382,0.10019145266430377,0.27749119186196053,-0.977809081224243
2023-02-13,58,Dominos,West,0.1037977470829668,0.02987348573072822,0.09196263428197264,0.08585787626857316,-1.9046964163641222
2023-02-13,58,Dominos,Southwest,0.15272594119641436,0.0017121703133512484,0.013614314134967706,0.23368255004054264,-1.4056289797753911
2023-02-13,58,PizzaHut,Northeast,0.6782320101984601,0.1783289871905156,0.1344967708176812,0.33192020930403915,-0.5542735082177292
2023-02-13,58,PizzaHut,South,0.7234448683906384,0.06965583165428191,0.17165385327232988,0.4309775708003919,-1.1915286883248193
2023-02-13,58,PizzaHut,Midwest,0.99,0.12602975250100323,0.05667293070097135,0.5405277045945869,-1.5681807449977332
2023-02-13,58,PizzaHut,West,0.5162010773378427,0.024513512151406593,0.14116557278651456,0.36248858833460823,-1.8195935553070897
2023-02-13,58,PizzaHut,Southwest,0.2726415100208646,0.009602040324860634,0.2076269648452098,0.03054343973064911,-0.9447074897277044
2023-02-20,59,McDonalds,Northeast,0.7148426649159938,0.22720596953275385,0.027713269265470058,0.5703076004290429,-1.4167227552888253
2023-02-20,59,McDonalds,South,0.32563370531557745,-0.04636414724492593,0.28741291316892137,0.36290162650219815,-1.9288765457898727
2023-02-20,59,McDonalds,Midwest,0.4615574800815561,-0.029051286834785098,0.044879181552355416,0.27197951974525986,-0.7982427450570128
2023-02-20,59,McDonalds,West,0.19800517923143945,0.011893480043406006,0.2724710438053291,0.32062222572817095,-1.093428921375788
2023-02-20,59,McDonalds,Southwest,0.8497446739552228,0.07522745954506962,0.09761475647586786,0.06848935279224204,-1.7021857116976975
2023-02-20,59,BurgerKing,Northeast,0.3083756229107526,0.03235378264521245,0.24450012132992213,0.1451965604342744,-1.2577573150678698
2023-02-20,59,BurgerKing,South,0.8749915176184084,0.08241478298617812,0.07960538031602005,0.48906939996118465,-0.8865346316994134
2023-02-20,59,BurgerKing,Midwest,0.35282198286504746,-0.049909924488159646,0.3165741719930878,0.5707999278834135,-0.8443823193970343
2023-02-20,59,BurgerKing,West,0.5338482215495628,0.06675791794773364,0.10053500308910315,0.1221118822977808,-1.250572382001857
2023-02-20,59,BurgerKing,Southwest,0.759071811049048,0.004333714110562943,0.018483657576278914,0.31990659288970436,-1.5421782048067114
2023-02-20,59,Wendys,Northeast,0.8729715063158875,-0.028746426238258307,0.1328241465142246,0.2864796801727,-0.5393861269422597
2023-02-20,59,Wendys,South,0.3200764633011913,0.06923292918835981,0.06877335669035799,0.4254476061773757,-1.0049560835652607
2023-02-20,59,Wendys,Midwest,0.5814962196812963,-0.07006628201579226,0.08722314572501384,0.211067729489257,-1.3876437209805519
2023-02-20,59,Wendys,West,0.6118726037923553,0.019583639808858883,0.04165760766371676,0.41158605271605975,-1.5793051636930213
2023-02-20,59,Wendys,Southwest,0.28644237685492213,-0.016969052017164463,0.19598595047373857,0.4491558671991043,-0.9033455254946567
2023-02-20,59,TacoBell,Northeast,0.8470230585947963,0.09069357590926896,0.07730275216667797,0.26793124519078654,-1.6367248316093486
2023-02-20,59,TacoBell,South,0.29155451428276613,-0.09518279931346471,0.003979491119964669,0.41766802910529877,-1.7424350165394678
2023-02-20,59,TacoBell,Midwest,0.5577258832884671,-0.07865215133780809,0.11549220000432603,0.150108946801192,-1.2052491665568945
2023-02-20,59,TacoBell,West,0.44192519261248964,-0.06058341596490736,0.0446903396082485,0.47182917581289624,-1.5650189110337873
2023-02-20,59,TacoBell,Southwest,0.5677620710495859,0.008679206205090516,0.10354646560386732,0.08879666648103435,-1.0566422826145774
2023-02-20,59,Subway,Northeast,0.3437112023455921,-0.008676101081891045,0.22149824057158357,0.4678561070838936,-1.8230919876886498
2023-02-20,59,Subway,South,0.7165058801169353,0.08946348560166012,0.12968553551579612,0.4688915625596436,-1.0175883431490176
2023-02-20,59,Subway,Midwest,0.22337752263409205,0.029359352457918753,0.21684813678008416,0.34844406917218707,-1.5750552080034468
2023-02-20,59,Subway,West,0.5754382792666711,0.06511782114296467,0.24228889639333023,0.264080582240048,-1.999635598348231
2023-02-20,59,Subway,Southwest,0.3461709212971779,0.020383563647647897,0.15684861764457372,0.1839016666596838,-1.8095959134887354
2023-02-20,59,KFC,Northeast,0.39893464865024225,0.0631191155974474,0.10307124891057669,0.41065611985185674,-0.5995769332473588
2023-02-20,59,KFC,South,0.5882550337696002,0.0845920803946657,0.08985526769638223,0.059614022899604026,-0.6989680413269632
2023-02-20,59,KFC,Midwest,0.41782323540857985,0.15555069541500433,0.06211878057985756,0.18162748643710216,-1.6495864519456447
2023-02-20,59,KFC,West,0.3009752584143574,-0.022972961845253183,0.06522890237178519,0.37457060797482544,-0.8324421431817632
2023-02-20,59,KFC,Southwest,0.38480627725773686,-0.028405867205568987,0.2062792732454961,0.19135202294227086,-1.0871426102390387
2023-02-20,59,Dominos,Northeast,0.24454853263376253,0.009109183835129469,0.05859345042386398,0.21214506472215292,-0.5436429328251958
2023-02-20,59,Dominos,South,0.349431144701837,-0.016146219564329135,0.16903420222022753,0.2939671196096951,-1.4395915106989112
2023-02-20,59,Dominos,Midwest,0.4082472790773262,-0.12459767294701897,0.10019145266430377,0.27749119186196053,-0.977809081224243
2023-02-20,59,Dominos,West,0.11568475957768498,0.029419373551405836,0.09196263428197264,0.08585787626857316,-1.9046964163641222
2023-02-20,59,Dominos,Southwest,0.16532095007587905,0.0019660545187753504,0.013614314134967706,0.23368255004054264,-1.4056289797753911
2023-02-20,59,PizzaHut,Northeast,0.6721150957424457,0.15913225562853903,0.1344967708176812,0.33192020930403915,-0.5542735082177292
2023-02-20,59,PizzaHut,South,0.7363863080356581,0.06951745419333953,0.17165385327232988,0.4309775708003919,-1.1915286883248193
2023-02-20,59,PizzaHut,Midwest,0.99,0.1191324747603615,0.05667293070097135,0.5405277045945869,-1.5681807449977332
2023-02-20,59,PizzaHut,West,0.524349666219807,0.019582283927408874,0.14116557278651456,0.36248858833460823,-1.8195935553070897
2023-02-20,59,PizzaHut,Southwest,0.3001576471615148,0.024038360359548774,0.2076269648452098,0.03054343973064911,-0.9447074897277044
2023-02-27,60,McDonalds,Northeast,0.6950008095801637,0.2146409005899613,0.027713269265470058,0.5703076004290429,-1.4167227552888253
2023-02-27,60,McDonalds,South,0.32648897079001976,-0.03823209537744615,0.28741291316892137,0.36290162650219815,-1.9288765457898727
2023-02-27,60,McDonalds,Midwest,0.4514910643852006,-0.031840916138103185,0.044879181552355416,0.27197951974525986,-0.7982427450570128
2023-02-27,60,McDonalds,West,0.18793079115344363,0.009095878358447662,0.2724710438053291,0.32062222572817095,-1.093428921375788
2023-02-27,60,McDonalds,Southwest,0.8503716065227024,0.08313117850558674,0.09761475647586786,0.06848935279224204,-1.7021857116976975
2023-02-27,60,BurgerKing,Northeast,0.32572066465873345,0.035754295590901354,0.24450012132992213,0.1451965604342744,-1.2577573150678698
2023-02-27,60,BurgerKing,South,0.8946421763928958,0.08812091295837343,0.07960538031602005,0.48906939996118465,-0.8865346316994134
2023-02-27,60,BurgerKing,Midwest,0.376448358272668,-0.04022807788283103,0.3165741719930878,0.5707999278834135,-0.8443823193970343
2023-02-27,60,BurgerKing,West,0.5444796665200216,0.06344483411590042,0.10053500308910315,0.1221118822977808,-1.250572382001857
2023-02-27,60,BurgerKing,Southwest,0.7668939725062625,-0.00178865323451456,0.018483657576278914,0.31990659288970436,-1.5421782048067114
2023-02-27,60,Wendys,Northeast,0.8628555941601472,-0.03959793150383629,0.1328241465142246,0.2864796801727,-0.5393861269422597
2023-02-27,60,Wendys,South,0.3125579511112396,0.06097882388857026,0.06877335669035799,0.4254476061773757,-1.0049560835652607
2023-02-27,60,Wendys,Midwest,0.6117227570442212,-0.04057533776270501,0.08722314572501384,0.211067729489257,-1.3876437209805519
2023-02-27,60,Wendys,West,0.6250549927095609,0.032030435616226746,0.04165760766371676,0.41158605271605975,-1.5793051636930213
2023-02-27,60,Wendys,Southwest,0.27366722630267964,-0.03047979567924468,0.19598595047373857,0.4491558671991043,-0.9033455254946567
2023-02-27,60,TacoBell,Northeast,0.8248338264533548,0.07746899634183327,0.07730275216667797,0.26793124519078654,-1.6367248316093486
2023-02-27,60,TacoBell,South,0.2874085223259452,-0.0903641386962798,0.003979491119964669,0.41766802910529877,-1.7424350165394678
2023-02-27,60,TacoBell,Midwest,0.5542338786882409,-0.07317950336402843,0.11549220000432603,0.150108946801192,-1.2052491665568945
2023-02-27,60,TacoBell,West,0.43844937839165743,-0.05509457761173371,0.0446903396082485,0.47182917581289624,-1.5650189110337873
2023-02-27,60,TacoBell,Southwest,0.5562478605400432,0.006129648269553537,0.10354646560386732,0.08879666648103435,-1.0566422826145774
2023-02-27,60,Subway,Northeast,0.32860491577636225,-0.009930643681920048,0.22149824057158357,0.4678561070838936,-1.8230919876886498
2023-02-27,60,Subway,South,0.705932931389328,0.0927422808432537,0.12968553551579612,0.4688915625596436,-1.0175883431490176
2023-02-27,60,Subway,Midwest,0.2103847087278245,0.03021828252085206,0.21684813678008416,0.34844406917218707,-1.5750552080034468
2023-02-27,60,Subway,West,0.5393935315699949,0.04292481741548933,0.24228889639333023,0.264080582240048,-1.999635598348231
2023-02-27,60,Subway,Southwest,0.33002118102222516,0.01808556734189596,0.15684861764457372,0.1839016666596838,-1.8095959134887354
2023-02-27,60,KFC,Northeast,0.3892855716361837,0.054605051254844265,0.10307124891057669,0.41065611985185674,-0.5995769332473588
2023-02-27,60,KFC,South,0.5888721352872299,0.08634419458375082,0.08985526769638223,0.059614022899604026,-0.6989680413269632
2023-02-27,60,KFC,Midwest,0.4465408127631585,0.18540328544103843,0.06211878057985756,0.18162748643710216,-1.6495864519456447
2023-02-27,60,KFC,West,0.30351506239764503,-0.019298145190510138,0.06522890237178519,0.37457060797482544,-0.8324421431817632
2023-02-27,60,KFC,Southwest,0.38053596772455744,-0.031541164067292966,0.2062792732454961,0.19135202294227086,-1.0871426102390387
2023-02-27,60,Dominos,Northeast,0.2665379502691845,0.018327198854901992,0.05859345042386398,0.21214506472215292,-0.5436429328251958
2023-02-27,60,Dominos,South,0.3670294261895786,-0.011319340692237008,0.16903420222022753,0.2939671196096951,-1.4395915106989112
2023-02-27,60,Dominos,Midwest,0.42521962659749407,-0.12039672804250055,0.10019145266430377,0.27749119186196053,-0.977809081224243
2023-02-27,60,Dominos,West,0.1345246681254912,0.035487879483562544,0.09196263428197264,0.08585787626857316,-1.9046964163641222
2023-02-27,60,Dominos,Southwest,0.19865778833982395,0.022531490167070768,0.013614314134967706,0.23368255004054264,-1.4056289797753911
2023-02-27,60,PizzaHut,Northeast,0.6723441802739858,0.14782337127527986,0.1344967708176812,0.33192020930403915,-0.5542735082177292
2023-02-27,60,PizzaHut,South,0.7526605976885719,0.07425377496145408,0.17165385327232988,0.4309775708003919,-1.1915286883248193
2023-02-27,60,PizzaHut,Midwest,0.99,0.1098686634605461,0.05667293070097135,0.5405277045945869,-1.5681807449977332
2023-02-27,60,PizzaHut,West,0.5414427615680288,0.02513741039083136,0.14116557278651456,0.36248858833460823,-1.8195935553070897
2023-02-27,60,PizzaHut,Southwest,0.3025087509314532,0.01485149524468783,0.2076269648452098,0.03054343973064911,-0.9447074897277044
2023-03-06,61,McDonalds,Northeast,0.6855121961660944,0.21046723245391044,0.027713269265470058,0.5703076004290429,-1.4167227552888253
2023-03-06,61,McDonalds,South,0.31822312636962224,-0.04118299451982521,0.28741291316892137,0.36290162650219815,-1.9288765457898727
2023-03-06,61,McDonalds,Midwest,0.45593428630062915,-0.022082748944656096,0.044879181552355416,0.27197951974525986,-0.7982427450570128
2023-03-06,61,McDonalds,West,0.19180039031484927,0.0182804227978718,0.2724710438053291,0.32062222572817095,-1.093428921375788
2023-03-06,61,McDonalds,Southwest,0.8325994874802202,0.0706740047411229,0.09761475647586786,0.06848935279224204,-1.7021857116976975
2023-03-06,61,BurgerKing,Northeast,0.33951425015801295,0.03630363670089984,0.24450012132992213,0.1451965604342744,-1.2577573150678698
2023-03-06,61,BurgerKing,South,0.9007906222346851,0.0810251144108817,0.07960538031602005,0.48906939996118465,-0.8865346316994134
2023-03-06,61,BurgerKing,Midwest,0.37710755355519576,-0.052813126989584375,0.3165741719930878,0.5707999278834135,-0.8443823193970343
2023-03-06,61,BurgerKing,West,0.555553740405059,0.06127466361165672,0.10053500308910315,0.1221118822977808,-1.250572382001857
2023-03-06,61,BurgerKing,Southwest,0.7770533890109854,-0.0048734811190727576,0.018483657576278914,0.31990659288970436,-1.5421782048067114
2023-03-06,61,Wendys,Northeast,0.887058770308532,-0.015330766640381063,0.1328241465142246,0.2864796801727,-0.5393861269422597
2023-03-06,61,Wendys,South,0.31682356064977596,0.06530842214217722,0.06877335669035799,0.4254476061773757,-1.0049560835652607
2023-03-06,61,Wendys,Midwest,0.5978825933216083,-0.054351512770247384,0.08722314572501384,0.211067729489257,-1.3876437209805519
2023-03-06,61,Wendys,West,0.6193432639527809,0.026382695574517324,0.04165760766371676,0.41158605271605975,-1.5793051636930213
2023-03-06,61,Wendys,Southwest,0.2838170705419031,-0.020265962724950695,0.19598595047373857,0.4491558671991043,-0.9033455254946567
2023-03-06,61,TacoBell,Northeast,0.8351291662407463,0.09835342407053252,0.07730275216667797,0.26793124519078654,-1.6367248316093486
2023-03-06,61,TacoBell,South,0.2609596012622579,-0.10622397181865938,0.003979491119964669,0.41766802910529877,-1.7424350165394678
2023-03-06,61,TacoBell,Midwest,0.5248455468955427,-0.09197874721541888,0.11549220000432603,0.150108946801192,-1.2052491665568945
2023-03-06,61,TacoBell,West,0.44656994220406754,-0.03638492585801589,0.0446903396082485,0.47182917581289624,-1.5650189110337873
2023-03-06,61,TacoBell,Southwest,0.5495549143724444,0.010025790043262576,0.10354646560386732,0.08879666648103435,-1.0566422826145774
2023-03-06,61,Subway,Northeast,0.30722841400121276,-0.018613571000683712,0.22149824057158357,0.4678561070838936,-1.8230919876886498
2023-03-06,61,Subway,South,0.6985856477941667,0.09808857170447806,0.12968553551579612,0.4688915625596436,-1.0175883431490176
2023-03-06,61,Subway,Midwest,0.1713336568812699,0.003860805130683282,0.21684813678008416,0.34844406917218707,-1.5750552080034468
2023-03-06,61,Subway,West,0.5267337121795808,0.042958572481460934,0.24228889639333023,0.264080582240048,-1.999635598348231
2023-03-06,61,Subway,Southwest,0.3206058182942702,0.021363779070326813,0.15684861764457372,0.1839016666596838,-1.8095959134887354
2023-03-06,61,KFC,Northeast,0.3987602308539114,0.06384775265022256,0.10307124891057669,0.41065611985185674,-0.5995769332473588
2023-03-06,61,KFC,South,0.5789651335866538,0.07620523506082545,0.08985526769638223,0.059614022899604026,-0.6989680413269632
2023-03-06,61,KFC,Midwest,0.4476296421995414,0.186260157055072,0.06211878057985756,0.18162748643710216,-1.6495864519456447
2023-03-06,61,KFC,West,0.2944927739593985,-0.02855239145110601,0.06522890237178519,0.37457060797482544,-0.8324421431817632
2023-03-06,61,KFC,Southwest,0.38332176310364996,-0.028987326510549794,0.2062792732454961,0.19135202294227086,-1.0871426102390387
2023-03-06,61,Dominos,Northeast,0.2706009496328727,0.009373735631271751,0.05859345042386398,0.21214506472215292,-0.5436429328251958
2023-03-06,61,Dominos,South,0.37596488038529485,-0.015400349083839214,0.16903420222022753,0.2939671196096951,-1.4395915106989112
2023-03-06,61,Dominos,Midwest,0.4282779352369102,-0.13035488199040285,0.10019145266430377,0.27749119186196053,-0.977809081224243
2023-03-06,61,Dominos,West,0.1540524931310462,0.041999241901799114,0.09196263428197264,0.08585787626857316,-1.9046964163641222
2023-03-06,61,Dominos,Southwest,0.22025876209370904,0.03111600133363742,0.013614314134967706,0.23368255004054264,-1.4056289797753911
2023-03-06,61,PizzaHut,Northeast,0.6798267652087332,0.14547716557570572,0.1344967708176812,0.33192020930403915,-0.5542735082177292
2023-03-06,61,PizzaHut,South,0.7628717682724937,0.07463615491105437,0.17165385327232988,0.4309775708003919,-1.1915286883248193
2023-03-06,61,PizzaHut,Midwest,0.99,0.09538274931421066,0.05667293070097135,0.5405277045945869,-1.5681807449977332
2023-03-06,61,PizzaHut,West,0.5482747857222825,0.022140643910763487,0.14116557278651456,0.36248858833460823,-1.8195935553070897
2023-03-06,61,PizzaHut,Southwest,0.31183549539535727,0.014349449074270382,0.2076269648452098,0.03054343973064911,-0.9447074897277044
2023-03-13,62,McDonalds,Northeast,0.7084441032000601,0.23667516336421018,0.027713269265470058,0.5703076004290429,-1.4167227552888253
2023-03-13,62,McDonalds,South,0.3038274322355467,-0.05230266477756685,0.28741291316892137,0.36290162650219815,-1.9288765457898727
2023-03-13,62,McDonalds,Midwest,0.46730003481181964,-0.007440976557131721,0.044879181552355416,0.27197951974525986,-0.7982427450570128
2023-03-13,62,McDonalds,West,0.19849295417317347,0.02824901053252988,0.2724710438053291,0.32062222572817095,-1.093428921375788
2023-03-13,62,McDonalds,Southwest,0.8321298276487876,0.07348036878602426,0.09761475647586786,0.06848935279224204,-1.7021857116976975
2023-03-13,62,BurgerKing,Northeast,0.36945233959242607,0.053889841542851175,0.24450012132992213,0.1451965604342744,-1.2577573150678698
2023-03-13,62,BurgerKing,South,0.9168635615532155,0.08474616913695032,0.07960538031602005,0.48906939996118465,-0.8865346316994134
2023-03-13,62,BurgerKing,Midwest,0.39335103010433675,-0.04892153503290509,0.3165741719930878,0.5707999278834135,-0.8443823193970343
2023-03-13,62,BurgerKing,West,0.5673744184673453,0.06074345708148127,0.10053500308910315,0.1221118822977808,-1.250572382001857
2023-03-13,62,BurgerKing,Southwest,0.8016409624276334,0.007362207705113517,0.018483657576278914,0.31990659288970436,-1.5421782048067114
2023-03-13,62,Wendys,Northeast,0.897160820106527,-0.004366074302272226,0.1328241465142246,0.2864796801727,-0.5393861269422597
2023-03-13,62,Wendys,South,0.3097041452347,0.059051649267215095,0.06877335669035799,0.4254476061773757,-1.0049560835652607
2023-03-13,62,Wendys,Midwest,0.5838274788355069,-0.06754398471623506,0.08722314572501384,0.211067729489257,-1.3876437209805519
2023-03-13,62,Wendys,West,0.6164508150387106,0.02435288920056075,0.04165760766371676,0.41158605271605975,-1.5793051636930213
2023-03-13,62,Wendys,Southwest,0.2749540423578128,-0.02826634836892716,0.19598595047373857,0.4491558671991043,-0.9033455254946567
2023-03-13,62,TacoBell,Northeast,0.8224339660171467,0.09771817832437897,0.07730275216667797,0.26793124519078654,-1.6367248316093486
2023-03-13,62,TacoBell,South,0.26127402813165324,-0.09384959047181798,0.003979491119964669,0.41766802910529877,-1.7424350165394678
2023-03-13,62,TacoBell,Midwest,0.5082125758672288,-0.09655176376628678,0.11549220000432603,0.150108946801192,-1.2052491665568945
2023-03-13,62,TacoBell,West,0.43408175391350573,-0.03681315967113164,0.0446903396082485,0.47182917581289624,-1.5650189110337873
2023-03-13,62,TacoBell,Southwest,0.5380751872430823,0.010606017391346527,0.10354646560386732,0.08879666648103435,-1.0566422826145774
2023-03-13,62,Subway,Northeast,0.3043614071424681,-0.010129262178630865,0.22149824057158357,0.4678561070838936,-1.8230919876886498
2023-03-13,62,Subway,South,0.664765438773523,0.075619678364632,0.12968553551579612,0.4688915625596436,-1.0175883431490176
2023-03-13,62,Subway,Midwest,0.15391533825281944,-0.002206197816969682,0.21684813678008416,0.34844406917218707,-1.5750552080034468
2023-03-13,62,Subway,West,0.5174952334215779,0.04507140940425566,0.24228889639333023,0.264080582240048,-1.999635598348231
2023-03-13,62,Subway,Southwest,0.3212552921777413,0.03336456863459543,0.15684861764457372,0.1839016666596838,-1.8095959134887354
2023-03-13,62,KFC,Northeast,0.3954367707139075,0.05892872817516051,0.10307124891057669,0.41065611985185674,-0.5995769332473588
2023-03-13,62,KFC,South,0.5617951708612933,0.05743970800040671,0.08985526769638223,0.059614022899604026,-0.6989680413269632
2023-03-13,62,KFC,Midwest,0.45542232099426094,0.19245727151473338,0.06211878057985756,0.18162748643710216,-1.6495864519456447
2023-03-13,62,KFC,West,0.28973471440620036,-0.0349060153393623,0.06522890237178519,0.37457060797482544,-0.8324421431817632
2023-03-13,62,KFC,Southwest,0.3730206608478045,-0.04088399310145341,0.2062792732454961,0.19135202294227086,-1.0871426102390387
2023-03-13,62,Dominos,Northeast,0.2774302463290496,0.003130281734139511,0.05859345042386398,0.21214506472215292,-0.5436429328251958
2023-03-13,62,Dominos,South,0.38719237740204554,-0.01724560266039771,0.16903420222022753,0.2939671196096951,-1.4395915106989112
2023-03-13,62,Dominos,Midwest,0.4353032391848373,-0.13640232863578497,0.10019145266430377,0.27749119186196053,-0.977809081224243
2023-03-13,62,Dominos,West,0.14506958315336466,0.01994358133080842,0.09196263428197264,0.08585787626857316,-1.9046964163641222
2023-03-13,62,Dominos,Southwest,0.24230217465588952,0.04008666330250874,0.013614314134967706,0.23368255004054264,-1.4056289797753911
2023-03-13,62,PizzaHut,Northeast,0.7005525854277755,0.15822591598849295,0.1344967708176812,0.33192020930403915,-0.5542735082177292
2023-03-13,62,PizzaHut,South,0.7773640579921439,0.08115137482444942,0.17165385327232988,0.4309775708003919,-1.1915286883248193
2023-03-13,62,PizzaHut,Midwest,0.99,0.0840058926099625,0.05667293070097135,0.5405277045945869,-1.5681807449977332
2023-03-13,62,PizzaHut,West,0.5542369401890624,0.020125728571288307,0.14116557278651456,0.36248858833460823,-1.8195935553070897
2023-03-13,62,PizzaHut,Southwest,0.31974735204931776,0.0142842359219758,0.2076269648452098,0.03054343973064911,-0.9447074897277044
2023-03-20,63,McDonalds,Northeast,0.7132424553377548,0.24266310725982929,0.027713269265470058,0.5703076004290429,-1.4167227552888253
2023-03-20,63,McDonalds,South,0.30932124536480293,-0.04561925989038604,0.28741291316892137,0.36290162650219815,-1.9288765457898727
2023-03-20,63,McDonalds,Midwest,0.45876870506611017,-0.01478271454491668,0.044879181552355416,0.27197951974525986,-0.7982427450570128
2023-03-20,63,McDonalds,West,0.19812331797938454,0.029068966096665483,0.2724710438053291,0.32062222572817095,-1.093428921375788
2023-03-20,63,McDonalds,Southwest,0.8355130399370154,0.07805317283217668,0.09761475647586786,0.06848935279224204,-1.7021857116976975
2023-03-20,63,BurgerKing,Northeast,0.39529095372283646,0.06844806476431883,0.24450012132992213,0.1451965604342744,-1.2577573150678698
2023-03-20,63,BurgerKing,South,0.9351890178604054,0.09179123453519755,0.07960538031602005,0.48906939996118465,-0.8865346316994134
2023-03-20,63,BurgerKing,Midwest,0.41252198788703465,-0.0410309681591499,0.3165741719930878,0.5707999278834135,-0.8443823193970343
2023-03-20,63,BurgerKing,West,0.5794930756555816,0.06158172336077487,0.10053500308910315,0.1221118822977808,-1.250572382001857
2023-03-20,63,BurgerKing,Southwest,0.8270259447886111,0.02146679915714856,0.018483657576278914,0.31990659288970436,-1.5421782048067114
2023-03-20,63,Wendys,Northeast,0.8996096622219212,-0.00026844634267725147,0.1328241465142246,0.2864796801727,-0.5393861269422597
2023-03-20,63,Wendys,South,0.2994444802887636,0.05044077016547939,0.06877335669035799,0.4254476061773757,-1.0049560835652607
2023-03-20,63,Wendys,Midwest,0.596212392692558,-0.05351028501498315,0.08722314572501384,0.211067729489257,-1.3876437209805519
2023-03-20,63,Wendys,West,0.6217810619199,0.03133192192595103,0.04165760766371676,0.41158605271605975,-1.5793051636930213
2023-03-20,63,Wendys,Southwest,0.26887481630232724,-0.03269678858021198,0.19598595047373857,0.4491558671991043,-0.9033455254946567
2023-03-20,63,TacoBell,Northeast,0.8042831154836959,0.09292324865038654,0.07730275216667797,0.26793124519078654,-1.6367248316093486
2023-03-20,63,TacoBell,South,0.2508838627236025,-0.09088383502041036,0.003979491119964669,0.41766802910529877,-1.7424350165394678
2023-03-20,63,TacoBell,Midwest,0.4994885029604463,-0.09191991581361093,0.11549220000432603,0.150108946801192,-1.2052491665568945
2023-03-20,63,TacoBell,West,0.4226987557103594,-0.03484023701481957,0.0446903396082485,0.47182917581289624,-1.5650189110337873
2023-03-20,63,TacoBell,Southwest,0.5278323531180529,0.013719104125775379,0.10354646560386732,0.08879666648103435,-1.0566422826145774
2023-03-20,63,Subway,Northeast,0.3115165470639652,0.00687031156713294,0.22149824057158357,0.4678561070838936,-1.8230919876886498
2023-03-20,63,Subway,South,0.6656364364716052,0.08633510988698086,0.12968553551579612,0.4688915625596436,-1.0175883431490176
2023-03-20,63,Subway,Midwest,0.145977260341203,-0.00029984190431943804,0.21684813678008416,0.34844406917218707,-1.5750552080034468
2023-03-20,63,Subway,West,0.517063905404986,0.0544845152119305,0.24228889639333023,0.264080582240048,-1.999635598348231
2023-03-20,63,Subway,Southwest,0.3010856193181992,0.023039329599320035,0.15684861764457372,0.1839016666596838,-1.8095959134887354
2023-03-20,63,KFC,Northeast,0.4023520723014825,0.0629079986746286,0.10307124891057669,0.41065611985185674,-0.5995769332473588
2023-03-20,63,KFC,South,0.5828242654467313,0.07553277149773781,0.08985526769638223,0.059614022899604026,-0.6989680413269632
2023-03-20,63,KFC,Midwest,0.4561778931284442,0.19027681256080964,0.06211878057985756,0.18162748643710216,-1.6495864519456447
2023-03-20,63,KFC,West,0.2841944062081165,-0.04338235462555315,0.06522890237178519,0.37457060797482544,-0.8324421431817632
2023-03-20,63,KFC,Southwest,0.36943580304998086,-0.04740488198738402,0.2062792732454961,0.19135202294227086,-1.0871426102390387
2023-03-20,63,Dominos,Northeast,0.27947336626934016,-0.007766048639284372,0.05859345042386398,0.21214506472215292,-0.5436429328251958
2023-03-20,63,Dominos,South,0.39228420863448293,-0.025093221741674745,0.16903420222022753,0.2939671196096951,-1.4395915106989112
2023-03-20,63,Dominos,Midwest,0.44453760851265145,-0.14010740962168525,0.10019145266430377,0.27749119186196053,-0.977809081224243
2023-03-20,63,Dominos,West,0.14395336327529265,0.005887911139022,0.09196263428197264,0.08585787626857316,-1.9046964163641222
2023-03-20,63,Dominos,Southwest,0.25539780830909997,0.040242846642004775,0.013614314134967706,0.23368255004054264,-1.4056289797753911
2023-03-20,63,PizzaHut,Northeast,0.7155850182495525,0.16724868772635942,0.1344967708176812,0.33192020930403915,-0.5542735082177292
2023-03-20,63,PizzaHut,South,0.7742961572745851,0.07207381302298022,0.17165385327232988,0.4309775708003919,-1.1915286883248193
2023-03-20,63,PizzaHut,Midwest,0.99,0.09919873184638019,0.05667293070097135,0.5405277045945869,-1.5681807449977332
2023-03-20,63,PizzaHut,West,0.5653545221582488,0.025233649456564256,0.14116557278651456,0.36248858833460823,-1.8195935553070897
2023-03-20,63,PizzaHut,Southwest,0.33606281898946877,0.024590041778216373,0.2076269648452098,0.03054343973064911,-0.9447074897277044
2023-03-27,64,McDonalds,Northeast,0.7075782022797156,0.2360847617213079,0.027713269265470058,0.5703076004290429,-1.4167227552888253
2023-03-27,64,McDonalds,South,0.3187805901159513,-0.03707400761971988,0.28741291316892137,0.36290162650219815,-1.9288765457898727
2023-03-27,64,McDonalds,Midwest,0.4487634585426392,-0.02570205354886981,0.044879181552355416,0.27197951974525986,-0.7982427450570128
2023-03-27,64,McDonalds,West,0.2079398854682318,0.03797144110503057,0.2724710438053291,0.32062222572817095,-1.093428921375788
2023-03-27,64,McDonalds,Southwest,0.8381455258154329,0.07977156623011199,0.09761475647586786,0.06848935279224204,-1.7021857116976975
2023-03-27,64,BurgerKing,Northeast,0.41086876865757604,0.07398057696416667,0.24450012132992213,0.1451965604342744,-1.2577573150678698
2023-03-27,64,BurgerKing,South,0.9334783745390486,0.08003528847894903,0.07960538031602005,0.48906939996118465,-0.8865346316994134
2023-03-27,64,BurgerKing,Midwest,0.41361659219916036,-0.049981666581915954,0.3165741719930878,0.5707999278834135,-0.8443823193970343
2023-03-27,64,BurgerKing,West,0.5955106605730072,0.06755400554330872,0.10053500308910315,0.1221118822977808,-1.250572382001857
2023-03-27,64,BurgerKing,Southwest,0.8275877674812608,0.011983319114906552,0.018483657576278914,0.31990659288970436,-1.5421782048067114
2023-03-27,64,Wendys,Northeast,0.9018307076021528,0.004363616578313979,0.1328241465142246,0.2864796801727,-0.5393861269422597
2023-03-27,64,Wendys,South,0.28336208468340146,0.03676939210087693,0.06877335669035799,0.4254476061773757,-1.0049560835652607
2023-03-27,64,Wendys,Midwest,0.6022831172784651,-0.04502854288831647,0.08722314572501384,0.211067729489257,-1.3876437209805519
2023-03-27,64,Wendys,West,0.6070448112314554,0.01900668877826594,0.04165760766371676,0.41158605271605975,-1.5793051636930213
2023-03-27,64,Wendys,Southwest,0.2719867981383628,-0.027173789203416746,0.19598595047373857,0.4491558671991043,-0.9033455254946567
2023-03-27,64,TacoBell,Northeast,0.7960812325566541,0.09917955798684655,0.07730275216667797,0.26793124519078654,-1.6367248316093486
2023-03-27,64,TacoBell,South,0.22945795227580498,-0.09785155320470611,0.003979491119964669,0.41766802910529877,-1.7424350165394678
2023-03-27,64,TacoBell,Midwest,0.4908505763677917,-0.08609965014276366,0.11549220000432603,0.150108946801192,-1.2052491665568945
2023-03-27,64,TacoBell,West,0.41084498608019315,-0.03223581438148401,0.0446903396082485,0.47182917581289624,-1.5650189110337873
2023-03-27,64,TacoBell,Southwest,0.5079857422926236,0.008330685563847997,0.10354646560386732,0.08879666648103435,-1.0566422826145774
2023-03-27,64,Subway,Northeast,0.29323621769927954,-0.0032152352736291405,0.22149824057158357,0.4678561070838936,-1.8230919876886498
2023-03-27,64,Subway,South,0.6378153970309559,0.06670885297025507,0.12968553551579612,0.4688915625596436,-1.0175883431490176
2023-03-27,64,Subway,Midwest,0.14127897829027636,0.003196658568677499,0.21684813678008416,0.34844406917218707,-1.5750552080034468
2023-03-27,64,Subway,West,0.4932210951674419,0.038836487498309945,0.24228889639333023,0.264080582240048,-1.999635598348231
2023-03-27,64,Subway,Southwest,0.29384427878868874,0.023992771593733118,0.15684861764457372,0.1839016666596838,-1.8095959134887354
2023-03-27,64,KFC,Northeast,0.40395150802923063,0.06027351651380611,0.10307124891057669,0.41065611985185674,-0.5995769332473588
2023-03-27,64,KFC,South,0.5938496110896838,0.08232419925211976,0.08985526769638223,0.059614022899604026,-0.6989680413269632
2023-03-27,64,KFC,Midwest,0.4573913560221161,0.187256357565911,0.06211878057985756,0.18162748643710216,-1.6495864519456447
2023-03-27,64,KFC,West,0.28513384623321614,-0.04667683248902406,0.06522890237178519,0.37457060797482544,-0.8324421431817632
2023-03-27,64,KFC,Southwest,0.3809884279814344,-0.04008617494450106,0.2062792732454961,0.19135202294227086,-1.0871426102390387
2023-03-27,64,Dominos,Northeast,0.29544244150336274,-0.004415468348443197,0.05859345042386398,0.21214506472215292,-0.5436429328251958
2023-03-27,64,Dominos,South,0.4080642631494921,-0.02193166216984696,0.16903420222022753,0.2939671196096951,-1.4395915106989112
2023-03-27,64,Dominos,Midwest,0.46184877935391805,-0.1354147337236,0.10019145266430377,0.27749119186196053,-0.977809081224243
2023-03-27,64,Dominos,West,0.14121613698640298,-0.009467810093049058,0.09196263428197264,0.08585787626857316,-1.9046964163641222
2023-03-27,64,Dominos,Southwest,0.2755841900521512,0.047810733441874594,0.013614314134967706,0.23368255004054264,-1.4056289797753911
2023-03-27,64,PizzaHut,Northeast,0.7256648031103455,0.17337337566649544,0.1344967708176812,0.33192020930403915,-0.5542735082177292
2023-03-27,64,PizzaHut,South,0.7680844229094772,0.06190698173721525,0.17165385327232988,0.4309775708003919,-1.1915286883248193
2023-03-27,64,PizzaHut,Midwest,0.99,0.09675792710963817,0.05667293070097135,0.5405277045945869,-1.5681807449977332
2023-03-27,64,PizzaHut,West,0.5689165462026297,0.024840576580287942,0.14116557278651456,0.36248858833460823,-1.8195935553070897
2023-03-27,64,PizzaHut,Southwest,0.3386729480661086,0.023245073934199046,0.2076269648452098,0.03054343973064911,-0.9447074897277044
2023-04-03,65,McDonalds,Northeast,0.7139213219877393,0.23942336138699324,0.027713269265470058,0.5703076004290429,-1.4167227552888253
2023-04-03,65,McDonalds,South,0.3360987779766015,-0.02276033980140804,0.28741291316892137,0.36290162650219815,-1.9288765457898727
2023-04-03,65,McDonalds,Midwest,0.4625856458617058,-0.014884386272141522,0.044879181552355416,0.27197951974525986,-0.7982427450570128
2023-04-03,65,McDonalds,West,0.1978222135762561,0.024849249170716507,0.2724710438053291,0.32062222572817095,-1.093428921375788
2023-04-03,65,McDonalds,Southwest,0.8473707457608317,0.08599226613317247,0.09761475647586786,0.06848935279224204,-1.7021857116976975
2023-04-03,65,BurgerKing,Northeast,0.4328226338575174,0.08726991015952076,0.24450012132992213,0.1451965604342744,-1.2577573150678698
2023-04-03,65,BurgerKing,South,0.9460109917505279,0.08390337368584105,0.07960538031602005,0.48906939996118465,-0.8865346316994134
2023-04-03,65,BurgerKing,Midwest,0.43319092845560725,-0.03907186233005629,0.3165741719930878,0.5707999278834135,-0.8443823193970343
2023-04-03,65,BurgerKing,West,0.624297897034602,0.08767671000031638,0.10053500308910315,0.1221118822977808,-1.250572382001857
2023-04-03,65,BurgerKing,Southwest,0.8464893949469179,0.022220414575976365,0.018483657576278914,0.31990659288970436,-1.5421782048067114
2023-04-03,65,Wendys,Northeast,0.9011855102359461,0.006856702534731267,0.1328241465142246,0.2864796801727,-0.5393861269422597
2023-04-03,65,Wendys,South,0.29067468610162506,0.047220276841724466,0.06877335669035799,0.4254476061773757,-1.0049560835652607
2023-04-03,65,Wendys,Midwest,0.6005937122868101,-0.043579664557347554,0.08722314572501384,0.211067729489257,-1.3876437209805519
2023-04-03,65,Wendys,West,0.604145558341681,0.019245719211115495,0.04165760766371676,0.41158605271605975,-1.5793051636930213
2023-04-03,65,Wendys,Southwest,0.2653343724586016,-0.03068793156055407,0.19598595047373857,0.4491558671991043,-0.9033455254946567
2023-04-03,65,TacoBell,Northeast,0.7963645832071539,0.11481369157516763,0.07730275216667797,0.26793124519078654,-1.6367248316093486
2023-04-03,65,TacoBell,South,0.20592288267856365,-0.10603583986412612,0.003979491119964669,0.41766802910529877,-1.7424350165394678
2023-04-03,65,TacoBell,Midwest,0.49082347067675164,-0.0707759728959825,0.11549220000432603,0.150108946801192,-1.2052491665568945
2023-04-03,65,TacoBell,West,0.4004928443797756,-0.0272371731440803,0.0446903396082485,0.47182917581289624,-1.5650189110337873
2023-04-03,65,TacoBell,Southwest,0.47864189760678294,-0.005662376184171416,0.10354646560386732,0.08879666648103435,-1.0566422826145774
2023-04-03,65,Subway,Northeast,0.29048642469057223,0.0004612576562850754,0.22149824057158357,0.4678561070838936,-1.8230919876886498
2023-04-03,65,Subway,South,0.6103888460158181,0.04570858789373883,0.12968553551579612,0.4688915625596436,-1.0175883431490176
2023-04-03,65,Subway,Midwest,0.14110777251996515,0.009451738736987857,0.21684813678008416,0.34844406917218707,-1.5750552080034468
2023-04-03,65,Subway,West,0.49564712405871025,0.04768880232819986,0.24228889639333023,0.264080582240048,-1.999635598348231
2023-04-03,65,Subway,Southwest,0.2814944332935466,0.01806921203721258,0.15684861764457372,0.1839016666596838,-1.8095959134887354
2023-04-03,65,KFC,Northeast,0.41065738705041827,0.06150899347336193,0.10307124891057669,0.41065611985185674,-0.5995769332473588
2023-04-03,65,KFC,South,0.6188615874888186,0.10186577358962262,0.08985526769638223,0.059614022899604026,-0.6989680413269632
2023-04-03,65,KFC,Midwest,0.45780429104112863,0.18219889052329163,0.06211878057985756,0.18162748643710216,-1.6495864519456447
2023-04-03,65,KFC,West,0.280015172424282,-0.05726590835959006,0.06522890237178519,0.37457060797482544,-0.8324421431817632
2023-04-03,65,KFC,Southwest,0.4012754640676922,-0.025269540919875075,0.2062792732454961,0.19135202294227086,-1.0871426102390387
2023-04-03,65,Dominos,Northeast,0.3271828525633219,0.015210403556864753,0.05859345042386398,0.21214506472215292,-0.5436429328251958
2023-04-03,65,Dominos,South,0.42021575902262176,-0.021894705451368488,0.16903420222022753,0.2939671196096951,-1.4395915106989112
2023-04-03,65,Dominos,Midwest,0.4840779488626528,-0.12530010336951644,0.10019145266430377,0.27749119186196053,-0.977809081224243
2023-04-03,65,Dominos,West,0.16674543529636304,0.003946949062259753,0.09196263428197264,0.08585787626857316,-1.9046964163641222
2023-04-03,65,Dominos,Southwest,0.2802738868814186,0.040385891116490755,0.013614314134967706,0.23368255004054264,-1.4056289797753911
2023-04-03,65,PizzaHut,Northeast,0.7226549185031141,0.16852031731281675,0.1344967708176812,0.33192020930403915,-0.5542735082177292
2023-04-03,65,PizzaHut,South,0.782236341787472,0.0742157268687626,0.17165385327232988,0.4309775708003919,-1.1915286883248193
2023-04-03,65,PizzaHut,Midwest,0.99,0.11360806989672326,0.05667293070097135,0.5405277045945869,-1.5681807449977332
2023-04-03,65,PizzaHut,West,0.5763885285508206,0.03046938518203149,0.14116557278651456,0.36248858833460823,-1.8195935553070897
2023-04-03,65,PizzaHut,Southwest,0.33171797827753535,0.014446930399178503,0.2076269648452098,0.03054343973064911,-0.9447074897277044
2023-04-10,66,McDonalds,Northeast,0.7388433074915117,0.25929397250398767,0.027713269265470058,0.5703076004290429,-1.4167227552888253
2023-04-10,66,McDonalds,South,0.33584044338525987,-0.028070048779527686,0.28741291316892137,0.36290162650219815,-1.9288765457898727
2023-04-10,66,McDonalds,Midwest,0.4642856424367693,-0.01823576408385604,0.044879181552355416,0.27197951974525986,-0.7982427450570128
2023-04-10,66,McDonalds,West,0.20629696630793032,0.02827262751561272,0.2724710438053291,0.32062222572817095,-1.093428921375788
2023-04-10,66,McDonalds,Southwest,0.8679637243547574,0.10153387034032021,0.09761475647586786,0.06848935279224204,-1.7021857116976975
2023-04-10,66,BurgerKing,Northeast,0.4485204970446444,0.095809669925043,0.24450012132992213,0.1451965604342744,-1.2577573150678698
2023-04-10,66,BurgerKing,South,0.9573177501757518,0.08805202868946016,0.07960538031602005,0.48906939996118465,-0.8865346316994134
2023-04-10,66,BurgerKing,Midwest,0.44498191717839314,-0.034438977028875224,0.3165741719930878,0.5707999278834135,-0.8443823193970343
2023-04-10,66,BurgerKing,West,0.6318911471426416,0.08811185668675103,0.10053500308910315,0.1221118822977808,-1.250572382001857
2023-04-10,66,BurgerKing,Southwest,0.8592288935137078,0.027801809721161426,0.018483657576278914,0.31990659288970436,-1.5421782048067114
2023-04-10,66,Wendys,Northeast,0.8720698734812721,-0.018438898242211767,0.1328241465142246,0.2864796801727,-0.5393861269422597
2023-04-10,66,Wendys,South,0.28388857553319613,0.044254202251026484,0.06877335669035799,0.4254476061773757,-1.0049560835652607
2023-04-10,66,Wendys,Midwest,0.5991868956582468,-0.04116644520817975,0.08722314572501384,0.211067729489257,-1.3876437209805519
2023-04-10,66,Wendys,West,0.5888153815277549,0.007735578374920423,0.04165760766371676,0.41158605271605975,-1.5793051636930213
2023-04-10,66,Wendys,Southwest,0.2653775696589862,-0.02682469838243847,0.19598595047373857,0.4491558671991043,-0.9033455254946567
2023-04-10,66,TacoBell,Northeast,0.778299122960298,0.11276897936530642,0.07730275216667797,0.26793124519078654,-1.6367248316093486
2023-04-10,66,TacoBell,South,0.20745689162472392,-0.08848108288097123,0.003979491119964669,0.41766802910529877,-1.7424350165394678
2023-04-10,66,TacoBell,Midwest,0.4905329198919055,-0.055045775643833936,0.11549220000432603,0.150108946801192,-1.2052491665568945
2023-04-10,66,TacoBell,West,0.37981404065159935,-0.03189522883526193,0.0446903396082485,0.47182917581289624,-1.5650189110337873
2023-04-10,66,TacoBell,Southwest,0.46111277245412136,-0.00717075329983837,0.10354646560386732,0.08879666648103435,-1.0566422826145774
2023-04-10,66,Subway,Northeast,0.2851823572469825,-0.00027821799979885057,0.22149824057158357,0.4678561070838936,-1.8230919876886498
2023-04-10,66,Subway,South,0.6013076594667159,0.0411919931321426,0.12968553551579612,0.4688915625596436,-1.0175883431490176
2023-04-10,66,Subway,Midwest,0.1384934305727406,0.011401988577269125,0.21684813678008416,0.34844406917218707,-1.5750552080034468
2023-04-10,66,Subway,West,0.4834997115823286,0.040105981639323954,0.24228889639333023,0.264080582240048,-1.999635598348231
2023-04-10,66,Subway,Southwest,0.26562368815666554,0.006763058687837319,0.15684861764457372,0.1839016666596838,-1.8095959134887354
2023-04-10,66,KFC,Northeast,0.42351205071688086,0.06773610571236462,0.10307124891057669,0.41065611985185674,-0.5995769332473588
2023-04-10,66,KFC,South,0.6317844347584964,0.10816106943184073,0.08985526769638223,0.059614022899604026,-0.6989680413269632
2023-04-10,66,KFC,Midwest,0.4563886848719885,0.1741557329266917,0.06211878057985756,0.18162748643710216,-1.6495864519456447
2023-04-10,66,KFC,West,0.2955962781593679,-0.04831235405196407,0.06522890237178519,0.37457060797482544,-0.8324421431817632
2023-04-10,66,KFC,Southwest,0.40158723820349884,-0.03158531821152839,0.2062792732454961,0.19135202294227086,-1.0871426102390387
2023-04-10,66,Dominos,Northeast,0.3411493965384089,0.017742055937244566,0.05859345042386398,0.21214506472215292,-0.5436429328251958
2023-04-10,66,Dominos,South,0.4398540907434535,-0.013691265325243928,0.16903420222022753,0.2939671196096951,-1.4395915106989112
2023-04-10,66,Dominos,Midwest,0.4951767148103229,-0.12563622901655358,0.10019145266430377,0.27749119186196053,-0.977809081224243
2023-04-10,66,Dominos,West,0.18272773601248155,0.0084943581836711,0.09196263428197264,0.08585787626857316,-1.9046964163641222
2023-04-10,66,Dominos,Southwest,0.28654448203725,0.035221594677615035,0.013614314134967706,0.23368255004054264,-1.4056289797753911
2023-04-10,66,PizzaHut,Northeast,0.7203947725122826,0.16655565147853577,0.1344967708176812,0.33192020930403915,-0.5542735082177292
2023-04-10,66,PizzaHut,South,0.7798822673221177,0.07215713255995919,0.17165385327232988,0.4309775708003919,-1.1915286883248193
2023-04-10,66,PizzaHut,Midwest,0.99,0.10614228643132087,0.05667293070097135,0.5405277045945869,-1.5681807449977332
2023-04-10,66,PizzaHut,West,0.574325306763112,0.02870164355087367,0.14116557278651456,0.36248858833460823,-1.8195935553070897
2023-04-10,66,PizzaHut,Southwest,0.3159363151323472,-0.0010392525894589635,0.2076269648452098,0.03054343973064911,-0.9447074897277044
2023-04-17,67,McDonalds,Northeast,0.7409567409160116,0.25438243503256663,0.027713269265470058,0.5703076004290429,-1.4167227552888253
2023-04-17,67,McDonalds,South,0.340016659347484,-0.030918803713224394,0.28741291316892137,0.36290162650219815,-1.9288765457898727
2023-04-17,67,McDonalds,Midwest,0.46874881580773636,-0.020797561608809845,0.044879181552355416,0.27197951974525986,-0.7982427450570128
2023-04-17,67,McDonalds,West,0.21090696274514337,0.02585765305690493,0.2724710438053291,0.32062222572817095,-1.093428921375788
2023-04-17,67,McDonalds,Southwest,0.874371053252077,0.10091622834171893,0.09761475647586786,0.06848935279224204,-1.7021857116976975
2023-04-17,67,BurgerKing,Northeast,0.4588627762749548,0.10060408510590364,0.24450012132992213,0.1451965604342744,-1.2577573150678698
2023-04-17,67,BurgerKing,South,0.9716107849665268,0.09679719943078538,0.07960538031602005,0.48906939996118465,-0.8865346316994134
2023-04-17,67,BurgerKing,Midwest,0.4440321289593602,-0.0409366292973579,0.3165741719930878,0.5707999278834135,-0.8443823193970343
2023-04-17,67,BurgerKing,West,0.6254070026381998,0.07607984813285959,0.10053500308910315,0.1221118822977808,-1.250572382001857
2023-04-17,67,BurgerKing,Southwest,0.8543563134407265,0.017381365598730394,0.018483657576278914,0.31990659288970436,-1.5421782048067114
2023-04-17,67,Wendys,Northeast,0.8627514559186766,-0.023310927454161037,0.1328241465142246,0.2864796801727,-0.5393861269422597
2023-04-17,67,Wendys,South,0.2759229740043848,0.04073498907286139,0.06877335669035799,0.4254476061773757,-1.0049560835652607
2023-04-17,67,Wendys,Midwest,0.5870405466456261,-0.04886640587015432,0.08722314572501384,0.211067729489257,-1.3876437209805519
2023-04-17,67,Wendys,West,0.5714078265346098,-0.005225588267578522,0.04165760766371676,0.41158605271605975,-1.5793051636930213
2023-04-17,67,Wendys,Southwest,0.2563699730335981,-0.03138590665718035,0.19598595047373857,0.4491558671991043,-0.9033455254946567
2023-04-17,67,TacoBell,Northeast,0.7636550178061716,0.11458324556644613,0.07730275216667797,0.26793124519078654,-1.6367248316093486
2023-04-17,67,TacoBell,South,0.19694881492781344,-0.08253078822261559,0.003979491119964669,0.41766802910529877,-1.7424350165394678
2023-04-17,67,TacoBell,Midwest,0.4685003180055562,-0.06062000617491715,0.11549220000432603,0.150108946801192,-1.2052491665568945
2023-04-17,67,TacoBell,West,0.3592256910748989,-0.03602520705669627,0.0446903396082485,0.47182917581289624,-1.5650189110337873
2023-04-17,67,TacoBell,Southwest,0.4353874180103821,-0.016437736388311478,0.10354646560386732,0.08879666648103435,-1.0566422826145774
2023-04-17,67,Subway,Northeast,0.2822312661506813,-0.0005926097035466149,0.22149824057158357,0.4678561070838936,-1.8230919876886498
2023-04-17,67,Subway,South,0.5901866737322544,0.03270770679023445,0.12968553551579612,0.4688915625596436,-1.0175883431490176
2023-04-17,67,Subway,Midwest,0.14158800931259916,0.017133266709681128,0.21684813678008416,0.34844406917218707,-1.5750552080034468
2023-04-17,67,Subway,West,0.46300434727043394,0.02224731671998284,0.24228889639333023,0.264080582240048,-1.999635598348231
2023-04-17,67,Subway,Southwest,0.2593906920395874,0.003166761963312697,0.15684861764457372,0.1839016666596838,-1.8095959134887354
2023-04-17,67,KFC,Northeast,0.43421170847243395,0.07074717910428203,0.10307124891057669,0.41065611985185674,-0.5995769332473588
2023-04-17,67,KFC,South,0.6413113642853573,0.10999941459506578,0.08985526769638223,0.059614022899604026,-0.6989680413269632
2023-04-17,67,KFC,Midwest,0.49100760587542924,0.20108606956649666,0.06211878057985756,0.18162748643710216,-1.6495864519456447
2023-04-17,67,KFC,West,0.3067828627686826,-0.04481435380628499,0.06522890237178519,0.37457060797482544,-0.8324421431817632
2023-04-17,67,KFC,Southwest,0.3992352765987144,-0.04162586417994849,0.2062792732454961,0.19135202294227086,-1.0871426102390387
2023-04-17,67,Dominos,Northeast,0.3507841629570435,0.016787413466353835,0.05859345042386398,0.21214506472215292,-0.5436429328251958
2023-04-17,67,Dominos,South,0.43268103629831445,-0.03145372865990845,0.16903420222022753,0.2939671196096951,-1.4395915106989112
2023-04-17,67,Dominos,Midwest,0.5049601262068807,-0.1264422265095212,0.10019145266430377,0.27749119186196053,-0.977809081224243
2023-04-17,67,Dominos,West,0.18498658433199935,0.00016379761366351261,0.09196263428197264,0.08585787626857316,-1.9046964163641222
2023-04-17,67,Dominos,Southwest,0.306287793682377,0.04437549743321666,0.013614314134967706,0.23368255004054264,-1.4056289797753911
2023-04-17,67,PizzaHut,Northeast,0.7124695209240253,0.16106024873258043,0.1344967708176812,0.33192020930403915,-0.5542735082177292
2023-04-17,67,PizzaHut,South,0.7762847593218634,0.07098947340200672,0.17165385327232988,0.4309775708003919,-1.1915286883248193
2023-04-17,67,PizzaHut,Midwest,0.99,0.09978670801727683,0.05667293070097135,0.5405277045945869,-1.5681807449977332
2023-04-17,67,PizzaHut,West,0.5892839714393434,0.04609015706940699,0.14116557278651456,0.36248858833460823,-1.8195935553070897
2023-04-17,67,PizzaHut,Southwest,0.3102940386288662,-0.0042516802506380805,0.2076269648452098,0.03054343973064911,-0.9447074897277044
2023-04-24,68,McDonalds,Northeast,0.7681789987284819,0.2727080054673586,0.027713269265470058,0.5703076004290429,-1.4167227552888253
2023-04-24,68,McDonalds,South,0.35705486434634515,-0.02277728609204173,0.28741291316892137,0.36290162650219815,-1.9288765457898727
2023-04-24,68,McDonalds,Midwest,0.48246617045876866,-0.015976894335455984,0.044879181552355416,0.27197951974525986,-0.7982427450570128
2023-04-24,68,McDonalds,West,0.22349098159599706,0.02954498453008013,0.2724710438053291,0.32062222572817095,-1.093428921375788
2023-04-24,68,McDonalds,Southwest,0.887205713611918,0.10485420132388144,0.09761475647586786,0.06848935279224204,-1.7021857116976975
2023-04-24,68,BurgerKing,Northeast,0.44344321695481487,0.08132735931244754,0.24450012132992213,0.1451965604342744,-1.2577573150678698
2023-04-24,68,BurgerKing,South,0.9726791174983354,0.09400836548927781,0.07960538031602005,0.48906939996118465,-0.8865346316994134
2023-04-24,68,BurgerKing,Midwest,0.4563408751445196,-0.03248504958551468,0.3165741719930878,0.5707999278834135,-0.8443823193970343
2023-04-24,68,BurgerKing,West,0.6287751972767749,0.07559087629811853,0.10053500308910315,0.1221118822977808,-1.250572382001857
2023-04-24,68,BurgerKing,Southwest,0.8441615814460068,0.0033294671306946435,0.018483657576278914,0.31990659288970436,-1.5421782048067114
2023-04-24,68,Wendys,Northeast,0.857219154681323,-0.02383497195993573,0.1328241465142246,0.2864796801727,-0.5393861269422597
2023-04-24,68,Wendys,South,0.2879557724353608,0.0577760442354163,0.06877335669035799,0.4254476061773757,-1.0049560835652607
2023-04-24,68,Wendys,Midwest,0.5945012070693945,-0.03639748871480712,0.08722314572501384,0.211067729489257,-1.3876437209805519
2023-04-24,68,Wendys,West,0.5657795297093706,-0.0058456283612388395,0.04165760766371676,0.41158605271605975,-1.5793051636930213
2023-04-24,68,Wendys,Southwest,0.26087620907260006,-0.021871413886599484,0.19598595047373857,0.4491558671991043,-0.9033455254946567
2023-04-24,68,TacoBell,Northeast,0.7433326413661347,0.1109181753627656,0.07730275216667797,0.26793124519078654,-1.6367248316093486
2023-04-24,68,TacoBell,South,0.16325279282318986,-0.09956950409088278,0.003979491119964669,0.41766802910529877,-1.7424350165394678
2023-04-24,68,TacoBell,Midwest,0.44259835188790425,-0.0698646660562127,0.11549220000432603,0.150108946801192,-1.2052491665568945
2023-04-24,68,TacoBell,West,0.35819727252362443,-0.02039631937161429,0.0446903396082485,0.47182917581289624,-1.5650189110337873
2023-04-24,68,TacoBell,Southwest,0.41599018095573265,-0.01917766720660452,0.10354646560386732,0.08879666648103435,-1.0566422826145774
2023-04-24,68,Subway,Northeast,0.2791268582375118,-0.0030264494972967954,0.22149824057158357,0.4678561070838936,-1.8230919876886498
2023-04-24,68,Subway,South,0.5865177236500864,0.029709324827485645,0.12968553551579612,0.4688915625596436,-1.0175883431490176
2023-04-24,68,Subway,Midwest,0.15995880708891,0.0361746326054112,0.21684813678008416,0.34844406917218707,-1.5750552080034468
2023-04-24,68,Subway,West,0.4785933683046354,0.038506905873603475,0.24228889639333023,0.264080582240048,-1.999635598348231
2023-04-24,68,Subway,Southwest,0.28090792625464955,0.025354564297794036,0.15684861764457372,0.1839016666596838,-1.8095959134887354
2023-04-24,68,KFC,Northeast,0.44125936954998934,0.06915672700028153,0.10307124891057669,0.41065611985185674,-0.5995769332473588
2023-04-24,68,KFC,South,0.6529057223543842,0.11295565948253673,0.08985526769638223,0.059614022899604026,-0.6989680413269632
2023-04-24,68,KFC,Midwest,0.48447929356277714,0.18591964407228875,0.06211878057985756,0.18162748643710216,-1.6495864519456447
2023-04-24,68,KFC,West,0.33019032021142125,-0.030045009545102246,0.06522890237178519,0.37457060797482544,-0.8324421431817632
2023-04-24,68,KFC,Southwest,0.39619559426759093,-0.05330365969262784,0.2062792732454961,0.19135202294227086,-1.0871426102390387
2023-04-24,68,Dominos,Northeast,0.36254227129328065,0.018955169103980127,0.05859345042386398,0.21214506472215292,-0.5436429328251958
2023-04-24,68,Dominos,South,0.4312983637205967,-0.04242675393623689,0.16903420222022753,0.2939671196096951,-1.4395915106989112
2023-04-24,68,Dominos,Midwest,0.5086618106381045,-0.13233089477690815,0.10019145266430377,0.27749119186196053,-0.977809081224243
2023-04-24,68,Dominos,West,0.18620431272011315,-0.008208826696833491,0.09196263428197264,0.08585787626857316,-1.9046964163641222
2023-04-24,68,Dominos,Southwest,0.30979939377422966,0.03829674482645848,0.013614314134967706,0.23368255004054264,-1.4056289797753911
2023-04-24,68,PizzaHut,Northeast,0.7025493153811649,0.15566902170109065,0.1344967708176812,0.33192020930403915,-0.5542735082177292
2023-04-24,68,PizzaHut,South,0.766273092861242,0.06550678545275594,0.17165385327232988,0.4309775708003919,-1.1915286883248193
2023-04-24,68,PizzaHut,Midwest,0.99,0.1081200471350799,0.05667293070097135,0.5405277045945869,-1.5681807449977332
2023-04-24,68,PizzaHut,West,0.5737063649973475,0.035041529138781786,0.14116557278651456,0.36248858833460823,-1.8195935553070897
2023-04-24,68,PizzaHut,Southwest,0.30797047438763414,-0.002046265980499412,0.2076269648452098,0.03054343973064911,-0.9447074897277044
2023-05-01,69,McDonalds,Northeast,0.7909979694122092,0.2848875969904142,0.027713269265470058,0.5703076004290429,-1.4167227552888253
2023-05-01,69,McDonalds,South,0.36256227986188283,-0.02790924973717569,0.28741291316892137,0.36290162650219815,-1.9288765457898727
2023-05-01,69,McDonalds,Midwest,0.4859263607119644,-0.023156083242932002,0.044879181552355416,0.27197951974525986,-0.7982427450570128
2023-05-01,69,McDonalds,West,0.23182511450486618,0.02723973827827762,0.2724710438053291,0.32062222572817095,-1.093428921375788
2023-05-01,69,McDonalds,Southwest,0.9096423448561968,0.11665145340748855,0.09761475647586786,0.06848935279224204,-1.7021857116976975
2023-05-01,69,BurgerKing,Northeast,0.4474948233922816,0.08326843562198112,0.24450012132992213,0.1451965604342744,-1.2577573150678698
2023-05-01,69,BurgerKing,South,0.9694775046801926,0.08869622254320182,0.07960538031602005,0.48906939996118465,-0.8865346316994134
2023-05-01,69,BurgerKing,Midwest,0.4632901717843331,-0.027646283073634283,0.3165741719930878,0.5707999278834135,-0.8443823193970343
2023-05-01,69,BurgerKing,West,0.6198628059063439,0.0645679547997543,0.10053500308910315,0.1221118822977808,-1.250572382001857
2023-05-01,69,BurgerKing,Southwest,0.8530857066783696,0.010143062235124123,0.018483657576278914,0.31990659288970436,-1.5421782048067114
2023-05-01,69,Wendys,Northeast,0.8558077351649561,-0.01974889888291806,0.1328241465142246,0.2864796801727,-0.5393861269422597
2023-05-01,69,Wendys,South,0.2793801951305874,0.054697959524027465,0.06877335669035799,0.4254476061773757,-1.0049560835652607
2023-05-01,69,Wendys,Midwest,0.5806178564915375,-0.044783346699279435,0.08722314572501384,0.211067729489257,-1.3876437209805519
2023-05-01,69,Wendys,West,0.5514152278931514,-0.014712437584073413,0.04165760766371676,0.41158605271605975,-1.5793051636930213
2023-05-01,69,Wendys,Southwest,0.26072688984267456,-0.01652324052314038,0.19598595047373857,0.4491558671991043,-0.9033455254946567
2023-05-01,69,TacoBell,Northeast,0.7390077787748311,0.12320798038765622,0.07730275216667797,0.26793124519078654,-1.6367248316093486
2023-05-01,69,TacoBell,South,0.1402650477367077,-0.10594258156117073,0.003979491119964669,0.41766802910529877,-1.7424350165394678
2023-05-01,69,TacoBell,Midwest,0.4305675513072249,-0.06528079902069785,0.11549220000432603,0.150108946801192,-1.2052491665568945
2023-05-01,69,TacoBell,West,0.3207123347214096,-0.04126658955763498,0.0446903396082485,0.47182917581289624,-1.5650189110337873
2023-05-01,69,TacoBell,Southwest,0.39352933603296647,-0.02502384451317652,0.10354646560386732,0.08879666648103435,-1.0566422826145774
2023-05-01,69,Subway,Northeast,0.28012155701360764,-0.003337038826005815,0.22149824057158357,0.4678561070838936,-1.8230919876886498
2023-05-01,69,Subway,South,0.5787261775850728,0.020612490657667307,0.12968553551579612,0.4688915625596436,-1.0175883431490176
2023-05-01,69,Subway,Midwest,0.15189903144581882,0.02680956885751524,0.21684813678008416,0.34844406917218707,-1.5750552080034468
2023-05-01,69,Subway,West,0.47322086084475135,0.03182911030891462,0.24228889639333023,0.264080582240048,-1.999635598348231
2023-05-01,69,Subway,Southwest,0.28513514164271814,0.02827649158105777,0.15684861764457372,0.1839016666596838,-1.8095959134887354
2023-05-01,69,KFC,Northeast,0.4488484466531598,0.06728343681621778,0.10307124891057669,0.41065611985185674,-0.5995769332473588
2023-05-01,69,KFC,South,0.6399857773083686,0.09057334714928701,0.08985526769638223,0.059614022899604026,-0.6989680413269632
2023-05-01,69,KFC,Midwest,0.47273465932366066,0.1647126425459381,0.06211878057985756,0.18162748643710216,-1.6495864519456447
2023-05-01,69,KFC,West,0.33358403572008377,-0.036113661323673996,0.06522890237178519,0.37457060797482544,-0.8324421431817632
2023-05-01,69,KFC,Southwest,0.41023482741536066,-0.04872679383209232,0.2062792732454961,0.19135202294227086,-1.0871426102390387
2023-05-01,69,Dominos,Northeast,0.34351943475543284,-0.008519879323272219,0.05859345042386398,0.21214506472215292,-0.5436429328251958
2023-05-01,69,Dominos,South,0.43475327384848494,-0.047424055697753195,0.16903420222022753,0.2939671196096951,-1.4395915106989112
2023-05-01,69,Dominos,Midwest,0.5118515439623348,-0.13759337334208235,0.10019145266430377,0.27749119186196053,-0.977809081224243
2023-05-01,69,Dominos,West,0.20853990239160214,0.0056745510852509885,0.09196263428197264,0.08585787626857316,-1.9046964163641222
2023-05-01,69,Dominos,Southwest,0.31440138754650554,0.03444652670932984,0.013614314134967706,0.23368255004054264,-1.4056289797753911
2023-05-01,69,PizzaHut,Northeast,0.6998167788084726,0.15949891154849993,0.1344967708176812,0.33192020930403915,-0.5542735082177292
2023-05-01,69,PizzaHut,South,0.7611232378420152,0.06691935685363057,0.17165385327232988,0.4309775708003919,-1.1915286883248193
2023-05-01,69,PizzaHut,Midwest,0.99,0.08681438233700789,0.05667293070097135,0.5405277045945869,-1.5681807449977332
2023-05-01,69,PizzaHut,West,0.5748260107435634,0.04272360130509916,0.14116557278651456,0.36248858833460823,-1.8195935553070897
2023-05-01,69,PizzaHut,Southwest,0.3035620130220955,0.00010769907406346733,0.2076269648452098,0.03054343973064911,-0.9447074897277044
2023-05-08,70,McDonalds,Northeast,0.808308428570277,0.28997028338716013,0.027713269265470058,0.5703076004290429,-1.4167227552888253
2023-05-08,70,McDonalds,South,0.414052429687568,0.011353127327187577,0.28741291316892137,0.36290162650219815,-1.9288765457898727
2023-05-08,70,McDonalds,Midwest,0.4773130040783003,-0.043997212637917886,0.044879181552355416,0.27197951974525986,-0.7982427450570128
2023-05-08,70,McDonalds,West,0.2612998537637991,0.0444867047758887,0.2724710438053291,0.32062222572817095,-1.093428921375788
2023-05-08,70,McDonalds,Southwest,0.9189956424235151,0.113776978213485,0.09761475647586786,0.06848935279224204,-1.7021857116976975
2023-05-08,70,BurgerKing,Northeast,0.45070139813942384,0.08614172466601121,0.24450012132992213,0.1451965604342744,-1.2577573150678698
2023-05-08,70,BurgerKing,South,0.9693556679302923,0.0882411000901894,0.07960538031602005,0.48906939996118465,-0.8865346316994134
2023-05-08,70,BurgerKing,Midwest,0.45938109415346484,-0.03188864640761472,0.3165741719930878,0.5707999278834135,-0.8443823193970343
2023-05-08,70,BurgerKing,West,0.6144977623270684,0.058869625517366714,0.10053500308910315,0.1221118822977808,-1.250572382001857
2023-05-08,70,BurgerKing,Southwest,0.8567140797372118,0.013438149590854213,0.018483657576278914,0.31990659288970436,-1.5421782048067114
2023-05-08,70,Wendys,Northeast,0.8347289974322114,-0.034920635849634854,0.1328241465142246,0.2864796801727,-0.5393861269422597
2023-05-08,70,Wendys,South,0.2809789860397771,0.06220375119924512,0.06877335669035799,0.4254476061773757,-1.0049560835652607
2023-05-08,70,Wendys,Midwest,0.5705489116766571,-0.048945290748131975,0.08722314572501384,0.211067729489257,-1.3876437209805519
2023-05-08,70,Wendys,West,0.5342075337367199,-0.02601313097447699,0.04165760766371676,0.41158605271605975,-1.5793051636930213
2023-05-08,70,Wendys,Southwest,0.2503197604966885,-0.021023369103098516,0.19598595047373857,0.4491558671991043,-0.9033455254946567
2023-05-08,70,TacoBell,Northeast,0.7352481970797398,0.13577947255628195,0.07730275216667797,0.26793124519078654,-1.6367248316093486
2023-05-08,70,TacoBell,South,0.11858062300282829,-0.11129593243133296,0.003979491119964669,0.41766802910529877,-1.7424350165394678
2023-05-08,70,TacoBell,Midwest,0.4178210136256039,-0.06169626283860164,0.11549220000432603,0.150108946801192,-1.2052491665568945
2023-05-08,70,TacoBell,West,0.29707169810053763,-0.04857615231478971,0.0446903396082485,0.47182917581289624,-1.5650189110337873
2023-05-08,70,TacoBell,Southwest,0.3847774806684855,-0.017444626013940322,0.10354646560386732,0.08879666648103435,-1.0566422826145774
2023-05-08,70,Subway,Northeast,0.2902388487178974,0.0035180385618962264,0.22149824057158357,0.4678561070838936,-1.8230919876886498
2023-05-08,70,Subway,South,0.6004744802344246,0.03909857899063142,0.12968553551579612,0.4688915625596436,-1.0175883431490176
2023-05-08,70,Subway,Midwest,0.15340560630721436,0.025053929402523083,0.21684813678008416,0.34844406917218707,-1.5750552080034468
2023-05-08,70,Subway,West,0.48316962320871815,0.03851565835649368,0.24228889639333023,0.264080582240048,-1.999635598348231
2023-05-08,70,Subway,Southwest,0.28937803135449525,0.029257166976447216,0.15684861764457372,0.1839016666596838,-1.8095959134887354
2023-05-08,70,KFC,Northeast,0.47195655736188946,0.08024215463484792,0.10307124891057669,0.41065611985185674,-0.5995769332473588
2023-05-08,70,KFC,South,0.6429468463223809,0.08338502327319972,0.08985526769638223,0.059614022899604026,-0.6989680413269632
2023-05-08,70,KFC,Midwest,0.4903341053425331,0.1721626956747109,0.06211878057985756,0.18162748643710216,-1.6495864519456447
2023-05-08,70,KFC,West,0.34178645564901644,-0.038060634284840814,0.06522890237178519,0.37457060797482544,-0.8324421431817632
2023-05-08,70,KFC,Southwest,0.4197423385343752,-0.0493686756031773,0.2062792732454961,0.19135202294227086,-1.0871426102390387
2023-05-08,70,Dominos,Northeast,0.3516284520116027,-0.00760235447878849,0.05859345042386398,0.21214506472215292,-0.5436429328251958
2023-05-08,70,Dominos,South,0.4444671702244379,-0.04490165173348642,0.16903420222022753,0.2939671196096951,-1.4395915106989112
2023-05-08,70,Dominos,Midwest,0.5178807459428014,-0.13875566377330192,0.10019145266430377,0.27749119186196053,-0.977809081224243
2023-05-08,70,Dominos,West,0.21787852663499357,0.007821682916956247,0.09196263428197264,0.08585787626857316,-1.9046964163641222
2023-05-08,70,Dominos,Southwest,0.3373740605338135,0.050227707284951684,0.013614314134967706,0.23368255004054264,-1.4056289797753911
2023-05-08,70,PizzaHut,Northeast,0.701170573286438,0.16935340840465213,0.1344967708176812,0.33192020930403915,-0.5542735082177292
2023-05-08,70,PizzaHut,South,0.7613140813887972,0.07561090277859954,0.17165385327232988,0.4309775708003919,-1.1915286883248193
2023-05-08,70,PizzaHut,Midwest,0.99,0.08225898707676918,0.05667293070097135,0.5405277045945869,-1.5681807449977332
2023-05-08,70,PizzaHut,West,0.5574329000830933,0.03383119302281592,0.14116557278651456,0.36248858833460823,-1.8195935553070897
2023-05-08,70,PizzaHut,Southwest,0.3046143162262862,0.009660704656440998,0.2076269648452098,0.03054343973064911,-0.9447074897277044
2023-05-15,71,McDonalds,Northeast,0.8307077289095152,0.2987307513124581,0.027713269265470058,0.5703076004290429,-1.4167227552888253
2023-05-15,71,McDonalds,South,0.44241796885901796,0.026079834084697398,0.28741291316892137,0.36290162650219815,-1.9288765457898727
2023-05-15,71,McDonalds,Midwest,0.48491203023254825,-0.05003701889761018,0.044879181552355416,0.27197951974525986,-0.7982427450570128
2023-05-15,71,McDonalds,West,0.27264319962413586,0.042191218222285234,0.2724710438053291,0.32062222572817095,-1.093428921375788
2023-05-15,71,McDonalds,Southwest,0.916239633212201,0.09738213658823065,0.09761475647586786,0.06848935279224204,-1.7021857116976975
2023-05-15,71,BurgerKing,Northeast,0.44532789486283814,0.08221701360540248,0.24450012132992213,0.1451965604342744,-1.2577573150678698
2023-05-15,71,BurgerKing,South,0.9778725808201099,0.09820680519598388,0.07960538031602005,0.48906939996118465,-0.8865346316994134
2023-05-15,71,BurgerKing,Midwest,0.4532673481452059,-0.0365536001998967,0.3165741719930878,0.5707999278834135,-0.8443823193970343
2023-05-15,71,BurgerKing,West,0.6194537680630997,0.06527442346937495,0.10053500308910315,0.1221118822977808,-1.250572382001857
2023-05-15,71,BurgerKing,Southwest,0.8533602564612568,0.011533118530876098,0.018483657576278914,0.31990659288970436,-1.5421782048067114
2023-05-15,71,Wendys,Northeast,0.8317387253797495,-0.03168006556741925,0.1328241465142246,0.2864796801727,-0.5393861269422597
2023-05-15,71,Wendys,South,0.26327122980694284,0.05072683730108845,0.06877335669035799,0.4254476061773757,-1.0049560835652607
2023-05-15,71,Wendys,Midwest,0.5651701638383184,-0.048093196251792966,0.08722314572501384,0.211067729489257,-1.3876437209805519
2023-05-15,71,Wendys,West,0.4980653316930351,-0.05592449068348422,0.04165760766371676,0.41158605271605975,-1.5793051636930213
2023-05-15,71,Wendys,Southwest,0.24221995658039105,-0.022892330684718364,0.19598595047373857,0.4491558671991043,-0.9033455254946567
2023-05-15,71,TacoBell,Northeast,0.703132826829646,0.11947474011913055,0.07730275216667797,0.26793124519078654,-1.6367248316093486
2023-05-15,71,TacoBell,South,0.11482993035535419,-0.0992359872658648,0.003979491119964669,0.41766802910529877,-1.7424350165394678
2023-05-15,71,TacoBell,Midwest,0.4097844493403068,-0.05392218931095653,0.11549220000432603,0.150108946801192,-1.2052491665568945
2023-05-15,71,TacoBell,West,0.28592777010725623,-0.0439094424951289,0.0446903396082485,0.47182917581289624,-1.5650189110337873
2023-05-15,71,TacoBell,Southwest,0.384176905127137,-0.002234563742346523,0.10354646560386732,0.08879666648103435,-1.0566422826145774
2023-05-15,71,Subway,Northeast,0.28592151359479867,-0.005971126646352146,0.22149824057158357,0.4678561070838936,-1.8230919876886498
2023-05-15,71,Subway,South,0.6231199422987299,0.056572210969787,0.12968553551579612,0.4688915625596436,-1.0175883431490176
2023-05-15,71,Subway,Midwest,0.16789935203496786,0.03437584504512693,0.21684813678008416,0.34844406917218707,-1.5750552080034468
2023-05-15,71,Subway,West,0.48597590042167826,0.036150105484304224,0.24228889639333023,0.264080582240048,-1.999635598348231
2023-05-15,71,Subway,Southwest,0.3059060629114744,0.040613368448276656,0.15684861764457372,0.1839016666596838,-1.8095959134887354
2023-05-15,71,KFC,Northeast,0.47158284860127486,0.06917921951073158,0.10307124891057669,0.41065611985185674,-0.5995769332473588
2023-05-15,71,KFC,South,0.6453909310706057,0.07513988165792299,0.08985526769638223,0.059614022899604026,-0.6989680413269632
2023-05-15,71,KFC,Midwest,0.49493743447363775,0.1660767984423139,0.06211878057985756,0.18162748643710216,-1.6495864519456447
2023-05-15,71,KFC,West,0.347185904931878,-0.04335041136548096,0.06522890237178519,0.37457060797482544,-0.8324421431817632
2023-05-15,71,KFC,Southwest,0.4198659884702744,-0.05993425203077983,0.2062792732454961,0.19135202294227086,-1.0871426102390387
2023-05-15,71,Dominos,Northeast,0.36968576060168346,0.004628476192164759,0.05859345042386398,0.21214506472215292,-0.5436429328251958
2023-05-15,71,Dominos,South,0.4477051041398671,-0.047490195737184736,0.16903420222022753,0.2939671196096951,-1.4395915106989112
2023-05-15,71,Dominos,Midwest,0.5272322735454976,-0.13523061408973314,0.10019145266430377,0.27749119186196053,-0.977809081224243
2023-05-15,71,Dominos,West,0.21800149088998422,0.002118169252819441,0.09196263428197264,0.08585787626857316,-1.9046964163641222
2023-05-15,71,Dominos,Southwest,0.3249945054474558,0.03202167427946651,0.013614314134967706,0.23368255004054264,-1.4056289797753911
2023-05-15,71,PizzaHut,Northeast,0.6935554504385769,0.17205398198856636,0.1344967708176812,0.33192020930403915,-0.5542735082177292
2023-05-15,71,PizzaHut,South,0.7318758352028242,0.05648835302440177,0.17165385327232988,0.4309775708003919,-1.1915286883248193
2023-05-15,71,PizzaHut,Midwest,0.99,0.0815726466159145,0.05667293070097135,0.5405277045945869,-1.5681807449977332
2023-05-15,71,PizzaHut,West,0.5334340532629899,0.020148042634487814,0.14116557278651456,0.36248858833460823,-1.8195935553070897
2023-05-15,71,PizzaHut,Southwest,0.31417137978681897,0.029533464648749078,0.2076269648452098,0.03054343973064911,-0.9447074897277044
2023-05-22,72,McDonalds,Northeast,0.8546734502794492,0.3078443785342053,0.027713269265470058,0.5703076004290429,-1.4167227552888253
2023-05-22,72,McDonalds,South,0.45832760091991953,0.027137371997412202,0.28741291316892137,0.36290162650219815,-1.9288765457898727
2023-05-22,72,McDonalds,Midwest,0.5124011911572817,-0.03739995212106349,0.044879181552355416,0.27197951974525986,-0.7982427450570128
2023-05-22,72,McDonalds,West,0.27903213399766524,0.03372805844762788,0.2724710438053291,0.32062222572817095,-1.093428921375788
2023-05-22,72,McDonalds,Southwest,0.9365265211470887,0.10281693037493159,0.09761475647586786,0.06848935279224204,-1.7021857116976975
2023-05-22,72,BurgerKing,Northeast,0.44411614025387736,0.08421511794258962,0.24450012132992213,0.1451965604342744,-1.2577573150678698
2023-05-22,72,BurgerKing,South,0.9773029226872986,0.10084700600932058,0.07960538031602005,0.48906939996118465,-0.8865346316994134
2023-05-22,72,BurgerKing,Midwest,0.4627810242001257,-0.023830065198829024,0.3165741719930878,0.5707999278834135,-0.8443823193970343
2023-05-22,72,BurgerKing,West,0.6235688301447498,0.07259934449717298,0.10053500308910315,0.1221118822977808,-1.250572382001857
2023-05-22,72,BurgerKing,Southwest,0.853037634143359,0.014420355159126331,0.018483657576278914,0.31990659288970436,-1.5421782048067114
2023-05-22,72,Wendys,Northeast,0.8087255302483207,-0.048228939929702216,0.1328241465142246,0.2864796801727,-0.5393861269422597
2023-05-22,72,Wendys,South,0.24720644608500245,0.04112637434829381,0.06877335669035799,0.4254476061773757,-1.0049560835652607
2023-05-22,72,Wendys,Midwest,0.5574787537332154,-0.04932028558775021,0.08722314572501384,0.211067729489257,-1.3876437209805519
2023-05-22,72,Wendys,West,0.4925347346666558,-0.05499076694071771,0.04165760766371676,0.41158605271605975,-1.5793051636930213
2023-05-22,72,Wendys,Southwest,0.22445359856450606,-0.0341943679314576,0.19598595047373857,0.4491558671991043,-0.9033455254946567
2023-05-22,72,TacoBell,Northeast,0.7121886864690663,0.14359150687491476,0.07730275216667797,0.26793124519078654,-1.6367248316093486
2023-05-22,72,TacoBell,South,0.11493296379152607,-0.08407204671332907,0.003979491119964669,0.41766802910529877,-1.7424350165394678
2023-05-22,72,TacoBell,Midwest,0.40074472542786777,-0.04790100610703169,0.11549220000432603,0.150108946801192,-1.2052491665568945
2023-05-22,72,TacoBell,West,0.27158723160372983,-0.04318907388229146,0.0446903396082485,0.47182917581289624,-1.5650189110337873
2023-05-22,72,TacoBell,Southwest,0.36699390831176165,-0.004356653441358045,0.10354646560386732,0.08879666648103435,-1.0566422826145774
2023-05-22,72,Subway,Northeast,0.2834087700977903,-0.015490311246574502,0.22149824057158357,0.4678561070838936,-1.8230919876886498
2023-05-22,72,Subway,South,0.6309011885871325,0.05734701615497562,0.12968553551579612,0.4688915625596436,-1.0175883431490176
2023-05-22,72,Subway,Midwest,0.1774833185396094,0.03695337044655444,0.21684813678008416,0.34844406917218707,-1.5750552080034468
2023-05-22,72,Subway,West,0.4805647357700761,0.02373249972948798,0.24228889639333023,0.264080582240048,-1.999635598348231
2023-05-22,72,Subway,Southwest,0.31625426818713737,0.04395513262072563,0.15684861764457372,0.1839016666596838,-1.8095959134887354
2023-05-22,72,KFC,Northeast,0.4811042968557838,0.06762662902248409,0.10307124891057669,0.41065611985185674,-0.5995769332473588
2023-05-22,72,KFC,South,0.6373868942345884,0.056061806079149075,0.08985526769638223,0.059614022899604026,-0.6989680413269632
2023-05-22,72,KFC,Midwest,0.4974076231085992,0.1574729483345189,0.06211878057985756,0.18162748643710216,-1.6495864519456447
2023-05-22,72,KFC,West,0.35412388834041797,-0.0474864666996974,0.06522890237178519,0.37457060797482544,-0.8324421431817632
2023-05-22,72,KFC,Southwest,0.4498169037864327,-0.041057375457377934,0.2062792732454961,0.19135202294227086,-1.0871426102390387
2023-05-22,72,Dominos,Northeast,0.37962825645661885,0.01019400743750234,0.05859345042386398,0.21214506472215292,-0.5436429328251958
2023-05-22,72,Dominos,South,0.438727253058466,-0.060845011428183646,0.16903420222022753,0.2939671196096951,-1.4395915106989112
2023-05-22,72,Dominos,Midwest,0.5364696010492719,-0.13037025119555676,0.10019145266430377,0.27749119186196053,-0.977809081224243
2023-05-22,72,Dominos,West,0.20690541561019843,-0.013354870636564216,0.09196263428197264,0.08585787626857316,-1.9046964163641222
2023-05-22,72,Dominos,Southwest,0.34019838059592444,0.04284858481833725,0.013614314134967706,0.23368255004054264,-1.4056289797753911
2023-05-22,72,PizzaHut,Northeast,0.6768631173907711,0.16734273547038758,0.1344967708176812,0.33192020930403915,-0.5542735082177292
2023-05-22,72,PizzaHut,South,0.7189583867858055,0.055551991137010065,0.17165385327232988,0.4309775708003919,-1.1915286883248193
2023-05-22,72,PizzaHut,Midwest,0.99,0.0948306130913364,0.05667293070097135,0.5405277045945869,-1.5681807449977332
2023-05-22,72,PizzaHut,West,0.5085813310475205,0.007276406948645314,0.14116557278651456,0.36248858833460823,-1.8195935553070897
2023-05-22,72,PizzaHut,Southwest,0.28821911140606216,0.015562282797619165,0.2076269648452098,0.03054343973064911,-0.9447074897277044
2023-05-29,73,McDonalds,Northeast,0.8646874195849179,0.30200838527074525,0.027713269265470058,0.5703076004290429,-1.4167227552888253
2023-05-29,73,McDonalds,South,0.4845613519990415,0.03752116050760537,0.28741291316892137,0.36290162650219815,-1.9288765457898727
2023-05-29,73,McDonalds,Midwest,0.513057692971442,-0.05259341287583192,0.044879181552355416,0.27197951974525986,-0.7982427450570128
2023-05-29,73,McDonalds,West,0.2665605405854884,0.005406502466522179,0.2724710438053291,0.32062222572817095,-1.093428921375788
2023-05-29,73,McDonalds,Southwest,0.9478648951319274,0.0983053417908416,0.09761475647586786,0.06848935279224204,-1.7021857116976975
2023-05-29,73,BurgerKing,Northeast,0.4447091737328477,0.08973252594169882,0.24450012132992213,0.1451965604342744,-1.2577573150678698
2023-05-29,73,BurgerKing,South,0.984381165664548,0.11284962350670887,0.07960538031602005,0.48906939996118465,-0.8865346316994134
2023-05-29,73,BurgerKing,Midwest,0.4532250360591328,-0.028461678819683013,0.3165741719930878,0.5707999278834135,-0.8443823193970343
2023-05-29,73,BurgerKing,West,0.614530189553451,0.06848507842601295,0.10053500308910315,0.1221118822977808,-1.250572382001857
2023-05-29,73,BurgerKing,Southwest,0.8596522669657777,0.025959362501683805,0.018483657576278914,0.31990659288970436,-1.5421782048067114
2023-05-29,73,Wendys,Northeast,0.7834240632157913,-0.06692635692665642,0.1328241465142246,0.2864796801727,-0.5393861269422597
2023-05-29,73,Wendys,South,0.23671718829759708,0.03724116659646372,0.06877335669035799,0.4254476061773757,-1.0049560835652607
2023-05-29,73,Wendys,Midwest,0.5527789425968908,-0.04741604668849963,0.08722314572501384,0.211067729489257,-1.3876437209805519
2023-05-29,73,Wendys,West,0.49042287184393085,-0.050498579727867365,0.04165760766371676,0.41158605271605975,-1.5793051636930213
2023-05-29,73,Wendys,Southwest,0.21275148159702195,-0.03929243486336643,0.19598595047373857,0.4491558671991043,-0.9033455254946567
2023-05-29,73,TacoBell,Northeast,0.6984403418014175,0.14393591699197317,0.07730275216667797,0.26793124519078654,-1.6367248316093486
2023-05-29,73,TacoBell,South,0.07595693547268886,-0.10895532024745896,0.003979491119964669,0.41766802910529877,-1.7424350165394678
2023-05-29,73,TacoBell,Midwest,0.380069486519822,-0.05448349023037018,0.11549220000432603,0.150108946801192,-1.2052491665568945
2023-05-29,73,TacoBell,West,0.2620295639445671,-0.038653986756746785,0.0446903396082485,0.47182917581289624,-1.5650189110337873
2023-05-29,73,TacoBell,Southwest,0.3430782131845076,-0.014179593783904841,0.10354646560386732,0.08879666648103435,-1.0566422826145774
2023-05-29,73,Subway,Northeast,0.2927380531369188,-0.014900469030678529,0.22149824057158357,0.4678561070838936,-1.8230919876886498
2023-05-29,73,Subway,South,0.644109354418392,0.0618157411630026,0.12968553551579612,0.4688915625596436,-1.0175883431490176
2023-05-29,73,Subway,Midwest,0.18279726735426427,0.03352787843797679,0.21684813678008416,0.34844406917218707,-1.5750552080034468
2023-05-29,73,Subway,West,0.49100881430327425,0.02543713743945369,0.24228889639333023,0.264080582240048,-1.999635598348231
2023-05-29,73,Subway,Southwest,0.31536638335752376,0.03432780696787951,0.15684861764457372,0.1839016666596838,-1.8095959134887354
2023-05-29,73,KFC,Northeast,0.49033643332395926,0.06556051622552363,0.10307124891057669,0.41065611985185674,-0.5995769332473588
2023-05-29,73,KFC,South,0.6547873051956166,0.0621639677750413,0.08985526769638223,0.059614022899604026,-0.6989680413269632
2023-05-29,73,KFC,Midwest,0.5102756019834195,0.15904267794420324,0.06211878057985756,0.18162748643710216,-1.6495864519456447
2023-05-29,73,KFC,West,0.3595568249099146,-0.05335177939533676,0.06522890237178519,0.37457060797482544,-0.8324421431817632
2023-05-29,73,KFC,Southwest,0.46335731709447664,-0.03881521141447,0.2062792732454961,0.19135202294227086,-1.0871426102390387
2023-05-29,73,Dominos,Northeast,0.38963832849269964,0.01734010534386852,0.05859345042386398,0.21214506472215292,-0.5436429328251958
2023-05-29,73,Dominos,South,0.42109181440240573,-0.08134442421395843,0.16903420222022753,0.2939671196096951,-1.4395915106989112
2023-05-29,73,Dominos,Midwest,0.5509243158285454,-0.11877951054599778,0.10019145266430377,0.27749119186196053,-0.977809081224243
2023-05-29,73,Dominos,West,0.20640684235310225,-0.016717418023374935,0.09196263428197264,0.08585787626857316,-1.9046964163641222
2023-05-29,73,Dominos,Southwest,0.34731725405804126,0.04710348415073955,0.013614314134967706,0.23368255004054264,-1.4056289797753911
2023-05-29,73,PizzaHut,Northeast,0.6753628663671133,0.17931520470683987,0.1344967708176812,0.33192020930403915,-0.5542735082177292
2023-05-29,73,PizzaHut,South,0.6917689295533906,0.041835254164705404,0.17165385327232988,0.4309775708003919,-1.1915286883248193
2023-05-29,73,PizzaHut,Midwest,0.99,0.08773620306706094,0.05667293070097135,0.5405277045945869,-1.5681807449977332
2023-05-29,73,PizzaHut,West,0.4922231238286533,0.004390919989888266,0.14116557278651456,0.36248858833460823,-1.8195935553070897
2023-05-29,73,PizzaHut,Southwest,0.2669088559347077,0.0077247475863748815,0.2076269648452098,0.03054343973064911,-0.9447074897277044
2023-06-05,74,McDonalds,Northeast,0.8986547513777133,0.31935775102911335,0.027713269265470058,0.5703076004290429,-1.4167227552888253
2023-06-05,74,McDonalds,South,0.492611597095201,0.028953439569337443,0.28741291316892137,0.36290162650219815,-1.9288765457898727
2023-06-05,74,McDonalds,Midwest,0.5241201912110007,-0.058148880670700585,0.044879181552355416,0.27197951974525986,-0.7982427450570128
2023-06-05,74,McDonalds,West,0.28522239693594553,0.007450392782551947,0.2724710438053291,0.32062222572817095,-1.093428921375788
2023-06-05,74,McDonalds,Southwest,0.9524613659055939,0.08628384653008071,0.09761475647586786,0.06848935279224204,-1.7021857116976975
2023-06-05,74,BurgerKing,Northeast,0.4341848925338905,0.08577571882413619,0.24450012132992213,0.1451965604342744,-1.2577573150678698
2023-06-05,74,BurgerKing,South,0.9809882241956551,0.11602415611921062,0.07960538031602005,0.48906939996118465,-0.8865346316994134
2023-06-05,74,BurgerKing,Midwest,0.44332895793391314,-0.03179028286350812,0.3165741719930878,0.5707999278834135,-0.8443823193970343
2023-06-05,74,BurgerKing,West,0.6070288468830569,0.06755120983701347,0.10053500308910315,0.1221118822977808,-1.250572382001857
2023-06-05,74,BurgerKing,Southwest,0.8477914717598993,0.020666041377200094,0.018483657576278914,0.31990659288970436,-1.5421782048067114
2023-06-05,74,Wendys,Northeast,0.7616313564214006,-0.08207106001846409,0.1328241465142246,0.2864796801727,-0.5393861269422597
2023-06-05,74,Wendys,South,0.23328511670840646,0.0404570987098561,0.06877335669035799,0.4254476061773757,-1.0049560835652607
2023-06-05,74,Wendys,Midwest,0.5636802696107802,-0.029866715972027214,0.08722314572501384,0.211067729489257,-1.3876437209805519
2023-06-05,74,Wendys,West,0.4839588844491822,-0.05031456342003299,0.04165760766371676,0.41158605271605975,-1.5793051636930213
2023-06-05,74,Wendys,Southwest,0.20835611906691442,-0.03703979369089093,0.19598595047373857,0.4491558671991043,-0.9033455254946567
2023-06-05,74,TacoBell,Northeast,0.692447347852093,0.15086314454314176,0.07730275216667797,0.26793124519078654,-1.6367248316093486
2023-06-05,74,TacoBell,South,0.05034340900672882,-0.12164862521292595,0.003979491119964669,0.41766802910529877,-1.7424350165394678
2023-06-05,74,TacoBell,Midwest,0.38417441160062493,-0.03745834364907412,0.11549220000432603,0.150108946801192,-1.2052491665568945
2023-06-05,74,TacoBell,West,0.25113263040830214,-0.03663069879251876,0.0446903396082485,0.47182917581289624,-1.5650189110337873
2023-06-05,74,TacoBell,Southwest,0.3464765606749056,0.002138975206986249,0.10354646560386732,0.08879666648103435,-1.0566422826145774
2023-06-05,74,Subway,Northeast,0.2957534195029832,-0.022230798985918423,0.22149824057158357,0.4678561070838936,-1.8230919876886498
2023-06-05,74,Subway,South,0.6726356699652745,0.07999636038858085,0.12968553551579612,0.4688915625596436,-1.0175883431490176
2023-06-05,74,Subway,Midwest,0.20089451861591634,0.04127943337832462,0.21684813678008416,0.34844406917218707,-1.5750552080034468
2023-06-05,74,Subway,West,0.5068849114831021,0.030967538297977274,0.24228889639333023,0.264080582240048,-1.999635598348231
2023-06-05,74,Subway,Southwest,0.32805232422235947,0.03666805151141099,0.15684861764457372,0.1839016666596838,-1.8095959134887354
2023-06-05,74,KFC,Northeast,0.4992097534484043,0.06307523004477913,0.10307124891057669,0.41065611985185674,-0.5995769332473588
2023-06-05,74,KFC,South,0.6781512280855447,0.07416928435978003,0.08985526769638223,0.059614022899604026,-0.6989680413269632
2023-06-05,74,KFC,Midwest,0.5230378069870895,0.1604462766426837,0.06211878057985756,0.18162748643710216,-1.6495864519456447
2023-06-05,74,KFC,West,0.3512447341792325,-0.0730224764312083,0.06522890237178519,0.37457060797482544,-0.8324421431817632
2023-06-05,74,KFC,Southwest,0.4635440587825961,-0.049987076031540026,0.2062792732454961,0.19135202294227086,-1.0871426102390387
2023-06-05,74,Dominos,Northeast,0.3890893196780265,0.015481647821941048,0.05859345042386398,0.21214506472215292,-0.5436429328251958
2023-06-05,74,Dominos,South,0.4255012529413157,-0.07824443438230289,0.16903420222022753,0.2939671196096951,-1.4395915106989112
2023-06-05,74,Dominos,Midwest,0.5516678796468009,-0.11934539543499674,0.10019145266430377,0.27749119186196053,-0.977809081224243
2023-06-05,74,Dominos,West,0.2199059989582933,-0.004527710125438303,0.09196263428197264,0.08585787626857316,-1.9046964163641222
2023-06-05,74,Dominos,Southwest,0.32911568412490944,0.027592465510353298,0.013614314134967706,0.23368255004054264,-1.4056289797753911
2023-06-05,74,PizzaHut,Northeast,0.662029780609282,0.18075108407189147,0.1344967708176812,0.33192020930403915,-0.5542735082177292
2023-06-05,74,PizzaHut,South,0.6588201721766362,0.023655461910833855,0.17165385327232988,0.4309775708003919,-1.1915286883248193
2023-06-05,74,PizzaHut,Midwest,0.99,0.09533332602190263,0.05667293070097135,0.5405277045945869,-1.5681807449977332
2023-06-05,74,PizzaHut,West,0.4765095715613502,0.0034463328454682387,0.14116557278651456,0.36248858833460823,-1.8195935553070897
2023-06-05,74,PizzaHut,Southwest,0.2563359905320659,0.011920847306616064,0.2076269648452098,0.03054343973064911,-0.9447074897277044
2023-06-12,75,McDonalds,Northeast,0.9071608883039347,0.31071892142321567,0.027713269265470058,0.5703076004290429,-1.4167227552888253
2023-06-12,75,McDonalds,South,0.5225512129438975,0.041748088885914955,0.28741291316892137,0.36290162650219815,-1.9288765457898727
2023-06-12,75,McDonalds,Midwest,0.5516824043837083,-0.047731634030112075,0.044879181552355416,0.27197951974525986,-0.7982427450570128
2023-06-12,75,McDonalds,West,0.30820280649818343,0.013285835812670822,0.2724710438053291,0.32062222572817095,-1.093428921375788
2023-06-12,75,McDonalds,Southwest,0.9683111599690786,0.0849886740614463,0.09761475647586786,0.06848935279224204,-1.7021857116976975
2023-06-12,75,BurgerKing,Northeast,0.431868136898823,0.09157429167708751,0.24450012132992213,0.1451965604342744,-1.2577573150678698
2023-06-12,75,BurgerKing,South,0.9658039700277627,0.10895523043933712,0.07960538031602005,0.48906939996118465,-0.8865346316994134
2023-06-12,75,BurgerKing,Midwest,0.4437691860361014,-0.023234726273301,0.3165741719930878,0.5707999278834135,-0.8443823193970343
2023-06-12,75,BurgerKing,West,0.6154083273382772,0.08404601878025268,0.10053500308910315,0.1221118822977808,-1.250572382001857
2023-06-12,75,BurgerKing,Southwest,0.8503822488716724,0.031372146976991956,0.018483657576278914,0.31990659288970436,-1.5421782048067114
2023-06-12,75,Wendys,Northeast,0.7477397873936346,-0.08936708471653819,0.1328241465142246,0.2864796801727,-0.5393861269422597
2023-06-12,75,Wendys,South,0.23030374555144562,0.04407127188258713,0.06877335669035799,0.4254476061773757,-1.0049560835652607
2023-06-12,75,Wendys,Midwest,0.5441533098435019,-0.04279813140961369,0.08722314572501384,0.211067729489257,-1.3876437209805519
2023-06-12,75,Wendys,West,0.4830872432312471,-0.04459066030827623,0.04165760766371676,0.41158605271605975,-1.5793051636930213
2023-06-12,75,Wendys,Southwest,0.20626660886584797,-0.03253375956226554,0.19598595047373857,0.4491558671991043,-0.9033455254946567
2023-06-12,75,TacoBell,Northeast,0.6621888724645077,0.1321649811478201,0.07730275216667797,0.26793124519078654,-1.6367248316093486
2023-06-12,75,TacoBell,South,0.027165258575341508,-0.13326646365204958,0.003979491119964669,0.41766802910529877,-1.7424350165394678
2023-06-12,75,TacoBell,Midwest,0.3697827106409236,-0.04028973261651179,0.11549220000432603,0.150108946801192,-1.2052491665568945
2023-06-12,75,TacoBell,West,0.23656372094463018,-0.039639296263927024,0.0446903396082485,0.47182917581289624,-1.5650189110337873
2023-06-12,75,TacoBell,Southwest,0.32282147932845384,-0.009955794147201805,0.10354646560386732,0.08879666648103435,-1.0566422826145774
2023-06-12,75,Subway,Northeast,0.31144511958509347,-0.018341011692396582,0.22149824057158357,0.4678561070838936,-1.8230919876886498
2023-06-12,75,Subway,South,0.686952318843268,0.08251109647798598,0.12968553551579612,0.4688915625596436,-1.0175883431490176
2023-06-12,75,Subway,Midwest,0.21075374008471964,0.039336742058539424,0.21684813678008416,0.34844406917218707,-1.5750552080034468
2023-06-12,75,Subway,West,0.5111289092701069,0.023409623296393643,0.24228889639333023,0.264080582240048,-1.999635598348231
2023-06-12,75,Subway,Southwest,0.3503413082751136,0.047155122775576624,0.15684861764457372,0.1839016666596838,-1.8095959134887354
2023-06-12,75,KFC,Northeast,0.5270180591109057,0.07962930117566208,0.10307124891057669,0.41065611985185674,-0.5995769332473588
2023-06-12,75,KFC,South,0.6845698477786979,0.06933366952131466,0.08985526769638223,0.059614022899604026,-0.6989680413269632
2023-06-12,75,KFC,Midwest,0.5281703723471597,0.1543246074711355,0.06211878057985756,0.18162748643710216,-1.6495864519456447
2023-06-12,75,KFC,West,0.36741104536497093,-0.06811039977708833,0.06522890237178519,0.37457060797482544,-0.8324421431817632
2023-06-12,75,KFC,Southwest,0.47121799951674465,-0.05356736982900989,0.2062792732454961,0.19135202294227086,-1.0871426102390387
2023-06-12,75,Dominos,Northeast,0.3874312806041812,0.014087675815308707,0.05859345042386398,0.21214506472215292,-0.5436429328251958
2023-06-12,75,Dominos,South,0.4326337173913495,-0.07084790286505617,0.16903420222022753,0.2939671196096951,-1.4395915106989112
2023-06-12,75,Dominos,Midwest,0.532310251704515,-0.13843895631006967,0.10019145266430377,0.27749119186196053,-0.977809081224243
2023-06-12,75,Dominos,West,0.232824955139607,0.00865531312308839,0.09196263428197264,0.08585787626857316,-1.9046964163641222
2023-06-12,75,Dominos,Southwest,0.3295784223009899,0.02831927075364671,0.013614314134967706,0.23368255004054264,-1.4056289797753911
2023-06-12,75,PizzaHut,Northeast,0.6420638269082406,0.17663615262626967,0.1344967708176812,0.33192020930403915,-0.5542735082177292
2023-06-12,75,PizzaHut,South,0.6420768083790023,0.022763120368619365,0.17165385327232988,0.4309775708003919,-1.1915286883248193
2023-06-12,75,PizzaHut,Midwest,0.99,0.09495761957210781,0.05667293070097135,0.5405277045945869,-1.5681807449977332
2023-06-12,75,PizzaHut,West,0.4433465362714815,-0.013865680188981015,0.14116557278651456,0.36248858833460823,-1.8195935553070897
2023-06-12,75,PizzaHut,Southwest,0.2554343505511788,0.026870229581148423,0.2076269648452098,0.03054343973064911,-0.9447074897277044
2023-06-19,76,McDonalds,Northeast,0.9249974658348973,0.31113217774592183,0.027713269265470058,0.5703076004290429,-1.4167227552888253
2023-06-19,76,McDonalds,South,0.5444045554566277,0.046178110190388706,0.28741291316892137,0.36290162650219815,-1.9288765457898727
2023-06-19,76,McDonalds,Midwest,0.5786212232977052,-0.03821613632437164,0.044879181552355416,0.27197951974525986,-0.7982427450570128
2023-06-19,76,McDonalds,West,0.3154145031308368,0.0030742112370678153,0.2724710438053291,0.32062222572817095,-1.093428921375788
2023-06-19,76,McDonalds,Southwest,0.99,0.08972339305179859,0.09761475647586786,0.06848935279224204,-1.7021857116976975
2023-06-19,76,BurgerKing,Northeast,0.41964623609361845,0.08889788076809958,0.24450012132992213,0.1451965604342744,-1.2577573150678698
2023-06-19,76,BurgerKing,South,0.9647261878837112,0.11742293819150205,0.07960538031602005,0.48906939996118465,-0.8865346316994134
2023-06-19,76,BurgerKing,Midwest,0.41295142193636986,-0.04450700047681595,0.3165741719930878,0.5707999278834135,-0.8443823193970343
2023-06-19,76,BurgerKing,West,0.6048718944396481,0.08305507577783999,0.10053500308910315,0.1221118822977808,-1.250572382001857
2023-06-19,76,BurgerKing,Southwest,0.8348085524176162,0.02534394041915234,0.018483657576278914,0.31990659288970436,-1.5421782048067114
2023-06-19,76,Wendys,Northeast,0.745614984188129,-0.08504445521019663,0.1328241465142246,0.2864796801727,-0.5393861269422597
2023-06-19,76,Wendys,South,0.22855675471328057,0.04877171375626915,0.06877335669035799,0.4254476061773757,-1.0049560835652607
2023-06-19,76,Wendys,Midwest,0.5306296181834345,-0.049874390357833955,0.08722314572501384,0.211067729489257,-1.3876437209805519
2023-06-19,76,Wendys,West,0.4695180718776396,-0.05171239895003667,0.04165760766371676,0.41158605271605975,-1.5793051636930213
2023-06-19,76,Wendys,Southwest,0.19871252246842758,-0.033640413247838834,0.19598595047373857,0.4491558671991043,-0.9033455254946567
2023-06-19,76,TacoBell,Northeast,0.6431897017687832,0.12319855887466802,0.07730275216667797,0.26793124519078654,-1.6367248316093486
2023-06-19,76,TacoBell,South,0.025552347107290402,-0.12484662669752832,0.003979491119964669,0.41766802910529877,-1.7424350165394678
2023-06-19,76,TacoBell,Midwest,0.3560578902138768,-0.04398180462098625,0.11549220000432603,0.150108946801192,-1.2052491665568945
2023-06-19,76,TacoBell,West,0.19746109032884143,-0.06870917845714344,0.0446903396082485,0.47182917581289624,-1.5650189110337873
2023-06-19,76,TacoBell,Southwest,0.3090405103396634,-0.013704014713419865,0.10354646560386732,0.08879666648103435,-1.0566422826145774
2023-06-19,76,Subway,Northeast,0.31414665274220743,-0.028726449900836306,0.22149824057158357,0.4678561070838936,-1.8230919876886498
2023-06-19,76,Subway,South,0.6837265320542123,0.06619833832337652,0.12968553551579612,0.4688915625596436,-1.0175883431490176
2023-06-19,76,Subway,Midwest,0.21146644506804757,0.0269624756763137,0.21684813678008416,0.34844406917218707,-1.5750552080034468
2023-06-19,76,Subway,West,0.5253099653539903,0.024503708014723343,0.24228889639333023,0.264080582240048,-1.999635598348231
2023-06-19,76,Subway,Southwest,0.37671468792314955,0.06044153105805894,0.15684861764457372,0.1839016666596838,-1.8095959134887354
2023-06-19,76,KFC,Northeast,0.5411365514513741,0.08276114591431188,0.10307124891057669,0.41065611985185674,-0.5995769332473588
2023-06-19,76,KFC,South,0.689491461498359,0.06326863563915726,0.08985526769638223,0.059614022899604026,-0.6989680413269632
2023-06-19,76,KFC,Midwest,0.5437160619006853,0.15888364942284253,0.06211878057985756,0.18162748643710216,-1.6495864519456447
2023-06-19,76,KFC,West,0.3738067898645996,-0.07270130287927824,0.06522890237178519,0.37457060797482544,-0.8324421431817632
2023-06-19,76,KFC,Southwest,0.47525864342693175,-0.06051337352064134,0.2062792732454961,0.19135202294227086,-1.0871426102390387
2023-06-19,76,Dominos,Northeast,0.37405390072735917,0.002544049132978862,0.05859345042386398,0.21214506472215292,-0.5436429328251958
2023-06-19,76,Dominos,South,0.4132816761293401,-0.08836619093257336,0.16903420222022753,0.2939671196096951,-1.4395915106989112
2023-06-19,76,Dominos,Midwest,0.5265772614444284,-0.1423381933756641,0.10019145266430377,0.27749119186196053,-0.977809081224243
2023-06-19,76,Dominos,West,0.23257173684431615,0.010235848022289709,0.09196263428197264,0.08585787626857316,-1.9046964163641222
2023-06-19,76,Dominos,Southwest,0.3267784324063488,0.027353034053497816,0.013614314134967706,0.23368255004054264,-1.4056289797753911
2023-06-19,76,PizzaHut,Northeast,0.621200958564216,0.17247648334679608,0.1344967708176812,0.33192020930403915,-0.5542735082177292
2023-06-19,76,PizzaHut,South,0.6159161487074833,0.013305659761651554,0.17165385327232988,0.4309775708003919,-1.1915286883248193
2023-06-19,76,PizzaHut,Midwest,0.99,0.1010400814889575,0.05667293070097135,0.5405277045945869,-1.5681807449977332
2023-06-19,76,PizzaHut,West,0.4134720180074646,-0.027036999388446864,0.14116557278651456,0.36248858833460823,-1.8195935553070897
2023-06-19,76,PizzaHut,Southwest,0.2464914306250625,0.034630508719583175,0.2076269648452098,0.03054343973064911,-0.9447074897277044
2023-06-26,77,McDonalds,Northeast,0.9324242888544457,0.30111000755665457,0.027713269265470058,0.5703076004290429,-1.4167227552888253
2023-06-26,77,McDonalds,South,0.5543291962919129,0.038653757816858356,0.28741291316892137,0.36290162650219815,-1.9288765457898727
2023-06-26,77,McDonalds,Midwest,0.581402364600364,-0.05288398823052841,0.044879181552355416,0.27197951974525986,-0.7982427450570128
2023-06-26,77,McDonalds,West,0.327849474870796,-0.0019398102317885512,0.2724710438053291,0.32062222572817095,-1.093428921375788
2023-06-26,77,McDonalds,Southwest,0.99,0.09947651763657839,0.09761475647586786,0.06848935279224204,-1.7021857116976975
2023-06-26,77,BurgerKing,Northeast,0.4139652996666723,0.09405416165253914,0.24450012132992213,0.1451965604342744,-1.2577573150678698
2023-06-26,77,BurgerKing,South,0.9636731916926058,0.1272071593117824,0.07960538031602005,0.48906939996118465,-0.8865346316994134
2023-06-26,77,BurgerKing,Midwest,0.4073356300843235,-0.03928557501747659,0.3165741719930878,0.5707999278834135,-0.8443823193970343
2023-06-26,77,BurgerKing,West,0.5829979788429586,0.0720183774925363,0.10053500308910315,0.1221118822977808,-1.250572382001857
2023-06-26,77,BurgerKing,Southwest,0.8206634428629549,0.022036048175876767,0.018483657576278914,0.31990659288970436,-1.5421782048067114
2023-06-26,77,Wendys,Northeast,0.7316071760510094,-0.09284644650137125,0.1328241465142246,0.2864796801727,-0.5393861269422597
2023-06-26,77,Wendys,South,0.2356566869077261,0.06207746279665956,0.06877335669035799,0.4254476061773757,-1.0049560835652607
2023-06-26,77,Wendys,Midwest,0.5124559148732264,-0.06184227682209707,0.08722314572501384,0.211067729489257,-1.3876437209805519
2023-06-26,77,Wendys,West,0.4722492319255858,-0.042775422056145554,0.04165760766371676,0.41158605271605975,-1.5793051636930213
2023-06-26,77,Wendys,Southwest,0.2014362443235704,-0.02471087454675114,0.19598595047373857,0.4491558671991043,-0.9033455254946567
2023-06-26,77,TacoBell,Northeast,0.6531262194197107,0.14149476089182889,0.07730275216667797,0.26793124519078654,-1.6367248316093486
2023-06-26,77,TacoBell,South,0.013095796814762042,-0.1289434926238233,0.003979491119964669,0.41766802910529877,-1.7424350165394678
2023-06-26,77,TacoBell,Midwest,0.354821427443445,-0.036858583025184626,0.11549220000432603,0.150108946801192,-1.2052491665568945
2023-06-26,77,TacoBell,West,0.21191792432799644,-0.045892660091755015,0.0446903396082485,0.47182917581289624,-1.5650189110337873
2023-06-26,77,TacoBell,Southwest,0.2945044092040931,-0.01988043148275683,0.10354646560386732,0.08879666648103435,-1.0566422826145774
2023-06-26,77,Subway,Northeast,0.31297848568628395,-0.0440768523761599,0.22149824057158357,0.4678561070838936,-1.8230919876886498
2023-06-26,77,Subway,South,0.6791086671345348,0.047398237984298874,0.12968553551579612,0.4688915625596436,-1.0175883431490176
2023-06-26,77,Subway,Midwest,0.23277580077606097,0.034089595964927014,0.21684813678008416,0.34844406917218707,-1.5750552080034468
2023-06-26,77,Subway,West,0.5206606986928046,0.005672205934137503,0.24228889639333023,0.264080582240048,-1.999635598348231
2023-06-26,77,Subway,Southwest,0.3871737328131704,0.05671834052867971,0.15684861764457372,0.1839016666596838,-1.8095959134887354
2023-06-26,77,KFC,Northeast,0.5560694095317427,0.0871342777847015,0.10307124891057669,0.41065611985185674,-0.5995769332473588
2023-06-26,77,KFC,South,0.7019029430766371,0.0651203910074564,0.08985526769638223,0.059614022899604026,-0.6989680413269632
2023-06-26,77,KFC,Midwest,0.558530236752506,0.16313809806468424,0.06211878057985756,0.18162748643710216,-1.6495864519456447
2023-06-26,77,KFC,West,0.3865894146325872,-0.0704784043212697,0.06522890237178519,0.37457060797482544,-0.8324421431817632
2023-06-26,77,KFC,Southwest,0.49860702777004484,-0.0477247153875074,0.2062792732454961,0.19135202294227086,-1.0871426102390387
2023-06-26,77,Dominos,Northeast,0.3611538917049144,-0.006979114674409108,0.05859345042386398,0.21214506472215292,-0.5436429328251958
2023-06-26,77,Dominos,South,0.40313487952969795,-0.09513614231715868,0.16903420222022753,0.2939671196096951,-1.4395915106989112
2023-06-26,77,Dominos,Midwest,0.5154738217766633,-0.15006478782837235,0.10019145266430377,0.27749119186196053,-0.977809081224243
2023-06-26,77,Dominos,West,0.23749680974788545,0.01853776614091581,0.09196263428197264,0.08585787626857316,-1.9046964163641222
2023-06-26,77,Dominos,Southwest,0.33240557307524266,0.03635701993744845,0.013614314134967706,0.23368255004054264,-1.4056289797753911
2023-06-26,77,PizzaHut,Northeast,0.6084000749482399,0.17698873653998115,0.1344967708176812,0.33192020930403915,-0.5542735082177292
2023-06-26,77,PizzaHut,South,0.6104379485672216,0.025140596430550832,0.17165385327232988,0.4309775708003919,-1.1915286883248193
2023-06-26,77,PizzaHut,Midwest,0.99,0.0892596728151937,0.05667293070097135,0.5405277045945869,-1.5681807449977332
2023-06-26,77,PizzaHut,West,0.41283112231381486,-0.010364758272935499,0.14116557278651456,0.36248858833460823,-1.8195935553070897
2023-06-26,77,PizzaHut,Southwest,0.2444106800330239,0.04986289493670575,0.2076269648452098,0.03054343973064911,-0.9447074897277044
2023-07-03,78,McDonalds,Northeast,0.9570021190510979,0.308466227529112,0.027713269265470058,0.5703076004290429,-1.4167227552888253
2023-07-03,78,McDonalds,South,0.5893687956038183,0.05647174690456895,0.28741291316892137,0.36290162650219815,-1.9288765457898727
2023-07-03,78,McDonalds,Midwest,0.582057742747781,-0.06945022030730615,0.044879181552355416,0.27197951974525986,-0.7982427450570128
2023-07-03,78,McDonalds,West,0.3398266037323643,-0.00718429159441507,0.2724710438053291,0.32062222572817095,-1.093428921375788
2023-07-03,78,McDonalds,Southwest,0.99,0.09212348302975887,0.09761475647586786,0.06848935279224204,-1.7021857116976975
2023-07-03,78,BurgerKing,Northeast,0.4092083155187122,0.10126895489011258,0.24450012132992213,0.1451965604342744,-1.2577573150678698
2023-07-03,78,BurgerKing,South,0.9412000069110508,0.11670575191576094,0.07960538031602005,0.48906939996118465,-0.8865346316994134
2023-07-03,78,BurgerKing,Midwest,0.40293880419216477,-0.031710623524101735,0.3165741719930878,0.5707999278834135,-0.8443823193970343
2023-07-03,78,BurgerKing,West,0.5847315628973921,0.08572373893250343,0.10053500308910315,0.1221118822977808,-1.250572382001857
2023-07-03,78,BurgerKing,Southwest,0.8156436944782613,0.02898807717671676,0.018483657576278914,0.31990659288970436,-1.5421782048067114
2023-07-03,78,Wendys,Northeast,0.7285704855082344,-0.09000893626475624,0.1328241465142246,0.2864796801727,-0.5393861269422597
2023-07-03,78,Wendys,South,0.21990375271932855,0.05219872938765206,0.06877335669035799,0.4254476061773757,-1.0049560835652607
2023-07-03,78,Wendys,Midwest,0.4981132044325827,-0.07031078648335072,0.08722314572501384,0.211067729489257,-1.3876437209805519
2023-07-03,78,Wendys,West,0.47887122019916245,-0.030279233003178887,0.04165760766371676,0.41158605271605975,-1.5793051636930213
2023-07-03,78,Wendys,Southwest,0.20335553358323372,-0.01691738450769782,0.19598595047373857,0.4491558671991043,-0.9033455254946567
2023-07-03,78,TacoBell,Northeast,0.6461706406990512,0.14110456569805344,0.07730275216667797,0.26793124519078654,-1.6367248316093486
2023-07-03,78,TacoBell,South,0.01,-0.1331225880814822,0.003979491119964669,0.41766802910529877,-1.7424350165394678
2023-07-03,78,TacoBell,Midwest,0.3279979651854472,-0.0571166617562984,0.11549220000432603,0.150108946801192,-1.2052491665568945
2023-07-03,78,TacoBell,West,0.19464401661426803,-0.056601184278599406,0.0446903396082485,0.47182917581289624,-1.5650189110337873
2023-07-03,78,TacoBell,Southwest,0.3070532165486063,-0.0007662406113595963,0.10354646560386732,0.08879666648103435,-1.0566422826145774
2023-07-03,78,Subway,Northeast,0.31524575079911465,-0.05688140808618457,0.22149824057158357,0.4678561070838936,-1.8230919876886498
2023-07-03,78,Subway,South,0.696075286169601,0.04929303619650968,0.12968553551579612,0.4688915625596436,-1.0175883431490176
2023-07-03,78,Subway,Midwest,0.25792206133086837,0.044164035696879,0.21684813678008416,0.34844406917218707,-1.5750552080034468
2023-07-03,78,Subway,West,0.523183292835637,-0.006877020745885422,0.24228889639333023,0.264080582240048,-1.999635598348231
2023-07-03,78,Subway,Southwest,0.4040926583838367,0.058565445276490546,0.15684861764457372,0.1839016666596838,-1.8095959134887354
2023-07-03,78,KFC,Northeast,0.5754282267139512,0.09651343315980804,0.10307124891057669,0.41065611985185674,-0.5995769332473588
2023-07-03,78,KFC,South,0.7120075981028117,0.0652453842265289,0.08985526769638223,0.059614022899604026,-0.6989680413269632
2023-07-03,78,KFC,Midwest,0.5971939291162757,0.19182212862135192,0.06211878057985756,0.18162748643710216,-1.6495864519456447
2023-07-03,78,KFC,West,0.37988308385090724,-0.08716439691005165,0.06522890237178519,0.37457060797482544,-0.8324421431817632
2023-07-03,78,KFC,Southwest,0.5191739748759856,-0.03713743008866861,0.2062792732454961,0.19135202294227086,-1.0871426102390387
2023-07-03,78,Dominos,Northeast,0.35455490997907163,-0.008707132048373752,0.05859345042386398,0.21214506472215292,-0.5436429328251958
2023-07-03,78,Dominos,South,0.4059831167261866,-0.08741694076879193,0.16903420222022753,0.2939671196096951,-1.4395915106989112
2023-07-03,78,Dominos,Midwest,0.5150159289417776,-0.14565171631137988,0.10019145266430377,0.27749119186196053,-0.977809081224243
2023-07-03,78,Dominos,West,0.22529428342490732,0.011206204169815846,0.09196263428197264,0.08585787626857316,-1.9046964163641222
2023-07-03,78,Dominos,Southwest,0.3298245726479579,0.03864698386204185,0.013614314134967706,0.23368255004054264,-1.4056289797753911
2023-07-03,78,PizzaHut,Northeast,0.5721490706007464,0.1584097220259983,0.1344967708176812,0.33192020930403915,-0.5542735082177292
2023-07-03,78,PizzaHut,South,0.5987984337394248,0.03117307143626477,0.17165385327232988,0.4309775708003919,-1.1915286883248193
2023-07-03,78,PizzaHut,Midwest,0.99,0.09224125747509895,0.05667293070097135,0.5405277045945869,-1.5681807449977332
2023-07-03,78,PizzaHut,West,0.40154573416673517,-0.003978156586504475,0.14116557278651456,0.36248858833460823,-1.8195935553070897
2023-07-03,78,PizzaHut,Southwest,0.23731987345038474,0.06044407818757726,0.2076269648452098,0.03054343973064911,-0.9447074897277044
2023-07-10,79,McDonalds,Northeast,0.9774227873418482,0.3121424259312091,0.027713269265470058,0.5703076004290429,-1.4167227552888253
2023-07-10,79,McDonalds,South,0.6075941596904542,0.057952641102551716,0.28741291316892137,0.36290162650219815,-1.9288765457898727
2023-07-10,79,McDonalds,Midwest,0.5899915292698212,-0.07826090367391907,0.044879181552355416,0.27197951974525986,-0.7982427450570128
2023-07-10,79,McDonalds,West,0.34944886598452696,-0.01430649923090558,0.2724710438053291,0.32062222572817095,-1.093428921375788
2023-07-10,79,McDonalds,Southwest,0.99,0.10399082923153218,0.09761475647586786,0.06848935279224204,-1.7021857116976975
2023-07-10,79,BurgerKing,Northeast,0.4106389534770839,0.11563230894717236,0.24450012132992213,0.1451965604342744,-1.2577573150678698
2023-07-10,79,BurgerKing,South,0.9258861864492421,0.1143246475526404,0.07960538031602005,0.48906939996118465,-0.8865346316994134
2023-07-10,79,BurgerKing,Midwest,0.39046611556600946,-0.03125059605156899,0.3165741719930878,0.5707999278834135,-0.8443823193970343
2023-07-10,79,BurgerKing,West,0.5627527030487663,0.07667759518256577,0.10053500308910315,0.1221118822977808,-1.250572382001857
2023-07-10,79,BurgerKing,Southwest,0.8144385468322477,0.04071564562939121,0.018483657576278914,0.31990659288970436,-1.5421782048067114
2023-07-10,79,Wendys,Northeast,0.7297672599526978,-0.08335476802783845,0.1328241465142246,0.2864796801727,-0.5393861269422597
2023-07-10,79,Wendys,South,0.23385853329151157,0.07161090375228955,0.06877335669035799,0.4254476061773757,-1.0049560835652607
2023-07-10,79,Wendys,Midwest,0.48387257986833093,-0.07909401725514811,0.08722314572501384,0.211067729489257,-1.3876437209805519
2023-07-10,79,Wendys,West,0.4696337474165258,-0.03405931199336106,0.04165760766371676,0.41158605271605975,-1.5793051636930213
2023-07-10,79,Wendys,Southwest,0.20021259901603494,-0.014602925282442097,0.19598595047373857,0.4491558671991043,-0.9033455254946567
2023-07-10,79,TacoBell,Northeast,0.6479596682250239,0.14756946107531113,0.07730275216667797,0.26793124519078654,-1.6367248316093486
2023-07-10,79,TacoBell,South,0.01,-0.1352792644569585,0.003979491119964669,0.41766802910529877,-1.7424350165394678
2023-07-10,79,TacoBell,Midwest,0.3145924864296252,-0.0658462726608354,0.11549220000432603,0.150108946801192,-1.2052491665568945
2023-07-10,79,TacoBell,West,0.19878222405221874,-0.0477871089893637,0.0446903396082485,0.47182917581289624,-1.5650189110337873
2023-07-10,79,TacoBell,Southwest,0.3095887023227771,0.00644511301409622,0.10354646560386732,0.08879666648103435,-1.0566422826145774
2023-07-10,79,Subway,Northeast,0.3218258361080803,-0.06604414909182182,0.22149824057158357,0.4678561070838936,-1.8230919876886498
2023-07-10,79,Subway,South,0.7253725404952588,0.06284746420756464,0.12968553551579612,0.4688915625596436,-1.0175883431490176
2023-07-10,79,Subway,Midwest,0.2853668747374373,0.05586602278884504,0.21684813678008416,0.34844406917218707,-1.5750552080034468
2023-07-10,79,Subway,West,0.5402690841227179,-0.005534055773407494,0.24228889639333023,0.264080582240048,-1.999635598348231
2023-07-10,79,Subway,Southwest,0.4206314633221999,0.05936142390025091,0.15684861764457372,0.1839016666596838,-1.8095959134887354
2023-07-10,79,KFC,Northeast,0.5902236712342528,0.1020540108709671,0.10307124891057669,0.41065611985185674,-0.5995769332473588
2023-07-10,79,KFC,South,0.7126454342093916,0.056628353523966314,0.08985526769638223,0.059614022899604026,-0.6989680413269632
2023-07-10,79,KFC,Midwest,0.6067491107170591,0.19212244341299275,0.06211878057985756,0.18162748643710216,-1.6495864519456447
2023-07-10,79,KFC,West,0.3676141152139579,-0.10868823235614346,0.06522890237178519,0.37457060797482544,-0.8324421431817632
2023-07-10,79,KFC,Southwest,0.5371933981401574,-0.02837287363363926,0.2062792732454961,0.19135202294227086,-1.0871426102390387
2023-07-10,79,Dominos,Northeast,0.33264553569478134,-0.02432206427279235,0.05859345042386398,0.21214506472215292,-0.5436429328251958
2023-07-10,79,Dominos,South,0.41472287295060484,-0.07238274248450194,0.16903420222022753,0.2939671196096951,-1.4395915106989112
2023-07-10,79,Dominos,Midwest,0.5054202859422414,-0.14895291725104437,0.10019145266430377,0.27749119186196053,-0.977809081224243
2023-07-10,79,Dominos,West,0.21688317154572387,0.009089534350504077,0.09196263428197264,0.08585787626857316,-1.9046964163641222
2023-07-10,79,Dominos,Southwest,0.3172527915272412,0.03236964480119679,0.013614314134967706,0.23368255004054264,-1.4056289797753911
2023-07-10,79,PizzaHut,Northeast,0.551494128009679,0.15552933328677754,0.1344967708176812,0.33192020930403915,-0.5542735082177292
2023-07-10,79,PizzaHut,South,0.5952091933390585,0.045358384887745136,0.17165385327232988,0.4309775708003919,-1.1915286883248193
2023-07-10,79,PizzaHut,Midwest,0.9634755147850836,0.06736317090974817,0.05667293070097135,0.5405277045945869,-1.5681807449977332
2023-07-10,79,PizzaHut,West,0.3965408341757704,0.008791497274377403,0.14116557278651456,0.36248858833460823,-1.8195935553070897
2023-07-10,79,PizzaHut,Southwest,0.22292555440955522,0.06382431299859434,0.2076269648452098,0.03054343973064911,-0.9447074897277044
2023-07-17,80,McDonalds,Northeast,0.9813770628194664,0.30007220945263696,0.027713269265470058,0.5703076004290429,-1.4167227552888253
2023-07-17,80,McDonalds,South,0.6128655277161522,0.047199517172059335,0.28741291316892137,0.36290162650219815,-1.9288765457898727
2023-07-17,80,McDonalds,Midwest,0.6227799514980937,-0.06149697340183703,0.044879181552355416,0.27197951974525986,-0.7982427450570128
2023-07-17,80,McDonalds,West,0.3560182891412901,-0.023761568030332893,0.2724710438053291,0.32062222572817095,-1.093428921375788
2023-07-17,80,McDonalds,Southwest,0.99,0.09245732412557257,0.09761475647586786,0.06848935279224204,-1.7021857116976975
2023-07-17,80,BurgerKing,Northeast,0.408306001516502,0.12700545437081964,0.24450012132992213,0.1451965604342744,-1.2577573150678698
2023-07-17,80,BurgerKing,South,0.9155656178278722,0.11771017631549954,0.07960538031602005,0.48906939996118465,-0.8865346316994134
2023-07-17,80,BurgerKing,Midwest,0.3673807624164163,-0.04062985181693298,0.3165741719930878,0.5707999278834135,-0.8443823193970343
2023-07-17,80,BurgerKing,West,0.5512128554185833,0.07884384493661196,0.10053500308910315,0.1221118822977808,-1.250572382001857
2023-07-17,80,BurgerKing,Southwest,0.7904749226116157,0.030458118792988435,0.018483657576278914,0.31990659288970436,-1.5421782048067114
2023-07-17,80,Wendys,Northeast,0.7358140332854979,-0.0723465540436124,0.1328241465142246,0.2864796801727,-0.5393861269422597
2023-07-17,80,Wendys,South,0.2395108022888169,0.08222461340102089,0.06877335669035799,0.4254476061773757,-1.0049560835652607
2023-07-17,80,Wendys,Midwest,0.48423120120512436,-0.07377395526692868,0.08722314572501384,0.211067729489257,-1.3876437209805519
2023-07-17,80,Wendys,West,0.46828891737757,-0.030442701380890898,0.04165760766371676,0.41158605271605975,-1.5793051636930213
2023-07-17,80,Wendys,Southwest,0.2128630396132827,0.0030089559662316405,0.19598595047373857,0.4491558671991043,-0.9033455254946567
2023-07-17,80,TacoBell,Northeast,0.6452379913543014,0.1475663243491934,0.07730275216667797,0.26793124519078654,-1.6367248316093486
2023-07-17,80,TacoBell,South,0.01,-0.14709800571116652,0.003979491119964669,0.41766802910529877,-1.7424350165394678
2023-07-17,80,TacoBell,Midwest,0.31636868541334345,-0.061351533532512326,0.11549220000432603,0.150108946801192,-1.2052491665568945
2023-07-17,80,TacoBell,West,0.21692415440298501,-0.026926638493992558,0.0446903396082485,0.47182917581289624,-1.5650189110337873
2023-07-17,80,TacoBell,Southwest,0.29672256724631374,-0.0037024819177623016,0.10354646560386732,0.08879666648103435,-1.0566422826145774
2023-07-17,80,Subway,Northeast,0.33439672904167744,-0.06965877675876168,0.22149824057158357,0.4678561070838936,-1.8230919876886498
2023-07-17,80,Subway,South,0.7457225214768104,0.06701192458857916,0.12968553551579612,0.4688915625596436,-1.0175883431490176
2023-07-17,80,Subway,Midwest,0.3010133468479169,0.05532697429878765,0.21684813678008416,0.34844406917218707,-1.5750552080034468
2023-07-17,80,Subway,West,0.5466315689194817,-0.015357091577180643,0.24228889639333023,0.264080582240048,-1.999635598348231
2023-07-17,80,Subway,Southwest,0.44803556248504167,0.07058000246255562,0.15684861764457372,0.1839016666596838,-1.8095959134887354
2023-07-17,80,KFC,Northeast,0.621819931049909,0.12525441809113969,0.10307124891057669,0.41065611985185674,-0.5995769332473588
2023-07-17,80,KFC,South,0.7230026013951143,0.058589668114205386,0.08985526769638223,0.059614022899604026,-0.6989680413269632
2023-07-17,80,KFC,Midwest,0.6061042804151827,0.18308176051563274,0.06211878057985756,0.18162748643710216,-1.6495864519456447
2023-07-17,80,KFC,West,0.36052036255890674,-0.1241778376066782,0.06522890237178519,0.37457060797482544,-0.8324421431817632
2023-07-17,80,KFC,Southwest,0.5481690105478528,-0.02579311382142745,0.2062792732454961,0.19135202294227086,-1.0871426102390387
2023-07-17,80,Dominos,Northeast,0.3360576748527782,-0.013283290839629772,0.05859345042386398,0.21214506472215292,-0.5436429328251958
2023-07-17,80,Dominos,South,0.41184791614039296,-0.06763106501954812,0.16903420222022753,0.2939671196096951,-1.4395915106989112
2023-07-17,80,Dominos,Midwest,0.49776961325788716,-0.14897695566023292,0.10019145266430377,0.27749119186196053,-0.977809081224243
2023-07-17,80,Dominos,West,0.2033638207526651,0.003196817832611015,0.09196263428197264,0.08585787626857316,-1.9046964163641222
2023-07-17,80,Dominos,Southwest,0.2987045209248945,0.021448008474015894,0.013614314134967706,0.23368255004054264,-1.4056289797753911
2023-07-17,80,PizzaHut,Northeast,0.5422222998490845,0.16387684655002635,0.1344967708176812,0.33192020930403915,-0.5542735082177292
2023-07-17,80,PizzaHut,South,0.586727568129071,0.054496101101601,0.17165385327232988,0.4309775708003919,-1.1915286883248193
2023-07-17,80,PizzaHut,Midwest,0.930398875494333,0.05190587304284083,0.05667293070097135,0.5405277045945869,-1.5681807449977332
2023-07-17,80,PizzaHut,West,0.3948198825337339,0.024689887056184245,0.14116557278651456,0.36248858833460823,-1.8195935553070897
2023-07-17,80,PizzaHut,Southwest,0.21104692519465187,0.06956502520753435,0.2076269648452098,0.03054343973064911,-0.9447074897277044
2023-07-24,81,McDonalds,Northeast,0.99,0.31406815590409487,0.027713269265470058,0.5703076004290429,-1.4167227552888253
2023-07-24,81,McDonalds,South,0.6145163681777327,0.03377823968720818,0.28741291316892137,0.36290162650219815,-1.9288765457898727
2023-07-24,81,McDonalds,Midwest,0.6241938278903709,-0.07515521495599142,0.044879181552355416,0.27197951974525986,-0.7982427450570128
2023-07-24,81,McDonalds,West,0.3696007139900487,-0.025251261128005863,0.2724710438053291,0.32062222572817095,-1.093428921375788
2023-07-24,81,McDonalds,Southwest,0.99,0.09748516839452452,0.09761475647586786,0.06848935279224204,-1.7021857116976975
2023-07-24,81,BurgerKing,Northeast,0.4119889045083103,0.1449690626000893,0.24450012132992213,0.1451965604342744,-1.2577573150678698
2023-07-24,81,BurgerKing,South,0.9083457017285622,0.12477096545365086,0.07960538031602005,0.48906939996118465,-0.8865346316994134
2023-07-24,81,BurgerKing,Midwest,0.3506732444108347,-0.04305666458505331,0.3165741719930878,0.5707999278834135,-0.8443823193970343
2023-07-24,81,BurgerKing,West,0.5266684581044633,0.06858015285995304,0.10053500308910315,0.1221118822977808,-1.250572382001857
2023-07-24,81,BurgerKing,Southwest,0.788494223101346,0.042758124520179935,0.018483657576278914,0.31990659288970436,-1.5421782048067114
2023-07-24,81,Wendys,Northeast,0.7217734450839391,-0.08199360830111956,0.1328241465142246,0.2864796801727,-0.5393861269422597
2023-07-24,81,Wendys,South,0.2514019538924886,0.0985092989487441,0.06877335669035799,0.4254476061773757,-1.0049560835652607
2023-07-24,81,Wendys,Midwest,0.4769938207650077,-0.07661780176299376,0.08722314572501384,0.211067729489257,-1.3876437209805519
2023-07-24,81,Wendys,West,0.479801204159697,-0.01453688065471239,0.04165760766371676,0.41158605271605975,-1.5793051636930213
2023-07-24,81,Wendys,Southwest,0.21525881856982396,0.009798268866824424,0.19598595047373857,0.4491558671991043,-0.9033455254946567
2023-07-24,81,TacoBell,Northeast,0.6431462498001489,0.14619636945476883,0.07730275216667797,0.26793124519078654,-1.6367248316093486
2023-07-24,81,TacoBell,South,0.01,-0.1522919694294278,0.003979491119964669,0.41766802910529877,-1.7424350165394678
2023-07-24,81,TacoBell,Midwest,0.31223781998015465,-0.06476061230597313,0.11549220000432603,0.150108946801192,-1.2052491665568945
2023-07-24,81,TacoBell,West,0.22048553466700946,-0.022643471570240183,0.0446903396082485,0.47182917581289624,-1.5650189110337873
2023-07-24,81,TacoBell,Southwest,0.296772345548763,-0.002930916955585134,0.10354646560386732,0.08879666648103435,-1.0566422826145774
2023-07-24,81,Subway,Northeast,0.34485209844338055,-0.07559689083944873,0.22149824057158357,0.4678561070838936,-1.8230919876886498
2023-07-24,81,Subway,South,0.7604596908560243,0.06535561048540284,0.12968553551579612,0.4688915625596436,-1.0175883431490176
2023-07-24,81,Subway,Midwest,0.3181926006274986,0.05611274459597915,0.21684813678008416,0.34844406917218707,-1.5750552080034468
2023-07-24,81,Subway,West,0.5417377114577239,-0.03664443252132876,0.24228889639333023,0.264080582240048,-1.999635598348231
2023-07-24,81,Subway,Southwest,0.4690107271153188,0.0751616836104426,0.15684861764457372,0.1839016666596838,-1.8095959134887354
2023-07-24,81,KFC,Northeast,0.619437795869818,0.11545720584397162,0.10307124891057669,0.41065611985185674,-0.5995769332473588
2023-07-24,81,KFC,South,0.7188843544301339,0.047056344082147934,0.08985526769638223,0.059614022899604026,-0.6989680413269632
2023-07-24,81,KFC,Midwest,0.5966459140111525,0.16620831704452563,0.06211878057985756,0.18162748643710216,-1.6495864519456447
2023-07-24,81,KFC,West,0.3499965146473049,-0.1421167625853571,0.06522890237178519,0.37457060797482544,-0.8324421431817632
2023-07-24,81,KFC,Southwest,0.5420296125838069,-0.03934758885255034,0.2062792732454961,0.19135202294227086,-1.0871426102390387
2023-07-24,81,Dominos,Northeast,0.32011924446969886,-0.02037350041593468,0.05859345042386398,0.21214506472215292,-0.5436429328251958
2023-07-24,81,Dominos,South,0.4225322867088842,-0.048098473644282436,0.16903420222022753,0.2939671196096951,-1.4395915106989112
2023-07-24,81,Dominos,Midwest,0.4836625956921607,-0.15423575241918497,0.10019145266430377,0.27749119186196053,-0.977809081224243
2023-07-24,81,Dominos,West,0.19629310100857095,0.004974318895291328,0.09196263428197264,0.08585787626857316,-1.9046964163641222
2023-07-24,81,Dominos,Southwest,0.2938611139831834,0.02545282233907918,0.013614314134967706,0.23368255004054264,-1.4056289797753911
2023-07-24,81,PizzaHut,Northeast,0.526324348184955,0.16518749841218483,0.1344967708176812,0.33192020930403915,-0.5542735082177292
2023-07-24,81,PizzaHut,South,0.5687445299955232,0.05372166649434106,0.17165385327232988,0.4309775708003919,-1.1915286883248193
2023-07-24,81,PizzaHut,Midwest,0.9012373343320526,0.03995293540684838,0.05667293070097135,0.5405277045945869,-1.5681807449977332
2023-07-24,81,PizzaHut,West,0.39212055449023814,0.039199162538976366,0.14116557278651456,0.36248858833460823,-1.8195935553070897
2023-07-24,81,PizzaHut,Southwest,0.2119102881047428,0.0876369916439132,0.2076269648452098,0.03054343973064911,-0.9447074897277044
2023-07-31,82,McDonalds,Northeast,0.99,0.297241568962868,0.027713269265470058,0.5703076004290429,-1.4167227552888253
2023-07-31,82,McDonalds,South,0.6181772419847831,0.023537953778344386,0.28741291316892137,0.36290162650219815,-1.9288765457898727
2023-07-31,82,McDonalds,Midwest,0.6352968841825151,-0.07795331837976148,0.044879181552355416,0.27197951974525986,-0.7982427450570128
2023-07-31,82,McDonalds,West,0.37385649575686103,-0.03489663907710778,0.2724710438053291,0.32062222572817095,-1.093428921375788
2023-07-31,82,McDonalds,Southwest,0.99,0.10254482392908318,0.09761475647586786,0.06848935279224204,-1.7021857116976975
2023-07-31,82,BurgerKing,Northeast,0.3900579761079027,0.13768634057602316,0.24450012132992213,0.1451965604342744,-1.2577573150678698
2023-07-31,82,BurgerKing,South,0.9153480560302867,0.14642152613171688,0.07960538031602005,0.48906939996118465,-0.8865346316994134
2023-07-31,82,BurgerKing,Midwest,0.3479305239779291,-0.03115117864161735,0.3165741719930878,0.5707999278834135,-0.8443823193970343
2023-07-31,82,BurgerKing,West,0.5141459920344439,0.0707058931662752,0.10053500308910315,0.1221118822977808,-1.250572382001857
2023-07-31,82,BurgerKing,Southwest,0.7841158793582017,0.053027987153377254,0.018483657576278914,0.31990659288970436,-1.5421782048067114
2023-07-31,82,Wendys,Northeast,0.7290705395588745,-0.07093460405754647,0.1328241465142246,0.2864796801727,-0.5393861269422597
2023-07-31,82,Wendys,South,0.2420005692432683,0.09286982406816167,0.06877335669035799,0.4254476061773757,-1.0049560835652607
2023-07-31,82,Wendys,Midwest,0.4650697385509502,-0.0847799742084134,0.08722314572501384,0.211067729489257,-1.3876437209805519
2023-07-31,82,Wendys,West,0.4768207250207556,-0.013755450025015915,0.04165760766371676,0.41158605271605975,-1.5793051636930213
2023-07-31,82,Wendys,Southwest,0.22011327004616554,0.018414630111803866,0.19598595047373857,0.4491558671991043,-0.9033455254946567
2023-07-31,82,TacoBell,Northeast,0.6458222883626238,0.147586973441303,0.07730275216667797,0.26793124519078654,-1.6367248316093486
2023-07-31,82,TacoBell,South,0.01,-0.16806193425133778,0.003979491119964669,0.41766802910529877,-1.7424350165394678
2023-07-31,82,TacoBell,Midwest,0.3054950101165871,-0.07278885674548155,0.11549220000432603,0.150108946801192,-1.2052491665568945
2023-07-31,82,TacoBell,West,0.22103124060700646,-0.023383200206183962,0.0446903396082485,0.47182917581289624,-1.5650189110337873
2023-07-31,82,TacoBell,Southwest,0.29730112408144543,-0.003687572998843437,0.10354646560386732,0.08879666648103435,-1.0566422826145774
2023-07-31,82,Subway,Northeast,0.3809412191782915,-0.05587146907155065,0.22149824057158357,0.4678561070838936,-1.8230919876886498
2023-07-31,82,Subway,South,0.7629635103990471,0.05149573106141286,0.12968553551579612,0.4688915625596436,-1.0175883431490176
2023-07-31,82,Subway,Midwest,0.3396121920128702,0.06116863701433789,0.21684813678008416,0.34844406917218707,-1.5750552080034468
2023-07-31,82,Subway,West,0.5729925415080196,-0.021753301438045866,0.24228889639333023,0.264080582240048,-1.999635598348231
2023-07-31,82,Subway,Southwest,0.5080889235365597,0.09787618106467057,0.15684861764457372,0.1839016666596838,-1.8095959134887354
2023-07-31,82,KFC,Northeast,0.6217205856130277,0.11141323161213201,0.10307124891057669,0.41065611985185674,-0.5995769332473588
2023-07-31,82,KFC,South,0.7301254129323851,0.05197063860934993,0.08985526769638223,0.059614022899604026,-0.6989680413269632
2023-07-31,82,KFC,Midwest,0.6086702815581884,0.1719059206165121,0.06211878057985756,0.18162748643710216,-1.6495864519456447
2023-07-31,82,KFC,West,0.35827809593788706,-0.1401619452698242,0.06522890237178519,0.37457060797482544,-0.8324421431817632
2023-07-31,82,KFC,Southwest,0.5473679245464631,-0.0403360408649434,0.2062792732454961,0.19135202294227086,-1.0871426102390387
2023-07-31,82,Dominos,Northeast,0.3145375128359662,-0.016013746520934218,0.05859345042386398,0.21214506472215292,-0.5436429328251958
2023-07-31,82,Dominos,South,0.38726834032795426,-0.0734209344964793,0.16903420222022753,0.2939671196096951,-1.4395915106989112
2023-07-31,82,Dominos,Midwest,0.4805418050640539,-0.14741505751855866,0.10019145266430377,0.27749119186196053,-0.977809081224243
2023-07-31,82,Dominos,West,0.18761339451645756,0.006236097931911,0.09196263428197264,0.08585787626857316,-1.9046964163641222
2023-07-31,82,Dominos,Southwest,0.2816948794866676,0.023228073371296527,0.013614314134967706,0.23368255004054264,-1.4056289797753911
2023-07-31,82,PizzaHut,Northeast,0.5302446732339859,0.1856561203693804,0.1344967708176812,0.33192020930403915,-0.5542735082177292
2023-07-31,82,PizzaHut,South,0.5454468928994529,0.04697232630643554,0.17165385327232988,0.4309775708003919,-1.1915286883248193
2023-07-31,82,PizzaHut,Midwest,0.8806582775332374,0.03592217551619808,0.05667293070097135,0.5405277045945869,-1.5681807449977332
2023-07-31,82,PizzaHut,West,0.39548779060412076,0.05911469556102371,0.14116557278651456,0.36248858833460823,-1.8195935553070897
2023-07-31,82,PizzaHut,Southwest,0.1870413781480795,0.07931637859541463,0.2076269648452098,0.03054343973064911,-0.9447074897277044
2023-08-07,83,McDonalds,Northeast,0.99,0.29174041613350266,0.027713269265470058,0.5703076004290429,-1.4167227552888253
2023-08-07,83,McDonalds,South,0.6292355869013527,0.022067699544035885,0.28741291316892137,0.36290162650219815,-1.9288765457898727
2023-08-07,83,McDonalds,Midwest,0.6562328281546886,-0.06954597355846599,0.044879181552355416,0.27197951974525986,-0.7982427450570128
2023-08-07,83,McDonalds,West,0.3884631199812723,-0.032818614003574643,0.2724710438053291,0.32062222572817095,-1.093428921375788
2023-08-07,83,McDonalds,Southwest,0.99,0.08961857045756055,0.09761475647586786,0.06848935279224204,-1.7021857116976975
2023-08-07,83,BurgerKing,Northeast,0.36993301938127143,0.13236465494475128,0.24450012132992213,0.1451965604342744,-1.2577573150678698
2023-08-07,83,BurgerKing,South,0.8944712406028051,0.14034798179959476,0.07960538031602005,0.48906939996118465,-0.8865346316994134
2023-08-07,83,BurgerKing,Midwest,0.3323550424303393,-0.03192338909384781,0.3165741719930878,0.5707999278834135,-0.8443823193970343
2023-08-07,83,BurgerKing,West,0.5036011575253827,0.07496432975257349,0.10053500308910315,0.1221118822977808,-1.250572382001857
2023-08-07,83,BurgerKing,Southwest,0.7734946658217221,0.05721004471225698,0.018483657576278914,0.31990659288970436,-1.5421782048067114
2023-08-07,83,Wendys,Northeast,0.708234693728809,-0.08869472159803049,0.1328241465142246,0.2864796801727,-0.5393861269422597
2023-08-07,83,Wendys,South,0.2495642508292954,0.10350923394377023,0.06877335669035799,0.4254476061773757,-1.0049560835652607
2023-08-07,83,Wendys,Midwest,0.464519698721335,-0.08225428574844718,0.08722314572501384,0.211067729489257,-1.3876437209805519
2023-08-07,83,Wendys,West,0.48759031720711316,8.987045092314662e-05,0.04165760766371676,0.41158605271605975,-1.5793051636930213
2023-08-07,83,Wendys,Southwest,0.22147952502949075,0.022856613384710584,0.19598595047373857,0.4491558671991043,-0.9033455254946567
2023-08-07,83,TacoBell,Northeast,0.6601095316658459,0.15860020301866062,0.07730275216667797,0.26793124519078654,-1.6367248316093486
2023-08-07,83,TacoBell,South,0.01,-0.16339648113683652,0.003979491119964669,0.41766802910529877,-1.7424350165394678
2023-08-07,83,TacoBell,Midwest,0.32223128140447904,-0.059326599183454065,0.11549220000432603,0.150108946801192,-1.2052491665568945
2023-08-07,83,TacoBell,West,0.22952776069304875,-0.018160693846006177,0.0446903396082485,0.47182917581289624,-1.5650189110337873
2023-08-07,83,TacoBell,Southwest,0.2995959853428809,-0.004666725463272478,0.10354646560386732,0.08879666648103435,-1.0566422826145774
2023-08-07,83,Subway,Northeast,0.4197621653887402,-0.033147121867081825,0.22149824057158357,0.4678561070838936,-1.8230919876886498
2023-08-07,83,Subway,South,0.7879504806278259,0.060386102284211776,0.12968553551579612,0.4688915625596436,-1.0175883431490176
2023-08-07,83,Subway,Midwest,0.3614462352288942,0.06690608122438202,0.21684813678008416,0.34844406917218707,-1.5750552080034468
2023-08-07,83,Subway,West,0.5763260963486161,-0.03451634560342923,0.24228889639333023,0.264080582240048,-1.999635598348231
2023-08-07,83,Subway,Southwest,0.5113024463679041,0.08499310489003518,0.15684861764457372,0.1839016666596838,-1.8095959134887354
2023-08-07,83,KFC,Northeast,0.6297944370744128,0.11434038643355054,0.10307124891057669,0.41065611985185674,-0.5995769332473588
2023-08-07,83,KFC,South,0.7367273215500342,0.053425850587032336,0.08985526769638223,0.059614022899604026,-0.6989680413269632
2023-08-07,83,KFC,Midwest,0.6076757525480718,0.16576469496642895,0.06211878057985756,0.18162748643710216,-1.6495864519456447
2023-08-07,83,KFC,West,0.3648346195739744,-0.1387521182737036,0.06522890237178519,0.37457060797482544,-0.8324421431817632
2023-08-07,83,KFC,Southwest,0.5684008904668658,-0.02444977158450744,0.2062792732454961,0.19135202294227086,-1.0871426102390387
2023-08-07,83,Dominos,Northeast,0.31060096427227996,-0.009059721775431231,0.05859345042386398,0.21214506472215292,-0.5436429328251958
2023-08-07,83,Dominos,South,0.36496768192123763,-0.08483101959400668,0.16903420222022753,0.2939671196096951,-1.4395915106989112
2023-08-07,83,Dominos,Midwest,0.4685361434834352,-0.1485301457899881,0.10019145266430377,0.27749119186196053,-0.977809081224243
2023-08-07,83,Dominos,West,0.1686731563987427,-0.001813566876614609,0.09196263428197264,0.08585787626857316,-1.9046964163641222
2023-08-07,83,Dominos,Southwest,0.26692730701339273,0.019351074207210914,0.013614314134967706,0.23368255004054264,-1.4056289797753911
2023-08-07,83,PizzaHut,Northeast,0.5104605188751135,0.18151996371308396,0.1344967708176812,0.33192020930403915,-0.5542735082177292
2023-08-07,83,PizzaHut,South,0.5250224393708369,0.042195870480395484,0.17165385327232988,0.4309775708003919,-1.1915286883248193
2023-08-07,83,PizzaHut,Midwest,0.8524589261109276,0.02337082179646413,0.05667293070097135,0.5405277045945869,-1.5681807449977332
2023-08-07,83,PizzaHut,West,0.3785632460863629,0.05783814874584181,0.14116557278651456,0.36248858833460823,-1.8195935553070897
2023-08-07,83,PizzaHut,Southwest,0.1657873040770304,0.07371030222694153,0.2076269648452098,0.03054343973064911,-0.9447074897277044
2023-08-14,84,McDonalds,Northeast,0.99,0.26244592923348,0.027713269265470058,0.5703076004290429,-1.4167227552888253
2023-08-14,84,McDonalds,South,0.6607396490328941,0.042597419789052515,0.28741291316892137,0.36290162650219815,-1.9288765457898727
2023-08-14,84,McDonalds,Midwest,0.6780948665833801,-0.058658277016299276,0.044879181552355416,0.27197951974525986,-0.7982427450570128
2023-08-14,84,McDonalds,West,0.395674454618547,-0.0365816212528246,0.2724710438053291,0.32062222572817095,-1.093428921375788
2023-08-14,84,McDonalds,Southwest,0.99,0.08980676095496654,0.09761475647586786,0.06848935279224204,-1.7021857116976975
2023-08-14,84,BurgerKing,Northeast,0.34347282534821,0.12064811147157566,0.24450012132992213,0.1451965604342744,-1.2577573150678698
2023-08-14,84,BurgerKing,South,0.896684818821028,0.1573052105777034,0.07960538031602005,0.48906939996118465,-0.8865346316994134
2023-08-14,84,BurgerKing,Midwest,0.3365842788181846,-0.01295050214611669,0.3165741719930878,0.5707999278834135,-0.8443823193970343
2023-08-14,84,BurgerKing,West,0.49042444424796217,0.07653126703503874,0.10053500308910315,0.1221118822977808,-1.250572382001857
2023-08-14,84,BurgerKing,Southwest,0.7689863217036897,0.06744535115411042,0.018483657576278914,0.31990659288970436,-1.5421782048067114
2023-08-14,84,Wendys,Northeast,0.7076426206265678,-0.08694185380869125,0.1328241465142246,0.2864796801727,-0.5393861269422597
2023-08-14,84,Wendys,South,0.23385205554895566,0.09014197955501092,0.06877335669035799,0.4254476061773757,-1.0049560835652607
2023-08-14,84,Wendys,Midwest,0.45805652414011794,-0.08637251943808374,0.08722314572501384,0.211067729489257,-1.3876437209805519
2023-08-14,84,Wendys,West,0.4865646559832523,0.0014091501186427173,0.04165760766371676,0.41158605271605975,-1.5793051636930213
2023-08-14,84,Wendys,Southwest,0.2145891069504759,0.018311136197276142,0.19598595047373857,0.4491558671991043,-0.9033455254946567
2023-08-14,84,TacoBell,Northeast,0.6631381102028769,0.15641367024431027,0.07730275216667797,0.26793124519078654,-1.6367248316093486
2023-08-14,84,TacoBell,South,0.01,-0.16431047671192767,0.003979491119964669,0.41766802910529877,-1.7424350165394678
2023-08-14,84,TacoBell,Midwest,0.3266376077372058,-0.06013538416210869,0.11549220000432603,0.150108946801192,-1.2052491665568945
2023-08-14,84,TacoBell,West,0.23526545690940492,-0.017638108941031346,0.0446903396082485,0.47182917581289624,-1.5650189110337873
2023-08-14,84,TacoBell,Southwest,0.29420504599029623,-0.015272776127238487,0.10354646560386732,0.08879666648103435,-1.0566422826145774
2023-08-14,84,Subway,Northeast,0.42818806112865027,-0.04031728335836118,0.22149824057158357,0.4678561070838936,-1.8230919876886498
2023-08-14,84,Subway,South,0.7907006952020156,0.04754025962721208,0.12968553551579612,0.4688915625596436,-1.0175883431490176
2023-08-14,84,Subway,Midwest,0.3868204479569456,0.07668423672124403,0.21684813678008416,0.34844406917218707,-1.5750552080034468
2023-08-14,84,Subway,West,0.5708656841614023,-0.05557281502183248,0.24228889639333023,0.264080582240048,-1.999635598348231
2023-08-14,84,Subway,Southwest,0.5384344070322628,0.09652900832320445,0.15684861764457372,0.1839016666596838,-1.8095959134887354
2023-08-14,84,KFC,Northeast,0.6475499201004009,0.12820388040617897,0.10307124891057669,0.41065611985185674,-0.5995769332473588
2023-08-14,84,KFC,South,0.7375975047335677,0.05040404471720612,0.08985526769638223,0.059614022899604026,-0.6989680413269632
2023-08-14,84,KFC,Midwest,0.5855363707231585,0.13973332408815597,0.06211878057985756,0.18162748643710216,-1.6495864519456447
2023-08-14,84,KFC,West,0.3651135030076611,-0.1423652238933765,0.06522890237178519,0.37457060797482544,-0.8324421431817632
2023-08-14,84,KFC,Southwest,0.5716510379073373,-0.025091613197395633,0.2062792732454961,0.19135202294227086,-1.0871426102390387
2023-08-14,84,Dominos,Northeast,0.2888132621226639,-0.019165703974720366,0.05859345042386398,0.21214506472215292,-0.5436429328251958
2023-08-14,84,Dominos,South,0.34813377803282824,-0.0899832035320891,0.16903420222022753,0.2939671196096951,-1.4395915106989112
2023-08-14,84,Dominos,Midwest,0.4721563755217418,-0.1332281938013546,0.10019145266430377,0.27749119186196053,-0.977809081224243
2023-08-14,84,Dominos,West,0.16364070807143316,0.004835704746402801,0.09196263428197264,0.08585787626857316,-1.9046964163641222
2023-08-14,84,Dominos,Southwest,0.2459999459192848,0.010105433063429916,0.013614314134967706,0.23368255004054264,-1.4056289797753911
2023-08-14,84,PizzaHut,Northeast,0.47996376463081575,0.16554397201712964,0.1344967708176812,0.33192020930403915,-0.5542735082177292
2023-08-14,84,PizzaHut,South,0.5072315036463958,0.03892569730429778,0.17165385327232988,0.4309775708003919,-1.1915286883248193
2023-08-14,84,PizzaHut,Midwest,0.8358035957690798,0.02123625400295975,0.05667293070097135,0.5405277045945869,-1.5681807449977332
2023-08-14,84,PizzaHut,West,0.36900447541165265,0.06280014061947498,0.14116557278651456,0.36248858833460823,-1.8195935553070897
2023-08-14,84,PizzaHut,Southwest,0.14591337440301044,0.06835713510126494,0.2076269648452098,0.03054343973064911,-0.9447074897277044
2023-08-21,85,McDonalds,Northeast,0.99,0.2675609249870986,0.027713269265470058,0.5703076004290429,-1.4167227552888253
2023-08-21,85,McDonalds,South,0.6893521180579417,0.0619489601896548,0.28741291316892137,0.36290162650219815,-1.9288765457898727
2023-08-21,85,McDonalds,Midwest,0.6955108054322681,-0.05050326679185665,0.044879181552355416,0.27197951974525986,-0.7982427450570128
2023-08-21,85,McDonalds,West,0.40445449816968465,-0.03706250632613233,0.2724710438053291,0.32062222572817095,-1.093428921375788
2023-08-21,85,McDonalds,Southwest,0.99,0.08797525624443359,0.09761475647586786,0.06848935279224204,-1.7021857116976975
2023-08-21,85,BurgerKing,Northeast,0.32543588458639056,0.11708138012977694,0.24450012132992213,0.1451965604342744,-1.2577573150678698
2023-08-21,85,BurgerKing,South,0.8940210185255287,0.16911161970222485,0.07960538031602005,0.48906939996118465,-0.8865346316994134
2023-08-21,85,BurgerKing,Midwest,0.31584093493865084,-0.01922363660562972,0.3165741719930878,0.5707999278834135,-0.8443823193970343
2023-08-21,85,BurgerKing,West,0.4764064619179412,0.07698349412503856,0.10053500308910315,0.1221118822977808,-1.250572382001857
2023-08-21,85,BurgerKing,Southwest,0.7550280913024798,0.06795733017292127,0.018483657576278914,0.31990659288970436,-1.5421782048067114
2023-08-21,85,Wendys,Northeast,0.7010446328393231,-0.09195969573680657,0.1328241465142246,0.2864796801727,-0.5393861269422597
2023-08-21,85,Wendys,South,0.21854725421098534,0.07641732407616991,0.06877335669035799,0.4254476061773757,-1.0049560835652607
2023-08-21,85,Wendys,Midwest,0.4597061233171653,-0.08314277440190707,0.08722314572501384,0.211067729489257,-1.3876437209805519
2023-08-21,85,Wendys,West,0.48437447040556914,0.000799110400088881,0.04165760766371676,0.41158605271605975,-1.5793051636930213
2023-08-21,85,Wendys,Southwest,0.2180113657857123,0.02331354089164184,0.19598595047373857,0.4491558671991043,-0.9033455254946567
2023-08-21,85,TacoBell,Northeast,0.6648826835963182,0.1510776671799186,0.07730275216667797,0.26793124519078654,-1.6367248316093486
2023-08-21,85,TacoBell,South,0.01,-0.15210226372379718,0.003979491119964669,0.41766802910529877,-1.7424350165394678
2023-08-21,85,TacoBell,Midwest,0.32495044638292025,-0.06890312197422714,0.11549220000432603,0.150108946801192,-1.2052491665568945
2023-08-21,85,TacoBell,West,0.2594664362074168,-0.0005177061008524199,0.0446903396082485,0.47182917581289624,-1.5650189110337873
2023-08-21,85,TacoBell,Southwest,0.2838092573498466,-0.032749141225521104,0.10354646560386732,0.08879666648103435,-1.0566422826145774
2023-08-21,85,Subway,Northeast,0.44740509455152133,-0.03596958271279227,0.22149824057158357,0.4678561070838936,-1.8230919876886498
2023-08-21,85,Subway,South,0.810324334804584,0.05229456645247832,0.12968553551579612,0.4688915625596436,-1.0175883431490176
2023-08-21,85,Subway,Midwest,0.39373421005483894,0.0687286660418352,0.21684813678008416,0.34844406917218707,-1.5750552080034468
2023-08-21,85,Subway,West,0.5899789563173146,-0.05132887564322235,0.24228889639333023,0.264080582240048,-1.999635598348231
2023-08-21,85,Subway,Southwest,0.5660989265071665,0.10932419502080604,0.15684861764457372,0.1839016666596838,-1.8095959134887354
2023-08-21,85,KFC,Northeast,0.6279625693879781,0.10603569201263832,0.10307124891057669,0.41065611985185674,-0.5995769332473588
2023-08-21,85,KFC,South,0.7452057904895936,0.05543149279211427,0.08985526769638223,0.059614022899604026,-0.6989680413269632
2023-08-21,85,KFC,Midwest,0.5631845002009755,0.1148006158848552,0.06211878057985756,0.18162748643710216,-1.6495864519456447
2023-08-21,85,KFC,West,0.3580376926535469,-0.15202187192860858,0.06522890237178519,0.37457060797482544,-0.8324421431817632
2023-08-21,85,KFC,Southwest,0.5905235392374646,-0.008799949548386182,0.2062792732454961,0.19135202294227086,-1.0871426102390387
2023-08-21,85,Dominos,Northeast,0.2706919899843401,-0.024983524308640905,0.05859345042386398,0.21214506472215292,-0.5436429328251958
2023-08-21,85,Dominos,South,0.3240915265843353,-0.10172200317617883,0.16903420222022753,0.2939671196096951,-1.4395915106989112
2023-08-21,85,Dominos,Midwest,0.45787354642749173,-0.1352075710912014,0.10019145266430377,0.27749119186196053,-0.977809081224243
2023-08-21,85,Dominos,West,0.17201631964866543,0.025514768128038323,0.09196263428197264,0.08585787626857316,-1.9046964163641222
2023-08-21,85,Dominos,Southwest,0.2153796716428213,-0.008211389408630346,0.013614314134967706,0.23368255004054264,-1.4056289797753911
2023-08-21,85,PizzaHut,Northeast,0.45626772627903855,0.1550308729007362,0.1344967708176812,0.33192020930403915,-0.5542735082177292
2023-08-21,85,PizzaHut,South,0.5090228812428083,0.05390001413609404,0.17165385327232988,0.4309775708003919,-1.1915286883248193
2023-08-21,85,PizzaHut,Midwest,0.8411976799690734,0.039813277438337076,0.05667293070097135,0.5405277045945869,-1.5681807449977332
2023-08-21,85,PizzaHut,West,0.35478722393336604,0.061765828376572136,0.14116557278651456,0.36248858833460823,-1.8195935553070897
2023-08-21,85,PizzaHut,Southwest,0.12033990814236029,0.055966608075998514,0.2076269648452098,0.03054343973064911,-0.9447074897277044
2023-08-28,86,McDonalds,Northeast,0.99,0.2885193600051902,0.027713269265470058,0.5703076004290429,-1.4167227552888253
2023-08-28,86,McDonalds,South,0.7127097502102898,0.07789338410714677,0.28741291316892137,0.36290162650219815,-1.9288765457898727
2023-08-28,86,McDonalds,Midwest,0.7097134835447466,-0.04371379691423432,0.044879181552355416,0.27197951974525986,-0.7982427450570128
2023-08-28,86,McDonalds,West,0.4037436829151666,-0.04518652981550653,0.2724710438053291,0.32062222572817095,-1.093428921375788
2023-08-28,86,McDonalds,Southwest,0.99,0.08748496283605323,0.09761475647586786,0.06848935279224204,-1.7021857116976975
2023-08-28,86,BurgerKing,Northeast,0.30984537050498556,0.11547777931932864,0.24450012132992213,0.1451965604342744,-1.2577573150678698
2023-08-28,86,BurgerKing,South,0.8833426183007278,0.17242013274838064,0.07960538031602005,0.48906939996118465,-0.8865346316994134
2023-08-28,86,BurgerKing,Midwest,0.3163640360490075,-0.0047136222243163595,0.3165741719930878,0.5707999278834135,-0.8443823193970343
2023-08-28,86,BurgerKing,West,0.4712137190583586,0.0857776645364126,0.10053500308910315,0.1221118822977808,-1.250572382001857
2023-08-28,86,BurgerKing,Southwest,0.7302674172616755,0.05718356940307369,0.018483657576278914,0.31990659288970436,-1.5421782048067114
2023-08-28,86,Wendys,Northeast,0.7140171626652039,-0.07819473123661119,0.1328241465142246,0.2864796801727,-0.5393861269422597
2023-08-28,86,Wendys,South,0.2208861409368024,0.07954864547630147,0.06877335669035799,0.4254476061773757,-1.0049560835652607
2023-08-28,86,Wendys,Midwest,0.46578434660143997,-0.0762721164433179,0.08722314572501384,0.211067729489257,-1.3876437209805519
2023-08-28,86,Wendys,West,0.49824744432404067,0.01546451899287491,0.04165760766371676,0.41158605271605975,-1.5793051636930213
2023-08-28,86,Wendys,Southwest,0.20610312861626226,0.01219773839650633,0.19598595047373857,0.4491558671991043,-0.9033455254946567
2023-08-28,86,TacoBell,Northeast,0.6733677829634281,0.15071941139285397,0.07730275216667797,0.26793124519078654,-1.6367248316093486
2023-08-28,86,TacoBell,South,0.01,-0.15741680923738932,0.003979491119964669,0.41766802910529877,-1.7424350165394678
2023-08-28,86,TacoBell,Midwest,0.3181152072834404,-0.0845817162278817,0.11549220000432603,0.150108946801192,-1.2052491665568945
2023-08-28,86,TacoBell,West,0.27177689113764064,0.002949393675196779,0.0446903396082485,0.47182917581289624,-1.5650189110337873
2023-08-28,86,TacoBell,Southwest,0.31776817801986545,-0.0076335757096768694,0.10354646560386732,0.08879666648103435,-1.0566422826145774
2023-08-28,86,Subway,Northeast,0.4429312821122055,-0.054370360157849795,0.22149824057158357,0.4678561070838936,-1.8230919876886498
2023-08-28,86,Subway,South,0.823928493699831,0.051971760341983614,0.12968553551579612,0.4688915625596436,-1.0175883431490176
2023-08-28,86,Subway,Midwest,0.41406660441132837,0.07513409539258294,0.21684813678008416,0.34844406917218707,-1.5750552080034468
2023-08-28,86,Subway,West,0.6051367033396181,-0.05009809362666054,0.24228889639333023,0.264080582240048,-1.999635598348231
2023-08-28,86,Subway,Southwest,0.5788946109877509,0.10819291449564863,0.15684861764457372,0.1839016666596838,-1.8095959134887354
2023-08-28,86,KFC,Northeast,0.6162026633217612,0.09304352837818008,0.10307124891057669,0.41065611985185674,-0.5995769332473588
2023-08-28,86,KFC,South,0.7487659154872368,0.057759360221515905,0.08985526769638223,0.059614022899604026,-0.6989680413269632
2023-08-28,86,KFC,Midwest,0.5568491179990578,0.10723297611469593,0.06211878057985756,0.18162748643710216,-1.6495864519456447
2023-08-28,86,KFC,West,0.33737073317200283,-0.17392108897839412,0.06522890237178519,0.37457060797482544,-0.8324421431817632
2023-08-28,86,KFC,Southwest,0.6037017190108434,0.003145972656751126,0.2062792732454961,0.19135202294227086,-1.0871426102390387
2023-08-28,86,Dominos,Northeast,0.2675290960118046,-0.01539966611022048,0.05859345042386398,0.21214506472215292,-0.5436429328251958
2023-08-28,86,Dominos,South,0.31186138418189013,-0.10120539340766803,0.16903420222022753,0.2939671196096951,-1.4395915106989112
2023-08-28,86,Dominos,Midwest,0.4474175411385928,-0.13291682420914439,0.10019145266430377,0.27749119186196053,-0.977809081224243
2023-08-28,86,Dominos,West,0.17001274760486512,0.03625794825519394,0.09196263428197264,0.08585787626857316,-1.9046964163641222
2023-08-28,86,Dominos,Southwest,0.20487631603964618,-0.00596799284084952,0.013614314134967706,0.23368255004054264,-1.4056289797753911
2023-08-28,86,PizzaHut,Northeast,0.4536539722066646,0.16407104844834933,0.1344967708176812,0.33192020930403915,-0.5542735082177292
2023-08-28,86,PizzaHut,South,0.4943941296140827,0.05092519212735554,0.17165385327232988,0.4309775708003919,-1.1915286883248193
2023-08-28,86,PizzaHut,Midwest,0.8426635877348257,0.05293311482407654,0.05667293070097135,0.5405277045945869,-1.5681807449977332
2023-08-28,86,PizzaHut,West,0.34634115157270573,0.06497368563589898,0.14116557278651456,0.36248858833460823,-1.8195935553070897
2023-08-28,86,PizzaHut,Southwest,0.1106264979584319,0.05790712751205725,0.2076269648452098,0.03054343973064911,-0.9447074897277044
2023-09-04,87,McDonalds,Northeast,0.99,0.27581874911806986,0.027713269265470058,0.5703076004290429,-1.4167227552888253
2023-09-04,87,McDonalds,South,0.7210372861377952,0.08076294265016386,0.28741291316892137,0.36290162650219815,-1.9288765457898727
2023-09-04,87,McDonalds,Midwest,0.7068519117542903,-0.05203334608917883,0.044879181552355416,0.27197951974525986,-0.7982427450570128
2023-09-04,87,McDonalds,West,0.40281883303436994,-0.051569357080791474,0.2724710438053291,0.32062222572817095,-1.093428921375788
2023-09-04,87,McDonalds,Southwest,0.99,0.07933120655289201,0.09761475647586786,0.06848935279224204,-1.7021857116976975
2023-09-04,87,BurgerKing,Northeast,0.28588225004427426,0.10481543000033638,0.24450012132992213,0.1451965604342744,-1.2577573150678698
2023-09-04,87,BurgerKing,South,0.8912895611891785,0.19366784677855026,0.07960538031602005,0.48906939996118465,-0.8865346316994134
2023-09-04,87,BurgerKing,Midwest,0.31637665552717253,0.008599768395567671,0.3165741719930878,0.5707999278834135,-0.8443823193970343
2023-09-04,87,BurgerKing,West,0.4771166229380822,0.10498133955785521,0.10053500308910315,0.1221118822977808,-1.250572382001857
2023-09-04,87,BurgerKing,Southwest,0.7047376959244009,0.044954619207518046,0.018483657576278914,0.31990659288970436,-1.5421782048067114
2023-09-04,87,Wendys,Northeast,0.7147364690023281,-0.07748219373750227,0.1328241465142246,0.2864796801727,-0.5393861269422597
2023-09-04,87,Wendys,South,0.2079578335227767,0.06661356922426051,0.06877335669035799,0.4254476061773757,-1.0049560835652607
2023-09-04,87,Wendys,Midwest,0.45883416666748467,-0.08322906521528854,0.08722314572501384,0.211067729489257,-1.3876437209805519
2023-09-04,87,Wendys,West,0.4890729433278902,0.0062832491587091616,0.04165760766371676,0.41158605271605975,-1.5793051636930213
2023-09-04,87,Wendys,Southwest,0.21850573751869318,0.024593578460921944,0.19598595047373857,0.4491558671991043,-0.9033455254946567
2023-09-04,87,TacoBell,Northeast,0.6798833687876717,0.14675711461183638,0.07730275216667797,0.26793124519078654,-1.6367248316093486
2023-09-04,87,TacoBell,South,0.016801069186089757,-0.14673301590044915,0.003979491119964669,0.41766802910529877,-1.7424350165394678
2023-09-04,87,TacoBell,Midwest,0.3346342987845867,-0.07854050733199652,0.11549220000432603,0.150108946801192,-1.2052491665568945
2023-09-04,87,TacoBell,West,0.30529116126394973,0.02598578119624467,0.0446903396082485,0.47182917581289624,-1.5650189110337873
2023-09-04,87,TacoBell,Southwest,0.31345161839372937,-0.02242801794107411,0.10354646560386732,0.08879666648103435,-1.0566422826145774
2023-09-04,87,Subway,Northeast,0.46830623516709957,-0.04177802775998181,0.22149824057158357,0.4678561070838936,-1.8230919876886498
2023-09-04,87,Subway,South,0.8481755230608643,0.06343616904599089,0.12968553551579612,0.4688915625596436,-1.0175883431490176
2023-09-04,87,Subway,Midwest,0.41711543668808404,0.06540030701231259,0.21684813678008416,0.34844406917218707,-1.5750552080034468
2023-09-04,87,Subway,West,0.6279906573613756,-0.040026760261928945,0.24228889639333023,0.264080582240048,-1.999635598348231
2023-09-04,87,Subway,Southwest,0.5950386812750391,0.11155436412591092,0.15684861764457372,0.1839016666596838,-1.8095959134887354
2023-09-04,87,KFC,Northeast,0.6137937072943306,0.09076876577864601,0.10307124891057669,0.41065611985185674,-0.5995769332473588
2023-09-04,87,KFC,South,0.7403923671896201,0.049520005351795904,0.08985526769638223,0.059614022899604026,-0.6989680413269632
2023-09-04,87,KFC,Midwest,0.5495238300566693,0.10004188160020407,0.06211878057985756,0.18162748643710216,-1.6495864519456447
2023-09-04,87,KFC,West,0.35773466070196547,-0.15342296802053484,0.06522890237178519,0.37457060797482544,-0.8324421431817632
2023-09-04,87,KFC,Southwest,0.6035743537725216,0.0031528008463259523,0.2062792732454961,0.19135202294227086,-1.0871426102390387
2023-09-04,87,Dominos,Northeast,0.26234520396511785,-0.007578366094905888,0.05859345042386398,0.21214506472215292,-0.5436429328251958
2023-09-04,87,Dominos,South,0.29094719830321325,-0.10911438722434356,0.16903420222022753,0.2939671196096951,-1.4395915106989112
2023-09-04,87,Dominos,Midwest,0.42661381961437506,-0.1407153536713608,0.10019145266430377,0.27749119186196053,-0.977809081224243
2023-09-04,87,Dominos,West,0.1678274036353632,0.047077796347693365,0.09196263428197264,0.08585787626857316,-1.9046964163641222
2023-09-04,87,Dominos,Southwest,0.17837536186212952,-0.01946375495636484,0.013614314134967706,0.23368255004054264,-1.4056289797753911
2023-09-04,87,PizzaHut,Northeast,0.4395459262792858,0.15991891076929662,0.1344967708176812,0.33192020930403915,-0.5542735082177292
2023-09-04,87,PizzaHut,South,0.4847784954764789,0.05126546623807786,0.17165385327232988,0.4309775708003919,-1.1915286883248193
2023-09-04,87,PizzaHut,Midwest,0.8338214055049001,0.054046840842477066,0.05667293070097135,0.5405277045945869,-1.5681807449977332
2023-09-04,87,PizzaHut,West,0.33459431047421817,0.06318275278573741,0.14116557278651456,0.36248858833460823,-1.8195935553070897
2023-09-04,87,PizzaHut,Southwest,0.10462878752106505,0.06186532532301649,0.2076269648452098,0.03054343973064911,-0.9447074897277044
2023-09-11,88,McDonalds,Northeast,0.99,0.282747306676248,0.027713269265470058,0.5703076004290429,-1.4167227552888253
2023-09-11,88,McDonalds,South,0.73180725350884,0.08810931810475715,0.28741291316892137,0.36290162650219815,-1.9288765457898727
2023-09-11,88,McDonalds,Midwest,0.7004174655840635,-0.0618913841758571,0.044879181552355416,0.27197951974525986,-0.7982427450570128
2023-09-11,88,McDonalds,West,0.40340087397153346,-0.05441090806007945,0.2724710438053291,0.32062222572817095,-1.093428921375788
2023-09-11,88,McDonalds,Southwest,0.99,0.09127883517166138,0.09761475647586786,0.06848935279224204,-1.7021857116976975
2023-09-11,88,BurgerKing,Northeast,0.2824069880736817,0.11376190187607511,0.24450012132992213,0.1451965604342744,-1.2577573150678698
2023-09-11,88,BurgerKing,South,0.8651392328280365,0.1799392522637396,0.07960538031602005,0.48906939996118465,-0.8865346316994134
2023-09-11,88,BurgerKing,Midwest,0.3074697206843632,0.012114567399089688,0.3165741719930878,0.5707999278834135,-0.8443823193970343
2023-09-11,88,BurgerKing,West,0.4449126365980028,0.08519908706410712,0.10053500308910315,0.1221118822977808,-1.250572382001857
2023-09-11,88,BurgerKing,Southwest,0.6927853110986734,0.04542396822812174,0.018483657576278914,0.31990659288970436,-1.5421782048067114
2023-09-11,88,Wendys,Northeast,0.7345200133546869,-0.0585045235700425,0.1328241465142246,0.2864796801727,-0.5393861269422597
2023-09-11,88,Wendys,South,0.19928478053498577,0.05713464205157065,0.06877335669035799,0.4254476061773757,-1.0049560835652607
2023-09-11,88,Wendys,Midwest,0.4512968103974677,-0.09157229567020436,0.08722314572501384,0.211067729489257,-1.3876437209805519
2023-09-11,88,Wendys,West,0.4975191153285178,0.013923546974437756,0.04165760766371676,0.41158605271605975,-1.5793051636930213
2023-09-11,88,Wendys,Southwest,0.20388359655149568,0.009165563308825484,0.19598595047373857,0.4491558671991043,-0.9033455254946567
2023-09-11,88,TacoBell,Northeast,0.6855162724755168,0.14042956431298598,0.07730275216667797,0.26793124519078654,-1.6367248316093486
2023-09-11,88,TacoBell,South,0.03472593454860279,-0.14076860452463164,0.003979491119964669,0.41766802910529877,-1.7424350165394678
2023-09-11,88,TacoBell,Midwest,0.3402518942943882,-0.08488336580889055,0.11549220000432603,0.150108946801192,-1.2052491665568945
2023-09-11,88,TacoBell,West,0.3148919153785355,0.02362608132413495,0.0446903396082485,0.47182917581289624,-1.5650189110337873
2023-09-11,88,TacoBell,Southwest,0.33285392948357523,-0.014986160837923763,0.10354646560386732,0.08879666648103435,-1.0566422826145774
2023-09-11,88,Subway,Northeast,0.4839745916505719,-0.037562566924616195,0.22149824057158357,0.4678561070838936,-1.8230919876886498
2023-09-11,88,Subway,South,0.8622966026719251,0.0661043530089449,0.12968553551579612,0.4688915625596436,-1.0175883431490176
2023-09-11,88,Subway,Midwest,0.4251771095434904,0.062009084219612196,0.21684813678008416,0.34844406917218707,-1.5750552080034468
2023-09-11,88,Subway,West,0.643144164162172,-0.03632614910923939,0.24228889639333023,0.264080582240048,-1.999635598348231
2023-09-11,88,Subway,Southwest,0.6052542501221484,0.11031703732491335,0.15684861764457372,0.1839016666596838,-1.8095959134887354
2023-09-11,88,KFC,Northeast,0.6168730651171337,0.09534682187790386,0.10307124891057669,0.41065611985185674,-0.5995769332473588
2023-09-11,88,KFC,South,0.7339243486619855,0.04455068510061612,0.08985526769638223,0.059614022899604026,-0.6989680413269632
2023-09-11,88,KFC,Midwest,0.5461994420364191,0.09821619185640866,0.06211878057985756,0.18162748643710216,-1.6495864519456447
2023-09-11,88,KFC,West,0.3463363844999906,-0.163322545946055,0.06522890237178519,0.37457060797482544,-0.8324421431817632
2023-09-11,88,KFC,Southwest,0.6017255793960045,0.0028027247462635934,0.2062792732454961,0.19135202294227086,-1.0871426102390387
2023-09-11,88,Dominos,Northeast,0.24116017189004715,-0.015688374731194336,0.05859345042386398,0.21214506472215292,-0.5436429328251958
2023-09-11,88,Dominos,South,0.26673171036281107,-0.1202548517259635,0.16903420222022753,0.2939671196096951,-1.4395915106989112
2023-09-11,88,Dominos,Midwest,0.4161254076541467,-0.1381287421928069,0.10019145266430377,0.27749119186196053,-0.977809081224243
2023-09-11,88,Dominos,West,0.15687977795515756,0.049205194106269966,0.09196263428197264,0.08585787626857316,-1.9046964163641222
2023-09-11,88,Dominos,Southwest,0.173129075772833,-0.011635017606879116,0.013614314134967706,0.23368255004054264,-1.4056289797753911
2023-09-11,88,PizzaHut,Northeast,0.4271211698146581,0.15560765507354563,0.1344967708176812,0.33192020930403915,-0.5542735082177292
2023-09-11,88,PizzaHut,South,0.48074552317596975,0.05534599470644542,0.17165385327232988,0.4309775708003919,-1.1915286883248193
2023-09-11,88,PizzaHut,Midwest,0.83121588045876,0.0595548165652137,0.05667293070097135,0.5405277045945869,-1.5681807449977332
2023-09-11,88,PizzaHut,West,0.3309285477836573,0.06763049086405336,0.14116557278651456,0.36248858833460823,-1.8195935553070897
2023-09-11,88,PizzaHut,Southwest,0.08825874992416688,0.05360878849499506,0.2076269648452098,0.03054343973064911,-0.9447074897277044
2023-09-18,89,McDonalds,Northeast,0.99,0.28424094149895984,0.027713269265470058,0.5703076004290429,-1.4167227552888253
2023-09-18,89,McDonalds,South,0.7367882120874462,0.09175072106530377,0.28741291316892137,0.36290162650219815,-1.9288765457898727
2023-09-18,89,McDonalds,Midwest,0.7018288058712024,-0.06181959950677768,0.044879181552355416,0.27197951974525986,-0.7982427450570128
2023-09-18,89,McDonalds,West,0.3838756530058821,-0.0752756846437903,0.2724710438053291,0.32062222572817095,-1.093428921375788
2023-09-18,89,McDonalds,Southwest,0.99,0.09288373141139618,0.09761475647586786,0.06848935279224204,-1.7021857116976975
2023-09-18,89,BurgerKing,Northeast,0.29316974879606195,0.13588721227004755,0.24450012132992213,0.1451965604342744,-1.2577573150678698
2023-09-18,89,BurgerKing,South,0.8501762904688744,0.1763388595761698,0.07960538031602005,0.48906939996118465,-0.8865346316994134
2023-09-18,89,BurgerKing,Midwest,0.2888264000342178,0.004833796420536477,0.3165741719930878,0.5707999278834135,-0.8443823193970343
2023-09-18,89,BurgerKing,West,0.43728357252352457,0.0889325726612211,0.10053500308910315,0.1221118822977808,-1.250572382001857
2023-09-18,89,BurgerKing,Southwest,0.6845465435317468,0.04854775033278746,0.018483657576278914,0.31990659288970436,-1.5421782048067114
2023-09-18,89,Wendys,Northeast,0.748040657305876,-0.04657717191587835,0.1328241465142246,0.2864796801727,-0.5393861269422597
2023-09-18,89,Wendys,South,0.1882993912729219,0.04455596049248177,0.06877335669035799,0.4254476061773757,-1.0049560835652607
2023-09-18,89,Wendys,Midwest,0.4602039052202427,-0.08425849314445444,0.08722314572501384,0.211067729489257,-1.3876437209805519
2023-09-18,89,Wendys,West,0.5050166282380574,0.019827767586952393,0.04165760766371676,0.41158605271605975,-1.5793051636930213
2023-09-18,89,Wendys,Southwest,0.2040554234791152,0.0077440979394200245,0.19598595047373857,0.4491558671991043,-0.9033455254946567
2023-09-18,89,TacoBell,Northeast,0.7021727138800858,0.14381643749220288,0.07730275216667797,0.26793124519078654,-1.6367248316093486
2023-09-18,89,TacoBell,South,0.058290077589938386,-0.13047402970864808,0.003979491119964669,0.41766802910529877,-1.7424350165394678
2023-09-18,89,TacoBell,Midwest,0.3622446163200247,-0.07616021200860605,0.11549220000432603,0.150108946801192,-1.2052491665568945
2023-09-18,89,TacoBell,West,0.31673129048315024,0.012195888203397665,0.0446903396082485,0.47182917581289624,-1.5650189110337873
2023-09-18,89,TacoBell,Southwest,0.35432507957648207,-0.006784578970368918,0.10354646560386732,0.08879666648103435,-1.0566422826145774
2023-09-18,89,Subway,Northeast,0.49328477998942044,-0.03820945297494137,0.22149824057158357,0.4678561070838936,-1.8230919876886498
2023-09-18,89,Subway,South,0.872982418041254,0.06683309398910005,0.12968553551579612,0.4688915625596436,-1.0175883431490176
2023-09-18,89,Subway,Midwest,0.4358661538426811,0.06274105412962913,0.21684813678008416,0.34844406917218707,-1.5750552080034468
2023-09-18,89,Subway,West,0.6515988086633631,-0.03782857899722199,0.24228889639333023,0.264080582240048,-1.999635598348231
2023-09-18,89,Subway,Southwest,0.6271283994823927,0.12223411229598401,0.15684861764457372,0.1839016666596838,-1.8095959134887354
2023-09-18,89,KFC,Northeast,0.6131944173479382,0.09450964227941173,0.10307124891057669,0.41065611985185674,-0.5995769332473588
2023-09-18,89,KFC,South,0.7198874192074505,0.033355223816784435,0.08985526769638223,0.059614022899604026,-0.6989680413269632
2023-09-18,89,KFC,Midwest,0.5394226753060185,0.09428089329671137,0.06211878057985756,0.18162748643710216,-1.6495864519456447
2023-09-18,89,KFC,West,0.3452818634973919,-0.16153559877795023,0.06522890237178519,0.37457060797482544,-0.8324421431817632
2023-09-18,89,KFC,Southwest,0.6111762590682717,0.015094872589234098,0.2062792732454961,0.19135202294227086,-1.0871426102390387
2023-09-18,89,Dominos,Northeast,0.23423588517162447,-0.009657427881706,0.05859345042386398,0.21214506472215292,-0.5436429328251958
2023-09-18,89,Dominos,South,0.24527112400742968,-0.12876020451343392,0.16903420222022753,0.2939671196096951,-1.4395915106989112
2023-09-18,89,Dominos,Midwest,0.4280220732530246,-0.113276843026018,0.10019145266430377,0.27749119186196053,-0.977809081224243
2023-09-18,89,Dominos,West,0.14657229749702633,0.051852947216049765,0.09196263428197264,0.08585787626857316,-1.9046964163641222
2023-09-18,89,Dominos,Southwest,0.17292774958491214,0.0011188897731110332,0.013614314134967706,0.23368255004054264,-1.4056289797753911
2023-09-18,89,PizzaHut,Northeast,0.4194505986812871,0.15409051073777333,0.1344967708176812,0.33192020930403915,-0.5542735082177292
2023-09-18,89,PizzaHut,South,0.47992568882542563,0.060679587153499914,0.17165385327232988,0.4309775708003919,-1.1915286883248193
2023-09-18,89,PizzaHut,Midwest,0.8334571387063454,0.06794950161039774,0.05667293070097135,0.5405277045945869,-1.5681807449977332
2023-09-18,89,PizzaHut,West,0.33695706810360126,0.07981243798159592,0.14116557278651456,0.36248858833460823,-1.8195935553070897
2023-09-18,89,PizzaHut,Southwest,0.09267900618035052,0.06418247154877732,0.2076269648452098,0.03054343973064911,-0.9447074897277044
2023-09-25,90,McDonalds,Northeast,0.99,0.2929629114996896,0.027713269265470058,0.5703076004290429,-1.4167227552888253
2023-09-25,90,McDonalds,South,0.7328734371160329,0.08859985375336268,0.28741291316892137,0.36290162650219815,-1.9288765457898727
2023-09-25,90,McDonalds,Midwest,0.6953474377921698,-0.0675370599263383,0.044879181552355416,0.27197951974525986,-0.7982427450570128
2023-09-25,90,McDonalds,West,0.386437820449652,-0.07194960954054831,0.2724710438053291,0.32062222572817095,-1.093428921375788
2023-09-25,90,McDonalds,Southwest,0.99,0.10221501213480687,0.09761475647586786,0.06848935279224204,-1.7021857116976975
2023-09-25,90,BurgerKing,Northeast,0.2808039622939556,0.13366000526228147,0.24450012132992213,0.1451965604342744,-1.2577573150678698
2023-09-25,90,BurgerKing,South,0.850689430631678,0.18699057923331366,0.07960538031602005,0.48906939996118465,-0.8865346316994134
2023-09-25,90,BurgerKing,Midwest,0.29321398799473936,0.01935996387539827,0.3165741719930878,0.5707999278834135,-0.8443823193970343
2023-09-25,90,BurgerKing,West,0.4179817838384501,0.0797693634704869,0.10053500308910315,0.1221118822977808,-1.250572382001857
2023-09-25,90,BurgerKing,Southwest,0.6660387569994437,0.04017854329482466,0.018483657576278914,0.31990659288970436,-1.5421782048067114
2023-09-25,90,Wendys,Northeast,0.7489945103166703,-0.04798092250493172,0.1328241465142246,0.2864796801727,-0.5393861269422597
2023-09-25,90,Wendys,South,0.1937331215546615,0.04763208717437373,0.06877335669035799,0.4254476061773757,-1.0049560835652607
2023-09-25,90,Wendys,Midwest,0.4573158386824198,-0.08950416328212495,0.08722314572501384,0.211067729489257,-1.3876437209805519
2023-09-25,90,Wendys,West,0.5208962586265764,0.03334979437562384,0.04165760766371676,0.41158605271605975,-1.5793051636930213
2023-09-25,90,Wendys,Southwest,0.2106536956941473,0.011984766554604537,0.19598595047373857,0.4491558671991043,-0.9033455254946567
2023-09-25,90,TacoBell,Northeast,0.7169534241823657,0.14421090797461028,0.07730275216667797,0.26793124519078654,-1.6367248316093486
2023-09-25,90,TacoBell,South,0.05831722217112571,-0.14483312494733336,0.003979491119964669,0.41766802910529877,-1.7424350165394678
2023-09-25,90,TacoBell,Midwest,0.36347269797562226,-0.08931837017288112,0.11549220000432603,0.150108946801192,-1.2052491665568945
2023-09-25,90,TacoBell,West,0.33392762280584093,0.015005980706215729,0.0446903396082485,0.47182917581289624,-1.5650189110337873
2023-09-25,90,TacoBell,Southwest,0.34738536313480634,-0.028110535231917283,0.10354646560386732,0.08879666648103435,-1.0566422826145774
2023-09-25,90,Subway,Northeast,0.5117280041962922,-0.02808307887850065,0.22149824057158357,0.4678561070838936,-1.8230919876886498
2023-09-25,90,Subway,South,0.8797177297079617,0.06525155554537684,0.12968553551579612,0.4688915625596436,-1.0175883431490176
2023-09-25,90,Subway,Midwest,0.4766139336490594,0.09517198382557646,0.21684813678008416,0.34844406917218707,-1.5750552080034468
2023-09-25,90,Subway,West,0.6829948212799553,-0.014749416491060884,0.24228889639333023,0.264080582240048,-1.999635598348231
2023-09-25,90,Subway,Southwest,0.6336307589003485,0.12041962160350884,0.15684861764457372,0.1839016666596838,-1.8095959134887354
2023-09-25,90,KFC,Northeast,0.6079880178063395,0.09344627225409859,0.10307124891057669,0.41065611985185674,-0.5995769332473588
2023-09-25,90,KFC,South,0.7257002048311852,0.04331103895680473,0.08985526769638223,0.059614022899604026,-0.6989680413269632
2023-09-25,90,KFC,Midwest,0.5523113718889133,0.11131261939589175,0.06211878057985756,0.18162748643710216,-1.6495864519456447
2023-09-25,90,KFC,West,0.32475854340674626,-0.1779158893523104,0.06522890237178519,0.37457060797482544,-0.8324421431817632
2023-09-25,90,KFC,Southwest,0.5891694748984391,-0.002768882064312767,0.2062792732454961,0.19135202294227086,-1.0871426102390387
2023-09-25,90,Dominos,Northeast,0.21536797740749228,-0.015877775937249813,0.05859345042386398,0.21214506472215292,-0.5436429328251958
2023-09-25,90,Dominos,South,0.23845094013057996,-0.12293282868169528,0.16903420222022753,0.2939671196096951,-1.4395915106989112
2023-09-25,90,Dominos,Midwest,0.4203432494495122,-0.10830810712094202,0.10019145266430377,0.27749119186196053,-0.977809081224243
2023-09-25,90,Dominos,West,0.14462245233827647,0.06255066176588826,0.09196263428197264,0.08585787626857316,-1.9046964163641222
2023-09-25,90,Dominos,Southwest,0.14828321459267071,-0.010878085510542049,0.013614314134967706,0.23368255004054264,-1.4056289797753911
2023-09-25,90,PizzaHut,Northeast,0.39218504763636863,0.13092907210808458,0.1344967708176812,0.33192020930403915,-0.5542735082177292
2023-09-25,90,PizzaHut,South,0.4844017183632172,0.06925972910652137,0.17165385327232988,0.4309775708003919,-1.1915286883248193
2023-09-25,90,PizzaHut,Midwest,0.8210710635614633,0.0596675388807454,0.05667293070097135,0.5405277045945869,-1.5681807449977332
2023-09-25,90,PizzaHut,West,0.31266807704448507,0.05962755933770954,0.14116557278651456,0.36248858833460823,-1.8195935553070897
2023-09-25,90,PizzaHut,Southwest,0.09002553122471454,0.06563310900837113,0.2076269648452098,0.03054343973064911,-0.9447074897277044
2023-10-02,91,McDonalds,Northeast,0.99,0.3008946683818764,0.027713269265470058,0.5703076004290429,-1.4167227552888253
2023-10-02,91,McDonalds,South,0.7287965734707273,0.08737928243214992,0.28741291316892137,0.36290162650219815,-1.9288765457898727
2023-10-02,91,McDonalds,Midwest,0.6879126616062521,-0.07211554378816319,0.044879181552355416,0.27197951974525986,-0.7982427450570128
2023-10-02,91,McDonalds,West,0.3819879058041002,-0.07354323186200738,0.2724710438053291,0.32062222572817095,-1.093428921375788
2023-10-02,91,McDonalds,Southwest,0.99,0.09850918451079904,0.09761475647586786,0.06848935279224204,-1.7021857116976975
2023-10-02,91,BurgerKing,Northeast,0.2585559171650611,0.1201795341428798,0.24450012132992213,0.1451965604342744,-1.2577573150678698
2023-10-02,91,BurgerKing,South,0.8347750498522809,0.17984377246340935,0.07960538031602005,0.48906939996118465,-0.8865346316994134
2023-10-02,91,BurgerKing,Midwest,0.28965921303538467,0.024572762925536413,0.3165741719930878,0.5707999278834135,-0.8443823193970343
2023-10-02,91,BurgerKing,West,0.4124309952427223,0.0829861488842519,0.10053500308910315,0.1221118822977808,-1.250572382001857
2023-10-02,91,BurgerKing,Southwest,0.6589517810496192,0.04185914135449286,0.018483657576278914,0.31990659288970436,-1.5421782048067114
2023-10-02,91,Wendys,Northeast,0.7421307491247325,-0.05793240732346551,0.1328241465142246,0.2864796801727,-0.5393861269422597
2023-10-02,91,Wendys,South,0.19500581355990088,0.04581705555301706,0.06877335669035799,0.4254476061773757,-1.0049560835652607
2023-10-02,91,Wendys,Midwest,0.43863291184458736,-0.11127481374655349,0.08722314572501384,0.211067729489257,-1.3876437209805519
2023-10-02,91,Wendys,West,0.5257687488920264,0.03513456101447774,0.04165760766371676,0.41158605271605975,-1.5793051636930213
2023-10-02,91,Wendys,Southwest,0.22802999639887905,0.026273343632740212,0.19598595047373857,0.4491558671991043,-0.9033455254946567
2023-10-02,91,TacoBell,Northeast,0.7175063770408912,0.12946958665418923,0.07730275216667797,0.26793124519078654,-1.6367248316093486
2023-10-02,91,TacoBell,South,0.06775221961689465,-0.1506924016805109,0.003979491119964669,0.41766802910529877,-1.7424350165394678
2023-10-02,91,TacoBell,Midwest,0.38205803994167004,-0.08602730238577982,0.11549220000432603,0.150108946801192,-1.2052491665568945
2023-10-02,91,TacoBell,West,0.36175032332906226,0.027534407050490567,0.0446903396082485,0.47182917581289624,-1.5650189110337873
2023-10-02,91,TacoBell,Southwest,0.35819739115075133,-0.03259278139491878,0.10354646560386732,0.08879666648103435,-1.0566422826145774
2023-10-02,91,Subway,Northeast,0.5113615111584653,-0.035005582171159615,0.22149824057158357,0.4678561070838936,-1.8230919876886498
2023-10-02,91,Subway,South,0.866584508538633,0.04556232412121601,0.12968553551579612,0.4688915625596436,-1.0175883431490176
2023-10-02,91,Subway,Midwest,0.48420432519697265,0.09620636511865752,0.21684813678008416,0.34844406917218707,-1.5750552080034468
2023-10-02,91,Subway,West,0.7099715919362248,0.005671343910376558,0.24228889639333023,0.264080582240048,-1.999635598348231
2023-10-02,91,Subway,Southwest,0.6429603537748274,0.1231932062231556,0.15684861764457372,0.1839016666596838,-1.8095959134887354
2023-10-02,91,KFC,Northeast,0.6023807216664113,0.09322348246226145,0.10307124891057669,0.41065611985185674,-0.5995769332473588
2023-10-02,91,KFC,South,0.723536521590764,0.046531862064474586,0.08985526769638223,0.059614022899604026,-0.6989680413269632
2023-10-02,91,KFC,Midwest,0.5468159455013362,0.11120169935640573,0.06211878057985756,0.18162748643710216,-1.6495864519456447
2023-10-02,91,KFC,West,0.31124389333605385,-0.1860460330749117,0.06522890237178519,0.37457060797482544,-0.8324421431817632
2023-10-02,91,KFC,Southwest,0.5920177677071251,0.005463917092464287,0.2062792732454961,0.19135202294227086,-1.0871426102390387
2023-10-02,91,Dominos,Northeast,0.20546912872070272,-0.013620160706132268,0.05859345042386398,0.21214506472215292,-0.5436429328251958
2023-10-02,91,Dominos,South,0.22647060873200942,-0.12275669616235871,0.16903420222022753,0.2939671196096951,-1.4395915106989112
2023-10-02,91,Dominos,Midwest,0.3984331252588226,-0.11806176739372452,0.10019145266430377,0.27749119186196053,-0.977809081224243
2023-10-02,91,Dominos,West,0.14550106773971694,0.07558574108523586,0.09196263428197264,0.08585787626857316,-1.9046964163641222
2023-10-02,91,Dominos,Southwest,0.1427737781280947,-0.00423105805721095,0.013614314134967706,0.23368255004054264,-1.4056289797753911
2023-10-02,91,PizzaHut,Northeast,0.3846605613462095,0.12539986373441156,0.1344967708176812,0.33192020930403915,-0.5542735082177292
2023-10-02,91,PizzaHut,South,0.49242468898355063,0.07927797764334074,0.17165385327232988,0.4309775708003919,-1.1915286883248193
2023-10-02,91,PizzaHut,Midwest,0.8141000772611252,0.05469183049689333,0.05667293070097135,0.5405277045945869,-1.5681807449977332
2023-10-02,91,PizzaHut,West,0.30285276420288876,0.05180752441259917,0.14116557278651456,0.36248858833460823,-1.8195935553070897
2023-10-02,91,PizzaHut,Southwest,0.08043322213342566,0.05803607783356826,0.2076269648452098,0.03054343973064911,-0.9447074897277044
2023-10-09,92,McDonalds,Northeast,0.99,0.2831839828509955,0.027713269265470058,0.5703076004290429,-1.4167227552888253
2023-10-09,92,McDonalds,South,0.7286047438229638,0.09209470623633198,0.28741291316892137,0.36290162650219815,-1.9288765457898727
2023-10-09,92,McDonalds,Midwest,0.6646939593709229,-0.0904269925715467,0.044879181552355416,0.27197951974525986,-0.7982427450570128
2023-10-09,92,McDonalds,West,0.3647962140394968,-0.08582767017466501,0.2724710438053291,0.32062222572817095,-1.093428921375788
2023-10-09,92,McDonalds,Southwest,0.99,0.07775330442001371,0.09761475647586786,0.06848935279224204,-1.7021857116976975
2023-10-09,92,BurgerKing,Northeast,0.2504258039375371,0.11931883721497087,0.24450012132992213,0.1451965604342744,-1.2577573150678698
2023-10-09,92,BurgerKing,South,0.8260024289499471,0.17834056786069064,0.07960538031602005,0.48906939996118465,-0.8865346316994134
2023-10-09,92,BurgerKing,Midwest,0.27912283460390597,0.021305800793672773,0.3165741719930878,0.5707999278834135,-0.8443823193970343
2023-10-09,92,BurgerKing,West,0.39473580199640146,0.07256037193754614,0.10053500308910315,0.1221118822977808,-1.250572382001857
2023-10-09,92,BurgerKing,Southwest,0.6399600272156377,0.03013680382012646,0.018483657576278914,0.31990659288970436,-1.5421782048067114
2023-10-09,92,Wendys,Northeast,0.7505475115315623,-0.053288708687999765,0.1328241465142246,0.2864796801727,-0.5393861269422597
2023-10-09,92,Wendys,South,0.19327335801417994,0.04031153623593218,0.06877335669035799,0.4254476061773757,-1.0049560835652607
2023-10-09,92,Wendys,Midwest,0.4455695588313127,-0.10811123053119204,0.08722314572501384,0.211067729489257,-1.3876437209805519
2023-10-09,92,Wendys,West,0.5206893258021481,0.026282074153235517,0.04165760766371676,0.41158605271605975,-1.5793051636930213
2023-10-09,92,Wendys,Southwest,0.2336136875979538,0.028083971060451036,0.19598595047373857,0.4491558671991043,-0.9033455254946567
2023-10-09,92,TacoBell,Northeast,0.7465196598983141,0.14250236702734986,0.07730275216667797,0.26793124519078654,-1.6367248316093486
2023-10-09,92,TacoBell,South,0.08959438010508466,-0.14483074367658308,0.003979491119964669,0.41766802910529877,-1.7424350165394678
2023-10-09,92,TacoBell,Midwest,0.3939144042437674,-0.09015144056794464,0.11549220000432603,0.150108946801192,-1.2052491665568945
2023-10-09,92,TacoBell,West,0.3803028155168837,0.03010639675404984,0.0446903396082485,0.47182917581289624,-1.5650189110337873
2023-10-09,92,TacoBell,Southwest,0.3717712418897114,-0.03499943314022091,0.10354646560386732,0.08879666648103435,-1.0566422826145774
2023-10-09,92,Subway,Northeast,0.5161404045047905,-0.034926780324212335,0.22149824057158357,0.4678561070838936,-1.8230919876886498
2023-10-09,92,Subway,South,0.8680284895165258,0.04230621359973097,0.12968553551579612,0.4688915625596436,-1.0175883431490176
2023-10-09,92,Subway,Midwest,0.4872610646374966,0.09456301305980361,0.21684813678008416,0.34844406917218707,-1.5750552080034468
2023-10-09,92,Subway,West,0.7167926169663443,0.007792277441118313,0.24228889639333023,0.264080582240048,-1.999635598348231
2023-10-09,92,Subway,Southwest,0.6377268582783857,0.1132596192273361,0.15684861764457372,0.1839016666596838,-1.8095959134887354
2023-10-09,92,KFC,Northeast,0.5856740393165312,0.08306469419236166,0.10307124891057669,0.41065611985185674,-0.5995769332473588
2023-10-09,92,KFC,South,0.7031032019724716,0.032646436526162476,0.08985526769638223,0.059614022899604026,-0.6989680413269632
2023-10-09,92,KFC,Midwest,0.5242653403763188,0.09519898831136862,0.06211878057985756,0.18162748643710216,-1.6495864519456447
2023-10-09,92,KFC,West,0.29252317233386876,-0.19821885999711647,0.06522890237178519,0.37457060797482544,-0.8324421431817632
2023-10-09,92,KFC,Southwest,0.5870644986951861,0.0070585421605055786,0.2062792732454961,0.19135202294227086,-1.0871426102390387
2023-10-09,92,Dominos,Northeast,0.18505218522616038,-0.02254803586105111,0.05859345042386398,0.21214506472215292,-0.5436429328251958
2023-10-09,92,Dominos,South,0.22011768503469686,-0.11762055152004774,0.16903420222022753,0.2939671196096951,-1.4395915106989112
2023-10-09,92,Dominos,Midwest,0.3872911944067247,-0.11771462990619891,0.10019145266430377,0.27749119186196053,-0.977809081224243
2023-10-09,92,Dominos,West,0.11432695726571293,0.055900698950855324,0.09196263428197264,0.08585787626857316,-1.9046964163641222
2023-10-09,92,Dominos,Southwest,0.1378344656306881,0.002318697785005948,0.013614314134967706,0.23368255004054264,-1.4056289797753911
2023-10-09,92,PizzaHut,Northeast,0.39291104101227725,0.13350785019032865,0.1344967708176812,0.33192020930403915,-0.5542735082177292
2023-10-09,92,PizzaHut,South,0.48262855544535266,0.06933935089499221,0.17165385327232988,0.4309775708003919,-1.1915286883248193
2023-10-09,92,PizzaHut,Midwest,0.8184444859002258,0.05889374592584325,0.05667293070097135,0.5405277045945869,-1.5681807449977332
2023-10-09,92,PizzaHut,West,0.2944302750389473,0.04324254203850718,0.14116557278651456,0.36248858833460823,-1.8195935553070897
2023-10-09,92,PizzaHut,Southwest,0.08155241911105957,0.05901278160105162,0.2076269648452098,0.03054343973064911,-0.9447074897277044
2023-10-16,93,McDonalds,Northeast,0.99,0.2705389987814458,0.027713269265470058,0.5703076004290429,-1.4167227552888253
2023-10-16,93,McDonalds,South,0.7037866324313198,0.07416364171098622,0.28741291316892137,0.36290162650219815,-1.9288765457898727
2023-10-16,93,McDonalds,Midwest,0.6539787406084951,-0.09425516446767639,0.044879181552355416,0.27197951974525986,-0.7982427450570128
2023-10-16,93,McDonalds,West,0.3566718777104503,-0.08706495963741337,0.2724710438053291,0.32062222572817095,-1.093428921375788
2023-10-16,93,McDonalds,Southwest,0.99,0.07377650748386767,0.09761475647586786,0.06848935279224204,-1.7021857116976975
2023-10-16,93,BurgerKing,Northeast,0.2329196648758916,0.10747853163274527,0.24450012132992213,0.1451965604342744,-1.2577573150678698
2023-10-16,93,BurgerKing,South,0.8163376048492159,0.17434157723937926,0.07960538031602005,0.48906939996118465,-0.8865346316994134
2023-10-16,93,BurgerKing,Midwest,0.2761499486502934,0.023998748319480113,0.3165741719930878,0.5707999278834135,-0.8443823193970343
2023-10-16,93,BurgerKing,West,0.3886210382157563,0.07211144163632077,0.10053500308910315,0.1221118822977808,-1.250572382001857
2023-10-16,93,BurgerKing,Southwest,0.6361192040422099,0.03196181412611859,0.018483657576278914,0.31990659288970436,-1.5421782048067114
2023-10-16,93,Wendys,Northeast,0.7482500443779702,-0.0599898606925421,0.1328241465142246,0.2864796801727,-0.5393861269422597
2023-10-16,93,Wendys,South,0.2093942220122918,0.052028715383093775,0.06877335669035799,0.4254476061773757,-1.0049560835652607
2023-10-16,93,Wendys,Midwest,0.4382115103167152,-0.11987296389673985,0.08722314572501384,0.211067729489257,-1.3876437209805519
2023-10-16,93,Wendys,West,0.5299686136239655,0.031157677124102702,0.04165760766371676,0.41158605271605975,-1.5793051636930213
2023-10-16,93,Wendys,Southwest,0.2498362833785037,0.039902881990050654,0.19598595047373857,0.4491558671991043,-0.9033455254946567
2023-10-16,93,TacoBell,Northeast,0.7677637134978248,0.1473114479548388,0.07730275216667797,0.26793124519078654,-1.6367248316093486
2023-10-16,93,TacoBell,South,0.1040041105064581,-0.14685598594723137,0.003979491119964669,0.41766802910529877,-1.7424350165394678
2023-10-16,93,TacoBell,Midwest,0.40506640644915937,-0.09543441103457442,0.11549220000432603,0.150108946801192,-1.2052491665568945
2023-10-16,93,TacoBell,West,0.40709866469936795,0.0404672732645124,0.0446903396082485,0.47182917581289624,-1.5650189110337873
2023-10-16,93,TacoBell,Southwest,0.3739764653091164,-0.04922918239283764,0.10354646560386732,0.08879666648103435,-1.0566422826145774
2023-10-16,93,Subway,Northeast,0.5092151713090456,-0.04462802292800877,0.22149824057158357,0.4678561070838936,-1.8230919876886498
2023-10-16,93,Subway,South,0.8668289212696603,0.03833063594481376,0.12968553551579612,0.4688915625596436,-1.0175883431490176
2023-10-16,93,Subway,Midwest,0.5024136116206681,0.1069395506349236,0.21684813678008416,0.34844406917218707,-1.5750552080034468
2023-10-16,93,Subway,West,0.723366302734805,0.011589953801527273,0.24228889639333023,0.264080582240048,-1.999635598348231
2023-10-16,93,Subway,Southwest,0.6308224101013349,0.10357916164223364,0.15684861764457372,0.1839016666596838,-1.8095959134887354
2023-10-16,93,KFC,Northeast,0.574954641645395,0.07996161713851263,0.10307124891057669,0.41065611985185674,-0.5995769332473588
2023-10-16,93,KFC,South,0.6893436499142216,0.02650320508519953,0.08985526769638223,0.059614022899604026,-0.6989680413269632
2023-10-16,93,KFC,Midwest,0.5095511298366964,0.08810109838903327,0.06211878057985756,0.18162748643710216,-1.6495864519456447
2023-10-16,93,KFC,West,0.2946957473021494,-0.1884299644115487,0.06522890237178519,0.37457060797482544,-0.8324421431817632
2023-10-16,93,KFC,Southwest,0.5657307467852639,-0.006658889132129475,0.2062792732454961,0.19135202294227086,-1.0871426102390387
2023-10-16,93,Dominos,Northeast,0.19048494186862946,-0.006460227303707374,0.05859345042386398,0.21214506472215292,-0.5436429328251958
2023-10-16,93,Dominos,South,0.21774493002166845,-0.10933825461820151,0.16903420222022753,0.2939671196096951,-1.4395915106989112
2023-10-16,93,Dominos,Midwest,0.38754475919788706,-0.10680601320016193,0.10019145266430377,0.27749119186196053,-0.977809081224243
2023-10-16,93,Dominos,West,0.0990425102305857,0.051271303830602744,0.09196263428197264,0.08585787626857316,-1.9046964163641222
2023-10-16,93,Dominos,Southwest,0.12568000652502237,0.000819290594214854,0.013614314134967706,0.23368255004054264,-1.4056289797753911
2023-10-16,93,PizzaHut,Northeast,0.3808577206881878,0.11917633204508153,0.1344967708176812,0.33192020930403915,-0.5542735082177292
2023-10-16,93,PizzaHut,South,0.47966012919584233,0.06409272682432418,0.17165385327232988,0.4309775708003919,-1.1915286883248193
2023-10-16,93,PizzaHut,Midwest,0.8256592321978149,0.06383029440227475,0.05667293070097135,0.5405277045945869,-1.5681807449977332
2023-10-16,93,PizzaHut,West,0.309669103477919,0.05620317265632114,0.14116557278651456,0.36248858833460823,-1.8195935553070897
2023-10-16,93,PizzaHut,Southwest,0.07275904876419276,0.047941213433027104,0.2076269648452098,0.03054343973064911,-0.9447074897277044
2023-10-23,94,McDonalds,Northeast,0.99,0.26688393941159316,0.027713269265470058,0.5703076004290429,-1.4167227552888253
2023-10-23,94,McDonalds,South,0.6935066797248921,0.072650649508661,0.28741291316892137,0.36290162650219815,-1.9288765457898727
2023-10-23,94,McDonalds,Midwest,0.6312538880824677,-0.10821305648960124,0.044879181552355416,0.27197951974525986,-0.7982427450570128
2023-10-23,94,McDonalds,West,0.35381840962393185,-0.08115146721982937,0.2724710438053291,0.32062222572817095,-1.093428921375788
2023-10-23,94,McDonalds,Southwest,0.99,0.06653660416644158,0.09761475647586786,0.06848935279224204,-1.7021857116976975
2023-10-23,94,BurgerKing,Northeast,0.22698567976703166,0.10552462812097503,0.24450012132992213,0.1451965604342744,-1.2577573150678698
2023-10-23,94,BurgerKing,South,0.8078380295330074,0.1698220835202605,0.07960538031602005,0.48906939996118465,-0.8865346316994134
2023-10-23,94,BurgerKing,Midwest,0.2642764819960069,0.01610536326228337,0.3165741719930878,0.5707999278834135,-0.8443823193970343
2023-10-23,94,BurgerKing,West,0.3845705067638609,0.07204099178151523,0.10053500308910315,0.1221118822977808,-1.250572382001857
2023-10-23,94,BurgerKing,Southwest,0.62998302665944,0.02980571834043837,0.018483657576278914,0.31990659288970436,-1.5421782048067114
2023-10-23,94,Wendys,Northeast,0.7495019068035943,-0.06370843951532876,0.1328241465142246,0.2864796801727,-0.5393861269422597
2023-10-23,94,Wendys,South,0.20708004704389915,0.044744099166290345,0.06877335669035799,0.4254476061773757,-1.0049560835652607
2023-10-23,94,Wendys,Midwest,0.4463771982729555,-0.11667771718891029,0.08722314572501384,0.211067729489257,-1.3876437209805519
2023-10-23,94,Wendys,West,0.5514752275572993,0.04769384980902555,0.04165760766371676,0.41158605271605975,-1.5793051636930213
2023-10-23,94,Wendys,Southwest,0.25620559695530576,0.04130175431844193,0.19598595047373857,0.4491558671991043,-0.9033455254946567
2023-10-23,94,TacoBell,Northeast,0.7943759894102287,0.1572726301039501,0.07730275216667797,0.26793124519078654,-1.6367248316093486
2023-10-23,94,TacoBell,South,0.10675298501821613,-0.160758205198766,0.003979491119964669,0.41766802910529877,-1.7424350165394678
2023-10-23,94,TacoBell,Midwest,0.4232951146053897,-0.09385679664163672,0.11549220000432603,0.150108946801192,-1.2052491665568945
2023-10-23,94,TacoBell,West,0.41277607527294996,0.029493590074801738,0.0446903396082485,0.47182917581289624,-1.5650189110337873
2023-10-23,94,TacoBell,Southwest,0.37585830979709,-0.06399843166815665,0.10354646560386732,0.08879666648103435,-1.0566422826145774
2023-10-23,94,Subway,Northeast,0.502633125321825,-0.052021737002599135,0.22149824057158357,0.4678561070838936,-1.8230919876886498
2023-10-23,94,Subway,South,0.8795595827011657,0.05024962928894948,0.12968553551579612,0.4688915625596436,-1.0175883431490176
2023-10-23,94,Subway,Midwest,0.5127254379947344,0.11643970892162005,0.21684813678008416,0.34844406917218707,-1.5750552080034468
2023-10-23,94,Subway,West,0.7266080180427188,0.01402000102207127,0.24228889639333023,0.264080582240048,-1.999635598348231
2023-10-23,94,Subway,Southwest,0.6163070725898054,0.08825215604333433,0.15684861764457372,0.1839016666596838,-1.8095959134887354
2023-10-23,94,KFC,Northeast,0.5644175440862154,0.07799881062463326,0.10307124891057669,0.41065611985185674,-0.5995769332473588
2023-10-23,94,KFC,South,0.6837863589579386,0.029520205174216885,0.08985526769638223,0.059614022899604026,-0.6989680413269632
2023-10-23,94,KFC,Midwest,0.5027322010871819,0.08985646068481924,0.06211878057985756,0.18162748643710216,-1.6495864519456447
2023-10-23,94,KFC,West,0.26768352042204163,-0.20686790024635615,0.06522890237178519,0.37457060797482544,-0.8324421431817632
2023-10-23,94,KFC,Southwest,0.5482532772597648,-0.015562067612328194,0.2062792732454961,0.19135202294227086,-1.0871426102390387
2023-10-23,94,Dominos,Northeast,0.1801776542143404,-0.007101004945194541,0.05859345042386398,0.21214506472215292,-0.5436429328251958
2023-10-23,94,Dominos,South,0.21344132910403846,-0.10397534552302962,0.16903420222022753,0.2939671196096951,-1.4395915106989112
2023-10-23,94,Dominos,Midwest,0.3559169709740857,-0.1287672914111614,0.10019145266430377,0.27749119186196053,-0.977809081224243
2023-10-23,94,Dominos,West,0.08775476046298526,0.04965006407580416,0.09196263428197264,0.08585787626857316,-1.9046964163641222
2023-10-23,94,Dominos,Southwest,0.11744398421101,0.0022497782930043777,0.013614314134967706,0.23368255004054264,-1.4056289797753911
2023-10-23,94,PizzaHut,Northeast,0.39373470331612,0.12767245193024365,0.1344967708176812,0.33192020930403915,-0.5542735082177292
2023-10-23,94,PizzaHut,South,0.4909695677809868,0.07102130266669855,0.17165385327232988,0.4309775708003919,-1.1915286883248193
2023-10-23,94,PizzaHut,Midwest,0.8358658081286732,0.0696560075903628,0.05667293070097135,0.5405277045945869,-1.5681807449977332
2023-10-23,94,PizzaHut,West,0.3060505611536697,0.048203767589301796,0.14116557278651456,0.36248858833460823,-1.8195935553070897
2023-10-23,94,PizzaHut,Southwest,0.058059890135729764,0.02886119206179403,0.2076269648452098,0.03054343973064911,-0.9447074897277044
2023-10-30,95,McDonalds,Northeast,0.9889285540656743,0.26295341184097915,0.027713269265470058,0.5703076004290429,-1.4167227552888253
2023-10-30,95,McDonalds,South,0.6930032671627052,0.0826669677607466,0.28741291316892137,0.36290162650219815,-1.9288765457898727
2023-10-30,95,McDonalds,Midwest,0.6346687025434395,-0.09427851121435692,0.044879181552355416,0.27197951974525986,-0.7982427450570128
2023-10-30,95,McDonalds,West,0.3504041698326372,-0.07404597619685152,0.2724710438053291,0.32062222572817095,-1.093428921375788
2023-10-30,95,McDonalds,Southwest,0.99,0.07083001239445892,0.09761475647586786,0.06848935279224204,-1.7021857116976975
2023-10-30,95,BurgerKing,Northeast,0.22854546788873442,0.10932102460483469,0.24450012132992213,0.1451965604342744,-1.2577573150678698
2023-10-30,95,BurgerKing,South,0.8000402337032426,0.16426089605265268,0.07960538031602005,0.48906939996118465,-0.8865346316994134
2023-10-30,95,BurgerKing,Midwest,0.2607392706983138,0.01480476032674717,0.3165741719930878,0.5707999278834135,-0.8443823193970343
2023-10-30,95,BurgerKing,West,0.3990245936599674,0.08873168703977855,0.10053500308910315,0.1221118822977808,-1.250572382001857
2023-10-30,95,BurgerKing,Southwest,0.6183208382393643,0.020380138282519604,0.018483657576278914,0.31990659288970436,-1.5421782048067114
2023-10-30,95,Wendys,Northeast,0.7711148082585648,-0.04756065160823024,0.1328241465142246,0.2864796801727,-0.5393861269422597
2023-10-30,95,Wendys,South,0.2093248790468505,0.04152381762136976,0.06877335669035799,0.4254476061773757,-1.0049560835652607
2023-10-30,95,Wendys,Midwest,0.4650966329117782,-0.1034233960979595,0.08722314572501384,0.211067729489257,-1.3876437209805519
2023-10-30,95,Wendys,West,0.5428721910101958,0.03362569971405017,0.04165760766371676,0.41158605271605975,-1.5793051636930213
2023-10-30,95,Wendys,Southwest,0.26752975251482414,0.04716079633008842,0.19598595047373857,0.4491558671991043,-0.9033455254946567
2023-10-30,95,TacoBell,Northeast,0.8036340195007966,0.14990492874447386,0.07730275216667797,0.26793124519078654,-1.6367248316093486
2023-10-30,95,TacoBell,South,0.10922604454901833,-0.17491087711800787,0.003979491119964669,0.41766802910529877,-1.7424350165394678
2023-10-30,95,TacoBell,Midwest,0.44210618647954325,-0.09167145621752726,0.11549220000432603,0.150108946801192,-1.2052491665568945
2023-10-30,95,TacoBell,West,0.4394965246089537,0.039588307960761425,0.0446903396082485,0.47182917581289624,-1.5650189110337873
2023-10-30,95,TacoBell,Southwest,0.38403462686119916,-0.07244784605409162,0.10354646560386732,0.08879666648103435,-1.0566422826145774
2023-10-30,95,Subway,Northeast,0.4864785212227818,-0.06701189660718315,0.22149824057158357,0.4678561070838936,-1.8230919876886498
2023-10-30,95,Subway,South,0.8774766905633569,0.04933118164559993,0.12968553551579612,0.4688915625596436,-1.0175883431490176
2023-10-30,95,Subway,Midwest,0.5106866402125033,0.11556535563384823,0.21684813678008416,0.34844406917218707,-1.5750552080034468
2023-10-30,95,Subway,West,0.7309267698238044,0.01950319729761626,0.24228889639333023,0.264080582240048,-1.999635598348231
2023-10-30,95,Subway,Southwest,0.624638573808991,0.09774810175697922,0.15684861764457372,0.1839016666596838,-1.8095959134887354
2023-10-30,95,KFC,Northeast,0.554415479928372,0.07740465881190832,0.10307124891057669,0.41065611985185674,-0.5995769332473588
2023-10-30,95,KFC,South,0.6929334797607628,0.048075238322159514,0.08985526769638223,0.059614022899604026,-0.6989680413269632
2023-10-30,95,KFC,Midwest,0.4955666361874165,0.09209880813017216,0.06211878057985756,0.18162748643710216,-1.6495864519456447
2023-10-30,95,KFC,West,0.25481134301685426,-0.21033216530642515,0.06522890237178519,0.37457060797482544,-0.8324421431817632
2023-10-30,95,KFC,Southwest,0.5227296913236181,-0.03167774120335647,0.2062792732454961,0.19135202294227086,-1.0871426102390387
2023-10-30,95,Dominos,Northeast,0.1690132799943853,-0.009727600148356219,0.05859345042386398,0.21214506472215292,-0.5436429328251958
2023-10-30,95,Dominos,South,0.20153968063313366,-0.10733921497714098,0.16903420222022753,0.2939671196096951,-1.4395915106989112
2023-10-30,95,Dominos,Midwest,0.35698223992010697,-0.11916424344834668,0.10019145266430377,0.27749119186196053,-0.977809081224243
2023-10-30,95,Dominos,West,0.08384181768686036,0.0542749003164727,0.09196263428197264,0.08585787626857316,-1.9046964163641222
2023-10-30,95,Dominos,Southwest,0.09711251397789039,-0.009543912923321796,0.013614314134967706,0.23368255004054264,-1.4056289797753911
2023-10-30,95,PizzaHut,Northeast,0.40187724114136814,0.12939499579435404,0.1344967708176812,0.33192020930403915,-0.5542735082177292
2023-10-30,95,PizzaHut,South,0.504104873459415,0.07773661438398909,0.17165385327232988,0.4309775708003919,-1.1915286883248193
2023-10-30,95,PizzaHut,Midwest,0.8575661156836891,0.08493632118424113,0.05667293070097135,0.5405277045945869,-1.5681807449977332
2023-10-30,95,PizzaHut,West,0.321345594788948,0.05707880726344239,0.14116557278651456,0.36248858833460823,-1.8195935553070897
2023-10-30,95,PizzaHut,Southwest,0.07208835063998226,0.036469658604908806,0.2076269648452098,0.03054343973064911,-0.9447074897277044
2023-11-06,96,McDonalds,Northeast,0.9774094758629923,0.26355427178713076,0.027713269265470058,0.5703076004290429,-1.4167227552888253
2023-11-06,96,McDonalds,South,0.684766449068106,0.0865500878149811,0.28741291316892137,0.36290162650219815,-1.9288765457898727
2023-11-06,96,McDonalds,Midwest,0.6350438134016674,-0.08178346220729533,0.044879181552355416,0.27197951974525986,-0.7982427450570128
2023-11-06,96,McDonalds,West,0.32495645770900705,-0.08737375017164802,0.2724710438053291,0.32062222572817095,-1.093428921375788
2023-11-06,96,McDonalds,Southwest,0.99,0.06733561912228936,0.09761475647586786,0.06848935279224204,-1.7021857116976975
2023-11-06,96,BurgerKing,Northeast,0.22035908180992267,0.10159533711727227,0.24450012132992213,0.1451965604342744,-1.2577573150678698
2023-11-06,96,BurgerKing,South,0.8033710662992545,0.16805242723991393,0.07960538031602005,0.48906939996118465,-0.8865346316994134
2023-11-06,96,BurgerKing,Midwest,0.27258079386357237,0.027106982083255043,0.3165741719930878,0.5707999278834135,-0.8443823193970343
2023-11-06,96,BurgerKing,West,0.3925941522015073,0.08276194417256781,0.10053500308910315,0.1221118822977808,-1.250572382001857
2023-11-06,96,BurgerKing,Southwest,0.5939570959734205,-0.003522905392174775,0.018483657576278914,0.31990659288970436,-1.5421782048067114
2023-11-06,96,Wendys,Northeast,0.7728731285453818,-0.051682859058474945,0.1328241465142246,0.2864796801727,-0.5393861269422597
2023-11-06,96,Wendys,South,0.22434014410408637,0.050658554941543824,0.06877335669035799,0.4254476061773757,-1.0049560835652607
2023-11-06,96,Wendys,Midwest,0.4763534596783388,-0.09804709706846071,0.08722314572501384,0.211067729489257,-1.3876437209805519
2023-11-06,96,Wendys,West,0.5530345812253633,0.03790756219215593,0.04165760766371676,0.41158605271605975,-1.5793051636930213
2023-11-06,96,Wendys,Southwest,0.2706103472331412,0.044360863311343625,0.19598595047373857,0.4491558671991043,-0.9033455254946567
2023-11-06,96,TacoBell,Northeast,0.8072029656892192,0.137114621382276,0.07730275216667797,0.26793124519078654,-1.6367248316093486
2023-11-06,96,TacoBell,South,0.13073824131588357,-0.1697579339017632,0.003979491119964669,0.41766802910529877,-1.7424350165394678
2023-11-06,96,TacoBell,Midwest,0.45012262192981756,-0.1000142743178735,0.11549220000432603,0.150108946801192,-1.2052491665568945
2023-11-06,96,TacoBell,West,0.47769674549337887,0.06142927529456599,0.0446903396082485,0.47182917581289624,-1.5650189110337873
2023-11-06,96,TacoBell,Southwest,0.4060989524953649,-0.06674277397054645,0.10354646560386732,0.08879666648103435,-1.0566422826145774
2023-11-06,96,Subway,Northeast,0.4775483685413776,-0.07281837963272265,0.22149824057158357,0.4678561070838936,-1.8230919876886498
2023-11-06,96,Subway,South,0.8682391684336059,0.04321732917171365,0.12968553551579612,0.4688915625596436,-1.0175883431490176
2023-11-06,96,Subway,Midwest,0.5066335284905028,0.11463591356771236,0.21684813678008416,0.34844406917218707,-1.5750552080034468
2023-11-06,96,Subway,West,0.7254080809477222,0.017108178077398763,0.24228889639333023,0.264080582240048,-1.999635598348231
2023-11-06,96,Subway,Southwest,0.632683241908426,0.10891643951227876,0.15684861764457372,0.1839016666596838,-1.8095959134887354
2023-11-06,96,KFC,Northeast,0.5461745467478915,0.07926882050934879,0.10307124891057669,0.41065611985185674,-0.5995769332473588
2023-11-06,96,KFC,South,0.6755120674937565,0.04075892093307423,0.08985526769638223,0.059614022899604026,-0.6989680413269632
2023-11-06,96,KFC,Midwest,0.5043659481610533,0.11100321498172998,0.06211878057985756,0.18162748643710216,-1.6495864519456447
2023-11-06,96,KFC,West,0.24519933145413544,-0.20983908199122292,0.06522890237178519,0.37457060797482544,-0.8324421431817632
2023-11-06,96,KFC,Southwest,0.5203129932053862,-0.0239893444436675,0.2062792732454961,0.19135202294227086,-1.0871426102390387
2023-11-06,96,Dominos,Northeast,0.15564578650964322,-0.015809865222803813,0.05859345042386398,0.21214506472215292,-0.5436429328251958
2023-11-06,96,Dominos,South,0.19788560850028442,-0.10370805869969575,0.16903420222022753,0.2939671196096951,-1.4395915106989112
2023-11-06,96,Dominos,Midwest,0.3528081114212444,-0.11605314353691473,0.10019145266430377,0.27749119186196053,-0.977809081224243
2023-11-06,96,Dominos,West,0.05766009635560433,0.035378407395511166,0.09196263428197264,0.08585787626857316,-1.9046964163641222
2023-11-06,96,Dominos,Southwest,0.10998003667220231,0.010608838181284604,0.013614314134967706,0.23368255004054264,-1.4056289797753911
2023-11-06,96,PizzaHut,Northeast,0.42314970461403534,0.1423014404035795,0.1344967708176812,0.33192020930403915,-0.5542735082177292
2023-11-06,96,PizzaHut,South,0.5084989391613969,0.07376466122252921,0.17165385327232988,0.4309775708003919,-1.1915286883248193
2023-11-06,96,PizzaHut,Midwest,0.8549094371425723,0.07391362377968258,0.05667293070097135,0.5405277045945869,-1.5681807449977332
2023-11-06,96,PizzaHut,West,0.33318722979042525,0.06055442340147791,0.14116557278651456,0.36248858833460823,-1.8195935553070897
2023-11-06,96,PizzaHut,Southwest,0.08132134649756795,0.03733663559905277,0.2076269648452098,0.03054343973064911,-0.9447074897277044
2023-11-13,97,McDonalds,Northeast,0.9674217899358539,0.26711096127276307,0.027713269265470058,0.5703076004290429,-1.4167227552888253
2023-11-13,97,McDonalds,South,0.6731378476172762,0.08846586177692199,0.28741291316892137,0.36290162650219815,-1.9288765457898727
2023-11-13,97,McDonalds,Midwest,0.626561847881956,-0.07672105231423608,0.044879181552355416,0.27197951974525986,-0.7982427450570128
2023-11-13,97,McDonalds,West,0.3258851392901544,-0.07290069317772994,0.2724710438053291,0.32062222572817095,-1.093428921375788
2023-11-13,97,McDonalds,Southwest,0.99,0.07301665117357582,0.09761475647586786,0.06848935279224204,-1.7021857116976975
2023-11-13,97,BurgerKing,Northeast,0.21118441930717835,0.09109878212817285,0.24450012132992213,0.1451965604342744,-1.2577573150678698
2023-11-13,97,BurgerKing,South,0.8183185873127342,0.18167805576703844,0.07960538031602005,0.48906939996118465,-0.8865346316994134
2023-11-13,97,BurgerKing,Midwest,0.2903088319848104,0.043513127718137916,0.3165741719930878,0.5707999278834135,-0.8443823193970343
2023-11-13,97,BurgerKing,West,0.42543661203298333,0.11428251151768866,0.10053500308910315,0.1221118822977808,-1.250572382001857
2023-11-13,97,BurgerKing,Southwest,0.5840440481273798,-0.014757845724570754,0.018483657576278914,0.31990659288970436,-1.5421782048067114
2023-11-13,97,Wendys,Northeast,0.7815126079257035,-0.04925403892697219,0.1328241465142246,0.2864796801727,-0.5393861269422597
2023-11-13,97,Wendys,South,0.2097298163210154,0.029837567909653945,0.06877335669035799,0.4254476061773757,-1.0049560835652607
2023-11-13,97,Wendys,Midwest,0.4880956104909498,-0.09251560550466861,0.08722314572501384,0.211067729489257,-1.3876437209805519
2023-11-13,97,Wendys,West,0.5537632374925145,0.0324255592104882,0.04165760766371676,0.41158605271605975,-1.5793051636930213
2023-11-13,97,Wendys,Southwest,0.29605546443020964,0.06359532125959316,0.19598595047373857,0.4491558671991043,-0.9033455254946567
2023-11-13,97,TacoBell,Northeast,0.8153123406644711,0.1293684716820902,0.07730275216667797,0.26793124519078654,-1.6367248316093486
2023-11-13,97,TacoBell,South,0.1297019356116486,-0.18664976428143581,0.003979491119964669,0.41766802910529877,-1.7424350165394678
2023-11-13,97,TacoBell,Midwest,0.46126550919823006,-0.1047269117248987,0.11549220000432603,0.150108946801192,-1.2052491665568945
2023-11-13,97,TacoBell,West,0.47379739245664515,0.041674397582394614,0.0446903396082485,0.47182917581289624,-1.5650189110337873
2023-11-13,97,TacoBell,Southwest,0.4294654717158756,-0.05923177942547335,0.10354646560386732,0.08879666648103435,-1.0566422826145774
2023-11-13,97,Subway,Northeast,0.4518599444527944,-0.09346921009528586,0.22149824057158357,0.4678561070838936,-1.8230919876886498
2023-11-13,97,Subway,South,0.8634861506194176,0.04350190498354524,0.12968553551579612,0.4688915625596436,-1.0175883431490176
2023-11-13,97,Subway,Midwest,0.4808178166659208,0.09385779536915038,0.21684813678008416,0.34844406917218707,-1.5750552080034468
2023-11-13,97,Subway,West,0.7171675092763359,0.013905200032032343,0.24228889639333023,0.264080582240048,-1.999635598348231
2023-11-13,97,Subway,Southwest,0.6440794298404513,0.12535022107032412,0.15684861764457372,0.1839016666596838,-1.8095959134887354
2023-11-13,97,KFC,Northeast,0.539125297946627,0.08287529942370674,0.10307124891057669,0.41065611985185674,-0.5995769332473588
2023-11-13,97,KFC,South,0.6562214037284848,0.0321239848834249,0.08985526769638223,0.059614022899604026,-0.6989680413269632
2023-11-13,97,KFC,Midwest,0.4933981855560401,0.11069118009233914,0.06211878057985756,0.18162748643710216,-1.6495864519456447
2023-11-13,97,KFC,West,0.2347237724589576,-0.20965891327077846,0.06522890237178519,0.37457060797482544,-0.8324421431817632
2023-11-13,97,KFC,Southwest,0.5143835689481978,-0.019263040985233446,0.2062792732454961,0.19135202294227086,-1.0871426102390387
2023-11-13,97,Dominos,Northeast,0.13605017949936304,-0.02947844885561208,0.05859345042386398,0.21214506472215292,-0.5436429328251958
2023-11-13,97,Dominos,South,0.19788425786128577,-0.09778238596122245,0.16903420222022753,0.2939671196096951,-1.4395915106989112
2023-11-13,97,Dominos,Midwest,0.31983717172774473,-0.1430970598529425,0.10019145266430377,0.27749119186196053,-0.977809081224243
2023-11-13,97,Dominos,West,0.04543422745449431,0.029079561871873064,0.09196263428197264,0.08585787626857316,-1.9046964163641222
2023-11-13,97,Dominos,Southwest,0.09917027487021494,0.005726099756769158,0.013614314134967706,0.23368255004054264,-1.4056289797753911
2023-11-13,97,PizzaHut,Northeast,0.43967368799108814,0.1486347086642919,0.1344967708176812,0.33192020930403915,-0.5542735082177292
2023-11-13,97,PizzaHut,South,0.5189159628045059,0.0739909697492979,0.17165385327232988,0.4309775708003919,-1.1915286883248193
2023-11-13,97,PizzaHut,Midwest,0.8510445217203498,0.05985799324111971,0.05667293070097135,0.5405277045945869,-1.5681807449977332
2023-11-13,97,PizzaHut,West,0.3335280136485955,0.05070449214330776,0.14116557278651456,0.36248858833460823,-1.8195935553070897
2023-11-13,97,PizzaHut,Southwest,0.09349886170938244,0.03932343569452684,0.2076269648452098,0.03054343973064911,-0.9447074897277044
2023-11-20,98,McDonalds,Northeast,0.9518587318910097,0.2663202878541175,0.027713269265470058,0.5703076004290429,-1.4167227552888253
2023-11-20,98,McDonalds,South,0.6525742218947201,0.08267462068056453,0.28741291316892137,0.36290162650219815,-1.9288765457898727
2023-11-20,98,McDonalds,Midwest,0.6069811253606376,-0.08152939020935587,0.044879181552355416,0.27197951974525986,-0.7982427450570128
2023-11-20,98,McDonalds,West,0.3180744346355487,-0.06593901320613706,0.2724710438053291,0.32062222572817095,-1.093428921375788
2023-11-20,98,McDonalds,Southwest,0.99,0.06783972544488368,0.09761475647586786,0.06848935279224204,-1.7021857116976975
2023-11-20,98,BurgerKing,Northeast,0.2133888196122481,0.09021786968788212,0.24450012132992213,0.1451965604342744,-1.2577573150678698
2023-11-20,98,BurgerKing,South,0.8431032659389002,0.20337742164784386,0.07960538031602005,0.48906939996118465,-0.8865346316994134
2023-11-20,98,BurgerKing,Midwest,0.2791573183613316,0.029276301349298685,0.3165741719930878,0.5707999278834135,-0.8443823193970343
2023-11-20,98,BurgerKing,West,0.4100034974625972,0.09576408420194207,0.10053500308910315,0.1221118822977808,-1.250572382001857
2023-11-20,98,BurgerKing,Southwest,0.5949652575207263,-0.006921949076584687,0.018483657576278914,0.31990659288970436,-1.5421782048067114
2023-11-20,98,Wendys,Northeast,0.7811768976454714,-0.05604046953991323,0.1328241465142246,0.2864796801727,-0.5393861269422597
2023-11-20,98,Wendys,South,0.2129981613762981,0.02665519263222774,0.06877335669035799,0.4254476061773757,-1.0049560835652607
2023-11-20,98,Wendys,Midwest,0.4867347670423476,-0.10032716928597976,0.08722314572501384,0.211067729489257,-1.3876437209805519
2023-11-20,98,Wendys,West,0.5576159564175484,0.029827557802813078,0.04165760766371676,0.41158605271605975,-1.5793051636930213
2023-11-20,98,Wendys,Southwest,0.31849156588388194,0.07958070238055658,0.19598595047373857,0.4491558671991043,-0.9033455254946567
2023-11-20,98,TacoBell,Northeast,0.8384554754309076,0.1373897562682714,0.07730275216667797,0.26793124519078654,-1.6367248316093486
2023-11-20,98,TacoBell,South,0.15344602091077367,-0.17802752916256603,0.003979491119964669,0.41766802910529877,-1.7424350165394678
2023-11-20,98,TacoBell,Midwest,0.4622250888205588,-0.11888918228282516,0.11549220000432603,0.150108946801192,-1.2052491665568945
2023-11-20,98,TacoBell,West,0.4774077052713718,0.03016286021686592,0.0446903396082485,0.47182917581289624,-1.5650189110337873
2023-11-20,98,TacoBell,Southwest,0.41619653530127665,-0.08762256602032761,0.10354646560386732,0.08879666648103435,-1.0566422826145774
2023-11-20,98,Subway,Northeast,0.4368876766248463,-0.1015630183061134,0.22149824057158357,0.4678561070838936,-1.8230919876886498
2023-11-20,98,Subway,South,0.8661747228661535,0.053068936847401826,0.12968553551579612,0.4688915625596436,-1.0175883431490176
2023-11-20,98,Subway,Midwest,0.4791088222062839,0.09902726052663409,0.21684813678008416,0.34844406917218707,-1.5750552080034468
2023-11-20,98,Subway,West,0.708073917029694,0.011690067402511104,0.24228889639333023,0.264080582240048,-1.999635598348231
2023-11-20,98,Subway,Southwest,0.6369779673861501,0.1251272182331436,0.15684861764457372,0.1839016666596838,-1.8095959134887354
2023-11-20,98,KFC,Northeast,0.5211846172457109,0.07598644399795268,0.10307124891057669,0.41065611985185674,-0.5995769332473588
2023-11-20,98,KFC,South,0.6472171672773405,0.03417157370744274,0.08985526769638223,0.059614022899604026,-0.6989680413269632
2023-11-20,98,KFC,Midwest,0.49000514307568405,0.11834996288714529,0.06211878057985756,0.18162748643710216,-1.6495864519456447
2023-11-20,98,KFC,West,0.2075130793096907,-0.22581778114488318,0.06522890237178519,0.37457060797482544,-0.8324421431817632
2023-11-20,98,KFC,Southwest,0.5063282205514092,-0.016266564106859963,0.2062792732454961,0.19135202294227086,-1.0871426102390387
2023-11-20,98,Dominos,Northeast,0.14089166684727938,-0.020154100146065404,0.05859345042386398,0.21214506472215292,-0.5436429328251958
2023-11-20,98,Dominos,South,0.18925039361002172,-0.10193338885085615,0.16903420222022753,0.2939671196096951,-1.4395915106989112
2023-11-20,98,Dominos,Midwest,0.32236131648732025,-0.13609005373173666,0.10019145266430377,0.27749119186196053,-0.977809081224243
2023-11-20,98,Dominos,West,0.0690979105375895,0.05722610631659859,0.09196263428197264,0.08585787626857316,-1.9046964163641222
2023-11-20,98,Dominos,Southwest,0.09364398557871569,0.004682671826900238,0.013614314134967706,0.23368255004054264,-1.4056289797753911
2023-11-20,98,PizzaHut,Northeast,0.45547437845305516,0.15256777916434514,0.1344967708176812,0.33192020930403915,-0.5542735082177292
2023-11-20,98,PizzaHut,South,0.5234030119298059,0.06661039891268399,0.17165385327232988,0.4309775708003919,-1.1915286883248193
2023-11-20,98,PizzaHut,Midwest,0.8647246533082842,0.061670504867140215,0.05667293070097135,0.5405277045945869,-1.5681807449977332
2023-11-20,98,PizzaHut,West,0.3499983498603324,0.055307208393130795,0.14116557278651456,0.36248858833460823,-1.8195935553070897
2023-11-20,98,PizzaHut,Southwest,0.10731490507399766,0.041271859097228226,0.2076269648452098,0.03054343973064911,-0.9447074897277044
2023-11-27,99,McDonalds,Northeast,0.9258756221760657,0.2561233346570289,0.027713269265470058,0.5703076004290429,-1.4167227552888253
2023-11-27,99,McDonalds,South,0.6388516830901193,0.08473823839381903,0.28741291316892137,0.36290162650219815,-1.9288765457898727
2023-11-27,99,McDonalds,Midwest,0.6058169282299586,-0.06690743082217951,0.044879181552355416,0.27197951974525986,-0.7982427450570128
2023-11-27,99,McDonalds,West,0.30677463576283864,-0.06145265556099178,0.2724710438053291,0.32062222572817095,-1.093428921375788
2023-11-27,99,McDonalds,Southwest,0.99,0.07745959733560209,0.09761475647586786,0.06848935279224204,-1.7021857116976975
2023-11-27,99,BurgerKing,Northeast,0.2158226879984451,0.08784774998775584,0.24450012132992213,0.1451965604342744,-1.2577573150678698
2023-11-27,99,BurgerKing,South,0.8554062564194604,0.21087642404208096,0.07960538031602005,0.48906939996118465,-0.8865346316994134
2023-11-27,99,BurgerKing,Midwest,0.2867539848298202,0.03206897973146394,0.3165741719930878,0.5707999278834135,-0.8443823193970343
2023-11-27,99,BurgerKing,West,0.40529837825204806,0.08625497690506975,0.10053500308910315,0.1221118822977808,-1.250572382001857
2023-11-27,99,BurgerKing,Southwest,0.6029544556550382,-0.003736739028595942,0.018483657576278914,0.31990659288970436,-1.5421782048067114
2023-11-27,99,Wendys,Northeast,0.7778571605007072,-0.06595743617431633,0.1328241465142246,0.2864796801727,-0.5393861269422597
2023-11-27,99,Wendys,South,0.21326658811708912,0.02032638988337982,0.06877335669035799,0.4254476061773757,-1.0049560835652607
2023-11-27,99,Wendys,Midwest,0.49522527960491025,-0.09843388621305602,0.08722314572501384,0.211067729489257,-1.3876437209805519
2023-11-27,99,Wendys,West,0.5671856286409885,0.03280000053661432,0.04165760766371676,0.41158605271605975,-1.5793051636930213
2023-11-27,99,Wendys,Southwest,0.3131964707227496,0.06768837772978528,0.19598595047373857,0.4491558671991043,-0.9033455254946567
2023-11-27,99,TacoBell,Northeast,0.8631642033625904,0.14792961398010018,0.07730275216667797,0.26793124519078654,-1.6367248316093486
2023-11-27,99,TacoBell,South,0.17333495391363238,-0.1723074663795613,0.003979491119964669,0.41766802910529877,-1.7424350165394678
2023-11-27,99,TacoBell,Midwest,0.469346674684304,-0.125936466638934,0.11549220000432603,0.150108946801192,-1.2052491665568945
2023-11-27,99,TacoBell,West,0.4762007275267339,0.014787012252374167,0.0446903396082485,0.47182917581289624,-1.5650189110337873
2023-11-27,99,TacoBell,Southwest,0.4289163597303163,-0.08907161181114193,0.10354646560386732,0.08879666648103435,-1.0566422826145774
2023-11-27,99,Subway,Northeast,0.4238086691175075,-0.10602245544472501,0.22149824057158357,0.4678561070838936,-1.8230919876886498
2023-11-27,99,Subway,South,0.8586865570679566,0.054200341417932056,0.12968553551579612,0.4688915625596436,-1.0175883431490176
2023-11-27,99,Subway,Midwest,0.46685808522600103,0.09539609391507842,0.21684813678008416,0.34844406917218707,-1.5750552080034468
2023-11-27,99,Subway,West,0.6793797780535168,-0.008384501204938994,0.24228889639333023,0.264080582240048,-1.999635598348231
2023-11-27,99,Subway,Southwest,0.6244749276344114,0.12124374885013202,0.15684861764457372,0.1839016666596838,-1.8095959134887354
2023-11-27,99,KFC,Northeast,0.5068407830051631,0.07293025288726955,0.10307124891057669,0.41065611985185674,-0.5995769332473588
2023-11-27,99,KFC,South,0.6422661343952164,0.040508183955183324,0.08985526769638223,0.059614022899604026,-0.6989680413269632
2023-11-27,99,KFC,Midwest,0.4717355031997089,0.1113679661410348,0.06211878057985756,0.18162748643710216,-1.6495864519456447
2023-11-27,99,KFC,West,0.21301218291355173,-0.20903103441115753,0.06522890237178519,0.37457060797482544,-0.8324421431817632
2023-11-27,99,KFC,Southwest,0.475924171915027,-0.03538296961337753,0.2062792732454961,0.19135202294227086,-1.0871426102390387
2023-11-27,99,Dominos,Northeast,0.15102965542335017,-0.007042425168039159,0.05859345042386398,0.21214506472215292,-0.5436429328251958
2023-11-27,99,Dominos,South,0.18403351749928526,-0.1041765785596372,0.16903420222022753,0.2939671196096951,-1.4395915106989112
2023-11-27,99,Dominos,Midwest,0.32798347880880035,-0.1274942050083011,0.10019145266430377,0.27749119186196053,-0.977809081224243
2023-11-27,99,Dominos,West,0.06692223897622136,0.05802412115718592,0.09196263428197264,0.08585787626857316,-1.9046964163641222
2023-11-27,99,Dominos,Southwest,0.1020658545370149,0.01607822718715493,0.013614314134967706,0.23368255004054264,-1.4056289797753911
2023-11-27,99,PizzaHut,Northeast,0.4649731728027945,0.148694159518817,0.1344967708176812,0.33192020930403915,-0.5542735082177292
2023-11-27,99,PizzaHut,South,0.5257892216732952,0.05562419466090586,0.17165385327232988,0.4309775708003919,-1.1915286883248193
2023-11-27,99,PizzaHut,Midwest,0.8923021101762623,0.07587554773985085,0.05667293070097135,0.5405277045945869,-1.5681807449977332
2023-11-27,99,PizzaHut,West,0.36223595739677844,0.05417240193430938,0.14116557278651456,0.36248858833460823,-1.8195935553070897
2023-11-27,99,PizzaHut,Southwest,0.12290290380550721,0.043487443833470335,0.2076269648452098,0.03054343973064911,-0.9447074897277044
2023-12-04,100,McDonalds,Northeast,0.9216521525114747,0.26847085379747687,0.027713269265470058,0.5703076004290429,-1.4167227552888253
2023-12-04,100,McDonalds,South,0.611961141864136,0.07441868597287468,0.28741291316892137,0.36290162650219815,-1.9288765457898727
2023-12-04,100,McDonalds,Midwest,0.5952008484013123,-0.060952521845786936,0.044879181552355416,0.27197951974525986,-0.7982427450570128
2023-12-04,100,McDonalds,West,0.2843046993931707,-0.06735160312562069,0.2724710438053291,0.32062222572817095,-1.093428921375788
2023-12-04,100,McDonalds,Southwest,0.99,0.07613790377915837,0.09761475647586786,0.06848935279224204,-1.7021857116976975
2023-12-04,100,BurgerKing,Northeast,0.22299847097772665,0.08857053964159872,0.24450012132992213,0.1451965604342744,-1.2577573150678698
2023-12-04,100,BurgerKing,South,0.8468570311304298,0.1958742054276116,0.07960538031602005,0.48906939996118465,-0.8865346316994134
2023-12-04,100,BurgerKing,Midwest,0.2854186077270545,0.024280609303259593,0.3165741719930878,0.5707999278834135,-0.8443823193970343
2023-12-04,100,BurgerKing,West,0.42526210050161817,0.09976570582920115,0.10053500308910315,0.1221118822977808,-1.250572382001857
2023-12-04,100,BurgerKing,Southwest,0.6182693608663249,0.005125172857252014,0.018483657576278914,0.31990659288970436,-1.5421782048067114
2023-12-04,100,Wendys,Northeast,0.7838788266899251,-0.06658383194758868,0.1328241465142246,0.2864796801727,-0.5393861269422597
2023-12-04,100,Wendys,South,0.2223458846647083,0.022757624468508753,0.06877335669035799,0.4254476061773757,-1.0049560835652607
2023-12-04,100,Wendys,Midwest,0.49893091651103594,-0.1013763112694206,0.08722314572501384,0.211067729489257,-1.3876437209805519
2023-12-04,100,Wendys,West,0.5873995244617586,0.04636583439489414,0.04165760766371676,0.41158605271605975,-1.5793051636930213
2023-12-04,100,Wendys,Southwest,0.3178410069072982,0.06568485195184365,0.19598595047373857,0.4491558671991043,-0.9033455254946567
2023-12-04,100,TacoBell,Northeast,0.8784930297225425,0.15024803490144867,0.07730275216667797,0.26793124519078654,-1.6367248316093486
2023-12-04,100,TacoBell,South,0.1978056607936567,-0.16084716493814064,0.003979491119964669,0.41766802910529877,-1.7424350165394678
2023-12-04,100,TacoBell,Midwest,0.4745833652744485,-0.13371018148739308,0.11549220000432603,0.150108946801192,-1.2052491665568945
2023-12-04,100,TacoBell,West,0.5047990248103066,0.030374904097343107,0.0446903396082485,0.47182917581289624,-1.5650189110337873
2023-12-04,100,TacoBell,Southwest,0.42662215107148616,-0.10437622590857569,0.10354646560386732,0.08879666648103435,-1.0566422826145774
2023-12-04,100,Subway,Northeast,0.42986941510237897,-0.08972603413359702,0.22149824057158357,0.4678561070838936,-1.8230919876886498
2023-12-04,100,Subway,South,0.8447241259021804,0.05047358557841231,0.12968553551579612,0.4688915625596436,-1.0175883431490176
2023-12-04,100,Subway,Midwest,0.45419542242149175,0.0929691064368256,0.21684813678008416,0.34844406917218707,-1.5750552080034468
2023-12-04,100,Subway,West,0.6502440010154309,-0.027284602916768423,0.24228889639333023,0.264080582240048,-1.999635598348231
2023-12-04,100,Subway,Southwest,0.609691305134378,0.11669580167635508,0.15684861764457372,0.1839016666596838,-1.8095959134887354
2023-12-04,100,KFC,Northeast,0.4850829563765927,0.06253218757700071,0.10307124891057669,0.41065611985185674,-0.5995769332473588
2023-12-04,100,KFC,South,0.6248299096231802,0.0344317205014486,0.08985526769638223,0.059614022899604026,-0.6989680413269632
2023-12-04,100,KFC,Midwest,0.4590026322235186,0.109994856483146,0.06211878057985756,0.18162748643710216,-1.6495864519456447
2023-12-04,100,KFC,West,0.21123033773997926,-0.19945311826642848,0.06522890237178519,0.37457060797482544,-0.8324421431817632
2023-12-04,100,KFC,Southwest,0.4666404441107317,-0.03330693609937127,0.2062792732454961,0.19135202294227086,-1.0871426102390387
2023-12-04,100,Dominos,Northeast,0.1526850365659292,-0.00396565863402802,0.05859345042386398,0.21214506472215292,-0.5436429328251958
2023-12-04,100,Dominos,South,0.17165693821939748,-0.11513177244809283,0.16903420222022753,0.2939671196096951,-1.4395915106989112
2023-12-04,100,Dominos,Midwest,0.31775455252134094,-0.13630174590432842,0.10019145266430377,0.27749119186196053,-0.977809081224243
2023-12-04,100,Dominos,West,0.08348810376830237,0.07601137134069903,0.09196263428197264,0.08585787626857316,-1.9046964163641222
2023-12-04,100,Dominos,Southwest,0.09329245879795034,0.008726216839522464,0.013614314134967706,0.23368255004054264,-1.4056289797753911
2023-12-04,100,PizzaHut,Northeast,0.49621852918140913,0.16525624203938996,0.1344967708176812,0.33192020930403915,-0.5542735082177292
2023-12-04,100,PizzaHut,South,0.5380418835425281,0.053193582672097194,0.17165385327232988,0.4309775708003919,-1.1915286883248193
2023-12-04,100,PizzaHut,Midwest,0.9070082633957389,0.07589842710128589,0.05667293070097135,0.5405277045945869,-1.5681807449977332
2023-12-04,100,PizzaHut,West,0.3876228828571194,0.06487605353660868,0.14116557278651456,0.36248858833460823,-1.8195935553070897
2023-12-04,100,PizzaHut,Southwest,0.1503051018829354,0.0562063680528569,0.2076269648452098,0.03054343973064911,-0.9447074897277044
2023-12-11,101,McDonalds,Northeast,0.9034285274944112,0.267362728194686,0.027713269265470058,0.5703076004290429,-1.4167227552888253
2023-12-11,101,McDonalds,South,0.590963211914648,0.07053625543765929,0.28741291316892137,0.36290162650219815,-1.9288765457898727
2023-12-11,101,McDonalds,Midwest,0.5775261445018174,-0.06151172633100907,0.044879181552355416,0.27197951974525986,-0.7982427450570128
2023-12-11,101,McDonalds,West,0.27056877526121925,-0.0639720278432995,0.2724710438053291,0.32062222572817095,-1.093428921375788
2023-12-11,101,McDonalds,Southwest,0.99,0.08505094064785593,0.09761475647586786,0.06848935279224204,-1.7021857116976975
2023-12-11,101,BurgerKing,Northeast,0.23104918324106016,0.08861283823154024,0.24450012132992213,0.1451965604342744,-1.2577573150678698
2023-12-11,101,BurgerKing,South,0.8610543077840533,0.20206306840784313,0.07960538031602005,0.48906939996118465,-0.8865346316994134
2023-12-11,101,BurgerKing,Midwest,0.30981061872315585,0.040664206625969,0.3165741719930878,0.5707999278834135,-0.8443823193970343
2023-12-11,101,BurgerKing,West,0.4370836102976581,0.103578801951849,0.10053500308910315,0.1221118822977808,-1.250572382001857
2023-12-11,101,BurgerKing,Southwest,0.6293943030997647,0.008241701417299798,0.018483657576278914,0.31990659288970436,-1.5421782048067114
2023-12-11,101,Wendys,Northeast,0.7752921989895497,-0.08177294019848937,0.1328241465142246,0.2864796801727,-0.5393861269422597
2023-12-11,101,Wendys,South,0.20264106384694286,-0.0035496768997818826,0.06877335669035799,0.4254476061773757,-1.0049560835652607
2023-12-11,101,Wendys,Midwest,0.5094171543538628,-0.09749255397711891,0.08722314572501384,0.211067729489257,-1.3876437209805519
2023-12-11,101,Wendys,West,0.5930537626994751,0.045417592082085415,0.04165760766371676,0.41158605271605975,-1.5793051636930213
2023-12-11,101,Wendys,Southwest,0.319295660708676,0.06053702520269623,0.19598595047373857,0.4491558671991043,-0.9033455254946567
2023-12-11,101,TacoBell,Northeast,0.892591588300214,0.15268333694331213,0.07730275216667797,0.26793124519078654,-1.6367248316093486
2023-12-11,101,TacoBell,South,0.2088648800374957,-0.16145120223010972,0.003979491119964669,0.41766802910529877,-1.7424350165394678
2023-12-11,101,TacoBell,Midwest,0.49752442431659566,-0.1224323789810541,0.11549220000432603,0.150108946801192,-1.2052491665568945
2023-12-11,101,TacoBell,West,0.5173233900287044,0.031236012779932886,0.0446903396082485,0.47182917581289624,-1.5650189110337873
2023-12-11,101,TacoBell,Southwest,0.4308161747565926,-0.11184545875927737,0.10354646560386732,0.08879666648103435,-1.0566422826145774
2023-12-11,101,Subway,Northeast,0.42806774065343245,-0.07982437174400413,0.22149824057158357,0.4678561070838936,-1.8230919876886498
2023-12-11,101,Subway,South,0.830849478314179,0.04830227482895029,0.12968553551579612,0.4688915625596436,-1.0175883431490176
2023-12-11,101,Subway,Midwest,0.4477574524196754,0.09823447327354867,0.21684813678008416,0.34844406917218707,-1.5750552080034468
2023-12-11,101,Subway,West,0.6337665571149634,-0.03205870997869643,0.24228889639333023,0.264080582240048,-1.999635598348231
2023-12-11,101,Subway,Southwest,0.5914896994408642,0.11019753282138073,0.15684861764457372,0.1839016666596838,-1.8095959134887354
2023-12-11,101,KFC,Northeast,0.47465750473597684,0.06337386987885768,0.10307124891057669,0.41065611985185674,-0.5995769332473588
2023-12-11,101,KFC,South,0.6136910621161441,0.03456000693688545,0.08985526769638223,0.059614022899604026,-0.6989680413269632
2023-12-11,101,KFC,Midwest,0.45253376863471406,0.11479312683681432,0.06211878057985756,0.18162748643710216,-1.6495864519456447
2023-12-11,101,KFC,West,0.19727674626440894,-0.2021395757995259,0.06522890237178519,0.37457060797482544,-0.8324421431817632
2023-12-11,101,KFC,Southwest,0.4370097123305549,-0.05167053393707524,0.2062792732454961,0.19135202294227086,-1.0871426102390387
2023-12-11,101,Dominos,Northeast,0.14850882706907215,-0.008293397469911905,0.05859345042386398,0.21214506472215292,-0.5436429328251958
2023-12-11,101,Dominos,South,0.17974665222986252,-0.10719358777665468,0.16903420222022753,0.2939671196096951,-1.4395915106989112
2023-12-11,101,Dominos,Midwest,0.3149323210679367,-0.13927550669675948,0.10019145266430377,0.27749119186196053,-0.977809081224243
2023-12-11,101,Dominos,West,0.08117579908218374,0.07354753731555355,0.09196263428197264,0.08585787626857316,-1.9046964163641222
2023-12-11,101,Dominos,Southwest,0.10330775319603654,0.018589981898581832,0.013614314134967706,0.23368255004054264,-1.4056289797753911
2023-12-11,101,PizzaHut,Northeast,0.5048799856416885,0.15813650976680074,0.1344967708176812,0.33192020930403915,-0.5542735082177292
2023-12-11,101,PizzaHut,South,0.5383950400929678,0.0377655504896682,0.17165385327232988,0.4309775708003919,-1.1915286883248193
2023-12-11,101,PizzaHut,Midwest,0.9211831409333525,0.07429211590603094,0.05667293070097135,0.5405277045945869,-1.5681807449977332
2023-12-11,101,PizzaHut,West,0.3985623320775005,0.06003431402412131,0.14116557278651456,0.36248858833460823,-1.8195935553070897
2023-12-11,101,PizzaHut,Southwest,0.15642382741827143,0.04654390485532436,0.2076269648452098,0.03054343973064911,-0.9447074897277044
2023-12-18,102,McDonalds,Northeast,0.8842629513849725,0.2656089436356991,0.027713269265470058,0.5703076004290429,-1.4167227552888253
2023-12-18,102,McDonalds,South,0.578466476836664,0.07545131191012713,0.28741291316892137,0.36290162650219815,-1.9288765457898727
2023-12-18,102,McDonalds,Midwest,0.5600214673356875,-0.061604611946687225,0.044879181552355416,0.27197951974525986,-0.7982427450570128
2023-12-18,102,McDonalds,West,0.2562267944376298,-0.060902217116437125,0.2724710438053291,0.32062222572817095,-1.093428921375788
2023-12-18,102,McDonalds,Southwest,0.99,0.10318501763301016,0.09761475647586786,0.06848935279224204,-1.7021857116976975
2023-12-18,102,BurgerKing,Northeast,0.23706808618639175,0.0851840496159646,0.24450012132992213,0.1451965604342744,-1.2577573150678698
2023-12-18,102,BurgerKing,South,0.8732854856914072,0.20484655475428984,0.07960538031602005,0.48906939996118465,-0.8865346316994134
2023-12-18,102,BurgerKing,Midwest,0.3141661766580717,0.03557207299997765,0.3165741719930878,0.5707999278834135,-0.8443823193970343
2023-12-18,102,BurgerKing,West,0.43806770465969547,0.09511520475297927,0.10053500308910315,0.1221118822977808,-1.250572382001857
2023-12-18,102,BurgerKing,Southwest,0.6329929181264942,0.002392624883122099,0.018483657576278914,0.31990659288970436,-1.5421782048067114
2023-12-18,102,Wendys,Northeast,0.7769657595750146,-0.08656052591370625,0.1328241465142246,0.2864796801727,-0.5393861269422597
2023-12-18,102,Wendys,South,0.21269696812309588,4.508107568937424e-05,0.06877335669035799,0.4254476061773757,-1.0049560835652607
2023-12-18,102,Wendys,Midwest,0.5393690585215521,-0.07400179611011133,0.08722314572501384,0.211067729489257,-1.3876437209805519
2023-12-18,102,Wendys,West,0.5923544746373984,0.038257157719327015,0.04165760766371676,0.41158605271605975,-1.5793051636930213
2023-12-18,102,Wendys,Southwest,0.3215905539532032,0.056370772146541605,0.19598595047373857,0.4491558671991043,-0.9033455254946567
2023-12-18,102,TacoBell,Northeast,0.9021073187817387,0.15205210681219963,0.07730275216667797,0.26793124519078654,-1.6367248316093486
2023-12-18,102,TacoBell,South,0.2229698291372303,-0.15749321374301226,0.003979491119964669,0.41766802910529877,-1.7424350165394678
2023-12-18,102,TacoBell,Midwest,0.5103068930487806,-0.11979687086150624,0.11549220000432603,0.150108946801192,-1.2052491665568945
2023-12-18,102,TacoBell,West,0.5403113085808228,0.04407697071941406,0.0446903396082485,0.47182917581289624,-1.5650189110337873
2023-12-18,102,TacoBell,Southwest,0.4166992146638777,-0.13610937946462945,0.10354646560386732,0.08879666648103435,-1.0566422826145774
2023-12-18,102,Subway,Northeast,0.3911971718878269,-0.10369367044596085,0.22149824057158357,0.4678561070838936,-1.8230919876886498
2023-12-18,102,Subway,South,0.8128894265304286,0.043343493108848795,0.12968553551579612,0.4688915625596436,-1.0175883431490176
2023-12-18,102,Subway,Midwest,0.4457291842314636,0.10920747514898577,0.21684813678008416,0.34844406917218707,-1.5750552080034468
2023-12-18,102,Subway,West,0.6051088067352587,-0.047715190294752394,0.24228889639333023,0.264080582240048,-1.999635598348231
2023-12-18,102,Subway,Southwest,0.5484121059802778,0.08012120942444316,0.15684861764457372,0.1839016666596838,-1.8095959134887354
2023-12-18,102,KFC,Northeast,0.46935819446217,0.06908566394104977,0.10307124891057669,0.41065611985185674,-0.5995769332473588
2023-12-18,102,KFC,South,0.6051165300171725,0.036996579173912594,0.08985526769638223,0.059614022899604026,-0.6989680413269632
2023-12-18,102,KFC,Midwest,0.43062058023072086,0.10389104276882002,0.06211878057985756,0.18162748643710216,-1.6495864519456447
2023-12-18,102,KFC,West,0.1764102459212007,-0.2119949718067352,0.06522890237178519,0.37457060797482544,-0.8324421431817632
2023-12-18,102,KFC,Southwest,0.4163011707982092,-0.06136797113342199,0.2062792732454961,0.19135202294227086,-1.0871426102390387
2023-12-18,102,Dominos,Northeast,0.15133642675071113,-0.007188044295172504,0.05859345042386398,0.21214506472215292,-0.5436429328251958
2023-12-18,102,Dominos,South,0.175205745974932,-0.11345674053848474,0.16903420222022753,0.2939671196096951,-1.4395915106989112
2023-12-18,102,Dominos,Midwest,0.32159520676459147,-0.13433486750700427,0.10019145266430377,0.27749119186196053,-0.977809081224243
2023-12-18,102,Dominos,West,0.0543517789600394,0.04500127068650964,0.09196263428197264,0.08585787626857316,-1.9046964163641222
2023-12-18,102,Dominos,Southwest,0.09646148105165814,0.010021463247303838,0.013614314134967706,0.23368255004054264,-1.4056289797753911
2023-12-18,102,PizzaHut,Northeast,0.5102696820813757,0.14687597015769024,0.1344967708176812,0.33192020930403915,-0.5542735082177292
2023-12-18,102,PizzaHut,South,0.5524818693580407,0.035202143705943274,0.17165385327232988,0.4309775708003919,-1.1915286883248193
2023-12-18,102,PizzaHut,Midwest,0.932452899397249,0.06891163832112955,0.05667293070097135,0.5405277045945869,-1.5681807449977332
2023-12-18,102,PizzaHut,West,0.423191005925256,0.06801275182307898,0.14116557278651456,0.36248858833460823,-1.8195935553070897
2023-12-18,102,PizzaHut,Southwest,0.15448069575046863,0.02795053713872378,0.2076269648452098,0.03054343973064911,-0.9447074897277044
2023-12-25,103,McDonalds,Northeast,0.8672622979277297,0.2660638583990066,0.027713269265470058,0.5703076004290429,-1.4167227552888253
2023-12-25,103,McDonalds,South,0.5665942728482307,0.08103467614224419,0.28741291316892137,0.36290162650219815,-1.9288765457898727
2023-12-25,103,McDonalds,Midwest,0.5611323734807567,-0.04303813758106768,0.044879181552355416,0.27197951974525986,-0.7982427450570128
2023-12-25,103,McDonalds,West,0.23395356650614477,-0.06571987682737188,0.2724710438053291,0.32062222572817095,-1.093428921375788
2023-12-25,103,McDonalds,Southwest,0.99,0.10642960367653534,0.09761475647586786,0.06848935279224204,-1.7021857116976975
2023-12-25,103,BurgerKing,Northeast,0.229779412041907,0.06714542169034095,0.24450012132992213,0.1451965604342744,-1.2577573150678698
2023-12-25,103,BurgerKing,South,0.8601158774294159,0.1809269927111596,0.07960538031602005,0.48906939996118465,-0.8865346316994134
2023-12-25,103,BurgerKing,Midwest,0.3333638741970276,0.04401981675779465,0.3165741719930878,0.5707999278834135,-0.8443823193970343
2023-12-25,103,BurgerKing,West,0.4487620555043537,0.09505960181649857,0.10053500308910315,0.1221118822977808,-1.250572382001857
2023-12-25,103,BurgerKing,Southwest,0.6555279988056173,0.014177751781106328,0.018483657576278914,0.31990659288970436,-1.5421782048067114
2023-12-25,103,Wendys,Northeast,0.7694578396060205,-0.10029455480340374,0.1328241465142246,0.2864796801727,-0.5393861269422597
2023-12-25,103,Wendys,South,0.22412209843908693,0.0052441024709769,0.06877335669035799,0.4254476061773757,-1.0049560835652607
2023-12-25,103,Wendys,Midwest,0.5642833458476942,-0.0553136177046728,0.08722314572501384,0.211067729489257,-1.3876437209805519
2023-12-25,103,Wendys,West,0.6027776396416746,0.042454213802899675,0.04165760766371676,0.41158605271605975,-1.5793051636930213
2023-12-25,103,Wendys,Southwest,0.3305824779298171,0.059136587202452094,0.19598595047373857,0.4491558671991043,-0.9033455254946567
2023-12-25,103,TacoBell,Northeast,0.9106763874242232,0.15213766762044312,0.07730275216667797,0.26793124519078654,-1.6367248316093486
2023-12-25,103,TacoBell,South,0.21574452240021216,-0.17320202831427137,0.003979491119964669,0.41766802910529877,-1.7424350165394678
2023-12-25,103,TacoBell,Midwest,0.5323461302401251,-0.10624114150440275,0.11549220000432603,0.150108946801192,-1.2052491665568945
2023-12-25,103,TacoBell,West,0.542686240017013,0.037968394321363404,0.0446903396082485,0.47182917581289624,-1.5650189110337873
2023-12-25,103,TacoBell,Southwest,0.4302275550619488,-0.13106454690079927,0.10354646560386732,0.08879666648103435,-1.0566422826145774
2023-12-25,103,Subway,Northeast,0.36145617716862294,-0.11932401351167339,0.22149824057158357,0.4678561070838936,-1.8230919876886498
2023-12-25,103,Subway,South,0.7869841782318594,0.03154889646377099,0.12968553551579612,0.4688915625596436,-1.0175883431490176
2023-12-25,103,Subway,Midwest,0.44596940657019457,0.12355834914120813,0.21684813678008416,0.34844406917218707,-1.5750552080034468
2023-12-25,103,Subway,West,0.5875251321921887,-0.051188213184330825,0.24228889639333023,0.264080582240048,-1.999635598348231
2023-12-25,103,Subway,Southwest,0.5488342090872118,0.0946539641848686,0.15684861764457372,0.1839016666596838,-1.8095959134887354
2023-12-25,103,KFC,Northeast,0.45798050228923415,0.0683033573504646,0.10307124891057669,0.41065611985185674,-0.5995769332473588
2023-12-25,103,KFC,South,0.5761021667052432,0.01857760144433402,0.08985526769638223,0.059614022899604026,-0.6989680413269632
2023-12-25,103,KFC,Midwest,0.42894587064568734,0.11281171876613723,0.06211878057985756,0.18162748643710216,-1.6495864519456447
2023-12-25,103,KFC,West,0.15991593716129393,-0.2178938949842913,0.06522890237178519,0.37457060797482544,-0.8324421431817632
2023-12-25,103,KFC,Southwest,0.41269267335102894,-0.054381082998251555,0.2062792732454961,0.19135202294227086,-1.0871426102390387
2023-12-25,103,Dominos,Northeast,0.15485652212604886,-0.006935935619771683,0.05859345042386398,0.21214506472215292,-0.5436429328251958
2023-12-25,103,Dominos,South,0.16304255039544022,-0.12888792281791345,0.16903420222022753,0.2939671196096951,-1.4395915106989112
2023-12-25,103,Dominos,Midwest,0.32650614111823406,-0.1326919198532986,0.10019145266430377,0.27749119186196053,-0.977809081224243
2023-12-25,103,Dominos,West,0.07958199708150429,0.06696350210803763,0.09196263428197264,0.08585787626857316,-1.9046964163641222
2023-12-25,103,Dominos,Southwest,0.10465933233673963,0.01495132783244843,0.013614314134967706,0.23368255004054264,-1.4056289797753911
2023-12-25,103,PizzaHut,Northeast,0.5269723169505801,0.14630079262763562,0.1344967708176812,0.33192020930403915,-0.5542735082177292
2023-12-25,103,PizzaHut,South,0.5805131157768687,0.04595557772551225,0.17165385327232988,0.4309775708003919,-1.1915286883248193
2023-12-25,103,PizzaHut,Midwest,0.9518373964485392,0.07101832297316066,0.05667293070097135,0.5405277045945869,-1.5681807449977332
2023-12-25,103,PizzaHut,West,0.44256416062714304,0.07010809412570691,0.14116557278651456,0.36248858833460823,-1.8195935553070897
2023-12-25,103,PizzaHut,Southwest,0.1608422564281367,0.017034285417132755,0.2076269648452098,0.03054343973064911,-0.9447074897277044
2024-01-01,104,McDonalds,Northeast,0.8523545836346268,0.26840233865690255,0.027713269265470058,0.5703076004290429,-1.4167227552888253
2024-01-01,104,McDonalds,South,0.5597025124614013,0.09138911030641364,0.28741291316892137,0.36290162650219815,-1.9288765457898727
2024-01-01,104,McDonalds,Midwest,0.5355255574087576,-0.051398759102067926,0.044879181552355416,0.27197951974525986,-0.7982427450570128
2024-01-01,104,McDonalds,West,0.23095233016761546,-0.051474918614902394,0.2724710438053291,0.32062222572817095,-1.093428921375788
2024-01-01,104,McDonalds,Southwest,0.9763453074397216,0.10551254343508408,0.09761475647586786,0.06848935279224204,-1.7021857116976975
2024-01-01,104,BurgerKing,Northeast,0.2327980311310252,0.05826772657495554,0.24450012132992213,0.1451965604342744,-1.2577573150678698
2024-01-01,104,BurgerKing,South,0.8819885124031219,0.19090331348036205,0.07960538031602005,0.48906939996118465,-0.8865346316994134
2024-01-01,104,BurgerKing,Midwest,0.3423922460441486,0.04115187440041196,0.3165741719930878,0.5707999278834135,-0.8443823193970343
2024-01-01,104,BurgerKing,West,0.4682535185837185,0.10265475069135965,0.10053500308910315,0.1221118822977808,-1.250572382001857
2024-01-01,104,BurgerKing,Southwest,0.6645067266875355,0.011260165458520956,0.018483657576278914,0.31990659288970436,-1.5421782048067114
2024-01-01,104,Wendys,Northeast,0.7747603552238622,-0.10089281623870278,0.1328241465142246,0.2864796801727,-0.5393861269422597
2024-01-01,104,Wendys,South,0.23495847753557045,0.010179704514319817,0.06877335669035799,0.4254476061773757,-1.0049560835652607
2024-01-01,104,Wendys,Midwest,0.5730930934767349,-0.05240464712877274,0.08722314572501384,0.211067729489257,-1.3876437209805519
2024-01-01,104,Wendys,West,0.5887230988902978,0.022498895998382288,0.04165760766371676,0.41158605271605975,-1.5793051636930213
2024-01-01,104,Wendys,Southwest,0.3252708175820138,0.04792414980150817,0.19598595047373857,0.4491558671991043,-0.9033455254946567
2024-01-01,104,TacoBell,Northeast,0.9266675097883001,0.16143176746835128,0.07730275216667797,0.26793124519078654,-1.6367248316093486
2024-01-01,104,TacoBell,South,0.22112017902736547,-0.17452339420328683,0.003979491119964669,0.41766802910529877,-1.7424350165394678
2024-01-01,104,TacoBell,Midwest,0.5338058397285796,-0.11147845453211697,0.11549220000432603,0.150108946801192,-1.2052491665568945
2024-01-01,104,TacoBell,West,0.5357975223806071,0.02438265416878866,0.0446903396082485,0.47182917581289624,-1.5650189110337873
2024-01-01,104,TacoBell,Southwest,0.4261272143653591,-0.14186191011355775,0.10354646560386732,0.08879666648103435,-1.0566422826145774
2024-01-01,104,Subway,Northeast,0.3262227980285525,-0.13954199991129287,0.22149824057158357,0.4678561070838936,-1.8230919876886498
2024-01-01,104,Subway,South,0.7709559783043931,0.03053608927675566,0.12968553551579612,0.4688915625596436,-1.0175883431490176
2024-01-01,104,Subway,Midwest,0.42496963802393317,0.11757397333539765,0.21684813678008416,0.34844406917218707,-1.5750552080034468
2024-01-01,104,Subway,West,0.5628438605418846,-0.06085409209418398,0.24228889639333023,0.264080582240048,-1.999635598348231
2024-01-01,104,Subway,Southwest,0.5331375820950813,0.09397272993318907,0.15684861764457372,0.1839016666596838,-1.8095959134887354
2024-01-01,104,KFC,Northeast,0.45159420193210875,0.07194306365899197,0.10307124891057669,0.41065611985185674,-0.5995769332473588
2024-01-01,104,KFC,South,0.5870081393616898,0.03950958076643347,0.08985526769638223,0.059614022899604026,-0.6989680413269632
2024-01-01,104,KFC,Midwest,0.40380102978440247,0.0976928845705051,0.06211878057985756,0.18162748643710216,-1.6495864519456447
2024-01-01,104,KFC,West,0.16148374092864637,-0.20630008455128607,0.06522890237178519,0.37457060797482544,-0.8324421431817632
2024-01-01,104,KFC,Southwest,0.41239768229552687,-0.04465006738810084,0.2062792732454961,0.19135202294227086,-1.0871426102390387
2024-01-01,104,Dominos,Northeast,0.1518319274681248,-0.014726863013538687,0.05859345042386398,0.21214506472215292,-0.5436429328251958
2024-01-01,104,Dominos,South,0.1698412426771435,-0.12685556327205313,0.16903420222022753,0.2939671196096951,-1.4395915106989112
2024-01-01,104,Dominos,Midwest,0.3266961413607009,-0.13726825234667475,0.10019145266430377,0.27749119186196053,-0.977809081224243
2024-01-01,104,Dominos,West,0.08620521562153463,0.06882038791222501,0.09196263428197264,0.08585787626857316,-1.9046964163641222
2024-01-01,104,Dominos,Southwest,0.12451697520662808,0.030042637966493937,0.013614314134967706,0.23368255004054264,-1.4056289797753911
2024-01-01,104,PizzaHut,Northeast,0.5506831956005538,0.15235685495394874,0.1344967708176812,0.33192020930403915,-0.5542735082177292
2024-01-01,104,PizzaHut,South,0.6032540158328636,0.05104166145784667,0.17165385327232988,0.4309775708003919,-1.1915286883248193
2024-01-01,104,PizzaHut,Midwest,0.9651891195726532,0.06671522977361423,0.05667293070097135,0.5405277045945869,-1.5681807449977332
2024-01-01,104,PizzaHut,West,0.44537841030156017,0.05526752747646356,0.14116557278651456,0.36248858833460823,-1.8195935553070897
2024-01-01,104,PizzaHut,Southwest,0.1764123906463931,0.014949603311728676,0.2076269648452098,0.03054343973064911,-0.9447074897277044
2024-01-08,105,McDonalds,Northeast,0.847633958188293,0.2804684202055417,0.027713269265470058,0.5703076004290429,-1.4167227552888253
2024-01-08,105,McDonalds,South,0.5276441269005321,0.07611743174051716,0.28741291316892137,0.36290162650219815,-1.9288765457898727
2024-01-08,105,McDonalds,Midwest,0.5081879567320178,-0.06194965278383488,0.044879181552355416,0.27197951974525986,-0.7982427450570128
2024-01-08,105,McDonalds,West,0.2154283005349832,-0.05021224125256171,0.2724710438053291,0.32062222572817095,-1.093428921375788
2024-01-08,105,McDonalds,Southwest,0.9497120525962761,0.09566599558661146,0.09761475647586786,0.06848935279224204,-1.7021857116976975
2024-01-08,105,BurgerKing,Northeast,0.2377429443356877,0.05034249210380341,0.24450012132992213,0.1451965604342744,-1.2577573150678698
2024-01-08,105,BurgerKing,South,0.8906226742616549,0.18666732766308028,0.07960538031602005,0.48906939996118465,-0.8865346316994134
2024-01-08,105,BurgerKing,Midwest,0.3416062196780617,0.027495700358510466,0.3165741719930878,0.5707999278834135,-0.8443823193970343
2024-01-08,105,BurgerKing,West,0.47138244779736943,0.09291353222919597,0.10053500308910315,0.1221118822977808,-1.250572382001857
2024-01-08,105,BurgerKing,Southwest,0.6844111535312234,0.018294444626394044,0.018483657576278914,0.31990659288970436,-1.5421782048067114
2024-01-08,105,Wendys,Northeast,0.7671765262428754,-0.11396651406101242,0.1328241465142246,0.2864796801727,-0.5393861269422597
2024-01-08,105,Wendys,South,0.224469625031945,-0.00579901683062856,0.06877335669035799,0.4254476061773757,-1.0049560835652607
2024-01-08,105,Wendys,Midwest,0.5722827125227189,-0.05870489692411168,0.08722314572501384,0.211067729489257,-1.3876437209805519
2024-01-08,105,Wendys,West,0.6015325227567192,0.029818451023480744,0.04165760766371676,0.41158605271605975,-1.5793051636930213
2024-01-08,105,Wendys,Southwest,0.32879146834336787,0.04595493172153928,0.19598595047373857,0.4491558671991043,-0.9033455254946567
2024-01-08,105,TacoBell,Northeast,0.9268351122672973,0.15678595668719508,0.07730275216667797,0.26793124519078654,-1.6367248316093486
2024-01-08,105,TacoBell,South,0.22637718026267503,-0.17407980622813077,0.003979491119964669,0.41766802910529877,-1.7424350165394678
2024-01-08,105,TacoBell,Midwest,0.5211621786601366,-0.1289355288607135,0.11549220000432603,0.150108946801192,-1.2052491665568945
2024-01-08,105,TacoBell,West,0.545557992178511,0.02932971070653899,0.0446903396082485,0.47182917581289624,-1.5650189110337873
2024-01-08,105,TacoBell,Southwest,0.43477497793954906,-0.1380275597995213,0.10354646560386732,0.08879666648103435,-1.0566422826145774
2024-01-08,105,Subway,Northeast,0.3064273410205192,-0.14363508465225008,0.22149824057158357,0.4678561070838936,-1.8230919876886498
2024-01-08,105,Subway,South,0.7653128511552811,0.04059533439471982,0.12968553551579612,0.4688915625596436,-1.0175883431490176
2024-01-08,105,Subway,Midwest,0.39799230476732667,0.10629901234586726,0.21684813678008416,0.34844406917218707,-1.5750552080034468
2024-01-08,105,Subway,West,0.5584205782073441,-0.049575002161648285,0.24228889639333023,0.264080582240048,-1.999635598348231
2024-01-08,105,Subway,Southwest,0.5189801464839577,0.09551766658914158,0.15684861764457372,0.1839016666596838,-1.8095959134887354
2024-01-08,105,KFC,Northeast,0.4389174509983186,0.06857753776021024,0.10307124891057669,0.41065611985185674,-0.5995769332473588
2024-01-08,105,KFC,South,0.5774981779729983,0.03931084441275035,0.08985526769638223,0.059614022899604026,-0.6989680413269632
2024-01-08,105,KFC,Midwest,0.3934171570912846,0.09662023691239567,0.06211878057985756,0.18162748643710216,-1.6495864519456447
2024-01-08,105,KFC,West,0.16437534485781513,-0.19409725558710889,0.06522890237178519,0.37457060797482544,-0.8324421431817632
2024-01-08,105,KFC,Southwest,0.3923196659858083,-0.05541685866281097,0.2062792732454961,0.19135202294227086,-1.0871426102390387
2024-01-08,105,Dominos,Northeast,0.15040228984535506,-0.02235205540500467,0.05859345042386398,0.21214506472215292,-0.5436429328251958
2024-01-08,105,Dominos,South,0.18639982636656452,-0.11649253435132834,0.16903420222022753,0.2939671196096951,-1.4395915106989112
2024-01-08,105,Dominos,Midwest,0.32693634677755856,-0.14322360169851334,0.10019145266430377,0.27749119186196053,-0.977809081224243
2024-01-08,105,Dominos,West,0.10140610116354679,0.07782571868554093,0.09196263428197264,0.08585787626857316,-1.9046964163641222
2024-01-08,105,Dominos,Southwest,0.14770688980541144,0.047036997796581034,0.013614314134967706,0.23368255004054264,-1.4056289797753911
2024-01-08,105,PizzaHut,Northeast,0.5644410256329577,0.1483389046845324,0.1344967708176812,0.33192020930403915,-0.5542735082177292
2024-01-08,105,PizzaHut,South,0.6278434194004369,0.05785528472359973,0.17165385327232988,0.4309775708003919,-1.1915286883248193
2024-01-08,105,PizzaHut,Midwest,0.9714279770610749,0.055178306960215646,0.05667293070097135,0.5405277045945869,-1.5681807449977332
2024-01-08,105,PizzaHut,West,0.4707015235840585,0.06281486045714166,0.14116557278651456,0.36248858833460823,-1.8195935553070897
2024-01-08,105,PizzaHut,Southwest,0.19618241080808105,0.01694384317159635,0.2076269648452098,0.03054343973064911,-0.9447074897277044
2024-01-15,106,McDonalds,Northeast,0.8362805717138305,0.28519880302714384,0.027713269265470058,0.5703076004290429,-1.4167227552888253
2024-01-15,106,McDonalds,South,0.5051046368841133,0.0696617110201632,0.28741291316892137,0.36290162650219815,-1.9288765457898727
2024-01-15,106,McDonalds,Midwest,0.4754933532802814,-0.07856048693950661,0.044879181552355416,0.27197951974525986,-0.7982427450570128
2024-01-15,106,McDonalds,West,0.2043770518864136,-0.04517972060506666,0.2724710438053291,0.32062222572817095,-1.093428921375788
2024-01-15,106,McDonalds,Southwest,0.9129942517754168,0.07503196406181692,0.09761475647586786,0.06848935279224204,-1.7021857116976975
2024-01-15,106,BurgerKing,Northeast,0.2482267705347737,0.04716898718137807,0.24450012132992213,0.1451965604342744,-1.2577573150678698
2024-01-15,106,BurgerKing,South,0.9136918240473658,0.19607914632727996,0.07960538031602005,0.48906939996118465,-0.8865346316994134
2024-01-15,106,BurgerKing,Midwest,0.3571825281583034,0.029414677717240826,0.3165741719930878,0.5707999278834135,-0.8443823193970343
2024-01-15,106,BurgerKing,West,0.5045232053667787,0.1123969586770941,0.10053500308910315,0.1221118822977808,-1.250572382001857
2024-01-15,106,BurgerKing,Southwest,0.7083195761785523,0.028545536152211778,0.018483657576278914,0.31990659288970436,-1.5421782048067114
2024-01-15,106,Wendys,Northeast,0.7656368858638468,-0.12050549794426818,0.1328241465142246,0.2864796801727,-0.5393861269422597
2024-01-15,106,Wendys,South,0.22974210233468667,-0.005525883032114173,0.06877335669035799,0.4254476061773757,-1.0049560835652607
2024-01-15,106,Wendys,Midwest,0.5768083490015018,-0.05917860394955604,0.08722314572501384,0.211067729489257,-1.3876437209805519
2024-01-15,106,Wendys,West,0.5907100986274851,0.013996683390019471,0.04165760766371676,0.41158605271605975,-1.5793051636930213
2024-01-15,106,Wendys,Southwest,0.3243868226827516,0.03655094255669575,0.19598595047373857,0.4491558671991043,-0.9033455254946567
2024-01-15,106,TacoBell,Northeast,0.9240875004106871,0.15117834761739649,0.07730275216667797,0.26793124519078654,-1.6367248316093486
2024-01-15,106,TacoBell,South,0.20887497244730402,-0.19444201125669014,0.003979491119964669,0.41766802910529877,-1.7424350165394678
2024-01-15,106,TacoBell,Midwest,0.5244971105558414,-0.12846059417819705,0.11549220000432603,0.150108946801192,-1.2052491665568945
2024-01-15,106,TacoBell,West,0.5459272709451688,0.026838992260008583,0.0446903396082485,0.47182917581289624,-1.5650189110337873
2024-01-15,106,TacoBell,Southwest,0.4209060361396217,-0.15475649881263703,0.10354646560386732,0.08879666648103435,-1.0566422826145774
2024-01-15,106,Subway,Northeast,0.2943078423983521,-0.13959295599947677,0.22149824057158357,0.4678561070838936,-1.8230919876886498
2024-01-15,106,Subway,South,0.7563099513272503,0.04775406184162942,0.12968553551579612,0.4688915625596436,-1.0175883431490176
2024-01-15,106,Subway,Midwest,0.38410102228103515,0.10856935713451615,0.21684813678008416,0.34844406917218707,-1.5750552080034468
2024-01-15,106,Subway,West,0.539018269180314,-0.05281568391373799,0.24228889639333023,0.264080582240048,-1.999635598348231
2024-01-15,106,Subway,Southwest,0.5087329407265359,0.10143208810666013,0.15684861764457372,0.1839016666596838,-1.8095959134887354
2024-01-15,106,KFC,Northeast,0.437258247752696,0.07537974136497715,0.10307124891057669,0.41065611985185674,-0.5995769332473588
2024-01-15,106,KFC,South,0.5721108068198058,0.04238488010994724,0.08985526769638223,0.059614022899604026,-0.6989680413269632
2024-01-15,106,KFC,Midwest,0.37670962773654754,0.08837411440804806,0.06211878057985756,0.18162748643710216,-1.6495864519456447
2024-01-15,106,KFC,West,0.1586799456625375,-0.19133124793199707,0.06522890237178519,0.37457060797482544,-0.8324421431817632
2024-01-15,106,KFC,Southwest,0.3958130656436737,-0.04346205215455619,0.2062792732454961,0.19135202294227086,-1.0871426102390387
2024-01-15,106,Dominos,Northeast,0.1519709246864751,-0.028318345991121974,0.05859345042386398,0.21214506472215292,-0.5436429328251958
2024-01-15,106,Dominos,South,0.2149141451851262,-0.09551314096000402,0.16903420222022753,0.2939671196096951,-1.4395915106989112
2024-01-15,106,Dominos,Midwest,0.329214962864942,-0.1484799110383672,0.10019145266430377,0.27749119186196053,-0.977809081224243
2024-01-15,106,Dominos,West,0.10926509672418548,0.0781497888189423,0.09196263428197264,0.08585787626857316,-1.9046964163641222
2024-01-15,106,Dominos,Southwest,0.1485169592725854,0.04031214183651767,0.013614314134967706,0.23368255004054264,-1.4056289797753911
2024-01-15,106,PizzaHut,Northeast,0.5843126840391433,0.150571613043735,0.1344967708176812,0.33192020930403915,-0.5542735082177292
2024-01-15,106,PizzaHut,South,0.6280601525210671,0.04043306779724698,0.17165385327232988,0.4309775708003919,-1.1915286883248193
2024-01-15,106,PizzaHut,Midwest,0.9836065091198906,0.04971788897204844,0.05667293070097135,0.5405277045945869,-1.5681807449977332
2024-01-15,106,PizzaHut,West,0.4774192616275558,0.05189364845365599,0.14116557278651456,0.36248858833460823,-1.8195935553070897
2024-01-15,106,PizzaHut,Southwest,0.21517474433398687,0.018297226650519256,0.2076269648452098,0.03054343973064911,-0.9447074897277044
2024-01-22,107,McDonalds,Northeast,0.8310774696219458,0.2951432767822329,0.027713269265470058,0.5703076004290429,-1.4167227552888253
2024-01-22,107,McDonalds,South,0.49641712290828516,0.07612177289130873,0.28741291316892137,0.36290162650219815,-1.9288765457898727
2024-01-22,107,McDonalds,Midwest,0.43662918382471866,-0.10227708054809553,0.044879181552355416,0.27197951974525986,-0.7982427450570128
2024-01-22,107,McDonalds,West,0.20965017256871865,-0.02475902407578786,0.2724710438053291,0.32062222572817095,-1.093428921375788
2024-01-22,107,McDonalds,Southwest,0.9007994753346518,0.0779847634680256,0.09761475647586786,0.06848935279224204,-1.7021857116976975
2024-01-22,107,BurgerKing,Northeast,0.2547082275001545,0.03940399577644806,0.24450012132992213,0.1451965604342744,-1.2577573150678698
2024-01-22,107,BurgerKing,South,0.9295095516075861,0.19765042551718937,0.07960538031602005,0.48906939996118465,-0.8865346316994134
2024-01-22,107,BurgerKing,Midwest,0.3731908747536411,0.031176575942267748,0.3165741719930878,0.5707999278834135,-0.8443823193970343
2024-01-22,107,BurgerKing,West,0.512101166567574,0.10572847150757846,0.10053500308910315,0.1221118822977808,-1.250572382001857
2024-01-22,107,BurgerKing,Southwest,0.724545191222284,0.030524702825632532,0.018483657576278914,0.31990659288970436,-1.5421782048067114
2024-01-22,107,Wendys,Northeast,0.7639984779002189,-0.12658022082047127,0.1328241465142246,0.2864796801727,-0.5393861269422597
2024-01-22,107,Wendys,South,0.23013479732036154,-0.0095695029590144,0.06877335669035799,0.4254476061773757,-1.0049560835652607
2024-01-22,107,Wendys,Midwest,0.5743818725565261,-0.06604139530710688,0.08722314572501384,0.211067729489257,-1.3876437209805519
2024-01-22,107,Wendys,West,0.5808197006426637,-0.0003300295073770561,0.04165760766371676,0.41158605271605975,-1.5793051636930213
2024-01-22,107,Wendys,Southwest,0.33028150229748054,0.03800930725884959,0.19598595047373857,0.4491558671991043,-0.9033455254946567
2024-01-22,107,TacoBell,Northeast,0.9308055986749478,0.15703134198255986,0.07730275216667797,0.26793124519078654,-1.6367248316093486
2024-01-22,107,TacoBell,South,0.2148889123071651,-0.18929317529592643,0.003979491119964669,0.41766802910529877,-1.7424350165394678
2024-01-22,107,TacoBell,Midwest,0.5335614669812911,-0.12026134165184471,0.11549220000432603,0.150108946801192,-1.2052491665568945
2024-01-22,107,TacoBell,West,0.5500357769444149,0.030082394360157264,0.0446903396082485,0.47182917581289624,-1.5650189110337873
2024-01-22,107,TacoBell,Southwest,0.41644388505654995,-0.16008375379480608,0.10354646560386732,0.08879666648103435,-1.0566422826145774
2024-01-22,107,Subway,Northeast,0.28631798364966937,-0.13119631735516488,0.22149824057158357,0.4678561070838936,-1.8230919876886498
2024-01-22,107,Subway,South,0.7263482785358364,0.03417888644321007,0.12968553551579612,0.4688915625596436,-1.0175883431490176
2024-01-22,107,Subway,Midwest,0.35870781106291577,0.09956264330939135,0.21684813678008416,0.34844406917218707,-1.5750552080034468
2024-01-22,107,Subway,West,0.5129897710730871,-0.06245768462797044,0.24228889639333023,0.264080582240048,-1.999635598348231
2024-01-22,107,Subway,Southwest,0.5031470039249344,0.11223264869805323,0.15684861764457372,0.1839016666596838,-1.8095959134887354
2024-01-22,107,KFC,Northeast,0.4391972562472666,0.08480762650637791,0.10307124891057669,0.41065611985185674,-0.5995769332473588
2024-01-22,107,KFC,South,0.5694949825434255,0.04725793248039719,0.08985526769638223,0.059614022899604026,-0.6989680413269632
2024-01-22,107,KFC,Midwest,0.37994004974183526,0.09909341306016603,0.06211878057985756,0.18162748643710216,-1.6495864519456447
2024-01-22,107,KFC,West,0.1423982411915874,-0.20012407575611696,0.06522890237178519,0.37457060797482544,-0.8324421431817632
2024-01-22,107,KFC,Southwest,0.39181014019545324,-0.039976100955946385,0.2062792732454961,0.19135202294227086,-1.0871426102390387
2024-01-22,107,Dominos,Northeast,0.1594842008173557,-0.029570090274953616,0.05859345042386398,0.21214506472215292,-0.5436429328251958
2024-01-22,107,Dominos,South,0.23214798663868758,-0.08704431992115488,0.16903420222022753,0.2939671196096951,-1.4395915106989112
2024-01-22,107,Dominos,Midwest,0.3368277409541323,-0.14963215336388916,0.10019145266430377,0.27749119186196053,-0.977809081224243
2024-01-22,107,Dominos,West,0.11418068825479692,0.07430035993484149,0.09196263428197264,0.08585787626857316,-1.9046964163641222
2024-01-22,107,Dominos,Southwest,0.16269106487290752,0.04572122702212757,0.013614314134967706,0.23368255004054264,-1.4056289797753911
2024-01-22,107,PizzaHut,Northeast,0.6103206856585116,0.15933330471564733,0.1344967708176812,0.33192020930403915,-0.5542735082177292
2024-01-22,107,PizzaHut,South,0.6386230105200552,0.03374961584877896,0.17165385327232988,0.4309775708003919,-1.1915286883248193
2024-01-22,107,PizzaHut,Midwest,0.99,0.04910713225852468,0.05667293070097135,0.5405277045945869,-1.5681807449977332
2024-01-22,107,PizzaHut,West,0.48408116523859535,0.041309242117239464,0.14116557278651456,0.36248858833460823,-1.8195935553070897
2024-01-22,107,PizzaHut,Southwest,0.20744044410651358,-0.006683383524410138,0.2076269648452098,0.03054343973064911,-0.9447074897277044
2024-01-29,108,McDonalds,Northeast,0.819090362091318,0.2971478730963702,0.027713269265470058,0.5703076004290429,-1.4167227552888253
2024-01-29,108,McDonalds,South,0.4885144726260664,0.08221082645385505,0.28741291316892137,0.36290162650219815,-1.9288765457898727
2024-01-29,108,McDonalds,Midwest,0.42525814807082096,-0.09965641245722828,0.044879181552355416,0.27197951974525986,-0.7982427450570128
2024-01-29,108,McDonalds,West,0.1761628515464099,-0.044254641253331534,0.2724710438053291,0.32062222572817095,-1.093428921375788
2024-01-29,108,McDonalds,Southwest,0.883299277189122,0.07447626916726086,0.09761475647586786,0.06848935279224204,-1.7021857116976975
2024-01-29,108,BurgerKing,Northeast,0.2471537056165048,0.01722051817593725,0.24450012132992213,0.1451965604342744,-1.2577573150678698
2024-01-29,108,BurgerKing,South,0.957835518400989,0.2113474365937312,0.07960538031602005,0.48906939996118465,-0.8865346316994134
2024-01-29,108,BurgerKing,Midwest,0.3769592846493214,0.020316030121086886,0.3165741719930878,0.5707999278834135,-0.8443823193970343
2024-01-29,108,BurgerKing,West,0.5392841583790341,0.11828250760217741,0.10053500308910315,0.1221118822977808,-1.250572382001857
2024-01-29,108,BurgerKing,Southwest,0.7486328433759865,0.03998339926247399,0.018483657576278914,0.31990659288970436,-1.5421782048067114
2024-01-29,108,Wendys,Northeast,0.7588015227943893,-0.1355861243458319,0.1328241465142246,0.2864796801727,-0.5393861269422597
2024-01-29,108,Wendys,South,0.22261589622721512,-0.020897352471691853,0.06877335669035799,0.4254476061773757,-1.0049560835652607
2024-01-29,108,Wendys,Midwest,0.5816945231399204,-0.0625376931432435,0.08722314572501384,0.211067729489257,-1.3876437209805519
2024-01-29,108,Wendys,West,0.576185408690364,-0.00877326987920777,0.04165760766371676,0.41158605271605975,-1.5793051636930213
2024-01-29,108,Wendys,Southwest,0.33511529713859367,0.039034153680431664,0.19598595047373857,0.4491558671991043,-0.9033455254946567
2024-01-29,108,TacoBell,Northeast,0.9248349871349345,0.15220306607449066,0.07730275216667797,0.26793124519078654,-1.6367248316093486
2024-01-29,108,TacoBell,South,0.19593499253056462,-0.20710475944058276,0.003979491119964669,0.41766802910529877,-1.7424350165394678
2024-01-29,108,TacoBell,Midwest,0.5101144511581024,-0.1425660218430893,0.11549220000432603,0.150108946801192,-1.2052491665568945
2024-01-29,108,TacoBell,West,0.5511602837974168,0.032349236845103234,0.0446903396082485,0.47182917581289624,-1.5650189110337873
2024-01-29,108,TacoBell,Southwest,0.40968597196129963,-0.16569933125811234,0.10354646560386732,0.08879666648103435,-1.0566422826145774
2024-01-29,108,Subway,Northeast,0.2644133640505637,-0.1367272155243062,0.22149824057158357,0.4678561070838936,-1.8230919876886498
2024-01-29,108,Subway,South,0.7169331954968099,0.041137524834147926,0.12968553551579612,0.4688915625596436,-1.0175883431490176
2024-01-29,108,Subway,Midwest,0.35406851239927584,0.1112970660757158,0.21684813678008416,0.34844406917218707,-1.5750552080034468
2024-01-29,108,Subway,West,0.49389060242950467,-0.06518313184158853,0.24228889639333023,0.264080582240048,-1.999635598348231
2024-01-29,108,Subway,Southwest,0.4833672954258714,0.10882666162895462,0.15684861764457372,0.1839016666596838,-1.8095959134887354
2024-01-29,108,KFC,Northeast,0.4377909479812263,0.08980905683751675,0.10307124891057669,0.41065611985185674,-0.5995769332473588
2024-01-29,108,KFC,South,0.5495178882492505,0.03368857678340144,0.08985526769638223,0.059614022899604026,-0.6989680413269632
2024-01-29,108,KFC,Midwest,0.3757638416921331,0.101324943607643,0.06211878057985756,0.18162748643710216,-1.6495864519456447
2024-01-29,108,KFC,West,0.14150936231262978,-0.1946052160378954,0.06522890237178519,0.37457060797482544,-0.8324421431817632
2024-01-29,108,KFC,Southwest,0.3922047036824504,-0.03317379887177009,0.2062792732454961,0.19135202294227086,-1.0871426102390387
2024-01-29,108,Dominos,Northeast,0.1499846740031369,-0.04893761729997827,0.05859345042386398,0.21214506472215292,-0.5436429328251958
2024-01-29,108,Dominos,South,0.23440243415140397,-0.09465787261924428,0.16903420222022753,0.2939671196096951,-1.4395915106989112
2024-01-29,108,Dominos,Midwest,0.33791310863670343,-0.15841478589212382,0.10019145266430377,0.27749119186196053,-0.977809081224243
2024-01-29,108,Dominos,West,0.1250475580096949,0.07529922947893362,0.09196263428197264,0.08585787626857316,-1.9046964163641222
2024-01-29,108,Dominos,Southwest,0.1773665108813932,0.050528672819807406,0.013614314134967706,0.23368255004054264,-1.4056289797753911
2024-01-29,108,PizzaHut,Northeast,0.6418913440208831,0.17430040879010714,0.1344967708176812,0.33192020930403915,-0.5542735082177292
2024-01-29,108,PizzaHut,South,0.650276910004286,0.028799961045098226,0.17165385327232988,0.4309775708003919,-1.1915286883248193
2024-01-29,108,PizzaHut,Midwest,0.99,0.044131407275432535,0.05667293070097135,0.5405277045945869,-1.5681807449977332
2024-01-29,108,PizzaHut,West,0.5121814397152944,0.05280596230602694,0.14116557278651456,0.36248858833460823,-1.8195935553070897
2024-01-29,108,PizzaHut,Southwest,0.2270097677797282,-0.003717614139107087,0.2076269648452098,0.03054343973064911,-0.9447074897277044
2024-02-05,109,McDonalds,Northeast,0.8191339608163763,0.3098243882082499,0.027713269265470058,0.5703076004290429,-1.4167227552888253
2024-02-05,109,McDonalds,South,0.47876883626934347,0.08509810648395341,0.28741291316892137,0.36290162650219815,-1.9288765457898727
2024-02-05,109,McDonalds,Midwest,0.4010540654968669,-0.11122757864436099,0.044879181552355416,0.27197951974525986,-0.7982427450570128
2024-02-05,109,McDonalds,West,0.1501986516118105,-0.0575859248011096,0.2724710438053291,0.32062222572817095,-1.093428921375788
2024-02-05,109,McDonalds,Southwest,0.8551512383117112,0.058961146676671565,0.09761475647586786,0.06848935279224204,-1.7021857116976975
2024-02-05,109,BurgerKing,Northeast,0.26857352979138804,0.023841036523521986,0.24450012132992213,0.1451965604342744,-1.2577573150678698
2024-02-05,109,BurgerKing,South,0.9845207924591576,0.22323340482460127,0.07960538031602005,0.48906939996118465,-0.8865346316994134
2024-02-05,109,BurgerKing,Midwest,0.41025221189048366,0.038809651534950695,0.3165741719930878,0.5707999278834135,-0.8443823193970343
2024-02-05,109,BurgerKing,West,0.5625145175295649,0.1267135609254098,0.10053500308910315,0.1221118822977808,-1.250572382001857
2024-02-05,109,BurgerKing,Southwest,0.7750605349786348,0.05161178503782385,0.018483657576278914,0.31990659288970436,-1.5421782048067114
2024-02-05,109,Wendys,Northeast,0.7561277019100712,-0.14138628767236874,0.1328241465142246,0.2864796801727,-0.5393861269422597
2024-02-05,109,Wendys,South,0.21417808050199516,-0.03246151063913042,0.06877335669035799,0.4254476061773757,-1.0049560835652607
2024-02-05,109,Wendys,Midwest,0.5933216589063146,-0.05403689981906797,0.08722314572501384,0.211067729489257,-1.3876437209805519
2024-02-05,109,Wendys,West,0.5834885586549767,-0.0045964623568137625,0.04165760766371676,0.41158605271605975,-1.5793051636930213
2024-02-05,109,Wendys,Southwest,0.3393160833242212,0.04010859742384059,0.19598595047373857,0.4491558671991043,-0.9033455254946567
2024-02-05,109,TacoBell,Northeast,0.925575493563706,0.15607678088082055,0.07730275216667797,0.26793124519078654,-1.6367248316093486
2024-02-05,109,TacoBell,South,0.1960336389775883,-0.20387290461600072,0.003979491119964669,0.41766802910529877,-1.7424350165394678
2024-02-05,109,TacoBell,Midwest,0.5198194113790796,-0.1297278532445537,0.11549220000432603,0.150108946801192,-1.2052491665568945
2024-02-05,109,TacoBell,West,0.560976931268028,0.04529909269327279,0.0446903396082485,0.47182917581289624,-1.5650189110337873
2024-02-05,109,TacoBell,Southwest,0.41199496710714467,-0.16025712773470888,0.10354646560386732,0.08879666648103435,-1.0566422826145774
2024-02-05,109,Subway,Northeast,0.25674790810623543,-0.1282691867986769,0.22149824057158357,0.4678561070838936,-1.8230919876886498
2024-02-05,109,Subway,South,0.7059503363511002,0.046278150358395685,0.12968553551579612,0.4688915625596436,-1.0175883431490176
2024-02-05,109,Subway,Midwest,0.3333333304089721,0.1066853687553696,0.21684813678008416,0.34844406917218707,-1.5750552080034468
2024-02-05,109,Subway,West,0.4853327645086785,-0.05761748509245713,0.24228889639333023,0.264080582240048,-1.999635598348231
2024-02-05,109,Subway,Southwest,0.4532988600673213,0.094881710940362,0.15684861764457372,0.1839016666596838,-1.8095959134887354
2024-02-05,109,KFC,Northeast,0.44309619153862984,0.10034797236047557,0.10307124891057669,0.41065611985185674,-0.5995769332473588
2024-02-05,109,KFC,South,0.5323389868860349,0.021743347385741088,0.08985526769638223,0.059614022899604026,-0.6989680413269632
2024-02-05,109,KFC,Midwest,0.37338820259452515,0.10418297647559034,0.06211878057985756,0.18162748643710216,-1.6495864519456447
2024-02-05,109,KFC,West,0.1278241507628129,-0.203056755622157,0.06522890237178519,0.37457060797482544,-0.8324421431817632
2024-02-05,109,KFC,Southwest,0.3925049215476394,-0.027639909041025822,0.2062792732454961,0.19135202294227086,-1.0871426102390387
2024-02-05,109,Dominos,Northeast,0.16047329053412587,-0.04927686955925736,0.05859345042386398,0.21214506472215292,-0.5436429328251958
2024-02-05,109,Dominos,South,0.22928274336003876,-0.11060543220087761,0.16903420222022753,0.2939671196096951,-1.4395915106989112
2024-02-05,109,Dominos,Midwest,0.35294797373715636,-0.15420778958193904,0.10019145266430377,0.27749119186196053,-0.977809081224243
2024-02-05,109,Dominos,West,0.13009621903163587,0.06952002171060652,0.09196263428197264,0.08585787626857316,-1.9046964163641222
2024-02-05,109,Dominos,Southwest,0.19700584687979497,0.05934014002794109,0.013614314134967706,0.23368255004054264,-1.4056289797753911
2024-02-05,109,PizzaHut,Northeast,0.6576246055759352,0.1743136656774512,0.1344967708176812,0.33192020930403915,-0.5542735082177292
2024-02-05,109,PizzaHut,South,0.6699511245258744,0.032754170898978606,0.17165385327232988,0.4309775708003919,-1.1915286883248193
2024-02-05,109,PizzaHut,Midwest,0.99,0.03455571772528041,0.05667293070097135,0.5405277045945869,-1.5681807449977332
2024-02-05,109,PizzaHut,West,0.5220081220687287,0.04691263999175332,0.14116557278651456,0.36248858833460823,-1.8195935553070897
2024-02-05,109,PizzaHut,Southwest,0.23814338608642532,-0.008304000500117932,0.2076269648452098,0.03054343973064911,-0.9447074897277044
2024-02-12,110,McDonalds,Northeast,0.8166100662557023,0.3183914130106755,0.027713269265470058,0.5703076004290429,-1.4167227552888253
2024-02-12,110,McDonalds,South,0.4844516877842986,0.10187187736200831,0.28741291316892137,0.36290162650219815,-1.9288765457898727
2024-02-12,110,McDonalds,Midwest,0.3819114286163383,-0.11927929616178976,0.044879181552355416,0.27197951974525986,-0.7982427450570128
2024-02-12,110,McDonalds,West,0.14987621369528756,-0.04681744335453279,0.2724710438053291,0.32062222572817095,-1.093428921375788
2024-02-12,110,McDonalds,Southwest,0.8223635447713545,0.03726437249941454,0.09761475647586786,0.06848935279224204,-1.7021857116976975
2024-02-12,110,BurgerKing,Northeast,0.271386663970228,0.011899142512599091,0.24450012132992213,0.1451965604342744,-1.2577573150678698
2024-02-12,110,BurgerKing,South,0.9896880360870528,0.21364562026273354,0.07960538031602005,0.48906939996118465,-0.8865346316994134
2024-02-12,110,BurgerKing,Midwest,0.4114821531858393,0.025284564640543475,0.3165741719930878,0.5707999278834135,-0.8443823193970343
2024-02-12,110,BurgerKing,West,0.561433661821452,0.11087767702753401,0.10053500308910315,0.1221118822977808,-1.250572382001857
2024-02-12,110,BurgerKing,Southwest,0.7939455522897757,0.055741774159201826,0.018483657576278914,0.31990659288970436,-1.5421782048067114
2024-02-12,110,Wendys,Northeast,0.7563854214442173,-0.14352696464964737,0.1328241465142246,0.2864796801727,-0.5393861269422597
2024-02-12,110,Wendys,South,0.22037053098947113,-0.028667456663079325,0.06877335669035799,0.4254476061773757,-1.0049560835652607
2024-02-12,110,Wendys,Midwest,0.6026247822789546,-0.04713217295785284,0.08722314572501384,0.211067729489257,-1.3876437209805519
2024-02-12,110,Wendys,West,0.5885431250981269,-0.0019402924250884277,0.04165760766371676,0.41158605271605975,-1.5793051636930213
2024-02-12,110,Wendys,Southwest,0.3482921115971498,0.046686229185344326,0.19598595047373857,0.4491558671991043,-0.9033455254946567
2024-02-12,110,TacoBell,Northeast,0.9198015291051976,0.15538145801839787,0.07730275216667797,0.26793124519078654,-1.6367248316093486
2024-02-12,110,TacoBell,South,0.1790850634984451,-0.21574283849905818,0.003979491119964669,0.41766802910529877,-1.7424350165394678
2024-02-12,110,TacoBell,Midwest,0.5253189115912018,-0.11914971143634573,0.11549220000432603,0.150108946801192,-1.2052491665568945
2024-02-12,110,TacoBell,West,0.550007168344131,0.03940797136546152,0.0446903396082485,0.47182917581289624,-1.5650189110337873
2024-02-12,110,TacoBell,Southwest,0.39756036252343474,-0.16961309072233313,0.10354646560386732,0.08879666648103435,-1.0566422826145774
2024-02-12,110,Subway,Northeast,0.23932931316282116,-0.1300483655567209,0.22149824057158357,0.4678561070838936,-1.8230919876886498
2024-02-12,110,Subway,South,0.6811828109727647,0.03715004116543055,0.12968553551579612,0.4688915625596436,-1.0175883431490176
2024-02-12,110,Subway,Midwest,0.31351961040370746,0.10251106493547528,0.21684813678008416,0.34844406917218707,-1.5750552080034468
2024-02-12,110,Subway,West,0.4731338875389429,-0.054176945876822466,0.24228889639333023,0.264080582240048,-1.999635598348231
2024-02-12,110,Subway,Southwest,0.44114286127441227,0.09836512833282328,0.15684861764457372,0.1839016666596838,-1.8095959134887354
2024-02-12,110,KFC,Northeast,0.4301341871564168,0.09136967169621928,0.10307124891057669,0.41065611985185674,-0.5995769332473588
2024-02-12,110,KFC,South,0.5234782294385908,0.016866293656253643,0.08985526769638223,0.059614022899604026,-0.6989680413269632
2024-02-12,110,KFC,Midwest,0.3801478289242709,0.11492630652329278,0.06211878057985756,0.18162748643710216,-1.6495864519456447
2024-02-12,110,KFC,West,0.12880444822219567,-0.19809275444481758,0.06522890237178519,0.37457060797482544,-0.8324421431817632
2024-02-12,110,KFC,Southwest,0.4092718682231681,-0.0068892586475404055,0.2062792732454961,0.19135202294227086,-1.0871426102390387
2024-02-12,110,Dominos,Northeast,0.18390527787769273,-0.03747558782184208,0.05859345042386398,0.21214506472215292,-0.5436429328251958
2024-02-12,110,Dominos,South,0.2523563796517897,-0.09916250151527822,0.16903420222022753,0.2939671196096951,-1.4395915106989112
2024-02-12,110,Dominos,Midwest,0.3506999938387499,-0.16808647508649704,0.10019145266430377,0.27749119186196053,-0.977809081224243
2024-02-12,110,Dominos,West,0.14936552815412169,0.07715862522694075,0.09196263428197264,0.08585787626857316,-1.9046964163641222
2024-02-12,110,Dominos,Southwest,0.20810548446897742,0.058809072010971984,0.013614314134967706,0.23368255004054264,-1.4056289797753911
2024-02-12,110,PizzaHut,Northeast,0.6667232623544344,0.1688038476420687,0.1344967708176812,0.33192020930403915,-0.5542735082177292
2024-02-12,110,PizzaHut,South,0.6862397527450814,0.03443432430430389,0.17165385327232988,0.4309775708003919,-1.1915286883248193
2024-02-12,110,PizzaHut,Midwest,0.99,0.04400783307139525,0.05667293070097135,0.5405277045945869,-1.5681807449977332
2024-02-12,110,PizzaHut,West,0.5416249127926525,0.051920955901795435,0.14116557278651456,0.36248858833460823,-1.8195935553070897
2024-02-12,110,PizzaHut,Southwest,0.2439671228868864,-0.01708873851353853,0.2076269648452098,0.03054343973064911,-0.9447074897277044
2024-02-19,111,McDonalds,Northeast,0.8146465797212517,0.32581600214660167,0.027713269265470058,0.5703076004290429,-1.4167227552888253
2024-02-19,111,McDonalds,South,0.46868773669316216,0.09549600194124867,0.28741291316892137,0.36290162650219815,-1.9288765457898727
2024-02-19,111,McDonalds,Midwest,0.37469018413560445,-0.11711246497214689,0.044879181552355416,0.27197951974525986,-0.7982427450570128
2024-02-19,111,McDonalds,West,0.13745463735013946,-0.04985094402930414,0.2724710438053291,0.32062222572817095,-1.093428921375788
2024-02-19,111,McDonalds,Southwest,0.8107868065836217,0.035075709982058285,0.09761475647586786,0.06848935279224204,-1.7021857116976975
2024-02-19,111,BurgerKing,Northeast,0.2935458586637647,0.019561572263004187,0.24450012132992213,0.1451965604342744,-1.2577573150678698
2024-02-19,111,BurgerKing,South,0.99,0.20324368306457455,0.07960538031602005,0.48906939996118465,-0.8865346316994134
2024-02-19,111,BurgerKing,Midwest,0.4454308688717403,0.0447365153833128,0.3165741719930878,0.5707999278834135,-0.8443823193970343
2024-02-19,111,BurgerKing,West,0.5577195660716386,0.09266681633458905,0.10053500308910315,0.1221118822977808,-1.250572382001857
2024-02-19,111,BurgerKing,Southwest,0.8024656404003587,0.049765097326653254,0.018483657576278914,0.31990659288970436,-1.5421782048067114
2024-02-19,111,Wendys,Northeast,0.7617232080467444,-0.13982484575022996,0.1328241465142246,0.2864796801727,-0.5393861269422597
2024-02-19,111,Wendys,South,0.22784934035693388,-0.02282431499872623,0.06877335669035799,0.4254476061773757,-1.0049560835652607
2024-02-19,111,Wendys,Midwest,0.6032556927763472,-0.0481369301635699,0.08722314572501384,0.211067729489257,-1.3876437209805519
2024-02-19,111,Wendys,West,0.589604885771221,-0.0025141994551038565,0.04165760766371676,0.41158605271605975,-1.5793051636930213
2024-02-19,111,Wendys,Southwest,0.3540332801535356,0.05079173003862049,0.19598595047373857,0.4491558671991043,-0.9033455254946567
2024-02-19,111,TacoBell,Northeast,0.9105404127955095,0.15307076324382107,0.07730275216667797,0.26793124519078654,-1.6367248316093486
2024-02-19,111,TacoBell,South,0.18606645454268275,-0.20181102591970912,0.003979491119964669,0.41766802910529877,-1.7424350165394678
2024-02-19,111,TacoBell,Midwest,0.5267619811984064,-0.1107562202940297,0.11549220000432603,0.150108946801192,-1.2052491665568945
2024-02-19,111,TacoBell,West,0.5517849903190759,0.04813621487551787,0.0446903396082485,0.47182917581289624,-1.5650189110337873
2024-02-19,111,TacoBell,Southwest,0.3809483737546191,-0.1792746579560373,0.10354646560386732,0.08879666648103435,-1.0566422826145774
2024-02-19,111,Subway,Northeast,0.2236068927126992,-0.1308422498007779,0.22149824057158357,0.4678561070838936,-1.8230919876886498
2024-02-19,111,Subway,South,0.6632496152794928,0.034145381678223514,0.12968553551579612,0.4688915625596436,-1.0175883431490176
2024-02-19,111,Subway,Midwest,0.28853506044074784,0.09245505117858062,0.21684813678008416,0.34844406917218707,-1.5750552080034468
2024-02-19,111,Subway,West,0.46180699317233564,-0.05057530403736479,0.24228889639333023,0.264080582240048,-1.999635598348231
2024-02-19,111,Subway,Southwest,0.4208378674905492,0.09298867075502512,0.15684861764457372,0.1839016666596838,-1.8095959134887354
2024-02-19,111,KFC,Northeast,0.4340122638671712,0.09792370999472165,0.10307124891057669,0.41065611985185674,-0.5995769332473588
2024-02-19,111,KFC,South,0.5101003522218994,0.006164378027310326,0.08985526769638223,0.059614022899604026,-0.6989680413269632
2024-02-19,111,KFC,Midwest,0.39466227346494115,0.132116712651711,0.06211878057985756,0.18162748643710216,-1.6495864519456447
2024-02-19,111,KFC,West,0.11716516004852706,-0.2070560810307382,0.06522890237178519,0.37457060797482544,-0.8324421431817632
2024-02-19,111,KFC,Southwest,0.40878893000742444,-0.004696235275536045,0.2062792732454961,0.19135202294227086,-1.0871426102390387
2024-02-19,111,Dominos,Northeast,0.2040887384548834,-0.029556994717961402,0.05859345042386398,0.21214506472215292,-0.5436429328251958
2024-02-19,111,Dominos,South,0.25891484282309857,-0.10486890581727935,0.16903420222022753,0.2939671196096951,-1.4395915106989112
2024-02-19,111,Dominos,Midwest,0.3714895477463894,-0.15956178865216752,0.10019145266430377,0.27749119186196053,-0.977809081224243
2024-02-19,111,Dominos,West,0.14933855964942752,0.06486678924893659,0.09196263428197264,0.08585787626857316,-1.9046964163641222
2024-02-19,111,Dominos,Southwest,0.23489152893411303,0.07333024900279758,0.013614314134967706,0.23368255004054264,-1.4056289797753911
2024-02-19,111,PizzaHut,Northeast,0.6801498397534583,0.16894534029172628,0.1344967708176812,0.33192020930403915,-0.5542735082177292
2024-02-19,111,PizzaHut,South,0.6935607234147589,0.02847021022461509,0.17165385327232988,0.4309775708003919,-1.1915286883248193
2024-02-19,111,PizzaHut,Midwest,0.99,0.041016015347120904,0.05667293070097135,0.5405277045945869,-1.5681807449977332
2024-02-19,111,PizzaHut,West,0.5629991902359462,0.06001014859572263,0.14116557278651456,0.36248858833460823,-1.8195935553070897
2024-02-19,111,PizzaHut,Southwest,0.2514076547177485,-0.022933291432042913,0.2076269648452098,0.03054343973064911,-0.9447074897277044
2024-02-26,112,McDonalds,Northeast,0.7996039219339175,0.3183224252523739,0.027713269265470058,0.5703076004290429,-1.4167227552888253
2024-02-26,112,McDonalds,South,0.4589232898242183,0.0932806359654113,0.28741291316892137,0.36290162650219815,-1.9288765457898727
2024-02-26,112,McDonalds,Midwest,0.3553714821147983,-0.12888208609984658,0.044879181552355416,0.27197951974525986,-0.7982427450570128
2024-02-26,112,McDonalds,West,0.14811099553645113,-0.03164550494988598,0.2724710438053291,0.32062222572817095,-1.093428921375788
2024-02-26,112,McDonalds,Southwest,0.797573779778368,0.029411764069911053,0.09761475647586786,0.06848935279224204,-1.7021857116976975
2024-02-26,112,BurgerKing,Northeast,0.3158902880899341,0.027877740124808224,0.24450012132992213,0.1451965604342744,-1.2577573150678698
2024-02-26,112,BurgerKing,South,0.99,0.20533838390105227,0.07960538031602005,0.48906939996118465,-0.8865346316994134
2024-02-26,112,BurgerKing,Midwest,0.4496137899312859,0.03489117487849312,0.3165741719930878,0.5707999278834135,-0.8443823193970343
2024-02-26,112,BurgerKing,West,0.5716882805438767,0.09260726924246175,0.10053500308910315,0.1221118822977808,-1.250572382001857
2024-02-26,112,BurgerKing,Southwest,0.8243339297578315,0.057605125119760736,0.018483657576278914,0.31990659288970436,-1.5421782048067114
2024-02-26,112,Wendys,Northeast,0.7606898122297114,-0.14170745910109303,0.1328241465142246,0.2864796801727,-0.5393861269422597
2024-02-26,112,Wendys,South,0.24062968734927426,-0.010893185540215946,0.06877335669035799,0.4254476061773757,-1.0049560835652607
2024-02-26,112,Wendys,Midwest,0.614320064237996,-0.03792177623575126,0.08722314572501384,0.211067729489257,-1.3876437209805519
2024-02-26,112,Wendys,West,0.5996432518516346,0.006674949091479437,0.04165760766371676,0.41158605271605975,-1.5793051636930213
2024-02-26,112,Wendys,Southwest,0.35028592996463576,0.04619516231589052,0.19598595047373857,0.4491558671991043,-0.9033455254946567
2024-02-26,112,TacoBell,Northeast,0.8910205857147312,0.1422723387660062,0.07730275216667797,0.26793124519078654,-1.6367248316093486
2024-02-26,112,TacoBell,South,0.1712091758860914,-0.20794690197333707,0.003979491119964669,0.41766802910529877,-1.7424350165394678
2024-02-26,112,TacoBell,Midwest,0.5200029880021103,-0.10879381088736251,0.11549220000432603,0.150108946801192,-1.2052491665568945
2024-02-26,112,TacoBell,West,0.548521454851436,0.053594082010841426,0.0446903396082485,0.47182917581289624,-1.5650189110337873
2024-02-26,112,TacoBell,Southwest,0.35051125710405123,-0.20099037200364178,0.10354646560386732,0.08879666648103435,-1.0566422826145774
2024-02-26,112,Subway,Northeast,0.20952460638848172,-0.13092338181689542,0.22149824057158357,0.4678561070838936,-1.8230919876886498
2024-02-26,112,Subway,South,0.6508293532246245,0.03572627393145536,0.12968553551579612,0.4688915625596436,-1.0175883431490176
2024-02-26,112,Subway,Midwest,0.2717584635694924,0.08967960861542511,0.21684813678008416,0.34844406917218707,-1.5750552080034468
2024-02-26,112,Subway,West,0.46071857725439436,-0.037662565647206006,0.24228889639333023,0.264080582240048,-1.999635598348231
2024-02-26,112,Subway,Southwest,0.41105451392495784,0.09720647149753384,0.15684861764457372,0.1839016666596838,-1.8095959134887354
2024-02-26,112,KFC,Northeast,0.44578477177077136,0.11102562907553062,0.10307124891057669,0.41065611985185674,-0.5995769332473588
2024-02-26,112,KFC,South,0.5066113358411882,0.004004772823808003,0.08985526769638223,0.059614022899604026,-0.6989680413269632
2024-02-26,112,KFC,Midwest,0.40270763721280156,0.14149148757678023,0.06211878057985756,0.18162748643710216,-1.6495864519456447
2024-02-26,112,KFC,West,0.13218641281659338,-0.19070541708546299,0.06522890237178519,0.37457060797482544,-0.8324421431817632
2024-02-26,112,KFC,Southwest,0.42057645332294225,0.008420699217190566,0.2062792732454961,0.19135202294227086,-1.0871426102390387
2024-02-26,112,Dominos,Northeast,0.20588847994492854,-0.040478410652248734,0.05859345042386398,0.21214506472215292,-0.5436429328251958
2024-02-26,112,Dominos,South,0.2690992394720072,-0.10740566659270316,0.16903420222022753,0.2939671196096951,-1.4395915106989112
2024-02-26,112,Dominos,Midwest,0.3807590581162239,-0.1630134357066655,0.10019145266430377,0.27749119186196053,-0.977809081224243
2024-02-26,112,Dominos,West,0.16695226242452324,0.06975933459969987,0.09196263428197264,0.08585787626857316,-1.9046964163641222
2024-02-26,112,Dominos,Southwest,0.2544762219085908,0.08019378455294292,0.013614314134967706,0.23368255004054264,-1.4056289797753911
2024-02-26,112,PizzaHut,Northeast,0.683529940024672,0.1605564135514689,0.1344967708176812,0.33192020930403915,-0.5542735082177292
2024-02-26,112,PizzaHut,South,0.7060081355653994,0.029148595363784467,0.17165385327232988,0.4309775708003919,-1.1915286883248193
2024-02-26,112,PizzaHut,Midwest,0.99,0.02081674202555954,0.05667293070097135,0.5405277045945869,-1.5681807449977332
2024-02-26,112,PizzaHut,West,0.5891876673054361,0.07442959865374153,0.14116557278651456,0.36248858833460823,-1.8195935553070897
2024-02-26,112,PizzaHut,Southwest,0.25805293932245266,-0.02805703383880985,0.2076269648452098,0.03054343973064911,-0.9447074897277044
2024-03-04,113,McDonalds,Northeast,0.7945619561780161,0.3188810646508189,0.027713269265470058,0.5703076004290429,-1.4167227552888253
2024-03-04,113,McDonalds,South,0.45022618752999133,0.09018413882553068,0.28741291316892137,0.36290162650219815,-1.9288765457898727
2024-03-04,113,McDonalds,Midwest,0.36123115271058603,-0.11742181034971243,0.044879181552355416,0.27197951974525986,-0.7982427450570128
2024-03-04,113,McDonalds,West,0.11413532596813092,-0.06002056936385977,0.2724710438053291,0.32062222572817095,-1.093428921375788
2024-03-04,113,McDonalds,Southwest,0.7918070712007624,0.029245660646651964,0.09761475647586786,0.06848935279224204,-1.7021857116976975
2024-03-04,113,BurgerKing,Northeast,0.32818841306447877,0.026819552549831246,0.24450012132992213,0.1451965604342744,-1.2577573150678698
2024-03-04,113,BurgerKing,South,0.99,0.20080202002513545,0.07960538031602005,0.48906939996118465,-0.8865346316994134
2024-03-04,113,BurgerKing,Midwest,0.48023236793716384,0.05215344033484945,0.3165741719930878,0.5707999278834135,-0.8443823193970343
2024-03-04,113,BurgerKing,West,0.5761712985048406,0.08373397465390404,0.10053500308910315,0.1221118822977808,-1.250572382001857
2024-03-04,113,BurgerKing,Southwest,0.8454082040797097,0.06532308689211735,0.018483657576278914,0.31990659288970436,-1.5421782048067114
2024-03-04,113,Wendys,Northeast,0.7643027916572597,-0.1381449312140322,0.1328241465142246,0.2864796801727,-0.5393861269422597
2024-03-04,113,Wendys,South,0.2532953314151169,0.0017220069851392131,0.06877335669035799,0.4254476061773757,-1.0049560835652607
2024-03-04,113,Wendys,Midwest,0.6076986249307084,-0.044593667083526314,0.08722314572501384,0.211067729489257,-1.3876437209805519
2024-03-04,113,Wendys,West,0.5923640144008844,-0.0006547398997581522,0.04165760766371676,0.41158605271605975,-1.5793051636930213
2024-03-04,113,Wendys,Southwest,0.3612970805798972,0.0571558613906645,0.19598595047373857,0.4491558671991043,-0.9033455254946567
2024-03-04,113,TacoBell,Northeast,0.8849078977488805,0.1465255518493073,0.07730275216667797,0.26793124519078654,-1.6367248316093486
2024-03-04,113,TacoBell,South,0.14539390137017208,-0.22339627544010465,0.003979491119964669,0.41766802910529877,-1.7424350165394678
2024-03-04,113,TacoBell,Midwest,0.5042440368083259,-0.11418686103199521,0.11549220000432603,0.150108946801192,-1.2052491665568945
2024-03-04,113,TacoBell,West,0.5420193803407649,0.057457908549322034,0.0446903396082485,0.47182917581289624,-1.5650189110337873
2024-03-04,113,TacoBell,Southwest,0.34852299827036537,-0.1926127297881759,0.10354646560386732,0.08879666648103435,-1.0566422826145774
2024-03-04,113,Subway,Northeast,0.18986157995801742,-0.13771568834882497,0.22149824057158357,0.4678561070838936,-1.8230919876886498
2024-03-04,113,Subway,South,0.6088160734279204,0.006583714033285948,0.12968553551579612,0.4688915625596436,-1.0175883431490176
2024-03-04,113,Subway,Midwest,0.264119975528328,0.09491184047279544,0.21684813678008416,0.34844406917218707,-1.5750552080034468
2024-03-04,113,Subway,West,0.43564465045641987,-0.049865772546645766,0.24228889639333023,0.264080582240048,-1.999635598348231
2024-03-04,113,Subway,Southwest,0.378010406045199,0.07703308351630972,0.15684861764457372,0.1839016666596838,-1.8095959134887354
2024-03-04,113,KFC,Northeast,0.4174979316130875,0.08270236982568921,0.10307124891057669,0.41065611985185674,-0.5995769332473588
2024-03-04,113,KFC,South,0.5147875635353233,0.012144581425785415,0.08985526769638223,0.059614022899604026,-0.6989680413269632
2024-03-04,113,KFC,Midwest,0.40403023080900885,0.1427776620808299,0.06211878057985756,0.18162748643710216,-1.6495864519456447
2024-03-04,113,KFC,West,0.12996626810162848,-0.1929619808925855,0.06522890237178519,0.37457060797482544,-0.8324421431817632
2024-03-04,113,KFC,Southwest,0.4345031160447275,0.022310942846818185,0.2062792732454961,0.19135202294227086,-1.0871426102390387
2024-03-04,113,Dominos,Northeast,0.22525468486422892,-0.03410516382201801,0.05859345042386398,0.21214506472215292,-0.5436429328251958
2024-03-04,113,Dominos,South,0.29825519798829603,-0.09124266616548399,0.16903420222022753,0.2939671196096951,-1.4395915106989112
2024-03-04,113,Dominos,Midwest,0.3798246614836236,-0.17694079042833546,0.10019145266430377,0.27749119186196053,-0.977809081224243
2024-03-04,113,Dominos,West,0.17959971427405327,0.06941382836016023,0.09196263428197264,0.08585787626857316,-1.9046964163641222
2024-03-04,113,Dominos,Southwest,0.2513020462481803,0.06402665080346277,0.013614314134967706,0.23368255004054264,-1.4056289797753911
2024-03-04,113,PizzaHut,Northeast,0.6913184050171679,0.15826259023291422,0.1344967708176812,0.33192020930403915,-0.5542735082177292
2024-03-04,113,PizzaHut,South,0.7136042653387833,0.026662436826117693,0.17165385327232988,0.4309775708003919,-1.1915286883248193
2024-03-04,113,PizzaHut,Midwest,0.99,0.027082878398190246,0.05667293070097135,0.5405277045945869,-1.5681807449977332
2024-03-04,113,PizzaHut,West,0.5997255944279057,0.07488523746516051,0.14116557278651456,0.36248858833460823,-1.8195935553070897
2024-03-04,113,PizzaHut,Southwest,0.27436929901630236,-0.021822962456010696,0.2076269648452098,0.03054343973064911,-0.9447074897277044
2024-03-11,114,McDonalds,Northeast,0.7980254511785763,0.32591546598220783,0.027713269265470058,0.5703076004290429,-1.4167227552888253
2024-03-11,114,McDonalds,South,0.4682045679729939,0.1117334255993621,0.28741291316892137,0.36290162650219815,-1.9288765457898727
2024-03-11,114,McDonalds,Midwest,0.354507279826896,-0.12057477690257368,0.044879181552355416,0.27197951974525986,-0.7982427450570128
2024-03-11,114,McDonalds,West,0.10115419263063832,-0.06943079637052356,0.2724710438053291,0.32062222572817095,-1.093428921375788
2024-03-11,114,McDonalds,Southwest,0.7906970010230977,0.031706496799816054,0.09761475647586786,0.06848935279224204,-1.7021857116976975
2024-03-11,114,BurgerKing,Northeast,0.332656275669286,0.01879675227843581,0.24450012132992213,0.1451965604342744,-1.2577573150678698
2024-03-11,114,BurgerKing,South,0.99,0.2156216277095008,0.07960538031602005,0.48906939996118465,-0.8865346316994134
2024-03-11,114,BurgerKing,Midwest,0.4898908504239142,0.04932125994539712,0.3165741719930878,0.5707999278834135,-0.8443823193970343
2024-03-11,114,BurgerKing,West,0.5830061977023034,0.07807821097516414,0.10053500308910315,0.1221118822977808,-1.250572382001857
2024-03-11,114,BurgerKing,Southwest,0.8531857097444013,0.060609929680606175,0.018483657576278914,0.31990659288970436,-1.5421782048067114
2024-03-11,114,Wendys,Northeast,0.770737919762876,-0.1309607569793158,0.1328241465142246,0.2864796801727,-0.5393861269422597
2024-03-11,114,Wendys,South,0.2509688154537018,0.0001445371528243605,0.06877335669035799,0.4254476061773757,-1.0049560835652607
2024-03-11,114,Wendys,Midwest,0.6005329106003043,-0.051010335284830136,0.08722314572501384,0.211067729489257,-1.3876437209805519
2024-03-11,114,Wendys,West,0.6082684874480195,0.015998779276477155,0.04165760766371676,0.41158605271605975,-1.5793051636930213
2024-03-11,114,Wendys,Southwest,0.3519863360441795,0.048594162984047,0.19598595047373857,0.4491558671991043,-0.9033455254946567
2024-03-11,114,TacoBell,Northeast,0.8734034910448365,0.14688121258963724,0.07730275216667797,0.26793124519078654,-1.6367248316093486
2024-03-11,114,TacoBell,South,0.1400568954419004,-0.21687321392400236,0.003979491119964669,0.41766802910529877,-1.7424350165394678
2024-03-11,114,TacoBell,Midwest,0.47607061825978114,-0.13050021213616594,0.11549220000432603,0.150108946801192,-1.2052491665568945
2024-03-11,114,TacoBell,West,0.5349619179104501,0.06226051356338128,0.0446903396082485,0.47182917581289624,-1.5650189110337873
2024-03-11,114,TacoBell,Southwest,0.3261118540711869,-0.20316380654298039,0.10354646560386732,0.08879666648103435,-1.0566422826145774
2024-03-11,114,Subway,Northeast,0.1865357806016937,-0.12948786054048494,0.22149824057158357,0.4678561070838936,-1.8230919876886498
2024-03-11,114,Subway,South,0.5876359361440668,-0.0030427960859038157,0.12968553551579612,0.4688915625596436,-1.0175883431490176
2024-03-11,114,Subway,Midwest,0.2594940386821528,0.10183953079128405,0.21684813678008416,0.34844406917218707,-1.5750552080034468
2024-03-11,114,Subway,West,0.4351493539547032,-0.03880744188369864,0.24228889639333023,0.264080582240048,-1.999635598348231
2024-03-11,114,Subway,Southwest,0.37507114413686327,0.08564744877263777,0.15684861764457372,0.1839016666596838,-1.8095959134887354
2024-03-11,114,KFC,Northeast,0.4214128192871026,0.08521553630807023,0.10307124891057669,0.41065611985185674,-0.5995769332473588
2024-03-11,114,KFC,South,0.5138762752976603,0.00983157199648842,0.08985526769638223,0.059614022899604026,-0.6989680413269632
2024-03-11,114,KFC,Midwest,0.3996677562372944,0.13701346631748146,0.06211878057985756,0.18162748643710216,-1.6495864519456447
2024-03-11,114,KFC,West,0.14607833620143357,-0.17825163398441446,0.06522890237178519,0.37457060797482544,-0.8324421431817632
2024-03-11,114,KFC,Southwest,0.4289098850346851,0.015315990645141754,0.2062792732454961,0.19135202294227086,-1.0871426102390387
2024-03-11,114,Dominos,Northeast,0.2279603517919383,-0.04447582455771797,0.05859345042386398,0.21214506472215292,-0.5436429328251958
2024-03-11,114,Dominos,South,0.3179852150020337,-0.08458897681515569,0.16903420222022753,0.2939671196096951,-1.4395915106989112
2024-03-11,114,Dominos,Midwest,0.384939621115168,-0.18490215846020042,0.10019145266430377,0.27749119186196053,-0.977809081224243
2024-03-11,114,Dominos,West,0.18317540696280135,0.059913193385498956,0.09196263428197264,0.08585787626857316,-1.9046964163641222
2024-03-11,114,Dominos,Southwest,0.24994233128989207,0.049590608181765125,0.013614314134967706,0.23368255004054264,-1.4056289797753911
2024-03-11,114,PizzaHut,Northeast,0.6947386372915838,0.15343349183830904,0.1344967708176812,0.33192020930403915,-0.5542735082177292
2024-03-11,114,PizzaHut,South,0.7210264457688393,0.02583528658715276,0.17165385327232988,0.4309775708003919,-1.1915286883248193
2024-03-11,114,PizzaHut,Midwest,0.99,0.029513795674797234,0.05667293070097135,0.5405277045945869,-1.5681807449977332
2024-03-11,114,PizzaHut,West,0.6174879875399216,0.08439829990815535,0.14116557278651456,0.36248858833460823,-1.8195935553070897
2024-03-11,114,PizzaHut,Southwest,0.2878876089219814,-0.01655398321935276,0.2076269648452098,0.03054343973064911,-0.9447074897277044
2024-03-18,115,McDonalds,Northeast,0.7946273087414977,0.32400674378667604,0.027713269265470058,0.5703076004290429,-1.4167227552888253
2024-03-18,115,McDonalds,South,0.46473319096765,0.1097514688355649,0.28741291316892137,0.36290162650219815,-1.9288765457898727
2024-03-18,115,McDonalds,Midwest,0.3581194342745011,-0.11547320221342185,0.044879181552355416,0.27197951974525986,-0.7982427450570128
2024-03-18,115,McDonalds,West,0.11239047401837732,-0.05670509474123786,0.2724710438053291,0.32062222572817095,-1.093428921375788
2024-03-18,115,McDonalds,Southwest,0.790470722776383,0.03296963879464806,0.09761475647586786,0.06848935279224204,-1.7021857116976975
2024-03-18,115,BurgerKing,Northeast,0.33940883380366105,0.01410544373633172,0.24450012132992213,0.1451965604342744,-1.2577573150678698
2024-03-18,115,BurgerKing,South,0.99,0.20569296769864534,0.07960538031602005,0.48906939996118465,-0.8865346316994134
2024-03-18,115,BurgerKing,Midwest,0.4868826644562711,0.034869207301274865,0.3165741719930878,0.5707999278834135,-0.8443823193970343
2024-03-18,115,BurgerKing,West,0.6011127610992177,0.08474090769559937,0.10053500308910315,0.1221118822977808,-1.250572382001857
2024-03-18,115,BurgerKing,Southwest,0.870409361657276,0.06638971491700174,0.018483657576278914,0.31990659288970436,-1.5421782048067114
2024-03-18,115,Wendys,Northeast,0.7749738742980028,-0.1251871217282492,0.1328241465142246,0.2864796801727,-0.5393861269422597
2024-03-18,115,Wendys,South,0.24814454027424152,-0.0011420573106961985,0.06877335669035799,0.4254476061773757,-1.0049560835652607
2024-03-18,115,Wendys,Midwest,0.6130645773432821,-0.036940987825912625,0.08722314572501384,0.211067729489257,-1.3876437209805519
2024-03-18,115,Wendys,West,0.6018896217862316,0.011157594330628979,0.04165760766371676,0.41158605271605975,-1.5793051636930213
2024-03-18,115,Wendys,Southwest,0.3600013477003118,0.058146855356119055,0.19598595047373857,0.4491558671991043,-0.9033455254946567
2024-03-18,115,TacoBell,Northeast,0.859833829536763,0.1464937836397418,0.07730275216667797,0.26793124519078654,-1.6367248316093486
2024-03-18,115,TacoBell,South,0.12079115523692889,-0.22295672157079574,0.003979491119964669,0.41766802910529877,-1.7424350165394678
2024-03-18,115,TacoBell,Midwest,0.4688136887747806,-0.12457490906298833,0.11549220000432603,0.150108946801192,-1.2052491665568945
2024-03-18,115,TacoBell,West,0.525876046539112,0.06635687475022121,0.0446903396082485,0.47182917581289624,-1.5650189110337873
2024-03-18,115,TacoBell,Southwest,0.31649934910567806,-0.19959407895031112,0.10354646560386732,0.08879666648103435,-1.0566422826145774
2024-03-18,115,Subway,Northeast,0.1772795875058445,-0.12867507631992295,0.22149824057158357,0.4678561070838936,-1.8230919876886498
2024-03-18,115,Subway,South,0.5771880280104874,-0.0034217269030721244,0.12968553551579612,0.4688915625596436,-1.0175883431490176
2024-03-18,115,Subway,Midwest,0.273308781294446,0.12572325071998844,0.21684813678008416,0.34844406917218707,-1.5750552080034468
2024-03-18,115,Subway,West,0.4369229430902538,-0.02696487543173691,0.24228889639333023,0.264080582240048,-1.999635598348231
2024-03-18,115,Subway,Southwest,0.37223043577030723,0.0928757177224929,0.15684861764457372,0.1839016666596838,-1.8095959134887354
2024-03-18,115,KFC,Northeast,0.42527750562145206,0.08633352789010411,0.10307124891057669,0.41065611985185674,-0.5995769332473588
2024-03-18,115,KFC,South,0.5266945420559426,0.01990314400245511,0.08985526769638223,0.059614022899604026,-0.6989680413269632
2024-03-18,115,KFC,Midwest,0.40759439875352443,0.14219341408139596,0.06211878057985756,0.18162748643710216,-1.6495864519456447
2024-03-18,115,KFC,West,0.1490870784814895,-0.1779895864566741,0.06522890237178519,0.37457060797482544,-0.8324421431817632
2024-03-18,115,KFC,Southwest,0.4286209365343415,0.012280347392482606,0.2062792732454961,0.19135202294227086,-1.0871426102390387
2024-03-18,115,Dominos,Northeast,0.24012123549081849,-0.04528499793434485,0.05859345042386398,0.21214506472215292,-0.5436429328251958
2024-03-18,115,Dominos,South,0.29925101471876014,-0.11629323417393625,0.16903420222022753,0.2939671196096951,-1.4395915106989112
2024-03-18,115,Dominos,Midwest,0.40001568658365144,-0.182796150067224,0.10019145266430377,0.27749119186196053,-0.977809081224243
2024-03-18,115,Dominos,West,0.19126070323720482,0.05502843258439536,0.09196263428197264,0.08585787626857316,-1.9046964163641222
2024-03-18,115,Dominos,Southwest,0.2788390883482279,0.06551730816459397,0.013614314134967706,0.23368255004054264,-1.4056289797753911
2024-03-18,115,PizzaHut,Northeast,0.701228814654255,0.1536269325464266,0.1344967708176812,0.33192020930403915,-0.5542735082177292
2024-03-18,115,PizzaHut,South,0.7154335482280434,0.01394565239180314,0.17165385327232988,0.4309775708003919,-1.1915286883248193
2024-03-18,115,PizzaHut,Midwest,0.99,0.029014994133516058,0.05667293070097135,0.5405277045945869,-1.5681807449977332
2024-03-18,115,PizzaHut,West,0.6133235133438503,0.07393708905753031,0.14116557278651456,0.36248858833460823,-1.8195935553070897
2024-03-18,115,PizzaHut,Southwest,0.2989184197336596,-0.011819909062228094,0.2076269648452098,0.03054343973064911,-0.9447074897277044
2024-03-25,116,McDonalds,Northeast,0.7981504486317249,0.3269162174300709,0.027713269265470058,0.5703076004290429,-1.4167227552888253
2024-03-25,116,McDonalds,South,0.47492525352556514,0.11932986514664758,0.28741291316892137,0.36290162650219815,-1.9288765457898727
2024-03-25,116,McDonalds,Midwest,0.3508242826043879,-0.1233820201303675,0.044879181552355416,0.27197951974525986,-0.7982427450570128
2024-03-25,116,McDonalds,West,0.11334422122749119,-0.05636501377895639,0.2724710438053291,0.32062222572817095,-1.093428921375788
2024-03-25,116,McDonalds,Southwest,0.7774341710689491,0.019319420840381706,0.09761475647586786,0.06848935279224204,-1.7021857116976975
2024-03-25,116,BurgerKing,Northeast,0.3566548867928083,0.021120391555578863,0.24450012132992213,0.1451965604342744,-1.2577573150678698
2024-03-25,116,BurgerKing,South,0.99,0.21088167950304657,0.07960538031602005,0.48906939996118465,-0.8865346316994134
2024-03-25,116,BurgerKing,Midwest,0.502071819836447,0.03982725751155057,0.3165741719930878,0.5707999278834135,-0.8443823193970343
2024-03-25,116,BurgerKing,West,0.6113600565826874,0.08475709800916878,0.10053500308910315,0.1221118822977808,-1.250572382001857
2024-03-25,116,BurgerKing,Southwest,0.8847881957350642,0.07053744382488965,0.018483657576278914,0.31990659288970436,-1.5421782048067114
2024-03-25,116,Wendys,Northeast,0.7887132503775948,-0.10914373064516324,0.1328241465142246,0.2864796801727,-0.5393861269422597
2024-03-25,116,Wendys,South,0.2429895827003274,-0.003992999881116338,0.06877335669035799,0.4254476061773757,-1.0049560835652607
2024-03-25,116,Wendys,Midwest,0.612147014176889,-0.03555453598881178,0.08722314572501384,0.211067729489257,-1.3876437209805519
2024-03-25,116,Wendys,West,0.5887243437909235,0.00029633133881488104,0.04165760766371676,0.41158605271605975,-1.5793051636930213
2024-03-25,116,Wendys,Southwest,0.34901472308083453,0.049464245740135734,0.19598595047373857,0.4491558671991043,-0.9033455254946567
2024-03-25,116,TacoBell,Northeast,0.8464987408495257,0.14747191657067488,0.07730275216667797,0.26793124519078654,-1.6367248316093486
2024-03-25,116,TacoBell,South,0.11751726908577759,-0.21191738610377667,0.003979491119964669,0.41766802910529877,-1.7424350165394678
2024-03-25,116,TacoBell,Midwest,0.45193765891409454,-0.12713771730550405,0.11549220000432603,0.150108946801192,-1.2052491665568945
2024-03-25,116,TacoBell,West,0.5092036596278203,0.06399770945709997,0.0446903396082485,0.47182917581289624,-1.5650189110337873
2024-03-25,116,TacoBell,Southwest,0.298117275042464,-0.20366293139535485,0.10354646560386732,0.08879666648103435,-1.0566422826145774
2024-03-25,116,Subway,Northeast,0.16349371922741868,-0.13402264302836617,0.22149824057158357,0.4678561070838936,-1.8230919876886498
2024-03-25,116,Subway,South,0.5716994409975931,-0.000472012345983909,0.12968553551579612,0.4688915625596436,-1.0175883431490176
2024-03-25,116,Subway,Midwest,0.24989790327267702,0.110750674268202,0.21684813678008416,0.34844406917218707,-1.5750552080034468
2024-03-25,116,Subway,West,0.44129403728693856,-0.014155479665069633,0.24228889639333023,0.264080582240048,-1.999635598348231
2024-03-25,116,Subway,Southwest,0.35713791121903005,0.08622149474119829,0.15684861764457372,0.1839016666596838,-1.8095959134887354
2024-03-25,116,KFC,Northeast,0.43654837469688473,0.09355256274448552,0.10307124891057669,0.41065611985185674,-0.5995769332473588
2024-03-25,116,KFC,South,0.5180463903030552,0.00720315802851635,0.08985526769638223,0.059614022899604026,-0.6989680413269632
2024-03-25,116,KFC,Midwest,0.418334634280038,0.14888181538685816,0.06211878057985756,0.18162748643710216,-1.6495864519456447
2024-03-25,116,KFC,West,0.15985835878068583,-0.1712701403785291,0.06522890237178519,0.37457060797482544,-0.8324421431817632
2024-03-25,116,KFC,Southwest,0.43651479147545175,0.01612236811254157,0.2062792732454961,0.19135202294227086,-1.0871426102390387
2024-03-25,116,Dominos,Northeast,0.2428526377932385,-0.055229283152342774,0.05859345042386398,0.21214506472215292,-0.5436429328251958
2024-03-25,116,Dominos,South,0.31442218413515893,-0.11379775227795548,0.16903420222022753,0.2939671196096951,-1.4395915106989112
2024-03-25,116,Dominos,Midwest,0.40086081225672554,-0.19462671191456787,0.10019145266430377,0.27749119186196053,-0.977809081224243
2024-03-25,116,Dominos,West,0.20140875820666088,0.052500800033433506,0.09196263428197264,0.08585787626857316,-1.9046964163641222
2024-03-25,116,Dominos,Southwest,0.30180890687819917,0.07581143917414723,0.013614314134967706,0.23368255004054264,-1.4056289797753911
2024-03-25,116,PizzaHut,Northeast,0.7134486577948633,0.161593951817134,0.1344967708176812,0.33192020930403915,-0.5542735082177292
2024-03-25,116,PizzaHut,South,0.7198382015233487,0.01409748181720747,0.17165385327232988,0.4309775708003919,-1.1915286883248193
2024-03-25,116,PizzaHut,Midwest,0.99,0.019266928374287638,0.05667293070097135,0.5405277045945869,-1.5681807449977332
2024-03-25,116,PizzaHut,West,0.624032214335493,0.08039296617927225,0.14116557278651456,0.36248858833460823,-1.8195935553070897
2024-03-25,116,PizzaHut,Southwest,0.30336505598054075,-0.011626096685247842,0.2076269648452098,0.03054343973064911,-0.9447074897277044
2024-04-01,117,McDonalds,Northeast,0.7776551456560841,0.30371306144776666,0.027713269265470058,0.5703076004290429,-1.4167227552888253
2024-04-01,117,McDonalds,South,0.4854594047953936,0.12715616340981276,0.28741291316892137,0.36290162650219815,-1.9288765457898727
2024-04-01,117,McDonalds,Midwest,0.35328980727235426,-0.12362434846906442,0.044879181552355416,0.27197951974525986,-0.7982427450570128
2024-04-01,117,McDonalds,West,0.12807658671398525,-0.04434050129912567,0.2724710438053291,0.32062222572817095,-1.093428921375788
2024-04-01,117,McDonalds,Southwest,0.7691893188871843,0.008366715651953658,0.09761475647586786,0.06848935279224204,-1.7021857116976975
2024-04-01,117,BurgerKing,Northeast,0.3337578151578677,-0.010646646576381147,0.24450012132992213,0.1451965604342744,-1.2577573150678698
2024-04-01,117,BurgerKing,South,0.99,0.21367251808649843,0.07960538031602005,0.48906939996118465,-0.8865346316994134
2024-04-01,117,BurgerKing,Midwest,0.513857423100286,0.042742894278370296,0.3165741719930878,0.5707999278834135,-0.8443823193970343
2024-04-01,117,BurgerKing,West,0.6033233068036422,0.06785038173310426,0.10053500308910315,0.1221118822977808,-1.250572382001857
2024-04-01,117,BurgerKing,Southwest,0.8838731667734174,0.06075244836622358,0.018483657576278914,0.31990659288970436,-1.5421782048067114
2024-04-01,117,Wendys,Northeast,0.8132284926282494,-0.08159155320796421,0.1328241465142246,0.2864796801727,-0.5393861269422597
2024-04-01,117,Wendys,South,0.2368965413722449,-0.007049106022654373,0.06877335669035799,0.4254476061773757,-1.0049560835652607
2024-04-01,117,Wendys,Midwest,0.6164196687541067,-0.028244946225049618,0.08722314572501384,0.211067729489257,-1.3876437209805519
2024-04-01,117,Wendys,West,0.5791808103306952,-0.006210266934868957,0.04165760766371676,0.41158605271605975,-1.5793051636930213
2024-04-01,117,Wendys,Southwest,0.3250747589057585,0.028561216751604168,0.19598595047373857,0.4491558671991043,-0.9033455254946567
2024-04-01,117,TacoBell,Northeast,0.8295595259883585,0.1457693341027158,0.07730275216667797,0.26793124519078654,-1.6367248316093486
2024-04-01,117,TacoBell,South,0.09962459108970839,-0.21457343170663773,0.003979491119964669,0.41766802910529877,-1.7424350165394678
2024-04-01,117,TacoBell,Midwest,0.43270224413420266,-0.13113649969218777,0.11549220000432603,0.150108946801192,-1.2052491665568945
2024-04-01,117,TacoBell,West,0.4928206188795483,0.06285130110203604,0.0446903396082485,0.47182917581289624,-1.5650189110337873
2024-04-01,117,TacoBell,Southwest,0.2855233253657122,-0.20102024867889848,0.10354646560386732,0.08879666648103435,-1.0566422826145774
2024-04-01,117,Subway,Northeast,0.15530730082466515,-0.13552381254090423,0.22149824057158357,0.4678561070838936,-1.8230919876886498
2024-04-01,117,Subway,South,0.552374130427904,-0.013112074025457547,0.12968553551579612,0.4688915625596436,-1.0175883431490176
2024-04-01,117,Subway,Midwest,0.24807450229808092,0.11561252218382138,0.21684813678008416,0.34844406917218707,-1.5750552080034468
2024-04-01,117,Subway,West,0.4151150708434988,-0.03364919721829387,0.24228889639333023,0.264080582240048,-1.999635598348231
2024-04-01,117,Subway,Southwest,0.3299490877559726,0.06571792016835629,0.15684861764457372,0.1839016666596838,-1.8095959134887354
2024-04-01,117,KFC,Northeast,0.44923839138470345,0.1009443676915012,0.10307124891057669,0.41065611985185674,-0.5995769332473588
2024-04-01,117,KFC,South,0.5284148047652117,0.012273360749869918,0.08985526769638223,0.059614022899604026,-0.6989680413269632
2024-04-01,117,KFC,Midwest,0.42305889237010064,0.1483078617361178,0.06211878057985756,0.18162748643710216,-1.6495864519456447
2024-04-01,117,KFC,West,0.15120208547393804,-0.18522462542607984,0.06522890237178519,0.37457060797482544,-0.8324421431817632
2024-04-01,117,KFC,Southwest,0.434733893809514,0.009043258705800819,0.2062792732454961,0.19135202294227086,-1.0871426102390387
2024-04-01,117,Dominos,Northeast,0.25242265842520334,-0.057856750629207816,0.05859345042386398,0.21214506472215292,-0.5436429328251958
2024-04-01,117,Dominos,South,0.31066073255824767,-0.1297566919636966,0.16903420222022753,0.2939671196096951,-1.4395915106989112
2024-04-01,117,Dominos,Midwest,0.4056680137853231,-0.2020169984948002,0.10019145266430377,0.27749119186196053,-0.977809081224243
2024-04-01,117,Dominos,West,0.2201295496972576,0.059024103415200306,0.09196263428197264,0.08585787626857316,-1.9046964163641222
2024-04-01,117,Dominos,Southwest,0.3282794486299212,0.0900844928170394,0.013614314134967706,0.23368255004054264,-1.4056289797753911
2024-04-01,117,PizzaHut,Northeast,0.7114015445410877,0.1573996042905485,0.1344967708176812,0.33192020930403915,-0.5542735082177292
2024-04-01,117,PizzaHut,South,0.7295503193393196,0.021662365360368453,0.17165385327232988,0.4309775708003919,-1.1915286883248193
2024-04-01,117,PizzaHut,Midwest,0.99,0.00012632766841296633,0.05667293070097135,0.5405277045945869,-1.5681807449977332
2024-04-01,117,PizzaHut,West,0.6327739610194392,0.08698747859040837,0.14116557278651456,0.36248858833460823,-1.8195935553070897
2024-04-01,117,PizzaHut,Southwest,0.297472806106076,-0.01966558083252265,0.2076269648452098,0.03054343973064911,-0.9447074897277044
2024-04-08,118,McDonalds,Northeast,0.785491370802268,0.3067865176148464,0.027713269265470058,0.5703076004290429,-1.4167227552888253
2024-04-08,118,McDonalds,South,0.48774464959210084,0.12467863922741566,0.28741291316892137,0.36290162650219815,-1.9288765457898727
2024-04-08,118,McDonalds,Midwest,0.3712567163492969,-0.11042020837122608,0.044879181552355416,0.27197951974525986,-0.7982427450570128
2024-04-08,118,McDonalds,West,0.12409499920969042,-0.05308485778252486,0.2724710438053291,0.32062222572817095,-1.093428921375788
2024-04-08,118,McDonalds,Southwest,0.780228150841907,0.014642778627571969,0.09761475647586786,0.06848935279224204,-1.7021857116976975
2024-04-08,118,BurgerKing,Northeast,0.3383429311713198,-0.013441721209346481,0.24450012132992213,0.1451965604342744,-1.2577573150678698
2024-04-08,118,BurgerKing,South,0.99,0.2120894633064018,0.07960538031602005,0.48906939996118465,-0.8865346316994134
2024-04-08,118,BurgerKing,Midwest,0.5193990748151115,0.0409043553467782,0.3165741719930878,0.5707999278834135,-0.8443823193970343
2024-04-08,118,BurgerKing,West,0.6022467664051185,0.05939365068816313,0.10053500308910315,0.1221118822977808,-1.250572382001857
2024-04-08,118,BurgerKing,Southwest,0.8911123677607682,0.06061145870715686,0.018483657576278914,0.31990659288970436,-1.5421782048067114
2024-04-08,118,Wendys,Northeast,0.8088761983572671,-0.08221803542918243,0.1328241465142246,0.2864796801727,-0.5393861269422597
2024-04-08,118,Wendys,South,0.23558313180654822,-0.004636703538587079,0.06877335669035799,0.4254476061773757,-1.0049560835652607
2024-04-08,118,Wendys,Midwest,0.6135389081612713,-0.02739989476812099,0.08722314572501384,0.211067729489257,-1.3876437209805519
2024-04-08,118,Wendys,West,0.5834349437770536,0.0017696785612534068,0.04165760766371676,0.41158605271605975,-1.5793051636930213
2024-04-08,118,Wendys,Southwest,0.3305840330164682,0.037796302912077855,0.19598595047373857,0.4491558671991043,-0.9033455254946567
2024-04-08,118,TacoBell,Northeast,0.8031142197024197,0.1352631008844378,0.07730275216667797,0.26793124519078654,-1.6367248316093486
2024-04-08,118,TacoBell,South,0.09237324302795533,-0.20588570670073003,0.003979491119964669,0.41766802910529877,-1.7424350165394678
2024-04-08,118,TacoBell,Midwest,0.40489980679544335,-0.14299986396328632,0.11549220000432603,0.150108946801192,-1.2052491665568945
2024-04-08,118,TacoBell,West,0.4827601046932649,0.0687298599834134,0.0446903396082485,0.47182917581289624,-1.5650189110337873
2024-04-08,118,TacoBell,Southwest,0.2757816401450801,-0.19482286083186978,0.10354646560386732,0.08879666648103435,-1.0566422826145774
2024-04-08,118,Subway,Northeast,0.1313588888878758,-0.15463698145752927,0.22149824057158357,0.4678561070838936,-1.8230919876886498
2024-04-08,118,Subway,South,0.5484686798730337,-0.01218228156016345,0.12968553551579612,0.4688915625596436,-1.0175883431490176
2024-04-08,118,Subway,Midwest,0.23855429814431342,0.11092756105021823,0.21684813678008416,0.34844406917218707,-1.5750552080034468
2024-04-08,118,Subway,West,0.4026921752439807,-0.04123684979764762,0.24228889639333023,0.264080582240048,-1.999635598348231
2024-04-08,118,Subway,Southwest,0.3386223680427983,0.07922644347534634,0.15684861764457372,0.1839016666596838,-1.8095959134887354
2024-04-08,118,KFC,Northeast,0.44916935163126337,0.09440757628512701,0.10307124891057669,0.41065611985185674,-0.5995769332473588
2024-04-08,118,KFC,South,0.5268187871269653,0.00420959145868942,0.08985526769638223,0.059614022899604026,-0.6989680413269632
2024-04-08,118,KFC,Midwest,0.43028359342308564,0.14906481113616873,0.06211878057985756,0.18162748643710216,-1.6495864519456447
2024-04-08,118,KFC,West,0.16452573458985634,-0.17836872796309566,0.06522890237178519,0.37457060797482544,-0.8324421431817632
2024-04-08,118,KFC,Southwest,0.4397851596023469,0.00762677284569955,0.2062792732454961,0.19135202294227086,-1.0871426102390387
2024-04-08,118,Dominos,Northeast,0.2756287578359465,-0.046193045172515296,0.05859345042386398,0.21214506472215292,-0.5436429328251958
2024-04-08,118,Dominos,South,0.32751288313193916,-0.1244469353440557,0.16903420222022753,0.2939671196096951,-1.4395915106989112
2024-04-08,118,Dominos,Midwest,0.3954282945420594,-0.2237991116921145,0.10019145266430377,0.27749119186196053,-0.977809081224243
2024-04-08,118,Dominos,West,0.2263772740162381,0.053729433780130224,0.09196263428197264,0.08585787626857316,-1.9046964163641222
2024-04-08,118,Dominos,Southwest,0.3342034215904548,0.0844660718235224,0.013614314134967706,0.23368255004054264,-1.4056289797753911
2024-04-08,118,PizzaHut,Northeast,0.7162056583677805,0.16219321382484272,0.1344967708176812,0.33192020930403915,-0.5542735082177292
2024-04-08,118,PizzaHut,South,0.703312653067977,-0.004585805203372671,0.17165385327232988,0.4309775708003919,-1.1915286883248193
2024-04-08,118,PizzaHut,Midwest,0.99,0.025616424755590193,0.05667293070097135,0.5405277045945869,-1.5681807449977332
2024-04-08,118,PizzaHut,West,0.6380947262607798,0.09229773953935047,0.14116557278651456,0.36248858833460823,-1.8195935553070897
2024-04-08,118,PizzaHut,Southwest,0.2989720784376514,-0.01817681279334574,0.2076269648452098,0.03054343973064911,-0.9447074897277044
2024-04-15,119,McDonalds,Northeast,0.8040556605985306,0.31860219477903784,0.027713269265470058,0.5703076004290429,-1.4167227552888253
2024-04-15,119,McDonalds,South,0.5179298027522982,0.14811517975554192,0.28741291316892137,0.36290162650219815,-1.9288765457898727
2024-04-15,119,McDonalds,Midwest,0.386712795427252,-0.10171274192534205,0.044879181552355416,0.27197951974525986,-0.7982427450570128
2024-04-15,119,McDonalds,West,0.14033174280647767,-0.043596726817808656,0.2724710438053291,0.32062222572817095,-1.093428921375788
2024-04-15,119,McDonalds,Southwest,0.7882836637186218,0.01594967887221579,0.09761475647586786,0.06848935279224204,-1.7021857116976975
2024-04-15,119,BurgerKing,Northeast,0.342711056812082,-0.014856978743015965,0.24450012132992213,0.1451965604342744,-1.2577573150678698
2024-04-15,119,BurgerKing,South,0.99,0.2073315088663528,0.07960538031602005,0.48906939996118465,-0.8865346316994134
2024-04-15,119,BurgerKing,Midwest,0.5169213380723977,0.03264323542963278,0.3165741719930878,0.5707999278834135,-0.8443823193970343
2024-04-15,119,BurgerKing,West,0.6011600085825552,0.05252350969116815,0.10053500308910315,0.1221118822977808,-1.250572382001857
2024-04-15,119,BurgerKing,Southwest,0.88339019129177,0.04710589906372703,0.018483657576278914,0.31990659288970436,-1.5421782048067114
2024-04-15,119,Wendys,Northeast,0.8037568287319197,-0.08297674993603267,0.1328241465142246,0.2864796801727,-0.5393861269422597
2024-04-15,119,Wendys,South,0.21437580091578715,-0.02148337931085095,0.06877335669035799,0.4254476061773757,-1.0049560835652607
2024-04-15,119,Wendys,Midwest,0.6110874182842112,-0.025490729526683884,0.08722314572501384,0.211067729489257,-1.3876437209805519
2024-04-15,119,Wendys,West,0.5787109825781329,0.0014063724808299895,0.04165760766371676,0.41158605271605975,-1.5793051636930213
2024-04-15,119,Wendys,Southwest,0.3276927308818378,0.03926565589594473,0.19598595047373857,0.4491558671991043,-0.9033455254946567
2024-04-15,119,TacoBell,Northeast,0.7814825475452661,0.13004178518423787,0.07730275216667797,0.26793124519078654,-1.6367248316093486
2024-04-15,119,TacoBell,South,0.10673149027280686,-0.175117102998925,0.003979491119964669,0.41766802910529877,-1.7424350165394678
2024-04-15,119,TacoBell,Midwest,0.40209060934029295,-0.1293987049614832,0.11549220000432603,0.150108946801192,-1.2052491665568945
2024-04-15,119,TacoBell,West,0.45390432323546415,0.05628443498256617,0.0446903396082485,0.47182917581289624,-1.5650189110337873
2024-04-15,119,TacoBell,Southwest,0.26169996456239564,-0.1924941799576008,0.10354646560386732,0.08879666648103435,-1.0566422826145774
2024-04-15,119,Subway,Northeast,0.12236371368663637,-0.1607170428869025,0.22149824057158357,0.4678561070838936,-1.8230919876886498
2024-04-15,119,Subway,South,0.5354087688340933,-0.02232707882723759,0.12968553551579612,0.4688915625596436,-1.0175883431490176
2024-04-15,119,Subway,Midwest,0.22223846366120784,0.09752684033897888,0.21684813678008416,0.34844406917218707,-1.5750552080034468
2024-04-15,119,Subway,West,0.404099228379707,-0.03691468289005508,0.24228889639333023,0.264080582240048,-1.999635598348231
2024-04-15,119,Subway,Southwest,0.32889345192023633,0.0724126411246506,0.15684861764457372,0.1839016666596838,-1.8095959134887354
2024-04-15,119,KFC,Northeast,0.46639110451196103,0.10408583652537906,0.10307124891057669,0.41065611985185674,-0.5995769332473588
2024-04-15,119,KFC,South,0.5443001019127154,0.014147413603993811,0.08985526769638223,0.059614022899604026,-0.6989680413269632
2024-04-15,119,KFC,Midwest,0.4515662299156457,0.16280395498828323,0.06211878057985756,0.18162748643710216,-1.6495864519456447
2024-04-15,119,KFC,West,0.1635453595695609,-0.1868925956238367,0.06522890237178519,0.37457060797482544,-0.8324421431817632
2024-04-15,119,KFC,Southwest,0.4520823083497126,0.012380428952619652,0.2062792732454961,0.19135202294227086,-1.0871426102390387
2024-04-15,119,Dominos,Northeast,0.29267320559751503,-0.039868503006092286,0.05859345042386398,0.21214506472215292,-0.5436429328251958
2024-04-15,119,Dominos,South,0.3334910069760451,-0.12918871709509536,0.16903420222022753,0.2939671196096951,-1.4395915106989112
2024-04-15,119,Dominos,Midwest,0.3984304805632762,-0.23151683126604325,0.10019145266430377,0.27749119186196053,-0.977809081224243
2024-04-15,119,Dominos,West,0.2531923862691434,0.06982464043788995,0.09196263428197264,0.08585787626857316,-1.9046964163641222
2024-04-15,119,Dominos,Southwest,0.3471982859429209,0.08674103058084294,0.013614314134967706,0.23368255004054264,-1.4056289797753911
2024-04-15,119,PizzaHut,Northeast,0.7204389578478056,0.1685528913319601,0.1344967708176812,0.33192020930403915,-0.5542735082177292
2024-04-15,119,PizzaHut,South,0.6929655149226055,-0.012806565321651945,0.17165385327232988,0.4309775708003919,-1.1915286883248193
2024-04-15,119,PizzaHut,Midwest,0.99,0.013423580090368255,0.05667293070097135,0.5405277045945869,-1.5681807449977332
2024-04-15,119,PizzaHut,West,0.6302738504887664,0.08660324179442937,0.14116557278651456,0.36248858833460823,-1.8195935553070897
2024-04-15,119,PizzaHut,Southwest,0.2956054865366592,-0.01941702666724571,0.2076269648452098,0.03054343973064911,-0.9447074897277044
2024-04-22,120,McDonalds,Northeast,0.8020500446889542,0.3079599947108643,0.027713269265470058,0.5703076004290429,-1.4167227552888253
2024-04-22,120,McDonalds,South,0.5264679388243915,0.1480167316690381,0.28741291316892137,0.36290162650219815,-1.9288765457898727
2024-04-22,120,McDonalds,Midwest,0.37846432770516414,-0.11859779380602706,0.044879181552355416,0.27197951974525986,-0.7982427450570128
2024-04-22,120,McDonalds,West,0.1377678527403761,-0.054797201042507376,0.2724710438053291,0.32062222572817095,-1.093428921375788
2024-04-22,120,McDonalds,Southwest,0.8036293603599877,0.022658791354984543,0.09761475647586786,0.06848935279224204,-1.7021857116976975
2024-04-22,120,BurgerKing,Northeast,0.35285166388424494,-0.008819073540237022,0.24450012132992213,0.1451965604342744,-1.2577573150678698
2024-04-22,120,BurgerKing,South,0.99,0.20341274121248412,0.07960538031602005,0.48906939996118465,-0.8865346316994134
2024-04-22,120,BurgerKing,Midwest,0.5108463968510122,0.02246559233886325,0.3165741719930878,0.5707999278834135,-0.8443823193970343
2024-04-22,120,BurgerKing,West,0.5949886749366791,0.04224947417590805,0.10053500308910315,0.1221118822977808,-1.250572382001857
2024-04-22,120,BurgerKing,Southwest,0.8837602107017408,0.04337321660431389,0.018483657576278914,0.31990659288970436,-1.5421782048067114
2024-04-22,120,Wendys,Northeast,0.8052697561022026,-0.07653156501957975,0.1328241465142246,0.2864796801727,-0.5393861269422597
2024-04-22,120,Wendys,South,0.21872600028306052,-0.012200922397407703,0.06877335669035799,0.4254476061773757,-1.0049560835652607
2024-04-22,120,Wendys,Midwest,0.6011898433832216,-0.030456046881503576,0.08722314572501384,0.211067729489257,-1.3876437209805519
2024-04-22,120,Wendys,West,0.5622438007721152,-0.010128551779017848,0.04165760766371676,0.41158605271605975,-1.5793051636930213
2024-04-22,120,Wendys,Southwest,0.3254389097143313,0.04194409227460807,0.19598595047373857,0.4491558671991043,-0.9033455254946567
2024-04-22,120,TacoBell,Northeast,0.756603550091235,0.12180643547797937,0.07730275216667797,0.26793124519078654,-1.6367248316093486
2024-04-22,120,TacoBell,South,0.0849053161364221,-0.18029962938753702,0.003979491119964669,0.41766802910529877,-1.7424350165394678
2024-04-22,120,TacoBell,Midwest,0.3986997224968906,-0.11614594405711283,0.11549220000432603,0.150108946801192,-1.2052491665568945
2024-04-22,120,TacoBell,West,0.4455318297733491,0.06455558926822386,0.0446903396082485,0.47182917581289624,-1.5650189110337873
2024-04-22,120,TacoBell,Southwest,0.24663605993713741,-0.19091443683508627,0.10354646560386732,0.08879666648103435,-1.0566422826145774
2024-04-22,120,Subway,Northeast,0.10869181574999515,-0.17343623289802973,0.22149824057158357,0.4678561070838936,-1.8230919876886498
2024-04-22,120,Subway,South,0.5365700265832859,-0.020213113152531003,0.12968553551579612,0.4688915625596436,-1.0175883431490176
2024-04-22,120,Subway,Midwest,0.23191232864356914,0.10815341324685414,0.21684813678008416,0.34844406917218707,-1.5750552080034468
2024-04-22,120,Subway,West,0.3993901837965377,-0.040671019547710435,0.24228889639333023,0.264080582240048,-1.999635598348231
2024-04-22,120,Subway,Southwest,0.34145188489458955,0.08592378202451775,0.15684861764457372,0.1839016666596838,-1.8095959134887354
2024-04-22,120,KFC,Northeast,0.4878283911175525,0.11701328942056113,0.10307124891057669,0.41065611985185674,-0.5995769332473588
2024-04-22,120,KFC,South,0.5694472639445595,0.030784741925428547,0.08985526769638223,0.059614022899604026,-0.6989680413269632
2024-04-22,120,KFC,Midwest,0.46312849489136865,0.16585638625359678,0.06211878057985756,0.18162748643710216,-1.6495864519456447
2024-04-22,120,KFC,West,0.17792911027803043,-0.18101867862577659,0.06522890237178519,0.37457060797482544,-0.8324421431817632
2024-04-22,120,KFC,Southwest,0.4747340149434328,0.026522301835930552,0.2062792732454961,0.19135202294227086,-1.0871426102390387
2024-04-22,120,Dominos,Northeast,0.3068890961830508,-0.035394563635402526,0.05859345042386398,0.21214506472215292,-0.5436429328251958
2024-04-22,120,Dominos,South,0.338220617112989,-0.1342010581729975,0.16903420222022753,0.2939671196096951,-1.4395915106989112
2024-04-22,120,Dominos,Midwest,0.4036870034128437,-0.23600225963132185,0.10019145266430377,0.27749119186196053,-0.977809081224243
2024-04-22,120,Dominos,West,0.2653198870217268,0.07221018997562735,0.09196263428197264,0.08585787626857316,-1.9046964163641222
2024-04-22,120,Dominos,Southwest,0.3440346229383048,0.07383541636138075,0.013614314134967706,0.23368255004054264,-1.4056289797753911
2024-04-22,120,PizzaHut,Northeast,0.7147739462620493,0.1671203021783182,0.1344967708176812,0.33192020930403915,-0.5542735082177292
2024-04-22,120,PizzaHut,South,0.6996985636727935,-0.0018410941393494085,0.17165385327232988,0.4309775708003919,-1.1915286883248193
2024-04-22,120,PizzaHut,Midwest,0.99,-0.008488958421284554,0.05667293070097135,0.5405277045945869,-1.5681807449977332
2024-04-22,120,PizzaHut,West,0.641386249074597,0.10194806281237452,0.14116557278651456,0.36248858833460823,-1.8195935553070897
2024-04-22,120,PizzaHut,Southwest,0.30259680629157626,-0.008193284480214115,0.2076269648452098,0.03054343973064911,-0.9447074897277044
2024-04-29,121,McDonalds,Northeast,0.8078517016782705,0.30336234855255956,0.027713269265470058,0.5703076004290429,-1.4167227552888253
2024-04-29,121,McDonalds,South,0.5423011502507306,0.15345063994775618,0.28741291316892137,0.36290162650219815,-1.9288765457898727
2024-04-29,121,McDonalds,Midwest,0.3888951081218483,-0.1185663165369638,0.044879181552355416,0.27197951974525986,-0.7982427450570128
2024-04-29,121,McDonalds,West,0.16046705957238383,-0.042497297358120543,0.2724710438053291,0.32062222572817095,-1.093428921375788
2024-04-29,121,McDonalds,Southwest,0.8238554949353081,0.03248562278268395,0.09761475647586786,0.06848935279224204,-1.7021857116976975
2024-04-29,121,BurgerKing,Northeast,0.34121347755689485,-0.022819780772067116,0.24450012132992213,0.1451965604342744,-1.2577573150678698
2024-04-29,121,BurgerKing,South,0.99,0.20928536534712588,0.07960538031602005,0.48906939996118465,-0.8865346316994134
2024-04-29,121,BurgerKing,Midwest,0.5111526392190597,0.020409313802430773,0.3165741719930878,0.5707999278834135,-0.8443823193970343
2024-04-29,121,BurgerKing,West,0.5981795215463401,0.04307779988108905,0.10053500308910315,0.1221118822977808,-1.250572382001857
2024-04-29,121,BurgerKing,Southwest,0.8788410125965227,0.03609149759461573,0.018483657576278914,0.31990659288970436,-1.5421782048067114
2024-04-29,121,Wendys,Northeast,0.8173187971563229,-0.0590501943283714,0.1328241465142246,0.2864796801727,-0.5393861269422597
2024-04-29,121,Wendys,South,0.22369428884499815,-0.0018003041983819437,0.06877335669035799,0.4254476061773757,-1.0049560835652607
2024-04-29,121,Wendys,Midwest,0.5883598021064038,-0.03785375852123325,0.08722314572501384,0.211067729489257,-1.3876437209805519
2024-04-29,121,Wendys,West,0.5434653650659248,-0.023474657848120174,0.04165760766371676,0.41158605271605975,-1.5793051636930213
2024-04-29,121,Wendys,Southwest,0.3161498537674647,0.03808736596482958,0.19598595047373857,0.4491558671991043,-0.9033455254946567
2024-04-29,121,TacoBell,Northeast,0.7443130129318257,0.12615146193889243,0.07730275216667797,0.26793124519078654,-1.6367248316093486
2024-04-29,121,TacoBell,South,0.07067181095556196,-0.1778975709480748,0.003979491119964669,0.41766802910529877,-1.7424350165394678
2024-04-29,121,TacoBell,Midwest,0.3945954871242507,-0.10361461580943039,0.11549220000432603,0.150108946801192,-1.2052491665568945
2024-04-29,121,TacoBell,West,0.43679546337483527,0.07245478649003238,0.0446903396082485,0.47182917581289624,-1.5650189110337873
2024-04-29,121,TacoBell,Southwest,0.2396961865743441,-0.1812187465775572,0.10354646560386732,0.08879666648103435,-1.0566422826145774
2024-04-29,121,Subway,Northeast,0.11298388437610701,-0.17016767889192536,0.22149824057158357,0.4678561070838936,-1.8230919876886498
2024-04-29,121,Subway,South,0.5237005539011835,-0.03410610045464091,0.12968553551579612,0.4688915625596436,-1.0175883431490176
2024-04-29,121,Subway,Midwest,0.23097885795210765,0.10619642793538513,0.21684813678008416,0.34844406917218707,-1.5750552080034468
2024-04-29,121,Subway,West,0.4110145958156318,-0.030070122148623778,0.24228889639333023,0.264080582240048,-1.999635598348231
2024-04-29,121,Subway,Southwest,0.34196017022935055,0.0854085527392713,0.15684861764457372,0.1839016666596838,-1.8095959134887354
2024-04-29,121,KFC,Northeast,0.5022120552520178,0.1220441931067986,0.10307124891057669,0.41065611985185674,-0.5995769332473588
2024-04-29,121,KFC,South,0.575612541240326,0.027597258772967218,0.08985526769638223,0.059614022899604026,-0.6989680413269632
2024-04-29,121,KFC,Midwest,0.4621831368541781,0.15555826776817833,0.06211878057985756,0.18162748643710216,-1.6495864519456447
2024-04-29,121,KFC,West,0.1860484300857972,-0.1822521192662377,0.06522890237178519,0.37457060797482544,-0.8324421431817632
2024-04-29,121,KFC,Southwest,0.4871772498219873,0.029612776266257093,0.2062792732454961,0.19135202294227086,-1.0871426102390387
2024-04-29,121,Dominos,Northeast,0.3089549326388589,-0.041951440830016964,0.05859345042386398,0.21214506472215292,-0.5436429328251958
2024-04-29,121,Dominos,South,0.3444862183148448,-0.13655817062156417,0.16903420222022753,0.2939671196096951,-1.4395915106989112
2024-04-29,121,Dominos,Midwest,0.40291508464340636,-0.24539689205118168,0.10019145266430377,0.27749119186196053,-0.977809081224243
2024-04-29,121,Dominos,West,0.2851350498477903,0.0834026391512683,0.09196263428197264,0.08585787626857316,-1.9046964163641222
2024-04-29,121,Dominos,Southwest,0.3497127790128469,0.0708908587855004,0.013614314134967706,0.23368255004054264,-1.4056289797753911
2024-04-29,121,PizzaHut,Northeast,0.723024415815637,0.18164785762958002,0.1344967708176812,0.33192020930403915,-0.5542735082177292
2024-04-29,121,PizzaHut,South,0.7087089562805285,0.013446384366059676,0.17165385327232988,0.4309775708003919,-1.1915286883248193
2024-04-29,121,PizzaHut,Midwest,0.99,-0.00929941806850199,0.05667293070097135,0.5405277045945869,-1.5681807449977332
2024-04-29,121,PizzaHut,West,0.6250246758514495,0.09186357548690102,0.14116557278651456,0.36248858833460823,-1.8195935553070897
2024-04-29,121,PizzaHut,Southwest,0.27546074161656886,-0.029052263257547485,0.2076269648452098,0.03054343973064911,-0.9447074897277044
2024-05-06,122,McDonalds,Northeast,0.8051425366179084,0.2886419778222916,0.027713269265470058,0.5703076004290429,-1.4167227552888253
2024-05-06,122,McDonalds,South,0.5405740076716498,0.1397122916987696,0.28741291316892137,0.36290162650219815,-1.9288765457898727
2024-05-06,122,McDonalds,Midwest,0.4146910100663693,-0.10478162026234875,0.044879181552355416,0.27197951974525986,-0.7982427450570128
2024-05-06,122,McDonalds,West,0.1736365111145592,-0.04133905148585108,0.2724710438053291,0.32062222572817095,-1.093428921375788
2024-05-06,122,McDonalds,Southwest,0.8397627458461339,0.036381668023603826,0.09761475647586786,0.06848935279224204,-1.7021857116976975
2024-05-06,122,BurgerKing,Northeast,0.31959734481756413,-0.04502399086141838,0.24450012132992213,0.1451965604342744,-1.2577573150678698
2024-05-06,122,BurgerKing,South,0.99,0.19730570105495326,0.07960538031602005,0.48906939996118465,-0.8865346316994134
2024-05-06,122,BurgerKing,Midwest,0.5206115143335431,0.02928011156689364,0.3165741719930878,0.5707999278834135,-0.8443823193970343
2024-05-06,122,BurgerKing,West,0.6016353400201866,0.04594554100491491,0.10053500308910315,0.1221118822977808,-1.250572382001857
2024-05-06,122,BurgerKing,Southwest,0.8779570371596873,0.03461944480775976,0.018483657576278914,0.31990659288970436,-1.5421782048067114
2024-05-06,122,Wendys,Northeast,0.8171136016741168,-0.05340177074237017,0.1328241465142246,0.2864796801727,-0.5393861269422597
2024-05-06,122,Wendys,South,0.234198647838149,0.01455767386297621,0.06877335669035799,0.4254476061773757,-1.0049560835652607
2024-05-06,122,Wendys,Midwest,0.580295758402826,-0.04006418315660376,0.08722314572501384,0.211067729489257,-1.3876437209805519
2024-05-06,122,Wendys,West,0.5383054440242981,-0.02278095982153948,0.04165760766371676,0.41158605271605975,-1.5793051636930213
2024-05-06,122,Wendys,Southwest,0.3122222038865704,0.040013335152142636,0.19598595047373857,0.4491558671991043,-0.9033455254946567
2024-05-06,122,TacoBell,Northeast,0.751847887969459,0.15007255829163235,0.07730275216667797,0.26793124519078654,-1.6367248316093486
2024-05-06,122,TacoBell,South,0.033292026996265156,-0.19889113359226504,0.003979491119964669,0.41766802910529877,-1.7424350165394678
2024-05-06,122,TacoBell,Midwest,0.3850414959570322,-0.0967823856615423,0.11549220000432603,0.150108946801192,-1.2052491665568945
2024-05-06,122,TacoBell,West,0.419261219572138,0.07130676400244175,0.0446903396082485,0.47182917581289624,-1.5650189110337873
2024-05-06,122,TacoBell,Southwest,0.22897768252107933,-0.17555102931571542,0.10354646560386732,0.08879666648103435,-1.0566422826145774
2024-05-06,122,Subway,Northeast,0.10939505242453229,-0.1767414044318726,0.22149824057158357,0.4678561070838936,-1.8230919876886498
2024-05-06,122,Subway,South,0.5261957971809715,-0.03459575076322541,0.12968553551579612,0.4688915625596436,-1.0175883431490176
2024-05-06,122,Subway,Midwest,0.24107785733513512,0.11331053373004008,0.21684813678008416,0.34844406917218707,-1.5750552080034468
2024-05-06,122,Subway,West,0.44512859141444283,0.0010589798618146386,0.24228889639333023,0.264080582240048,-1.999635598348231
2024-05-06,122,Subway,Southwest,0.3530254257117438,0.09348891463329201,0.15684861764457372,0.1839016666596838,-1.8095959134887354
2024-05-06,122,KFC,Northeast,0.5037914475341663,0.11356353712649352,0.10307124891057669,0.41065611985185674,-0.5995769332473588
2024-05-06,122,KFC,South,0.5814349926825525,0.023359661952740186,0.08985526769638223,0.059614022899604026,-0.6989680413269632
2024-05-06,122,KFC,Midwest,0.4677090440327931,0.1510241266843398,0.06211878057985756,0.18162748643710216,-1.6495864519456447
2024-05-06,122,KFC,West,0.17815204662195055,-0.20020855099253784,0.06522890237178519,0.37457060797482544,-0.8324421431817632
2024-05-06,122,KFC,Southwest,0.49393639616742646,0.02631187434924272,0.2062792732454961,0.19135202294227086,-1.0871426102390387
2024-05-06,122,Dominos,Northeast,0.3236616481633821,-0.03462315001179951,0.05859345042386398,0.21214506472215292,-0.5436429328251958
2024-05-06,122,Dominos,South,0.3391223218303826,-0.14930049181233213,0.16903420222022753,0.2939671196096951,-1.4395915106989112
2024-05-06,122,Dominos,Midwest,0.42077833586021796,-0.23491206554067576,0.10019145266430377,0.27749119186196053,-0.977809081224243
2024-05-06,122,Dominos,West,0.2973912227649394,0.08828038736211169,0.09196263428197264,0.08585787626857316,-1.9046964163641222
2024-05-06,122,Dominos,Southwest,0.34974887049944225,0.06354852556579002,0.013614314134967706,0.23368255004054264,-1.4056289797753911
2024-05-06,122,PizzaHut,Northeast,0.7133784038630259,0.18023256125620155,0.1344967708176812,0.33192020930403915,-0.5542735082177292
2024-05-06,122,PizzaHut,South,0.7164614587777063,0.029429602442470004,0.17165385327232988,0.4309775708003919,-1.1915286883248193
2024-05-06,122,PizzaHut,Midwest,0.99,-0.0019639399334433327,0.05667293070097135,0.5405277045945869,-1.5681807449977332
2024-05-06,122,PizzaHut,West,0.6168817968211984,0.0919514120358825,0.14116557278651456,0.36248858833460823,-1.8195935553070897
2024-05-06,122,PizzaHut,Southwest,0.2648531928677264,-0.03142909642715733,0.2076269648452098,0.03054343973064911,-0.9447074897277044
2024-05-13,123,McDonalds,Northeast,0.8193575423427564,0.2894080685268082,0.027713269265470058,0.5703076004290429,-1.4167227552888253
2024-05-13,123,McDonalds,South,0.5489052871125581,0.13459465611934654,0.28741291316892137,0.36290162650219815,-1.9288765457898727
2024-05-13,123,McDonalds,Midwest,0.40709243002951057,-0.1258291153195389,0.044879181552355416,0.27197951974525986,-0.7982427450570128
2024-05-13,123,McDonalds,West,0.2075072052402379,-0.020917272380503775,0.2724710438053291,0.32062222572817095,-1.093428921375788
2024-05-13,123,McDonalds,Southwest,0.8547649108584593,0.03793491801559784,0.09761475647586786,0.06848935279224204,-1.7021857116976975
2024-05-13,123,BurgerKing,Northeast,0.322383922640188,-0.04104251821019301,0.24450012132992213,0.1451965604342744,-1.2577573150678698
2024-05-13,123,BurgerKing,South,0.99,0.19672662355618417,0.07960538031602005,0.48906939996118465,-0.8865346316994134
2024-05-13,123,BurgerKing,Midwest,0.5120654514976957,0.021928943559647758,0.3165741719930878,0.5707999278834135,-0.8443823193970343
2024-05-13,123,BurgerKing,West,0.5985812003820973,0.0440862961954272,0.10053500308910315,0.1221118822977808,-1.250572382001857
2024-05-13,123,BurgerKing,Southwest,0.8607681947091426,0.018625497185816648,0.018483657576278914,0.31990659288970436,-1.5421782048067114
2024-05-13,123,Wendys,Northeast,0.8336944505883039,-0.030630905761837128,0.1328241465142246,0.2864796801727,-0.5393861269422597
2024-05-13,123,Wendys,South,0.2156635117875791,0.002212553878752249,0.06877335669035799,0.4254476061773757,-1.0049560835652607
2024-05-13,123,Wendys,Midwest,0.5637860794980083,-0.05038384599507556,0.08722314572501384,0.211067729489257,-1.3876437209805519
2024-05-13,123,Wendys,West,0.5277128359140882,-0.027183551865403485,0.04165760766371676,0.41158605271605975,-1.5793051636930213
2024-05-13,123,Wendys,Southwest,0.31891294506874823,0.05289409240066641,0.19598595047373857,0.4491558671991043,-0.9033455254946567
2024-05-13,123,TacoBell,Northeast,0.7360937410294446,0.1502176482842589,0.07730275216667797,0.26793124519078654,-1.6367248316093486
2024-05-13,123,TacoBell,South,0.01,-0.21125249155256967,0.003979491119964669,0.41766802910529877,-1.7424350165394678
2024-05-13,123,TacoBell,Midwest,0.38168564263196464,-0.0842390020539689,0.11549220000432603,0.150108946801192,-1.2052491665568945
2024-05-13,123,TacoBell,West,0.4106719889073519,0.07861677027029657,0.0446903396082485,0.47182917581289624,-1.5650189110337873
2024-05-13,123,TacoBell,Southwest,0.21846279516060285,-0.1701666797435509,0.10354646560386732,0.08879666648103435,-1.0566422826145774
2024-05-13,123,Subway,Northeast,0.12145537880929139,-0.1695840620201642,0.22149824057158357,0.4678561070838936,-1.8230919876886498
2024-05-13,123,Subway,South,0.5550424001598468,-0.010652131757400901,0.12968553551579612,0.4688915625596436,-1.0175883431490176
2024-05-13,123,Subway,Midwest,0.2678317902585469,0.1351614826804012,0.21684813678008416,0.34844406917218707,-1.5750552080034468
2024-05-13,123,Subway,West,0.4431644219574606,-0.005808173568218314,0.24228889639333023,0.264080582240048,-1.999635598348231
2024-05-13,123,Subway,Southwest,0.37416725961290603,0.10972776456140354,0.15684861764457372,0.1839016666596838,-1.8095959134887354
2024-05-13,123,KFC,Northeast,0.5182445691043553,0.11739521902408252,0.10307124891057669,0.41065611985185674,-0.5995769332473588
2024-05-13,123,KFC,South,0.5970473905165301,0.02835062011411768,0.08985526769638223,0.059614022899604026,-0.6989680413269632
2024-05-13,123,KFC,Midwest,0.4614077753889599,0.1341014183679065,0.06211878057985756,0.18162748643710216,-1.6495864519456447
2024-05-13,123,KFC,West,0.1870696286406687,-0.2019124086464198,0.06522890237178519,0.37457060797482544,-0.8324421431817632
2024-05-13,123,KFC,Southwest,0.49642959993666086,0.018183638445877073,0.2062792732454961,0.19135202294227086,-1.0871426102390387
2024-05-13,123,Dominos,Northeast,0.33796936606376393,-0.026342561862866418,0.05859345042386398,0.21214506472215292,-0.5436429328251958
2024-05-13,123,Dominos,South,0.3558602565858594,-0.13858968680830408,0.16903420222022753,0.2939671196096951,-1.4395915106989112
2024-05-13,123,Dominos,Midwest,0.40606060210150363,-0.25565692905083887,0.10019145266430377,0.27749119186196053,-0.977809081224243
2024-05-13,123,Dominos,West,0.30319800387634543,0.08806003872206898,0.09196263428197264,0.08585787626857316,-1.9046964163641222
2024-05-13,123,Dominos,Southwest,0.36699461529883354,0.07476714061373255,0.013614314134967706,0.23368255004054264,-1.4056289797753911
2024-05-13,123,PizzaHut,Northeast,0.7014466353851735,0.1783657716330671,0.1344967708176812,0.33192020930403915,-0.5542735082177292
2024-05-13,123,PizzaHut,South,0.713687116373012,0.03672023889249365,0.17165385327232988,0.4309775708003919,-1.1915286883248193
2024-05-13,123,PizzaHut,Midwest,0.99,0.0015477147428275082,0.05667293070097135,0.5405277045945869,-1.5681807449977332
2024-05-13,123,PizzaHut,West,0.6102334202860067,0.09536801435540876,0.14116557278651456,0.36248858833460823,-1.8195935553070897
2024-05-13,123,PizzaHut,Southwest,0.2520750642323255,-0.0341422462078403,0.2076269648452098,0.03054343973064911,-0.9447074897277044
2024-05-20,124,McDonalds,Northeast,0.821883315041247,0.27724226048545114,0.027713269265470058,0.5703076004290429,-1.4167227552888253
2024-05-20,124,McDonalds,South,0.5523815663781556,0.12337935464509626,0.28741291316892137,0.36290162650219815,-1.9288765457898727
2024-05-20,124,McDonalds,Midwest,0.4288775359139114,-0.11873559017498571,0.044879181552355416,0.27197951974525986,-0.7982427450570128
2024-05-20,124,McDonalds,West,0.22239336853527444,-0.020722689825314944,0.2724710438053291,0.32062222572817095,-1.093428921375788
2024-05-20,124,McDonalds,Southwest,0.8680713691522347,0.036549795569525596,0.09761475647586786,0.06848935279224204,-1.7021857116976975
2024-05-20,124,BurgerKing,Northeast,0.31518448423781276,-0.04528141863341653,0.24450012132992213,0.1451965604342744,-1.2577573150678698
2024-05-20,124,BurgerKing,South,0.99,0.19367473510137664,0.07960538031602005,0.48906939996118465,-0.8865346316994134
2024-05-20,124,BurgerKing,Midwest,0.5195740314634254,0.03239806150452915,0.3165741719930878,0.5707999278834135,-0.8443823193970343
2024-05-20,124,BurgerKing,West,0.5922682215842654,0.04073385537674693,0.10053500308910315,0.1221118822977808,-1.250572382001857
2024-05-20,124,BurgerKing,Southwest,0.8443970095969753,0.00521485005280096,0.018483657576278914,0.31990659288970436,-1.5421782048067114
2024-05-20,124,Wendys,Northeast,0.8346943263281974,-0.023194388006435397,0.1328241465142246,0.2864796801727,-0.5393861269422597
2024-05-20,124,Wendys,South,0.20717810313342352,0.00016378724010507632,0.06877335669035799,0.4254476061773757,-1.0049560835652607
2024-05-20,124,Wendys,Midwest,0.5576633961378277,-0.05006988733974779,0.08722314572501384,0.211067729489257,-1.3876437209805519
2024-05-20,124,Wendys,West,0.537351976962575,-0.011107768801408378,0.04165760766371676,0.41158605271605975,-1.5793051636930213
2024-05-20,124,Wendys,Southwest,0.3122706974797348,0.05268848682716134,0.19598595047373857,0.4491558671991043,-0.9033455254946567
2024-05-20,124,TacoBell,Northeast,0.7238039047698739,0.15310948501544616,0.07730275216667797,0.26793124519078654,-1.6367248316093486
2024-05-20,124,TacoBell,South,0.01,-0.22304172646555293,0.003979491119964669,0.41766802910529877,-1.7424350165394678
2024-05-20,124,TacoBell,Midwest,0.36430727511769695,-0.0864356965774785,0.11549220000432603,0.150108946801192,-1.2052491665568945
2024-05-20,124,TacoBell,West,0.40158557636867986,0.08471203072238258,0.0446903396082485,0.47182917581289624,-1.5650189110337873
2024-05-20,124,TacoBell,Southwest,0.18772738483143242,-0.18572041708196332,0.10354646560386732,0.08879666648103435,-1.0566422826145774
2024-05-20,124,Subway,Northeast,0.13021379830302982,-0.16757561108900712,0.22149824057158357,0.4678561070838936,-1.8230919876886498
2024-05-20,124,Subway,South,0.5628002794488761,-0.009644221030952839,0.12968553551579612,0.4688915625596436,-1.0175883431490176
2024-05-20,124,Subway,Midwest,0.27499463337700264,0.1355743572362756,0.21684813678008416,0.34844406917218707,-1.5750552080034468
2024-05-20,124,Subway,West,0.4602859795066243,0.004563415418364117,0.24228889639333023,0.264080582240048,-1.999635598348231
2024-05-20,124,Subway,Southwest,0.3842616133239726,0.11307214970988876,0.15684861764457372,0.1839016666596838,-1.8095959134887354
2024-05-20,124,KFC,Northeast,0.5440540811567376,0.13217593800764696,0.10307124891057669,0.41065611985185674,-0.5995769332473588
2024-05-20,124,KFC,South,0.5981402884294075,0.01841472495817732,0.08985526769638223,0.059614022899604026,-0.6989680413269632
2024-05-20,124,KFC,Midwest,0.47379581412996125,0.13546066404009,0.06211878057985756,0.18162748643710216,-1.6495864519456447
2024-05-20,124,KFC,West,0.19894308957338602,-0.20106774078252032,0.06522890237178519,0.37457060797482544,-0.8324421431817632
2024-05-20,124,KFC,Southwest,0.49676584806792795,0.007491093508326276,0.2062792732454961,0.19135202294227086,-1.0871426102390387
2024-05-20,124,Dominos,Northeast,0.3521207421000473,-0.01677961184195296,0.05859345042386398,0.21214506472215292,-0.5436429328251958
2024-05-20,124,Dominos,South,0.3836954156597574,-0.1153429537497759,0.16903420222022753,0.2939671196096951,-1.4395915106989112
2024-05-20,124,Dominos,Midwest,0.41047896737203515,-0.2558269897956772,0.10019145266430377,0.27749119186196053,-0.977809081224243
2024-05-20,124,Dominos,West,0.312836640774453,0.09311024960480666,0.09196263428197264,0.08585787626857316,-1.9046964163641222
2024-05-20,124,Dominos,Southwest,0.3724282260723567,0.07561232537188582,0.013614314134967706,0.23368255004054264,-1.4056289797753911
2024-05-20,124,PizzaHut,Northeast,0.6825575144661635,0.17122992493399536,0.1344967708176812,0.33192020930403915,-0.5542735082177292
2024-05-20,124,PizzaHut,South,0.6837262393750535,0.01851263611447349,0.17165385327232988,0.4309775708003919,-1.1915286883248193
2024-05-20,124,PizzaHut,Midwest,0.99,-0.0055100200881261436,0.05667293070097135,0.5405277045945869,-1.5681807449977332
2024-05-20,124,PizzaHut,West,0.5845605622565511,0.08144843054589145,0.14116557278651456,0.36248858833460823,-1.8195935553070897
2024-05-20,124,PizzaHut,Southwest,0.25736281079297835,-0.017101225427249123,0.2076269648452098,0.03054343973064911,-0.9447074897277044
2024-05-27,125,McDonalds,Northeast,0.8364533991024201,0.27609116354621877,0.027713269265470058,0.5703076004290429,-1.4167227552888253
2024-05-27,125,McDonalds,South,0.5646435540880894,0.11992016135462456,0.28741291316892137,0.36290162650219815,-1.9288765457898727
2024-05-27,125,McDonalds,Midwest,0.45349025516219493,-0.10984405192710765,0.044879181552355416,0.27197951974525986,-0.7982427450570128
2024-05-27,125,McDonalds,West,0.22689703850712103,-0.03194020085387382,0.2724710438053291,0.32062222572817095,-1.093428921375788
2024-05-27,125,McDonalds,Southwest,0.8761239097725947,0.028881155189480073,0.09761475647586786,0.06848935279224204,-1.7021857116976975
2024-05-27,125,BurgerKing,Northeast,0.31118196116571967,-0.04460069594093032,0.24450012132992213,0.1451965604342744,-1.2577573150678698
2024-05-27,125,BurgerKing,South,0.99,0.20396242501561146,0.07960538031602005,0.48906939996118465,-0.8865346316994134
2024-05-27,125,BurgerKing,Midwest,0.519907636150534,0.03741491195621704,0.3165741719930878,0.5707999278834135,-0.8443823193970343
2024-05-27,125,BurgerKing,West,0.5900682272448449,0.043217106801905755,0.10053500308910315,0.1221118822977808,-1.250572382001857
2024-05-27,125,BurgerKing,Southwest,0.8404949411847561,0.0059960274051611235,0.018483657576278914,0.31990659288970436,-1.5421782048067114
2024-05-27,125,Wendys,Northeast,0.8321067646741835,-0.019192029451167644,0.1328241465142246,0.2864796801727,-0.5393861269422597
2024-05-27,125,Wendys,South,0.2026047119754345,0.0021803162913976225,0.06877335669035799,0.4254476061773757,-1.0049560835652607
2024-05-27,125,Wendys,Midwest,0.5407737531807767,-0.06036961008751715,0.08722314572501384,0.211067729489257,-1.3876437209805519
2024-05-27,125,Wendys,West,0.5312228489696249,-0.010646976585076864,0.04165760766371676,0.41158605271605975,-1.5793051636930213
2024-05-27,125,Wendys,Southwest,0.29494389068127574,0.04195160023798381,0.19598595047373857,0.4491558671991043,-0.9033455254946567
2024-05-27,125,TacoBell,Northeast,0.7103707941988305,0.1539203104444544,0.07730275216667797,0.26793124519078654,-1.6367248316093486
2024-05-27,125,TacoBell,South,0.01,-0.22784820588043533,0.003979491119964669,0.41766802910529877,-1.7424350165394678
2024-05-27,125,TacoBell,Midwest,0.37545715534547414,-0.061041880349649885,0.11549220000432603,0.150108946801192,-1.2052491665568945
2024-05-27,125,TacoBell,West,0.38694269653111124,0.08431308688486545,0.0446903396082485,0.47182917581289624,-1.5650189110337873
2024-05-27,125,TacoBell,Southwest,0.159441053168765,-0.19976281274457922,0.10354646560386732,0.08879666648103435,-1.0566422826145774
2024-05-27,125,Subway,Northeast,0.1373710575574747,-0.16891741319577636,0.22149824057158357,0.4678561070838936,-1.8230919876886498
2024-05-27,125,Subway,South,0.5764929282664691,-0.004450633574573958,0.12968553551579612,0.4688915625596436,-1.0175883431490176
2024-05-27,125,Subway,Midwest,0.300227334199742,0.15230799669780082,0.21684813678008416,0.34844406917218707,-1.5750552080034468
2024-05-27,125,Subway,West,0.4628905168684513,-0.0013311085810230674,0.24228889639333023,0.264080582240048,-1.999635598348231
2024-05-27,125,Subway,Southwest,0.3769363949449503,0.09724786996965236,0.15684861764457372,0.1839016666596838,-1.8095959134887354
2024-05-27,125,KFC,Northeast,0.5634986520570868,0.14034430812195678,0.10307124891057669,0.41065611985185674,-0.5995769332473588
2024-05-27,125,KFC,South,0.5956105021564504,0.004608737899180808,0.08985526769638223,0.059614022899604026,-0.6989680413269632
2024-05-27,125,KFC,Midwest,0.4807104605009257,0.13109910962501514,0.06211878057985756,0.18162748643710216,-1.6495864519456447
2024-05-27,125,KFC,West,0.20764308550431537,-0.20364394563763027,0.06522890237178519,0.37457060797482544,-0.8324421431817632
2024-05-27,125,KFC,Southwest,0.5073457143209662,0.0067947589753251944,0.2062792732454961,0.19135202294227086,-1.0871426102390387
2024-05-27,125,Dominos,Northeast,0.3620955650490424,-0.009887967271209603,0.05859345042386398,0.21214506472215292,-0.5436429328251958
2024-05-27,125,Dominos,South,0.37994225121514535,-0.12217929657263979,0.16903420222022753,0.2939671196096951,-1.4395915106989112
2024-05-27,125,Dominos,Midwest,0.41082485322861934,-0.2585642823173448,0.10019145266430377,0.27749119186196053,-0.977809081224243
2024-05-27,125,Dominos,West,0.31577711562321087,0.09296754607531277,0.09196263428197264,0.08585787626857316,-1.9046964163641222
2024-05-27,125,Dominos,Southwest,0.37700738402579637,0.0771083049470737,0.013614314134967706,0.23368255004054264,-1.4056289797753911
2024-05-27,125,PizzaHut,Northeast,0.670264669134882,0.1722081966810746,0.1344967708176812,0.33192020930403915,-0.5542735082177292
2024-05-27,125,PizzaHut,South,0.6748151800489186,0.022872693866699288,0.17165385327232988,0.4309775708003919,-1.1915286883248193
2024-05-27,125,PizzaHut,Midwest,0.99,0.00292837500829123,0.05667293070097135,0.5405277045945869,-1.5681807449977332
2024-05-27,125,PizzaHut,West,0.5752157863347,0.08537477170240113,0.14116557278651456,0.36248858833460823,-1.8195935553070897
2024-05-27,125,PizzaHut,Southwest,0.24862754894970984,-0.01256537019215694,0.2076269648452098,0.03054343973064911,-0.9447074897277044
2024-06-03,126,McDonalds,Northeast,0.8371539514024666,0.260268931878754,0.027713269265470058,0.5703076004290429,-1.4167227552888253
2024-06-03,126,McDonalds,South,0.5816686150472575,0.12042243834628137,0.28741291316892137,0.36290162650219815,-1.9288765457898727
2024-06-03,126,McDonalds,Midwest,0.4748081146097224,-0.10504897644709156,0.044879181552355416,0.27197951974525986,-0.7982427450570128
2024-06-03,126,McDonalds,West,0.2507092344203369,-0.024650788908169317,0.2724710438053291,0.32062222572817095,-1.093428921375788
2024-06-03,126,McDonalds,Southwest,0.885723185997768,0.02195764744714213,0.09761475647586786,0.06848935279224204,-1.7021857116976975
2024-06-03,126,BurgerKing,Northeast,0.29825353389650144,-0.05119108868981677,0.24450012132992213,0.1451965604342744,-1.2577573150678698
2024-06-03,126,BurgerKing,South,0.99,0.19822141826277548,0.07960538031602005,0.48906939996118465,-0.8865346316994134
2024-06-03,126,BurgerKing,Midwest,0.5189337406291157,0.042779050955130474,0.3165741719930878,0.5707999278834135,-0.8443823193970343
2024-06-03,126,BurgerKing,West,0.5940690032737552,0.05355591735114784,0.10053500308910315,0.1221118822977808,-1.250572382001857
2024-06-03,126,BurgerKing,Southwest,0.8300823055915083,0.0019214263322451077,0.018483657576278914,0.31990659288970436,-1.5421782048067114
2024-06-03,126,Wendys,Northeast,0.8345387600882369,-0.010112406314897154,0.1328241465142246,0.2864796801727,-0.5393861269422597
2024-06-03,126,Wendys,South,0.1971918823448634,0.0034151143830435647,0.06877335669035799,0.4254476061773757,-1.0049560835652607
2024-06-03,126,Wendys,Midwest,0.5328832676869353,-0.06161246785914151,0.08722314572501384,0.211067729489257,-1.3876437209805519
2024-06-03,126,Wendys,West,0.5224613789492282,-0.012760818883256555,0.04165760766371676,0.41158605271605975,-1.5793051636930213
2024-06-03,126,Wendys,Southwest,0.29576237660508026,0.049417713884005385,0.19598595047373857,0.4491558671991043,-0.9033455254946567
2024-06-03,126,TacoBell,Northeast,0.7005269468238173,0.1571760886123251,0.07730275216667797,0.26793124519078654,-1.6367248316093486
2024-06-03,126,TacoBell,South,0.01,-0.20508995160395896,0.003979491119964669,0.41766802910529877,-1.7424350165394678
2024-06-03,126,TacoBell,Midwest,0.35383528337261694,-0.06956412677962312,0.11549220000432603,0.150108946801192,-1.2052491665568945
2024-06-03,126,TacoBell,West,0.37902408800852705,0.08949410390516521,0.0446903396082485,0.47182917581289624,-1.5650189110337873
2024-06-03,126,TacoBell,Southwest,0.14104941752776595,-0.20505482284269436,0.10354646560386732,0.08879666648103435,-1.0566422826145774
2024-06-03,126,Subway,Northeast,0.13880308374187758,-0.1776102830656628,0.22149824057158357,0.4678561070838936,-1.8230919876886498
2024-06-03,126,Subway,South,0.5865091529504088,-0.004559304944923679,0.12968553551579612,0.4688915625596436,-1.0175883431490176
2024-06-03,126,Subway,Midwest,0.31172575504810174,0.15368152149187117,0.21684813678008416,0.34844406917218707,-1.5750552080034468
2024-06-03,126,Subway,West,0.5021971484733415,0.02785062696957786,0.24228889639333023,0.264080582240048,-1.999635598348231
2024-06-03,126,Subway,Southwest,0.3852198328424076,0.09540641181282034,0.15684861764457372,0.1839016666596838,-1.8095959134887354
2024-06-03,126,KFC,Northeast,0.5635569395424571,0.12904252082710996,0.10307124891057669,0.41065611985185674,-0.5995769332473588
2024-06-03,126,KFC,South,0.6097006841116114,0.007338845074124665,0.08985526769638223,0.059614022899604026,-0.6989680413269632
2024-06-03,126,KFC,Midwest,0.47132413490567926,0.11035270924955146,0.06211878057985756,0.18162748643710216,-1.6495864519456447
2024-06-03,126,KFC,West,0.21808359245848996,-0.20456351346367294,0.06522890237178519,0.37457060797482544,-0.8324421431817632
2024-06-03,126,KFC,Southwest,0.518866041924135,0.0069550117982767985,0.2062792732454961,0.19135202294227086,-1.0871426102390387
2024-06-03,126,Dominos,Northeast,0.37157478565536217,-0.001941963441757488,0.05859345042386398,0.21214506472215292,-0.5436429328251958
2024-06-03,126,Dominos,South,0.39121169048629145,-0.11244307407836132,0.16903420222022753,0.2939671196096951,-1.4395915106989112
2024-06-03,126,Dominos,Midwest,0.40732237381640984,-0.263599978506422,0.10019145266430377,0.27749119186196053,-0.977809081224243
2024-06-03,126,Dominos,West,0.31580419225377926,0.09146140592901343,0.09196263428197264,0.08585787626857316,-1.9046964163641222
2024-06-03,126,Dominos,Southwest,0.3708793924965573,0.06944709664096699,0.013614314134967706,0.23368255004054264,-1.4056289797753911
2024-06-03,126,PizzaHut,Northeast,0.6443875487564842,0.16092757113299766,0.1344967708176812,0.33192020930403915,-0.5542735082177292
2024-06-03,126,PizzaHut,South,0.663317633012404,0.025971641660505633,0.17165385327232988,0.4309775708003919,-1.1915286883248193
2024-06-03,126,PizzaHut,Midwest,0.9738000462982457,-0.009807480477674761,0.05667293070097135,0.5405277045945869,-1.5681807449977332
2024-06-03,126,PizzaHut,West,0.5564730224986606,0.0812285026966825,0.14116557278651456,0.36248858833460823,-1.8195935553070897
2024-06-03,126,PizzaHut,Southwest,0.2240793145203966,-0.02251710979114932,0.2076269648452098,0.03054343973064911,-0.9447074897277044
2024-06-10,127,McDonalds,Northeast,0.8597355476153479,0.2657657637416566,0.027713269265470058,0.5703076004290429,-1.4167227552888253
2024-06-10,127,McDonalds,South,0.616767680389901,0.13843673933894626,0.28741291316892137,0.36290162650219815,-1.9288765457898727
2024-06-10,127,McDonalds,Midwest,0.4788769991316677,-0.11806485627512486,0.044879181552355416,0.27197951974525986,-0.7982427450570128
2024-06-10,127,McDonalds,West,0.24926381394133976,-0.04318097373714501,0.2724710438053291,0.32062222572817095,-1.093428921375788
2024-06-10,127,McDonalds,Southwest,0.901559081494246,0.020708778593641456,0.09761475647586786,0.06848935279224204,-1.7021857116976975
2024-06-10,127,BurgerKing,Northeast,0.29050960627475353,-0.05103411073023918,0.24450012132992213,0.1451965604342744,-1.2577573150678698
2024-06-10,127,BurgerKing,South,0.99,0.20040801133034847,0.07960538031602005,0.48906939996118465,-0.8865346316994134
2024-06-10,127,BurgerKing,Midwest,0.5065696298954466,0.038315845802787026,0.3165741719930878,0.5707999278834135,-0.8443823193970343
2024-06-10,127,BurgerKing,West,0.5841617047041753,0.05154952436289352,0.10053500308910315,0.1221118822977808,-1.250572382001857
2024-06-10,127,BurgerKing,Southwest,0.8258565041155889,0.005596530437651133,0.018483657576278914,0.31990659288970436,-1.5421782048067114
2024-06-10,127,Wendys,Northeast,0.8383341413667557,0.00029190261155123513,0.1328241465142246,0.2864796801727,-0.5393861269422597
2024-06-10,127,Wendys,South,0.17103246699375088,-0.016135373320139264,0.06877335669035799,0.4254476061773757,-1.0049560835652607
2024-06-10,127,Wendys,Midwest,0.5225849456486911,-0.06530186224945614,0.08722314572501384,0.211067729489257,-1.3876437209805519
2024-06-10,127,Wendys,West,0.5179905392407091,-0.010622730943845922,0.04165760766371676,0.41158605271605975,-1.5793051636930213
2024-06-10,127,Wendys,Southwest,0.2799736879110432,0.04023795283789802,0.19598595047373857,0.4491558671991043,-0.9033455254946567
2024-06-10,127,TacoBell,Northeast,0.7060733060967964,0.17448778492999809,0.07730275216667797,0.26793124519078654,-1.6367248316093486
2024-06-10,127,TacoBell,South,0.01,-0.21144405040624634,0.003979491119964669,0.41766802910529877,-1.7424350165394678
2024-06-10,127,TacoBell,Midwest,0.34165701945785015,-0.06997705364969595,0.11549220000432603,0.150108946801192,-1.2052491665568945
2024-06-10,127,TacoBell,West,0.37281897193225605,0.09505432487358811,0.0446903396082485,0.47182917581289624,-1.5650189110337873
2024-06-10,127,TacoBell,Southwest,0.1233712325950531,-0.2109676707307133,0.10354646560386732,0.08879666648103435,-1.0566422826145774
2024-06-10,127,Subway,Northeast,0.13194124714844557,-0.19607601354370696,0.22149824057158357,0.4678561070838936,-1.8230919876886498
2024-06-10,127,Subway,South,0.5938265015658556,-0.008845850214089013,0.12968553551579612,0.4688915625596436,-1.0175883431490176
2024-06-10,127,Subway,Midwest,0.3336240544919843,0.16397592705114158,0.21684813678008416,0.34844406917218707,-1.5750552080034468
2024-06-10,127,Subway,West,0.5104320910901022,0.024481675701726473,0.24228889639333023,0.264080582240048,-1.999635598348231
2024-06-10,127,Subway,Southwest,0.38835938371242995,0.08694206879823055,0.15684861764457372,0.1839016666596838,-1.8095959134887354
2024-06-10,127,KFC,Northeast,0.584092860301615,0.1382992429221372,0.10307124891057669,0.41065611985185674,-0.5995769332473588
2024-06-10,127,KFC,South,0.6176721338155116,0.004031096113894138,0.08985526769638223,0.059614022899604026,-0.6989680413269632
2024-06-10,127,KFC,Midwest,0.4775017254333077,0.10525110111304928,0.06211878057985756,0.18162748643710216,-1.6495864519456447
2024-06-10,127,KFC,West,0.23085735201925367,-0.20306895256703983,0.06522890237178519,0.37457060797482544,-0.8324421431817632
2024-06-10,127,KFC,Southwest,0.5378527426844535,0.014662513894464673,0.2062792732454961,0.19135202294227086,-1.0871426102390387
2024-06-10,127,Dominos,Northeast,0.3953529405874083,0.02187517187556797,0.05859345042386398,0.21214506472215292,-0.5436429328251958
2024-06-10,127,Dominos,South,0.3994450711775863,-0.1041707130017871,0.16903420222022753,0.2939671196096951,-1.4395915106989112
2024-06-10,127,Dominos,Midwest,0.4188817930950139,-0.25200157884253854,0.10019145266430377,0.27749119186196053,-0.977809081224243
2024-06-10,127,Dominos,West,0.3107055498786213,0.08640174393913488,0.09196263428197264,0.08585787626857316,-1.9046964163641222
2024-06-10,127,Dominos,Southwest,0.3605817310515832,0.059188415581272226,0.013614314134967706,0.23368255004054264,-1.4056289797753911
2024-06-10,127,PizzaHut,Northeast,0.629300676140712,0.1615508846291889,0.1344967708176812,0.33192020930403915,-0.5542735082177292
2024-06-10,127,PizzaHut,South,0.6486791460530364,0.027043340813101596,0.17165385327232988,0.4309775708003919,-1.1915286883248193
2024-06-10,127,PizzaHut,Midwest,0.9473047327726362,-0.02059260789132073,0.05667293070097135,0.5405277045945869,-1.5681807449977332
2024-06-10,127,PizzaHut,West,0.539009891087657,0.07947555739764237,0.14116557278651456,0.36248858833460823,-1.8195935553070897
2024-06-10,127,PizzaHut,Southwest,0.2123623044256244,-0.01852393377395801,0.2076269648452098,0.03054343973064911,-0.9447074897277044
2024-06-17,128,McDonalds,Northeast,0.880738453561883,0.26936969769183744,0.027713269265470058,0.5703076004290429,-1.4167227552888253
2024-06-17,128,McDonalds,South,0.639209530920098,0.14347961787278898,0.28741291316892137,0.36290162650219815,-1.9288765457898727
2024-06-17,128,McDonalds,Midwest,0.4991856184293965,-0.11515520897375044,0.044879181552355416,0.27197951974525986,-0.7982427450570128
2024-06-17,128,McDonalds,West,0.26159269934499363,-0.048251060329845566,0.2724710438053291,0.32062222572817095,-1.093428921375788
2024-06-17,128,McDonalds,Southwest,0.9138190472241119,0.015569772327153024,0.09761475647586786,0.06848935279224204,-1.7021857116976975
2024-06-17,128,BurgerKing,Northeast,0.26917089897090624,-0.06302362471017794,0.24450012132992213,0.1451965604342744,-1.2577573150678698
2024-06-17,128,BurgerKing,South,0.99,0.2182557617221994,0.07960538031602005,0.48906939996118465,-0.8865346316994134
2024-06-17,128,BurgerKing,Midwest,0.4973549402177311,0.03845034944897995,0.3165741719930878,0.5707999278834135,-0.8443823193970343
2024-06-17,128,BurgerKing,West,0.5725639808223183,0.049300993804945,0.10053500308910315,0.1221118822977808,-1.250572382001857
2024-06-17,128,BurgerKing,Southwest,0.8072193899771556,-0.0036913903768734553,0.018483657576278914,0.31990659288970436,-1.5421782048067114
2024-06-17,128,Wendys,Northeast,0.8612163391536548,0.02964848163482902,0.1328241465142246,0.2864796801727,-0.5393861269422597
2024-06-17,128,Wendys,South,0.15382480543514326,-0.02686865364236822,0.06877335669035799,0.4254476061773757,-1.0049560835652607
2024-06-17,128,Wendys,Midwest,0.5118220851562516,-0.06959034150551688,0.08722314572501384,0.211067729489257,-1.3876437209805519
2024-06-17,128,Wendys,West,0.5156745263671911,-0.006464362580985317,0.04165760766371676,0.41158605271605975,-1.5793051636930213
2024-06-17,128,Wendys,Southwest,0.2795014363321073,0.0462400824953408,0.19598595047373857,0.4491558671991043,-0.9033455254946567
2024-06-17,128,TacoBell,Northeast,0.7053922055510278,0.18406710548215494,0.07730275216667797,0.26793124519078654,-1.6367248316093486
2024-06-17,128,TacoBell,South,0.01,-0.19336796532855371,0.003979491119964669,0.41766802910529877,-1.7424350165394678
2024-06-17,128,TacoBell,Midwest,0.33645817491453195,-0.06491547709508882,0.11549220000432603,0.150108946801192,-1.2052491665568945
2024-06-17,128,TacoBell,West,0.351998242834664,0.08449401687392144,0.0446903396082485,0.47182917581289624,-1.5650189110337873
2024-06-17,128,TacoBell,Southwest,0.11054136024590991,-0.21353712198193112,0.10354646560386732,0.08879666648103435,-1.0566422826145774
2024-06-17,128,Subway,Northeast,0.14793417647826285,-0.1929976898185681,0.22149824057158357,0.4678561070838936,-1.8230919876886498
2024-06-17,128,Subway,South,0.6274233675855923,0.011836410200969226,0.12968553551579612,0.4688915625596436,-1.0175883431490176
2024-06-17,128,Subway,Midwest,0.33256060531241977,0.14999787226689862,0.21684813678008416,0.34844406917218707,-1.5750552080034468
2024-06-17,128,Subway,West,0.5353724617470329,0.03650744075397875,0.24228889639333023,0.264080582240048,-1.999635598348231
2024-06-17,128,Subway,Southwest,0.4030731330125726,0.08874121249369471,0.15684861764457372,0.1839016666596838,-1.8095959134887354
2024-06-17,128,KFC,Northeast,0.6035059110020181,0.146677548274432,0.10307124891057669,0.41065611985185674,-0.5995769332473588
2024-06-17,128,KFC,South,0.6276869319972606,0.003011148947534818,0.08985526769638223,0.059614022899604026,-0.6989680413269632
2024-06-17,128,KFC,Midwest,0.4801121444801528,0.09682677481178602,0.06211878057985756,0.18162748643710216,-1.6495864519456447
2024-06-17,128,KFC,West,0.24940082516137535,-0.1955602247730265,0.06522890237178519,0.37457060797482544,-0.8324421431817632
2024-06-17,128,KFC,Southwest,0.555431798303618,0.021206824165520884,0.2062792732454961,0.19135202294227086,-1.0871426102390387
2024-06-17,128,Dominos,Northeast,0.40346289801256374,0.03159574153296519,0.05859345042386398,0.21214506472215292,-0.5436429328251958
2024-06-17,128,Dominos,South,0.3977014125915582,-0.10430375935557346,0.16903420222022753,0.2939671196096951,-1.4395915106989112
2024-06-17,128,Dominos,Midwest,0.41127296062957364,-0.25799979907573706,0.10019145266430377,0.27749119186196053,-0.977809081224243
2024-06-17,128,Dominos,West,0.29350706769614116,0.07081387398889646,0.09196263428197264,0.08585787626857316,-1.9046964163641222
2024-06-17,128,Dominos,Southwest,0.3671648515007355,0.0673821482626663,0.013614314134967706,0.23368255004054264,-1.4056289797753911
2024-06-17,128,PizzaHut,Northeast,0.6169435314110222,0.16578977945362877,0.1344967708176812,0.33192020930403915,-0.5542735082177292
2024-06-17,128,PizzaHut,South,0.6224252801702673,0.017385514484462003,0.17165385327232988,0.4309775708003919,-1.1915286883248193
2024-06-17,128,PizzaHut,Midwest,0.9253229564855404,-0.025978344624286973,0.05667293070097135,0.5405277045945869,-1.5681807449977332
2024-06-17,128,PizzaHut,West,0.517746263414013,0.07480796927812797,0.14116557278651456,0.36248858833460823,-1.8195935553070897
2024-06-17,128,PizzaHut,Southwest,0.18093642055167064,-0.03335377809378219,0.2076269648452098,0.03054343973064911,-0.9447074897277044
2024-06-24,129,McDonalds,Northeast,0.8900224796887707,0.2611928737257861,0.027713269265470058,0.5703076004290429,-1.4167227552888253
2024-06-24,129,McDonalds,South,0.6453320774449736,0.13214131430472545,0.28741291316892137,0.36290162650219815,-1.9288765457898727
2024-06-24,129,McDonalds,Midwest,0.5125216784034561,-0.1192799990926298,0.044879181552355416,0.27197951974525986,-0.7982427450570128
2024-06-24,129,McDonalds,West,0.27166657445463693,-0.055638035313141196,0.2724710438053291,0.32062222572817095,-1.093428921375788
2024-06-24,129,McDonalds,Southwest,0.9150098481083835,-0.0007002768815144635,0.09761475647586786,0.06848935279224204,-1.7021857116976975
2024-06-24,129,BurgerKing,Northeast,0.27873490740128526,-0.04279772240448313,0.24450012132992213,0.1451965604342744,-1.2577573150678698
2024-06-24,129,BurgerKing,South,0.99,0.2307811690324917,0.07960538031602005,0.48906939996118465,-0.8865346316994134
2024-06-24,129,BurgerKing,Midwest,0.4789028521272154,0.030660155233780094,0.3165741719930878,0.5707999278834135,-0.8443823193970343
2024-06-24,129,BurgerKing,West,0.5646263009135386,0.0520252077714811,0.10053500308910315,0.1221118822977808,-1.250572382001857
2024-06-24,129,BurgerKing,Southwest,0.8007321470000529,0.0004832605213394977,0.018483657576278914,0.31990659288970436,-1.5421782048067114
2024-06-24,129,Wendys,Northeast,0.8668812579470807,0.04155934018256379,0.1328241465142246,0.2864796801727,-0.5393861269422597
2024-06-24,129,Wendys,South,0.13939281541423365,-0.035054703908969004,0.06877335669035799,0.4254476061773757,-1.0049560835652607
2024-06-24,129,Wendys,Midwest,0.516497213241767,-0.05866927366569262,0.08722314572501384,0.211067729489257,-1.3876437209805519
2024-06-24,129,Wendys,West,0.5039495335708128,-0.011943415623054668,0.04165760766371676,0.41158605271605975,-1.5793051636930213
2024-06-24,129,Wendys,Southwest,0.2598968725361123,0.032881458453654665,0.19598595047373857,0.4491558671991043,-0.9033455254946567
2024-06-24,129,TacoBell,Northeast,0.704026868315179,0.1913084710752999,0.07730275216667797,0.26793124519078654,-1.6367248316093486
2024-06-24,129,TacoBell,South,0.01,-0.18046038108732942,0.003979491119964669,0.41766802910529877,-1.7424350165394678
2024-06-24,129,TacoBell,Midwest,0.353730561820845,-0.039036387359781974,0.11549220000432603,0.150108946801192,-1.2052491665568945
2024-06-24,129,TacoBell,West,0.3313942873547681,0.0724967642230193,0.0446903396082485,0.47182917581289624,-1.5650189110337873
2024-06-24,129,TacoBell,Southwest,0.10892385426772401,-0.20654792513112322,0.10354646560386732,0.08879666648103435,-1.0566422826145774
2024-06-24,129,Subway,Northeast,0.15787418658589558,-0.19709570225650344,0.22149824057158357,0.4678561070838936,-1.8230919876886498
2024-06-24,129,Subway,South,0.6492949772364006,0.01966999730620954,0.12968553551579612,0.4688915625596436,-1.0175883431490176
2024-06-24,129,Subway,Midwest,0.3318937323456753,0.13529297675458613,0.21684813678008416,0.34844406917218707,-1.5750552080034468
2024-06-24,129,Subway,West,0.5367827865356154,0.02387974299699311,0.24228889639333023,0.264080582240048,-1.999635598348231
2024-06-24,129,Subway,Southwest,0.4093524073264758,0.08098246426202987,0.15684861764457372,0.1839016666596838,-1.8095959134887354
2024-06-24,129,KFC,Northeast,0.6149258114885303,0.14746718873111284,0.10307124891057669,0.41065611985185674,-0.5995769332473588
2024-06-24,129,KFC,South,0.6319063793617083,-0.003399663717848736,0.08985526769638223,0.059614022899604026,-0.6989680413269632
2024-06-24,129,KFC,Midwest,0.49733294794911836,0.10341731825092021,0.06211878057985756,0.18162748643710216,-1.6495864519456447
2024-06-24,129,KFC,West,0.2703000313737859,-0.18529127859044736,0.06522890237178519,0.37457060797482544,-0.8324421431817632
2024-06-24,129,KFC,Southwest,0.5720578337459029,0.027202599577974444,0.2062792732454961,0.19135202294227086,-1.0871426102390387
2024-06-24,129,Dominos,Northeast,0.4164918883225862,0.04778361792957387,0.05859345042386398,0.21214506472215292,-0.5436429328251958
2024-06-24,129,Dominos,South,0.3987007927995254,-0.10014549306102002,0.16903420222022753,0.2939671196096951,-1.4395915106989112
2024-06-24,129,Dominos,Midwest,0.3959451074395858,-0.2701687661791387,0.10019145266430377,0.27749119186196053,-0.977809081224243
2024-06-24,129,Dominos,West,0.3039819467449383,0.08444763912427986,0.09196263428197264,0.08585787626857316,-1.9046964163641222
2024-06-24,129,Dominos,Southwest,0.35795440305808934,0.06133058590660632,0.013614314134967706,0.23368255004054264,-1.4056289797753911
2024-06-24,129,PizzaHut,Northeast,0.6088065083894014,0.17489396445048447,0.1344967708176812,0.33192020930403915,-0.5542735082177292
2024-06-24,129,PizzaHut,South,0.6209214143173418,0.03312285665001306,0.17165385327232988,0.4309775708003919,-1.1915286883248193
2024-06-24,129,PizzaHut,Midwest,0.9126486285743679,-0.021411464516982982,0.05667293070097135,0.5405277045945869,-1.5681807449977332
2024-06-24,129,PizzaHut,West,0.48554346726388997,0.05984638114648147,0.14116557278651456,0.36248858833460823,-1.8195935553070897
2024-06-24,129,PizzaHut,Southwest,0.1545130908680962,-0.04253589975888011,0.2076269648452098,0.03054343973064911,-0.9447074897277044
2024-07-01,130,McDonalds,Northeast,0.9205194256068504,0.27442031839463743,0.027713269265470058,0.5703076004290429,-1.4167227552888253
2024-07-01,130,McDonalds,South,0.6609103518377738,0.13045008744829728,0.28741291316892137,0.36290162650219815,-1.9288765457898727
2024-07-01,130,McDonalds,Midwest,0.5305869150021062,-0.11848426374320814,0.044879181552355416,0.27197951974525986,-0.7982427450570128
2024-07-01,130,McDonalds,West,0.2965243198655014,-0.0480497911515051,0.2724710438053291,0.32062222572817095,-1.093428921375788
2024-07-01,130,McDonalds,Southwest,0.939242577978415,0.006262951739288771,0.09761475647586786,0.06848935279224204,-1.7021857116976975
2024-07-01,130,BurgerKing,Northeast,0.269702935801649,-0.040009724280628524,0.24450012132992213,0.1451965604342744,-1.2577573150678698
2024-07-01,130,BurgerKing,South,0.99,0.22869448532028705,0.07960538031602005,0.48906939996118465,-0.8865346316994134
2024-07-01,130,BurgerKing,Midwest,0.46395619794640097,0.02753347077645652,0.3165741719930878,0.5707999278834135,-0.8443823193970343
2024-07-01,130,BurgerKing,West,0.5613853194429612,0.06060419602439453,0.10053500308910315,0.1221118822977808,-1.250572382001857
2024-07-01,130,BurgerKing,Southwest,0.7944478725872399,0.006018955832017431,0.018483657576278914,0.31990659288970436,-1.5421782048067114
2024-07-01,130,Wendys,Northeast,0.8583813417540053,0.03898634017638589,0.1328241465142246,0.2864796801727,-0.5393861269422597
2024-07-01,130,Wendys,South,0.14428702235726748,-0.0242335807790376,0.06877335669035799,0.4254476061773757,-1.0049560835652607
2024-07-01,130,Wendys,Midwest,0.5092799559035717,-0.059959614816990456,0.08722314572501384,0.211067729489257,-1.3876437209805519
2024-07-01,130,Wendys,West,0.4895059956405714,-0.0204600373663986,0.04165760766371676,0.41158605271605975,-1.5793051636930213
2024-07-01,130,Wendys,Southwest,0.2463802493601813,0.025291751464621218,0.19598595047373857,0.4491558671991043,-0.9033455254946567
2024-07-01,130,TacoBell,Northeast,0.6874112945738927,0.18152106271220225,0.07730275216667797,0.26793124519078654,-1.6367248316093486
2024-07-01,130,TacoBell,South,0.01,-0.18318448125336628,0.003979491119964669,0.41766802910529877,-1.7424350165394678
2024-07-01,130,TacoBell,Midwest,0.3592396392260182,-0.026699144576420045,0.11549220000432603,0.150108946801192,-1.2052491665568945
2024-07-01,130,TacoBell,West,0.3165151701662743,0.06444581241271422,0.0446903396082485,0.47182917581289624,-1.5650189110337873
2024-07-01,130,TacoBell,Southwest,0.10398044649971633,-0.20466316752094219,0.10354646560386732,0.08879666648103435,-1.0566422826145774
2024-07-01,130,Subway,Northeast,0.16626514542083445,-0.20366259571277756,0.22149824057158357,0.4678561070838936,-1.8230919876886498
2024-07-01,130,Subway,South,0.6616497391148993,0.017066906893495163,0.12968553551579612,0.4688915625596436,-1.0175883431490176
2024-07-01,130,Subway,Midwest,0.33175117251703573,0.1201925646347336,0.21684813678008416,0.34844406917218707,-1.5750552080034468
2024-07-01,130,Subway,West,0.549535256535263,0.021674360705427734,0.24228889639333023,0.264080582240048,-1.999635598348231
2024-07-01,130,Subway,Southwest,0.42237320581963916,0.07904541046398025,0.15684861764457372,0.1839016666596838,-1.8095959134887354
2024-07-01,130,KFC,Northeast,0.6304002997087964,0.15287006817146978,0.10307124891057669,0.41065611985185674,-0.5995769332473588
2024-07-01,130,KFC,South,0.6442107972741711,-0.0011668545852950305,0.08985526769638223,0.059614022899604026,-0.6989680413269632
2024-07-01,130,KFC,Midwest,0.49542063547950693,0.09143339700139975,0.06211878057985756,0.18162748643710216,-1.6495864519456447
2024-07-01,130,KFC,West,0.29121362259413036,-0.17444929615001192,0.06522890237178519,0.37457060797482544,-0.8324421431817632
2024-07-01,130,KFC,Southwest,0.5842324729280319,0.029305629980194398,0.2062792732454961,0.19135202294227086,-1.0871426102390387
2024-07-01,130,Dominos,Northeast,0.4138144754729068,0.049767553101348734,0.05859345042386398,0.21214506472215292,-0.5436429328251958
2024-07-01,130,Dominos,South,0.3939476212442198,-0.10023731659487141,0.16903420222022753,0.2939671196096951,-1.4395915106989112
2024-07-01,130,Dominos,Midwest,0.38610618494590926,-0.27534634065136093,0.10019145266430377,0.27749119186196053,-0.977809081224243
2024-07-01,130,Dominos,West,0.3014986221209713,0.08662566252176712,0.09196263428197264,0.08585787626857316,-1.9046964163641222
2024-07-01,130,Dominos,Southwest,0.35804893939592086,0.06608647026589214,0.013614314134967706,0.23368255004054264,-1.4056289797753911
2024-07-01,130,PizzaHut,Northeast,0.5737012165621337,0.15742500753702893,0.1344967708176812,0.33192020930403915,-0.5542735082177292
2024-07-01,130,PizzaHut,South,0.5978974710300687,0.027735248276552105,0.17165385327232988,0.4309775708003919,-1.1915286883248193
2024-07-01,130,PizzaHut,Midwest,0.8924628239565199,-0.023960934221018877,0.05667293070097135,0.5405277045945869,-1.5681807449977332
2024-07-01,130,PizzaHut,West,0.4704688384070206,0.06240808720342425,0.14116557278651456,0.36248858833460823,-1.8195935553070897
2024-07-01,130,PizzaHut,Southwest,0.14880986601355536,-0.03060278969960885,0.2076269648452098,0.03054343973064911,-0.9447074897277044
2024-07-08,131,McDonalds,Northeast,0.9296297179732508,0.2667029102486696,0.027713269265470058,0.5703076004290429,-1.4167227552888253
2024-07-08,131,McDonalds,South,0.6727584338819635,0.12547046898011885,0.28741291316892137,0.36290162650219815,-1.9288765457898727
2024-07-08,131,McDonalds,Midwest,0.5422892744080089,-0.12360960484967363,0.044879181552355416,0.27197951974525986,-0.7982427450570128
2024-07-08,131,McDonalds,West,0.30533674447682424,-0.056065067052550516,0.2724710438053291,0.32062222572817095,-1.093428921375788
2024-07-08,131,McDonalds,Southwest,0.9525984135396607,0.0027910867881661464,0.09761475647586786,0.06848935279224204,-1.7021857116976975
2024-07-08,131,BurgerKing,Northeast,0.26460433219187496,-0.03230170208074881,0.24450012132992213,0.1451965604342744,-1.2577573150678698
2024-07-08,131,BurgerKing,South,0.99,0.2181561303666436,0.07960538031602005,0.48906939996118465,-0.8865346316994134
2024-07-08,131,BurgerKing,Midwest,0.45542771608827626,0.031811614727985556,0.3165741719930878,0.5707999278834135,-0.8443823193970343
2024-07-08,131,BurgerKing,West,0.5315596713331241,0.04358517372421117,0.10053500308910315,0.1221118822977808,-1.250572382001857
2024-07-08,131,BurgerKing,Southwest,0.7760278668131642,0.00040557586759537145,0.018483657576278914,0.31990659288970436,-1.5421782048067114
2024-07-08,131,Wendys,Northeast,0.8495645115608209,0.03569144717420603,0.1328241465142246,0.2864796801727,-0.5393861269422597
2024-07-08,131,Wendys,South,0.15551368189540365,-0.007484984049896951,0.06877335669035799,0.4254476061773757,-1.0049560835652607
2024-07-08,131,Wendys,Midwest,0.5010099956650402,-0.06270763786451733,0.08722314572501384,0.211067729489257,-1.3876437209805519
2024-07-08,131,Wendys,West,0.46197162371505773,-0.04247247210090778,0.04165760766371676,0.41158605271605975,-1.5793051636930213
2024-07-08,131,Wendys,Southwest,0.22086942310056432,0.005302862396008717,0.19598595047373857,0.4491558671991043,-0.9033455254946567
2024-07-08,131,TacoBell,Northeast,0.6828009883544994,0.18186135857566907,0.07730275216667797,0.26793124519078654,-1.6367248316093486
2024-07-08,131,TacoBell,South,0.01,-0.1770467726954672,0.003979491119964669,0.41766802910529877,-1.7424350165394678
2024-07-08,131,TacoBell,Midwest,0.35804359571943056,-0.022944586000147517,0.11549220000432603,0.150108946801192,-1.2052491665568945
2024-07-08,131,TacoBell,West,0.3132402691414241,0.06612151347072412,0.0446903396082485,0.47182917581289624,-1.5650189110337873
2024-07-08,131,TacoBell,Southwest,0.11065244039191285,-0.19304057154588553,0.10354646560386732,0.08879666648103435,-1.0566422826145774
2024-07-08,131,Subway,Northeast,0.17652998817352133,-0.20905850792014888,0.22149824057158357,0.4678561070838936,-1.8230919876886498
2024-07-08,131,Subway,South,0.6862595996352256,0.026016012453763414,0.12968553551579612,0.4688915625596436,-1.0175883431490176
2024-07-08,131,Subway,Midwest,0.3310917786268298,0.10387241578446943,0.21684813678008416,0.34844406917218707,-1.5750552080034468
2024-07-08,131,Subway,West,0.5561465331659405,0.01262488237604707,0.24228889639333023,0.264080582240048,-1.999635598348231
2024-07-08,131,Subway,Southwest,0.41996354683037923,0.060974996514662094,0.15684861764457372,0.1839016666596838,-1.8095959134887354
2024-07-08,131,KFC,Northeast,0.6370187401709648,0.15012161516477185,0.10307124891057669,0.41065611985185674,-0.5995769332473588
2024-07-08,131,KFC,South,0.653115078570374,-0.001629466757958456,0.08985526769638223,0.059614022899604026,-0.6989680413269632
2024-07-08,131,KFC,Midwest,0.5059285438706385,0.09257441192366496,0.06211878057985756,0.18162748643710216,-1.6495864519456447
2024-07-08,131,KFC,West,0.30119934959186806,-0.17383046262114057,0.06522890237178519,0.37457060797482544,-0.8324421431817632
2024-07-08,131,KFC,Southwest,0.584323833088781,0.020030096672077117,0.2062792732454961,0.19135202294227086,-1.0871426102390387
2024-07-08,131,Dominos,Northeast,0.4058158585289016,0.04786514465721658,0.05859345042386398,0.21214506472215292,-0.5436429328251958
2024-07-08,131,Dominos,South,0.37287694605828925,-0.11521178328092889,0.16903420222022753,0.2939671196096951,-1.4395915106989112
2024-07-08,131,Dominos,Midwest,0.39364226619735876,-0.2617140509000384,0.10019145266430377,0.27749119186196053,-0.977809081224243
2024-07-08,131,Dominos,West,0.29236615289211826,0.08358940179278711,0.09196263428197264,0.08585787626857316,-1.9046964163641222
2024-07-08,131,Dominos,Southwest,0.34706386970561093,0.061197609075455225,0.013614314134967706,0.23368255004054264,-1.4056289797753911
2024-07-08,131,PizzaHut,Northeast,0.5718149299560036,0.17331441082146976,0.1344967708176812,0.33192020930403915,-0.5542735082177292
2024-07-08,131,PizzaHut,South,0.5676993158040055,0.01531278294105981,0.17165385327232988,0.4309775708003919,-1.1915286883248193
2024-07-08,131,PizzaHut,Midwest,0.8634312629256292,-0.03521680536133857,0.05667293070097135,0.5405277045945869,-1.5681807449977332
2024-07-08,131,PizzaHut,West,0.4417309452677639,0.0514458839547386,0.14116557278651456,0.36248858833460823,-1.8195935553070897
2024-07-08,131,PizzaHut,Southwest,0.1303554623059895,-0.031281503516603665,0.2076269648452098,0.03054343973064911,-0.9447074897277044
2024-07-15,132,McDonalds,Northeast,0.9500878893915088,0.27101922654504557,0.027713269265470058,0.5703076004290429,-1.4167227552888253
2024-07-15,132,McDonalds,South,0.696297043685024,0.1328672236612972,0.28741291316892137,0.36290162650219815,-1.9288765457898727
2024-07-15,132,McDonalds,Midwest,0.5841510827048406,-0.09788965167472395,0.044879181552355416,0.27197951974525986,-0.7982427450570128
2024-07-15,132,McDonalds,West,0.29898427505669867,-0.07855939159455816,0.2724710438053291,0.32062222572817095,-1.093428921375788
2024-07-15,132,McDonalds,Southwest,0.9748276245527868,0.008878442679410316,0.09761475647586786,0.06848935279224204,-1.7021857116976975
2024-07-15,132,BurgerKing,Northeast,0.24542547336658738,-0.037873007806471126,0.24450012132992213,0.1451965604342744,-1.2577573150678698
2024-07-15,132,BurgerKing,South,0.99,0.21229197887775586,0.07960538031602005,0.48906939996118465,-0.8865346316994134
2024-07-15,132,BurgerKing,Midwest,0.4356224417061722,0.02561389344544678,0.3165741719930878,0.5707999278834135,-0.8443823193970343
2024-07-15,132,BurgerKing,West,0.5088644215254791,0.034497477016131435,0.10053500308910315,0.1221118822977808,-1.250572382001857
2024-07-15,132,BurgerKing,Southwest,0.7792655620596334,0.01725082421362989,0.018483657576278914,0.31990659288970436,-1.5421782048067114
2024-07-15,132,Wendys,Northeast,0.8529506088341343,0.04411442044434506,0.1328241465142246,0.2864796801727,-0.5393861269422597
2024-07-15,132,Wendys,South,0.15070876568415179,-0.007253024264323203,0.06877335669035799,0.4254476061773757,-1.0049560835652607
2024-07-15,132,Wendys,Midwest,0.5094832771930846,-0.049197480339647326,0.08722314572501384,0.211067729489257,-1.3876437209805519
2024-07-15,132,Wendys,West,0.44180945806524335,-0.05759776175389654,0.04165760766371676,0.41158605271605975,-1.5793051636930213
2024-07-15,132,Wendys,Southwest,0.20252549579042947,-0.008004188917300545,0.19598595047373857,0.4491558671991043,-0.9033455254946567
2024-07-15,132,TacoBell,Northeast,0.6580200686244291,0.16008168125372219,0.07730275216667797,0.26793124519078654,-1.6367248316093486
2024-07-15,132,TacoBell,South,0.01,-0.1840409180967001,0.003979491119964669,0.41766802910529877,-1.7424350165394678
2024-07-15,132,TacoBell,Midwest,0.3566593385783548,-0.02132760073309999,0.11549220000432603,0.150108946801192,-1.2052491665568945
2024-07-15,132,TacoBell,West,0.311267612512624,0.06715009925004746,0.0446903396082485,0.47182917581289624,-1.5650189110337873
2024-07-15,132,TacoBell,Southwest,0.1091446170943883,-0.19154715243528672,0.10354646560386732,0.08879666648103435,-1.0566422826145774
2024-07-15,132,Subway,Northeast,0.1785559565302908,-0.2231690762308097,0.22149824057158357,0.4678561070838936,-1.8230919876886498
2024-07-15,132,Subway,South,0.7104276837287962,0.034047559879903634,0.12968553551579612,0.4688915625596436,-1.0175883431490176
2024-07-15,132,Subway,Midwest,0.34962459047665007,0.10626869096685941,0.21684813678008416,0.34844406917218707,-1.5750552080034468
2024-07-15,132,Subway,West,0.5796136126480308,0.019955425190707057,0.24228889639333023,0.264080582240048,-1.999635598348231
2024-07-15,132,Subway,Southwest,0.41717246172190897,0.04204737473876158,0.15684861764457372,0.1839016666596838,-1.8095959134887354
2024-07-15,132,KFC,Northeast,0.6486599830282633,0.15323652375274974,0.10307124891057669,0.41065611985185674,-0.5995769332473588
2024-07-15,132,KFC,South,0.6497637604405194,-0.013507119157133726,0.08985526769638223,0.059614022899604026,-0.6989680413269632
2024-07-15,132,KFC,Midwest,0.5104816456144455,0.08860117939815135,0.06211878057985756,0.18162748643710216,-1.6495864519456447
2024-07-15,132,KFC,West,0.31506933284755256,-0.16848681363477674,0.06522890237178519,0.37457060797482544,-0.8324421431817632
2024-07-15,132,KFC,Southwest,0.5937611034206608,0.02094103273463625,0.2062792732454961,0.19135202294227086,-1.0871426102390387
2024-07-15,132,Dominos,Northeast,0.38985780035239276,0.039349744859423386,0.05859345042386398,0.21214506472215292,-0.5436429328251958
2024-07-15,132,Dominos,South,0.3654970192414178,-0.11514905171908471,0.16903420222022753,0.2939671196096951,-1.4395915106989112
2024-07-15,132,Dominos,Midwest,0.37088425466620667,-0.27702940405247484,0.10019145266430377,0.27749119186196053,-0.977809081224243
2024-07-15,132,Dominos,West,0.29642616847238556,0.09509207575177006,0.09196263428197264,0.08585787626857316,-1.9046964163641222
2024-07-15,132,Dominos,Southwest,0.3375683711319327,0.059144768880492714,0.013614314134967706,0.23368255004054264,-1.4056289797753911
2024-07-15,132,PizzaHut,Northeast,0.5653431774530301,0.18449991026402301,0.1344967708176812,0.33192020930403915,-0.5542735082177292
2024-07-15,132,PizzaHut,South,0.5447767469875184,0.010047466070099379,0.17165385327232988,0.4309775708003919,-1.1915286883248193
2024-07-15,132,PizzaHut,Midwest,0.8405382510960366,-0.040452565245404394,0.05667293070097135,0.5405277045945869,-1.5681807449977332
2024-07-15,132,PizzaHut,West,0.41643182545585883,0.04380401608836013,0.14116557278651456,0.36248858833460823,-1.8195935553070897
2024-07-15,132,PizzaHut,Southwest,0.12145994967739357,-0.02251976419967291,0.2076269648452098,0.03054343973064911,-0.9447074897277044
2024-07-22,133,McDonalds,Northeast,0.9582154894065484,0.2639249149717608,0.027713269265470058,0.5703076004290429,-1.4167227552888253
2024-07-22,133,McDonalds,South,0.7179649095975,0.13931317798544895,0.28741291316892137,0.36290162650219815,-1.9288765457898727
2024-07-22,133,McDonalds,Midwest,0.595548470316472,-0.10171417565141685,0.044879181552355416,0.27197951974525986,-0.7982427450570128
2024-07-22,133,McDonalds,West,0.2944465536461067,-0.09831902459347436,0.2724710438053291,0.32062222572817095,-1.093428921375788
2024-07-22,133,McDonalds,Southwest,0.9843463954632465,0.0031753020015456547,0.09761475647586786,0.06848935279224204,-1.7021857116976975
2024-07-22,133,BurgerKing,Northeast,0.21942325512187405,-0.04966408995009961,0.24450012132992213,0.1451965604342744,-1.2577573150678698
2024-07-22,133,BurgerKing,South,0.99,0.21263100611457925,0.07960538031602005,0.48906939996118465,-0.8865346316994134
2024-07-22,133,BurgerKing,Midwest,0.40950722824834246,0.013709816088701877,0.3165741719930878,0.5707999278834135,-0.8443823193970343
2024-07-22,133,BurgerKing,West,0.5039130364315404,0.043757228023277604,0.10053500308910315,0.1221118822977808,-1.250572382001857
2024-07-22,133,BurgerKing,Southwest,0.7641436673550183,0.016340065610099617,0.018483657576278914,0.31990659288970436,-1.5421782048067114
2024-07-22,133,Wendys,Northeast,0.8466958816554981,0.04233846049675767,0.1328241465142246,0.2864796801727,-0.5393861269422597
2024-07-22,133,Wendys,South,0.15278891983097875,-0.0006941028864473776,0.06877335669035799,0.4254476061773757,-1.0049560835652607
2024-07-22,133,Wendys,Midwest,0.5146435793027945,-0.0395584109988887,0.08722314572501384,0.211067729489257,-1.3876437209805519
2024-07-22,133,Wendys,West,0.437129703316498,-0.05779874927159306,0.04165760766371676,0.41158605271605975,-1.5793051636930213
2024-07-22,133,Wendys,Southwest,0.19033472556388772,-0.01571619191279345,0.19598595047373857,0.4491558671991043,-0.9033455254946567
2024-07-22,133,TacoBell,Northeast,0.639272015413267,0.14234198509260088,0.07730275216667797,0.26793124519078654,-1.6367248316093486
2024-07-22,133,TacoBell,South,0.01,-0.19090141566705188,0.003979491119964669,0.41766802910529877,-1.7424350165394678
2024-07-22,133,TacoBell,Midwest,0.34947885906183435,-0.027499723199579607,0.11549220000432603,0.150108946801192,-1.2052491665568945
2024-07-22,133,TacoBell,West,0.3113298299925062,0.06822067377997043,0.0446903396082485,0.47182917581289624,-1.5650189110337873
2024-07-22,133,TacoBell,Southwest,0.1046847912329672,-0.194998621246667,0.10354646560386732,0.08879666648103435,-1.0566422826145774
2024-07-22,133,Subway,Northeast,0.20181358361371443,-0.21628974651029542,0.22149824057158357,0.4678561070838936,-1.8230919876886498
2024-07-22,133,Subway,South,0.7206761483789986,0.02791772716719674,0.12968553551579612,0.4688915625596436,-1.0175883431490176
2024-07-22,133,Subway,Midwest,0.36543247617103,0.10569827929832999,0.21684813678008416,0.34844406917218707,-1.5750552080034468
2024-07-22,133,Subway,West,0.607831784442909,0.03179529962267595,0.24228889639333023,0.264080582240048,-1.999635598348231
2024-07-22,133,Subway,Southwest,0.436969011224368,0.045465626878311245,0.15684861764457372,0.1839016666596838,-1.8095959134887354
2024-07-22,133,KFC,Northeast,0.6556217290487427,0.15263614833586409,0.10307124891057669,0.41065611985185674,-0.5995769332473588
2024-07-22,133,KFC,South,0.6513064374585327,-0.019526563576485495,0.08985526769638223,0.059614022899604026,-0.6989680413269632
2024-07-22,133,KFC,Midwest,0.5117114530846608,0.08226886543100158,0.06211878057985756,0.18162748643710216,-1.6495864519456447
2024-07-22,133,KFC,West,0.3141253217553981,-0.17699294616429623,0.06522890237178519,0.37457060797482544,-0.8324421431817632
2024-07-22,133,KFC,Southwest,0.5959131562001968,0.015530964076807256,0.2062792732454961,0.19135202294227086,-1.0871426102390387
2024-07-22,133,Dominos,Northeast,0.38873328804539015,0.04690640324686653,0.05859345042386398,0.21214506472215292,-0.5436429328251958
2024-07-22,133,Dominos,South,0.35459696583404937,-0.1173679344320074,0.16903420222022753,0.2939671196096951,-1.4395915106989112
2024-07-22,133,Dominos,Midwest,0.3487053532779486,-0.29052713474628716,0.10019145266430377,0.27749119186196053,-0.977809081224243
2024-07-22,133,Dominos,West,0.3054266907085376,0.1127737686823679,0.09196263428197264,0.08585787626857316,-1.9046964163641222
2024-07-22,133,Dominos,Southwest,0.33208685234893864,0.06234442079194434,0.013614314134967706,0.23368255004054264,-1.4056289797753911
2024-07-22,133,PizzaHut,Northeast,0.5339910047163974,0.17043047625889132,0.1344967708176812,0.33192020930403915,-0.5542735082177292
2024-07-22,133,PizzaHut,South,0.523075518983609,0.0056289767976911405,0.17165385327232988,0.4309775708003919,-1.1915286883248193
2024-07-22,133,PizzaHut,Midwest,0.8243643761928198,-0.039343701417120215,0.05667293070097135,0.5405277045945869,-1.5681807449977332
2024-07-22,133,PizzaHut,West,0.4161950076573315,0.0608499370213339,0.14116557278651456,0.36248858833460823,-1.8195935553070897
2024-07-22,133,PizzaHut,Southwest,0.09309608636330381,-0.033600888782261605,0.2076269648452098,0.03054343973064911,-0.9447074897277044
2024-07-29,134,McDonalds,Northeast,0.9820571080435729,0.27368532216532027,0.027713269265470058,0.5703076004290429,-1.4167227552888253
2024-07-29,134,McDonalds,South,0.7460409853106885,0.1533080422551724,0.28741291316892137,0.36290162650219815,-1.9288765457898727
2024-07-29,134,McDonalds,Midwest,0.6033431387091914,-0.10800071870216256,0.044879181552355416,0.27197951974525986,-0.7982427450570128
2024-07-29,134,McDonalds,West,0.3057526289009695,-0.1010941607820767,0.2724710438053291,0.32062222572817095,-1.093428921375788
2024-07-29,134,McDonalds,Southwest,0.9880645144329738,-0.007187790472192048,0.09761475647586786,0.06848935279224204,-1.7021857116976975
2024-07-29,134,BurgerKing,Northeast,0.20278002239258622,-0.05169870136090266,0.24450012132992213,0.1451965604342744,-1.2577573150678698
2024-07-29,134,BurgerKing,South,0.983298724491329,0.21226510637114993,0.07960538031602005,0.48906939996118465,-0.8865346316994134
2024-07-29,134,BurgerKing,Midwest,0.4014951069106814,0.02030631606952558,0.3165741719930878,0.5707999278834135,-0.8443823193970343
2024-07-29,134,BurgerKing,West,0.50020624982326,0.054659062733482075,0.10053500308910315,0.1221118822977808,-1.250572382001857
2024-07-29,134,BurgerKing,Southwest,0.7420540853903169,0.008859104963883146,0.018483657576278914,0.31990659288970436,-1.5421782048067114
2024-07-29,134,Wendys,Northeast,0.823166926116445,0.022665209854497725,0.1328241465142246,0.2864796801727,-0.5393861269422597
2024-07-29,134,Wendys,South,0.14872076714142327,-0.0009065506792097989,0.06877335669035799,0.4254476061773757,-1.0049560835652607
2024-07-29,134,Wendys,Midwest,0.5137232497056877,-0.0366230356992023,0.08722314572501384,0.211067729489257,-1.3876437209805519
2024-07-29,134,Wendys,West,0.4357681752965553,-0.05530457239474264,0.04165760766371676,0.41158605271605975,-1.5793051636930213
2024-07-29,134,Wendys,Southwest,0.1832122881920042,-0.01898292438788389,0.19598595047373857,0.4491558671991043,-0.9033455254946567
2024-07-29,134,TacoBell,Northeast,0.6415186884716112,0.14358950608924023,0.07730275216667797,0.26793124519078654,-1.6367248316093486
2024-07-29,134,TacoBell,South,0.01,-0.1757469675835294,0.003979491119964669,0.41766802910529877,-1.7424350165394678
2024-07-29,134,TacoBell,Midwest,0.35429535281316427,-0.023682381509954515,0.11549220000432603,0.150108946801192,-1.2052491665568945
2024-07-29,134,TacoBell,West,0.30859529780418016,0.06448698952993959,0.0446903396082485,0.47182917581289624,-1.5650189110337873
2024-07-29,134,TacoBell,Southwest,0.10068196512371203,-0.20000059941762696,0.10354646560386732,0.08879666648103435,-1.0566422826145774
2024-07-29,134,Subway,Northeast,0.21649759093562942,-0.21798827008707272,0.22149824057158357,0.4678561070838936,-1.8230919876886498
2024-07-29,134,Subway,South,0.7534260788959973,0.04428512678550314,0.12968553551579612,0.4688915625596436,-1.0175883431490176
2024-07-29,134,Subway,Midwest,0.3799819999744603,0.10386527220306802,0.21684813678008416,0.34844406917218707,-1.5750552080034468
2024-07-29,134,Subway,West,0.6240163718963943,0.03159735617746887,0.24228889639333023,0.264080582240048,-1.999635598348231
2024-07-29,134,Subway,Southwest,0.4485284064136973,0.04064249116894822,0.15684861764457372,0.1839016666596838,-1.8095959134887354
2024-07-29,134,KFC,Northeast,0.6730998011458706,0.16362598191028374,0.10307124891057669,0.41065611985185674,-0.5995769332473588
2024-07-29,134,KFC,South,0.6773930485286878,7.180897096125544e-05,0.08985526769638223,0.059614022899604026,-0.6989680413269632
2024-07-29,134,KFC,Midwest,0.5227058221016829,0.08677499592531546,0.06211878057985756,0.18162748643710216,-1.6495864519456447
2024-07-29,134,KFC,West,0.3214412893159606,-0.17616521712644198,0.06522890237178519,0.37457060797482544,-0.8324421431817632
2024-07-29,134,KFC,Southwest,0.6027692230546475,0.015898792408549606,0.2062792732454961,0.19135202294227086,-1.0871426102390387
2024-07-29,134,Dominos,Northeast,0.3550964363035512,0.023063335359009077,0.05859345042386398,0.21214506472215292,-0.5436429328251958
2024-07-29,134,Dominos,South,0.35225469062291603,-0.10991642578915922,0.16903420222022753,0.2939671196096951,-1.4395915106989112
2024-07-29,134,Dominos,Midwest,0.34025323358392556,-0.2891854705863287,0.10019145266430377,0.27749119186196053,-0.977809081224243
2024-07-29,134,Dominos,West,0.2999163273611634,0.11705718918897515,0.09196263428197264,0.08585787626857316,-1.9046964163641222
2024-07-29,134,Dominos,Southwest,0.3151784465541201,0.05522979885110729,0.013614314134967706,0.23368255004054264,-1.4056289797753911
2024-07-29,134,PizzaHut,Northeast,0.513488854279616,0.16658590746912041,0.1344967708176812,0.33192020930403915,-0.5542735082177292
2024-07-29,134,PizzaHut,South,0.5023076879715669,0.0015187274326594101,0.17165385327232988,0.4309775708003919,-1.1915286883248193
2024-07-29,134,PizzaHut,Midwest,0.8179230243865396,-0.029127471576389827,0.05667293070097135,0.5405277045945869,-1.5681807449977332
2024-07-29,134,PizzaHut,West,0.39574982764429006,0.05706233865530297,0.14116557278651456,0.36248858833460823,-1.8195935553070897
2024-07-29,134,PizzaHut,Southwest,0.09726510793739129,-0.01277428556116363,0.2076269648452098,0.03054343973064911,-0.9447074897277044
2024-08-05,135,McDonalds,Northeast,0.99,0.27799394635547064,0.027713269265470058,0.5703076004290429,-1.4167227552888253
2024-08-05,135,McDonalds,South,0.7460204564647216,0.14055121565521508,0.28741291316892137,0.36290162650219815,-1.9288765457898727
2024-08-05,135,McDonalds,Midwest,0.6147939735306622,-0.10928618163468212,0.044879181552355416,0.27197951974525986,-0.7982427450570128
2024-08-05,135,McDonalds,West,0.3119721754333957,-0.10761091200364085,0.2724710438053291,0.32062222572817095,-1.093428921375788
2024-08-05,135,McDonalds,Southwest,0.9788569874887639,-0.029131615170392294,0.09761475647586786,0.06848935279224204,-1.7021857116976975
2024-08-05,135,BurgerKing,Northeast,0.20398048759321932,-0.03570399195976477,0.24450012132992213,0.1451965604342744,-1.2577573150678698
2024-08-05,135,BurgerKing,South,0.9755359057130243,0.21929653179334996,0.07960538031602005,0.48906939996118465,-0.8865346316994134
2024-08-05,135,BurgerKing,Midwest,0.3920329358891697,0.025638389248518707,0.3165741719930878,0.5707999278834135,-0.8443823193970343
2024-08-05,135,BurgerKing,West,0.4870660422257523,0.05631309933647912,0.10053500308910315,0.1221118822977808,-1.250572382001857
2024-08-05,135,BurgerKing,Southwest,0.7134396655028878,-0.004961070723041231,0.018483657576278914,0.31990659288970436,-1.5421782048067114
2024-08-05,135,Wendys,Northeast,0.8151540297310087,0.017829038458943357,0.1328241465142246,0.2864796801727,-0.5393861269422597
2024-08-05,135,Wendys,South,0.15396184989938144,0.007511257068630329,0.06877335669035799,0.4254476061773757,-1.0049560835652607
2024-08-05,135,Wendys,Midwest,0.5000343244179808,-0.047135235997027326,0.08722314572501384,0.211067729489257,-1.3876437209805519
2024-08-05,135,Wendys,West,0.4072737571441652,-0.08062226555725077,0.04165760766371676,0.41158605271605975,-1.5793051636930213
2024-08-05,135,Wendys,Southwest,0.177764503124313,-0.021253984465693154,0.19598595047373857,0.4491558671991043,-0.9033455254946567
2024-08-05,135,TacoBell,Northeast,0.6430932838469735,0.14217193054896485,0.07730275216667797,0.26793124519078654,-1.6367248316093486
2024-08-05,135,TacoBell,South,0.01,-0.17439133341938232,0.003979491119964669,0.41766802910529877,-1.7424350165394678
2024-08-05,135,TacoBell,Midwest,0.36457271016394743,-0.016397195074809152,0.11549220000432603,0.150108946801192,-1.2052491665568945
2024-08-05,135,TacoBell,West,0.31796352684213003,0.07086304765225167,0.0446903396082485,0.47182917581289624,-1.5650189110337873
2024-08-05,135,TacoBell,Southwest,0.10626183409178905,-0.19741290136518774,0.10354646560386732,0.08879666648103435,-1.0566422826145774
2024-08-05,135,Subway,Northeast,0.2446020806941896,-0.20603295620620563,0.22149824057158357,0.4678561070838936,-1.8230919876886498
2024-08-05,135,Subway,South,0.7543855569655572,0.029095428977369997,0.12968553551579612,0.4688915625596436,-1.0175883431490176
2024-08-05,135,Subway,Midwest,0.4011769939969273,0.10891109034784192,0.21684813678008416,0.34844406917218707,-1.5750552080034468
2024-08-05,135,Subway,West,0.6464309314074568,0.0378627398108383,0.24228889639333023,0.264080582240048,-1.999635598348231
2024-08-05,135,Subway,Southwest,0.4522819594305879,0.028246868308145826,0.15684861764457372,0.1839016666596838,-1.8095959134887354
2024-08-05,135,KFC,Northeast,0.6633913546305212,0.14859727582345986,0.10307124891057669,0.41065611985185674,-0.5995769332473588
2024-08-05,135,KFC,South,0.6752538868354061,-0.00738761229379476,0.08985526769638223,0.059614022899604026,-0.6989680413269632
2024-08-05,135,KFC,Midwest,0.5214106672480043,0.08015958150016253,0.06211878057985756,0.18162748643710216,-1.6495864519456447
2024-08-05,135,KFC,West,0.3342957435224593,-0.16863102249141768,0.06522890237178519,0.37457060797482544,-0.8324421431817632
2024-08-05,135,KFC,Southwest,0.601944094789211,0.009753404571638653,0.2062792732454961,0.19135202294227086,-1.0871426102390387
2024-08-05,135,Dominos,Northeast,0.33576858899705,0.014499850176197038,0.05859345042386398,0.21214506472215292,-0.5436429328251958
2024-08-05,135,Dominos,South,0.3353739911322813,-0.1160327631561048,0.16903420222022753,0.2939671196096951,-1.4395915106989112
2024-08-05,135,Dominos,Midwest,0.34067519480177855,-0.2779991472447866,0.10019145266430377,0.27749119186196053,-0.977809081224243
2024-08-05,135,Dominos,West,0.28928239898124375,0.11718762293274466,0.09196263428197264,0.08585787626857316,-1.9046964163641222
2024-08-05,135,Dominos,Southwest,0.30262157417686175,0.05343728859753817,0.013614314134967706,0.23368255004054264,-1.4056289797753911
2024-08-05,135,PizzaHut,Northeast,0.49659795222549613,0.1654858524821099,0.1344967708176812,0.33192020930403915,-0.5542735082177292
2024-08-05,135,PizzaHut,South,0.4994374442477228,0.014439330775924637,0.17165385327232988,0.4309775708003919,-1.1915286883248193
2024-08-05,135,PizzaHut,Midwest,0.7946404600533981,-0.03661918884242225,0.05667293070097135,0.5405277045945869,-1.5681807449977332
2024-08-05,135,PizzaHut,West,0.39311406348658184,0.07021742156470401,0.14116557278651456,0.36248858833460823,-1.8195935553070897
2024-08-05,135,PizzaHut,Southwest,0.0835792238594971,-0.010669322571948593,0.2076269648452098,0.03054343973064911,-0.9447074897277044
2024-08-12,136,McDonalds,Northeast,0.99,0.2763897525357172,0.027713269265470058,0.5703076004290429,-1.4167227552888253
2024-08-12,136,McDonalds,South,0.78223613664883,0.1655602206345579,0.28741291316892137,0.36290162650219815,-1.9288765457898727
2024-08-12,136,McDonalds,Midwest,0.6154442538374418,-0.11984257653266808,0.044879181552355416,0.27197951974525986,-0.7982427450570128
2024-08-12,136,McDonalds,West,0.31964199304249125,-0.11114776959931091,0.2724710438053291,0.32062222572817095,-1.093428921375788
2024-08-12,136,McDonalds,Southwest,0.9777393503018895,-0.0414559275620323,0.09761475647586786,0.06848935279224204,-1.7021857116976975
2024-08-12,136,BurgerKing,Northeast,0.19873979455750837,-0.026179372254403078,0.24450012132992213,0.1451965604342744,-1.2577573150678698
2024-08-12,136,BurgerKing,South,0.9776624823084684,0.23618842112986674,0.07960538031602005,0.48906939996118465,-0.8865346316994134
2024-08-12,136,BurgerKing,Midwest,0.3939668509621435,0.04233761706256509,0.3165741719930878,0.5707999278834135,-0.8443823193970343
2024-08-12,136,BurgerKing,West,0.4845402170161397,0.06855258686793916,0.10053500308910315,0.1221118822977808,-1.250572382001857
2024-08-12,136,BurgerKing,Southwest,0.6966981480838556,-0.006937275401000887,0.018483657576278914,0.31990659288970436,-1.5421782048067114
2024-08-12,136,Wendys,Northeast,0.8090499455022937,0.014176628684044892,0.1328241465142246,0.2864796801727,-0.5393861269422597
2024-08-12,136,Wendys,South,0.13479847772062417,-0.009200440656310321,0.06877335669035799,0.4254476061773757,-1.0049560835652607
2024-08-12,136,Wendys,Midwest,0.517941385315982,-0.026776500645209398,0.08722314572501384,0.211067729489257,-1.3876437209805519
2024-08-12,136,Wendys,West,0.40951186347183327,-0.0759324847757661,0.04165760766371676,0.41158605271605975,-1.5793051636930213
2024-08-12,136,Wendys,Southwest,0.17039325962180152,-0.026173553514387986,0.19598595047373857,0.4491558671991043,-0.9033455254946567
2024-08-12,136,TacoBell,Northeast,0.6613156483828877,0.15545249943883452,0.07730275216667797,0.26793124519078654,-1.6367248316093486
2024-08-12,136,TacoBell,South,0.01,-0.1841189785869823,0.003979491119964669,0.41766802910529877,-1.7424350165394678
2024-08-12,136,TacoBell,Midwest,0.37358072615221855,-0.012330974732582411,0.11549220000432603,0.150108946801192,-1.2052491665568945
2024-08-12,136,TacoBell,West,0.3211790311452661,0.06913675630934332,0.0446903396082485,0.47182917581289624,-1.5650189110337873
2024-08-12,136,TacoBell,Southwest,0.11759040113663644,-0.19102612996638474,0.10354646560386732,0.08879666648103435,-1.0566422826145774
2024-08-12,136,Subway,Northeast,0.25964796184628647,-0.20666869159806683,0.22149824057158357,0.4678561070838936,-1.8230919876886498
2024-08-12,136,Subway,South,0.7555578945984031,0.014586150066257752,0.12968553551579612,0.4688915625596436,-1.0175883431490176
2024-08-12,136,Subway,Midwest,0.41761437426758574,0.1096668540745423,0.21684813678008416,0.34844406917218707,-1.5750552080034468
2024-08-12,136,Subway,West,0.6726011893701684,0.048351381229591914,0.24228889639333023,0.264080582240048,-1.999635598348231
2024-08-12,136,Subway,Southwest,0.4676714119160062,0.027954704249605975,0.15684861764457372,0.1839016666596838,-1.8095959134887354
2024-08-12,136,KFC,Northeast,0.6752176291091533,0.15634842703935073,0.10307124891057669,0.41065611985185674,-0.5995769332473588
2024-08-12,136,KFC,South,0.6688737152414068,-0.01784290715053529,0.08985526769638223,0.059614022899604026,-0.6989680413269632
2024-08-12,136,KFC,Midwest,0.5252231825780471,0.079896973567464,0.06211878057985756,0.18162748643710216,-1.6495864519456447
2024-08-12,136,KFC,West,0.3321257622343148,-0.17487612704230346,0.06522890237178519,0.37457060797482544,-0.8324421431817632
2024-08-12,136,KFC,Southwest,0.6134890264529993,0.017223212972685753,0.2062792732454961,0.19135202294227086,-1.0871426102390387
2024-08-12,136,Dominos,Northeast,0.324504674980922,0.014814765798816996,0.05859345042386398,0.21214506472215292,-0.5436429328251958
2024-08-12,136,Dominos,South,0.33069589825689943,-0.10913202639273868,0.16903420222022753,0.2939671196096951,-1.4395915106989112
2024-08-12,136,Dominos,Midwest,0.3399734694246092,-0.2671220429832079,0.10019145266430377,0.27749119186196053,-0.977809081224243
2024-08-12,136,Dominos,West,0.2846197550937096,0.12410380868395855,0.09196263428197264,0.08585787626857316,-1.9046964163641222
2024-08-12,136,Dominos,Southwest,0.29377392888105025,0.05616847294047461,0.013614314134967706,0.23368255004054264,-1.4056289797753911
2024-08-12,136,PizzaHut,Northeast,0.47192072478259606,0.15550372989699585,0.1344967708176812,0.33192020930403915,-0.5542735082177292
2024-08-12,136,PizzaHut,South,0.48471447828326775,0.014411469669255625,0.17165385327232988,0.4309775708003919,-1.1915286883248193
2024-08-12,136,PizzaHut,Midwest,0.7746144511754536,-0.04195009286258058,0.05667293070097135,0.5405277045945869,-1.5681807449977332
2024-08-12,136,PizzaHut,West,0.3749783190617535,0.06677678199766174,0.14116557278651456,0.36248858833460823,-1.8195935553070897
2024-08-12,136,PizzaHut,Southwest,0.06513877749420852,-0.014414664079451103,0.2076269648452098,0.03054343973064911,-0.9447074897277044
2024-08-19,137,McDonalds,Northeast,0.99,0.26659049678789476,0.027713269265470058,0.5703076004290429,-1.4167227552888253
2024-08-19,137,McDonalds,South,0.7721772779885594,0.145986834743218,0.28741291316892137,0.36290162650219815,-1.9288765457898727
2024-08-19,137,McDonalds,Midwest,0.6182773505852335,-0.12652400701594574,0.044879181552355416,0.27197951974525986,-0.7982427450570128
2024-08-19,137,McDonalds,West,0.33109031479280215,-0.10921397508006932,0.2724710438053291,0.32062222572817095,-1.093428921375788
2024-08-19,137,McDonalds,Southwest,0.973772107078684,-0.0549376980163072,0.09761475647586786,0.06848935279224204,-1.7021857116976975
2024-08-19,137,BurgerKing,Northeast,0.18437437040195148,-0.026022549889686834,0.24450012132992213,0.1451965604342744,-1.2577573150678698
2024-08-19,137,BurgerKing,South,0.982142920031305,0.2551911053729764,0.07960538031602005,0.48906939996118465,-0.8865346316994134
2024-08-19,137,BurgerKing,Midwest,0.3896751699943927,0.052568182615087486,0.3165741719930878,0.5707999278834135,-0.8443823193970343
2024-08-19,137,BurgerKing,West,0.4864533855870718,0.08498800195914445,0.10053500308910315,0.1221118822977808,-1.250572382001857
2024-08-19,137,BurgerKing,Southwest,0.6860871803329097,-0.0030259966316736244,0.018483657576278914,0.31990659288970436,-1.5421782048067114
2024-08-19,137,Wendys,Northeast,0.8190339753582225,0.025851726913909353,0.1328241465142246,0.2864796801727,-0.5393861269422597
2024-08-19,137,Wendys,South,0.12586776204201072,-0.016440087960988194,0.06877335669035799,0.4254476061773757,-1.0049560835652607
2024-08-19,137,Wendys,Midwest,0.5098069142718267,-0.03321990331542924,0.08722314572501384,0.211067729489257,-1.3876437209805519
2024-08-19,137,Wendys,West,0.38042939303652296,-0.10332388683714083,0.04165760766371676,0.41158605271605975,-1.5793051636930213
2024-08-19,137,Wendys,Southwest,0.18056364598828895,-0.014312098773964995,0.19598595047373857,0.4491558671991043,-0.9033455254946567
2024-08-19,137,TacoBell,Northeast,0.6835386398939642,0.17085573923703337,0.07730275216667797,0.26793124519078654,-1.6367248316093486
2024-08-19,137,TacoBell,South,0.01,-0.189650751040455,0.003979491119964669,0.41766802910529877,-1.7424350165394678
2024-08-19,137,TacoBell,Midwest,0.37786096080112397,-0.014870491796554761,0.11549220000432603,0.150108946801192,-1.2052491665568945
2024-08-19,137,TacoBell,West,0.32046016172123426,0.061598135172433705,0.0446903396082485,0.47182917581289624,-1.5650189110337873
2024-08-19,137,TacoBell,Southwest,0.12823668836428914,-0.18719959445160983,0.10354646560386732,0.08879666648103435,-1.0566422826145774
2024-08-19,137,Subway,Northeast,0.2858839210017988,-0.1954193661450344,0.22149824057158357,0.4678561070838936,-1.8230919876886498
2024-08-19,137,Subway,South,0.7531168085620726,-0.002841569672552658,0.12968553551579612,0.4688915625596436,-1.0175883431490176
2024-08-19,137,Subway,Midwest,0.4366953932764882,0.11376123938096482,0.21684813678008416,0.34844406917218707,-1.5750552080034468
2024-08-19,137,Subway,West,0.6848211053554569,0.04558466351240046,0.24228889639333023,0.264080582240048,-1.999635598348231
2024-08-19,137,Subway,Southwest,0.483791989538153,0.029088648169272868,0.15684861764457372,0.1839016666596838,-1.8095959134887354
2024-08-19,137,KFC,Northeast,0.6825784563803101,0.16093836705609363,0.10307124891057669,0.41065611985185674,-0.5995769332473588
2024-08-19,137,KFC,South,0.6697625781080926,-0.0197249315382635,0.08985526769638223,0.059614022899604026,-0.6989680413269632
2024-08-19,137,KFC,Midwest,0.5269582012984033,0.0788611050334062,0.06211878057985756,0.18162748643710216,-1.6495864519456447
2024-08-19,137,KFC,West,0.3327578978131824,-0.17701487871784985,0.06522890237178519,0.37457060797482544,-0.8324421431817632
2024-08-19,137,KFC,Southwest,0.6259630757252961,0.026926374990568568,0.2062792732454961,0.19135202294227086,-1.0871426102390387
2024-08-19,137,Dominos,Northeast,0.3164669000430402,0.01900236540009196,0.05859345042386398,0.21214506472215292,-0.5436429328251958
2024-08-19,137,Dominos,South,0.3206763590951162,-0.10692619101536507,0.16903420222022753,0.2939671196096951,-1.4395915106989112
2024-08-19,137,Dominos,Midwest,0.3150385776745296,-0.27983156019413075,0.10019145266430377,0.27749119186196053,-0.977809081224243
2024-08-19,137,Dominos,West,0.2686085831224213,0.120318011251827,0.09196263428197264,0.08585787626857316,-1.9046964163641222
2024-08-19,137,Dominos,Southwest,0.2905352459452852,0.06515516454386636,0.013614314134967706,0.23368255004054264,-1.4056289797753911
2024-08-19,137,PizzaHut,Northeast,0.4589114444330453,0.1558806956282351,0.1344967708176812,0.33192020930403915,-0.5542735082177292
2024-08-19,137,PizzaHut,South,0.47792354689836913,0.021006784365147007,0.17165385327232988,0.4309775708003919,-1.1915286883248193
2024-08-19,137,PizzaHut,Midwest,0.7788933230979399,-0.02428497485930424,0.05667293070097135,0.5405277045945869,-1.5681807449977332
2024-08-19,137,PizzaHut,West,0.37197813367305166,0.0771628426897499,0.14116557278651456,0.36248858833460823,-1.8195935553070897
2024-08-19,137,PizzaHut,Southwest,0.05268411479041592,-0.01348308070245368,0.2076269648452098,0.03054343973064911,-0.9447074897277044
2024-08-26,138,McDonalds,Northeast,0.99,0.2614806050859375,0.027713269265470058,0.5703076004290429,-1.4167227552888253
2024-08-26,138,McDonalds,South,0.7543261763301017,0.12045133878265901,0.28741291316892137,0.36290162650219815,-1.9288765457898727
2024-08-26,138,McDonalds,Midwest,0.6242778956626063,-0.12820785624067427,0.044879181552355416,0.27197951974525986,-0.7982427450570128
2024-08-26,138,McDonalds,West,0.33551458413673496,-0.11247410003823781,0.2724710438053291,0.32062222572817095,-1.093428921375788
2024-08-26,138,McDonalds,Southwest,0.9853601633247391,-0.05103403607235344,0.09761475647586786,0.06848935279224204,-1.7021857116976975
2024-08-26,138,BurgerKing,Northeast,0.16876674751284212,-0.02756160215943371,0.24450012132992213,0.1451965604342744,-1.2577573150678698
2024-08-26,138,BurgerKing,South,0.9648704988175746,0.25198725477860845,0.07960538031602005,0.48906939996118465,-0.8865346316994134
2024-08-26,138,BurgerKing,Midwest,0.35781261006995807,0.03477419331001528,0.3165741719930878,0.5707999278834135,-0.8443823193970343
2024-08-26,138,BurgerKing,West,0.46298513667620866,0.07558832366764379,0.10053500308910315,0.1221118822977808,-1.250572382001857
2024-08-26,138,BurgerKing,Southwest,0.6767851201215528,0.00174051377633195,0.018483657576278914,0.31990659288970436,-1.5421782048067114
2024-08-26,138,Wendys,Northeast,0.8352871141877397,0.0430108032252363,0.1328241465142246,0.2864796801727,-0.5393861269422597
2024-08-26,138,Wendys,South,0.12398657072274474,-0.01741534179844443,0.06877335669035799,0.4254476061773757,-1.0049560835652607
2024-08-26,138,Wendys,Midwest,0.5121790875257581,-0.029941792579688008,0.08722314572501384,0.211067729489257,-1.3876437209805519
2024-08-26,138,Wendys,West,0.38904823712424125,-0.09379910526761277,0.04165760766371676,0.41158605271605975,-1.5793051636930213
2024-08-26,138,Wendys,Southwest,0.1715487691444767,-0.02242103813596749,0.19598595047373857,0.4491558671991043,-0.9033455254946567
2024-08-26,138,TacoBell,Northeast,0.6958055842816512,0.1745238796698878,0.07730275216667797,0.26793124519078654,-1.6367248316093486
2024-08-26,138,TacoBell,South,0.01,-0.1970556521037766,0.003979491119964669,0.41766802910529877,-1.7424350165394678
2024-08-26,138,TacoBell,Midwest,0.3951080091408665,-0.006222247411644644,0.11549220000432603,0.150108946801192,-1.2052491665568945
2024-08-26,138,TacoBell,West,0.33057299615558405,0.06311216565195103,0.0446903396082485,0.47182917581289624,-1.5650189110337873
2024-08-26,138,TacoBell,Southwest,0.139820010458936,-0.18421507631179543,0.10354646560386732,0.08879666648103435,-1.0566422826145774
2024-08-26,138,Subway,Northeast,0.2921322414078131,-0.2032453521192203,0.22149824057158357,0.4678561070838936,-1.8230919876886498
2024-08-26,138,Subway,South,0.7742614385383806,0.0042287539235551916,0.12968553551579612,0.4688915625596436,-1.0175883431490176
2024-08-26,138,Subway,Midwest,0.47161682886899847,0.13460836859327496,0.21684813678008416,0.34844406917218707,-1.5750552080034468
2024-08-26,138,Subway,West,0.6888162947813751,0.0355055465581184,0.24228889639333023,0.264080582240048,-1.999635598348231
2024-08-26,138,Subway,Southwest,0.4944687058418779,0.02569105809279763,0.15684861764457372,0.1839016666596838,-1.8095959134887354
2024-08-26,138,KFC,Northeast,0.6863209974230376,0.16325444179777454,0.10307124891057669,0.41065611985185674,-0.5995769332473588
2024-08-26,138,KFC,South,0.6790531065290973,-0.011860869418305336,0.08985526769638223,0.059614022899604026,-0.6989680413269632
2024-08-26,138,KFC,Midwest,0.5227892047465552,0.0732656421805115,0.06211878057985756,0.18162748643710216,-1.6495864519456447
2024-08-26,138,KFC,West,0.30585406121280156,-0.20534518161927726,0.06522890237178519,0.37457060797482544,-0.8324421431817632
2024-08-26,138,KFC,Southwest,0.6409814369679829,0.04051826993220882,0.2062792732454961,0.19135202294227086,-1.0871426102390387
2024-08-26,138,Dominos,Northeast,0.3113773409669991,0.026607426595933386,0.05859345042386398,0.21214506472215292,-0.5436429328251958
2024-08-26,138,Dominos,South,0.2905522635183671,-0.12435566632023173,0.16903420222022753,0.2939671196096951,-1.4395915106989112
2024-08-26,138,Dominos,Midwest,0.2962682694848515,-0.2859072481119263,0.10019145266430377,0.27749119186196053,-0.977809081224243
2024-08-26,138,Dominos,West,0.27159578714581206,0.13599983554710027,0.09196263428197264,0.08585787626857316,-1.9046964163641222
2024-08-26,138,Dominos,Southwest,0.29231858985798137,0.07963312872844502,0.013614314134967706,0.23368255004054264,-1.4056289797753911
2024-08-26,138,PizzaHut,Northeast,0.45641459212720237,0.16526709585502453,0.1344967708176812,0.33192020930403915,-0.5542735082177292
2024-08-26,138,PizzaHut,South,0.46427917002613805,0.01924566002554838,0.17165385327232988,0.4309775708003919,-1.1915286883248193
2024-08-26,138,PizzaHut,Midwest,0.7678399447534325,-0.02345510067117914,0.05667293070097135,0.5405277045945869,-1.5681807449977332
2024-08-26,138,PizzaHut,West,0.35878562308915796,0.07585358463848864,0.14116557278651456,0.36248858833460823,-1.8195935553070897
2024-08-26,138,PizzaHut,Southwest,0.0520832600904719,-0.002200682869765309,0.2076269648452098,0.03054343973064911,-0.9447074897277044
2024-09-02,139,McDonalds,Northeast,0.99,0.2527221810209864,0.027713269265470058,0.5703076004290429,-1.4167227552888253
2024-09-02,139,McDonalds,South,0.7520109978027356,0.11239334223381696,0.28741291316892137,0.36290162650219815,-1.9288765457898727
2024-09-02,139,McDonalds,Midwest,0.6401234595524423,-0.11810511037231411,0.044879181552355416,0.27197951974525986,-0.7982427450570128
2024-09-02,139,McDonalds,West,0.3408137876030953,-0.11291771459335342,0.2724710438053291,0.32062222572817095,-1.093428921375788
2024-09-02,139,McDonalds,Southwest,0.99,-0.03724936251781536,0.09761475647586786,0.06848935279224204,-1.7021857116976975
2024-09-02,139,BurgerKing,Northeast,0.14864076094495265,-0.034276724229239164,0.24450012132992213,0.1451965604342744,-1.2577573150678698
2024-09-02,139,BurgerKing,South,0.9509118507161023,0.2514394711752202,0.07960538031602005,0.48906939996118465,-0.8865346316994134
2024-09-02,139,BurgerKing,Midwest,0.3351776157234345,0.025550063461575748,0.3165741719930878,0.5707999278834135,-0.8443823193970343
2024-09-02,139,BurgerKing,West,0.4496478989923604,0.07566195048187946,0.10053500308910315,0.1221118822977808,-1.250572382001857
2024-09-02,139,BurgerKing,Southwest,0.6485887862534807,-0.013044955593656038,0.018483657576278914,0.31990659288970436,-1.5421782048067114
2024-09-02,139,Wendys,Northeast,0.8303031117967391,0.03813446901568667,0.1328241465142246,0.2864796801727,-0.5393861269422597
2024-09-02,139,Wendys,South,0.10951636389201261,-0.03177788044772561,0.06877335669035799,0.4254476061773757,-1.0049560835652607
2024-09-02,139,Wendys,Midwest,0.5190106516762197,-0.023002560247775423,0.08722314572501384,0.211067729489257,-1.3876437209805519
2024-09-02,139,Wendys,West,0.3961064623403868,-0.08663321187001626,0.04165760766371676,0.41158605271605975,-1.5793051636930213
2024-09-02,139,Wendys,Southwest,0.1541384736581823,-0.03972366544081094,0.19598595047373857,0.4491558671991043,-0.9033455254946567
2024-09-02,139,TacoBell,Northeast,0.7193975933054281,0.18786273712489354,0.07730275216667797,0.26793124519078654,-1.6367248316093486
2024-09-02,139,TacoBell,South,0.01,-0.17208150083957807,0.003979491119964669,0.41766802910529877,-1.7424350165394678
2024-09-02,139,TacoBell,Midwest,0.4058212245770011,-0.005762183544281234,0.11549220000432603,0.150108946801192,-1.2052491665568945
2024-09-02,139,TacoBell,West,0.33441500512210875,0.056701023049704584,0.0446903396082485,0.47182917581289624,-1.5650189110337873
2024-09-02,139,TacoBell,Southwest,0.17831646793773764,-0.15597177040176496,0.10354646560386732,0.08879666648103435,-1.0566422826145774
2024-09-02,139,Subway,Northeast,0.291900422079153,-0.2164350371022454,0.22149824057158357,0.4678561070838936,-1.8230919876886498
2024-09-02,139,Subway,South,0.7874203688614367,0.004429818592246175,0.12968553551579612,0.4688915625596436,-1.0175883431490176
2024-09-02,139,Subway,Midwest,0.48637091724968273,0.1364045913195942,0.21684813678008416,0.34844406917218707,-1.5750552080034468
2024-09-02,139,Subway,West,0.7152256366402643,0.04895702276264254,0.24228889639333023,0.264080582240048,-1.999635598348231
2024-09-02,139,Subway,Southwest,0.5110239612475108,0.029288447844065514,0.15684861764457372,0.1839016666596838,-1.8095959134887354
2024-09-02,139,KFC,Northeast,0.6813960164067253,0.15826810283989004,0.10307124891057669,0.41065611985185674,-0.5995769332473588
2024-09-02,139,KFC,South,0.6696026207667899,-0.021372713122184896,0.08985526769638223,0.059614022899604026,-0.6989680413269632
2024-09-02,139,KFC,Midwest,0.519432344485666,0.06984742397805015,0.06211878057985756,0.18162748643710216,-1.6495864519456447
2024-09-02,139,KFC,West,0.29584614554492217,-0.2154144552287287,0.06522890237178519,0.37457060797482544,-0.8324421431817632
2024-09-02,139,KFC,Southwest,0.6415210481074018,0.04099652313005565,0.2062792732454961,0.19135202294227086,-1.0871426102390387
2024-09-02,139,Dominos,Northeast,0.29275561759355595,0.02096546479732852,0.05859345042386398,0.21214506472215292,-0.5436429328251958
2024-09-02,139,Dominos,South,0.2626321240106313,-0.13929604425312925,0.16903420222022753,0.2939671196096951,-1.4395915106989112
2024-09-02,139,Dominos,Midwest,0.2958399657937623,-0.27335579022817724,0.10019145266430377,0.27749119186196053,-0.977809081224243
2024-09-02,139,Dominos,West,0.2536393003366834,0.1310231103128099,0.09196263428197264,0.08585787626857316,-1.9046964163641222
2024-09-02,139,Dominos,Southwest,0.26665746023339,0.0669517606786919,0.013614314134967706,0.23368255004054264,-1.4056289797753911
2024-09-02,139,PizzaHut,Northeast,0.44452407932228993,0.1635845045101491,0.1344967708176812,0.33192020930403915,-0.5542735082177292
2024-09-02,139,PizzaHut,South,0.4547549642257777,0.01992937568522497,0.17165385327232988,0.4309775708003919,-1.1915286883248193
2024-09-02,139,PizzaHut,Midwest,0.7401673560376052,-0.040919767926969476,0.05667293070097135,0.5405277045945869,-1.5681807449977332
2024-09-02,139,PizzaHut,West,0.35189417830037867,0.07917006130974627,0.14116557278651456,0.36248858833460823,-1.8195935553070897
2024-09-02,139,PizzaHut,Southwest,0.031403762943532254,-0.012672258556667955,0.2076269648452098,0.03054343973064911,-0.9447074897277044
2024-09-09,140,McDonalds,Northeast,0.99,0.2698324691128943,0.027713269265470058,0.5703076004290429,-1.4167227552888253
2024-09-09,140,McDonalds,South,0.7609685591296567,0.11763294735458431,0.28741291316892137,0.36290162650219815,-1.9288765457898727
2024-09-09,140,McDonalds,Midwest,0.6398424158575029,-0.12210411027340727,0.044879181552355416,0.27197951974525986,-0.7982427450570128
2024-09-09,140,McDonalds,West,0.33708006610607555,-0.12036939229652692,0.2724710438053291,0.32062222572817095,-1.093428921375788
2024-09-09,140,McDonalds,Southwest,0.99,-0.0382990395934516,0.09761475647586786,0.06848935279224204,-1.7021857116976975
2024-09-09,140,BurgerKing,Northeast,0.14221000178509435,-0.028148816813406266,0.24450012132992213,0.1451965604342744,-1.2577573150678698
2024-09-09,140,BurgerKing,South,0.938098242854559,0.2511845298893682,0.07960538031602005,0.48906939996118465,-0.8865346316994134
2024-09-09,140,BurgerKing,Midwest,0.3204473610763747,0.023378475390207182,0.3165741719930878,0.5707999278834135,-0.8443823193970343
2024-09-09,140,BurgerKing,West,0.4376729353248482,0.07624565339005841,0.10053500308910315,0.1221118822977808,-1.250572382001857
2024-09-09,140,BurgerKing,Southwest,0.62999153036542,-0.019083544906025585,0.018483657576278914,0.31990659288970436,-1.5421782048067114
2024-09-09,140,Wendys,Northeast,0.827563215110949,0.034702409747256295,0.1328241465142246,0.2864796801727,-0.5393861269422597
2024-09-09,140,Wendys,South,0.08935060208560286,-0.05263580483677564,0.06877335669035799,0.4254476061773757,-1.0049560835652607
2024-09-09,140,Wendys,Midwest,0.5294400765673837,-0.013265297939251746,0.08722314572501384,0.211067729489257,-1.3876437209805519
2024-09-09,140,Wendys,West,0.3997866027262447,-0.08364523406679863,0.04165760766371676,0.41158605271605975,-1.5793051636930213
2024-09-09,140,Wendys,Southwest,0.14709607780048828,-0.04745822388114524,0.19598595047373857,0.4491558671991043,-0.9033455254946567
2024-09-09,140,TacoBell,Northeast,0.7501437454062744,0.20685008693844592,0.07730275216667797,0.26793124519078654,-1.6367248316093486
2024-09-09,140,TacoBell,South,0.01,-0.1712113360356542,0.003979491119964669,0.41766802910529877,-1.7424350165394678
2024-09-09,140,TacoBell,Midwest,0.40721859114454306,-0.016123619264033204,0.11549220000432603,0.150108946801192,-1.2052491665568945
2024-09-09,140,TacoBell,West,0.3547411816241072,0.06526839726440917,0.0446903396082485,0.47182917581289624,-1.5650189110337873
2024-09-09,140,TacoBell,Southwest,0.19405575239012418,-0.15199128823667235,0.10354646560386732,0.08879666648103435,-1.0566422826145774
2024-09-09,140,Subway,Northeast,0.3074997247020951,-0.2124892372474032,0.22149824057158357,0.4678561070838936,-1.8230919876886498
2024-09-09,140,Subway,South,0.7948163155830206,0.00017226254573027028,0.12968553551579612,0.4688915625596436,-1.0175883431490176
2024-09-09,140,Subway,Midwest,0.502529377255563,0.14090954855737456,0.21684813678008416,0.34844406917218707,-1.5750552080034468
2024-09-09,140,Subway,West,0.7242615565061531,0.0463394398604316,0.24228889639333023,0.264080582240048,-1.999635598348231
2024-09-09,140,Subway,Southwest,0.5282368785320691,0.03484786236052394,0.15684861764457372,0.1839016666596838,-1.8095959134887354
2024-09-09,140,KFC,Northeast,0.6610419316017888,0.13921865829978364,0.10307124891057669,0.41065611985185674,-0.5995769332473588
2024-09-09,140,KFC,South,0.663959245872168,-0.025711447751976785,0.08985526769638223,0.059614022899604026,-0.6989680413269632
2024-09-09,140,KFC,Midwest,0.535349255198918,0.0870689749561321,0.06211878057985756,0.18162748643710216,-1.6495864519456447
2024-09-09,140,KFC,West,0.28687083072608927,-0.2230851297827317,0.06522890237178519,0.37457060797482544,-0.8324421431817632
2024-09-09,140,KFC,Southwest,0.63417802486764,0.03495814015512378,0.2062792732454961,0.19135202294227086,-1.0871426102390387
2024-09-09,140,Dominos,Northeast,0.27519934103848503,0.016485851412828767,0.05859345042386398,0.21214506472215292,-0.5436429328251958
2024-09-09,140,Dominos,South,0.2374073994811737,-0.15144410561201568,0.16903420222022753,0.2939671196096951,-1.4395915106989112
2024-09-09,140,Dominos,Midwest,0.26068049486090866,-0.29543859799045974,0.10019145266430377,0.27749119186196053,-0.977809081224243
2024-09-09,140,Dominos,West,0.23825677318087612,0.12871724632757375,0.09196263428197264,0.08585787626857316,-1.9046964163641222
2024-09-09,140,Dominos,Southwest,0.2549393913036354,0.06831035491950846,0.013614314134967706,0.23368255004054264,-1.4056289797753911
2024-09-09,140,PizzaHut,Northeast,0.4356144791927343,0.16305945382476258,0.1344967708176812,0.33192020930403915,-0.5542735082177292
2024-09-09,140,PizzaHut,South,0.44492162916212974,0.0184805900657461,0.17165385327232988,0.4309775708003919,-1.1915286883248193
2024-09-09,140,PizzaHut,Midwest,0.7322132153019401,-0.0404893592184656,0.05667293070097135,0.5405277045945869,-1.5681807449977332
2024-09-09,140,PizzaHut,West,0.35373804357171723,0.08939847602525391,0.14116557278651456,0.36248858833460823,-1.8195935553070897
2024-09-09,140,PizzaHut,Southwest,0.02111475164007101,-0.014576720415960124,0.2076269648452098,0.03054343973064911,-0.9447074897277044
2024-09-16,141,McDonalds,Northeast,0.99,0.2640916433420216,0.027713269265470058,0.5703076004290429,-1.4167227552888253
2024-09-16,141,McDonalds,South,0.7597964788069257,0.11482169250570344,0.28741291316892137,0.36290162650219815,-1.9288765457898727
2024-09-16,141,McDonalds,Midwest,0.6472750579812206,-0.11631064267583952,0.044879181552355416,0.27197951974525986,-0.7982427450570128
2024-09-16,141,McDonalds,West,0.3528395094176579,-0.10624912351109442,0.2724710438053291,0.32062222572817095,-1.093428921375788
2024-09-16,141,McDonalds,Southwest,0.99,-0.044580476985143384,0.09761475647586786,0.06848935279224204,-1.7021857116976975
2024-09-16,141,BurgerKing,Northeast,0.13167500375588734,-0.02715947894311743,0.24450012132992213,0.1451965604342744,-1.2577573150678698
2024-09-16,141,BurgerKing,South,0.9299574813744227,0.2545681043087278,0.07960538031602005,0.48906939996118465,-0.8865346316994134
2024-09-16,141,BurgerKing,Midwest,0.29899724510959064,0.013452695322918953,0.3165741719930878,0.5707999278834135,-0.8443823193970343
2024-09-16,141,BurgerKing,West,0.4263527710974815,0.07644982506218759,0.10053500308910315,0.1221118822977808,-1.250572382001857
2024-09-16,141,BurgerKing,Southwest,0.6038104558925032,-0.033740283479446534,0.018483657576278914,0.31990659288970436,-1.5421782048067114
2024-09-16,141,Wendys,Northeast,0.8113546672943043,0.017011906709862308,0.1328241465142246,0.2864796801727,-0.5393861269422597
2024-09-16,141,Wendys,South,0.09450002138527465,-0.04896834075785307,0.06877335669035799,0.4254476061773757,-1.0049560835652607
2024-09-16,141,Wendys,Midwest,0.5270832843748251,-0.017104045352559574,0.08722314572501384,0.211067729489257,-1.3876437209805519
2024-09-16,141,Wendys,West,0.40329136202320615,-0.08162242999058644,0.04165760766371676,0.41158605271605975,-1.5793051636930213
2024-09-16,141,Wendys,Southwest,0.14839908325115403,-0.04763717365122874,0.19598595047373857,0.4491558671991043,-0.9033455254946567
2024-09-16,141,TacoBell,Northeast,0.7534736652475533,0.19708608645180795,0.07730275216667797,0.26793124519078654,-1.6367248316093486
2024-09-16,141,TacoBell,South,0.015131530651151415,-0.17166387905529756,0.003979491119964669,0.41766802910529877,-1.7424350165394678
2024-09-16,141,TacoBell,Midwest,0.4079814984223115,-0.028454632314181758,0.11549220000432603,0.150108946801192,-1.2052491665568945
2024-09-16,141,TacoBell,West,0.38174482553203826,0.07917812084442317,0.0446903396082485,0.47182917581289624,-1.5650189110337873
2024-09-16,141,TacoBell,Southwest,0.19358996926944155,-0.165550991685272,0.10354646560386732,0.08879666648103435,-1.0566422826145774
2024-09-16,141,Subway,Northeast,0.3157220063084215,-0.21444708995708903,0.22149824057158357,0.4678561070838936,-1.8230919876886498
2024-09-16,141,Subway,South,0.7945737340185605,-0.010250453334742213,0.12968553551579612,0.4688915625596436,-1.0175883431490176
2024-09-16,141,Subway,Midwest,0.5184137233051832,0.14661376029098253,0.21684813678008416,0.34844406917218707,-1.5750552080034468
2024-09-16,141,Subway,West,0.7311273771093504,0.04302512614761657,0.24228889639333023,0.264080582240048,-1.999635598348231
2024-09-16,141,Subway,Southwest,0.5332303456518692,0.029661195164311836,0.15684861764457372,0.1839016666596838,-1.8095959134887354
2024-09-16,141,KFC,Northeast,0.6669222291983787,0.14775067375029918,0.10307124891057669,0.41065611985185674,-0.5995769332473588
2024-09-16,141,KFC,South,0.6616018339350178,-0.025417141835201263,0.08985526769638223,0.059614022899604026,-0.6989680413269632
2024-09-16,141,KFC,Midwest,0.5378639818043518,0.09223541941549177,0.06211878057985756,0.18162748643710216,-1.6495864519456447
2024-09-16,141,KFC,West,0.27440585350698876,-0.23289838914790637,0.06522890237178519,0.37457060797482544,-0.8324421431817632
2024-09-16,141,KFC,Southwest,0.6174781375744391,0.020909970715848714,0.2062792732454961,0.19135202294227086,-1.0871426102390387
2024-09-16,141,Dominos,Northeast,0.2632875009205358,0.017557931033230105,0.05859345042386398,0.21214506472215292,-0.5436429328251958
2024-09-16,141,Dominos,South,0.22123501618787583,-0.154632569166963,0.16903420222022753,0.2939671196096951,-1.4395915106989112
2024-09-16,141,Dominos,Midwest,0.25396092184709756,-0.2891742512659203,0.10019145266430377,0.27749119186196053,-0.977809081224243
2024-09-16,141,Dominos,West,0.2244737689159001,0.12791816180094825,0.09196263428197264,0.08585787626857316,-1.9046964163641222
2024-09-16,141,Dominos,Southwest,0.24400622495763113,0.07036110831185476,0.013614314134967706,0.23368255004054264,-1.4056289797753911
2024-09-16,141,PizzaHut,Northeast,0.41294107385519396,0.14682562852535014,0.1344967708176812,0.33192020930403915,-0.5542735082177292
2024-09-16,141,PizzaHut,South,0.45736641852014437,0.03736495946188867,0.17165385327232988,0.4309775708003919,-1.1915286883248193
2024-09-16,141,PizzaHut,Midwest,0.7241312154134918,-0.04213177906878592,0.05667293070097135,0.5405277045945869,-1.5681807449977332
2024-09-16,141,PizzaHut,West,0.3542743332369813,0.09637434572864591,0.14116557278651456,0.36248858833460823,-1.8195935553070897
2024-09-16,141,PizzaHut,Southwest,0.01,-0.02293763711815639,0.2076269648452098,0.03054343973064911,-0.9447074897277044
2024-09-23,142,McDonalds,Northeast,0.99,0.26717174236419505,0.027713269265470058,0.5703076004290429,-1.4167227552888253
2024-09-23,142,McDonalds,South,0.7463046517989658,0.10179324487045599,0.28741291316892137,0.36290162650219815,-1.9288765457898727
2024-09-23,142,McDonalds,Midwest,0.6513323569911047,-0.11178996429324281,0.044879181552355416,0.27197951974525986,-0.7982427450570128
2024-09-23,142,McDonalds,West,0.34881638920108704,-0.10980886435495274,0.2724710438053291,0.32062222572817095,-1.093428921375788
2024-09-23,142,McDonalds,Southwest,0.99,-0.04428857194578771,0.09761475647586786,0.06848935279224204,-1.7021857116976975
2024-09-23,142,BurgerKing,Northeast,0.12833187115008213,-0.020179738641816453,0.24450012132992213,0.1451965604342744,-1.2577573150678698
2024-09-23,142,BurgerKing,South,0.9073092053551138,0.24224270119652497,0.07960538031602005,0.48906939996118465,-0.8865346316994134
2024-09-23,142,BurgerKing,Midwest,0.28182945489635647,0.006607778016790983,0.3165741719930878,0.5707999278834135,-0.8443823193970343
2024-09-23,142,BurgerKing,West,0.42060314100124285,0.08102306787305524,0.10053500308910315,0.1221118822977808,-1.250572382001857
2024-09-23,142,BurgerKing,Southwest,0.6144697977308644,-0.012758068733979066,0.018483657576278914,0.31990659288970436,-1.5421782048067114
2024-09-23,142,Wendys,Northeast,0.8122240996693261,0.01563108336324749,0.1328241465142246,0.2864796801727,-0.5393861269422597
2024-09-23,142,Wendys,South,0.10266163828615057,-0.04305697957861375,0.06877335669035799,0.4254476061773757,-1.0049560835652607
2024-09-23,142,Wendys,Midwest,0.528263825397877,-0.018173760051144374,0.08722314572501384,0.211067729489257,-1.3876437209805519
2024-09-23,142,Wendys,West,0.42496407369240574,-0.06219997404302345,0.04165760766371676,0.41158605271605975,-1.5793051636930213
2024-09-23,142,Wendys,Southwest,0.13317712230313802,-0.0651093903208813,0.19598595047373857,0.4491558671991043,-0.9033455254946567
2024-09-23,142,TacoBell,Northeast,0.7686590187619595,0.19803229689850152,0.07730275216667797,0.26793124519078654,-1.6367248316093486
2024-09-23,142,TacoBell,South,0.013115233383243302,-0.18791931939091816,0.003979491119964669,0.41766802910529877,-1.7424350165394678
2024-09-23,142,TacoBell,Midwest,0.39715492578465683,-0.05352034801954893,0.11549220000432603,0.150108946801192,-1.2052491665568945
2024-09-23,142,TacoBell,West,0.39895858913092896,0.08215274137560134,0.0446903396082485,0.47182917581289624,-1.5650189110337873
2024-09-23,142,TacoBell,Southwest,0.20922409029862862,-0.1641560137237974,0.10354646560386732,0.08879666648103435,-1.0566422826145774
2024-09-23,142,Subway,Northeast,0.32143276483623895,-0.21729545933451105,0.22149824057158357,0.4678561070838936,-1.8230919876886498
2024-09-23,142,Subway,South,0.8020709210234023,-0.011312394235139744,0.12968553551579612,0.4688915625596436,-1.0175883431490176
2024-09-23,142,Subway,Midwest,0.5579558455511353,0.1775967546316951,0.21684813678008416,0.34844406917218707,-1.5750552080034468
2024-09-23,142,Subway,West,0.7371047536342754,0.040443374767302226,0.24228889639333023,0.264080582240048,-1.999635598348231
2024-09-23,142,Subway,Southwest,0.5468907171696095,0.034762438776812586,0.15684861764457372,0.1839016666596838,-1.8095959134887354
2024-09-23,142,KFC,Northeast,0.6564682422434633,0.14125702555416036,0.10307124891057669,0.41065611985185674,-0.5995769332473588
2024-09-23,142,KFC,South,0.6605938209266473,-0.022464816084795232,0.08985526769638223,0.059614022899604026,-0.6989680413269632
2024-09-23,142,KFC,Midwest,0.5315213062950191,0.0898530826649356,0.06211878057985756,0.18162748643710216,-1.6495864519456447
2024-09-23,142,KFC,West,0.266340329920915,-0.23700357397520366,0.06522890237178519,0.37457060797482544,-0.8324421431817632
2024-09-23,142,KFC,Southwest,0.6317067841376659,0.03909895603785196,0.2062792732454961,0.19135202294227086,-1.0871426102390387
2024-09-23,142,Dominos,Northeast,0.26235647425746683,0.029329780665073496,0.05859345042386398,0.21214506472215292,-0.5436429328251958
2024-09-23,142,Dominos,South,0.20989960636695582,-0.1532651026929707,0.16903420222022753,0.2939671196096951,-1.4395915106989112
2024-09-23,142,Dominos,Midwest,0.21821592619274555,-0.31221637062535995,0.10019145266430377,0.27749119186196053,-0.977809081224243
2024-09-23,142,Dominos,West,0.20816080038846202,0.12430806956842255,0.09196263428197264,0.08585787626857316,-1.9046964163641222
2024-09-23,142,Dominos,Southwest,0.2583336243067696,0.09739138395590559,0.013614314134967706,0.23368255004054264,-1.4056289797753911
2024-09-23,142,PizzaHut,Northeast,0.40623323692093394,0.14451901185895305,0.1344967708176812,0.33192020930403915,-0.5542735082177292
2024-09-23,142,PizzaHut,South,0.46399737397281804,0.04839713518242525,0.17165385327232988,0.4309775708003919,-1.1915286883248193
2024-09-23,142,PizzaHut,Midwest,0.7341494191651549,-0.027712355049259917,0.05667293070097135,0.5405277045945869,-1.5681807449977332
2024-09-23,142,PizzaHut,West,0.3520627521276781,0.09856398488720566,0.14116557278651456,0.36248858833460823,-1.8195935553070897
2024-09-23,142,PizzaHut,Southwest,0.01,-0.031355853436837916,0.2076269648452098,0.03054343973064911,-0.9447074897277044
2024-09-30,143,McDonalds,Northeast,0.99,0.24281861904636617,0.027713269265470058,0.5703076004290429,-1.4167227552888253
2024-09-30,143,McDonalds,South,0.7505870707983581,0.10863487695654553,0.28741291316892137,0.36290162650219815,-1.9288765457898727
2024-09-30,143,McDonalds,Midwest,0.6406255838761721,-0.11993752432147829,0.044879181552355416,0.27197951974525986,-0.7982427450570128
2024-09-30,143,McDonalds,West,0.3480186806332668,-0.10804735983607582,0.2724710438053291,0.32062222572817095,-1.093428921375788
2024-09-30,143,McDonalds,Southwest,0.987684780349781,-0.056786775341681354,0.09761475647586786,0.06848935279224204,-1.7021857116976975
2024-09-30,143,BurgerKing,Northeast,0.1167077938636299,-0.022832114046518477,0.24450012132992213,0.1451965604342744,-1.2577573150678698
2024-09-30,143,BurgerKing,South,0.898674694022374,0.2425798917455355,0.07960538031602005,0.48906939996118465,-0.8865346316994134
2024-09-30,143,BurgerKing,Midwest,0.2755436888250493,0.00929371382723396,0.3165741719930878,0.5707999278834135,-0.8443823193970343
2024-09-30,143,BurgerKing,West,0.4004832172459686,0.0698748459995311,0.10053500308910315,0.1221118822977808,-1.250572382001857
2024-09-30,143,BurgerKing,Southwest,0.6174672053367277,-0.0007889592463655431,0.018483657576278914,0.31990659288970436,-1.5421782048067114
2024-09-30,143,Wendys,Northeast,0.8092410735869728,0.009662135515927778,0.1328241465142246,0.2864796801727,-0.5393861269422597
2024-09-30,143,Wendys,South,0.08890286544658466,-0.059801674183146206,0.06877335669035799,0.4254476061773757,-1.0049560835652607
2024-09-30,143,Wendys,Midwest,0.5301595129632088,-0.01926399425077901,0.08722314572501384,0.211067729489257,-1.3876437209805519
2024-09-30,143,Wendys,West,0.4282937485476369,-0.06185622095275885,0.04165760766371676,0.41158605271605975,-1.5793051636930213
2024-09-30,143,Wendys,Southwest,0.13776893839982218,-0.0635034959891637,0.19598595047373857,0.4491558671991043,-0.9033455254946567
2024-09-30,143,TacoBell,Northeast,0.7974582046496221,0.2116536209353523,0.07730275216667797,0.26793124519078654,-1.6367248316093486
2024-09-30,143,TacoBell,South,0.025928606866696555,-0.19028380775827675,0.003979491119964669,0.41766802910529877,-1.7424350165394678
2024-09-30,143,TacoBell,Midwest,0.411136591391781,-0.05471654426323664,0.11549220000432603,0.150108946801192,-1.2052491665568945
2024-09-30,143,TacoBell,West,0.4031046071694098,0.0711208975632704,0.0446903396082485,0.47182917581289624,-1.5650189110337873
2024-09-30,143,TacoBell,Southwest,0.23260748717831947,-0.15595047869491843,0.10354646560386732,0.08879666648103435,-1.0566422826145774
2024-09-30,143,Subway,Northeast,0.330089847747565,-0.21545236869373002,0.22149824057158357,0.4678561070838936,-1.8230919876886498
2024-09-30,143,Subway,South,0.8046846360210058,-0.015512671508081373,0.12968553551579612,0.4688915625596436,-1.0175883431490176
2024-09-30,143,Subway,Midwest,0.5457230908870256,0.15855000769704047,0.21684813678008416,0.34844406917218707,-1.5750552080034468
2024-09-30,143,Subway,West,0.7583628678553714,0.054887496717853104,0.24228889639333023,0.264080582240048,-1.999635598348231
2024-09-30,143,Subway,Southwest,0.541427909795594,0.022485639132252013,0.15684861764457372,0.1839016666596838,-1.8095959134887354
2024-09-30,143,KFC,Northeast,0.6453439375171417,0.1353442454604633,0.10307124891057669,0.41065611985185674,-0.5995769332473588
2024-09-30,143,KFC,South,0.6589657414047827,-0.0188813709740352,0.08985526769638223,0.059614022899604026,-0.6989680413269632
2024-09-30,143,KFC,Midwest,0.5143442023762277,0.07788750337876874,0.06211878057985756,0.18162748643710216,-1.6495864519456447
2024-09-30,143,KFC,West,0.24619370750575886,-0.2519386717577351,0.06522890237178519,0.37457060797482544,-0.8324421431817632
2024-09-30,143,KFC,Southwest,0.6052557836780346,0.017859480210845314,0.2062792732454961,0.19135202294227086,-1.0871426102390387
2024-09-30,143,Dominos,Northeast,0.25732883509824855,0.036539750194129854,0.05859345042386398,0.21214506472215292,-0.5436429328251958
2024-09-30,143,Dominos,South,0.19221013523141786,-0.15871696514023392,0.16903420222022753,0.2939671196096951,-1.4395915106989112
2024-09-30,143,Dominos,Midwest,0.23525101842920412,-0.2829436697006267,0.10019145266430377,0.27749119186196053,-0.977809081224243
2024-09-30,143,Dominos,West,0.1859796410438786,0.11436451891211381,0.09196263428197264,0.08585787626857316,-1.9046964163641222
2024-09-30,143,Dominos,Southwest,0.2368815053842057,0.08817687372161638,0.013614314134967706,0.23368255004054264,-1.4056289797753911
2024-09-30,143,PizzaHut,Northeast,0.39828027565985585,0.13886508215609902,0.1344967708176812,0.33192020930403915,-0.5542735082177292
2024-09-30,143,PizzaHut,South,0.4641296889659789,0.05082848173381014,0.17165385327232988,0.4309775708003919,-1.1915286883248193
2024-09-30,143,PizzaHut,Midwest,0.7271483542190778,-0.03241438843711303,0.05667293070097135,0.5405277045945869,-1.5681807449977332
2024-09-30,143,PizzaHut,West,0.3558870427094792,0.10468730702723078,0.14116557278651456,0.36248858833460823,-1.8195935553070897
2024-09-30,143,PizzaHut,Southwest,0.01,-0.04114173733672446,0.2076269648452098,0.03054343973064911,-0.9447074897277044
2024-10-07,144,McDonalds,Northeast,0.9819758068543605,0.22900270186173036,0.027713269265470058,0.5703076004290429,-1.4167227552888253
2024-10-07,144,McDonalds,South,0.7279869917323482,0.09065272956245446,0.28741291316892137,0.36290162650219815,-1.9288765457898727
2024-10-07,144,McDonalds,Midwest,0.6137719105248812,-0.14217326600085026,0.044879181552355416,0.27197951974525986,-0.7982427450570128
2024-10-07,144,McDonalds,West,0.33822005876659733,-0.11322805003082638,0.2724710438053291,0.32062222572817095,-1.093428921375788
2024-10-07,144,McDonalds,Southwest,0.9800570455539298,-0.05979657846561357,0.09761475647586786,0.06848935279224204,-1.7021857116976975
2024-10-07,144,BurgerKing,Northeast,0.10290300533314557,-0.02914648432135031,0.24450012132992213,0.1451965604342744,-1.2577573150678698
2024-10-07,144,BurgerKing,South,0.9036183337385933,0.2550139497174071,0.07960538031602005,0.48906939996118465,-0.8865346316994134
2024-10-07,144,BurgerKing,Midwest,0.28033357266547815,0.02157401592331531,0.3165741719930878,0.5707999278834135,-0.8443823193970343
2024-10-07,144,BurgerKing,West,0.3896447691158711,0.06652681612508608,0.10053500308910315,0.1221118822977808,-1.250572382001857
2024-10-07,144,BurgerKing,Southwest,0.5920375759491556,-0.018728170378285176,0.018483657576278914,0.31990659288970436,-1.5421782048067114
2024-10-07,144,Wendys,Northeast,0.8072523068198444,0.003995084435377249,0.1328241465142246,0.2864796801727,-0.5393861269422597
2024-10-07,144,Wendys,South,0.08658293582083612,-0.06579988812231682,0.06877335669035799,0.4254476061773757,-1.0049560835652607
2024-10-07,144,Wendys,Midwest,0.5272664476538503,-0.025835343873559593,0.08722314572501384,0.211067729489257,-1.3876437209805519
2024-10-07,144,Wendys,West,0.42499484382207653,-0.0688334099917413,0.04165760766371676,0.41158605271605975,-1.5793051636930213
2024-10-07,144,Wendys,Southwest,0.1349125937559962,-0.07003812494641178,0.19598595047373857,0.4491558671991043,-0.9033455254946567
2024-10-07,144,TacoBell,Northeast,0.8094892513469991,0.20778820477637472,0.07730275216667797,0.26793124519078654,-1.6367248316093486
2024-10-07,144,TacoBell,South,0.03546965873489564,-0.1966392187464323,0.003979491119964669,0.41766802910529877,-1.7424350165394678
2024-10-07,144,TacoBell,Midwest,0.42911627933439156,-0.05263331917698072,0.11549220000432603,0.150108946801192,-1.2052491665568945
2024-10-07,144,TacoBell,West,0.4226047571848131,0.07472458472231902,0.0446903396082485,0.47182917581289624,-1.5650189110337873
2024-10-07,144,TacoBell,Southwest,0.23939749916284916,-0.16505692956674334,0.10354646560386732,0.08879666648103435,-1.0566422826145774
2024-10-07,144,Subway,Northeast,0.3477705373452371,-0.20274171543365968,0.22149824057158357,0.4678561070838936,-1.8230919876886498
2024-10-07,144,Subway,South,0.7998540493402013,-0.025313294526487513,0.12968553551579612,0.4688915625596436,-1.0175883431490176
2024-10-07,144,Subway,Midwest,0.534515121086474,0.1423720015588871,0.21684813678008416,0.34844406917218707,-1.5750552080034468
2024-10-07,144,Subway,West,0.7671406849066237,0.05869527743150362,0.24228889639333023,0.264080582240048,-1.999635598348231
2024-10-07,144,Subway,Southwest,0.5382238647890523,0.014311557788108616,0.15684861764457372,0.1839016666596838,-1.8095959134887354
2024-10-07,144,KFC,Northeast,0.6421697221413015,0.13855716016803718,0.10307124891057669,0.41065611985185674,-0.5995769332473588
2024-10-07,144,KFC,South,0.6285419253103635,-0.042918056985040504,0.08985526769638223,0.059614022899604026,-0.6989680413269632
2024-10-07,144,KFC,Midwest,0.5218816317076443,0.09181206279359941,0.06211878057985756,0.18162748643710216,-1.6495864519456447
2024-10-07,144,KFC,West,0.24652951150274902,-0.24521573767733107,0.06522890237178519,0.37457060797482544,-0.8324421431817632
2024-10-07,144,KFC,Southwest,0.5838638881029906,0.002854714719215296,0.2062792732454961,0.19135202294227086,-1.0871426102390387
2024-10-07,144,Dominos,Northeast,0.23094619937225289,0.021751978955666995,0.05859345042386398,0.21214506472215292,-0.5436429328251958
2024-10-07,144,Dominos,South,0.1973379297848604,-0.14199430609925864,0.16903420222022753,0.2939671196096951,-1.4395915106989112
2024-10-07,144,Dominos,Midwest,0.21628235490669176,-0.29031746873560627,0.10019145266430377,0.27749119186196053,-0.977809081224243
2024-10-07,144,Dominos,West,0.16604292806901957,0.10602267042478758,0.09196263428197264,0.08585787626857316,-1.9046964163641222
2024-10-07,144,Dominos,Southwest,0.20262611995518007,0.06551635278012355,0.013614314134967706,0.23368255004054264,-1.4056289797753911
2024-10-07,144,PizzaHut,Northeast,0.3946089925870694,0.13535730010008348,0.1344967708176812,0.33192020930403915,-0.5542735082177292
2024-10-07,144,PizzaHut,South,0.46168899180085043,0.04855128558545261,0.17165385327232988,0.4309775708003919,-1.1915286883248193
2024-10-07,144,PizzaHut,Midwest,0.7341397841700017,-0.025259457469418177,0.05667293070097135,0.5405277045945869,-1.5681807449977332
2024-10-07,144,PizzaHut,West,0.3417327574108635,0.09069652274538603,0.14116557278651456,0.36248858833460823,-1.8195935553070897
2024-10-07,144,PizzaHut,Southwest,0.01,-0.056344605259130556,0.2076269648452098,0.03054343973064911,-0.9447074897277044
2024-10-14,145,McDonalds,Northeast,0.979875754753433,0.23351232820949513,0.027713269265470058,0.5703076004290429,-1.4167227552888253
2024-10-14,145,McDonalds,South,0.7314446139959265,0.1007200302747251,0.28741291316892137,0.36290162650219815,-1.9288765457898727
2024-10-14,145,McDonalds,Midwest,0.5914507085650101,-0.15788478951202908,0.044879181552355416,0.27197951974525986,-0.7982427450570128
2024-10-14,145,McDonalds,West,0.3424255211809025,-0.10241290916782897,0.2724710438053291,0.32062222572817095,-1.093428921375788
2024-10-14,145,McDonalds,Southwest,0.9738227855201058,-0.05942116005074536,0.09761475647586786,0.06848935279224204,-1.7021857116976975
2024-10-14,145,BurgerKing,Northeast,0.10792055429769598,-0.018228430930603855,0.24450012132992213,0.1451965604342744,-1.2577573150678698
2024-10-14,145,BurgerKing,South,0.897015625697221,0.25431174610223095,0.07960538031602005,0.48906939996118465,-0.8865346316994134
2024-10-14,145,BurgerKing,Midwest,0.24921028906440257,-0.0036487632515641924,0.3165741719930878,0.5707999278834135,-0.8443823193970343
2024-10-14,145,BurgerKing,West,0.3822245908665146,0.0650071423019257,0.10053500308910315,0.1221118822977808,-1.250572382001857
2024-10-14,145,BurgerKing,Southwest,0.5967385097096723,-0.008126732191572476,0.018483657576278914,0.31990659288970436,-1.5421782048067114
2024-10-14,145,Wendys,Northeast,0.802632148970013,-0.004942375755459895,0.1328241465142246,0.2864796801727,-0.5393861269422597
2024-10-14,145,Wendys,South,0.08702058847276728,-0.06967953781139134,0.06877335669035799,0.4254476061773757,-1.0049560835652607
2024-10-14,145,Wendys,Midwest,0.5298224149593462,-0.027596678909069375,0.08722314572501384,0.211067729489257,-1.3876437209805519
2024-10-14,145,Wendys,West,0.40031700736439735,-0.09782854879042611,0.04165760766371676,0.41158605271605975,-1.5793051636930213
2024-10-14,145,Wendys,Southwest,0.15594337185137663,-0.05332464919203701,0.19598595047373857,0.4491558671991043,-0.9033455254946567
2024-10-14,145,TacoBell,Northeast,0.8168600190817016,0.19877444797740298,0.07730275216667797,0.26793124519078654,-1.6367248316093486
2024-10-14,145,TacoBell,South,0.05691153759329778,-0.19158186442170433,0.003979491119964669,0.41766802910529877,-1.7424350165394678
2024-10-14,145,TacoBell,Midwest,0.4446337925065836,-0.05350033053846281,0.11549220000432603,0.150108946801192,-1.2052491665568945
2024-10-14,145,TacoBell,West,0.4515654722820808,0.08730077528591262,0.0446903396082485,0.47182917581289624,-1.5650189110337873
2024-10-14,145,TacoBell,Southwest,0.2598425849208041,-0.16099636834246253,0.10354646560386732,0.08879666648103435,-1.0566422826145774
2024-10-14,145,Subway,Northeast,0.34847529680892764,-0.20509095814886943,0.22149824057158357,0.4678561070838936,-1.8230919876886498
2024-10-14,145,Subway,South,0.7939729005939089,-0.034248445451680314,0.12968553551579612,0.4688915625596436,-1.0175883431490176
2024-10-14,145,Subway,Midwest,0.5455476302791957,0.15035050857270849,0.21684813678008416,0.34844406917218707,-1.5750552080034468
2024-10-14,145,Subway,West,0.7514602740459778,0.03996086439195745,0.24228889639333023,0.264080582240048,-1.999635598348231
2024-10-14,145,Subway,Southwest,0.5477367711707115,0.02077046199086754,0.15684861764457372,0.1839016666596838,-1.8095959134887354
2024-10-14,145,KFC,Northeast,0.6237091687974164,0.12756671265248845,0.10307124891057669,0.41065611985185674,-0.5995769332473588
2024-10-14,145,KFC,South,0.6335946561015934,-0.030395220365474103,0.08985526769638223,0.059614022899604026,-0.6989680413269632
2024-10-14,145,KFC,Midwest,0.5160245213059349,0.09342505822022636,0.06211878057985756,0.18162748643710216,-1.6495864519456447
2024-10-14,145,KFC,West,0.2455006433529137,-0.23877449999883,0.06522890237178519,0.37457060797482544,-0.8324421431817632
2024-10-14,145,KFC,Southwest,0.5772136704129014,0.00367460285746249,0.2062792732454961,0.19135202294227086,-1.0871426102390387
2024-10-14,145,Dominos,Northeast,0.20263846329498006,0.004228208004257026,0.05859345042386398,0.21214506472215292,-0.5436429328251958
2024-10-14,145,Dominos,South,0.1779466730250441,-0.15060159773321202,0.16903420222022753,0.2939671196096951,-1.4395915106989112
2024-10-14,145,Dominos,Midwest,0.21222228315694272,-0.2835935753594924,0.10019145266430377,0.27749119186196053,-0.977809081224243
2024-10-14,145,Dominos,West,0.15692552111675515,0.10768922859838602,0.09196263428197264,0.08585787626857316,-1.9046964163641222
2024-10-14,145,Dominos,Southwest,0.20365205388237392,0.07732625183318027,0.013614314134967706,0.23368255004054264,-1.4056289797753911
2024-10-14,145,PizzaHut,Northeast,0.4006161389246254,0.13939004573045521,0.1344967708176812,0.33192020930403915,-0.5542735082177292
2024-10-14,145,PizzaHut,South,0.45399637360100803,0.03888426667842601,0.17165385327232988,0.4309775708003919,-1.1915286883248193
2024-10-14,145,PizzaHut,Midwest,0.7281535434999795,-0.03322009884662452,0.05667293070097135,0.5405277045945869,-1.5681807449977332
2024-10-14,145,PizzaHut,West,0.3447363320232801,0.0917256966506184,0.14116557278651456,0.36248858833460823,-1.8195935553070897
2024-10-14,145,PizzaHut,Southwest,0.01,-0.07948504591913161,0.2076269648452098,0.03054343973064911,-0.9447074897277044
2024-10-21,146,McDonalds,Northeast,0.9881046056099907,0.250246747065725,0.027713269265470058,0.5703076004290429,-1.4167227552888253
2024-10-21,146,McDonalds,South,0.7273565133600298,0.10513749763850068,0.28741291316892137,0.36290162650219815,-1.9288765457898727
2024-10-21,146,McDonalds,Midwest,0.5952154865358267,-0.14561444354154035,0.044879181552355416,0.27197951974525986,-0.7982427450570128
2024-10-21,146,McDonalds,West,0.3181139137731386,-0.11821894857592066,0.2724710438053291,0.32062222572817095,-1.093428921375788
2024-10-21,146,McDonalds,Southwest,0.9777628691239861,-0.0469755084471928,0.09761475647586786,0.06848935279224204,-1.7021857116976975
2024-10-21,146,BurgerKing,Northeast,0.12601052520170125,0.004086558179673631,0.24450012132992213,0.1451965604342744,-1.2577573150678698
2024-10-21,146,BurgerKing,South,0.8795818239371757,0.24110296254845778,0.07960538031602005,0.48906939996118465,-0.8865346316994134
2024-10-21,146,BurgerKing,Midwest,0.252699288807168,0.004065254697473474,0.3165741719930878,0.5707999278834135,-0.8443823193970343
2024-10-21,146,BurgerKing,West,0.3780106721071153,0.06501824174879862,0.10053500308910315,0.1221118822977808,-1.250572382001857
2024-10-21,146,BurgerKing,Southwest,0.5770691530209177,-0.023571070674054916,0.018483657576278914,0.31990659288970436,-1.5421782048067114
2024-10-21,146,Wendys,Northeast,0.8124546971421039,-1.3536036941197253e-05,0.1328241465142246,0.2864796801727,-0.5393861269422597
2024-10-21,146,Wendys,South,0.10025032897471309,-0.06134350576301786,0.06877335669035799,0.4254476061773757,-1.0049560835652607
2024-10-21,146,Wendys,Midwest,0.52870485788623,-0.03360794443575785,0.08722314572501384,0.211067729489257,-1.3876437209805519
2024-10-21,146,Wendys,West,0.4168698810205219,-0.08616938358787389,0.04165760766371676,0.41158605271605975,-1.5793051636930213
2024-10-21,146,Wendys,Southwest,0.144169446237057,-0.06999228325992898,0.19598595047373857,0.4491558671991043,-0.9033455254946567
2024-10-21,146,TacoBell,Northeast,0.8185474263586157,0.18382688651290655,0.07730275216667797,0.26793124519078654,-1.6367248316093486
2024-10-21,146,TacoBell,South,0.07491248029059583,-0.1902158904658168,0.003979491119964669,0.41766802910529877,-1.7424350165394678
2024-10-21,146,TacoBell,Midwest,0.4615226140277168,-0.05324647775874009,0.11549220000432603,0.150108946801192,-1.2052491665568945
2024-10-21,146,TacoBell,West,0.4610347061392503,0.08013504040167158,0.0446903396082485,0.47182917581289624,-1.5650189110337873
2024-10-21,146,TacoBell,Southwest,0.2845734980219335,-0.15290042398274367,0.10354646560386732,0.08879666648103435,-1.0566422826145774
2024-10-21,146,Subway,Northeast,0.3548779171364582,-0.19978201500670995,0.22149824057158357,0.4678561070838936,-1.8230919876886498
2024-10-21,146,Subway,South,0.8036479684886202,-0.025667054742340153,0.12968553551579612,0.4688915625596436,-1.0175883431490176
2024-10-21,146,Subway,Midwest,0.5454099431110442,0.14911914421918582,0.21684813678008416,0.34844406917218707,-1.5750552080034468
2024-10-21,146,Subway,West,0.7585797539111323,0.04598666707174086,0.24228889639333023,0.264080582240048,-1.999635598348231
2024-10-21,146,Subway,Southwest,0.5443739453257826,0.016313958960567594,0.15684861764457372,0.1839016666596838,-1.8095959134887354
2024-10-21,146,KFC,Northeast,0.635802609746286,0.14810489955335443,0.10307124891057669,0.41065611985185674,-0.5995769332473588
2024-10-21,146,KFC,South,0.6170244524483771,-0.03852067806669396,0.08985526769638223,0.059614022899604026,-0.6989680413269632
2024-10-21,146,KFC,Midwest,0.5286327496485217,0.11447803251480948,0.06211878057985756,0.18162748643710216,-1.6495864519456447
2024-10-21,146,KFC,West,0.23740477687181138,-0.2384256205279359,0.06522890237178519,0.37457060797482544,-0.8324421431817632
2024-10-21,146,KFC,Southwest,0.5550138155652177,-0.010080506038224937,0.2062792732454961,0.19135202294227086,-1.0871426102390387
2024-10-21,146,Dominos,Northeast,0.20650258608394045,0.017909001509143038,0.05859345042386398,0.21214506472215292,-0.5436429328251958
2024-10-21,146,Dominos,South,0.16938901619306806,-0.14934258384926244,0.16903420222022753,0.2939671196096951,-1.4395915106989112
2024-10-21,146,Dominos,Midwest,0.21091685342481953,-0.27508233437569,0.10019145266430377,0.27749119186196053,-0.977809081224243
2024-10-21,146,Dominos,West,0.15934740958625548,0.11992778778381195,0.09196263428197264,0.08585787626857316,-1.9046964163641222
2024-10-21,146,Dominos,Southwest,0.19721493870789858,0.08070580737463053,0.013614314134967706,0.23368255004054264,-1.4056289797753911
2024-10-21,146,PizzaHut,Northeast,0.3987773990526218,0.13346763728232708,0.1344967708176812,0.33192020930403915,-0.5542735082177292
2024-10-21,146,PizzaHut,South,0.4678371759538251,0.048641400455118514,0.17165385327232988,0.4309775708003919,-1.1915286883248193
2024-10-21,146,PizzaHut,Midwest,0.73224476715065,-0.033212543772078565,0.05667293070097135,0.5405277045945869,-1.5681807449977332
2024-10-21,146,PizzaHut,West,0.3556785787854888,0.0985842748367026,0.14116557278651456,0.36248858833460823,-1.8195935553070897
2024-10-21,146,PizzaHut,Southwest,0.01,-0.10102235165704622,0.2076269648452098,0.03054343973064911,-0.9447074897277044
2024-10-28,147,McDonalds,Northeast,0.9822963176978772,0.2547165642358235,0.027713269265470058,0.5703076004290429,-1.4167227552888253
2024-10-28,147,McDonalds,South,0.7106925500263674,0.09875163938705038,0.28741291316892137,0.36290162650219815,-1.9288765457898727
2024-10-28,147,McDonalds,Midwest,0.6014704778253999,-0.12908134716975506,0.044879181552355416,0.27197951974525986,-0.7982427450570128
2024-10-28,147,McDonalds,West,0.3140666821698175,-0.11198807509702971,0.2724710438053291,0.32062222572817095,-1.093428921375788
2024-10-28,147,McDonalds,Southwest,0.969883341500267,-0.04457693098869984,0.09761475647586786,0.06848935279224204,-1.7021857116976975
2024-10-28,147,BurgerKing,Northeast,0.12838536670812462,0.008949658113175846,0.24450012132992213,0.1451965604342744,-1.2577573150678698
2024-10-28,147,BurgerKing,South,0.8671091569813296,0.23111855401969061,0.07960538031602005,0.48906939996118465,-0.8865346316994134
2024-10-28,147,BurgerKing,Midwest,0.2664435972853697,0.020297821602754014,0.3165741719930878,0.5707999278834135,-0.8443823193970343
2024-10-28,147,BurgerKing,West,0.3954361178642055,0.08493194593296767,0.10053500308910315,0.1221118822977808,-1.250572382001857
2024-10-28,147,BurgerKing,Southwest,0.578510029699321,-0.01964193556857275,0.018483657576278914,0.31990659288970436,-1.5421782048067114
2024-10-28,147,Wendys,Northeast,0.8337578761175638,0.01589049964879519,0.1328241465142246,0.2864796801727,-0.5393861269422597
2024-10-28,147,Wendys,South,0.09995799027771114,-0.0670349877497432,0.06877335669035799,0.4254476061773757,-1.0049560835652607
2024-10-28,147,Wendys,Midwest,0.5261328655137036,-0.041579080098007655,0.08722314572501384,0.211067729489257,-1.3876437209805519
2024-10-28,147,Wendys,West,0.4226782717975346,-0.08576013610058467,0.04165760766371676,0.41158605271605975,-1.5793051636930213
2024-10-28,147,Wendys,Southwest,0.15391799991045937,-0.06564287287625,0.19598595047373857,0.4491558671991043,-0.9033455254946567
2024-10-28,147,TacoBell,Northeast,0.8312517229448295,0.17988701970047535,0.07730275216667797,0.26793124519078654,-1.6367248316093486
2024-10-28,147,TacoBell,South,0.09693432559292574,-0.18483820856213196,0.003979491119964669,0.41766802910529877,-1.7424350165394678
2024-10-28,147,TacoBell,Midwest,0.4812306722470961,-0.050182582938005954,0.11549220000432603,0.150108946801192,-1.2052491665568945
2024-10-28,147,TacoBell,West,0.4676958017849849,0.07015197264876102,0.0446903396082485,0.47182917581289624,-1.5650189110337873
2024-10-28,147,TacoBell,Southwest,0.3064055915950958,-0.14771249380822646,0.10354646560386732,0.08879666648103435,-1.0566422826145774
2024-10-28,147,Subway,Northeast,0.3626306906398898,-0.19114673258149473,0.22149824057158357,0.4678561070838936,-1.8230919876886498
2024-10-28,147,Subway,South,0.8044801527427403,-0.023952361566436244,0.12968553551579612,0.4688915625596436,-1.0175883431490176
2024-10-28,147,Subway,Midwest,0.5560539152218773,0.16064562525180273,0.21684813678008416,0.34844406917218707,-1.5750552080034468
2024-10-28,147,Subway,West,0.7455232070543791,0.03381262913677134,0.24228889639333023,0.264080582240048,-1.999635598348231
2024-10-28,147,Subway,Southwest,0.5481709406253175,0.02099346318188611,0.15684861764457372,0.1839016666596838,-1.8095959134887354
2024-10-28,147,KFC,Northeast,0.6148028870000057,0.13640209248938667,0.10307124891057669,0.41065611985185674,-0.5995769332473588
2024-10-28,147,KFC,South,0.5965867231837338,-0.049661491649024836,0.08985526769638223,0.059614022899604026,-0.6989680413269632
2024-10-28,147,KFC,Midwest,0.5130265256288312,0.10816872417743158,0.06211878057985756,0.18162748643710216,-1.6495864519456447
2024-10-28,147,KFC,West,0.21868725935375638,-0.24784622236367834,0.06522890237178519,0.37457060797482544,-0.8324421431817632
2024-10-28,147,KFC,Southwest,0.5402369416954936,-0.015560464225636315,0.2062792732454961,0.19135202294227086,-1.0871426102390387
2024-10-28,147,Dominos,Northeast,0.1956540734786445,0.01576749840203115,0.05859345042386398,0.21214506472215292,-0.5436429328251958
2024-10-28,147,Dominos,South,0.1690535515581979,-0.1409710389859486,0.16903420222022753,0.2939671196096951,-1.4395915106989112
2024-10-28,147,Dominos,Midwest,0.19899825353957845,-0.27829392476274706,0.10019145266430377,0.27749119186196053,-0.977809081224243
2024-10-28,147,Dominos,West,0.1347841430203755,0.10407153071611602,0.09196263428197264,0.08585787626857316,-1.9046964163641222
2024-10-28,147,Dominos,Southwest,0.19990860767466617,0.09210648583958213,0.013614314134967706,0.23368255004054264,-1.4056289797753911
2024-10-28,147,PizzaHut,Northeast,0.3965402105330641,0.12509673594617668,0.1344967708176812,0.33192020930403915,-0.5542735082177292
2024-10-28,147,PizzaHut,South,0.4733836844993715,0.04805419618407222,0.17165385327232988,0.4309775708003919,-1.1915286883248193
2024-10-28,147,PizzaHut,Midwest,0.7428438450366499,-0.02874717870267145,0.05667293070097135,0.5405277045945869,-1.5681807449977332
2024-10-28,147,PizzaHut,West,0.36380839578610935,0.10058037902073043,0.14116557278651456,0.36248858833460823,-1.8195935553070897
2024-10-28,147,PizzaHut,Southwest,0.01,-0.09008055618183146,0.2076269648452098,0.03054343973064911,-0.9447074897277044
2024-11-04,148,McDonalds,Northeast,0.9751847657521723,0.2595065956697511,0.027713269265470058,0.5703076004290429,-1.4167227552888253
2024-11-04,148,McDonalds,South,0.690177870849764,0.0901385435900793,0.28741291316892137,0.36290162650219815,-1.9288765457898727
2024-11-04,148,McDonalds,Midwest,0.611354516185684,-0.10729572542983844,0.044879181552355416,0.27197951974525986,-0.7982427450570128
2024-11-04,148,McDonalds,West,0.30410843342356736,-0.11004474046364737,0.2724710438053291,0.32062222572817095,-1.093428921375788
2024-11-04,148,McDonalds,Southwest,0.9565083558544195,-0.0460503332549149,0.09761475647586786,0.06848935279224204,-1.7021857116976975
2024-11-04,148,BurgerKing,Northeast,0.137309208395698,0.018588912343731556,0.24450012132992213,0.1451965604342744,-1.2577573150678698
2024-11-04,148,BurgerKing,South,0.8688882538976481,0.23361306347899133,0.07960538031602005,0.48906939996118465,-0.8865346316994134
2024-11-04,148,BurgerKing,Midwest,0.2697204666717807,0.024290103532147285,0.3165741719930878,0.5707999278834135,-0.8443823193970343
2024-11-04,148,BurgerKing,West,0.41964254530723005,0.10985378591897454,0.10053500308910315,0.1221118822977808,-1.250572382001857
2024-11-04,148,BurgerKing,Southwest,0.5750434028737883,-0.022393149851123218,0.018483657576278914,0.31990659288970436,-1.5421782048067114
2024-11-04,148,Wendys,Northeast,0.8364065439302959,0.012712890708621232,0.1328241465142246,0.2864796801727,-0.5393861269422597
2024-11-04,148,Wendys,South,0.10695005215074187,-0.06586920262961857,0.06877335669035799,0.4254476061773757,-1.0049560835652607
2024-11-04,148,Wendys,Midwest,0.5426743016224201,-0.03086392074219727,0.08722314572501384,0.211067729489257,-1.3876437209805519
2024-11-04,148,Wendys,West,0.4134392082485367,-0.10082547640248865,0.04165760766371676,0.41158605271605975,-1.5793051636930213
2024-11-04,148,Wendys,Southwest,0.14008871774860043,-0.08529843179101504,0.19598595047373857,0.4491558671991043,-0.9033455254946567
2024-11-04,148,TacoBell,Northeast,0.8417925453979832,0.17401586699427388,0.07730275216667797,0.26793124519078654,-1.6367248316093486
2024-11-04,148,TacoBell,South,0.09700707116168802,-0.20117743815272482,0.003979491119964669,0.41766802910529877,-1.7424350165394678
2024-11-04,148,TacoBell,Midwest,0.4933943339311948,-0.05443089641326234,0.11549220000432603,0.150108946801192,-1.2052491665568945
2024-11-04,148,TacoBell,West,0.48913277390563287,0.07517696961005392,0.0446903396082485,0.47182917581289624,-1.5650189110337873
2024-11-04,148,TacoBell,Southwest,0.3139100781189283,-0.15661998244374908,0.10354646560386732,0.08879666648103435,-1.0566422826145774
2024-11-04,148,Subway,Northeast,0.34551652847738873,-0.20541499834930815,0.22149824057158357,0.4678561070838936,-1.8230919876886498
2024-11-04,148,Subway,South,0.8023276279652062,-0.023258989949282764,0.12968553551579612,0.4688915625596436,-1.0175883431490176
2024-11-04,148,Subway,Midwest,0.5618334536733415,0.16927106009795442,0.21684813678008416,0.34844406917218707,-1.5750552080034468
2024-11-04,148,Subway,West,0.7257275762745253,0.016862894751605215,0.24228889639333023,0.264080582240048,-1.999635598348231
2024-11-04,148,Subway,Southwest,0.5535273682136898,0.029195787164945954,0.15684861764457372,0.1839016666596838,-1.8095959134887354
2024-11-04,148,KFC,Northeast,0.612961692656559,0.14457515452676994,0.10307124891057669,0.41065611985185674,-0.5995769332473588
2024-11-04,148,KFC,South,0.5961133178244701,-0.040120640627458556,0.08985526769638223,0.059614022899604026,-0.6989680413269632
2024-11-04,148,KFC,Midwest,0.5151970713967181,0.12035352632614844,0.06211878057985756,0.18162748643710216,-1.6495864519456447
2024-11-04,148,KFC,West,0.2306931422195226,-0.2258260831170822,0.06522890237178519,0.37457060797482544,-0.8324421431817632
2024-11-04,148,KFC,Southwest,0.5266617648284732,-0.019121384711826866,0.2062792732454961,0.19135202294227086,-1.0871426102390387
2024-11-04,148,Dominos,Northeast,0.1892787148838495,0.01686321420280973,0.05859345042386398,0.21214506472215292,-0.5436429328251958
2024-11-04,148,Dominos,South,0.15741809283014407,-0.14513542331842885,0.16903420222022753,0.2939671196096951,-1.4395915106989112
2024-11-04,148,Dominos,Midwest,0.191546947591563,-0.2782741563151889,0.10019145266430377,0.27749119186196053,-0.977809081224243
2024-11-04,148,Dominos,West,0.14264180218116507,0.11940026427247914,0.09196263428197264,0.08585787626857316,-1.9046964163641222
2024-11-04,148,Dominos,Southwest,0.1789873884397859,0.07865634100027544,0.013614314134967706,0.23368255004054264,-1.4056289797753911
2024-11-04,148,PizzaHut,Northeast,0.39602451636047387,0.11648623922452092,0.1344967708176812,0.33192020930403915,-0.5542735082177292
2024-11-04,148,PizzaHut,South,0.4952502964134827,0.06182600554911784,0.17165385327232988,0.4309775708003919,-1.1915286883248193
2024-11-04,148,PizzaHut,Midwest,0.7611390126547364,-0.01854681363365055,0.05667293070097135,0.5405277045945869,-1.5681807449977332
2024-11-04,148,PizzaHut,West,0.3682718818670042,0.09694906255255965,0.14116557278651456,0.36248858833460823,-1.8195935553070897
2024-11-04,148,PizzaHut,Southwest,0.01,-0.08153653617062426,0.2076269648452098,0.03054343973064911,-0.9447074897277044
2024-11-11,149,McDonalds,Northeast,0.9652444658685957,0.2629187540946714,0.027713269265470058,0.5703076004290429,-1.4167227552888253
2024-11-11,149,McDonalds,South,0.691828158631277,0.10514128968008919,0.28741291316892137,0.36290162650219815,-1.9288765457898727
2024-11-11,149,McDonalds,Midwest,0.598747153815455,-0.10655062949157071,0.044879181552355416,0.27197951974525986,-0.7982427450570128
2024-11-11,149,McDonalds,West,0.30101229625379633,-0.09978841932492155,0.2724710438053291,0.32062222572817095,-1.093428921375788
2024-11-11,149,McDonalds,Southwest,0.9695760166508489,-0.0196302141499887,0.09761475647586786,0.06848935279224204,-1.7021857116976975
2024-11-11,149,BurgerKing,Northeast,0.1443580085970998,0.02456990389420622,0.24450012132992213,0.1451965604342744,-1.2577573150678698
2024-11-11,149,BurgerKing,South,0.8704493442065235,0.23410634513693976,0.07960538031602005,0.48906939996118465,-0.8865346316994134
2024-11-11,149,BurgerKing,Midwest,0.2780127451749176,0.03151457338435708,0.3165741719930878,0.5707999278834135,-0.8443823193970343
2024-11-11,149,BurgerKing,West,0.4170575453761184,0.10620097733693569,0.10053500308910315,0.1221118822977808,-1.250572382001857
2024-11-11,149,BurgerKing,Southwest,0.5999908885799626,0.0014865272041241044,0.018483657576278914,0.31990659288970436,-1.5421782048067114
2024-11-11,149,Wendys,Northeast,0.8443761686237978,0.014513601085581047,0.1328241465142246,0.2864796801727,-0.5393861269422597
2024-11-11,149,Wendys,South,0.11038963326502883,-0.0685985358318737,0.06877335669035799,0.4254476061773757,-1.0049560835652607
2024-11-11,149,Wendys,Midwest,0.5404863258887619,-0.03922081079239763,0.08722314572501384,0.211067729489257,-1.3876437209805519
2024-11-11,149,Wendys,West,0.43058032448114314,-0.08985327448642426,0.04165760766371676,0.41158605271605975,-1.5793051636930213
2024-11-11,149,Wendys,Southwest,0.1549295061934199,-0.07662655766273765,0.19598595047373857,0.4491558671991043,-0.9033455254946567
2024-11-11,149,TacoBell,Northeast,0.8527607730301131,0.16904232328013294,0.07730275216667797,0.26793124519078654,-1.6367248316093486
2024-11-11,149,TacoBell,South,0.11871335595918314,-0.1954129247015006,0.003979491119964669,0.41766802910529877,-1.7424350165394678
2024-11-11,149,TacoBell,Midwest,0.4942505455953371,-0.06951645609539091,0.11549220000432603,0.150108946801192,-1.2052491665568945
2024-11-11,149,TacoBell,West,0.5069242510026354,0.07702667536078549,0.0446903396082485,0.47182917581289624,-1.5650189110337873
2024-11-11,149,TacoBell,Southwest,0.3343794129859662,-0.15209241892298214,0.10354646560386732,0.08879666648103435,-1.0566422826145774
2024-11-11,149,Subway,Northeast,0.3578218154746181,-0.18834170025371594,0.22149824057158357,0.4678561070838936,-1.8230919876886498
2024-11-11,149,Subway,South,0.7898514288395565,-0.030967177976569657,0.12968553551579612,0.4688915625596436,-1.0175883431490176
2024-11-11,149,Subway,Midwest,0.5442819162869554,0.1564875338099312,0.21684813678008416,0.34844406917218707,-1.5750552080034468
2024-11-11,149,Subway,West,0.7120052855669121,0.007908615142354797,0.24228889639333023,0.264080582240048,-1.999635598348231
2024-11-11,149,Subway,Southwest,0.5353936721121777,0.015830102161796755,0.15684861764457372,0.1839016666596838,-1.8095959134887354
2024-11-11,149,KFC,Northeast,0.6157419014595951,0.15794172810435977,0.10307124891057669,0.41065611985185674,-0.5995769332473588
2024-11-11,149,KFC,South,0.6010133460001567,-0.02463424767721819,0.08985526769638223,0.059614022899604026,-0.6989680413269632
2024-11-11,149,KFC,Midwest,0.5078128724016526,0.12355569210563673,0.06211878057985756,0.18162748643710216,-1.6495864519456447
2024-11-11,149,KFC,West,0.23231972690182023,-0.21361313366023071,0.06522890237178519,0.37457060797482544,-0.8324421431817632
2024-11-11,149,KFC,Southwest,0.5174149838597217,-0.017781800906024513,0.2062792732454961,0.19135202294227086,-1.0871426102390387
2024-11-11,149,Dominos,Northeast,0.18220080878184103,0.015912097725802068,0.05859345042386398,0.21214506472215292,-0.5436429328251958
2024-11-11,149,Dominos,South,0.14796092701460561,-0.14846579950896646,0.16903420222022753,0.2939671196096951,-1.4395915106989112
2024-11-11,149,Dominos,Midwest,0.1823162480527865,-0.2813780662289646,0.10019145266430377,0.27749119186196053,-0.977809081224243
2024-11-11,149,Dominos,West,0.12103699699307392,0.10392224870938883,0.09196263428197264,0.08585787626857316,-1.9046964163641222
2024-11-11,149,Dominos,Southwest,0.17550314645085846,0.08129888863634882,0.013614314134967706,0.23368255004054264,-1.4056289797753911
2024-11-11,149,PizzaHut,Northeast,0.40555967422000583,0.11608290012238048,0.1344967708176812,0.33192020930403915,-0.5542735082177292
2024-11-11,149,PizzaHut,South,0.5126424006159338,0.0692796127898966,0.17165385327232988,0.4309775708003919,-1.1915286883248193
2024-11-11,149,PizzaHut,Midwest,0.7720127445807948,-0.017611578669264452,0.05667293070097135,0.5405277045945869,-1.5681807449977332
2024-11-11,149,PizzaHut,West,0.37658334181298564,0.09532202553686873,0.14116557278651456,0.36248858833460823,-1.8195935553070897
2024-11-11,149,PizzaHut,Southwest,0.01,-0.09024846647070056,0.2076269648452098,0.03054343973064911,-0.9447074897277044
2024-11-18,150,McDonalds,Northeast,0.9513563097615847,0.263640286462889,0.027713269265470058,0.5703076004290429,-1.4167227552888253
2024-11-18,150,McDonalds,South,0.6846008424642099,0.11252366198825081,0.28741291316892137,0.36290162650219815,-1.9288765457898727
2024-11-18,150,McDonalds,Midwest,0.5727040754293876,-0.11798401940240932,0.044879181552355416,0.27197951974525986,-0.7982427450570128
2024-11-18,150,McDonalds,West,0.2872773453153751,-0.09891368178811416,0.2724710438053291,0.32062222572817095,-1.093428921375788
2024-11-18,150,McDonalds,Southwest,0.957296757690915,-0.01729978463469386,0.09761475647586786,0.06848935279224204,-1.7021857116976975
2024-11-18,150,BurgerKing,Northeast,0.14001290465197377,0.017389256058023578,0.24450012132992213,0.1451965604342744,-1.2577573150678698
2024-11-18,150,BurgerKing,South,0.8674063250485002,0.22822778208785977,0.07960538031602005,0.48906939996118465,-0.8865346316994134
2024-11-18,150,BurgerKing,Midwest,0.28315439755363636,0.033820681872019226,0.3165741719930878,0.5707999278834135,-0.8443823193970343
2024-11-18,150,BurgerKing,West,0.4085588790842488,0.09486676715400946,0.10053500308910315,0.1221118822977808,-1.250572382001857
2024-11-18,150,BurgerKing,Southwest,0.6063256696235132,0.00498576435661803,0.018483657576278914,0.31990659288970436,-1.5421782048067114
2024-11-18,150,Wendys,Northeast,0.8418447117476966,0.005560057348989046,0.1328241465142246,0.2864796801727,-0.5393861269422597
2024-11-18,150,Wendys,South,0.12744025705585182,-0.05796999890154153,0.06877335669035799,0.4254476061773757,-1.0049560835652607
2024-11-18,150,Wendys,Midwest,0.5702866902031357,-0.01584253333851463,0.08722314572501384,0.211067729489257,-1.3876437209805519
2024-11-18,150,Wendys,West,0.42839484332461575,-0.09846084250344246,0.04165760766371676,0.41158605271605975,-1.5793051636930213
2024-11-18,150,Wendys,Southwest,0.16669367167765747,-0.0712844790389909,0.19598595047373857,0.4491558671991043,-0.9033455254946567
2024-11-18,150,TacoBell,Northeast,0.8607337250973855,0.16177490423131274,0.07730275216667797,0.26793124519078654,-1.6367248316093486
2024-11-18,150,TacoBell,South,0.14436326881325368,-0.1850033829635227,0.003979491119964669,0.41766802910529877,-1.7424350165394678
2024-11-18,150,TacoBell,Midwest,0.49683833262057764,-0.08216904018624306,0.11549220000432603,0.150108946801192,-1.2052491665568945
2024-11-18,150,TacoBell,West,0.5269704897030051,0.08183254294506262,0.0446903396082485,0.47182917581289624,-1.5650189110337873
2024-11-18,150,TacoBell,Southwest,0.3408898944331653,-0.16082230859187566,0.10354646560386732,0.08879666648103435,-1.0566422826145774
2024-11-18,150,Subway,Northeast,0.34913099212519394,-0.19041154614469963,0.22149824057158357,0.4678561070838936,-1.8230919876886498
2024-11-18,150,Subway,South,0.7729201986296429,-0.04127743072804273,0.12968553551579612,0.4688915625596436,-1.0175883431490176
2024-11-18,150,Subway,Midwest,0.5458844435374723,0.1647110385188887,0.21684813678008416,0.34844406917218707,-1.5750552080034468
2024-11-18,150,Subway,West,0.6970145045640757,-0.00046118840204107184,0.24228889639333023,0.264080582240048,-1.999635598348231
2024-11-18,150,Subway,Southwest,0.5342923372470555,0.02134974475511503,0.15684861764457372,0.1839016666596838,-1.8095959134887354
2024-11-18,150,KFC,Northeast,0.6012959773469818,0.15450074782173645,0.10307124891057669,0.41065611985185674,-0.5995769332473588
2024-11-18,150,KFC,South,0.5888636784521781,-0.02577897139520682,0.08985526769638223,0.059614022899604026,-0.6989680413269632
2024-11-18,150,KFC,Midwest,0.4982854876456639,0.125033251179638,0.06211878057985756,0.18162748643710216,-1.6495864519456447
2024-11-18,150,KFC,West,0.2136965363552418,-0.2212313803768192,0.06522890237178519,0.37457060797482544,-0.8324421431817632
2024-11-18,150,KFC,Southwest,0.5085137111651407,-0.015678129770615643,0.2062792732454961,0.19135202294227086,-1.0871426102390387
2024-11-18,150,Dominos,Northeast,0.19281050367498492,0.03121544336934618,0.05859345042386398,0.21214506472215292,-0.5436429328251958
2024-11-18,150,Dominos,South,0.13548632840587826,-0.1562467473672936,0.16903420222022753,0.2939671196096951,-1.4395915106989112
2024-11-18,150,Dominos,Midwest,0.1893406987351247,-0.26965996479622617,0.10019145266430377,0.27749119186196053,-0.977809081224243
2024-11-18,150,Dominos,West,0.13132432257755156,0.11890322504426667,0.09196263428197264,0.08585787626857316,-1.9046964163641222
2024-11-18,150,Dominos,Southwest,0.16264794581017777,0.07313733874606838,0.013614314134967706,0.23368255004054264,-1.4056289797753911
2024-11-18,150,PizzaHut,Northeast,0.4026471859437354,0.10153235407147497,0.1344967708176812,0.33192020930403915,-0.5542735082177292
2024-11-18,150,PizzaHut,South,0.5273000673922866,0.07229922179161424,0.17165385327232988,0.4309775708003919,-1.1915286883248193
2024-11-18,150,PizzaHut,Midwest,0.7781767271277612,-0.02308565389693318,0.05667293070097135,0.5405277045945869,-1.5681807449977332
2024-11-18,150,PizzaHut,West,0.4069074317792508,0.11400805772849876,0.14116557278651456,0.36248858833460823,-1.8195935553070897
2024-11-18,150,PizzaHut,Southwest,0.01,-0.08990039106570225,0.2076269648452098,0.03054343973064911,-0.9447074897277044
2024-11-25,151,McDonalds,Northeast,0.9276792748511524,0.2556182923825372,0.027713269265470058,0.5703076004290429,-1.4167227552888253
2024-11-25,151,McDonalds,South,0.6574742065240125,0.1010520668781337,0.28741291316892137,0.36290162650219815,-1.9288765457898727
2024-11-25,151,McDonalds,Midwest,0.5679480841902155,-0.10708496981150102,0.044879181552355416,0.27197951974525986,-0.7982427450570128
2024-11-25,151,McDonalds,West,0.26591046474445273,-0.10462552152895603,0.2724710438053291,0.32062222572817095,-1.093428921375788
2024-11-25,151,McDonalds,Southwest,0.9420800048554389,-0.016861496640089575,0.09761475647586786,0.06848935279224204,-1.7021857116976975
2024-11-25,151,BurgerKing,Northeast,0.15413308860281016,0.026947283509148386,0.24450012132992213,0.1451965604342744,-1.2577573150678698
2024-11-25,151,BurgerKing,South,0.8671258980289035,0.22338519856855146,0.07960538031602005,0.48906939996118465,-0.8865346316994134
2024-11-25,151,BurgerKing,Midwest,0.2872572657659463,0.03336139358461762,0.3165741719930878,0.5707999278834135,-0.8443823193970343
2024-11-25,151,BurgerKing,West,0.4129553514857351,0.09470108305578426,0.10053500308910315,0.1221118822977808,-1.250572382001857
2024-11-25,151,BurgerKing,Southwest,0.6177210712383857,0.01181900947177895,0.018483657576278914,0.31990659288970436,-1.5421782048067114
2024-11-25,151,Wendys,Northeast,0.8543342778387876,0.011467500704092304,0.1328241465142246,0.2864796801727,-0.5393861269422597
2024-11-25,151,Wendys,South,0.13182124247929114,-0.060171136214089815,0.06877335669035799,0.4254476061773757,-1.0049560835652607
2024-11-25,151,Wendys,Midwest,0.5775053035540886,-0.01520604272354945,0.08722314572501384,0.211067729489257,-1.3876437209805519
2024-11-25,151,Wendys,West,0.4312591759453685,-0.10217863261867735,0.04165760766371676,0.41158605271605975,-1.5793051636930213
2024-11-25,151,Wendys,Southwest,0.15849967034445062,-0.08606060310818535,0.19598595047373857,0.4491558671991043,-0.9033455254946567
2024-11-25,151,TacoBell,Northeast,0.8776276802356614,0.16435091280529404,0.07730275216667797,0.26793124519078654,-1.6367248316093486
2024-11-25,151,TacoBell,South,0.1776031329858789,-0.16608146535519203,0.003979491119964669,0.41766802910529877,-1.7424350165394678
2024-11-25,151,TacoBell,Midwest,0.5023190877779615,-0.09100623159315369,0.11549220000432603,0.150108946801192,-1.2052491665568945
2024-11-25,151,TacoBell,West,0.5335581391712726,0.07410224584903559,0.0446903396082485,0.47182917581289624,-1.5650189110337873
2024-11-25,151,TacoBell,Southwest,0.3465005632810224,-0.16952958630831308,0.10354646560386732,0.08879666648103435,-1.0566422826145774
2024-11-25,151,Subway,Northeast,0.3479989871842115,-0.1831656283574684,0.22149824057158357,0.4678561070838936,-1.8230919876886498
2024-11-25,151,Subway,South,0.7690271304433937,-0.03679257618607833,0.12968553551579612,0.4688915625596436,-1.0175883431490176
2024-11-25,151,Subway,Midwest,0.5359211438850942,0.16312566159472414,0.21684813678008416,0.34844406917218707,-1.5750552080034468
2024-11-25,151,Subway,West,0.6794563912194724,-0.009641379018430724,0.24228889639333023,0.264080582240048,-1.999635598348231
2024-11-25,151,Subway,Southwest,0.526838182435241,0.022273512671514274,0.15684861764457372,0.1839016666596838,-1.8095959134887354
2024-11-25,151,KFC,Northeast,0.5743858329922942,0.1388545265483784,0.10307124891057669,0.41065611985185674,-0.5995769332473588
2024-11-25,151,KFC,South,0.5790340210394234,-0.024344705726631888,0.08985526769638223,0.059614022899604026,-0.6989680413269632
2024-11-25,151,KFC,Midwest,0.49573680842521367,0.13374849504051736,0.06211878057985756,0.18162748643710216,-1.6495864519456447
2024-11-25,151,KFC,West,0.18992062190757544,-0.23374337174315596,0.06522890237178519,0.37457060797482544,-0.8324421431817632
2024-11-25,151,KFC,Southwest,0.48192460531551434,-0.03100331253891228,0.2062792732454961,0.19135202294227086,-1.0871426102390387
2024-11-25,151,Dominos,Northeast,0.20541244064468908,0.04700982228629477,0.05859345042386398,0.21214506472215292,-0.5436429328251958
2024-11-25,151,Dominos,South,0.126176290063588,-0.16236434376233946,0.16903420222022753,0.2939671196096951,-1.4395915106989112
2024-11-25,151,Dominos,Midwest,0.19750773524731854,-0.2583004863367879,0.10019145266430377,0.27749119186196053,-0.977809081224243
2024-11-25,151,Dominos,West,0.1265919039783288,0.11736324839228836,0.09196263428197264,0.08585787626857316,-1.9046964163641222
2024-11-25,151,Dominos,Southwest,0.15783595569352013,0.07151779057665511,0.013614314134967706,0.23368255004054264,-1.4056289797753911
2024-11-25,151,PizzaHut,Northeast,0.4202001499523462,0.10591648106644141,0.1344967708176812,0.33192020930403915,-0.5542735082177292
2024-11-25,151,PizzaHut,South,0.5316289158384665,0.06345923322414984,0.17165385327232988,0.4309775708003919,-1.1915286883248193
2024-11-25,151,PizzaHut,Midwest,0.792670535576362,-0.021760682461976728,0.05667293070097135,0.5405277045945869,-1.5681807449977332
2024-11-25,151,PizzaHut,West,0.4162613746446542,0.11019316358025782,0.14116557278651456,0.36248858833460823,-1.8195935553070897
2024-11-25,151,PizzaHut,Southwest,0.01,-0.10310532549975256,0.2076269648452098,0.03054343973064911,-0.9447074897277044
2024-12-02,152,McDonalds,Northeast,0.9145807405054727,0.25899311312980117,0.027713269265470058,0.5703076004290429,-1.4167227552888253
2024-12-02,152,McDonalds,South,0.6383677733622896,0.09841898880935454,0.28741291316892137,0.36290162650219815,-1.9288765457898727
2024-12-02,152,McDonalds,Midwest,0.5499044808128247,-0.1086552180959481,0.044879181552355416,0.27197951974525986,-0.7982427450570128
2024-12-02,152,McDonalds,West,0.23733550021736746,-0.11672713096309761,0.2724710438053291,0.32062222572817095,-1.093428921375788
2024-12-02,152,McDonalds,Southwest,0.9415206534401233,-0.0009474929624615352,0.09761475647586786,0.06848935279224204,-1.7021857116976975
2024-12-02,152,BurgerKing,Northeast,0.16912283664909655,0.03571442537300955,0.24450012132992213,0.1451965604342744,-1.2577573150678698
2024-12-02,152,BurgerKing,South,0.8829900630530485,0.23302675741027123,0.07960538031602005,0.48906939996118465,-0.8865346316994134
2024-12-02,152,BurgerKing,Midwest,0.29042542492395473,0.0303069465602008,0.3165741719930878,0.5707999278834135,-0.8443823193970343
2024-12-02,152,BurgerKing,West,0.40188612877312613,0.07740925416075006,0.10053500308910315,0.1221118822977808,-1.250572382001857
2024-12-02,152,BurgerKing,Southwest,0.6434728512457061,0.031348183296674055,0.018483657576278914,0.31990659288970436,-1.5421782048067114
2024-12-02,152,Wendys,Northeast,0.8603700037726616,0.010856525624033622,0.1328241465142246,0.2864796801727,-0.5393861269422597
2024-12-02,152,Wendys,South,0.13097994553302333,-0.06765913417429036,0.06877335669035799,0.4254476061773757,-1.0049560835652607
2024-12-02,152,Wendys,Midwest,0.5883200203128524,-0.01103802697871831,0.08722314572501384,0.211067729489257,-1.3876437209805519
2024-12-02,152,Wendys,West,0.4495770848393342,-0.09050742473864437,0.04165760766371676,0.41158605271605975,-1.5793051636930213
2024-12-02,152,Wendys,Southwest,0.1649158657975287,-0.08629110866904001,0.19598595047373857,0.4491558671991043,-0.9033455254946567
2024-12-02,152,TacoBell,Northeast,0.9036013071188058,0.1771366644846878,0.07730275216667797,0.26793124519078654,-1.6367248316093486
2024-12-02,152,TacoBell,South,0.20162100757479823,-0.15525146597002334,0.003979491119964669,0.41766802910529877,-1.7424350165394678
2024-12-02,152,TacoBell,Midwest,0.5047431511076916,-0.10177004346717428,0.11549220000432603,0.150108946801192,-1.2052491665568945
2024-12-02,152,TacoBell,West,0.5400081133184285,0.06736434479244083,0.0446903396082485,0.47182917581289624,-1.5650189110337873
2024-12-02,152,TacoBell,Southwest,0.3692638101175707,-0.1599542146755154,0.10354646560386732,0.08879666648103435,-1.0566422826145774
2024-12-02,152,Subway,Northeast,0.3108594948339801,-0.2102917539955728,0.22149824057158357,0.4678561070838936,-1.8230919876886498
2024-12-02,152,Subway,South,0.7575192067996167,-0.03828713311772822,0.12968553551579612,0.4688915625596436,-1.0175883431490176
2024-12-02,152,Subway,Midwest,0.5115994651567205,0.14881734957847742,0.21684813678008416,0.34844406917218707,-1.5750552080034468
2024-12-02,152,Subway,West,0.6646774864930102,-0.014406917032765972,0.24228889639333023,0.264080582240048,-1.999635598348231
2024-12-02,152,Subway,Southwest,0.5138366148328221,0.019285311781222232,0.15684861764457372,0.1839016666596838,-1.8095959134887354
2024-12-02,152,KFC,Northeast,0.5594438425455045,0.13527208276930333,0.10307124891057669,0.41065611985185674,-0.5995769332473588
2024-12-02,152,KFC,South,0.5621518618505827,-0.029867318247757974,0.08985526769638223,0.059614022899604026,-0.6989680413269632
2024-12-02,152,KFC,Midwest,0.47340582526121106,0.12277705854422923,0.06211878057985756,0.18162748643710216,-1.6495864519456447
2024-12-02,152,KFC,West,0.2014801879080478,-0.2108242590749691,0.06522890237178519,0.37457060797482544,-0.8324421431817632
2024-12-02,152,KFC,Southwest,0.4892396786894134,-0.012328692497298774,0.2062792732454961,0.19135202294227086,-1.0871426102390387
2024-12-02,152,Dominos,Northeast,0.1921468478632317,0.03538916408373194,0.05859345042386398,0.21214506472215292,-0.5436429328251958
2024-12-02,152,Dominos,South,0.14035252299772907,-0.1465431762493038,0.16903420222022753,0.2939671196096951,-1.4395915106989112
2024-12-02,152,Dominos,Midwest,0.1918681457636954,-0.2622951412415165,0.10019145266430377,0.27749119186196053,-0.977809081224243
2024-12-02,152,Dominos,West,0.12623884413275133,0.11865512312560546,0.09196263428197264,0.08585787626857316,-1.9046964163641222
2024-12-02,152,Dominos,Southwest,0.15555828151565634,0.07088505097768595,0.013614314134967706,0.23368255004054264,-1.4056289797753911
2024-12-02,152,PizzaHut,Northeast,0.42811129800827086,0.09931899465390176,0.1344967708176812,0.33192020930403915,-0.5542735082177292
2024-12-02,152,PizzaHut,South,0.5559760737429923,0.07329775666021131,0.17165385327232988,0.4309775708003919,-1.1915286883248193
2024-12-02,152,PizzaHut,Midwest,0.8084380353505929,-0.02050181715621015,0.05667293070097135,0.5405277045945869,-1.5681807449977332
2024-12-02,152,PizzaHut,West,0.42600449488092607,0.10542764934806541,0.14116557278651456,0.36248858833460823,-1.8195935553070897
2024-12-02,152,PizzaHut,Southwest,0.01,-0.11615121993775729,0.2076269648452098,0.03054343973064911,-0.9447074897277044
2024-12-09,153,McDonalds,Northeast,0.8885920267521367,0.25005716299260994,0.027713269265470058,0.5703076004290429,-1.4167227552888253
2024-12-09,153,McDonalds,South,0.6049012085901238,0.08200518765333357,0.28741291316892137,0.36290162650219815,-1.9288765457898727
2024-12-09,153,McDonalds,Midwest,0.5329739526808316,-0.1085329826117964,0.044879181552355416,0.27197951974525986,-0.7982427450570128
2024-12-09,153,McDonalds,West,0.20831608067837876,-0.12869378688594157,0.2724710438053291,0.32062222572817095,-1.093428921375788
2024-12-09,153,McDonalds,Southwest,0.9218122846987931,-0.0036030980876469478,0.09761475647586786,0.06848935279224204,-1.7021857116976975
2024-12-09,153,BurgerKing,Northeast,0.19061666736140928,0.04941544390911326,0.24450012132992213,0.1451965604342744,-1.2577573150678698
2024-12-09,153,BurgerKing,South,0.9027758709584734,0.2450197531394871,0.07960538031602005,0.48906939996118465,-0.8865346316994134
2024-12-09,153,BurgerKing,Midwest,0.2978954681591376,0.029984177619174622,0.3165741719930878,0.5707999278834135,-0.8443823193970343
2024-12-09,153,BurgerKing,West,0.4088080936879037,0.07653840689931857,0.10053500308910315,0.1221118822977808,-1.250572382001857
2024-12-09,153,BurgerKing,Southwest,0.6700644089161251,0.050146928790884136,0.018483657576278914,0.31990659288970436,-1.5421782048067114
2024-12-09,153,Wendys,Northeast,0.8721924501205416,0.016064086827620734,0.1328241465142246,0.2864796801727,-0.5393861269422597
2024-12-09,153,Wendys,South,0.13431676607855103,-0.07093719877305558,0.06877335669035799,0.4254476061773757,-1.0049560835652607
2024-12-09,153,Wendys,Midwest,0.5806747242859408,-0.02529820814992283,0.08722314572501384,0.211067729489257,-1.3876437209805519
2024-12-09,153,Wendys,West,0.4601307021652745,-0.08656869255699694,0.04165760766371676,0.41158605271605975,-1.5793051636930213
2024-12-09,153,Wendys,Southwest,0.17982398866765026,-0.07799787094321138,0.19598595047373857,0.4491558671991043,-0.9033455254946567
2024-12-09,153,TacoBell,Northeast,0.909151337830286,0.17082014923955136,0.07730275216667797,0.26793124519078654,-1.6367248316093486
2024-12-09,153,TacoBell,South,0.2163995810827951,-0.15233943841864303,0.003979491119964669,0.41766802910529877,-1.7424350165394678
2024-12-09,153,TacoBell,Midwest,0.5129739641151579,-0.10540577641632456,0.11549220000432603,0.150108946801192,-1.2052491665568945
2024-12-09,153,TacoBell,West,0.5500343352830551,0.0655240208004508,0.0446903396082485,0.47182917581289624,-1.5650189110337873
2024-12-09,153,TacoBell,Southwest,0.35625213549856405,-0.1848324352511387,0.10354646560386732,0.08879666648103435,-1.0566422826145774
2024-12-09,153,Subway,Northeast,0.29713808950310244,-0.21250956803273413,0.22149824057158357,0.4678561070838936,-1.8230919876886498
2024-12-09,153,Subway,South,0.7557093085299809,-0.028593440093647674,0.12968553551579612,0.4688915625596436,-1.0175883431490176
2024-12-09,153,Subway,Midwest,0.49378184830733857,0.14250332402281185,0.21684813678008416,0.34844406917218707,-1.5750552080034468
2024-12-09,153,Subway,West,0.653699158881447,-0.01388165335061281,0.24228889639333023,0.264080582240048,-1.999635598348231
2024-12-09,153,Subway,Southwest,0.4947735164721865,0.011725804714303028,0.15684861764457372,0.1839016666596838,-1.8095959134887354
2024-12-09,153,KFC,Northeast,0.5517578315056166,0.13887649953223105,0.10307124891057669,0.41065611985185674,-0.5995769332473588
2024-12-09,153,KFC,South,0.5486962020724054,-0.03203255022311971,0.08985526769638223,0.059614022899604026,-0.6989680413269632
2024-12-09,153,KFC,Midwest,0.4527229820515753,0.11338464313740916,0.06211878057985756,0.18162748643710216,-1.6495864519456447
2024-12-09,153,KFC,West,0.20351527478188344,-0.19749874439831783,0.06522890237178519,0.37457060797482544,-0.8324421431817632
2024-12-09,153,KFC,Southwest,0.4872385710219199,-0.0030393723619766225,0.2062792732454961,0.19135202294227086,-1.0871426102390387
2024-12-09,153,Dominos,Northeast,0.18602420876774603,0.02934009644445019,0.05859345042386398,0.21214506472215292,-0.5436429328251958
2024-12-09,153,Dominos,South,0.1452568346357029,-0.14156529315512603,0.16903420222022753,0.2939671196096951,-1.4395915106989112
2024-12-09,153,Dominos,Midwest,0.1971686943356953,-0.2569210212133127,0.10019145266430377,0.27749119186196053,-0.977809081224243
2024-12-09,153,Dominos,West,0.13258828502665918,0.12507813547571722,0.09196263428197264,0.08585787626857316,-1.9046964163641222
2024-12-09,153,Dominos,Southwest,0.13854215109950166,0.05394249201773517,0.013614314134967706,0.23368255004054264,-1.4056289797753911
2024-12-09,153,PizzaHut,Northeast,0.45381538307130115,0.10938506006422805,0.1344967708176812,0.33192020930403915,-0.5542735082177292
2024-12-09,153,PizzaHut,South,0.565917103766439,0.067600767030954,0.17165385327232988,0.4309775708003919,-1.1915286883248193
2024-12-09,153,PizzaHut,Midwest,0.8204977756688843,-0.02408009649062282,0.05667293070097135,0.5405277045945869,-1.5681807449977332
2024-12-09,153,PizzaHut,West,0.46802133205623203,0.1318064668706674,0.14116557278651456,0.36248858833460823,-1.8195935553070897
2024-12-09,153,PizzaHut,Southwest,0.01,-0.11313248613054717,0.2076269648452098,0.03054343973064911,-0.9447074897277044
2024-12-16,154,McDonalds,Northeast,0.8673439385020056,0.24619393823813818,0.027713269265470058,0.5703076004290429,-1.4167227552888253
2024-12-16,154,McDonalds,South,0.5654634013669054,0.059952243925774515,0.28741291316892137,0.36290162650219815,-1.9288765457898727
2024-12-16,154,McDonalds,Midwest,0.5294867305246359,-0.09463534127233285,0.044879181552355416,0.27197951974525986,-0.7982427450570128
2024-12-16,154,McDonalds,West,0.17747912047463338,-0.1421458835940276,0.2724710438053291,0.32062222572817095,-1.093428921375788
2024-12-16,154,McDonalds,Southwest,0.8943930321681387,-0.013637487122641984,0.09761475647586786,0.06848935279224204,-1.7021857116976975
2024-12-16,154,BurgerKing,Northeast,0.19655314685267494,0.04610192091823477,0.24450012132992213,0.1451965604342744,-1.2577573150678698
2024-12-16,154,BurgerKing,South,0.9261899913576206,0.25918387105649004,0.07960538031602005,0.48906939996118465,-0.8865346316994134
2024-12-16,154,BurgerKing,Midwest,0.31487787050793936,0.037716577485832216,0.3165741719930878,0.5707999278834135,-0.8443823193970343
2024-12-16,154,BurgerKing,West,0.41647972107164527,0.07496003180091597,0.10053500308910315,0.1221118822977808,-1.250572382001857
2024-12-16,154,BurgerKing,Southwest,0.6823973320346575,0.053229849427272345,0.018483657576278914,0.31990659288970436,-1.5421782048067114
2024-12-16,154,Wendys,Northeast,0.8726757297303008,0.010060229898909676,0.1328241465142246,0.2864796801727,-0.5393861269422597
2024-12-16,154,Wendys,South,0.14220043951267486,-0.06954066187740207,0.06877335669035799,0.4254476061773757,-1.0049560835652607
2024-12-16,154,Wendys,Midwest,0.5878952282721924,-0.024564840702141464,0.08722314572501384,0.211067729489257,-1.3876437209805519
2024-12-16,154,Wendys,West,0.4763055376605584,-0.07688099360018341,0.04165760766371676,0.41158605271605975,-1.5793051636930213
2024-12-16,154,Wendys,Southwest,0.19598290643051008,-0.06832608971882188,0.19598595047373857,0.4491558671991043,-0.9033455254946567
2024-12-16,154,TacoBell,Northeast,0.9244642331254262,0.17575992306160781,0.07730275216667797,0.26793124519078654,-1.6367248316093486
2024-12-16,154,TacoBell,South,0.22314922698041786,-0.15596291399410406,0.003979491119964669,0.41766802910529877,-1.7424350165394678
2024-12-16,154,TacoBell,Midwest,0.530765308532143,-0.0979875534724233,0.11549220000432603,0.150108946801192,-1.2052491665568945
2024-12-16,154,TacoBell,West,0.5594877720941084,0.06460433613842034,0.0446903396082485,0.47182917581289624,-1.5650189110337873
2024-12-16,154,TacoBell,Southwest,0.35580611328451645,-0.19565157893827004,0.10354646560386732,0.08879666648103435,-1.0566422826145774
2024-12-16,154,Subway,Northeast,0.2802782271750943,-0.21654244595184352,0.22149824057158357,0.4678561070838936,-1.8230919876886498
2024-12-16,154,Subway,South,0.7437275939589254,-0.02774817025580443,0.12968553551579612,0.4688915625596436,-1.0175883431490176
2024-12-16,154,Subway,Midwest,0.4900570217350873,0.1516054818594593,0.21684813678008416,0.34844406917218707,-1.5750552080034468
2024-12-16,154,Subway,West,0.6390368927509767,-0.01571693507218434,0.24228889639333023,0.264080582240048,-1.999635598348231
2024-12-16,154,Subway,Southwest,0.4698545449508917,-0.00036618239809303385,0.15684861764457372,0.1839016666596838,-1.8095959134887354
2024-12-16,154,KFC,Northeast,0.541267679451806,0.13944391636519923,0.10307124891057669,0.41065611985185674,-0.5995769332473588
2024-12-16,154,KFC,South,0.5387731935861921,-0.030897989822554185,0.08985526769638223,0.059614022899604026,-0.6989680413269632
2024-12-16,154,KFC,Midwest,0.44352378945382404,0.1152430194264367,0.06211878057985756,0.18162748643710216,-1.6495864519456447
2024-12-16,154,KFC,West,0.20165642105464887,-0.18830002923877354,0.06522890237178519,0.37457060797482544,-0.8324421431817632
2024-12-16,154,KFC,Southwest,0.48637023453604006,0.007149860038922363,0.2062792732454961,0.19135202294227086,-1.0871426102390387
2024-12-16,154,Dominos,Northeast,0.1815809586845124,0.023397987720633527,0.05859345042386398,0.21214506472215292,-0.5436429328251958
2024-12-16,154,Dominos,South,0.14059425869579656,-0.14772672773561546,0.16903420222022753,0.2939671196096951,-1.4395915106989112
2024-12-16,154,Dominos,Midwest,0.1882655658667236,-0.26732300832286743,0.10019145266430377,0.27749119186196053,-0.977809081224243
2024-12-16,154,Dominos,West,0.141075300370047,0.13206629217852198,0.09196263428197264,0.08585787626857316,-1.9046964163641222
2024-12-16,154,Dominos,Southwest,0.15452921082346188,0.06843069310111233,0.013614314134967706,0.23368255004054264,-1.4056289797753911
2024-12-16,154,PizzaHut,Northeast,0.46720517738772965,0.10623424078513881,0.1344967708176812,0.33192020930403915,-0.5542735082177292
2024-12-16,154,PizzaHut,South,0.5800434117147067,0.06518646138370407,0.17165385327232988,0.4309775708003919,-1.1915286883248193
2024-12-16,154,PizzaHut,Midwest,0.8517062148333916,-0.009412270921633055,0.05667293070097135,0.5405277045945869,-1.5681807449977332
2024-12-16,154,PizzaHut,West,0.48961752418389987,0.1368620454028175,0.14116557278651456,0.36248858833460823,-1.8195935553070897
2024-12-16,154,PizzaHut,Southwest,0.015337254208113583,-0.10877012908253662,0.2076269648452098,0.03054343973064911,-0.9447074897277044
2024-12-23,155,McDonalds,Northeast,0.837969935007577,0.2342847731784009,0.027713269265470058,0.5703076004290429,-1.4167227552888253
2024-12-23,155,McDonalds,South,0.5547858436250083,0.0667395246185687,0.28741291316892137,0.36290162650219815,-1.9288765457898727
2024-12-23,155,McDonalds,Midwest,0.5027305286848469,-0.10392670467743043,0.044879181552355416,0.27197951974525986,-0.7982427450570128
2024-12-23,155,McDonalds,West,0.14867408018059247,-0.1534860854533772,0.2724710438053291,0.32062222572817095,-1.093428921375788
2024-12-23,155,McDonalds,Southwest,0.8734604779657802,-0.017105202890309104,0.09761475647586786,0.06848935279224204,-1.7021857116976975
2024-12-23,155,BurgerKing,Northeast,0.20126826373573786,0.04024399368374787,0.24450012132992213,0.1451965604342744,-1.2577573150678698
2024-12-23,155,BurgerKing,South,0.9345470385313198,0.25696787411263966,0.07960538031602005,0.48906939996118465,-0.8865346316994134
2024-12-23,155,BurgerKing,Midwest,0.3110410982802399,0.023306761140583027,0.3165741719930878,0.5707999278834135,-0.8443823193970343
2024-12-23,155,BurgerKing,West,0.43664092825387174,0.08454819486559269,0.10053500308910315,0.1221118822977808,-1.250572382001857
2024-12-23,155,BurgerKing,Southwest,0.7042472390973715,0.06450671237243663,0.018483657576278914,0.31990659288970436,-1.5421782048067114
2024-12-23,155,Wendys,Northeast,0.8594676128665504,-0.009413194842498467,0.1328241465142246,0.2864796801727,-0.5393861269422597
2024-12-23,155,Wendys,South,0.158250325446998,-0.05975608382073657,0.06877335669035799,0.4254476061773757,-1.0049560835652607
2024-12-23,155,Wendys,Midwest,0.5860552498516338,-0.03267012700035773,0.08722314572501384,0.211067729489257,-1.3876437209805519
2024-12-23,155,Wendys,West,0.49114060090804385,-0.06831123823035555,0.04165760766371676,0.41158605271605975,-1.5793051636930213
2024-12-23,155,Wendys,Southwest,0.20156374938150354,-0.06901055464548604,0.19598595047373857,0.4491558671991043,-0.9033455254946567
2024-12-23,155,TacoBell,Northeast,0.9334812489902252,0.1760476787024178,0.07730275216667797,0.26793124519078654,-1.6367248316093486
2024-12-23,155,TacoBell,South,0.2300275107101947,-0.15781389048831623,0.003979491119964669,0.41766802910529877,-1.7424350165394678
2024-12-23,155,TacoBell,Midwest,0.5516158607984668,-0.08586626143008844,0.11549220000432603,0.150108946801192,-1.2052491665568945
2024-12-23,155,TacoBell,West,0.5558211521928471,0.05220845601317006,0.0446903396082485,0.47182917581289624,-1.5650189110337873
2024-12-23,155,TacoBell,Southwest,0.3706137768958555,-0.18957317555091996,0.10354646560386732,0.08879666648103435,-1.0566422826145774
2024-12-23,155,Subway,Northeast,0.27732717534786705,-0.20552914430294802,0.22149824057158357,0.4678561070838936,-1.8230919876886498
2024-12-23,155,Subway,South,0.7369266412882068,-0.020584769450400324,0.12968553551579612,0.4688915625596436,-1.0175883431490176
2024-12-23,155,Subway,Midwest,0.49933965740219866,0.17485247100269347,0.21684813678008416,0.34844406917218707,-1.5750552080034468
2024-12-23,155,Subway,West,0.619783071647607,-0.02100640269943133,0.24228889639333023,0.264080582240048,-1.999635598348231
2024-12-23,155,Subway,Southwest,0.46546323970070425,0.009206865827842279,0.15684861764457372,0.1839016666596838,-1.8095959134887354
2024-12-23,155,KFC,Northeast,0.5295424261295314,0.13838301001178502,0.10307124891057669,0.41065611985185674,-0.5995769332473588
2024-12-23,155,KFC,South,0.5404429073808584,-0.01856392905902749,0.08985526769638223,0.059614022899604026,-0.6989680413269632
2024-12-23,155,KFC,Midwest,0.43278255252774994,0.115166129469223,0.06211878057985756,0.18162748643710216,-1.6495864519456447
2024-12-23,155,KFC,West,0.18711331626716382,-0.19217878705739824,0.06522890237178519,0.37457060797482544,-0.8324421431817632
2024-12-23,155,KFC,Southwest,0.488766609605896,0.020210582077638654,0.2062792732454961,0.19135202294227086,-1.0871426102390387
2024-12-23,155,Dominos,Northeast,0.1797148907516941,0.018482368330444227,0.05859345042386398,0.21214506472215292,-0.5436429328251958
2024-12-23,155,Dominos,South,0.129516552564162,-0.16185398532462103,0.16903420222022753,0.2939671196096951,-1.4395915106989112
2024-12-23,155,Dominos,Midwest,0.18614664849235635,-0.2724914771546057,0.10019145266430377,0.27749119186196053,-0.977809081224243
2024-12-23,155,Dominos,West,0.15031518129330335,0.1382566216444073,0.09196263428197264,0.08585787626857316,-1.9046964163641222
2024-12-23,155,Dominos,Southwest,0.17149914979670378,0.08235108061698324,0.013614314134967706,0.23368255004054264,-1.4056289797753911
2024-12-23,155,PizzaHut,Northeast,0.4855197975192254,0.10734553453810393,0.1344967708176812,0.33192020930403915,-0.5542735082177292
2024-12-23,155,PizzaHut,South,0.6104287087655775,0.07836843205604432,0.17165385327232988,0.4309775708003919,-1.1915286883248193
2024-12-23,155,PizzaHut,Midwest,0.8553277919971464,-0.022994020136408985,0.05667293070097135,0.5405277045945869,-1.5681807449977332
2024-12-23,155,PizzaHut,West,0.5023882159142514,0.13242941075463846,0.14116557278651456,0.36248858833460823,-1.8195935553070897
2024-12-23,155,PizzaHut,Southwest,0.029654829415103178,-0.11165588025407763,0.2076269648452098,0.03054343973064911,-0.9447074897277044
2024-12-30,156,McDonalds,Northeast,0.8195328121405698,0.2331391789036757,0.027713269265470058,0.5703076004290429,-1.4167227552888253
2024-12-30,156,McDonalds,South,0.5383352589152284,0.06758046850107068,0.28741291316892137,0.36290162650219815,-1.9288765457898727
2024-12-30,156,McDonalds,Midwest,0.49234810966648707,-0.09701759510350849,0.044879181552355416,0.27197951974525986,-0.7982427450570128
2024-12-30,156,McDonalds,West,0.1269344832066057,-0.15793415383508208,0.2724710438053291,0.32062222572817095,-1.093428921375788
2024-12-30,156,McDonalds,Southwest,0.8575592362430295,-0.015714916020777847,0.09761475647586786,0.06848935279224204,-1.7021857116976975
2024-12-30,156,BurgerKing,Northeast,0.21255978443072698,0.039792764780507354,0.24450012132992213,0.1451965604342744,-1.2577573150678698
2024-12-30,156,BurgerKing,South,0.937030889090638,0.24770897507372816,0.07960538031602005,0.48906939996118465,-0.8865346316994134
2024-12-30,156,BurgerKing,Midwest,0.32164718098765527,0.022170094249768672,0.3165741719930878,0.5707999278834135,-0.8443823193970343
2024-12-30,156,BurgerKing,West,0.4469470825531303,0.08311159956662151,0.10053500308910315,0.1221118822977808,-1.250572382001857
2024-12-30,156,BurgerKing,Southwest,0.7143391830455708,0.06285590672240617,0.018483657576278914,0.31990659288970436,-1.5421782048067114
2024-12-30,156,Wendys,Northeast,0.8657378236765927,-0.00909560027668396,0.1328241465142246,0.2864796801727,-0.5393861269422597
2024-12-30,156,Wendys,South,0.16495967709735965,-0.058999348414602706,0.06877335669035799,0.4254476061773757,-1.0049560835652607
2024-12-30,156,Wendys,Midwest,0.5876849143047884,-0.03699307879143103,0.08722314572501384,0.211067729489257,-1.3876437209805519
2024-12-30,156,Wendys,West,0.5098203644919843,-0.0555840908906429,0.04165760766371676,0.41158605271605975,-1.5793051636930213
2024-12-30,156,Wendys,Southwest,0.19582155933370118,-0.08070536093751621,0.19598595047373857,0.4491558671991043,-0.9033455254946567
2024-12-30,156,TacoBell,Northeast,0.933230350303175,0.16883797761771885,0.07730275216667797,0.26793124519078654,-1.6367248316093486
2024-12-30,156,TacoBell,South,0.26478594935007904,-0.13001425424608068,0.003979491119964669,0.41766802910529877,-1.7424350165394678
2024-12-30,156,TacoBell,Midwest,0.5481947496462234,-0.09624617497998074,0.11549220000432603,0.150108946801192,-1.2052491665568945
2024-12-30,156,TacoBell,West,0.5492424078433984,0.03867090926607247,0.0446903396082485,0.47182917581289624,-1.5650189110337873
2024-12-30,156,TacoBell,Southwest,0.3849173467435165,-0.1822284081009078,0.10354646560386732,0.08879666648103435,-1.0566422826145774
2024-12-30,156,Subway,Northeast,0.24165677307228867,-0.22630034284068676,0.22149824057158357,0.4678561070838936,-1.8230919876886498
2024-12-30,156,Subway,South,0.7196746984506428,-0.022937508550124712,0.12968553551579612,0.4688915625596436,-1.0175883431490176
2024-12-30,156,Subway,Midwest,0.505898702915124,0.19631072025345836,0.21684813678008416,0.34844406917218707,-1.5750552080034468
2024-12-30,156,Subway,West,0.5894345086882333,-0.036455761920965335,0.24228889639333023,0.264080582240048,-1.999635598348231
2024-12-30,156,Subway,Southwest,0.43074439110547746,-0.010612779029544855,0.15684861764457372,0.1839016666596838,-1.8095959134887354
2024-12-30,156,KFC,Northeast,0.5044341493383687,0.12339119799220803,0.10307124891057669,0.41065611985185674,-0.5995769332473588
2024-12-30,156,KFC,South,0.5393100382927426,-0.009580333375557635,0.08985526769638223,0.059614022899604026,-0.6989680413269632
2024-12-30,156,KFC,Midwest,0.4339138549560224,0.12641389666908112,0.06211878057985756,0.18162748643710216,-1.6495864519456447
2024-12-30,156,KFC,West,0.17187096352579304,-0.19730467502718332,0.06522890237178519,0.37457060797482544,-0.8324421431817632
2024-12-30,156,KFC,Southwest,0.485482268874321,0.027042706117649345,0.2062792732454961,0.19135202294227086,-1.0871426102390387
2024-12-30,156,Dominos,Northeast,0.19817346201297942,0.032384921605564124,0.05859345042386398,0.21214506472215292,-0.5436429328251958
2024-12-30,156,Dominos,South,0.15194603469462564,-0.14398052118032278,0.16903420222022753,0.2939671196096951,-1.4395915106989112
2024-12-30,156,Dominos,Midwest,0.18823931366672325,-0.2749548299664042,0.10019145266430377,0.27749119186196053,-0.977809081224243
2024-12-30,156,Dominos,West,0.13185648210276885,0.11524190446770743,0.09196263428197264,0.08585787626857316,-1.9046964163641222
2024-12-30,156,Dominos,Southwest,0.16784637855877232,0.07414229139288636,0.013614314134967706,0.23368255004054264,-1.4056289797753911
2024-12-30,156,PizzaHut,Northeast,0.4988683025429747,0.10307749258875135,0.1344967708176812,0.33192020930403915,-0.5542735082177292
2024-12-30,156,PizzaHut,South,0.6254558677728955,0.07577904409026041,0.17165385327232988,0.4309775708003919,-1.1915286883248193
2024-12-30,156,PizzaHut,Midwest,0.871065744960161,-0.02487261414649618,0.05667293070097135,0.5405277045945869,-1.5681807449977332
2024-12-30,156,PizzaHut,West,0.53119370886666,0.14361835673394516,0.14116557278651456,0.36248858833460823,-1.8195935553070897
2024-12-30,156,PizzaHut,Southwest,0.0600156606550809,-0.09891159598720181,0.2076269648452098,0.03054343973064911,-0.9447074897277044
