date,brand,region,revenue_pred,revenue_lower_80,revenue_upper_80,revenue_lower_95,revenue_upper_95
2024-01-01,BurgerKing,Midwest,24879.762470307585,2000.9521887839182,47758.57275183125,-10153.415773275527,59912.9407138907
2024-01-08,BurgerKing,Midwest,26196.154004867698,3474.0187240990927,48918.2892856363,-8597.11564380923,60989.423653544625
2024-01-15,BurgerKing,Midwest,23902.705200641452,946.3915972435279,46859.01880403938,-11249.15000456162,59054.560405844524
2024-01-22,BurgerKing,Midwest,21163.99351493339,-1966.4802624574477,44294.46729232423,-14254.544456696334,56582.531486563115
2024-01-29,BurgerKing,Midwest,23040.45354662709,58.58496436337373,46022.32212889081,-12150.53271996422,58231.4398132184
2024-02-05,BurgerKing,Midwest,23911.852891669703,1014.1694507201428,46809.53633261926,-11150.224877284309,58973.930660623715
2024-02-12,BurgerKing,Midwest,24324.409838100168,1448.4843218879469,47200.33535431239,-10704.351108599796,59353.17078480013
2024-02-19,BurgerKing,Midwest,27990.970663116022,5384.823218814687,50597.11810741736,-6624.6926109704,62606.633937202445
2024-02-26,BurgerKing,Midwest,29614.43722953338,7194.143163921966,52034.7312951448,-4716.638058434095,63945.51251750086
2024-03-04,BurgerKing,Midwest,28668.632626986517,6211.8979748022975,51125.367279170736,-5718.242309170571,63055.507563143605
2024-03-11,BurgerKing,Midwest,27433.75046532171,4842.651583862862,50024.84934678056,-7158.869696912152,62026.370627555574
2024-03-18,BurgerKing,Midwest,28972.85601951027,6494.931016061837,51450.781022958705,-5446.466642020139,63392.17868104068
2024-03-25,BurgerKing,Midwest,27708.32948764519,5156.432569138804,50260.226406151574,-6824.2626688177115,62240.92164410809
2024-04-01,BurgerKing,Midwest,28045.34201492514,5498.677689820452,50592.006340029824,-6479.237732891408,62569.92176274169
2024-04-08,BurgerKing,Midwest,26502.603944492977,3866.0555190179293,49139.152369968026,-8159.610832015685,61164.81872100164
2024-04-15,BurgerKing,Midwest,27125.06310041758,4490.793649351366,49759.33255148379,-7533.66199652756,61783.78819736272
2024-04-22,BurgerKing,Midwest,26691.49578415601,4037.892784901349,49345.09878341067,-7996.833808452691,61379.82537676471
2024-04-29,BurgerKing,Midwest,26712.342665861128,4193.848487199124,49230.83684452313,-7769.1015452150605,61193.786876937316
2024-05-06,BurgerKing,Midwest,26336.89472070006,3692.9278919278586,48980.86154947226,-8336.67948585737,61010.46892725749
2024-05-13,BurgerKing,Midwest,25323.293575862903,2584.2402907890137,48062.34686093679,-9495.881766906488,60142.468918632294
2024-05-20,BurgerKing,Midwest,23936.622746071356,1098.9706690607054,46774.27482308201,-11033.531996851205,58906.77748899392
2024-05-27,BurgerKing,Midwest,22741.644079686594,-159.36643880425254,45642.65459817744,-12325.528276752513,57808.8164361257
2024-06-03,BurgerKing,Midwest,21053.71010459363,-2053.825477163322,44161.24568635058,-14329.703754971699,56437.12396415896
2024-06-10,BurgerKing,Midwest,19336.699758713163,-3932.703200964297,42606.102718390626,-16294.573523292951,54967.97304071928
2024-06-17,BurgerKing,Midwest,19290.89515290504,-4086.323284689548,42668.113590499626,-16505.47057966167,55087.26088547175
2024-06-24,BurgerKing,Midwest,18800.823699806104,-4570.026476722302,42171.673876334506,-16985.790633003016,54587.438032615224
2024-07-01,BurgerKing,Midwest,19595.68988406888,-3682.0110458225354,42873.3908139603,-16048.289664827345,55239.66943296511
2024-07-08,BurgerKing,Midwest,19519.005442620553,-3806.070426576658,42844.08131181776,-16197.516982087676,55235.52786732878
2024-07-15,BurgerKing,Midwest,17726.41532388224,-5699.784375893254,41152.61502365774,-18144.95296639898,53597.78361416346
2024-07-22,BurgerKing,Midwest,20488.567457629848,-2769.4943566176007,43746.6292718773,-15125.33969543656,56102.474610696256
2024-07-29,BurgerKing,Midwest,21656.676784329422,-1455.9211604076409,44769.274729066485,-13734.488818549202,57047.842387208046
2024-08-05,BurgerKing,Midwest,19868.346702690535,-3403.793636001308,43140.48704138238,-15767.118190931345,55503.811596312415
2024-08-12,BurgerKing,Midwest,16274.514343935458,-7298.2031756518445,39847.23186352276,-19821.209357932596,52370.23804580351
2024-08-19,BurgerKing,Midwest,13925.049483080351,-9954.302784750715,37804.40175091142,-22640.208677035967,50490.30764319667
2024-08-26,BurgerKing,Midwest,10255.799716149653,-13986.528616354073,34498.12804865338,-26865.265542996676,47376.86497529598
2024-09-02,BurgerKing,Midwest,14263.355715967169,-9675.639430049021,38202.35086198336,-22393.230601370124,50919.94203330446
2024-09-09,BurgerKing,Midwest,17100.807024848757,-6518.176665802854,40719.79071550036,-19065.76175146152,53267.37580115903
2024-09-16,BurgerKing,Midwest,19589.367221763125,-3793.6275228856102,42972.36196641186,-16215.84348098025,55394.5779245065
2024-09-23,BurgerKing,Midwest,17647.282208994882,-5851.681971782651,41146.246389772416,-18335.506692820716,53630.07111081048
2024-09-30,BurgerKing,Midwest,19161.66667880759,-4184.249822270685,42507.58317988586,-16586.76796346852,54910.1013210837
2024-10-07,BurgerKing,Midwest,20859.962687238665,-2343.037105532414,44062.962480009744,-14669.630745442046,56389.556119919376
2024-10-14,BurgerKing,Midwest,24536.037490481925,1631.6718517184963,47440.40312924536,-10536.272393874577,59608.34737483843
2024-10-21,BurgerKing,Midwest,24192.630873618356,1264.204763045891,47121.05698419082,-10916.521608195733,59301.783355432446
2024-10-28,BurgerKing,Midwest,24044.697534461222,1192.949483490811,46896.44558543163,-10947.041668587219,59036.43673750966
2024-11-04,BurgerKing,Midwest,22511.662561849327,-513.8682284600436,45537.1933521587,-12746.181460811895,57769.50658451055
2024-11-11,BurgerKing,Midwest,23622.28374290483,661.6083689987281,46582.95911681093,-11536.25042338889,58780.81790919855
2024-11-18,BurgerKing,Midwest,23639.81337725264,714.8802353657156,46564.74651913957,-11463.990496261715,58743.617250767
2024-11-25,BurgerKing,Midwest,23194.794330273784,234.51653720672766,46155.07212334084,-11963.131040360146,58352.71970090771
2024-12-02,BurgerKing,Midwest,25591.536740638847,2796.6712119017393,48386.402269375954,-9313.101100239845,60496.17458151754
2024-12-09,BurgerKing,Midwest,25519.173112139506,2701.8116450123707,48336.53457926664,-9419.911634398915,60458.25785867793
2024-12-16,BurgerKing,Midwest,25187.763034199394,2330.3381591291545,48045.18790926963,-9812.668805751906,60188.19487415069
2024-12-23,BurgerKing,Midwest,22003.567712375385,-1038.4719446519193,45045.607369402685,-13279.555512447674,57286.690937198444
2024-12-30,BurgerKing,Midwest,21949.40147863185,-1127.872068039178,45026.67502530288,-13387.673639708162,57286.476596971865
2024-01-01,BurgerKing,Northeast,17453.243162258714,9810.008296770675,25096.47802774675,5749.539774480154,29156.946550037275
2024-01-08,BurgerKing,Northeast,17453.243162258714,9810.008296770675,25096.47802774675,5749.539774480154,29156.946550037275
2024-01-15,BurgerKing,Northeast,17453.243162258714,9810.008296770675,25096.47802774675,5749.539774480154,29156.946550037275
2024-01-22,BurgerKing,Northeast,17453.243162258714,9810.008296770675,25096.47802774675,5749.539774480154,29156.946550037275
2024-01-29,BurgerKing,Northeast,17453.243162258714,9810.008296770675,25096.47802774675,5749.539774480154,29156.946550037275
2024-02-05,BurgerKing,Northeast,17453.243162258714,9810.008296770675,25096.47802774675,5749.539774480154,29156.946550037275
2024-02-12,BurgerKing,Northeast,17453.243162258714,9810.008296770675,25096.47802774675,5749.539774480154,29156.946550037275
2024-02-19,BurgerKing,Northeast,17453.243162258714,9810.008296770675,25096.47802774675,5749.539774480154,29156.946550037275
2024-02-26,BurgerKing,Northeast,17453.243162258714,9810.008296770675,25096.47802774675,5749.539774480154,29156.946550037275
2024-03-04,BurgerKing,Northeast,17453.243162258714,9810.008296770675,25096.47802774675,5749.539774480154,29156.946550037275
2024-03-11,BurgerKing,Northeast,17453.243162258714,9810.008296770675,25096.47802774675,5749.539774480154,29156.946550037275
2024-03-18,BurgerKing,Northeast,17453.243162258714,9810.008296770675,25096.47802774675,5749.539774480154,29156.946550037275
2024-03-25,BurgerKing,Northeast,17453.243162258714,9810.008296770675,25096.47802774675,5749.539774480154,29156.946550037275
2024-04-01,BurgerKing,Northeast,17453.243162258714,9810.008296770675,25096.47802774675,5749.539774480154,29156.946550037275
2024-04-08,BurgerKing,Northeast,17453.243162258714,9810.008296770675,25096.47802774675,5749.539774480154,29156.946550037275
2024-04-15,BurgerKing,Northeast,17453.243162258714,9810.008296770675,25096.47802774675,5749.539774480154,29156.946550037275
2024-04-22,BurgerKing,Northeast,17453.243162258714,9810.008296770675,25096.47802774675,5749.539774480154,29156.946550037275
2024-04-29,BurgerKing,Northeast,17453.243162258714,9810.008296770675,25096.47802774675,5749.539774480154,29156.946550037275
2024-05-06,BurgerKing,Northeast,17453.243162258714,9810.008296770675,25096.47802774675,5749.539774480154,29156.946550037275
2024-05-13,BurgerKing,Northeast,17453.243162258714,9810.008296770675,25096.47802774675,5749.539774480154,29156.946550037275
2024-05-20,BurgerKing,Northeast,17453.243162258714,9810.008296770675,25096.47802774675,5749.539774480154,29156.946550037275
2024-05-27,BurgerKing,Northeast,17453.243162258714,9810.008296770675,25096.47802774675,5749.539774480154,29156.946550037275
2024-06-03,BurgerKing,Northeast,17453.243162258714,9810.008296770675,25096.47802774675,5749.539774480154,29156.946550037275
2024-06-10,BurgerKing,Northeast,17453.243162258714,9810.008296770675,25096.47802774675,5749.539774480154,29156.946550037275
2024-06-17,BurgerKing,Northeast,17453.243162258714,9810.008296770675,25096.47802774675,5749.539774480154,29156.946550037275
2024-06-24,BurgerKing,Northeast,17453.243162258714,9810.008296770675,25096.47802774675,5749.539774480154,29156.946550037275
2024-07-01,BurgerKing,Northeast,17453.243162258714,9810.008296770675,25096.47802774675,5749.539774480154,29156.946550037275
2024-07-08,BurgerKing,Northeast,17453.243162258714,9810.008296770675,25096.47802774675,5749.539774480154,29156.946550037275
2024-07-15,BurgerKing,Northeast,17453.243162258714,9810.008296770675,25096.47802774675,5749.539774480154,29156.946550037275
2024-07-22,BurgerKing,Northeast,17453.243162258714,9810.008296770675,25096.47802774675,5749.539774480154,29156.946550037275
2024-07-29,BurgerKing,Northeast,17453.243162258714,9810.008296770675,25096.47802774675,5749.539774480154,29156.946550037275
2024-08-05,BurgerKing,Northeast,17453.243162258714,9810.008296770675,25096.47802774675,5749.539774480154,29156.946550037275
2024-08-12,BurgerKing,Northeast,17453.243162258714,9810.008296770675,25096.47802774675,5749.539774480154,29156.946550037275
2024-08-19,BurgerKing,Northeast,17453.243162258714,9810.008296770675,25096.47802774675,5749.539774480154,29156.946550037275
2024-08-26,BurgerKing,Northeast,17453.243162258714,9810.008296770675,25096.47802774675,5749.539774480154,29156.946550037275
2024-09-02,BurgerKing,Northeast,17453.243162258714,9810.008296770675,25096.47802774675,5749.539774480154,29156.946550037275
2024-09-09,BurgerKing,Northeast,17453.243162258714,9810.008296770675,25096.47802774675,5749.539774480154,29156.946550037275
2024-09-16,BurgerKing,Northeast,17453.243162258714,9810.008296770675,25096.47802774675,5749.539774480154,29156.946550037275
2024-09-23,BurgerKing,Northeast,17453.243162258714,9810.008296770675,25096.47802774675,5749.539774480154,29156.946550037275
2024-09-30,BurgerKing,Northeast,17453.243162258714,9810.008296770675,25096.47802774675,5749.539774480154,29156.946550037275
2024-10-07,BurgerKing,Northeast,17453.243162258714,9810.008296770675,25096.47802774675,5749.539774480154,29156.946550037275
2024-10-14,BurgerKing,Northeast,17453.243162258714,9810.008296770675,25096.47802774675,5749.539774480154,29156.946550037275
2024-10-21,BurgerKing,Northeast,17453.243162258714,9810.008296770675,25096.47802774675,5749.539774480154,29156.946550037275
2024-10-28,BurgerKing,Northeast,17453.243162258714,9810.008296770675,25096.47802774675,5749.539774480154,29156.946550037275
2024-11-04,BurgerKing,Northeast,17453.243162258714,9810.008296770675,25096.47802774675,5749.539774480154,29156.946550037275
2024-11-11,BurgerKing,Northeast,17453.243162258714,9810.008296770675,25096.47802774675,5749.539774480154,29156.946550037275
2024-11-18,BurgerKing,Northeast,17453.243162258714,9810.008296770675,25096.47802774675,5749.539774480154,29156.946550037275
2024-11-25,BurgerKing,Northeast,17453.243162258714,9810.008296770675,25096.47802774675,5749.539774480154,29156.946550037275
2024-12-02,BurgerKing,Northeast,17453.243162258714,9810.008296770675,25096.47802774675,5749.539774480154,29156.946550037275
2024-12-09,BurgerKing,Northeast,17453.243162258714,9810.008296770675,25096.47802774675,5749.539774480154,29156.946550037275
2024-12-16,BurgerKing,Northeast,17453.243162258714,9810.008296770675,25096.47802774675,5749.539774480154,29156.946550037275
2024-12-23,BurgerKing,Northeast,17453.243162258714,9810.008296770675,25096.47802774675,5749.539774480154,29156.946550037275
2024-12-30,BurgerKing,Northeast,17453.243162258714,9810.008296770675,25096.47802774675,5749.539774480154,29156.946550037275
2024-01-01,BurgerKing,South,84792.36312586749,67838.73921344879,101745.98703828618,58832.126509976355,110752.59974175862
2024-01-08,BurgerKing,South,84792.36265927412,67838.73978510714,101745.9855334411,58832.12763320593,110752.5976853423
2024-01-15,BurgerKing,South,84792.36343888153,67838.73882444948,101745.98805331357,58832.12574803247,110752.60112973058
2024-01-22,BurgerKing,South,84792.36234230743,67838.74017201626,101745.9845125986,58832.128394049076,110752.5962905658
2024-01-29,BurgerKing,South,84792.35986994964,67838.74304060436,101745.97669929492,58832.13410001468,110752.5856398846
2024-02-05,BurgerKing,South,84792.35911470943,67838.74386294834,101745.97436647052,58832.13576045026,110752.58246896858
2024-02-12,BurgerKing,South,84792.35788218827,67838.74516659041,101745.97059778613,58832.13841142904,110752.5773529475
2024-02-19,BurgerKing,South,84792.36319513567,67838.73912599406,101745.98726427727,58832.126339262584,110752.60005100875
2024-02-26,BurgerKing,South,84792.36669210735,67838.73452916462,101745.99885505007,58832.11744260129,110752.6159416134
2024-03-04,BurgerKing,South,84792.35934056905,67838.74361905432,101745.97506208377,58832.13526699964,110752.58341413845
2024-03-11,BurgerKing,South,84792.36092676103,67838.74184266079,101745.98001086127,58832.13170423254,110752.59014928952
2024-03-18,BurgerKing,South,84792.36041626518,67838.74243140398,101745.97840112637,58832.13287694648,110752.58795558388
2024-03-25,BurgerKing,South,84792.35271909059,67838.74994261928,101745.9554955619,58832.1484676189,110752.55697056228
2024-04-01,BurgerKing,South,84792.35502607025,67838.74793659619,101745.9621155443,58832.14417031311,110752.56588182738
2024-04-08,BurgerKing,South,84792.35186577357,67838.75063039725,101745.95310114989,58832.14997410358,110752.55375744356
2024-04-15,BurgerKing,South,84792.35561679977,67838.74739121628,101745.96384238327,58832.14302137504,110752.5682122245
2024-04-22,BurgerKing,South,84792.35647736907,67838.7465666296,101745.96638810854,58832.14130154926,110752.57165318889
2024-04-29,BurgerKing,South,84792.3599184895,67838.74298207265,101745.97685490634,58832.133984601205,110752.58585237779
2024-05-06,BurgerKing,South,84792.35745807664,67838.74559466244,101745.96932149085,58832.139292223634,110752.57562392965
2024-05-13,BurgerKing,South,84792.35888242499,67838.74411555806,101745.97364929192,58832.136270660005,110752.58149418997
2024-05-20,BurgerKing,South,84792.35869331406,67838.74431210003,101745.9730745281,58832.136672080065,110752.58071454806
2024-05-27,BurgerKing,South,84792.35434719054,67838.74855055877,101745.96014382232,58832.145471098134,110752.56322328295
2024-06-03,BurgerKing,South,84792.35627680576,67838.74676412053,101745.96578949099,58832.14171050649,110752.57084310503
2024-06-10,BurgerKing,South,84792.35737978226,67838.74567186409,101745.96908770043,58832.13945203257,110752.57530753195
2024-06-17,BurgerKing,South,84792.35758577992,67838.745462705,101745.96970885483,58832.139022321455,110752.57614923838
2024-06-24,BurgerKing,South,84792.35758113353,67838.74546549548,101745.96969677159,58832.13902906276,110752.5761332043
2024-07-01,BurgerKing,South,84792.35899372053,67838.7439905651,101745.97399687595,58832.13602013877,110752.58196730228
2024-07-08,BurgerKing,South,84792.35945836904,67838.74348647997,101745.97543025811,58832.13500141392,110752.58391532417
2024-07-15,BurgerKing,South,84792.36191622991,67838.74068084541,101745.98315161442,58832.12939954738,110752.59443291245
2024-07-22,BurgerKing,South,84792.3621229464,67838.74043268722,101745.98381320559,58832.12890973703,110752.59533615578
2024-07-29,BurgerKing,South,84792.36228194204,67838.74024092963,101745.98432295445,58832.1285316418,110752.59603224229
2024-08-05,BurgerKing,South,84792.36194504616,67838.74064463869,101745.98324545362,58832.12932879722,110752.59456129509
2024-08-12,BurgerKing,South,84792.36619270834,67838.73521767271,101745.99716774398,58832.11876218504,110752.61362323165
2024-08-19,BurgerKing,South,84792.36347691111,67838.73876867112,101745.9881851511,58832.12564241862,110752.60131140359
2024-08-26,BurgerKing,South,84792.35788540052,67838.7451589767,101745.97061182433,58832.138398064046,110752.577372737
2024-09-02,BurgerKing,South,84792.35767809207,67838.74537572014,101745.969980464,58832.13884008505,110752.5765160991
2024-09-09,BurgerKing,South,84792.35558229648,67838.74742196326,101745.96374262971,58832.14308678622,110752.56807780675
2024-09-16,BurgerKing,South,84792.35981884961,67838.74309348973,101745.9765442095,58832.134208142284,110752.58542955693
2024-09-23,BurgerKing,South,84792.36148934173,67838.74118338755,101745.9817952959,58832.13039584939,110752.59258283407
2024-09-30,BurgerKing,South,84792.36335315194,67838.7389260086,101745.98778029528,58832.12594908871,110752.60075721517
2024-10-07,BurgerKing,South,84792.356435553,67838.74660927604,101745.96626182995,58832.14138906641,110752.57148203958
2024-10-14,BurgerKing,South,84792.3566345833,67838.74641627671,101745.96685288988,58832.140987801344,110752.57228136525
2024-10-21,BurgerKing,South,84792.35714230186,67838.74591122149,101745.96837338223,58832.139944710034,110752.57433989368
2024-10-28,BurgerKing,South,84792.35816688977,67838.74486828118,101745.97146549835,58832.13780339537,110752.57853038417
2024-11-04,BurgerKing,South,84792.35076448793,67838.75146798498,101745.95006099087,58832.1518417178,110752.54968725806
2024-11-11,BurgerKing,South,84792.35295579012,67838.74974680587,101745.95616477437,58832.148042032975,110752.55786954726
2024-11-18,BurgerKing,South,84792.34940996522,67838.75243614665,101745.94638378378,58832.15404380553,110752.54477612491
2024-11-25,BurgerKing,South,84792.35181746964,67838.75066510488,101745.9529698344,58832.1500529111,110752.55358202817
2024-12-02,BurgerKing,South,84792.35548193741,67838.74751816914,101745.96344570568,58832.143287417246,110752.56767645758
2024-12-09,BurgerKing,South,84792.36120310432,67838.74152182828,101745.98088438035,58832.13106615041,110752.59134005822
2024-12-16,BurgerKing,South,84792.35494228212,67838.74801306229,101745.96187150196,58832.144331914256,110752.56555264999
2024-12-23,BurgerKing,South,84792.35995173502,67838.74294777798,101745.97695569207,58832.1339144258,110752.58598904425
2024-12-30,BurgerKing,South,84792.36086641571,67838.74191282602,101745.97982000539,58832.1318437315,110752.58988909991
2024-01-01,BurgerKing,Southwest,73432.45183895928,56112.26424082429,90752.63943709427,46910.91457931507,99953.9890986035
2024-01-08,BurgerKing,Southwest,73432.45183895928,56112.26424082429,90752.63943709427,46910.91457931507,99953.9890986035
2024-01-15,BurgerKing,Southwest,73432.45183895928,56112.26424082429,90752.63943709427,46910.91457931507,99953.9890986035
2024-01-22,BurgerKing,Southwest,73432.45183895928,56112.26424082429,90752.63943709427,46910.91457931507,99953.9890986035
2024-01-29,BurgerKing,Southwest,73432.45183895928,56112.26424082429,90752.63943709427,46910.91457931507,99953.9890986035
2024-02-05,BurgerKing,Southwest,73432.45183895928,56112.26424082429,90752.63943709427,46910.91457931507,99953.9890986035
2024-02-12,BurgerKing,Southwest,73432.45183895928,56112.26424082429,90752.63943709427,46910.91457931507,99953.9890986035
2024-02-19,BurgerKing,Southwest,73432.45183895928,56112.26424082429,90752.63943709427,46910.91457931507,99953.9890986035
2024-02-26,BurgerKing,Southwest,73432.45183895928,56112.26424082429,90752.63943709427,46910.91457931507,99953.9890986035
2024-03-04,BurgerKing,Southwest,73432.45183895928,56112.26424082429,90752.63943709427,46910.91457931507,99953.9890986035
2024-03-11,BurgerKing,Southwest,73432.45183895928,56112.26424082429,90752.63943709427,46910.91457931507,99953.9890986035
2024-03-18,BurgerKing,Southwest,73432.45183895928,56112.26424082429,90752.63943709427,46910.91457931507,99953.9890986035
2024-03-25,BurgerKing,Southwest,73432.45183895928,56112.26424082429,90752.63943709427,46910.91457931507,99953.9890986035
2024-04-01,BurgerKing,Southwest,73432.45183895928,56112.26424082429,90752.63943709427,46910.91457931507,99953.9890986035
2024-04-08,BurgerKing,Southwest,73432.45183895928,56112.26424082429,90752.63943709427,46910.91457931507,99953.9890986035
2024-04-15,BurgerKing,Southwest,73432.45183895928,56112.26424082429,90752.63943709427,46910.91457931507,99953.9890986035
2024-04-22,BurgerKing,Southwest,73432.45183895928,56112.26424082429,90752.63943709427,46910.91457931507,99953.9890986035
2024-04-29,BurgerKing,Southwest,73432.45183895928,56112.26424082429,90752.63943709427,46910.91457931507,99953.9890986035
2024-05-06,BurgerKing,Southwest,73432.45183895928,56112.26424082429,90752.63943709427,46910.91457931507,99953.9890986035
2024-05-13,BurgerKing,Southwest,73432.45183895928,56112.26424082429,90752.63943709427,46910.91457931507,99953.9890986035
2024-05-20,BurgerKing,Southwest,73432.45183895928,56112.26424082429,90752.63943709427,46910.91457931507,99953.9890986035
2024-05-27,BurgerKing,Southwest,73432.45183895928,56112.26424082429,90752.63943709427,46910.91457931507,99953.9890986035
2024-06-03,BurgerKing,Southwest,73432.45183895928,56112.26424082429,90752.63943709427,46910.91457931507,99953.9890986035
2024-06-10,BurgerKing,Southwest,73432.45183895928,56112.26424082429,90752.63943709427,46910.91457931507,99953.9890986035
2024-06-17,BurgerKing,Southwest,73432.45183895928,56112.26424082429,90752.63943709427,46910.91457931507,99953.9890986035
2024-06-24,BurgerKing,Southwest,73432.45183895928,56112.26424082429,90752.63943709427,46910.91457931507,99953.9890986035
2024-07-01,BurgerKing,Southwest,73432.45183895928,56112.26424082429,90752.63943709427,46910.91457931507,99953.9890986035
2024-07-08,BurgerKing,Southwest,73432.45183895928,56112.26424082429,90752.63943709427,46910.91457931507,99953.9890986035
2024-07-15,BurgerKing,Southwest,73432.45183895928,56112.26424082429,90752.63943709427,46910.91457931507,99953.9890986035
2024-07-22,BurgerKing,Southwest,73432.45183895928,56112.26424082429,90752.63943709427,46910.91457931507,99953.9890986035
2024-07-29,BurgerKing,Southwest,73432.45183895928,56112.26424082429,90752.63943709427,46910.91457931507,99953.9890986035
2024-08-05,BurgerKing,Southwest,73432.45183895928,56112.26424082429,90752.63943709427,46910.91457931507,99953.9890986035
2024-08-12,BurgerKing,Southwest,73432.45183895928,56112.26424082429,90752.63943709427,46910.91457931507,99953.9890986035
2024-08-19,BurgerKing,Southwest,73432.45183895928,56112.26424082429,90752.63943709427,46910.91457931507,99953.9890986035
2024-08-26,BurgerKing,Southwest,73432.45183895928,56112.26424082429,90752.63943709427,46910.91457931507,99953.9890986035
2024-09-02,BurgerKing,Southwest,73432.45183895928,56112.26424082429,90752.63943709427,46910.91457931507,99953.9890986035
2024-09-09,BurgerKing,Southwest,73432.45183895928,56112.26424082429,90752.63943709427,46910.91457931507,99953.9890986035
2024-09-16,BurgerKing,Southwest,73432.45183895928,56112.26424082429,90752.63943709427,46910.91457931507,99953.9890986035
2024-09-23,BurgerKing,Southwest,73432.45183895928,56112.26424082429,90752.63943709427,46910.91457931507,99953.9890986035
2024-09-30,BurgerKing,Southwest,73432.45183895928,56112.26424082429,90752.63943709427,46910.91457931507,99953.9890986035
2024-10-07,BurgerKing,Southwest,73432.45183895928,56112.26424082429,90752.63943709427,46910.91457931507,99953.9890986035
2024-10-14,BurgerKing,Southwest,73432.45183895928,56112.26424082429,90752.63943709427,46910.91457931507,99953.9890986035
2024-10-21,BurgerKing,Southwest,73432.45183895928,56112.26424082429,90752.63943709427,46910.91457931507,99953.9890986035
2024-10-28,BurgerKing,Southwest,73432.45183895928,56112.26424082429,90752.63943709427,46910.91457931507,99953.9890986035
2024-11-04,BurgerKing,Southwest,73432.45183895928,56112.26424082429,90752.63943709427,46910.91457931507,99953.9890986035
2024-11-11,BurgerKing,Southwest,73432.45183895928,56112.26424082429,90752.63943709427,46910.91457931507,99953.9890986035
2024-11-18,BurgerKing,Southwest,73432.45183895928,56112.26424082429,90752.63943709427,46910.91457931507,99953.9890986035
2024-11-25,BurgerKing,Southwest,73432.45183895928,56112.26424082429,90752.63943709427,46910.91457931507,99953.9890986035
2024-12-02,BurgerKing,Southwest,73432.45183895928,56112.26424082429,90752.63943709427,46910.91457931507,99953.9890986035
2024-12-09,BurgerKing,Southwest,73432.45183895928,56112.26424082429,90752.63943709427,46910.91457931507,99953.9890986035
2024-12-16,BurgerKing,Southwest,73432.45183895928,56112.26424082429,90752.63943709427,46910.91457931507,99953.9890986035
2024-12-23,BurgerKing,Southwest,73432.45183895928,56112.26424082429,90752.63943709427,46910.91457931507,99953.9890986035
2024-12-30,BurgerKing,Southwest,73432.45183895928,56112.26424082429,90752.63943709427,46910.91457931507,99953.9890986035
2024-01-01,BurgerKing,West,97772.97550821184,69849.6694527326,125696.28156369107,55015.413110759255,140530.53790566442
2024-01-08,BurgerKing,West,97772.97392499304,69849.66278213455,125696.28506785154,55015.40373749096,140530.54411249512
2024-01-15,BurgerKing,West,97772.97514131971,69849.6679179354,125696.28236470402,55015.410955512474,140530.53932712693
2024-01-22,BurgerKing,West,97772.97524667707,69849.6683586327,125696.28213472145,55015.41157435912,140530.53891899504
2024-01-29,BurgerKing,West,97772.97881478167,69849.68287095227,125696.27475861108,55015.431900792886,140530.52572877047
2024-02-05,BurgerKing,West,97772.98144162509,69849.69303231852,125696.26985093165,55015.446064874406,140530.51681837576
2024-02-12,BurgerKing,West,97772.98460495264,69849.70469631486,125696.26451359042,55015.46224485104,140530.50696505423
2024-02-19,BurgerKing,West,97772.98155710912,69849.69347030393,125696.2696439143,55015.446674188664,140530.51644002958
2024-02-26,BurgerKing,West,97772.9814690278,69849.6931434691,125696.2697945865,55015.44622051604,140530.51671753958
2024-03-04,BurgerKing,West,97772.9804282995,69849.68916874175,125696.27168785725,55015.44068710169,140530.52016949732
2024-03-11,BurgerKing,West,97772.98214459141,69849.69568614825,125696.26860303458,55015.449755100315,140530.5145340825
2024-03-18,BurgerKing,West,97772.98188299114,69849.69469953443,125696.26906644784,55015.44838332306,140530.5153826592
2024-03-25,BurgerKing,West,97772.98151116598,69849.69329998766,125696.26972234431,55015.44643779917,140530.5165845328
2024-04-01,BurgerKing,West,97772.98197261419,69849.69503795842,125696.26890726996,55015.44885392255,140530.51509130583
2024-04-08,BurgerKing,West,97772.9836787659,69849.70135010601,125696.26600742579,55015.45761300546,140530.50974452635
2024-04-15,BurgerKing,West,97772.98397072415,69849.70241006289,125696.2655313854,55015.45908096161,140530.50886048668
2024-04-22,BurgerKing,West,97772.98459540373,69849.7046634134,125696.26452739406,55015.462199543545,140530.50699126392
2024-04-29,BurgerKing,West,97772.98447356265,69849.70422631607,125696.26472080924,55015.461594966335,140530.50735215898
2024-05-06,BurgerKing,West,97772.98776845734,69849.71572656004,125696.25981035465,55015.477454302105,140530.49808261258
2024-05-13,BurgerKing,West,97772.99017033592,69849.72367297304,125696.2566676988,55015.48834624901,140530.49199442283
2024-05-20,BurgerKing,West,97772.98580237964,69849.70894559208,125696.2626591672,55015.468115423675,140530.5034893356
2024-05-27,BurgerKing,West,97772.98771099906,69849.71553254669,125696.25988945144,55015.477187743854,140530.49823425428
2024-06-03,BurgerKing,West,97772.98381132254,69849.70183315457,125696.26578949051,55015.45828225283,140530.50934039225
2024-06-10,BurgerKing,West,97772.9839954641,69849.70250504531,125696.2654858829,55015.45921326033,140530.50877766788
2024-06-17,BurgerKing,West,97772.98618158643,69849.71027171482,125696.26209145803,55015.469944595534,140530.50241857732
2024-06-24,BurgerKing,West,97772.98917656354,69849.72043083669,125696.25792229039,55015.483909669296,140530.49444345778
2024-07-01,BurgerKing,West,97772.98660324268,69849.7117342324,125696.26147225295,55015.47196007069,140530.50124641467
2024-07-08,BurgerKing,West,97772.98585522917,69849.7091336613,125696.26257679705,55015.46837532836,140530.50333513
2024-07-15,BurgerKing,West,97772.98336760244,69849.70021424722,125696.26652095767,55015.45603902726,140530.51069617763
2024-07-22,BurgerKing,West,97772.98471245852,69849.70508748956,125696.26433742748,55015.46278672481,140530.50663819222
2024-07-29,BurgerKing,West,97772.98446437919,69849.70419253214,125696.26473622624,55015.461548113395,140530.50738064497
2024-08-05,BurgerKing,West,97772.98178563129,69849.69433607205,125696.26923519053,55015.44787849369,140530.51569276888
2024-08-12,BurgerKing,West,97772.98351555824,69849.70075393215,125696.26627718433,55015.456786818286,140530.5102442982
2024-08-19,BurgerKing,West,97772.98247315525,69849.69690975803,125696.26803655247,55015.45145420326,140530.51349210725
2024-08-26,BurgerKing,West,97772.98284216691,69849.69827913801,125696.2674051958,55015.45335502893,140530.51232930488
2024-09-02,BurgerKing,West,97772.98142060853,69849.69295547783,125696.26988573922,55015.44595837715,140530.5168828399
2024-09-09,BurgerKing,West,97772.98243439126,69849.6967670451,125696.26810173743,55015.45125626744,140530.5136125151
2024-09-16,BurgerKing,West,97772.98340118726,69849.70033434517,125696.26646802935,55015.4562050853,140530.51059728922
2024-09-23,BurgerKing,West,97772.98192133316,69849.69484584838,125696.26899681795,55015.44858699709,140530.51525566925
2024-09-30,BurgerKing,West,97772.98131883993,69849.69257131364,125696.27006636621,55015.4454241903,140530.51721348957
2024-10-07,BurgerKing,West,97772.98375323231,69849.70162194408,125696.26588452054,55015.45798969722,140530.5095167674
2024-10-14,BurgerKing,West,97772.9825223772,69849.69709200763,125696.26795274678,55015.4517071238,140530.5133376306
2024-10-21,BurgerKing,West,97772.98308188545,69849.69916255641,125696.2670012145,55015.45458041285,140530.51158335805
2024-10-28,BurgerKing,West,97772.98288944058,69849.69845207695,125696.26732680421,55015.45359472752,140530.51218415363
2024-11-04,BurgerKing,West,97772.98338025087,69849.70026043014,125696.2665000716,55015.45610302537,140530.51065747638
2024-11-11,BurgerKing,West,97772.98201418832,69849.69519361581,125696.26883476083,55015.449070186674,140530.51495818998
2024-11-18,BurgerKing,West,97772.98273474214,69849.69788170673,125696.26758777755,55015.45280353167,140530.5126659526
2024-11-25,BurgerKing,West,97772.97882637357,69849.68291622442,125696.27473652271,55015.431963957686,140530.52568878944
2024-12-02,BurgerKing,West,97772.98027008267,69849.68855963554,125696.2719805298,55015.43983846051,140530.52070170484
2024-12-09,BurgerKing,West,97772.98143127421,69849.6929965265,125696.26986602192,55015.44601556679,140530.51684698163
2024-12-16,BurgerKing,West,97772.98348242945,69849.70063311435,125696.26633174455,55015.4566194157,140530.5103454432
2024-12-23,BurgerKing,West,97772.98059752825,69849.68981348124,125696.27138157526,55015.441584456246,140530.51961060025
2024-12-30,BurgerKing,West,97772.97953702787,69849.68571174677,125696.27336230897,55015.43586706619,140530.52320698957
2024-01-01,Dominos,Midwest,22544.30237444857,14328.938909666527,30759.665839230613,9964.527069001068,35124.07767989607
2024-01-08,Dominos,Midwest,22544.30237444857,14328.938909666527,30759.665839230613,9964.527069001068,35124.07767989607
2024-01-15,Dominos,Midwest,22544.30237444857,14328.938909666527,30759.665839230613,9964.527069001068,35124.07767989607
2024-01-22,Dominos,Midwest,22544.30237444857,14328.938909666527,30759.665839230613,9964.527069001068,35124.07767989607
2024-01-29,Dominos,Midwest,22544.30237444857,14328.938909666527,30759.665839230613,9964.527069001068,35124.07767989607
2024-02-05,Dominos,Midwest,22544.30237444857,14328.938909666527,30759.665839230613,9964.527069001068,35124.07767989607
2024-02-12,Dominos,Midwest,22544.30237444857,14328.938909666527,30759.665839230613,9964.527069001068,35124.07767989607
2024-02-19,Dominos,Midwest,22544.30237444857,14328.938909666527,30759.665839230613,9964.527069001068,35124.07767989607
2024-02-26,Dominos,Midwest,22544.30237444857,14328.938909666527,30759.665839230613,9964.527069001068,35124.07767989607
2024-03-04,Dominos,Midwest,22544.30237444857,14328.938909666527,30759.665839230613,9964.527069001068,35124.07767989607
2024-03-11,Dominos,Midwest,22544.30237444857,14328.938909666527,30759.665839230613,9964.527069001068,35124.07767989607
2024-03-18,Dominos,Midwest,22544.30237444857,14328.938909666527,30759.665839230613,9964.527069001068,35124.07767989607
2024-03-25,Dominos,Midwest,22544.30237444857,14328.938909666527,30759.665839230613,9964.527069001068,35124.07767989607
2024-04-01,Dominos,Midwest,22544.30237444857,14328.938909666527,30759.665839230613,9964.527069001068,35124.07767989607
2024-04-08,Dominos,Midwest,22544.30237444857,14328.938909666527,30759.665839230613,9964.527069001068,35124.07767989607
2024-04-15,Dominos,Midwest,22544.30237444857,14328.938909666527,30759.665839230613,9964.527069001068,35124.07767989607
2024-04-22,Dominos,Midwest,22544.30237444857,14328.938909666527,30759.665839230613,9964.527069001068,35124.07767989607
2024-04-29,Dominos,Midwest,22544.30237444857,14328.938909666527,30759.665839230613,9964.527069001068,35124.07767989607
2024-05-06,Dominos,Midwest,22544.30237444857,14328.938909666527,30759.665839230613,9964.527069001068,35124.07767989607
2024-05-13,Dominos,Midwest,22544.30237444857,14328.938909666527,30759.665839230613,9964.527069001068,35124.07767989607
2024-05-20,Dominos,Midwest,22544.30237444857,14328.938909666527,30759.665839230613,9964.527069001068,35124.07767989607
2024-05-27,Dominos,Midwest,22544.30237444857,14328.938909666527,30759.665839230613,9964.527069001068,35124.07767989607
2024-06-03,Dominos,Midwest,22544.30237444857,14328.938909666527,30759.665839230613,9964.527069001068,35124.07767989607
2024-06-10,Dominos,Midwest,22544.30237444857,14328.938909666527,30759.665839230613,9964.527069001068,35124.07767989607
2024-06-17,Dominos,Midwest,22544.30237444857,14328.938909666527,30759.665839230613,9964.527069001068,35124.07767989607
2024-06-24,Dominos,Midwest,22544.30237444857,14328.938909666527,30759.665839230613,9964.527069001068,35124.07767989607
2024-07-01,Dominos,Midwest,22544.30237444857,14328.938909666527,30759.665839230613,9964.527069001068,35124.07767989607
2024-07-08,Dominos,Midwest,22544.30237444857,14328.938909666527,30759.665839230613,9964.527069001068,35124.07767989607
2024-07-15,Dominos,Midwest,22544.30237444857,14328.938909666527,30759.665839230613,9964.527069001068,35124.07767989607
2024-07-22,Dominos,Midwest,22544.30237444857,14328.938909666527,30759.665839230613,9964.527069001068,35124.07767989607
2024-07-29,Dominos,Midwest,22544.30237444857,14328.938909666527,30759.665839230613,9964.527069001068,35124.07767989607
2024-08-05,Dominos,Midwest,22544.30237444857,14328.938909666527,30759.665839230613,9964.527069001068,35124.07767989607
2024-08-12,Dominos,Midwest,22544.30237444857,14328.938909666527,30759.665839230613,9964.527069001068,35124.07767989607
2024-08-19,Dominos,Midwest,22544.30237444857,14328.938909666527,30759.665839230613,9964.527069001068,35124.07767989607
2024-08-26,Dominos,Midwest,22544.30237444857,14328.938909666527,30759.665839230613,9964.527069001068,35124.07767989607
2024-09-02,Dominos,Midwest,22544.30237444857,14328.938909666527,30759.665839230613,9964.527069001068,35124.07767989607
2024-09-09,Dominos,Midwest,22544.30237444857,14328.938909666527,30759.665839230613,9964.527069001068,35124.07767989607
2024-09-16,Dominos,Midwest,22544.30237444857,14328.938909666527,30759.665839230613,9964.527069001068,35124.07767989607
2024-09-23,Dominos,Midwest,22544.30237444857,14328.938909666527,30759.665839230613,9964.527069001068,35124.07767989607
2024-09-30,Dominos,Midwest,22544.30237444857,14328.938909666527,30759.665839230613,9964.527069001068,35124.07767989607
2024-10-07,Dominos,Midwest,22544.30237444857,14328.938909666527,30759.665839230613,9964.527069001068,35124.07767989607
2024-10-14,Dominos,Midwest,22544.30237444857,14328.938909666527,30759.665839230613,9964.527069001068,35124.07767989607
2024-10-21,Dominos,Midwest,22544.30237444857,14328.938909666527,30759.665839230613,9964.527069001068,35124.07767989607
2024-10-28,Dominos,Midwest,22544.30237444857,14328.938909666527,30759.665839230613,9964.527069001068,35124.07767989607
2024-11-04,Dominos,Midwest,22544.30237444857,14328.938909666527,30759.665839230613,9964.527069001068,35124.07767989607
2024-11-11,Dominos,Midwest,22544.30237444857,14328.938909666527,30759.665839230613,9964.527069001068,35124.07767989607
2024-11-18,Dominos,Midwest,22544.30237444857,14328.938909666527,30759.665839230613,9964.527069001068,35124.07767989607
2024-11-25,Dominos,Midwest,22544.30237444857,14328.938909666527,30759.665839230613,9964.527069001068,35124.07767989607
2024-12-02,Dominos,Midwest,22544.30237444857,14328.938909666527,30759.665839230613,9964.527069001068,35124.07767989607
2024-12-09,Dominos,Midwest,22544.30237444857,14328.938909666527,30759.665839230613,9964.527069001068,35124.07767989607
2024-12-16,Dominos,Midwest,22544.30237444857,14328.938909666527,30759.665839230613,9964.527069001068,35124.07767989607
2024-12-23,Dominos,Midwest,22544.30237444857,14328.938909666527,30759.665839230613,9964.527069001068,35124.07767989607
2024-12-30,Dominos,Midwest,22544.30237444857,14328.938909666527,30759.665839230613,9964.527069001068,35124.07767989607
2024-01-01,Dominos,Northeast,46222.85334987732,26887.335101432633,65558.371598322,16615.34103194639,75830.36566780825
2024-01-08,Dominos,Northeast,46222.85334987732,26887.335101432633,65558.371598322,16615.34103194639,75830.36566780825
2024-01-15,Dominos,Northeast,46222.85334987732,26887.335101432633,65558.371598322,16615.34103194639,75830.36566780825
2024-01-22,Dominos,Northeast,46222.85334987732,26887.335101432633,65558.371598322,16615.34103194639,75830.36566780825
2024-01-29,Dominos,Northeast,46222.85334987732,26887.335101432633,65558.371598322,16615.34103194639,75830.36566780825
2024-02-05,Dominos,Northeast,46222.85334987732,26887.335101432633,65558.371598322,16615.34103194639,75830.36566780825
2024-02-12,Dominos,Northeast,46222.85334987732,26887.335101432633,65558.371598322,16615.34103194639,75830.36566780825
2024-02-19,Dominos,Northeast,46222.85334987732,26887.335101432633,65558.371598322,16615.34103194639,75830.36566780825
2024-02-26,Dominos,Northeast,46222.85334987732,26887.335101432633,65558.371598322,16615.34103194639,75830.36566780825
2024-03-04,Dominos,Northeast,46222.85334987732,26887.335101432633,65558.371598322,16615.34103194639,75830.36566780825
2024-03-11,Dominos,Northeast,46222.85334987732,26887.335101432633,65558.371598322,16615.34103194639,75830.36566780825
2024-03-18,Dominos,Northeast,46222.85334987732,26887.335101432633,65558.371598322,16615.34103194639,75830.36566780825
2024-03-25,Dominos,Northeast,46222.85334987732,26887.335101432633,65558.371598322,16615.34103194639,75830.36566780825
2024-04-01,Dominos,Northeast,46222.85334987732,26887.335101432633,65558.371598322,16615.34103194639,75830.36566780825
2024-04-08,Dominos,Northeast,46222.85334987732,26887.335101432633,65558.371598322,16615.34103194639,75830.36566780825
2024-04-15,Dominos,Northeast,46222.85334987732,26887.335101432633,65558.371598322,16615.34103194639,75830.36566780825
2024-04-22,Dominos,Northeast,46222.85334987732,26887.335101432633,65558.371598322,16615.34103194639,75830.36566780825
2024-04-29,Dominos,Northeast,46222.85334987732,26887.335101432633,65558.371598322,16615.34103194639,75830.36566780825
2024-05-06,Dominos,Northeast,46222.85334987732,26887.335101432633,65558.371598322,16615.34103194639,75830.36566780825
2024-05-13,Dominos,Northeast,46222.85334987732,26887.335101432633,65558.371598322,16615.34103194639,75830.36566780825
2024-05-20,Dominos,Northeast,46222.85334987732,26887.335101432633,65558.371598322,16615.34103194639,75830.36566780825
2024-05-27,Dominos,Northeast,46222.85334987732,26887.335101432633,65558.371598322,16615.34103194639,75830.36566780825
2024-06-03,Dominos,Northeast,46222.85334987732,26887.335101432633,65558.371598322,16615.34103194639,75830.36566780825
2024-06-10,Dominos,Northeast,46222.85334987732,26887.335101432633,65558.371598322,16615.34103194639,75830.36566780825
2024-06-17,Dominos,Northeast,46222.85334987732,26887.335101432633,65558.371598322,16615.34103194639,75830.36566780825
2024-06-24,Dominos,Northeast,46222.85334987732,26887.335101432633,65558.371598322,16615.34103194639,75830.36566780825
2024-07-01,Dominos,Northeast,46222.85334987732,26887.335101432633,65558.371598322,16615.34103194639,75830.36566780825
2024-07-08,Dominos,Northeast,46222.85334987732,26887.335101432633,65558.371598322,16615.34103194639,75830.36566780825
2024-07-15,Dominos,Northeast,46222.85334987732,26887.335101432633,65558.371598322,16615.34103194639,75830.36566780825
2024-07-22,Dominos,Northeast,46222.85334987732,26887.335101432633,65558.371598322,16615.34103194639,75830.36566780825
2024-07-29,Dominos,Northeast,46222.85334987732,26887.335101432633,65558.371598322,16615.34103194639,75830.36566780825
2024-08-05,Dominos,Northeast,46222.85334987732,26887.335101432633,65558.371598322,16615.34103194639,75830.36566780825
2024-08-12,Dominos,Northeast,46222.85334987732,26887.335101432633,65558.371598322,16615.34103194639,75830.36566780825
2024-08-19,Dominos,Northeast,46222.85334987732,26887.335101432633,65558.371598322,16615.34103194639,75830.36566780825
2024-08-26,Dominos,Northeast,46222.85334987732,26887.335101432633,65558.371598322,16615.34103194639,75830.36566780825
2024-09-02,Dominos,Northeast,46222.85334987732,26887.335101432633,65558.371598322,16615.34103194639,75830.36566780825
2024-09-09,Dominos,Northeast,46222.85334987732,26887.335101432633,65558.371598322,16615.34103194639,75830.36566780825
2024-09-16,Dominos,Northeast,46222.85334987732,26887.335101432633,65558.371598322,16615.34103194639,75830.36566780825
2024-09-23,Dominos,Northeast,46222.85334987732,26887.335101432633,65558.371598322,16615.34103194639,75830.36566780825
2024-09-30,Dominos,Northeast,46222.85334987732,26887.335101432633,65558.371598322,16615.34103194639,75830.36566780825
2024-10-07,Dominos,Northeast,46222.85334987732,26887.335101432633,65558.371598322,16615.34103194639,75830.36566780825
2024-10-14,Dominos,Northeast,46222.85334987732,26887.335101432633,65558.371598322,16615.34103194639,75830.36566780825
2024-10-21,Dominos,Northeast,46222.85334987732,26887.335101432633,65558.371598322,16615.34103194639,75830.36566780825
2024-10-28,Dominos,Northeast,46222.85334987732,26887.335101432633,65558.371598322,16615.34103194639,75830.36566780825
2024-11-04,Dominos,Northeast,46222.85334987732,26887.335101432633,65558.371598322,16615.34103194639,75830.36566780825
2024-11-11,Dominos,Northeast,46222.85334987732,26887.335101432633,65558.371598322,16615.34103194639,75830.36566780825
2024-11-18,Dominos,Northeast,46222.85334987732,26887.335101432633,65558.371598322,16615.34103194639,75830.36566780825
2024-11-25,Dominos,Northeast,46222.85334987732,26887.335101432633,65558.371598322,16615.34103194639,75830.36566780825
2024-12-02,Dominos,Northeast,46222.85334987732,26887.335101432633,65558.371598322,16615.34103194639,75830.36566780825
2024-12-09,Dominos,Northeast,46222.85334987732,26887.335101432633,65558.371598322,16615.34103194639,75830.36566780825
2024-12-16,Dominos,Northeast,46222.85334987732,26887.335101432633,65558.371598322,16615.34103194639,75830.36566780825
2024-12-23,Dominos,Northeast,46222.85334987732,26887.335101432633,65558.371598322,16615.34103194639,75830.36566780825
2024-12-30,Dominos,Northeast,46222.85334987732,26887.335101432633,65558.371598322,16615.34103194639,75830.36566780825
2024-01-01,Dominos,South,42689.480172549724,22765.534668653905,62613.42567644554,12180.938619709254,73198.0217253902
2024-01-08,Dominos,South,42689.480172549724,22765.534668653905,62613.42567644554,12180.938619709254,73198.0217253902
2024-01-15,Dominos,South,42689.480172549724,22765.534668653905,62613.42567644554,12180.938619709254,73198.0217253902
2024-01-22,Dominos,South,42689.480172549724,22765.534668653905,62613.42567644554,12180.938619709254,73198.0217253902
2024-01-29,Dominos,South,42689.480172549724,22765.534668653905,62613.42567644554,12180.938619709254,73198.0217253902
2024-02-05,Dominos,South,42689.480172549724,22765.534668653905,62613.42567644554,12180.938619709254,73198.0217253902
2024-02-12,Dominos,South,42689.480172549724,22765.534668653905,62613.42567644554,12180.938619709254,73198.0217253902
2024-02-19,Dominos,South,42689.480172549724,22765.534668653905,62613.42567644554,12180.938619709254,73198.0217253902
2024-02-26,Dominos,South,42689.480172549724,22765.534668653905,62613.42567644554,12180.938619709254,73198.0217253902
2024-03-04,Dominos,South,42689.480172549724,22765.534668653905,62613.42567644554,12180.938619709254,73198.0217253902
2024-03-11,Dominos,South,42689.480172549724,22765.534668653905,62613.42567644554,12180.938619709254,73198.0217253902
2024-03-18,Dominos,South,42689.480172549724,22765.534668653905,62613.42567644554,12180.938619709254,73198.0217253902
2024-03-25,Dominos,South,42689.480172549724,22765.534668653905,62613.42567644554,12180.938619709254,73198.0217253902
2024-04-01,Dominos,South,42689.480172549724,22765.534668653905,62613.42567644554,12180.938619709254,73198.0217253902
2024-04-08,Dominos,South,42689.480172549724,22765.534668653905,62613.42567644554,12180.938619709254,73198.0217253902
2024-04-15,Dominos,South,42689.480172549724,22765.534668653905,62613.42567644554,12180.938619709254,73198.0217253902
2024-04-22,Dominos,South,42689.480172549724,22765.534668653905,62613.42567644554,12180.938619709254,73198.0217253902
2024-04-29,Dominos,South,42689.480172549724,22765.534668653905,62613.42567644554,12180.938619709254,73198.0217253902
2024-05-06,Dominos,South,42689.480172549724,22765.534668653905,62613.42567644554,12180.938619709254,73198.0217253902
2024-05-13,Dominos,South,42689.480172549724,22765.534668653905,62613.42567644554,12180.938619709254,73198.0217253902
2024-05-20,Dominos,South,42689.480172549724,22765.534668653905,62613.42567644554,12180.938619709254,73198.0217253902
2024-05-27,Dominos,South,42689.480172549724,22765.534668653905,62613.42567644554,12180.938619709254,73198.0217253902
2024-06-03,Dominos,South,42689.480172549724,22765.534668653905,62613.42567644554,12180.938619709254,73198.0217253902
2024-06-10,Dominos,South,42689.480172549724,22765.534668653905,62613.42567644554,12180.938619709254,73198.0217253902
2024-06-17,Dominos,South,42689.480172549724,22765.534668653905,62613.42567644554,12180.938619709254,73198.0217253902
2024-06-24,Dominos,South,42689.480172549724,22765.534668653905,62613.42567644554,12180.938619709254,73198.0217253902
2024-07-01,Dominos,South,42689.480172549724,22765.534668653905,62613.42567644554,12180.938619709254,73198.0217253902
2024-07-08,Dominos,South,42689.480172549724,22765.534668653905,62613.42567644554,12180.938619709254,73198.0217253902
2024-07-15,Dominos,South,42689.480172549724,22765.534668653905,62613.42567644554,12180.938619709254,73198.0217253902
2024-07-22,Dominos,South,42689.480172549724,22765.534668653905,62613.42567644554,12180.938619709254,73198.0217253902
2024-07-29,Dominos,South,42689.480172549724,22765.534668653905,62613.42567644554,12180.938619709254,73198.0217253902
2024-08-05,Dominos,South,42689.480172549724,22765.534668653905,62613.42567644554,12180.938619709254,73198.0217253902
2024-08-12,Dominos,South,42689.480172549724,22765.534668653905,62613.42567644554,12180.938619709254,73198.0217253902
2024-08-19,Dominos,South,42689.480172549724,22765.534668653905,62613.42567644554,12180.938619709254,73198.0217253902
2024-08-26,Dominos,South,42689.480172549724,22765.534668653905,62613.42567644554,12180.938619709254,73198.0217253902
2024-09-02,Dominos,South,42689.480172549724,22765.534668653905,62613.42567644554,12180.938619709254,73198.0217253902
2024-09-09,Dominos,South,42689.480172549724,22765.534668653905,62613.42567644554,12180.938619709254,73198.0217253902
2024-09-16,Dominos,South,42689.480172549724,22765.534668653905,62613.42567644554,12180.938619709254,73198.0217253902
2024-09-23,Dominos,South,42689.480172549724,22765.534668653905,62613.42567644554,12180.938619709254,73198.0217253902
2024-09-30,Dominos,South,42689.480172549724,22765.534668653905,62613.42567644554,12180.938619709254,73198.0217253902
2024-10-07,Dominos,South,42689.480172549724,22765.534668653905,62613.42567644554,12180.938619709254,73198.0217253902
2024-10-14,Dominos,South,42689.480172549724,22765.534668653905,62613.42567644554,12180.938619709254,73198.0217253902
2024-10-21,Dominos,South,42689.480172549724,22765.534668653905,62613.42567644554,12180.938619709254,73198.0217253902
2024-10-28,Dominos,South,42689.480172549724,22765.534668653905,62613.42567644554,12180.938619709254,73198.0217253902
2024-11-04,Dominos,South,42689.480172549724,22765.534668653905,62613.42567644554,12180.938619709254,73198.0217253902
2024-11-11,Dominos,South,42689.480172549724,22765.534668653905,62613.42567644554,12180.938619709254,73198.0217253902
2024-11-18,Dominos,South,42689.480172549724,22765.534668653905,62613.42567644554,12180.938619709254,73198.0217253902
2024-11-25,Dominos,South,42689.480172549724,22765.534668653905,62613.42567644554,12180.938619709254,73198.0217253902
2024-12-02,Dominos,South,42689.480172549724,22765.534668653905,62613.42567644554,12180.938619709254,73198.0217253902
2024-12-09,Dominos,South,42689.480172549724,22765.534668653905,62613.42567644554,12180.938619709254,73198.0217253902
2024-12-16,Dominos,South,42689.480172549724,22765.534668653905,62613.42567644554,12180.938619709254,73198.0217253902
2024-12-23,Dominos,South,42689.480172549724,22765.534668653905,62613.42567644554,12180.938619709254,73198.0217253902
2024-12-30,Dominos,South,42689.480172549724,22765.534668653905,62613.42567644554,12180.938619709254,73198.0217253902
2024-01-01,Dominos,Southwest,31868.15959061848,18720.772794124594,45015.546387112365,11736.223558487218,52000.095622749745
2024-01-08,Dominos,Southwest,31868.15959061848,18720.772794124594,45015.546387112365,11736.223558487218,52000.095622749745
2024-01-15,Dominos,Southwest,31868.15959061848,18720.772794124594,45015.546387112365,11736.223558487218,52000.095622749745
2024-01-22,Dominos,Southwest,31868.15959061848,18720.772794124594,45015.546387112365,11736.223558487218,52000.095622749745
2024-01-29,Dominos,Southwest,31868.15959061848,18720.772794124594,45015.546387112365,11736.223558487218,52000.095622749745
2024-02-05,Dominos,Southwest,31868.15959061848,18720.772794124594,45015.546387112365,11736.223558487218,52000.095622749745
2024-02-12,Dominos,Southwest,31868.15959061848,18720.772794124594,45015.546387112365,11736.223558487218,52000.095622749745
2024-02-19,Dominos,Southwest,31868.15959061848,18720.772794124594,45015.546387112365,11736.223558487218,52000.095622749745
2024-02-26,Dominos,Southwest,31868.15959061848,18720.772794124594,45015.546387112365,11736.223558487218,52000.095622749745
2024-03-04,Dominos,Southwest,31868.15959061848,18720.772794124594,45015.546387112365,11736.223558487218,52000.095622749745
2024-03-11,Dominos,Southwest,31868.15959061848,18720.772794124594,45015.546387112365,11736.223558487218,52000.095622749745
2024-03-18,Dominos,Southwest,31868.15959061848,18720.772794124594,45015.546387112365,11736.223558487218,52000.095622749745
2024-03-25,Dominos,Southwest,31868.15959061848,18720.772794124594,45015.546387112365,11736.223558487218,52000.095622749745
2024-04-01,Dominos,Southwest,31868.15959061848,18720.772794124594,45015.546387112365,11736.223558487218,52000.095622749745
2024-04-08,Dominos,Southwest,31868.15959061848,18720.772794124594,45015.546387112365,11736.223558487218,52000.095622749745
2024-04-15,Dominos,Southwest,31868.15959061848,18720.772794124594,45015.546387112365,11736.223558487218,52000.095622749745
2024-04-22,Dominos,Southwest,31868.15959061848,18720.772794124594,45015.546387112365,11736.223558487218,52000.095622749745
2024-04-29,Dominos,Southwest,31868.15959061848,18720.772794124594,45015.546387112365,11736.223558487218,52000.095622749745
2024-05-06,Dominos,Southwest,31868.15959061848,18720.772794124594,45015.546387112365,11736.223558487218,52000.095622749745
2024-05-13,Dominos,Southwest,31868.15959061848,18720.772794124594,45015.546387112365,11736.223558487218,52000.095622749745
2024-05-20,Dominos,Southwest,31868.15959061848,18720.772794124594,45015.546387112365,11736.223558487218,52000.095622749745
2024-05-27,Dominos,Southwest,31868.15959061848,18720.772794124594,45015.546387112365,11736.223558487218,52000.095622749745
2024-06-03,Dominos,Southwest,31868.15959061848,18720.772794124594,45015.546387112365,11736.223558487218,52000.095622749745
2024-06-10,Dominos,Southwest,31868.15959061848,18720.772794124594,45015.546387112365,11736.223558487218,52000.095622749745
2024-06-17,Dominos,Southwest,31868.15959061848,18720.772794124594,45015.546387112365,11736.223558487218,52000.095622749745
2024-06-24,Dominos,Southwest,31868.15959061848,18720.772794124594,45015.546387112365,11736.223558487218,52000.095622749745
2024-07-01,Dominos,Southwest,31868.15959061848,18720.772794124594,45015.546387112365,11736.223558487218,52000.095622749745
2024-07-08,Dominos,Southwest,31868.15959061848,18720.772794124594,45015.546387112365,11736.223558487218,52000.095622749745
2024-07-15,Dominos,Southwest,31868.15959061848,18720.772794124594,45015.546387112365,11736.223558487218,52000.095622749745
2024-07-22,Dominos,Southwest,31868.15959061848,18720.772794124594,45015.546387112365,11736.223558487218,52000.095622749745
2024-07-29,Dominos,Southwest,31868.15959061848,18720.772794124594,45015.546387112365,11736.223558487218,52000.095622749745
2024-08-05,Dominos,Southwest,31868.15959061848,18720.772794124594,45015.546387112365,11736.223558487218,52000.095622749745
2024-08-12,Dominos,Southwest,31868.15959061848,18720.772794124594,45015.546387112365,11736.223558487218,52000.095622749745
2024-08-19,Dominos,Southwest,31868.15959061848,18720.772794124594,45015.546387112365,11736.223558487218,52000.095622749745
2024-08-26,Dominos,Southwest,31868.15959061848,18720.772794124594,45015.546387112365,11736.223558487218,52000.095622749745
2024-09-02,Dominos,Southwest,31868.15959061848,18720.772794124594,45015.546387112365,11736.223558487218,52000.095622749745
2024-09-09,Dominos,Southwest,31868.15959061848,18720.772794124594,45015.546387112365,11736.223558487218,52000.095622749745
2024-09-16,Dominos,Southwest,31868.15959061848,18720.772794124594,45015.546387112365,11736.223558487218,52000.095622749745
2024-09-23,Dominos,Southwest,31868.15959061848,18720.772794124594,45015.546387112365,11736.223558487218,52000.095622749745
2024-09-30,Dominos,Southwest,31868.15959061848,18720.772794124594,45015.546387112365,11736.223558487218,52000.095622749745
2024-10-07,Dominos,Southwest,31868.15959061848,18720.772794124594,45015.546387112365,11736.223558487218,52000.095622749745
2024-10-14,Dominos,Southwest,31868.15959061848,18720.772794124594,45015.546387112365,11736.223558487218,52000.095622749745
2024-10-21,Dominos,Southwest,31868.15959061848,18720.772794124594,45015.546387112365,11736.223558487218,52000.095622749745
2024-10-28,Dominos,Southwest,31868.15959061848,18720.772794124594,45015.546387112365,11736.223558487218,52000.095622749745
2024-11-04,Dominos,Southwest,31868.15959061848,18720.772794124594,45015.546387112365,11736.223558487218,52000.095622749745
2024-11-11,Dominos,Southwest,31868.15959061848,18720.772794124594,45015.546387112365,11736.223558487218,52000.095622749745
2024-11-18,Dominos,Southwest,31868.15959061848,18720.772794124594,45015.546387112365,11736.223558487218,52000.095622749745
2024-11-25,Dominos,Southwest,31868.15959061848,18720.772794124594,45015.546387112365,11736.223558487218,52000.095622749745
2024-12-02,Dominos,Southwest,31868.15959061848,18720.772794124594,45015.546387112365,11736.223558487218,52000.095622749745
2024-12-09,Dominos,Southwest,31868.15959061848,18720.772794124594,45015.546387112365,11736.223558487218,52000.095622749745
2024-12-16,Dominos,Southwest,31868.15959061848,18720.772794124594,45015.546387112365,11736.223558487218,52000.095622749745
2024-12-23,Dominos,Southwest,31868.15959061848,18720.772794124594,45015.546387112365,11736.223558487218,52000.095622749745
2024-12-30,Dominos,Southwest,31868.15959061848,18720.772794124594,45015.546387112365,11736.223558487218,52000.095622749745
2024-01-01,Dominos,West,34084.0871630078,18239.65032942586,49928.52399658975,9822.293261585448,58345.881064430156
2024-01-08,Dominos,West,34084.0871630078,18239.65032942586,49928.52399658975,9822.293261585448,58345.881064430156
2024-01-15,Dominos,West,34084.0871630078,18239.65032942586,49928.52399658975,9822.293261585448,58345.881064430156
2024-01-22,Dominos,West,34084.0871630078,18239.65032942586,49928.52399658975,9822.293261585448,58345.881064430156
2024-01-29,Dominos,West,34084.0871630078,18239.65032942586,49928.52399658975,9822.293261585448,58345.881064430156
2024-02-05,Dominos,West,34084.0871630078,18239.65032942586,49928.52399658975,9822.293261585448,58345.881064430156
2024-02-12,Dominos,West,34084.0871630078,18239.65032942586,49928.52399658975,9822.293261585448,58345.881064430156
2024-02-19,Dominos,West,34084.0871630078,18239.65032942586,49928.52399658975,9822.293261585448,58345.881064430156
2024-02-26,Dominos,West,34084.0871630078,18239.65032942586,49928.52399658975,9822.293261585448,58345.881064430156
2024-03-04,Dominos,West,34084.0871630078,18239.65032942586,49928.52399658975,9822.293261585448,58345.881064430156
2024-03-11,Dominos,West,34084.0871630078,18239.65032942586,49928.52399658975,9822.293261585448,58345.881064430156
2024-03-18,Dominos,West,34084.0871630078,18239.65032942586,49928.52399658975,9822.293261585448,58345.881064430156
2024-03-25,Dominos,West,34084.0871630078,18239.65032942586,49928.52399658975,9822.293261585448,58345.881064430156
2024-04-01,Dominos,West,34084.0871630078,18239.65032942586,49928.52399658975,9822.293261585448,58345.881064430156
2024-04-08,Dominos,West,34084.0871630078,18239.65032942586,49928.52399658975,9822.293261585448,58345.881064430156
2024-04-15,Dominos,West,34084.0871630078,18239.65032942586,49928.52399658975,9822.293261585448,58345.881064430156
2024-04-22,Dominos,West,34084.0871630078,18239.65032942586,49928.52399658975,9822.293261585448,58345.881064430156
2024-04-29,Dominos,West,34084.0871630078,18239.65032942586,49928.52399658975,9822.293261585448,58345.881064430156
2024-05-06,Dominos,West,34084.0871630078,18239.65032942586,49928.52399658975,9822.293261585448,58345.881064430156
2024-05-13,Dominos,West,34084.0871630078,18239.65032942586,49928.52399658975,9822.293261585448,58345.881064430156
2024-05-20,Dominos,West,34084.0871630078,18239.65032942586,49928.52399658975,9822.293261585448,58345.881064430156
2024-05-27,Dominos,West,34084.0871630078,18239.65032942586,49928.52399658975,9822.293261585448,58345.881064430156
2024-06-03,Dominos,West,34084.0871630078,18239.65032942586,49928.52399658975,9822.293261585448,58345.881064430156
2024-06-10,Dominos,West,34084.0871630078,18239.65032942586,49928.52399658975,9822.293261585448,58345.881064430156
2024-06-17,Dominos,West,34084.0871630078,18239.65032942586,49928.52399658975,9822.293261585448,58345.881064430156
2024-06-24,Dominos,West,34084.0871630078,18239.65032942586,49928.52399658975,9822.293261585448,58345.881064430156
2024-07-01,Dominos,West,34084.0871630078,18239.65032942586,49928.52399658975,9822.293261585448,58345.881064430156
2024-07-08,Dominos,West,34084.0871630078,18239.65032942586,49928.52399658975,9822.293261585448,58345.881064430156
2024-07-15,Dominos,West,34084.0871630078,18239.65032942586,49928.52399658975,9822.293261585448,58345.881064430156
2024-07-22,Dominos,West,34084.0871630078,18239.65032942586,49928.52399658975,9822.293261585448,58345.881064430156
2024-07-29,Dominos,West,34084.0871630078,18239.65032942586,49928.52399658975,9822.293261585448,58345.881064430156
2024-08-05,Dominos,West,34084.0871630078,18239.65032942586,49928.52399658975,9822.293261585448,58345.881064430156
2024-08-12,Dominos,West,34084.0871630078,18239.65032942586,49928.52399658975,9822.293261585448,58345.881064430156
2024-08-19,Dominos,West,34084.0871630078,18239.65032942586,49928.52399658975,9822.293261585448,58345.881064430156
2024-08-26,Dominos,West,34084.0871630078,18239.65032942586,49928.52399658975,9822.293261585448,58345.881064430156
2024-09-02,Dominos,West,34084.0871630078,18239.65032942586,49928.52399658975,9822.293261585448,58345.881064430156
2024-09-09,Dominos,West,34084.0871630078,18239.65032942586,49928.52399658975,9822.293261585448,58345.881064430156
2024-09-16,Dominos,West,34084.0871630078,18239.65032942586,49928.52399658975,9822.293261585448,58345.881064430156
2024-09-23,Dominos,West,34084.0871630078,18239.65032942586,49928.52399658975,9822.293261585448,58345.881064430156
2024-09-30,Dominos,West,34084.0871630078,18239.65032942586,49928.52399658975,9822.293261585448,58345.881064430156
2024-10-07,Dominos,West,34084.0871630078,18239.65032942586,49928.52399658975,9822.293261585448,58345.881064430156
2024-10-14,Dominos,West,34084.0871630078,18239.65032942586,49928.52399658975,9822.293261585448,58345.881064430156
2024-10-21,Dominos,West,34084.0871630078,18239.65032942586,49928.52399658975,9822.293261585448,58345.881064430156
2024-10-28,Dominos,West,34084.0871630078,18239.65032942586,49928.52399658975,9822.293261585448,58345.881064430156
2024-11-04,Dominos,West,34084.0871630078,18239.65032942586,49928.52399658975,9822.293261585448,58345.881064430156
2024-11-11,Dominos,West,34084.0871630078,18239.65032942586,49928.52399658975,9822.293261585448,58345.881064430156
2024-11-18,Dominos,West,34084.0871630078,18239.65032942586,49928.52399658975,9822.293261585448,58345.881064430156
2024-11-25,Dominos,West,34084.0871630078,18239.65032942586,49928.52399658975,9822.293261585448,58345.881064430156
2024-12-02,Dominos,West,34084.0871630078,18239.65032942586,49928.52399658975,9822.293261585448,58345.881064430156
2024-12-09,Dominos,West,34084.0871630078,18239.65032942586,49928.52399658975,9822.293261585448,58345.881064430156
2024-12-16,Dominos,West,34084.0871630078,18239.65032942586,49928.52399658975,9822.293261585448,58345.881064430156
2024-12-23,Dominos,West,34084.0871630078,18239.65032942586,49928.52399658975,9822.293261585448,58345.881064430156
2024-12-30,Dominos,West,34084.0871630078,18239.65032942586,49928.52399658975,9822.293261585448,58345.881064430156
2024-01-01,KFC,Midwest,65196.06041787904,48988.12495090644,81403.99588485164,40377.65923407725,90014.46160168083
2024-01-08,KFC,Midwest,65196.06041787904,48988.12495090644,81403.99588485164,40377.65923407725,90014.46160168083
2024-01-15,KFC,Midwest,65196.06041787904,48988.12495090644,81403.99588485164,40377.65923407725,90014.46160168083
2024-01-22,KFC,Midwest,65196.06041787904,48988.12495090644,81403.99588485164,40377.65923407725,90014.46160168083
2024-01-29,KFC,Midwest,65196.06041787904,48988.12495090644,81403.99588485164,40377.65923407725,90014.46160168083
2024-02-05,KFC,Midwest,65196.06041787904,48988.12495090644,81403.99588485164,40377.65923407725,90014.46160168083
2024-02-12,KFC,Midwest,65196.06041787904,48988.12495090644,81403.99588485164,40377.65923407725,90014.46160168083
2024-02-19,KFC,Midwest,65196.06041787904,48988.12495090644,81403.99588485164,40377.65923407725,90014.46160168083
2024-02-26,KFC,Midwest,65196.06041787904,48988.12495090644,81403.99588485164,40377.65923407725,90014.46160168083
2024-03-04,KFC,Midwest,65196.06041787904,48988.12495090644,81403.99588485164,40377.65923407725,90014.46160168083
2024-03-11,KFC,Midwest,65196.06041787904,48988.12495090644,81403.99588485164,40377.65923407725,90014.46160168083
2024-03-18,KFC,Midwest,65196.06041787904,48988.12495090644,81403.99588485164,40377.65923407725,90014.46160168083
2024-03-25,KFC,Midwest,65196.06041787904,48988.12495090644,81403.99588485164,40377.65923407725,90014.46160168083
2024-04-01,KFC,Midwest,65196.06041787904,48988.12495090644,81403.99588485164,40377.65923407725,90014.46160168083
2024-04-08,KFC,Midwest,65196.06041787904,48988.12495090644,81403.99588485164,40377.65923407725,90014.46160168083
2024-04-15,KFC,Midwest,65196.06041787904,48988.12495090644,81403.99588485164,40377.65923407725,90014.46160168083
2024-04-22,KFC,Midwest,65196.06041787904,48988.12495090644,81403.99588485164,40377.65923407725,90014.46160168083
2024-04-29,KFC,Midwest,65196.06041787904,48988.12495090644,81403.99588485164,40377.65923407725,90014.46160168083
2024-05-06,KFC,Midwest,65196.06041787904,48988.12495090644,81403.99588485164,40377.65923407725,90014.46160168083
2024-05-13,KFC,Midwest,65196.06041787904,48988.12495090644,81403.99588485164,40377.65923407725,90014.46160168083
2024-05-20,KFC,Midwest,65196.06041787904,48988.12495090644,81403.99588485164,40377.65923407725,90014.46160168083
2024-05-27,KFC,Midwest,65196.06041787904,48988.12495090644,81403.99588485164,40377.65923407725,90014.46160168083
2024-06-03,KFC,Midwest,65196.06041787904,48988.12495090644,81403.99588485164,40377.65923407725,90014.46160168083
2024-06-10,KFC,Midwest,65196.06041787904,48988.12495090644,81403.99588485164,40377.65923407725,90014.46160168083
2024-06-17,KFC,Midwest,65196.06041787904,48988.12495090644,81403.99588485164,40377.65923407725,90014.46160168083
2024-06-24,KFC,Midwest,65196.06041787904,48988.12495090644,81403.99588485164,40377.65923407725,90014.46160168083
2024-07-01,KFC,Midwest,65196.06041787904,48988.12495090644,81403.99588485164,40377.65923407725,90014.46160168083
2024-07-08,KFC,Midwest,65196.06041787904,48988.12495090644,81403.99588485164,40377.65923407725,90014.46160168083
2024-07-15,KFC,Midwest,65196.06041787904,48988.12495090644,81403.99588485164,40377.65923407725,90014.46160168083
2024-07-22,KFC,Midwest,65196.06041787904,48988.12495090644,81403.99588485164,40377.65923407725,90014.46160168083
2024-07-29,KFC,Midwest,65196.06041787904,48988.12495090644,81403.99588485164,40377.65923407725,90014.46160168083
2024-08-05,KFC,Midwest,65196.06041787904,48988.12495090644,81403.99588485164,40377.65923407725,90014.46160168083
2024-08-12,KFC,Midwest,65196.06041787904,48988.12495090644,81403.99588485164,40377.65923407725,90014.46160168083
2024-08-19,KFC,Midwest,65196.06041787904,48988.12495090644,81403.99588485164,40377.65923407725,90014.46160168083
2024-08-26,KFC,Midwest,65196.06041787904,48988.12495090644,81403.99588485164,40377.65923407725,90014.46160168083
2024-09-02,KFC,Midwest,65196.06041787904,48988.12495090644,81403.99588485164,40377.65923407725,90014.46160168083
2024-09-09,KFC,Midwest,65196.06041787904,48988.12495090644,81403.99588485164,40377.65923407725,90014.46160168083
2024-09-16,KFC,Midwest,65196.06041787904,48988.12495090644,81403.99588485164,40377.65923407725,90014.46160168083
2024-09-23,KFC,Midwest,65196.06041787904,48988.12495090644,81403.99588485164,40377.65923407725,90014.46160168083
2024-09-30,KFC,Midwest,65196.06041787904,48988.12495090644,81403.99588485164,40377.65923407725,90014.46160168083
2024-10-07,KFC,Midwest,65196.06041787904,48988.12495090644,81403.99588485164,40377.65923407725,90014.46160168083
2024-10-14,KFC,Midwest,65196.06041787904,48988.12495090644,81403.99588485164,40377.65923407725,90014.46160168083
2024-10-21,KFC,Midwest,65196.06041787904,48988.12495090644,81403.99588485164,40377.65923407725,90014.46160168083
2024-10-28,KFC,Midwest,65196.06041787904,48988.12495090644,81403.99588485164,40377.65923407725,90014.46160168083
2024-11-04,KFC,Midwest,65196.06041787904,48988.12495090644,81403.99588485164,40377.65923407725,90014.46160168083
2024-11-11,KFC,Midwest,65196.06041787904,48988.12495090644,81403.99588485164,40377.65923407725,90014.46160168083
2024-11-18,KFC,Midwest,65196.06041787904,48988.12495090644,81403.99588485164,40377.65923407725,90014.46160168083
2024-11-25,KFC,Midwest,65196.06041787904,48988.12495090644,81403.99588485164,40377.65923407725,90014.46160168083
2024-12-02,KFC,Midwest,65196.06041787904,48988.12495090644,81403.99588485164,40377.65923407725,90014.46160168083
2024-12-09,KFC,Midwest,65196.06041787904,48988.12495090644,81403.99588485164,40377.65923407725,90014.46160168083
2024-12-16,KFC,Midwest,65196.06041787904,48988.12495090644,81403.99588485164,40377.65923407725,90014.46160168083
2024-12-23,KFC,Midwest,65196.06041787904,48988.12495090644,81403.99588485164,40377.65923407725,90014.46160168083
2024-12-30,KFC,Midwest,65196.06041787904,48988.12495090644,81403.99588485164,40377.65923407725,90014.46160168083
2024-01-01,KFC,Northeast,45382.187240838044,34296.99512817653,56467.37935349956,28407.986818325106,62356.38766335098
2024-01-08,KFC,Northeast,45382.187240838044,34296.99512817653,56467.37935349956,28407.986818325106,62356.38766335098
2024-01-15,KFC,Northeast,45382.187240838044,34296.99512817653,56467.37935349956,28407.986818325106,62356.38766335098
2024-01-22,KFC,Northeast,45382.187240838044,34296.99512817653,56467.37935349956,28407.986818325106,62356.38766335098
2024-01-29,KFC,Northeast,45382.187240838044,34296.99512817653,56467.37935349956,28407.986818325106,62356.38766335098
2024-02-05,KFC,Northeast,45382.187240838044,34296.99512817653,56467.37935349956,28407.986818325106,62356.38766335098
2024-02-12,KFC,Northeast,45382.187240838044,34296.99512817653,56467.37935349956,28407.986818325106,62356.38766335098
2024-02-19,KFC,Northeast,45382.187240838044,34296.99512817653,56467.37935349956,28407.986818325106,62356.38766335098
2024-02-26,KFC,Northeast,45382.187240838044,34296.99512817653,56467.37935349956,28407.986818325106,62356.38766335098
2024-03-04,KFC,Northeast,45382.187240838044,34296.99512817653,56467.37935349956,28407.986818325106,62356.38766335098
2024-03-11,KFC,Northeast,45382.187240838044,34296.99512817653,56467.37935349956,28407.986818325106,62356.38766335098
2024-03-18,KFC,Northeast,45382.187240838044,34296.99512817653,56467.37935349956,28407.986818325106,62356.38766335098
2024-03-25,KFC,Northeast,45382.187240838044,34296.99512817653,56467.37935349956,28407.986818325106,62356.38766335098
2024-04-01,KFC,Northeast,45382.187240838044,34296.99512817653,56467.37935349956,28407.986818325106,62356.38766335098
2024-04-08,KFC,Northeast,45382.187240838044,34296.99512817653,56467.37935349956,28407.986818325106,62356.38766335098
2024-04-15,KFC,Northeast,45382.187240838044,34296.99512817653,56467.37935349956,28407.986818325106,62356.38766335098
2024-04-22,KFC,Northeast,45382.187240838044,34296.99512817653,56467.37935349956,28407.986818325106,62356.38766335098
2024-04-29,KFC,Northeast,45382.187240838044,34296.99512817653,56467.37935349956,28407.986818325106,62356.38766335098
2024-05-06,KFC,Northeast,45382.187240838044,34296.99512817653,56467.37935349956,28407.986818325106,62356.38766335098
2024-05-13,KFC,Northeast,45382.187240838044,34296.99512817653,56467.37935349956,28407.986818325106,62356.38766335098
2024-05-20,KFC,Northeast,45382.187240838044,34296.99512817653,56467.37935349956,28407.986818325106,62356.38766335098
2024-05-27,KFC,Northeast,45382.187240838044,34296.99512817653,56467.37935349956,28407.986818325106,62356.38766335098
2024-06-03,KFC,Northeast,45382.187240838044,34296.99512817653,56467.37935349956,28407.986818325106,62356.38766335098
2024-06-10,KFC,Northeast,45382.187240838044,34296.99512817653,56467.37935349956,28407.986818325106,62356.38766335098
2024-06-17,KFC,Northeast,45382.187240838044,34296.99512817653,56467.37935349956,28407.986818325106,62356.38766335098
2024-06-24,KFC,Northeast,45382.187240838044,34296.99512817653,56467.37935349956,28407.986818325106,62356.38766335098
2024-07-01,KFC,Northeast,45382.187240838044,34296.99512817653,56467.37935349956,28407.986818325106,62356.38766335098
2024-07-08,KFC,Northeast,45382.187240838044,34296.99512817653,56467.37935349956,28407.986818325106,62356.38766335098
2024-07-15,KFC,Northeast,45382.187240838044,34296.99512817653,56467.37935349956,28407.986818325106,62356.38766335098
2024-07-22,KFC,Northeast,45382.187240838044,34296.99512817653,56467.37935349956,28407.986818325106,62356.38766335098
2024-07-29,KFC,Northeast,45382.187240838044,34296.99512817653,56467.37935349956,28407.986818325106,62356.38766335098
2024-08-05,KFC,Northeast,45382.187240838044,34296.99512817653,56467.37935349956,28407.986818325106,62356.38766335098
2024-08-12,KFC,Northeast,45382.187240838044,34296.99512817653,56467.37935349956,28407.986818325106,62356.38766335098
2024-08-19,KFC,Northeast,45382.187240838044,34296.99512817653,56467.37935349956,28407.986818325106,62356.38766335098
2024-08-26,KFC,Northeast,45382.187240838044,34296.99512817653,56467.37935349956,28407.986818325106,62356.38766335098
2024-09-02,KFC,Northeast,45382.187240838044,34296.99512817653,56467.37935349956,28407.986818325106,62356.38766335098
2024-09-09,KFC,Northeast,45382.187240838044,34296.99512817653,56467.37935349956,28407.986818325106,62356.38766335098
2024-09-16,KFC,Northeast,45382.187240838044,34296.99512817653,56467.37935349956,28407.986818325106,62356.38766335098
2024-09-23,KFC,Northeast,45382.187240838044,34296.99512817653,56467.37935349956,28407.986818325106,62356.38766335098
2024-09-30,KFC,Northeast,45382.187240838044,34296.99512817653,56467.37935349956,28407.986818325106,62356.38766335098
2024-10-07,KFC,Northeast,45382.187240838044,34296.99512817653,56467.37935349956,28407.986818325106,62356.38766335098
2024-10-14,KFC,Northeast,45382.187240838044,34296.99512817653,56467.37935349956,28407.986818325106,62356.38766335098
2024-10-21,KFC,Northeast,45382.187240838044,34296.99512817653,56467.37935349956,28407.986818325106,62356.38766335098
2024-10-28,KFC,Northeast,45382.187240838044,34296.99512817653,56467.37935349956,28407.986818325106,62356.38766335098
2024-11-04,KFC,Northeast,45382.187240838044,34296.99512817653,56467.37935349956,28407.986818325106,62356.38766335098
2024-11-11,KFC,Northeast,45382.187240838044,34296.99512817653,56467.37935349956,28407.986818325106,62356.38766335098
2024-11-18,KFC,Northeast,45382.187240838044,34296.99512817653,56467.37935349956,28407.986818325106,62356.38766335098
2024-11-25,KFC,Northeast,45382.187240838044,34296.99512817653,56467.37935349956,28407.986818325106,62356.38766335098
2024-12-02,KFC,Northeast,45382.187240838044,34296.99512817653,56467.37935349956,28407.986818325106,62356.38766335098
2024-12-09,KFC,Northeast,45382.187240838044,34296.99512817653,56467.37935349956,28407.986818325106,62356.38766335098
2024-12-16,KFC,Northeast,45382.187240838044,34296.99512817653,56467.37935349956,28407.986818325106,62356.38766335098
2024-12-23,KFC,Northeast,45382.187240838044,34296.99512817653,56467.37935349956,28407.986818325106,62356.38766335098
2024-12-30,KFC,Northeast,45382.187240838044,34296.99512817653,56467.37935349956,28407.986818325106,62356.38766335098
2024-01-01,KFC,South,96242.55613671667,73700.19177163625,118784.92050179708,61724.56070268729,130760.55157074604
2024-01-08,KFC,South,96242.55613671667,73700.19177163625,118784.92050179708,61724.56070268729,130760.55157074604
2024-01-15,KFC,South,96242.55613671667,73700.19177163625,118784.92050179708,61724.56070268729,130760.55157074604
2024-01-22,KFC,South,96242.55613671667,73700.19177163625,118784.92050179708,61724.56070268729,130760.55157074604
2024-01-29,KFC,South,96242.55613671667,73700.19177163625,118784.92050179708,61724.56070268729,130760.55157074604
2024-02-05,KFC,South,96242.55613671667,73700.19177163625,118784.92050179708,61724.56070268729,130760.55157074604
2024-02-12,KFC,South,96242.55613671667,73700.19177163625,118784.92050179708,61724.56070268729,130760.55157074604
2024-02-19,KFC,South,96242.55613671667,73700.19177163625,118784.92050179708,61724.56070268729,130760.55157074604
2024-02-26,KFC,South,96242.55613671667,73700.19177163625,118784.92050179708,61724.56070268729,130760.55157074604
2024-03-04,KFC,South,96242.55613671667,73700.19177163625,118784.92050179708,61724.56070268729,130760.55157074604
2024-03-11,KFC,South,96242.55613671667,73700.19177163625,118784.92050179708,61724.56070268729,130760.55157074604
2024-03-18,KFC,South,96242.55613671667,73700.19177163625,118784.92050179708,61724.56070268729,130760.55157074604
2024-03-25,KFC,South,96242.55613671667,73700.19177163625,118784.92050179708,61724.56070268729,130760.55157074604
2024-04-01,KFC,South,96242.55613671667,73700.19177163625,118784.92050179708,61724.56070268729,130760.55157074604
2024-04-08,KFC,South,96242.55613671667,73700.19177163625,118784.92050179708,61724.56070268729,130760.55157074604
2024-04-15,KFC,South,96242.55613671667,73700.19177163625,118784.92050179708,61724.56070268729,130760.55157074604
2024-04-22,KFC,South,96242.55613671667,73700.19177163625,118784.92050179708,61724.56070268729,130760.55157074604
2024-04-29,KFC,South,96242.55613671667,73700.19177163625,118784.92050179708,61724.56070268729,130760.55157074604
2024-05-06,KFC,South,96242.55613671667,73700.19177163625,118784.92050179708,61724.56070268729,130760.55157074604
2024-05-13,KFC,South,96242.55613671667,73700.19177163625,118784.92050179708,61724.56070268729,130760.55157074604
2024-05-20,KFC,South,96242.55613671667,73700.19177163625,118784.92050179708,61724.56070268729,130760.55157074604
2024-05-27,KFC,South,96242.55613671667,73700.19177163625,118784.92050179708,61724.56070268729,130760.55157074604
2024-06-03,KFC,South,96242.55613671667,73700.19177163625,118784.92050179708,61724.56070268729,130760.55157074604
2024-06-10,KFC,South,96242.55613671667,73700.19177163625,118784.92050179708,61724.56070268729,130760.55157074604
2024-06-17,KFC,South,96242.55613671667,73700.19177163625,118784.92050179708,61724.56070268729,130760.55157074604
2024-06-24,KFC,South,96242.55613671667,73700.19177163625,118784.92050179708,61724.56070268729,130760.55157074604
2024-07-01,KFC,South,96242.55613671667,73700.19177163625,118784.92050179708,61724.56070268729,130760.55157074604
2024-07-08,KFC,South,96242.55613671667,73700.19177163625,118784.92050179708,61724.56070268729,130760.55157074604
2024-07-15,KFC,South,96242.55613671667,73700.19177163625,118784.92050179708,61724.56070268729,130760.55157074604
2024-07-22,KFC,South,96242.55613671667,73700.19177163625,118784.92050179708,61724.56070268729,130760.55157074604
2024-07-29,KFC,South,96242.55613671667,73700.19177163625,118784.92050179708,61724.56070268729,130760.55157074604
2024-08-05,KFC,South,96242.55613671667,73700.19177163625,118784.92050179708,61724.56070268729,130760.55157074604
2024-08-12,KFC,South,96242.55613671667,73700.19177163625,118784.92050179708,61724.56070268729,130760.55157074604
2024-08-19,KFC,South,96242.55613671667,73700.19177163625,118784.92050179708,61724.56070268729,130760.55157074604
2024-08-26,KFC,South,96242.55613671667,73700.19177163625,118784.92050179708,61724.56070268729,130760.55157074604
2024-09-02,KFC,South,96242.55613671667,73700.19177163625,118784.92050179708,61724.56070268729,130760.55157074604
2024-09-09,KFC,South,96242.55613671667,73700.19177163625,118784.92050179708,61724.56070268729,130760.55157074604
2024-09-16,KFC,South,96242.55613671667,73700.19177163625,118784.92050179708,61724.56070268729,130760.55157074604
2024-09-23,KFC,South,96242.55613671667,73700.19177163625,118784.92050179708,61724.56070268729,130760.55157074604
2024-09-30,KFC,South,96242.55613671667,73700.19177163625,118784.92050179708,61724.56070268729,130760.55157074604
2024-10-07,KFC,South,96242.55613671667,73700.19177163625,118784.92050179708,61724.56070268729,130760.55157074604
2024-10-14,KFC,South,96242.55613671667,73700.19177163625,118784.92050179708,61724.56070268729,130760.55157074604
2024-10-21,KFC,South,96242.55613671667,73700.19177163625,118784.92050179708,61724.56070268729,130760.55157074604
2024-10-28,KFC,South,96242.55613671667,73700.19177163625,118784.92050179708,61724.56070268729,130760.55157074604
2024-11-04,KFC,South,96242.55613671667,73700.19177163625,118784.92050179708,61724.56070268729,130760.55157074604
2024-11-11,KFC,South,96242.55613671667,73700.19177163625,118784.92050179708,61724.56070268729,130760.55157074604
2024-11-18,KFC,South,96242.55613671667,73700.19177163625,118784.92050179708,61724.56070268729,130760.55157074604
2024-11-25,KFC,South,96242.55613671667,73700.19177163625,118784.92050179708,61724.56070268729,130760.55157074604
2024-12-02,KFC,South,96242.55613671667,73700.19177163625,118784.92050179708,61724.56070268729,130760.55157074604
2024-12-09,KFC,South,96242.55613671667,73700.19177163625,118784.92050179708,61724.56070268729,130760.55157074604
2024-12-16,KFC,South,96242.55613671667,73700.19177163625,118784.92050179708,61724.56070268729,130760.55157074604
2024-12-23,KFC,South,96242.55613671667,73700.19177163625,118784.92050179708,61724.56070268729,130760.55157074604
2024-12-30,KFC,South,96242.55613671667,73700.19177163625,118784.92050179708,61724.56070268729,130760.55157074604
2024-01-01,KFC,Southwest,35003.523752273424,26597.801988685533,43409.245515861316,22132.26230177947,47874.78520276738
2024-01-08,KFC,Southwest,35003.523752273424,26597.801988685533,43409.245515861316,22132.26230177947,47874.78520276738
2024-01-15,KFC,Southwest,35003.523752273424,26597.801988685533,43409.245515861316,22132.26230177947,47874.78520276738
2024-01-22,KFC,Southwest,35003.523752273424,26597.801988685533,43409.245515861316,22132.26230177947,47874.78520276738
2024-01-29,KFC,Southwest,35003.523752273424,26597.801988685533,43409.245515861316,22132.26230177947,47874.78520276738
2024-02-05,KFC,Southwest,35003.523752273424,26597.801988685533,43409.245515861316,22132.26230177947,47874.78520276738
2024-02-12,KFC,Southwest,35003.523752273424,26597.801988685533,43409.245515861316,22132.26230177947,47874.78520276738
2024-02-19,KFC,Southwest,35003.523752273424,26597.801988685533,43409.245515861316,22132.26230177947,47874.78520276738
2024-02-26,KFC,Southwest,35003.523752273424,26597.801988685533,43409.245515861316,22132.26230177947,47874.78520276738
2024-03-04,KFC,Southwest,35003.523752273424,26597.801988685533,43409.245515861316,22132.26230177947,47874.78520276738
2024-03-11,KFC,Southwest,35003.523752273424,26597.801988685533,43409.245515861316,22132.26230177947,47874.78520276738
2024-03-18,KFC,Southwest,35003.523752273424,26597.801988685533,43409.245515861316,22132.26230177947,47874.78520276738
2024-03-25,KFC,Southwest,35003.523752273424,26597.801988685533,43409.245515861316,22132.26230177947,47874.78520276738
2024-04-01,KFC,Southwest,35003.523752273424,26597.801988685533,43409.245515861316,22132.26230177947,47874.78520276738
2024-04-08,KFC,Southwest,35003.523752273424,26597.801988685533,43409.245515861316,22132.26230177947,47874.78520276738
2024-04-15,KFC,Southwest,35003.523752273424,26597.801988685533,43409.245515861316,22132.26230177947,47874.78520276738
2024-04-22,KFC,Southwest,35003.523752273424,26597.801988685533,43409.245515861316,22132.26230177947,47874.78520276738
2024-04-29,KFC,Southwest,35003.523752273424,26597.801988685533,43409.245515861316,22132.26230177947,47874.78520276738
2024-05-06,KFC,Southwest,35003.523752273424,26597.801988685533,43409.245515861316,22132.26230177947,47874.78520276738
2024-05-13,KFC,Southwest,35003.523752273424,26597.801988685533,43409.245515861316,22132.26230177947,47874.78520276738
2024-05-20,KFC,Southwest,35003.523752273424,26597.801988685533,43409.245515861316,22132.26230177947,47874.78520276738
2024-05-27,KFC,Southwest,35003.523752273424,26597.801988685533,43409.245515861316,22132.26230177947,47874.78520276738
2024-06-03,KFC,Southwest,35003.523752273424,26597.801988685533,43409.245515861316,22132.26230177947,47874.78520276738
2024-06-10,KFC,Southwest,35003.523752273424,26597.801988685533,43409.245515861316,22132.26230177947,47874.78520276738
2024-06-17,KFC,Southwest,35003.523752273424,26597.801988685533,43409.245515861316,22132.26230177947,47874.78520276738
2024-06-24,KFC,Southwest,35003.523752273424,26597.801988685533,43409.245515861316,22132.26230177947,47874.78520276738
2024-07-01,KFC,Southwest,35003.523752273424,26597.801988685533,43409.245515861316,22132.26230177947,47874.78520276738
2024-07-08,KFC,Southwest,35003.523752273424,26597.801988685533,43409.245515861316,22132.26230177947,47874.78520276738
2024-07-15,KFC,Southwest,35003.523752273424,26597.801988685533,43409.245515861316,22132.26230177947,47874.78520276738
2024-07-22,KFC,Southwest,35003.523752273424,26597.801988685533,43409.245515861316,22132.26230177947,47874.78520276738
2024-07-29,KFC,Southwest,35003.523752273424,26597.801988685533,43409.245515861316,22132.26230177947,47874.78520276738
2024-08-05,KFC,Southwest,35003.523752273424,26597.801988685533,43409.245515861316,22132.26230177947,47874.78520276738
2024-08-12,KFC,Southwest,35003.523752273424,26597.801988685533,43409.245515861316,22132.26230177947,47874.78520276738
2024-08-19,KFC,Southwest,35003.523752273424,26597.801988685533,43409.245515861316,22132.26230177947,47874.78520276738
2024-08-26,KFC,Southwest,35003.523752273424,26597.801988685533,43409.245515861316,22132.26230177947,47874.78520276738
2024-09-02,KFC,Southwest,35003.523752273424,26597.801988685533,43409.245515861316,22132.26230177947,47874.78520276738
2024-09-09,KFC,Southwest,35003.523752273424,26597.801988685533,43409.245515861316,22132.26230177947,47874.78520276738
2024-09-16,KFC,Southwest,35003.523752273424,26597.801988685533,43409.245515861316,22132.26230177947,47874.78520276738
2024-09-23,KFC,Southwest,35003.523752273424,26597.801988685533,43409.245515861316,22132.26230177947,47874.78520276738
2024-09-30,KFC,Southwest,35003.523752273424,26597.801988685533,43409.245515861316,22132.26230177947,47874.78520276738
2024-10-07,KFC,Southwest,35003.523752273424,26597.801988685533,43409.245515861316,22132.26230177947,47874.78520276738
2024-10-14,KFC,Southwest,35003.523752273424,26597.801988685533,43409.245515861316,22132.26230177947,47874.78520276738
2024-10-21,KFC,Southwest,35003.523752273424,26597.801988685533,43409.245515861316,22132.26230177947,47874.78520276738
2024-10-28,KFC,Southwest,35003.523752273424,26597.801988685533,43409.245515861316,22132.26230177947,47874.78520276738
2024-11-04,KFC,Southwest,35003.523752273424,26597.801988685533,43409.245515861316,22132.26230177947,47874.78520276738
2024-11-11,KFC,Southwest,35003.523752273424,26597.801988685533,43409.245515861316,22132.26230177947,47874.78520276738
2024-11-18,KFC,Southwest,35003.523752273424,26597.801988685533,43409.245515861316,22132.26230177947,47874.78520276738
2024-11-25,KFC,Southwest,35003.523752273424,26597.801988685533,43409.245515861316,22132.26230177947,47874.78520276738
2024-12-02,KFC,Southwest,35003.523752273424,26597.801988685533,43409.245515861316,22132.26230177947,47874.78520276738
2024-12-09,KFC,Southwest,35003.523752273424,26597.801988685533,43409.245515861316,22132.26230177947,47874.78520276738
2024-12-16,KFC,Southwest,35003.523752273424,26597.801988685533,43409.245515861316,22132.26230177947,47874.78520276738
2024-12-23,KFC,Southwest,35003.523752273424,26597.801988685533,43409.245515861316,22132.26230177947,47874.78520276738
2024-12-30,KFC,Southwest,35003.523752273424,26597.801988685533,43409.245515861316,22132.26230177947,47874.78520276738
2024-01-01,KFC,West,41400.16013760953,23687.216768936632,59113.10350628242,14277.215604329158,68523.1046708899
2024-01-08,KFC,West,41400.16013760953,23687.216768936632,59113.10350628242,14277.215604329158,68523.1046708899
2024-01-15,KFC,West,41400.16013760953,23687.216768936632,59113.10350628242,14277.215604329158,68523.1046708899
2024-01-22,KFC,West,41400.16013760953,23687.216768936632,59113.10350628242,14277.215604329158,68523.1046708899
2024-01-29,KFC,West,41400.16013760953,23687.216768936632,59113.10350628242,14277.215604329158,68523.1046708899
2024-02-05,KFC,West,41400.16013760953,23687.216768936632,59113.10350628242,14277.215604329158,68523.1046708899
2024-02-12,KFC,West,41400.16013760953,23687.216768936632,59113.10350628242,14277.215604329158,68523.1046708899
2024-02-19,KFC,West,41400.16013760953,23687.216768936632,59113.10350628242,14277.215604329158,68523.1046708899
2024-02-26,KFC,West,41400.16013760953,23687.216768936632,59113.10350628242,14277.215604329158,68523.1046708899
2024-03-04,KFC,West,41400.16013760953,23687.216768936632,59113.10350628242,14277.215604329158,68523.1046708899
2024-03-11,KFC,West,41400.16013760953,23687.216768936632,59113.10350628242,14277.215604329158,68523.1046708899
2024-03-18,KFC,West,41400.16013760953,23687.216768936632,59113.10350628242,14277.215604329158,68523.1046708899
2024-03-25,KFC,West,41400.16013760953,23687.216768936632,59113.10350628242,14277.215604329158,68523.1046708899
2024-04-01,KFC,West,41400.16013760953,23687.216768936632,59113.10350628242,14277.215604329158,68523.1046708899
2024-04-08,KFC,West,41400.16013760953,23687.216768936632,59113.10350628242,14277.215604329158,68523.1046708899
2024-04-15,KFC,West,41400.16013760953,23687.216768936632,59113.10350628242,14277.215604329158,68523.1046708899
2024-04-22,KFC,West,41400.16013760953,23687.216768936632,59113.10350628242,14277.215604329158,68523.1046708899
2024-04-29,KFC,West,41400.16013760953,23687.216768936632,59113.10350628242,14277.215604329158,68523.1046708899
2024-05-06,KFC,West,41400.16013760953,23687.216768936632,59113.10350628242,14277.215604329158,68523.1046708899
2024-05-13,KFC,West,41400.16013760953,23687.216768936632,59113.10350628242,14277.215604329158,68523.1046708899
2024-05-20,KFC,West,41400.16013760953,23687.216768936632,59113.10350628242,14277.215604329158,68523.1046708899
2024-05-27,KFC,West,41400.16013760953,23687.216768936632,59113.10350628242,14277.215604329158,68523.1046708899
2024-06-03,KFC,West,41400.16013760953,23687.216768936632,59113.10350628242,14277.215604329158,68523.1046708899
2024-06-10,KFC,West,41400.16013760953,23687.216768936632,59113.10350628242,14277.215604329158,68523.1046708899
2024-06-17,KFC,West,41400.16013760953,23687.216768936632,59113.10350628242,14277.215604329158,68523.1046708899
2024-06-24,KFC,West,41400.16013760953,23687.216768936632,59113.10350628242,14277.215604329158,68523.1046708899
2024-07-01,KFC,West,41400.16013760953,23687.216768936632,59113.10350628242,14277.215604329158,68523.1046708899
2024-07-08,KFC,West,41400.16013760953,23687.216768936632,59113.10350628242,14277.215604329158,68523.1046708899
2024-07-15,KFC,West,41400.16013760953,23687.216768936632,59113.10350628242,14277.215604329158,68523.1046708899
2024-07-22,KFC,West,41400.16013760953,23687.216768936632,59113.10350628242,14277.215604329158,68523.1046708899
2024-07-29,KFC,West,41400.16013760953,23687.216768936632,59113.10350628242,14277.215604329158,68523.1046708899
2024-08-05,KFC,West,41400.16013760953,23687.216768936632,59113.10350628242,14277.215604329158,68523.1046708899
2024-08-12,KFC,West,41400.16013760953,23687.216768936632,59113.10350628242,14277.215604329158,68523.1046708899
2024-08-19,KFC,West,41400.16013760953,23687.216768936632,59113.10350628242,14277.215604329158,68523.1046708899
2024-08-26,KFC,West,41400.16013760953,23687.216768936632,59113.10350628242,14277.215604329158,68523.1046708899
2024-09-02,KFC,West,41400.16013760953,23687.216768936632,59113.10350628242,14277.215604329158,68523.1046708899
2024-09-09,KFC,West,41400.16013760953,23687.216768936632,59113.10350628242,14277.215604329158,68523.1046708899
2024-09-16,KFC,West,41400.16013760953,23687.216768936632,59113.10350628242,14277.215604329158,68523.1046708899
2024-09-23,KFC,West,41400.16013760953,23687.216768936632,59113.10350628242,14277.215604329158,68523.1046708899
2024-09-30,KFC,West,41400.16013760953,23687.216768936632,59113.10350628242,14277.215604329158,68523.1046708899
2024-10-07,KFC,West,41400.16013760953,23687.216768936632,59113.10350628242,14277.215604329158,68523.1046708899
2024-10-14,KFC,West,41400.16013760953,23687.216768936632,59113.10350628242,14277.215604329158,68523.1046708899
2024-10-21,KFC,West,41400.16013760953,23687.216768936632,59113.10350628242,14277.215604329158,68523.1046708899
2024-10-28,KFC,West,41400.16013760953,23687.216768936632,59113.10350628242,14277.215604329158,68523.1046708899
2024-11-04,KFC,West,41400.16013760953,23687.216768936632,59113.10350628242,14277.215604329158,68523.1046708899
2024-11-11,KFC,West,41400.16013760953,23687.216768936632,59113.10350628242,14277.215604329158,68523.1046708899
2024-11-18,KFC,West,41400.16013760953,23687.216768936632,59113.10350628242,14277.215604329158,68523.1046708899
2024-11-25,KFC,West,41400.16013760953,23687.216768936632,59113.10350628242,14277.215604329158,68523.1046708899
2024-12-02,KFC,West,41400.16013760953,23687.216768936632,59113.10350628242,14277.215604329158,68523.1046708899
2024-12-09,KFC,West,41400.16013760953,23687.216768936632,59113.10350628242,14277.215604329158,68523.1046708899
2024-12-16,KFC,West,41400.16013760953,23687.216768936632,59113.10350628242,14277.215604329158,68523.1046708899
2024-12-23,KFC,West,41400.16013760953,23687.216768936632,59113.10350628242,14277.215604329158,68523.1046708899
2024-12-30,KFC,West,41400.16013760953,23687.216768936632,59113.10350628242,14277.215604329158,68523.1046708899
2024-01-01,McDonalds,Midwest,57383.950544475236,41495.89901852258,73272.0020704279,33055.371645360225,81712.52944359025
2024-01-08,McDonalds,Midwest,59179.09495800582,42993.767408839994,75364.42250717165,34395.31214834565,83962.877767666
2024-01-15,McDonalds,Midwest,58878.97157047385,42744.44274764386,75013.50039330384,34172.97431051543,83584.96883043228
2024-01-22,McDonalds,Midwest,54183.53713071528,38785.079536459845,69581.99472497072,30604.64893951164,77762.42532191893
2024-01-29,McDonalds,Midwest,53756.17873381488,38418.999887958074,69093.35757967169,30271.123626096647,77241.2338415331
2024-02-05,McDonalds,Midwest,54382.42648606174,38955.15698617608,69809.6959859474,30759.42006436182,78005.43290776166
2024-02-12,McDonalds,Midwest,53549.555459658746,38241.62132346217,68857.48959585532,30109.28131360773,76989.82960570976
2024-02-19,McDonalds,Midwest,54278.09342165166,38865.962653837436,69690.2241894659,30678.26818343613,77877.9186598672
2024-02-26,McDonalds,Midwest,56206.977844632594,40505.191925992374,71908.76376327281,32163.61815671476,80250.33753255043
2024-03-04,McDonalds,Midwest,54801.71213588225,39312.91395876609,70290.5103129984,31084.489927173126,78518.93434459137
2024-03-11,McDonalds,Midwest,55073.5863548778,39544.40649602608,70602.76621372951,31294.529696011105,78852.6430137445
2024-03-18,McDonalds,Midwest,58137.73872309061,42126.777596853615,74148.6998493276,33620.95449854021,82654.522947641
2024-03-25,McDonalds,Midwest,58691.13918887057,42588.17925030786,74794.09912743328,34033.48178294643,83348.79659479471
2024-04-01,McDonalds,Midwest,55409.54263008137,39829.887624228235,70989.1976359345,31553.19590236876,79265.88935779399
2024-04-08,McDonalds,Midwest,53083.10779336681,37840.33293314354,68325.88265359009,29742.60878864993,76423.6067980837
2024-04-15,McDonalds,Midwest,52973.36264470196,37745.73859568809,68200.98669371584,29656.063319649467,76290.66196975447
2024-04-22,McDonalds,Midwest,51723.831017480756,36663.85935588755,66783.80267907397,28663.24941066616,74784.41262429535
2024-04-29,McDonalds,Midwest,48634.84885516841,33949.53738927805,63320.16032105878,26147.96567302379,71121.73203731304
2024-05-06,McDonalds,Midwest,50159.10874925454,35296.171038054854,65022.04646045423,27400.235378980018,72917.98211952907
2024-05-13,McDonalds,Midwest,52631.40216799594,37450.54370984532,67812.26062614657,29385.7126539528,75877.09168203908
2024-05-20,McDonalds,Midwest,54679.36919953105,39208.62002135569,70150.11837770641,30989.784520450026,78368.95387861208
2024-05-27,McDonalds,Midwest,57639.777933067075,41710.30700494003,73569.24886119412,33247.77557437253,82031.78029176162
2024-06-03,McDonalds,Midwest,56180.89807322061,40483.15654161035,71878.63960483087,32143.7313529424,80218.06479349882
2024-06-10,McDonalds,Midwest,59009.5233991914,42852.95855295358,75166.08824542922,34269.78347838974,83749.26331999306
2024-06-17,McDonalds,Midwest,60306.52622051956,43926.69982509155,76686.35261594757,35224.917052520424,85388.1353885187
2024-06-24,McDonalds,Midwest,58770.3936400072,42654.1349874898,74886.6522925246,34092.37257833994,83448.41470167445
2024-07-01,McDonalds,Midwest,56875.802345171884,41069.04818050857,72682.5565098352,32671.710030531187,81079.89465981258
2024-07-08,McDonalds,Midwest,58355.63803125991,42308.64330250069,74402.63276001913,33783.67735284736,82927.59870967246
2024-07-15,McDonalds,Midwest,59093.215485280874,42922.478666915384,75263.95230364637,34331.77473215872,83854.65623840303
2024-07-22,McDonalds,Midwest,57642.18049419916,41712.35049300248,73572.01049539584,33249.62830486674,82034.73268353158
2024-07-29,McDonalds,Midwest,57087.23303954328,41246.818589530005,72927.64748955656,32831.59841296045,81342.86766612611
2024-08-05,McDonalds,Midwest,58330.11893769566,42287.35201077587,74372.88586461545,33764.632080849726,82895.6057945416
2024-08-12,McDonalds,Midwest,59877.66344084672,43572.52083521048,76182.80604648296,34910.41382596623,84844.91305572721
2024-08-19,McDonalds,Midwest,58367.75479443556,42318.73322485342,74416.7763640177,33792.69051601291,82942.81907285821
2024-08-26,McDonalds,Midwest,55347.067647186544,39776.86029912695,70917.27499524615,31505.18764547029,79188.9476489028
2024-09-02,McDonalds,Midwest,54242.73858728241,38835.75035096668,69649.72682359815,30650.78785042395,77834.68932414087
2024-09-09,McDonalds,Midwest,55962.80390221642,40298.78073360682,71626.82707082602,31977.26842528297,79948.33937914987
2024-09-16,McDonalds,Midwest,56431.23996007203,40694.50858141765,72167.9713387264,32334.37003650751,80528.10988363656
2024-09-23,McDonalds,Midwest,54715.898659138504,39239.77243351207,70192.02488476493,31018.080376148035,78413.71694212897
2024-09-30,McDonalds,Midwest,53246.13608334156,37980.72327788203,68511.54888880109,29870.972724981664,76621.29944170146
2024-10-07,McDonalds,Midwest,51236.7833206366,36239.70429267301,66233.86234860019,28272.50605906735,74201.06058220584
2024-10-14,McDonalds,Midwest,54647.42308778761,39181.36562099376,70113.48055458146,30965.02259175953,78329.82358381568
2024-10-21,McDonalds,Midwest,55095.69136818417,39563.201536359426,70628.18120000891,31311.56631320253,78879.81642316582
2024-10-28,McDonalds,Midwest,55177.148116144424,39632.471627102415,70721.82460518644,31374.362242298845,78979.93398999001
2024-11-04,McDonalds,Midwest,54411.82971128368,38980.26169676793,69843.39772579944,30782.241189056433,78041.41823351092
2024-11-11,McDonalds,Midwest,53516.55014190872,38213.267462610864,68819.83282120658,30083.398539233876,76949.70174458357
2024-11-18,McDonalds,Midwest,55350.07448543064,39779.41103116241,70920.73793969887,31507.496071082416,79192.65289977886
2024-11-25,McDonalds,Midwest,58163.092764461995,42147.95053029882,74178.23499862516,33639.906218399636,82686.27931052435
2024-12-02,McDonalds,Midwest,57316.18739731523,41439.06023482393,73193.31455980653,33004.33642975043,81628.03836488003
2024-12-09,McDonalds,Midwest,53387.57775587104,38102.40053479471,68672.75497694737,29982.150136097916,76793.00537564416
2024-12-16,McDonalds,Midwest,53176.036242034024,37920.378230521266,68431.69425354678,29815.80991190511,76536.26257216293
2024-12-23,McDonalds,Midwest,53642.06069220694,38321.06312981782,68963.05825459606,30181.783174798606,77102.33820961528
2024-12-30,McDonalds,Midwest,52778.06871067673,37577.23191359826,67978.90550775519,29501.78736515033,76054.35005620313
2024-01-01,McDonalds,Northeast,66788.49066695878,54392.1770065238,79184.80432739377,47806.63537441772,85770.34595949984
2024-01-08,McDonalds,Northeast,66788.49066695878,54392.1770065238,79184.80432739377,47806.63537441772,85770.34595949984
2024-01-15,McDonalds,Northeast,66788.49066695878,54392.1770065238,79184.80432739377,47806.63537441772,85770.34595949984
2024-01-22,McDonalds,Northeast,66788.49066695878,54392.1770065238,79184.80432739377,47806.63537441772,85770.34595949984
2024-01-29,McDonalds,Northeast,66788.49066695878,54392.1770065238,79184.80432739377,47806.63537441772,85770.34595949984
2024-02-05,McDonalds,Northeast,66788.49066695878,54392.1770065238,79184.80432739377,47806.63537441772,85770.34595949984
2024-02-12,McDonalds,Northeast,66788.49066695878,54392.1770065238,79184.80432739377,47806.63537441772,85770.34595949984
2024-02-19,McDonalds,Northeast,66788.49066695878,54392.1770065238,79184.80432739377,47806.63537441772,85770.34595949984
2024-02-26,McDonalds,Northeast,66788.49066695878,54392.1770065238,79184.80432739377,47806.63537441772,85770.34595949984
2024-03-04,McDonalds,Northeast,66788.49066695878,54392.1770065238,79184.80432739377,47806.63537441772,85770.34595949984
2024-03-11,McDonalds,Northeast,66788.49066695878,54392.1770065238,79184.80432739377,47806.63537441772,85770.34595949984
2024-03-18,McDonalds,Northeast,66788.49066695878,54392.1770065238,79184.80432739377,47806.63537441772,85770.34595949984
2024-03-25,McDonalds,Northeast,66788.49066695878,54392.1770065238,79184.80432739377,47806.63537441772,85770.34595949984
2024-04-01,McDonalds,Northeast,66788.49066695878,54392.1770065238,79184.80432739377,47806.63537441772,85770.34595949984
2024-04-08,McDonalds,Northeast,66788.49066695878,54392.1770065238,79184.80432739377,47806.63537441772,85770.34595949984
2024-04-15,McDonalds,Northeast,66788.49066695878,54392.1770065238,79184.80432739377,47806.63537441772,85770.34595949984
2024-04-22,McDonalds,Northeast,66788.49066695878,54392.1770065238,79184.80432739377,47806.63537441772,85770.34595949984
2024-04-29,McDonalds,Northeast,66788.49066695878,54392.1770065238,79184.80432739377,47806.63537441772,85770.34595949984
2024-05-06,McDonalds,Northeast,66788.49066695878,54392.1770065238,79184.80432739377,47806.63537441772,85770.34595949984
2024-05-13,McDonalds,Northeast,66788.49066695878,54392.1770065238,79184.80432739377,47806.63537441772,85770.34595949984
2024-05-20,McDonalds,Northeast,66788.49066695878,54392.1770065238,79184.80432739377,47806.63537441772,85770.34595949984
2024-05-27,McDonalds,Northeast,66788.49066695878,54392.1770065238,79184.80432739377,47806.63537441772,85770.34595949984
2024-06-03,McDonalds,Northeast,66788.49066695878,54392.1770065238,79184.80432739377,47806.63537441772,85770.34595949984
2024-06-10,McDonalds,Northeast,66788.49066695878,54392.1770065238,79184.80432739377,47806.63537441772,85770.34595949984
2024-06-17,McDonalds,Northeast,66788.49066695878,54392.1770065238,79184.80432739377,47806.63537441772,85770.34595949984
2024-06-24,McDonalds,Northeast,66788.49066695878,54392.1770065238,79184.80432739377,47806.63537441772,85770.34595949984
2024-07-01,McDonalds,Northeast,66788.49066695878,54392.1770065238,79184.80432739377,47806.63537441772,85770.34595949984
2024-07-08,McDonalds,Northeast,66788.49066695878,54392.1770065238,79184.80432739377,47806.63537441772,85770.34595949984
2024-07-15,McDonalds,Northeast,66788.49066695878,54392.1770065238,79184.80432739377,47806.63537441772,85770.34595949984
2024-07-22,McDonalds,Northeast,66788.49066695878,54392.1770065238,79184.80432739377,47806.63537441772,85770.34595949984
2024-07-29,McDonalds,Northeast,66788.49066695878,54392.1770065238,79184.80432739377,47806.63537441772,85770.34595949984
2024-08-05,McDonalds,Northeast,66788.49066695878,54392.1770065238,79184.80432739377,47806.63537441772,85770.34595949984
2024-08-12,McDonalds,Northeast,66788.49066695878,54392.1770065238,79184.80432739377,47806.63537441772,85770.34595949984
2024-08-19,McDonalds,Northeast,66788.49066695878,54392.1770065238,79184.80432739377,47806.63537441772,85770.34595949984
2024-08-26,McDonalds,Northeast,66788.49066695878,54392.1770065238,79184.80432739377,47806.63537441772,85770.34595949984
2024-09-02,McDonalds,Northeast,66788.49066695878,54392.1770065238,79184.80432739377,47806.63537441772,85770.34595949984
2024-09-09,McDonalds,Northeast,66788.49066695878,54392.1770065238,79184.80432739377,47806.63537441772,85770.34595949984
2024-09-16,McDonalds,Northeast,66788.49066695878,54392.1770065238,79184.80432739377,47806.63537441772,85770.34595949984
2024-09-23,McDonalds,Northeast,66788.49066695878,54392.1770065238,79184.80432739377,47806.63537441772,85770.34595949984
2024-09-30,McDonalds,Northeast,66788.49066695878,54392.1770065238,79184.80432739377,47806.63537441772,85770.34595949984
2024-10-07,McDonalds,Northeast,66788.49066695878,54392.1770065238,79184.80432739377,47806.63537441772,85770.34595949984
2024-10-14,McDonalds,Northeast,66788.49066695878,54392.1770065238,79184.80432739377,47806.63537441772,85770.34595949984
2024-10-21,McDonalds,Northeast,66788.49066695878,54392.1770065238,79184.80432739377,47806.63537441772,85770.34595949984
2024-10-28,McDonalds,Northeast,66788.49066695878,54392.1770065238,79184.80432739377,47806.63537441772,85770.34595949984
2024-11-04,McDonalds,Northeast,66788.49066695878,54392.1770065238,79184.80432739377,47806.63537441772,85770.34595949984
2024-11-11,McDonalds,Northeast,66788.49066695878,54392.1770065238,79184.80432739377,47806.63537441772,85770.34595949984
2024-11-18,McDonalds,Northeast,66788.49066695878,54392.1770065238,79184.80432739377,47806.63537441772,85770.34595949984
2024-11-25,McDonalds,Northeast,66788.49066695878,54392.1770065238,79184.80432739377,47806.63537441772,85770.34595949984
2024-12-02,McDonalds,Northeast,66788.49066695878,54392.1770065238,79184.80432739377,47806.63537441772,85770.34595949984
2024-12-09,McDonalds,Northeast,66788.49066695878,54392.1770065238,79184.80432739377,47806.63537441772,85770.34595949984
2024-12-16,McDonalds,Northeast,66788.49066695878,54392.1770065238,79184.80432739377,47806.63537441772,85770.34595949984
2024-12-23,McDonalds,Northeast,66788.49066695878,54392.1770065238,79184.80432739377,47806.63537441772,85770.34595949984
2024-12-30,McDonalds,Northeast,66788.49066695878,54392.1770065238,79184.80432739377,47806.63537441772,85770.34595949984
2024-01-01,McDonalds,South,80825.26292049472,57176.45324290626,104474.07259808318,44613.023101687395,117037.50273930203
2024-01-08,McDonalds,South,86722.51667166586,62628.23238137622,110816.8009619555,49828.14385215985,123616.88949117187
2024-01-15,McDonalds,South,89431.17911294263,65128.2113423063,113734.14688357896,52217.25971415575,126645.0985117295
2024-01-22,McDonalds,South,72153.61437805959,49136.58084606564,95170.64791005354,36908.78178219386,107398.44697392531
2024-01-29,McDonalds,South,67220.54888581361,44549.77392642606,89891.32384520116,32505.924729251426,101935.1730423758
2024-02-05,McDonalds,South,72394.7262359188,49360.54859143708,95428.90388040052,37123.64171780617,107665.81075403144
2024-02-12,McDonalds,South,69578.01496419773,46742.98243902155,92413.04748937392,34611.871410021704,104544.15851837376
2024-02-19,McDonalds,South,74585.36047120803,51394.11059358456,97776.61034883148,39073.7590960971,110096.96184631895
2024-02-26,McDonalds,South,74258.33409392808,51090.598614728086,97426.06957312807,38782.73914140309,109733.92904645306
2024-03-04,McDonalds,South,64508.093466696955,42023.532875655714,86992.6540577382,30078.61006166505,98937.57687172886
2024-03-11,McDonalds,South,58822.857800841026,36718.295513779405,80927.42008790265,24975.246798777916,92670.46880290413
2024-03-18,McDonalds,South,59571.298231637746,37417.50985613787,81725.08660713762,25648.309781653566,93494.28668162192
2024-03-25,McDonalds,South,67093.55204620946,44431.642190690516,89755.4619017284,32392.50257994608,101794.60151247284
2024-04-01,McDonalds,South,74286.60627421612,51116.871811975274,97456.34073645696,38807.95037890984,109765.2621695224
2024-04-08,McDonalds,South,72791.1638924483,49728.69229954021,95853.63548535638,37476.75426580779,108105.57351908881
2024-04-15,McDonalds,South,77111.54623130798,53736.79932023973,100486.29314237623,41318.965023734716,112904.12743888123
2024-04-22,McDonalds,South,79054.56033640569,55537.042283465256,102572.07838934612,43043.36081784066,115065.75985497072
2024-04-29,McDonalds,South,73305.25950629787,50206.00935030622,96404.5096622895,37934.53270493567,108675.98630766006
2024-05-06,McDonalds,South,84584.98063432584,60653.5950388902,108516.36622976148,47940.04644131501,121229.91482733667
2024-05-13,McDonalds,South,84361.1327802339,60446.67716292826,108275.58839753953,47742.12261623464,120980.14294423314
2024-05-20,McDonalds,South,86508.32684880769,62430.42202916589,110586.23166844947,49639.03509373119,123377.61860388418
2024-05-27,McDonalds,South,78960.83291791813,55450.22672728948,102471.43910854678,42960.21718851801,114961.44864731826
2024-06-03,McDonalds,South,83350.85329166705,59512.7564097712,107188.9501735629,46848.76744126403,119852.93914207007
2024-06-10,McDonalds,South,82248.156612051,58492.96932187381,106003.34390222818,45873.02607396719,118623.2871501348
2024-06-17,McDonalds,South,84527.48634197075,60600.43398531113,108454.53869863038,47889.187420835704,121165.7852631058
2024-06-24,McDonalds,South,90611.85290004016,66217.17750971732,115006.528290363,53257.50620860832,127966.199591472
2024-07-01,McDonalds,South,95696.16992492272,70901.24809444962,120491.09175539583,57728.945872010794,133663.39397783467
2024-07-08,McDonalds,South,99586.2037300668,74479.5151223595,124692.8923377741,61141.586799515004,138030.8206606186
2024-07-15,McDonalds,South,96691.9951690619,71817.67761203165,121566.31272609216,58603.19640985933,134780.79392826447
2024-07-22,McDonalds,South,95562.76616386362,70778.425616602,120347.10671112523,57611.744700869276,133513.78762685796
2024-07-29,McDonalds,South,98009.87431747632,73030.07584850518,122989.67278644747,59759.557911864256,136260.1907230884
2024-08-05,McDonalds,South,96369.35321187833,71520.8065452166,121217.89987854006,58320.01612855256,134418.6902952041
2024-08-12,McDonalds,South,94975.52681540934,70237.81907852452,119713.23455229415,57095.91184330447,132855.1417875142
2024-08-19,McDonalds,South,88066.44410691824,63868.87433067601,112264.01388316046,51013.915387047324,125118.97282678915
2024-08-26,McDonalds,South,88020.07044152854,63826.11234129722,112214.02854175986,50973.07210054933,125067.06878250776
2024-09-02,McDonalds,South,96220.04361402089,71383.42070164402,121056.66652639776,58188.96477944381,134251.12244859798
2024-09-09,McDonalds,South,101960.12717790194,76660.90420436804,127259.35015143585,63220.691999678165,140699.56235612574
2024-09-16,McDonalds,South,97373.51881271353,72444.73335868373,122302.30426674333,59201.31608623041,135545.72153919667
2024-09-23,McDonalds,South,86711.13018971185,62617.66572832659,110804.59465109711,49818.01273321567,123604.24764620804
2024-09-30,McDonalds,South,84113.60148457374,60217.85550590765,108009.34746323983,47523.240454741295,120703.96251440619
2024-10-07,McDonalds,South,81350.97338061927,57662.91452728791,105039.03223395062,45078.63326145563,117623.3134997829
2024-10-14,McDonalds,South,84390.66795848434,60474.010992972864,108307.32492399581,47768.2869800449,121013.04893692378
2024-10-21,McDonalds,South,83064.010575655,59247.54919467967,106880.47195663034,46595.054086036514,119532.9670652735
2024-10-28,McDonalds,South,81100.80928424536,57431.42842645975,104770.19014203097,44857.06984576115,117344.54872272958
2024-11-04,McDonalds,South,87070.36617491333,62949.4301399985,111191.30220982817,50135.182871449986,124005.54947837668
2024-11-11,McDonalds,South,74045.59744030531,50893.12171547481,97198.07316513581,38593.36898665861,109497.82589395202
2024-11-18,McDonalds,South,81913.66520636129,58183.56575745097,105643.7646552716,45576.950425217365,118250.3799875052
2024-11-25,McDonalds,South,81202.10169611234,57525.19521628147,104879.0081759432,44946.838648871315,117457.36474335336
2024-12-02,McDonalds,South,61712.0812950549,39416.07460831526,84008.08798179454,27571.32105598483,95852.84153412498
2024-12-09,McDonalds,South,71285.97374403906,48330.588826340754,94241.35866173737,36135.540588813536,106436.40689926458
2024-12-16,McDonalds,South,71489.13874484488,48519.35434348902,94458.92314620074,36316.65638026872,106661.62110942104
2024-12-23,McDonalds,South,59975.20078179815,37794.73788465989,82155.66367893641,26011.36697055518,93939.03459304111
2024-12-30,McDonalds,South,76588.24835575974,53251.68470823151,99924.81200328798,40854.135270482126,112322.36144103736
2024-01-01,McDonalds,Southwest,50366.38454147928,40951.106989925676,59781.662093032886,35949.24079066282,64783.52829229574
2024-01-08,McDonalds,Southwest,50366.38454147928,40951.106989925676,59781.662093032886,35949.24079066282,64783.52829229574
2024-01-15,McDonalds,Southwest,50366.38454147928,40951.106989925676,59781.662093032886,35949.24079066282,64783.52829229574
2024-01-22,McDonalds,Southwest,50366.38454147928,40951.106989925676,59781.662093032886,35949.24079066282,64783.52829229574
2024-01-29,McDonalds,Southwest,50366.38454147928,40951.106989925676,59781.662093032886,35949.24079066282,64783.52829229574
2024-02-05,McDonalds,Southwest,50366.38454147928,40951.106989925676,59781.662093032886,35949.24079066282,64783.52829229574
2024-02-12,McDonalds,Southwest,50366.38454147928,40951.106989925676,59781.662093032886,35949.24079066282,64783.52829229574
2024-02-19,McDonalds,Southwest,50366.38454147928,40951.106989925676,59781.662093032886,35949.24079066282,64783.52829229574
2024-02-26,McDonalds,Southwest,50366.38454147928,40951.106989925676,59781.662093032886,35949.24079066282,64783.52829229574
2024-03-04,McDonalds,Southwest,50366.38454147928,40951.106989925676,59781.662093032886,35949.24079066282,64783.52829229574
2024-03-11,McDonalds,Southwest,50366.38454147928,40951.106989925676,59781.662093032886,35949.24079066282,64783.52829229574
2024-03-18,McDonalds,Southwest,50366.38454147928,40951.106989925676,59781.662093032886,35949.24079066282,64783.52829229574
2024-03-25,McDonalds,Southwest,50366.38454147928,40951.106989925676,59781.662093032886,35949.24079066282,64783.52829229574
2024-04-01,McDonalds,Southwest,50366.38454147928,40951.106989925676,59781.662093032886,35949.24079066282,64783.52829229574
2024-04-08,McDonalds,Southwest,50366.38454147928,40951.106989925676,59781.662093032886,35949.24079066282,64783.52829229574
2024-04-15,McDonalds,Southwest,50366.38454147928,40951.106989925676,59781.662093032886,35949.24079066282,64783.52829229574
2024-04-22,McDonalds,Southwest,50366.38454147928,40951.106989925676,59781.662093032886,35949.24079066282,64783.52829229574
2024-04-29,McDonalds,Southwest,50366.38454147928,40951.106989925676,59781.662093032886,35949.24079066282,64783.52829229574
2024-05-06,McDonalds,Southwest,50366.38454147928,40951.106989925676,59781.662093032886,35949.24079066282,64783.52829229574
2024-05-13,McDonalds,Southwest,50366.38454147928,40951.106989925676,59781.662093032886,35949.24079066282,64783.52829229574
2024-05-20,McDonalds,Southwest,50366.38454147928,40951.106989925676,59781.662093032886,35949.24079066282,64783.52829229574
2024-05-27,McDonalds,Southwest,50366.38454147928,40951.106989925676,59781.662093032886,35949.24079066282,64783.52829229574
2024-06-03,McDonalds,Southwest,50366.38454147928,40951.106989925676,59781.662093032886,35949.24079066282,64783.52829229574
2024-06-10,McDonalds,Southwest,50366.38454147928,40951.106989925676,59781.662093032886,35949.24079066282,64783.52829229574
2024-06-17,McDonalds,Southwest,50366.38454147928,40951.106989925676,59781.662093032886,35949.24079066282,64783.52829229574
2024-06-24,McDonalds,Southwest,50366.38454147928,40951.106989925676,59781.662093032886,35949.24079066282,64783.52829229574
2024-07-01,McDonalds,Southwest,50366.38454147928,40951.106989925676,59781.662093032886,35949.24079066282,64783.52829229574
2024-07-08,McDonalds,Southwest,50366.38454147928,40951.106989925676,59781.662093032886,35949.24079066282,64783.52829229574
2024-07-15,McDonalds,Southwest,50366.38454147928,40951.106989925676,59781.662093032886,35949.24079066282,64783.52829229574
2024-07-22,McDonalds,Southwest,50366.38454147928,40951.106989925676,59781.662093032886,35949.24079066282,64783.52829229574
2024-07-29,McDonalds,Southwest,50366.38454147928,40951.106989925676,59781.662093032886,35949.24079066282,64783.52829229574
2024-08-05,McDonalds,Southwest,50366.38454147928,40951.106989925676,59781.662093032886,35949.24079066282,64783.52829229574
2024-08-12,McDonalds,Southwest,50366.38454147928,40951.106989925676,59781.662093032886,35949.24079066282,64783.52829229574
2024-08-19,McDonalds,Southwest,50366.38454147928,40951.106989925676,59781.662093032886,35949.24079066282,64783.52829229574
2024-08-26,McDonalds,Southwest,50366.38454147928,40951.106989925676,59781.662093032886,35949.24079066282,64783.52829229574
2024-09-02,McDonalds,Southwest,50366.38454147928,40951.106989925676,59781.662093032886,35949.24079066282,64783.52829229574
2024-09-09,McDonalds,Southwest,50366.38454147928,40951.106989925676,59781.662093032886,35949.24079066282,64783.52829229574
2024-09-16,McDonalds,Southwest,50366.38454147928,40951.106989925676,59781.662093032886,35949.24079066282,64783.52829229574
2024-09-23,McDonalds,Southwest,50366.38454147928,40951.106989925676,59781.662093032886,35949.24079066282,64783.52829229574
2024-09-30,McDonalds,Southwest,50366.38454147928,40951.106989925676,59781.662093032886,35949.24079066282,64783.52829229574
2024-10-07,McDonalds,Southwest,50366.38454147928,40951.106989925676,59781.662093032886,35949.24079066282,64783.52829229574
2024-10-14,McDonalds,Southwest,50366.38454147928,40951.106989925676,59781.662093032886,35949.24079066282,64783.52829229574
2024-10-21,McDonalds,Southwest,50366.38454147928,40951.106989925676,59781.662093032886,35949.24079066282,64783.52829229574
2024-10-28,McDonalds,Southwest,50366.38454147928,40951.106989925676,59781.662093032886,35949.24079066282,64783.52829229574
2024-11-04,McDonalds,Southwest,50366.38454147928,40951.106989925676,59781.662093032886,35949.24079066282,64783.52829229574
2024-11-11,McDonalds,Southwest,50366.38454147928,40951.106989925676,59781.662093032886,35949.24079066282,64783.52829229574
2024-11-18,McDonalds,Southwest,50366.38454147928,40951.106989925676,59781.662093032886,35949.24079066282,64783.52829229574
2024-11-25,McDonalds,Southwest,50366.38454147928,40951.106989925676,59781.662093032886,35949.24079066282,64783.52829229574
2024-12-02,McDonalds,Southwest,50366.38454147928,40951.106989925676,59781.662093032886,35949.24079066282,64783.52829229574
2024-12-09,McDonalds,Southwest,50366.38454147928,40951.106989925676,59781.662093032886,35949.24079066282,64783.52829229574
2024-12-16,McDonalds,Southwest,50366.38454147928,40951.106989925676,59781.662093032886,35949.24079066282,64783.52829229574
2024-12-23,McDonalds,Southwest,50366.38454147928,40951.106989925676,59781.662093032886,35949.24079066282,64783.52829229574
2024-12-30,McDonalds,Southwest,50366.38454147928,40951.106989925676,59781.662093032886,35949.24079066282,64783.52829229574
2024-01-01,McDonalds,West,23929.801845635193,9857.27108552148,38002.3326057489,2381.23911921107,45478.36457205932
2024-01-08,McDonalds,West,22951.888971367065,9021.503957295645,36882.273985438485,1620.9869185702046,44282.791024163926
2024-01-15,McDonalds,West,21010.216349754228,7358.189884608733,34662.24281489972,105.55082500019125,41914.88187450827
2024-01-22,McDonalds,West,23977.939409560342,9898.351481761489,38057.52733735919,2418.5703951183496,45537.30842400233
2024-01-29,McDonalds,West,21571.144168216742,7839.209598034162,35303.07873839932,544.119357624666,42598.16897880882
2024-02-05,McDonalds,West,22435.67242112558,8579.783797277178,36291.561044973976,1218.8429658577152,43652.50187639344
2024-02-12,McDonalds,West,22763.639672364312,8860.468015944549,36666.811328784075,1474.4080734715499,44052.87127125707
2024-02-19,McDonalds,West,26445.36193349921,12001.439649675069,40889.28421732335,4328.105936393495,48562.61793060493
2024-02-26,McDonalds,West,28656.328961988133,13879.571744099365,43433.086179876904,6029.41947209596,51283.2384518803
2024-03-04,McDonalds,West,26205.07953176972,11796.948291905985,40613.21077163346,4142.628570728375,48267.53049281106
2024-03-11,McDonalds,West,28834.064919251585,14030.309256813674,43637.82058168949,6165.814061143534,51502.31577735963
2024-03-18,McDonalds,West,32475.71502122256,17111.071446396523,47840.358596048594,8948.604547270192,56002.825495174926
2024-03-25,McDonalds,West,29448.323519093698,14550.983246201238,44345.66379198615,6636.77122622712,52259.87581196027
2024-04-01,McDonalds,West,26692.284944523482,12211.481352558,41173.08853648897,4518.554444326335,48866.01544472063
2024-04-08,McDonalds,West,23918.21566183045,9847.371765066671,37989.05955859423,2372.2359449109135,45464.19537874999
2024-04-15,McDonalds,West,22275.966758739974,8443.076842851298,36108.85667462865,1094.3540750354405,43457.579442444505
2024-04-22,McDonalds,West,21097.258945512804,7432.82232396266,34761.69556706295,173.59036876414757,42020.92752226146
2024-04-29,McDonalds,West,24322.429253741437,10192.450795876774,38452.4077116061,2685.899740136174,45958.9587673467
2024-05-06,McDonalds,West,25652.395143915724,11326.4016649883,39978.38862284315,3715.7176293081066,47589.07265852334
2024-05-13,McDonalds,West,27378.231508243858,12794.583567264172,41961.87944922355,5047.020598618714,49709.442417869
2024-05-20,McDonalds,West,29195.563165763357,14336.777166613734,44054.34916491298,6443.0471045654995,51948.079226961214
2024-05-27,McDonalds,West,28252.822260698566,13537.26734903393,42968.3771723632,5719.628802212093,50786.01571918504
2024-06-03,McDonalds,West,27556.70270324278,12946.238331858429,42167.16707462713,5184.429134560494,49928.976271925065
2024-06-10,McDonalds,West,26311.916488004426,11887.920797659237,40735.912178349616,4225.173087163355,48398.6598888455
2024-06-17,McDonalds,West,25028.958585670167,10795.165036117382,39262.75213522295,3233.462212917464,46824.454958422866
2024-06-24,McDonalds,West,26555.86546987221,12095.443766030443,41016.28717371398,4413.344735864506,48698.38620387991
2024-07-01,McDonalds,West,29410.53502322133,14518.966300458453,44302.10374598421,6607.820416490675,52213.249629951984
2024-07-08,McDonalds,West,27987.497161095598,13312.04206707156,42662.952255119635,5515.70654837129,50459.2877738199
2024-07-15,McDonalds,West,28931.7686683914,14113.173650992794,43750.363685790006,6240.795047999785,51622.74228878302
2024-07-22,McDonalds,West,29353.093218066817,14470.299837455746,44235.886598677884,6563.815854006116,52142.37058212752
2024-07-29,McDonalds,West,30576.571402423106,15506.228701797721,45646.91410304849,7500.109142090489,53653.033662755726
2024-08-05,McDonalds,West,32602.308359725015,17217.932885186776,47986.683834263255,9044.983414338341,56159.63330511169
2024-08-12,McDonalds,West,30373.17664691717,15334.14091785379,45412.212375980554,7344.653186788873,53401.70010704547
2024-08-19,McDonalds,West,26687.1981878077,12207.160303612345,41167.236072003056,4514.640177633562,48859.756197981835
2024-08-26,McDonalds,West,28900.731102476566,14086.83920323419,43714.62300171894,6216.95913176168,51584.50307319145
2024-09-02,McDonalds,West,31391.383937888662,16195.25682757239,46587.511048204935,8122.314300216873,54660.45357556045
2024-09-09,McDonalds,West,28236.313030099554,13523.282403931444,42949.343656267665,5706.984883779634,50765.64117641948
2024-09-16,McDonalds,West,28038.718324103436,13355.534972239631,42721.90167596724,5555.093816561988,50522.342831644884
2024-09-23,McDonalds,West,26570.432931324467,12107.875770789362,41032.990091859574,4424.6422792550875,48716.22358339385
2024-09-30,McDonalds,West,24262.120023517768,10140.990319357763,38383.24972767777,2639.140164022763,45885.09988301277
2024-10-07,McDonalds,West,19571.557422198814,6122.252266376008,33020.86257802162,-1022.691097654857,40165.80594205248
2024-10-14,McDonalds,West,20971.79039424358,7325.178935045969,34618.40185344119,75.41659734723726,41868.16419113992
2024-10-21,McDonalds,West,22570.18208423518,8694.914954879696,36445.44921359066,1323.6792924095935,43816.68487606077
2024-10-28,McDonalds,West,22100.59725134168,8292.913078186275,35908.28142449708,957.580861197468,43243.61364148589
2024-11-04,McDonalds,West,22079.63657119422,8274.936812120206,35884.336330268234,941.1900651121359,43218.0830772763
2024-11-11,McDonalds,West,20067.564693507135,6548.685778559637,33586.44360845463,-633.2186450062218,40768.34803202049
2024-11-18,McDonalds,West,21367.7532883737,7664.836577355367,35070.669999392034,385.16207462687817,42350.344502120526
2024-11-25,McDonalds,West,23846.905883465224,9786.439489120397,37907.37227781005,2316.816717124708,45376.995049805744
2024-12-02,McDonalds,West,24067.15587799799,9974.569961428908,38159.741794567075,2487.883693251584,45646.428062744395
2024-12-09,McDonalds,West,21341.571467662376,7642.379505379697,35040.76342994506,364.68377541702284,42318.459159907725
2024-12-16,McDonalds,West,19842.48856847143,6355.202076624508,33329.77506031835,-809.9188721691717,40494.89600911204
2024-12-23,McDonalds,West,23623.245837872302,9595.390828990618,37651.10084675399,2143.0928555222235,45103.398820222385
2024-12-30,McDonalds,West,22884.64351650823,8963.952141844016,36805.334891172446,1568.5848490536519,44200.70218396281
2024-01-01,PizzaHut,Midwest,137602.51069360663,104809.17056618838,170395.85082102488,87387.70862349743,187817.31276371583
2024-01-08,PizzaHut,Midwest,137602.51069360663,104809.17056618838,170395.85082102488,87387.70862349743,187817.31276371583
2024-01-15,PizzaHut,Midwest,137602.51069360663,104809.17056618838,170395.85082102488,87387.70862349743,187817.31276371583
2024-01-22,PizzaHut,Midwest,137602.51069360663,104809.17056618838,170395.85082102488,87387.70862349743,187817.31276371583
2024-01-29,PizzaHut,Midwest,137602.51069360663,104809.17056618838,170395.85082102488,87387.70862349743,187817.31276371583
2024-02-05,PizzaHut,Midwest,137602.51069360663,104809.17056618838,170395.85082102488,87387.70862349743,187817.31276371583
2024-02-12,PizzaHut,Midwest,137602.51069360663,104809.17056618838,170395.85082102488,87387.70862349743,187817.31276371583
2024-02-19,PizzaHut,Midwest,137602.51069360663,104809.17056618838,170395.85082102488,87387.70862349743,187817.31276371583
2024-02-26,PizzaHut,Midwest,137602.51069360663,104809.17056618838,170395.85082102488,87387.70862349743,187817.31276371583
2024-03-04,PizzaHut,Midwest,137602.51069360663,104809.17056618838,170395.85082102488,87387.70862349743,187817.31276371583
2024-03-11,PizzaHut,Midwest,137602.51069360663,104809.17056618838,170395.85082102488,87387.70862349743,187817.31276371583
2024-03-18,PizzaHut,Midwest,137602.51069360663,104809.17056618838,170395.85082102488,87387.70862349743,187817.31276371583
2024-03-25,PizzaHut,Midwest,137602.51069360663,104809.17056618838,170395.85082102488,87387.70862349743,187817.31276371583
2024-04-01,PizzaHut,Midwest,137602.51069360663,104809.17056618838,170395.85082102488,87387.70862349743,187817.31276371583
2024-04-08,PizzaHut,Midwest,137602.51069360663,104809.17056618838,170395.85082102488,87387.70862349743,187817.31276371583
2024-04-15,PizzaHut,Midwest,137602.51069360663,104809.17056618838,170395.85082102488,87387.70862349743,187817.31276371583
2024-04-22,PizzaHut,Midwest,137602.51069360663,104809.17056618838,170395.85082102488,87387.70862349743,187817.31276371583
2024-04-29,PizzaHut,Midwest,137602.51069360663,104809.17056618838,170395.85082102488,87387.70862349743,187817.31276371583
2024-05-06,PizzaHut,Midwest,137602.51069360663,104809.17056618838,170395.85082102488,87387.70862349743,187817.31276371583
2024-05-13,PizzaHut,Midwest,137602.51069360663,104809.17056618838,170395.85082102488,87387.70862349743,187817.31276371583
2024-05-20,PizzaHut,Midwest,137602.51069360663,104809.17056618838,170395.85082102488,87387.70862349743,187817.31276371583
2024-05-27,PizzaHut,Midwest,137602.51069360663,104809.17056618838,170395.85082102488,87387.70862349743,187817.31276371583
2024-06-03,PizzaHut,Midwest,137602.51069360663,104809.17056618838,170395.85082102488,87387.70862349743,187817.31276371583
2024-06-10,PizzaHut,Midwest,137602.51069360663,104809.17056618838,170395.85082102488,87387.70862349743,187817.31276371583
2024-06-17,PizzaHut,Midwest,137602.51069360663,104809.17056618838,170395.85082102488,87387.70862349743,187817.31276371583
2024-06-24,PizzaHut,Midwest,137602.51069360663,104809.17056618838,170395.85082102488,87387.70862349743,187817.31276371583
2024-07-01,PizzaHut,Midwest,137602.51069360663,104809.17056618838,170395.85082102488,87387.70862349743,187817.31276371583
2024-07-08,PizzaHut,Midwest,137602.51069360663,104809.17056618838,170395.85082102488,87387.70862349743,187817.31276371583
2024-07-15,PizzaHut,Midwest,137602.51069360663,104809.17056618838,170395.85082102488,87387.70862349743,187817.31276371583
2024-07-22,PizzaHut,Midwest,137602.51069360663,104809.17056618838,170395.85082102488,87387.70862349743,187817.31276371583
2024-07-29,PizzaHut,Midwest,137602.51069360663,104809.17056618838,170395.85082102488,87387.70862349743,187817.31276371583
2024-08-05,PizzaHut,Midwest,137602.51069360663,104809.17056618838,170395.85082102488,87387.70862349743,187817.31276371583
2024-08-12,PizzaHut,Midwest,137602.51069360663,104809.17056618838,170395.85082102488,87387.70862349743,187817.31276371583
2024-08-19,PizzaHut,Midwest,137602.51069360663,104809.17056618838,170395.85082102488,87387.70862349743,187817.31276371583
2024-08-26,PizzaHut,Midwest,137602.51069360663,104809.17056618838,170395.85082102488,87387.70862349743,187817.31276371583
2024-09-02,PizzaHut,Midwest,137602.51069360663,104809.17056618838,170395.85082102488,87387.70862349743,187817.31276371583
2024-09-09,PizzaHut,Midwest,137602.51069360663,104809.17056618838,170395.85082102488,87387.70862349743,187817.31276371583
2024-09-16,PizzaHut,Midwest,137602.51069360663,104809.17056618838,170395.85082102488,87387.70862349743,187817.31276371583
2024-09-23,PizzaHut,Midwest,137602.51069360663,104809.17056618838,170395.85082102488,87387.70862349743,187817.31276371583
2024-09-30,PizzaHut,Midwest,137602.51069360663,104809.17056618838,170395.85082102488,87387.70862349743,187817.31276371583
2024-10-07,PizzaHut,Midwest,137602.51069360663,104809.17056618838,170395.85082102488,87387.70862349743,187817.31276371583
2024-10-14,PizzaHut,Midwest,137602.51069360663,104809.17056618838,170395.85082102488,87387.70862349743,187817.31276371583
2024-10-21,PizzaHut,Midwest,137602.51069360663,104809.17056618838,170395.85082102488,87387.70862349743,187817.31276371583
2024-10-28,PizzaHut,Midwest,137602.51069360663,104809.17056618838,170395.85082102488,87387.70862349743,187817.31276371583
2024-11-04,PizzaHut,Midwest,137602.51069360663,104809.17056618838,170395.85082102488,87387.70862349743,187817.31276371583
2024-11-11,PizzaHut,Midwest,137602.51069360663,104809.17056618838,170395.85082102488,87387.70862349743,187817.31276371583
2024-11-18,PizzaHut,Midwest,137602.51069360663,104809.17056618838,170395.85082102488,87387.70862349743,187817.31276371583
2024-11-25,PizzaHut,Midwest,137602.51069360663,104809.17056618838,170395.85082102488,87387.70862349743,187817.31276371583
2024-12-02,PizzaHut,Midwest,137602.51069360663,104809.17056618838,170395.85082102488,87387.70862349743,187817.31276371583
2024-12-09,PizzaHut,Midwest,137602.51069360663,104809.17056618838,170395.85082102488,87387.70862349743,187817.31276371583
2024-12-16,PizzaHut,Midwest,137602.51069360663,104809.17056618838,170395.85082102488,87387.70862349743,187817.31276371583
2024-12-23,PizzaHut,Midwest,137602.51069360663,104809.17056618838,170395.85082102488,87387.70862349743,187817.31276371583
2024-12-30,PizzaHut,Midwest,137602.51069360663,104809.17056618838,170395.85082102488,87387.70862349743,187817.31276371583
2024-01-01,PizzaHut,Northeast,112270.76881973393,77674.72304481195,146866.8145946559,59295.57372688465,165245.96391258322
2024-01-08,PizzaHut,Northeast,112270.76881973393,77674.72304481195,146866.8145946559,59295.57372688465,165245.96391258322
2024-01-15,PizzaHut,Northeast,112270.76881973393,77674.72304481195,146866.8145946559,59295.57372688465,165245.96391258322
2024-01-22,PizzaHut,Northeast,112270.76881973393,77674.72304481195,146866.8145946559,59295.57372688465,165245.96391258322
2024-01-29,PizzaHut,Northeast,112270.76881973393,77674.72304481195,146866.8145946559,59295.57372688465,165245.96391258322
2024-02-05,PizzaHut,Northeast,112270.76881973393,77674.72304481195,146866.8145946559,59295.57372688465,165245.96391258322
2024-02-12,PizzaHut,Northeast,112270.76881973393,77674.72304481195,146866.8145946559,59295.57372688465,165245.96391258322
2024-02-19,PizzaHut,Northeast,112270.76881973393,77674.72304481195,146866.8145946559,59295.57372688465,165245.96391258322
2024-02-26,PizzaHut,Northeast,112270.76881973393,77674.72304481195,146866.8145946559,59295.57372688465,165245.96391258322
2024-03-04,PizzaHut,Northeast,112270.76881973393,77674.72304481195,146866.8145946559,59295.57372688465,165245.96391258322
2024-03-11,PizzaHut,Northeast,112270.76881973393,77674.72304481195,146866.8145946559,59295.57372688465,165245.96391258322
2024-03-18,PizzaHut,Northeast,112270.76881973393,77674.72304481195,146866.8145946559,59295.57372688465,165245.96391258322
2024-03-25,PizzaHut,Northeast,112270.76881973393,77674.72304481195,146866.8145946559,59295.57372688465,165245.96391258322
2024-04-01,PizzaHut,Northeast,112270.76881973393,77674.72304481195,146866.8145946559,59295.57372688465,165245.96391258322
2024-04-08,PizzaHut,Northeast,112270.76881973393,77674.72304481195,146866.8145946559,59295.57372688465,165245.96391258322
2024-04-15,PizzaHut,Northeast,112270.76881973393,77674.72304481195,146866.8145946559,59295.57372688465,165245.96391258322
2024-04-22,PizzaHut,Northeast,112270.76881973393,77674.72304481195,146866.8145946559,59295.57372688465,165245.96391258322
2024-04-29,PizzaHut,Northeast,112270.76881973393,77674.72304481195,146866.8145946559,59295.57372688465,165245.96391258322
2024-05-06,PizzaHut,Northeast,112270.76881973393,77674.72304481195,146866.8145946559,59295.57372688465,165245.96391258322
2024-05-13,PizzaHut,Northeast,112270.76881973393,77674.72304481195,146866.8145946559,59295.57372688465,165245.96391258322
2024-05-20,PizzaHut,Northeast,112270.76881973393,77674.72304481195,146866.8145946559,59295.57372688465,165245.96391258322
2024-05-27,PizzaHut,Northeast,112270.76881973393,77674.72304481195,146866.8145946559,59295.57372688465,165245.96391258322
2024-06-03,PizzaHut,Northeast,112270.76881973393,77674.72304481195,146866.8145946559,59295.57372688465,165245.96391258322
2024-06-10,PizzaHut,Northeast,112270.76881973393,77674.72304481195,146866.8145946559,59295.57372688465,165245.96391258322
2024-06-17,PizzaHut,Northeast,112270.76881973393,77674.72304481195,146866.8145946559,59295.57372688465,165245.96391258322
2024-06-24,PizzaHut,Northeast,112270.76881973393,77674.72304481195,146866.8145946559,59295.57372688465,165245.96391258322
2024-07-01,PizzaHut,Northeast,112270.76881973393,77674.72304481195,146866.8145946559,59295.57372688465,165245.96391258322
2024-07-08,PizzaHut,Northeast,112270.76881973393,77674.72304481195,146866.8145946559,59295.57372688465,165245.96391258322
2024-07-15,PizzaHut,Northeast,112270.76881973393,77674.72304481195,146866.8145946559,59295.57372688465,165245.96391258322
2024-07-22,PizzaHut,Northeast,112270.76881973393,77674.72304481195,146866.8145946559,59295.57372688465,165245.96391258322
2024-07-29,PizzaHut,Northeast,112270.76881973393,77674.72304481195,146866.8145946559,59295.57372688465,165245.96391258322
2024-08-05,PizzaHut,Northeast,112270.76881973393,77674.72304481195,146866.8145946559,59295.57372688465,165245.96391258322
2024-08-12,PizzaHut,Northeast,112270.76881973393,77674.72304481195,146866.8145946559,59295.57372688465,165245.96391258322
2024-08-19,PizzaHut,Northeast,112270.76881973393,77674.72304481195,146866.8145946559,59295.57372688465,165245.96391258322
2024-08-26,PizzaHut,Northeast,112270.76881973393,77674.72304481195,146866.8145946559,59295.57372688465,165245.96391258322
2024-09-02,PizzaHut,Northeast,112270.76881973393,77674.72304481195,146866.8145946559,59295.57372688465,165245.96391258322
2024-09-09,PizzaHut,Northeast,112270.76881973393,77674.72304481195,146866.8145946559,59295.57372688465,165245.96391258322
2024-09-16,PizzaHut,Northeast,112270.76881973393,77674.72304481195,146866.8145946559,59295.57372688465,165245.96391258322
2024-09-23,PizzaHut,Northeast,112270.76881973393,77674.72304481195,146866.8145946559,59295.57372688465,165245.96391258322
2024-09-30,PizzaHut,Northeast,112270.76881973393,77674.72304481195,146866.8145946559,59295.57372688465,165245.96391258322
2024-10-07,PizzaHut,Northeast,112270.76881973393,77674.72304481195,146866.8145946559,59295.57372688465,165245.96391258322
2024-10-14,PizzaHut,Northeast,112270.76881973393,77674.72304481195,146866.8145946559,59295.57372688465,165245.96391258322
2024-10-21,PizzaHut,Northeast,112270.76881973393,77674.72304481195,146866.8145946559,59295.57372688465,165245.96391258322
2024-10-28,PizzaHut,Northeast,112270.76881973393,77674.72304481195,146866.8145946559,59295.57372688465,165245.96391258322
2024-11-04,PizzaHut,Northeast,112270.76881973393,77674.72304481195,146866.8145946559,59295.57372688465,165245.96391258322
2024-11-11,PizzaHut,Northeast,112270.76881973393,77674.72304481195,146866.8145946559,59295.57372688465,165245.96391258322
2024-11-18,PizzaHut,Northeast,112270.76881973393,77674.72304481195,146866.8145946559,59295.57372688465,165245.96391258322
2024-11-25,PizzaHut,Northeast,112270.76881973393,77674.72304481195,146866.8145946559,59295.57372688465,165245.96391258322
2024-12-02,PizzaHut,Northeast,112270.76881973393,77674.72304481195,146866.8145946559,59295.57372688465,165245.96391258322
2024-12-09,PizzaHut,Northeast,112270.76881973393,77674.72304481195,146866.8145946559,59295.57372688465,165245.96391258322
2024-12-16,PizzaHut,Northeast,112270.76881973393,77674.72304481195,146866.8145946559,59295.57372688465,165245.96391258322
2024-12-23,PizzaHut,Northeast,112270.76881973393,77674.72304481195,146866.8145946559,59295.57372688465,165245.96391258322
2024-12-30,PizzaHut,Northeast,112270.76881973393,77674.72304481195,146866.8145946559,59295.57372688465,165245.96391258322
2024-01-01,PizzaHut,South,44688.55745526725,32934.0273193637,56443.0875911708,26689.433184664937,62687.68172586956
2024-01-08,PizzaHut,South,44688.55745526725,32934.0273193637,56443.0875911708,26689.433184664937,62687.68172586956
2024-01-15,PizzaHut,South,44688.55745526725,32934.0273193637,56443.0875911708,26689.433184664937,62687.68172586956
2024-01-22,PizzaHut,South,44688.55745526725,32934.0273193637,56443.0875911708,26689.433184664937,62687.68172586956
2024-01-29,PizzaHut,South,44688.55745526725,32934.0273193637,56443.0875911708,26689.433184664937,62687.68172586956
2024-02-05,PizzaHut,South,44688.55745526725,32934.0273193637,56443.0875911708,26689.433184664937,62687.68172586956
2024-02-12,PizzaHut,South,44688.55745526725,32934.0273193637,56443.0875911708,26689.433184664937,62687.68172586956
2024-02-19,PizzaHut,South,44688.55745526725,32934.0273193637,56443.0875911708,26689.433184664937,62687.68172586956
2024-02-26,PizzaHut,South,44688.55745526725,32934.0273193637,56443.0875911708,26689.433184664937,62687.68172586956
2024-03-04,PizzaHut,South,44688.55745526725,32934.0273193637,56443.0875911708,26689.433184664937,62687.68172586956
2024-03-11,PizzaHut,South,44688.55745526725,32934.0273193637,56443.0875911708,26689.433184664937,62687.68172586956
2024-03-18,PizzaHut,South,44688.55745526725,32934.0273193637,56443.0875911708,26689.433184664937,62687.68172586956
2024-03-25,PizzaHut,South,44688.55745526725,32934.0273193637,56443.0875911708,26689.433184664937,62687.68172586956
2024-04-01,PizzaHut,South,44688.55745526725,32934.0273193637,56443.0875911708,26689.433184664937,62687.68172586956
2024-04-08,PizzaHut,South,44688.55745526725,32934.0273193637,56443.0875911708,26689.433184664937,62687.68172586956
2024-04-15,PizzaHut,South,44688.55745526725,32934.0273193637,56443.0875911708,26689.433184664937,62687.68172586956
2024-04-22,PizzaHut,South,44688.55745526725,32934.0273193637,56443.0875911708,26689.433184664937,62687.68172586956
2024-04-29,PizzaHut,South,44688.55745526725,32934.0273193637,56443.0875911708,26689.433184664937,62687.68172586956
2024-05-06,PizzaHut,South,44688.55745526725,32934.0273193637,56443.0875911708,26689.433184664937,62687.68172586956
2024-05-13,PizzaHut,South,44688.55745526725,32934.0273193637,56443.0875911708,26689.433184664937,62687.68172586956
2024-05-20,PizzaHut,South,44688.55745526725,32934.0273193637,56443.0875911708,26689.433184664937,62687.68172586956
2024-05-27,PizzaHut,South,44688.55745526725,32934.0273193637,56443.0875911708,26689.433184664937,62687.68172586956
2024-06-03,PizzaHut,South,44688.55745526725,32934.0273193637,56443.0875911708,26689.433184664937,62687.68172586956
2024-06-10,PizzaHut,South,44688.55745526725,32934.0273193637,56443.0875911708,26689.433184664937,62687.68172586956
2024-06-17,PizzaHut,South,44688.55745526725,32934.0273193637,56443.0875911708,26689.433184664937,62687.68172586956
2024-06-24,PizzaHut,South,44688.55745526725,32934.0273193637,56443.0875911708,26689.433184664937,62687.68172586956
2024-07-01,PizzaHut,South,44688.55745526725,32934.0273193637,56443.0875911708,26689.433184664937,62687.68172586956
2024-07-08,PizzaHut,South,44688.55745526725,32934.0273193637,56443.0875911708,26689.433184664937,62687.68172586956
2024-07-15,PizzaHut,South,44688.55745526725,32934.0273193637,56443.0875911708,26689.433184664937,62687.68172586956
2024-07-22,PizzaHut,South,44688.55745526725,32934.0273193637,56443.0875911708,26689.433184664937,62687.68172586956
2024-07-29,PizzaHut,South,44688.55745526725,32934.0273193637,56443.0875911708,26689.433184664937,62687.68172586956
2024-08-05,PizzaHut,South,44688.55745526725,32934.0273193637,56443.0875911708,26689.433184664937,62687.68172586956
2024-08-12,PizzaHut,South,44688.55745526725,32934.0273193637,56443.0875911708,26689.433184664937,62687.68172586956
2024-08-19,PizzaHut,South,44688.55745526725,32934.0273193637,56443.0875911708,26689.433184664937,62687.68172586956
2024-08-26,PizzaHut,South,44688.55745526725,32934.0273193637,56443.0875911708,26689.433184664937,62687.68172586956
2024-09-02,PizzaHut,South,44688.55745526725,32934.0273193637,56443.0875911708,26689.433184664937,62687.68172586956
2024-09-09,PizzaHut,South,44688.55745526725,32934.0273193637,56443.0875911708,26689.433184664937,62687.68172586956
2024-09-16,PizzaHut,South,44688.55745526725,32934.0273193637,56443.0875911708,26689.433184664937,62687.68172586956
2024-09-23,PizzaHut,South,44688.55745526725,32934.0273193637,56443.0875911708,26689.433184664937,62687.68172586956
2024-09-30,PizzaHut,South,44688.55745526725,32934.0273193637,56443.0875911708,26689.433184664937,62687.68172586956
2024-10-07,PizzaHut,South,44688.55745526725,32934.0273193637,56443.0875911708,26689.433184664937,62687.68172586956
2024-10-14,PizzaHut,South,44688.55745526725,32934.0273193637,56443.0875911708,26689.433184664937,62687.68172586956
2024-10-21,PizzaHut,South,44688.55745526725,32934.0273193637,56443.0875911708,26689.433184664937,62687.68172586956
2024-10-28,PizzaHut,South,44688.55745526725,32934.0273193637,56443.0875911708,26689.433184664937,62687.68172586956
2024-11-04,PizzaHut,South,44688.55745526725,32934.0273193637,56443.0875911708,26689.433184664937,62687.68172586956
2024-11-11,PizzaHut,South,44688.55745526725,32934.0273193637,56443.0875911708,26689.433184664937,62687.68172586956
2024-11-18,PizzaHut,South,44688.55745526725,32934.0273193637,56443.0875911708,26689.433184664937,62687.68172586956
2024-11-25,PizzaHut,South,44688.55745526725,32934.0273193637,56443.0875911708,26689.433184664937,62687.68172586956
2024-12-02,PizzaHut,South,44688.55745526725,32934.0273193637,56443.0875911708,26689.433184664937,62687.68172586956
2024-12-09,PizzaHut,South,44688.55745526725,32934.0273193637,56443.0875911708,26689.433184664937,62687.68172586956
2024-12-16,PizzaHut,South,44688.55745526725,32934.0273193637,56443.0875911708,26689.433184664937,62687.68172586956
2024-12-23,PizzaHut,South,44688.55745526725,32934.0273193637,56443.0875911708,26689.433184664937,62687.68172586956
2024-12-30,PizzaHut,South,44688.55745526725,32934.0273193637,56443.0875911708,26689.433184664937,62687.68172586956
2024-01-01,PizzaHut,Southwest,29429.521971304457,-239.01822786708,59098.062170476,-16000.43020867696,74859.47415128587
2024-01-08,PizzaHut,Southwest,29429.521971304457,-239.01822786708,59098.062170476,-16000.43020867696,74859.47415128587
2024-01-15,PizzaHut,Southwest,29429.521971304457,-239.01822786708,59098.062170476,-16000.43020867696,74859.47415128587
2024-01-22,PizzaHut,Southwest,29429.521971304457,-239.01822786708,59098.062170476,-16000.43020867696,74859.47415128587
2024-01-29,PizzaHut,Southwest,29429.521971304457,-239.01822786708,59098.062170476,-16000.43020867696,74859.47415128587
2024-02-05,PizzaHut,Southwest,29429.521971304457,-239.01822786708,59098.062170476,-16000.43020867696,74859.47415128587
2024-02-12,PizzaHut,Southwest,29429.521971304457,-239.01822786708,59098.062170476,-16000.43020867696,74859.47415128587
2024-02-19,PizzaHut,Southwest,29429.521971304457,-239.01822786708,59098.062170476,-16000.43020867696,74859.47415128587
2024-02-26,PizzaHut,Southwest,29429.521971304457,-239.01822786708,59098.062170476,-16000.43020867696,74859.47415128587
2024-03-04,PizzaHut,Southwest,29429.521971304457,-239.01822786708,59098.062170476,-16000.43020867696,74859.47415128587
2024-03-11,PizzaHut,Southwest,29429.521971304457,-239.01822786708,59098.062170476,-16000.43020867696,74859.47415128587
2024-03-18,PizzaHut,Southwest,29429.521971304457,-239.01822786708,59098.062170476,-16000.43020867696,74859.47415128587
2024-03-25,PizzaHut,Southwest,29429.521971304457,-239.01822786708,59098.062170476,-16000.43020867696,74859.47415128587
2024-04-01,PizzaHut,Southwest,29429.521971304457,-239.01822786708,59098.062170476,-16000.43020867696,74859.47415128587
2024-04-08,PizzaHut,Southwest,29429.521971304457,-239.01822786708,59098.062170476,-16000.43020867696,74859.47415128587
2024-04-15,PizzaHut,Southwest,29429.521971304457,-239.01822786708,59098.062170476,-16000.43020867696,74859.47415128587
2024-04-22,PizzaHut,Southwest,29429.521971304457,-239.01822786708,59098.062170476,-16000.43020867696,74859.47415128587
2024-04-29,PizzaHut,Southwest,29429.521971304457,-239.01822786708,59098.062170476,-16000.43020867696,74859.47415128587
2024-05-06,PizzaHut,Southwest,29429.521971304457,-239.01822786708,59098.062170476,-16000.43020867696,74859.47415128587
2024-05-13,PizzaHut,Southwest,29429.521971304457,-239.01822786708,59098.062170476,-16000.43020867696,74859.47415128587
2024-05-20,PizzaHut,Southwest,29429.521971304457,-239.01822786708,59098.062170476,-16000.43020867696,74859.47415128587
2024-05-27,PizzaHut,Southwest,29429.521971304457,-239.01822786708,59098.062170476,-16000.43020867696,74859.47415128587
2024-06-03,PizzaHut,Southwest,29429.521971304457,-239.01822786708,59098.062170476,-16000.43020867696,74859.47415128587
2024-06-10,PizzaHut,Southwest,29429.521971304457,-239.01822786708,59098.062170476,-16000.43020867696,74859.47415128587
2024-06-17,PizzaHut,Southwest,29429.521971304457,-239.01822786708,59098.062170476,-16000.43020867696,74859.47415128587
2024-06-24,PizzaHut,Southwest,29429.521971304457,-239.01822786708,59098.062170476,-16000.43020867696,74859.47415128587
2024-07-01,PizzaHut,Southwest,29429.521971304457,-239.01822786708,59098.062170476,-16000.43020867696,74859.47415128587
2024-07-08,PizzaHut,Southwest,29429.521971304457,-239.01822786708,59098.062170476,-16000.43020867696,74859.47415128587
2024-07-15,PizzaHut,Southwest,29429.521971304457,-239.01822786708,59098.062170476,-16000.43020867696,74859.47415128587
2024-07-22,PizzaHut,Southwest,29429.521971304457,-239.01822786708,59098.062170476,-16000.43020867696,74859.47415128587
2024-07-29,PizzaHut,Southwest,29429.521971304457,-239.01822786708,59098.062170476,-16000.43020867696,74859.47415128587
2024-08-05,PizzaHut,Southwest,29429.521971304457,-239.01822786708,59098.062170476,-16000.43020867696,74859.47415128587
2024-08-12,PizzaHut,Southwest,29429.521971304457,-239.01822786708,59098.062170476,-16000.43020867696,74859.47415128587
2024-08-19,PizzaHut,Southwest,29429.521971304457,-239.01822786708,59098.062170476,-16000.43020867696,74859.47415128587
2024-08-26,PizzaHut,Southwest,29429.521971304457,-239.01822786708,59098.062170476,-16000.43020867696,74859.47415128587
2024-09-02,PizzaHut,Southwest,29429.521971304457,-239.01822786708,59098.062170476,-16000.43020867696,74859.47415128587
2024-09-09,PizzaHut,Southwest,29429.521971304457,-239.01822786708,59098.062170476,-16000.43020867696,74859.47415128587
2024-09-16,PizzaHut,Southwest,29429.521971304457,-239.01822786708,59098.062170476,-16000.43020867696,74859.47415128587
2024-09-23,PizzaHut,Southwest,29429.521971304457,-239.01822786708,59098.062170476,-16000.43020867696,74859.47415128587
2024-09-30,PizzaHut,Southwest,29429.521971304457,-239.01822786708,59098.062170476,-16000.43020867696,74859.47415128587
2024-10-07,PizzaHut,Southwest,29429.521971304457,-239.01822786708,59098.062170476,-16000.43020867696,74859.47415128587
2024-10-14,PizzaHut,Southwest,29429.521971304457,-239.01822786708,59098.062170476,-16000.43020867696,74859.47415128587
2024-10-21,PizzaHut,Southwest,29429.521971304457,-239.01822786708,59098.062170476,-16000.43020867696,74859.47415128587
2024-10-28,PizzaHut,Southwest,29429.521971304457,-239.01822786708,59098.062170476,-16000.43020867696,74859.47415128587
2024-11-04,PizzaHut,Southwest,29429.521971304457,-239.01822786708,59098.062170476,-16000.43020867696,74859.47415128587
2024-11-11,PizzaHut,Southwest,29429.521971304457,-239.01822786708,59098.062170476,-16000.43020867696,74859.47415128587
2024-11-18,PizzaHut,Southwest,29429.521971304457,-239.01822786708,59098.062170476,-16000.43020867696,74859.47415128587
2024-11-25,PizzaHut,Southwest,29429.521971304457,-239.01822786708,59098.062170476,-16000.43020867696,74859.47415128587
2024-12-02,PizzaHut,Southwest,29429.521971304457,-239.01822786708,59098.062170476,-16000.43020867696,74859.47415128587
2024-12-09,PizzaHut,Southwest,29429.521971304457,-239.01822786708,59098.062170476,-16000.43020867696,74859.47415128587
2024-12-16,PizzaHut,Southwest,29429.521971304457,-239.01822786708,59098.062170476,-16000.43020867696,74859.47415128587
2024-12-23,PizzaHut,Southwest,29429.521971304457,-239.01822786708,59098.062170476,-16000.43020867696,74859.47415128587
2024-12-30,PizzaHut,Southwest,29429.521971304457,-239.01822786708,59098.062170476,-16000.43020867696,74859.47415128587
2024-01-01,PizzaHut,West,53975.40423507702,36685.28635693916,71265.52211321487,27499.911234178428,80450.8972359756
2024-01-08,PizzaHut,West,53975.40423507702,36685.28635693916,71265.52211321487,27499.911234178428,80450.8972359756
2024-01-15,PizzaHut,West,53975.40423507702,36685.28635693916,71265.52211321487,27499.911234178428,80450.8972359756
2024-01-22,PizzaHut,West,53975.40423507702,36685.28635693916,71265.52211321487,27499.911234178428,80450.8972359756
2024-01-29,PizzaHut,West,53975.40423507702,36685.28635693916,71265.52211321487,27499.911234178428,80450.8972359756
2024-02-05,PizzaHut,West,53975.40423507702,36685.28635693916,71265.52211321487,27499.911234178428,80450.8972359756
2024-02-12,PizzaHut,West,53975.40423507702,36685.28635693916,71265.52211321487,27499.911234178428,80450.8972359756
2024-02-19,PizzaHut,West,53975.40423507702,36685.28635693916,71265.52211321487,27499.911234178428,80450.8972359756
2024-02-26,PizzaHut,West,53975.40423507702,36685.28635693916,71265.52211321487,27499.911234178428,80450.8972359756
2024-03-04,PizzaHut,West,53975.40423507702,36685.28635693916,71265.52211321487,27499.911234178428,80450.8972359756
2024-03-11,PizzaHut,West,53975.40423507702,36685.28635693916,71265.52211321487,27499.911234178428,80450.8972359756
2024-03-18,PizzaHut,West,53975.40423507702,36685.28635693916,71265.52211321487,27499.911234178428,80450.8972359756
2024-03-25,PizzaHut,West,53975.40423507702,36685.28635693916,71265.52211321487,27499.911234178428,80450.8972359756
2024-04-01,PizzaHut,West,53975.40423507702,36685.28635693916,71265.52211321487,27499.911234178428,80450.8972359756
2024-04-08,PizzaHut,West,53975.40423507702,36685.28635693916,71265.52211321487,27499.911234178428,80450.8972359756
2024-04-15,PizzaHut,West,53975.40423507702,36685.28635693916,71265.52211321487,27499.911234178428,80450.8972359756
2024-04-22,PizzaHut,West,53975.40423507702,36685.28635693916,71265.52211321487,27499.911234178428,80450.8972359756
2024-04-29,PizzaHut,West,53975.40423507702,36685.28635693916,71265.52211321487,27499.911234178428,80450.8972359756
2024-05-06,PizzaHut,West,53975.40423507702,36685.28635693916,71265.52211321487,27499.911234178428,80450.8972359756
2024-05-13,PizzaHut,West,53975.40423507702,36685.28635693916,71265.52211321487,27499.911234178428,80450.8972359756
2024-05-20,PizzaHut,West,53975.40423507702,36685.28635693916,71265.52211321487,27499.911234178428,80450.8972359756
2024-05-27,PizzaHut,West,53975.40423507702,36685.28635693916,71265.52211321487,27499.911234178428,80450.8972359756
2024-06-03,PizzaHut,West,53975.40423507702,36685.28635693916,71265.52211321487,27499.911234178428,80450.8972359756
2024-06-10,PizzaHut,West,53975.40423507702,36685.28635693916,71265.52211321487,27499.911234178428,80450.8972359756
2024-06-17,PizzaHut,West,53975.40423507702,36685.28635693916,71265.52211321487,27499.911234178428,80450.8972359756
2024-06-24,PizzaHut,West,53975.40423507702,36685.28635693916,71265.52211321487,27499.911234178428,80450.8972359756
2024-07-01,PizzaHut,West,53975.40423507702,36685.28635693916,71265.52211321487,27499.911234178428,80450.8972359756
2024-07-08,PizzaHut,West,53975.40423507702,36685.28635693916,71265.52211321487,27499.911234178428,80450.8972359756
2024-07-15,PizzaHut,West,53975.40423507702,36685.28635693916,71265.52211321487,27499.911234178428,80450.8972359756
2024-07-22,PizzaHut,West,53975.40423507702,36685.28635693916,71265.52211321487,27499.911234178428,80450.8972359756
2024-07-29,PizzaHut,West,53975.40423507702,36685.28635693916,71265.52211321487,27499.911234178428,80450.8972359756
2024-08-05,PizzaHut,West,53975.40423507702,36685.28635693916,71265.52211321487,27499.911234178428,80450.8972359756
2024-08-12,PizzaHut,West,53975.40423507702,36685.28635693916,71265.52211321487,27499.911234178428,80450.8972359756
2024-08-19,PizzaHut,West,53975.40423507702,36685.28635693916,71265.52211321487,27499.911234178428,80450.8972359756
2024-08-26,PizzaHut,West,53975.40423507702,36685.28635693916,71265.52211321487,27499.911234178428,80450.8972359756
2024-09-02,PizzaHut,West,53975.40423507702,36685.28635693916,71265.52211321487,27499.911234178428,80450.8972359756
2024-09-09,PizzaHut,West,53975.40423507702,36685.28635693916,71265.52211321487,27499.911234178428,80450.8972359756
2024-09-16,PizzaHut,West,53975.40423507702,36685.28635693916,71265.52211321487,27499.911234178428,80450.8972359756
2024-09-23,PizzaHut,West,53975.40423507702,36685.28635693916,71265.52211321487,27499.911234178428,80450.8972359756
2024-09-30,PizzaHut,West,53975.40423507702,36685.28635693916,71265.52211321487,27499.911234178428,80450.8972359756
2024-10-07,PizzaHut,West,53975.40423507702,36685.28635693916,71265.52211321487,27499.911234178428,80450.8972359756
2024-10-14,PizzaHut,West,53975.40423507702,36685.28635693916,71265.52211321487,27499.911234178428,80450.8972359756
2024-10-21,PizzaHut,West,53975.40423507702,36685.28635693916,71265.52211321487,27499.911234178428,80450.8972359756
2024-10-28,PizzaHut,West,53975.40423507702,36685.28635693916,71265.52211321487,27499.911234178428,80450.8972359756
2024-11-04,PizzaHut,West,53975.40423507702,36685.28635693916,71265.52211321487,27499.911234178428,80450.8972359756
2024-11-11,PizzaHut,West,53975.40423507702,36685.28635693916,71265.52211321487,27499.911234178428,80450.8972359756
2024-11-18,PizzaHut,West,53975.40423507702,36685.28635693916,71265.52211321487,27499.911234178428,80450.8972359756
2024-11-25,PizzaHut,West,53975.40423507702,36685.28635693916,71265.52211321487,27499.911234178428,80450.8972359756
2024-12-02,PizzaHut,West,53975.40423507702,36685.28635693916,71265.52211321487,27499.911234178428,80450.8972359756
2024-12-09,PizzaHut,West,53975.40423507702,36685.28635693916,71265.52211321487,27499.911234178428,80450.8972359756
2024-12-16,PizzaHut,West,53975.40423507702,36685.28635693916,71265.52211321487,27499.911234178428,80450.8972359756
2024-12-23,PizzaHut,West,53975.40423507702,36685.28635693916,71265.52211321487,27499.911234178428,80450.8972359756
2024-12-30,PizzaHut,West,53975.40423507702,36685.28635693916,71265.52211321487,27499.911234178428,80450.8972359756
2024-01-01,Subway,Midwest,26653.595463749698,11809.675587561862,41497.515339937534,3923.843153337075,49383.34777416232
2024-01-08,Subway,Midwest,24213.44199027509,9071.591045764937,39355.29293478524,1027.4827314939212,47399.40124905626
2024-01-15,Subway,Midwest,22505.321747252514,7148.366495511766,37862.276998993264,-1010.0159819755063,46020.659476480534
2024-01-22,Subway,Midwest,25001.244946925413,9956.811024518645,40045.67886933218,1964.4555032400494,48038.034390610774
2024-01-29,Subway,Midwest,23056.817851973232,7769.884405979681,38343.75129796678,-351.29898720439087,46464.934691150855
2024-02-05,Subway,Midwest,21695.656460641047,6234.931822905726,37156.38109837637,-1978.5781408911644,45369.89106217326
2024-02-12,Subway,Midwest,27212.217025211874,12434.891161168964,41989.542889254786,4584.43679589617,49839.99725452758
2024-02-19,Subway,Midwest,24604.513868594942,9511.161992265035,39697.86574492485,1492.8188079647698,47716.20892922512
2024-02-26,Subway,Midwest,22779.042072532517,7456.9091567497235,38101.17498831531,-682.9739547598838,46241.05809982492
2024-03-04,Subway,Midwest,21869.050741592924,6430.644677300124,37307.456805885726,-1771.0085443554271,45509.110027541275
2024-03-11,Subway,Midwest,20864.264803581857,5295.804855332062,36432.72475183165,-2974.9394921756393,44703.46909933935
2024-03-18,Subway,Midwest,26731.351779291843,11896.7371148956,41565.966443688085,4015.8480744351,49446.85548414859
2024-03-25,Subway,Midwest,27966.31826718084,13277.910566418197,42654.72596794348,5474.693975388043,50457.942558973635
2024-04-01,Subway,Midwest,26461.907973329893,11594.99483388485,41328.82111277494,3696.947228554669,49226.86871810512
2024-04-08,Subway,Midwest,24079.240709759084,8920.682047564733,39237.799371953435,867.6977582739855,47290.78366124418
2024-04-15,Subway,Midwest,22411.394614595243,7042.459075221532,37780.33015396896,-1122.28793007075,45945.07715926124
2024-04-22,Subway,Midwest,21243.875018587918,5724.7535202600175,36762.99651691582,-2519.779775726678,45007.52981290252
2024-04-29,Subway,Midwest,20426.609952412502,4800.969018613885,36052.25088621112,-3500.1527274666296,44353.37263229163
2024-05-06,Subway,Midwest,21743.454384917182,6288.888424238601,37198.02034559577,-1921.3497423718945,45408.25851220626
2024-05-13,Subway,Midwest,20776.33381800571,5196.412653390917,36356.25498262051,-3080.42046531069,44633.08810132211
2024-05-20,Subway,Midwest,20099.33339805762,4430.721283235507,35767.945512879734,-3893.228902763738,44091.89569887898
2024-05-27,Subway,Midwest,22683.144433404326,7348.828516894924,38017.46034991373,-797.5268137506973,46163.815680559346
2024-06-03,Subway,Midwest,21893.06463819206,6457.745273623117,37328.384002761,-1742.2681388041347,45528.39741518826
2024-06-10,Subway,Midwest,20881.04105062537,5314.768608331269,36447.313492919464,-2954.8136266374677,44716.8957278882
2024-06-17,Subway,Midwest,20172.63095490844,4513.6579708955505,35831.603938921326,-3805.171426861296,44150.43333667818
2024-06-24,Subway,Midwest,19676.755856902215,3952.3965305801103,35401.11518322432,-4401.169361528508,43754.681075332934
2024-07-01,Subway,Midwest,19329.625080899765,3559.253594386899,35099.99656741263,-4818.756257823061,43478.00641962259
2024-07-08,Subway,Midwest,19086.63899008253,3283.942428976785,34889.33555118828,-5111.24011911064,43284.5180992757
2024-07-15,Subway,Midwest,19798.371808958625,4090.0874157738235,35506.65620214343,-4254.938668105602,43851.68228602286
2024-07-22,Subway,Midwest,23819.233856855142,8628.21030817646,39010.25740553383,557.979047940913,47080.48866576937
2024-07-29,Subway,Midwest,25140.836359650857,10113.542451155266,40168.130268146444,2130.2925622669827,48151.38015703473
2024-08-05,Subway,Midwest,26908.925882565636,12095.521390132364,41722.330374998906,4225.90025352719,49591.951511604086
2024-08-12,Subway,Midwest,30306.557621713422,15886.712057218032,44726.403186208816,8226.169101079857,52386.94614234699
2024-08-19,Subway,Midwest,28721.87537134046,14121.408634754329,43322.34210792659,6364.91068094295,51078.84006173797
2024-08-26,Subway,Midwest,28679.713758264224,14074.372355564681,43285.05516096377,6315.284735380552,51044.14278114789
2024-09-02,Subway,Midwest,26223.791404580035,11328.216790302353,41119.36601885772,3414.9427764673346,49032.64003269274
2024-09-09,Subway,Midwest,24083.017944817664,8924.928933922522,39241.10695571281,872.194146884478,47293.841742750854
2024-09-16,Subway,Midwest,25375.774484661233,10377.246407730856,40374.30256159161,2409.2783668615957,48342.27060246087
2024-09-23,Subway,Midwest,26357.528129394872,11478.0660883805,41236.99017040925,3573.3518790916132,49141.70437969813
2024-09-30,Subway,Midwest,31047.87083105951,16710.694567851526,45385.047094267495,9094.069678022286,53001.671984096734
2024-10-07,Subway,Midwest,32948.33513457526,18817.612195268273,47079.05807388225,11310.665633761433,54586.00463538909
2024-10-14,Subway,Midwest,33103.06259405498,18988.793760084947,47217.33142802501,11490.58844203837,54715.53674607159
2024-10-21,Subway,Midwest,30313.02054463519,15893.898963905474,44732.1421253649,8233.740624142814,52392.30046512757
2024-10-28,Subway,Midwest,35820.935496298654,21986.65112595366,49655.219866643645,14637.187554207885,57004.683438389424
2024-11-04,Subway,Midwest,36626.353470587186,22871.667642888187,50381.03929828618,15564.490796923095,57688.21614425127
2024-11-11,Subway,Midwest,31932.978442010048,17692.94478412818,46173.012099891916,10127.92690337844,53738.02998064166
2024-11-18,Subway,Midwest,34665.20003114587,20713.970965653403,48616.429096638334,13302.380524610537,56028.019537681204
2024-11-25,Subway,Midwest,33144.99317926811,19035.170437018525,47254.81592151769,11539.32710519843,54750.659253337784
2024-12-02,Subway,Midwest,31772.046186139087,17514.47979933759,46029.61257294058,9940.147656349302,53603.94471592887
2024-12-09,Subway,Midwest,31213.949026232636,16895.132156604617,45532.765895860655,9288.260694614732,53139.637357850545
2024-12-16,Subway,Midwest,27405.710042193816,12651.305055156901,42160.11502923073,4813.027405793542,49998.392678594086
2024-12-23,Subway,Midwest,24739.888960880773,9663.26400905712,39816.513912704424,1653.8070034008051,47825.97091836074
2024-12-30,Subway,Midwest,24347.280010341026,9222.061635149006,39472.49838553305,1186.7893733282472,47507.770647353806
2024-01-01,Subway,Northeast,28129.307719802047,14649.076231475914,41609.53920812818,7487.703253302654,48770.912186301444
2024-01-08,Subway,Northeast,28129.307719802047,14649.076231475914,41609.53920812818,7487.703253302654,48770.912186301444
2024-01-15,Subway,Northeast,28129.307719802047,14649.076231475914,41609.53920812818,7487.703253302654,48770.912186301444
2024-01-22,Subway,Northeast,28129.307719802047,14649.076231475914,41609.53920812818,7487.703253302654,48770.912186301444
2024-01-29,Subway,Northeast,28129.307719802047,14649.076231475914,41609.53920812818,7487.703253302654,48770.912186301444
2024-02-05,Subway,Northeast,28129.307719802047,14649.076231475914,41609.53920812818,7487.703253302654,48770.912186301444
2024-02-12,Subway,Northeast,28129.307719802047,14649.076231475914,41609.53920812818,7487.703253302654,48770.912186301444
2024-02-19,Subway,Northeast,28129.307719802047,14649.076231475914,41609.53920812818,7487.703253302654,48770.912186301444
2024-02-26,Subway,Northeast,28129.307719802047,14649.076231475914,41609.53920812818,7487.703253302654,48770.912186301444
2024-03-04,Subway,Northeast,28129.307719802047,14649.076231475914,41609.53920812818,7487.703253302654,48770.912186301444
2024-03-11,Subway,Northeast,28129.307719802047,14649.076231475914,41609.53920812818,7487.703253302654,48770.912186301444
2024-03-18,Subway,Northeast,28129.307719802047,14649.076231475914,41609.53920812818,7487.703253302654,48770.912186301444
2024-03-25,Subway,Northeast,28129.307719802047,14649.076231475914,41609.53920812818,7487.703253302654,48770.912186301444
2024-04-01,Subway,Northeast,28129.307719802047,14649.076231475914,41609.53920812818,7487.703253302654,48770.912186301444
2024-04-08,Subway,Northeast,28129.307719802047,14649.076231475914,41609.53920812818,7487.703253302654,48770.912186301444
2024-04-15,Subway,Northeast,28129.307719802047,14649.076231475914,41609.53920812818,7487.703253302654,48770.912186301444
2024-04-22,Subway,Northeast,28129.307719802047,14649.076231475914,41609.53920812818,7487.703253302654,48770.912186301444
2024-04-29,Subway,Northeast,28129.307719802047,14649.076231475914,41609.53920812818,7487.703253302654,48770.912186301444
2024-05-06,Subway,Northeast,28129.307719802047,14649.076231475914,41609.53920812818,7487.703253302654,48770.912186301444
2024-05-13,Subway,Northeast,28129.307719802047,14649.076231475914,41609.53920812818,7487.703253302654,48770.912186301444
2024-05-20,Subway,Northeast,28129.307719802047,14649.076231475914,41609.53920812818,7487.703253302654,48770.912186301444
2024-05-27,Subway,Northeast,28129.307719802047,14649.076231475914,41609.53920812818,7487.703253302654,48770.912186301444
2024-06-03,Subway,Northeast,28129.307719802047,14649.076231475914,41609.53920812818,7487.703253302654,48770.912186301444
2024-06-10,Subway,Northeast,28129.307719802047,14649.076231475914,41609.53920812818,7487.703253302654,48770.912186301444
2024-06-17,Subway,Northeast,28129.307719802047,14649.076231475914,41609.53920812818,7487.703253302654,48770.912186301444
2024-06-24,Subway,Northeast,28129.307719802047,14649.076231475914,41609.53920812818,7487.703253302654,48770.912186301444
2024-07-01,Subway,Northeast,28129.307719802047,14649.076231475914,41609.53920812818,7487.703253302654,48770.912186301444
2024-07-08,Subway,Northeast,28129.307719802047,14649.076231475914,41609.53920812818,7487.703253302654,48770.912186301444
2024-07-15,Subway,Northeast,28129.307719802047,14649.076231475914,41609.53920812818,7487.703253302654,48770.912186301444
2024-07-22,Subway,Northeast,28129.307719802047,14649.076231475914,41609.53920812818,7487.703253302654,48770.912186301444
2024-07-29,Subway,Northeast,28129.307719802047,14649.076231475914,41609.53920812818,7487.703253302654,48770.912186301444
2024-08-05,Subway,Northeast,28129.307719802047,14649.076231475914,41609.53920812818,7487.703253302654,48770.912186301444
2024-08-12,Subway,Northeast,28129.307719802047,14649.076231475914,41609.53920812818,7487.703253302654,48770.912186301444
2024-08-19,Subway,Northeast,28129.307719802047,14649.076231475914,41609.53920812818,7487.703253302654,48770.912186301444
2024-08-26,Subway,Northeast,28129.307719802047,14649.076231475914,41609.53920812818,7487.703253302654,48770.912186301444
2024-09-02,Subway,Northeast,28129.307719802047,14649.076231475914,41609.53920812818,7487.703253302654,48770.912186301444
2024-09-09,Subway,Northeast,28129.307719802047,14649.076231475914,41609.53920812818,7487.703253302654,48770.912186301444
2024-09-16,Subway,Northeast,28129.307719802047,14649.076231475914,41609.53920812818,7487.703253302654,48770.912186301444
2024-09-23,Subway,Northeast,28129.307719802047,14649.076231475914,41609.53920812818,7487.703253302654,48770.912186301444
2024-09-30,Subway,Northeast,28129.307719802047,14649.076231475914,41609.53920812818,7487.703253302654,48770.912186301444
2024-10-07,Subway,Northeast,28129.307719802047,14649.076231475914,41609.53920812818,7487.703253302654,48770.912186301444
2024-10-14,Subway,Northeast,28129.307719802047,14649.076231475914,41609.53920812818,7487.703253302654,48770.912186301444
2024-10-21,Subway,Northeast,28129.307719802047,14649.076231475914,41609.53920812818,7487.703253302654,48770.912186301444
2024-10-28,Subway,Northeast,28129.307719802047,14649.076231475914,41609.53920812818,7487.703253302654,48770.912186301444
2024-11-04,Subway,Northeast,28129.307719802047,14649.076231475914,41609.53920812818,7487.703253302654,48770.912186301444
2024-11-11,Subway,Northeast,28129.307719802047,14649.076231475914,41609.53920812818,7487.703253302654,48770.912186301444
2024-11-18,Subway,Northeast,28129.307719802047,14649.076231475914,41609.53920812818,7487.703253302654,48770.912186301444
2024-11-25,Subway,Northeast,28129.307719802047,14649.076231475914,41609.53920812818,7487.703253302654,48770.912186301444
2024-12-02,Subway,Northeast,28129.307719802047,14649.076231475914,41609.53920812818,7487.703253302654,48770.912186301444
2024-12-09,Subway,Northeast,28129.307719802047,14649.076231475914,41609.53920812818,7487.703253302654,48770.912186301444
2024-12-16,Subway,Northeast,28129.307719802047,14649.076231475914,41609.53920812818,7487.703253302654,48770.912186301444
2024-12-23,Subway,Northeast,28129.307719802047,14649.076231475914,41609.53920812818,7487.703253302654,48770.912186301444
2024-12-30,Subway,Northeast,28129.307719802047,14649.076231475914,41609.53920812818,7487.703253302654,48770.912186301444
2024-01-01,Subway,South,66245.38902450238,47048.88905590662,85441.88899309814,36850.74844759013,95640.02960141463
2024-01-08,Subway,South,68390.91411347972,49447.07583353535,87334.7523934241,39383.16174731491,97398.66647964454
2024-01-15,Subway,South,66839.60332347389,47714.66604656428,85964.5406003835,37554.54311820606,96124.66352874172
2024-01-22,Subway,South,67155.4178870079,48068.02401973524,86242.81175428057,37927.84602774664,96382.98974626917
2024-01-29,Subway,South,64503.34880883844,45090.21433529425,83916.48328238263,34776.98664622391,94229.71097145297
2024-02-05,Subway,South,64357.858516830245,44926.17735847214,83789.53967518835,34603.096743094386,94112.6202905661
2024-02-12,Subway,South,62724.768965576615,43080.21413974503,82369.3237914082,32644.044388522005,92805.49354263123
2024-02-19,Subway,South,64604.188381156215,45203.86802494833,84004.5087373641,34897.4478357129,94310.92892659953
2024-02-26,Subway,South,66052.21975497501,46832.19792770472,85272.2415822453,36621.56133196737,95482.87817798265
2024-03-04,Subway,South,66341.58771788952,47156.754613178695,85526.42082260034,36964.812026301064,95718.36340947797
2024-03-11,Subway,South,66769.33928333079,47636.002669607005,85902.67589705458,37471.41759356625,96067.26097309533
2024-03-18,Subway,South,58754.589215656175,38557.94894374955,78951.2294875628,27828.483799299163,89680.69463201318
2024-03-25,Subway,South,66347.45265121729,47163.329821848594,85531.57548058598,36971.764568746476,95723.14073368811
2024-04-01,Subway,South,65289.315818820185,45975.17141356725,84603.46022407312,35714.53219827663,94864.09943936374
2024-04-08,Subway,South,66015.596498644,46791.10092311753,85240.09207417046,36578.0876486191,95453.10534866889
2024-04-15,Subway,South,69361.70854024218,50526.90443430623,88196.51264617813,40520.914753027755,98202.5023274566
2024-04-22,Subway,South,65485.53845455928,46195.78870588876,84775.28820322981,35948.109151907534,95022.96775721104
2024-04-29,Subway,South,68001.17336555361,49012.62474118848,86989.72198991873,38924.95828449451,97077.3884466127
2024-05-06,Subway,South,72428.16607887256,53915.32108120296,90941.01107654216,44080.37217619099,100775.95998155413
2024-05-13,Subway,South,67372.8933653044,48311.15303722758,86434.63369338121,38184.60348793678,96561.183242672
2024-05-20,Subway,South,63967.047684363366,44485.205711494185,83448.88965723255,34135.47716340743,93798.6182053193
2024-05-27,Subway,South,63985.41307764535,44505.93941656477,83464.88673872594,34157.46903411571,93813.357121175
2024-06-03,Subway,South,61434.05037727747,41615.27772124311,81252.82303331183,31086.554747724866,91781.54600683007
2024-06-10,Subway,South,62959.46315272042,43346.025522972996,82572.90078246784,32926.38678216968,92992.53952327116
2024-06-17,Subway,South,60808.14213178395,40903.03295317992,80713.25131038798,30328.443702046534,91287.84056152136
2024-06-24,Subway,South,65148.0160299597,45816.22579426291,84479.80626565649,35546.21223154899,94749.81982837041
2024-07-01,Subway,South,66131.05589475558,46920.649017180476,85341.46277233069,36715.1203634687,95546.99142604247
2024-07-08,Subway,South,67395.09041931678,48335.95929920612,86454.22153942744,38210.79589164734,96579.38494698622
2024-07-15,Subway,South,67757.51153677629,48740.74041517817,86774.28265837442,38638.080756829164,96876.94231672342
2024-07-22,Subway,South,68947.91484533757,50067.04528396571,87828.78440670943,40036.58332948691,97859.24636118823
2024-07-29,Subway,South,70520.9748900641,51811.944704932204,89230.005075196,41872.772419080895,99169.1773610473
2024-08-05,Subway,South,74765.06023929054,56473.85078453543,93056.26969404565,46756.64576169678,102773.4747168843
2024-08-12,Subway,South,75654.46895819932,57442.040993200906,93866.89692319772,47766.6886367955,103542.24927960313
2024-08-19,Subway,South,78281.61441615915,60283.43847722332,96279.79035509498,50721.90750966366,105841.32132265464
2024-08-26,Subway,South,74664.20960546818,56363.87097047515,92964.5482404612,46641.816070635105,102686.60314030125
2024-09-02,Subway,South,78783.93690075986,60823.52934873634,96744.34445278338,51282.06283672384,106285.81096479588
2024-09-09,Subway,South,74219.5569142689,55878.49463169632,92560.6191968415,46134.80529407964,102304.30853445816
2024-09-16,Subway,South,76892.34596997133,58784.33975802995,95000.3521819127,49164.4614579361,104620.23048200656
2024-09-23,Subway,South,81431.83239192668,63653.13182594866,99210.53295790471,54208.197150272834,108655.46763358053
2024-09-30,Subway,South,81291.75868330112,63504.18638796944,99079.33097863279,54054.53860607449,108528.97876052774
2024-10-07,Subway,South,84882.0787005989,67295.22340891292,102468.93399228487,57952.20653520475,111811.95086599304
2024-10-14,Subway,South,80759.0731617517,62937.00151266279,98581.1448108406,53469.0259490843,108049.1203744191
2024-10-21,Subway,South,75706.45376168612,57498.533890625484,93914.37363274675,47825.576459124524,103587.33106424772
2024-10-28,Subway,South,75727.91459300631,57521.85267778645,93933.97650822616,47849.882285325904,103605.94690068671
2024-11-04,Subway,South,73523.88959494504,55117.57740705845,91930.20178283163,45339.2240572437,101708.55513264638
2024-11-11,Subway,South,74804.81249099615,56517.19055064237,93092.43443134992,46801.89139482943,102807.73358716286
2024-11-18,Subway,South,72886.23495287349,54418.48175628238,91353.9881494646,44607.48787059335,101164.98203515363
2024-11-25,Subway,South,76719.64199761124,58597.43570773296,94841.84828748951,48970.01361623513,104469.27037898735
2024-12-02,Subway,South,70501.5425109237,51790.44422361344,89212.64079823394,41850.173258479874,99152.91176336752
2024-12-09,Subway,South,74054.88233799924,55698.54335813387,92411.2213178646,45946.738275080395,102163.02640091808
2024-12-16,Subway,South,75793.92643413311,57593.56797020798,93994.28489805825,47924.62753624776,103663.22533201847
2024-12-23,Subway,South,72301.32168416775,53775.85004061296,90826.79332772254,43934.19322997448,100668.45013836102
2024-12-30,Subway,South,71087.70919686575,52438.38466346421,89737.03373026729,42530.931005094644,99644.48738863686
2024-01-01,Subway,Southwest,52519.49895667213,39586.516214994364,65452.48169834989,32715.869133478052,72323.12877986621
2024-01-08,Subway,Southwest,52519.49895667213,39586.516214994364,65452.48169834989,32715.869133478052,72323.12877986621
2024-01-15,Subway,Southwest,52519.49895667213,39586.516214994364,65452.48169834989,32715.869133478052,72323.12877986621
2024-01-22,Subway,Southwest,52519.49895667213,39586.516214994364,65452.48169834989,32715.869133478052,72323.12877986621
2024-01-29,Subway,Southwest,52519.49895667213,39586.516214994364,65452.48169834989,32715.869133478052,72323.12877986621
2024-02-05,Subway,Southwest,52519.49895667213,39586.516214994364,65452.48169834989,32715.869133478052,72323.12877986621
2024-02-12,Subway,Southwest,52519.49895667213,39586.516214994364,65452.48169834989,32715.869133478052,72323.12877986621
2024-02-19,Subway,Southwest,52519.49895667213,39586.516214994364,65452.48169834989,32715.869133478052,72323.12877986621
2024-02-26,Subway,Southwest,52519.49895667213,39586.516214994364,65452.48169834989,32715.869133478052,72323.12877986621
2024-03-04,Subway,Southwest,52519.49895667213,39586.516214994364,65452.48169834989,32715.869133478052,72323.12877986621
2024-03-11,Subway,Southwest,52519.49895667213,39586.516214994364,65452.48169834989,32715.869133478052,72323.12877986621
2024-03-18,Subway,Southwest,52519.49895667213,39586.516214994364,65452.48169834989,32715.869133478052,72323.12877986621
2024-03-25,Subway,Southwest,52519.49895667213,39586.516214994364,65452.48169834989,32715.869133478052,72323.12877986621
2024-04-01,Subway,Southwest,52519.49895667213,39586.516214994364,65452.48169834989,32715.869133478052,72323.12877986621
2024-04-08,Subway,Southwest,52519.49895667213,39586.516214994364,65452.48169834989,32715.869133478052,72323.12877986621
2024-04-15,Subway,Southwest,52519.49895667213,39586.516214994364,65452.48169834989,32715.869133478052,72323.12877986621
2024-04-22,Subway,Southwest,52519.49895667213,39586.516214994364,65452.48169834989,32715.869133478052,72323.12877986621
2024-04-29,Subway,Southwest,52519.49895667213,39586.516214994364,65452.48169834989,32715.869133478052,72323.12877986621
2024-05-06,Subway,Southwest,52519.49895667213,39586.516214994364,65452.48169834989,32715.869133478052,72323.12877986621
2024-05-13,Subway,Southwest,52519.49895667213,39586.516214994364,65452.48169834989,32715.869133478052,72323.12877986621
2024-05-20,Subway,Southwest,52519.49895667213,39586.516214994364,65452.48169834989,32715.869133478052,72323.12877986621
2024-05-27,Subway,Southwest,52519.49895667213,39586.516214994364,65452.48169834989,32715.869133478052,72323.12877986621
2024-06-03,Subway,Southwest,52519.49895667213,39586.516214994364,65452.48169834989,32715.869133478052,72323.12877986621
2024-06-10,Subway,Southwest,52519.49895667213,39586.516214994364,65452.48169834989,32715.869133478052,72323.12877986621
2024-06-17,Subway,Southwest,52519.49895667213,39586.516214994364,65452.48169834989,32715.869133478052,72323.12877986621
2024-06-24,Subway,Southwest,52519.49895667213,39586.516214994364,65452.48169834989,32715.869133478052,72323.12877986621
2024-07-01,Subway,Southwest,52519.49895667213,39586.516214994364,65452.48169834989,32715.869133478052,72323.12877986621
2024-07-08,Subway,Southwest,52519.49895667213,39586.516214994364,65452.48169834989,32715.869133478052,72323.12877986621
2024-07-15,Subway,Southwest,52519.49895667213,39586.516214994364,65452.48169834989,32715.869133478052,72323.12877986621
2024-07-22,Subway,Southwest,52519.49895667213,39586.516214994364,65452.48169834989,32715.869133478052,72323.12877986621
2024-07-29,Subway,Southwest,52519.49895667213,39586.516214994364,65452.48169834989,32715.869133478052,72323.12877986621
2024-08-05,Subway,Southwest,52519.49895667213,39586.516214994364,65452.48169834989,32715.869133478052,72323.12877986621
2024-08-12,Subway,Southwest,52519.49895667213,39586.516214994364,65452.48169834989,32715.869133478052,72323.12877986621
2024-08-19,Subway,Southwest,52519.49895667213,39586.516214994364,65452.48169834989,32715.869133478052,72323.12877986621
2024-08-26,Subway,Southwest,52519.49895667213,39586.516214994364,65452.48169834989,32715.869133478052,72323.12877986621
2024-09-02,Subway,Southwest,52519.49895667213,39586.516214994364,65452.48169834989,32715.869133478052,72323.12877986621
2024-09-09,Subway,Southwest,52519.49895667213,39586.516214994364,65452.48169834989,32715.869133478052,72323.12877986621
2024-09-16,Subway,Southwest,52519.49895667213,39586.516214994364,65452.48169834989,32715.869133478052,72323.12877986621
2024-09-23,Subway,Southwest,52519.49895667213,39586.516214994364,65452.48169834989,32715.869133478052,72323.12877986621
2024-09-30,Subway,Southwest,52519.49895667213,39586.516214994364,65452.48169834989,32715.869133478052,72323.12877986621
2024-10-07,Subway,Southwest,52519.49895667213,39586.516214994364,65452.48169834989,32715.869133478052,72323.12877986621
2024-10-14,Subway,Southwest,52519.49895667213,39586.516214994364,65452.48169834989,32715.869133478052,72323.12877986621
2024-10-21,Subway,Southwest,52519.49895667213,39586.516214994364,65452.48169834989,32715.869133478052,72323.12877986621
2024-10-28,Subway,Southwest,52519.49895667213,39586.516214994364,65452.48169834989,32715.869133478052,72323.12877986621
2024-11-04,Subway,Southwest,52519.49895667213,39586.516214994364,65452.48169834989,32715.869133478052,72323.12877986621
2024-11-11,Subway,Southwest,52519.49895667213,39586.516214994364,65452.48169834989,32715.869133478052,72323.12877986621
2024-11-18,Subway,Southwest,52519.49895667213,39586.516214994364,65452.48169834989,32715.869133478052,72323.12877986621
2024-11-25,Subway,Southwest,52519.49895667213,39586.516214994364,65452.48169834989,32715.869133478052,72323.12877986621
2024-12-02,Subway,Southwest,52519.49895667213,39586.516214994364,65452.48169834989,32715.869133478052,72323.12877986621
2024-12-09,Subway,Southwest,52519.49895667213,39586.516214994364,65452.48169834989,32715.869133478052,72323.12877986621
2024-12-16,Subway,Southwest,52519.49895667213,39586.516214994364,65452.48169834989,32715.869133478052,72323.12877986621
2024-12-23,Subway,Southwest,52519.49895667213,39586.516214994364,65452.48169834989,32715.869133478052,72323.12877986621
2024-12-30,Subway,Southwest,52519.49895667213,39586.516214994364,65452.48169834989,32715.869133478052,72323.12877986621
2024-01-01,Subway,West,103369.92361477019,79271.12245787117,127468.7247716692,66468.63434326855,140271.21288627182
2024-01-08,Subway,West,103124.34032916962,79007.45048533904,127241.2301730002,66195.35275580405,140053.32790253518
2024-01-15,Subway,West,89936.28622231421,64795.895555681986,115076.67688894644,51440.063014033614,128432.50943059482
2024-01-22,Subway,West,87154.34106626459,61785.62955969204,112523.05257283714,48308.50157182536,126000.18056070383
2024-01-29,Subway,West,92007.59237008623,67034.48820149366,116980.6965386788,53767.526611928864,130247.65812824361
2024-02-05,Subway,West,93198.31028358493,68320.30506400869,118076.31550316117,55103.8647911088,131292.75577606107
2024-02-12,Subway,West,91420.14482805868,66399.83450972765,116440.45514638971,53107.794653114295,129732.49500300306
2024-02-19,Subway,West,87978.29259791179,62677.63413250652,113278.95106331704,49236.65932275997,126719.92587306359
2024-02-26,Subway,West,87314.90509973408,61959.48322681332,112670.32697265485,48489.41535682416,126140.394842644
2024-03-04,Subway,West,77847.67924316261,51686.17566854377,104009.18281778145,37787.87689452751,117907.48159179771
2024-03-11,Subway,West,82355.45697111437,56583.38310675262,108127.53083547612,42891.968866310446,121818.9450759183
2024-03-18,Subway,West,86586.77884749237,61170.9824848056,112002.57521017914,47668.840667128265,125504.71702785647
2024-03-25,Subway,West,87815.44886169952,62501.36898508563,113129.52873831341,49053.2640506345,126577.63367276455
2024-04-01,Subway,West,82137.73170651848,56347.0791205525,107928.38429248445,42645.79493425808,121629.66847877887
2024-04-08,Subway,West,74388.53956628394,47921.565662534194,100855.5134700337,33860.985776167145,114916.09335640074
2024-04-15,Subway,West,74242.19978335223,47762.17927042321,100722.22029628126,33694.66837292966,114789.73119377482
2024-04-22,Subway,West,74605.9005139506,48158.28660843495,101053.51441946626,34107.99172112977,115103.80930677144
2024-04-29,Subway,West,72002.75017247626,45321.849794943555,98683.65055000896,31147.621469379315,112857.8788755732
2024-05-06,Subway,West,79670.07651474651,53667.209729899245,105672.94329959378,39853.18675044913,119486.9662790439
2024-05-13,Subway,West,78179.17601320602,52046.64813338971,104311.70389302232,38163.74269723729,118194.60932917474
2024-05-20,Subway,West,75463.16553809353,49091.692540724776,101834.63853546228,35081.847510872634,115844.48356531441
2024-05-27,Subway,West,82807.87456679343,57074.32989008102,108541.41924350584,43403.38428057755,122212.3648530093
2024-06-03,Subway,West,83949.7968858135,58313.041693359046,109586.55207826795,44693.51549736762,123206.07827425937
2024-06-10,Subway,West,81100.65591904648,55221.18370993652,106980.12812815643,41472.71409884687,120728.59773924609
2024-06-17,Subway,West,84574.02927298938,58989.90362837799,110158.15491760077,45398.336879678194,123749.72166630058
2024-06-24,Subway,West,88435.15024087713,63172.07022148463,113698.23026026963,49751.05896118237,127119.2415205719
2024-07-01,Subway,West,89222.0898780371,64023.47800914614,114420.70174692807,50636.71545379781,127807.4643022764
2024-07-08,Subway,West,91323.73985122365,66295.66445597002,116351.81524647729,52999.49940224152,129647.98030020579
2024-07-15,Subway,West,91293.72255905687,66263.22839226447,116324.21672584927,52965.77836615601,129621.66675195773
2024-07-22,Subway,West,97268.5308969906,72709.57430298172,121827.48749099948,59662.62861241451,134874.4331815667
2024-07-29,Subway,West,94869.06757675754,70123.16516047427,119614.96999304082,56976.90450182378,132761.23065169132
2024-08-05,Subway,West,101659.88381221466,77434.36421453519,125885.40340989412,64564.55692826798,138755.21069616132
2024-08-12,Subway,West,109451.26428498726,85788.3730707698,133114.15549920473,73217.46211321678,145685.06645675775
2024-08-19,Subway,West,110516.42061121824,86927.44883202651,134105.39239040998,74395.80757433092,146637.03364810557
2024-08-26,Subway,West,109927.53346664946,86297.78554827657,133557.28138502236,73744.48196664097,146110.58496665795
2024-09-02,Subway,West,108145.68610890751,84391.18813519028,131900.18408262474,71771.61108665302,144519.761131162
2024-09-09,Subway,West,114354.40813073241,91025.57770076272,137683.2385607021,78632.13653484132,150076.6797266235
2024-09-16,Subway,West,113846.27965501437,90483.57313439052,137208.98617563822,78072.1352953091,149620.42401471964
2024-09-23,Subway,West,117205.57593338907,94063.56703541694,140347.5848313612,81769.37480836925,152641.7770584089
2024-09-30,Subway,West,112479.42380482017,89024.73031825566,135934.11729138467,76564.42440351826,148394.42320612207
2024-10-07,Subway,West,119864.81569324153,96891.97792241268,142837.65346407038,84687.65785665986,155041.97352982318
2024-10-14,Subway,West,124689.92478452928,102011.1763346421,147368.67323441646,89963.09122063956,159416.758348419
2024-10-21,Subway,West,130591.78051263961,108249.37705095354,152934.1839743257,96379.9752119328,164803.58581334644
2024-10-28,Subway,West,125950.36723102938,103345.64484792831,148555.08961413044,91336.88608190586,160563.8483801529
2024-11-04,Subway,West,125811.97910924372,103199.18667271038,148424.77154577707,91186.14069080203,160437.81752768543
2024-11-11,Subway,West,126091.53737519278,103495.03262389787,148688.0421264877,91490.63947477244,160692.43527561313
2024-11-18,Subway,West,125382.85434818758,102744.94732556965,148020.7613708055,90718.55921980388,160047.1494765713
2024-11-25,Subway,West,125307.83961795834,102665.5283013609,147950.15093455577,90636.80041441851,159978.87882149816
2024-12-02,Subway,West,130423.55843732119,108071.93385987061,152775.18301477178,96197.63330309998,164649.4835715424
2024-12-09,Subway,West,125711.62622349313,103092.97283693313,148330.27961005314,91076.81322532313,160346.43922166314
2024-12-16,Subway,West,127142.45938050805,104606.66212610471,149678.2566349114,92634.51983470294,161650.39892631315
2024-12-23,Subway,West,112878.4203301998,89450.70769165357,136306.13296874604,77004.7353524259,148752.10530797372
2024-12-30,Subway,West,114869.63883942878,91574.97963499317,138164.2980438644,79199.69193263675,150539.5857462208
2024-01-01,TacoBell,Midwest,58439.619521355686,39460.97604430685,77418.26299840452,29378.57169712466,87500.66734558671
2024-01-08,TacoBell,Midwest,68093.87613633042,49637.74854776957,86550.00372489127,39832.93076634662,96354.82150631423
2024-01-15,TacoBell,Midwest,65952.8061754035,47394.355511263755,84511.25683954325,37535.17859593952,94370.43375486748
2024-01-22,TacoBell,Midwest,66869.69741835564,48356.03374543909,85383.3610912722,38520.64991920217,95218.74491750912
2024-01-29,TacoBell,Midwest,68346.07715340803,49901.47980867861,86790.67449813744,40102.787469291114,96589.36683752494
2024-02-05,TacoBell,Midwest,62689.57257025535,43960.12691916866,81419.01822134203,34010.10891702886,91369.03622348183
2024-02-12,TacoBell,Midwest,71742.95529487397,53442.772145538096,90043.13844420985,43720.799847453425,99765.11074229452
2024-02-19,TacoBell,Midwest,69033.12036172936,50619.3705127109,87446.87021074783,40837.06590541983,97229.1748180389
2024-02-26,TacoBell,Midwest,68237.86978127625,49788.338931697246,86687.40063085526,39987.0256678584,96488.71389469411
2024-03-04,TacoBell,Midwest,63713.81801064483,45039.97603924504,82387.65998204461,35119.497491938906,92308.13852935075
2024-03-11,TacoBell,Midwest,63363.51854410052,44670.85720923099,82056.17987897006,34740.38087508155,91986.6562131195
2024-03-18,TacoBell,Midwest,57848.06908103361,38832.42132820844,76863.71683385878,28730.358459520074,86965.77970254715
2024-03-25,TacoBell,Midwest,55785.33566648528,36636.320538597785,74934.35079437279,26463.406251907552,85107.26508106301
2024-04-01,TacoBell,Midwest,56147.15159793895,37022.013280937725,75272.28991494018,26861.78355003083,85432.51964584707
2024-04-08,TacoBell,Midwest,53954.20813887787,34681.242159252084,73227.17411850365,24442.47898257589,83465.93729517984
2024-04-15,TacoBell,Midwest,59194.07095982927,40261.809080973064,78126.33283868547,30204.044957830713,88184.09696182782
2024-04-22,TacoBell,Midwest,55056.83840707726,35859.13068112207,74254.54613303245,25660.34845170837,84453.32836244615
2024-04-29,TacoBell,Midwest,57641.12475421141,38612.400050522876,76669.84945789994,28503.390051688337,86778.85945673447
2024-05-06,TacoBell,Midwest,51458.079680917224,32007.916078594626,70908.24328323982,21675.016664860745,81241.14269697371
2024-05-13,TacoBell,Midwest,57721.606661968755,38697.97575030368,76745.23757363383,28591.671828481612,86851.5414954559
2024-05-20,TacoBell,Midwest,57009.91179389039,37940.88094908759,76078.94263869319,27810.4583127861,86209.36527499468
2024-05-27,TacoBell,Midwest,50536.00077727871,31018.023205832862,70053.97834872454,20649.097621002256,80422.90393355515
2024-06-03,TacoBell,Midwest,49329.73434315479,29721.155900217746,68938.31278609185,19304.098602407445,79355.37008390215
2024-06-10,TacoBell,Midwest,46354.24041314044,26513.212751682247,66195.26807459863,15972.666806532587,76735.8140197483
2024-06-17,TacoBell,Midwest,40045.551150251515,19671.221235268506,60419.88106523453,8847.35846793378,71243.74383256925
2024-06-24,TacoBell,Midwest,35252.9358207565,14438.82847652788,56067.04316498512,3381.3339499064277,67124.53769160657
2024-07-01,TacoBell,Midwest,45175.016255924325,25238.41062180126,65111.62189004739,14647.088878673381,75702.94363317527
2024-07-08,TacoBell,Midwest,37789.49616638026,17211.734913482782,58367.25741927774,6279.799247880997,69299.19308487952
2024-07-15,TacoBell,Midwest,28584.057401370424,7112.028099892785,50056.086702848064,-4294.98746651721,61463.10226925806
2024-07-22,TacoBell,Midwest,40456.89943097815,20118.957452778195,60794.8414091781,9314.425776859473,71599.37308509683
2024-07-29,TacoBell,Midwest,40169.62197652239,19806.29048910989,60532.953463934886,8988.270636422007,71350.97331662277
2024-08-05,TacoBell,Midwest,40834.57023635513,20529.843377227506,61139.29709548276,9742.957233315956,71926.1832393943
2024-08-12,TacoBell,Midwest,40516.62053206642,20183.943235084505,60849.297829048344,9382.208421062864,71651.03264306998
2024-08-19,TacoBell,Midwest,40909.37616987282,20611.20619890406,61207.54614084158,9827.803401826906,71990.94893791873
2024-08-26,TacoBell,Midwest,39725.66204856945,19322.883367499573,60128.44072963933,8483.9071931812,70967.4169039577
2024-09-02,TacoBell,Midwest,48918.74713915906,29278.81640285735,68558.67787546077,18845.103199197067,78992.39107912105
2024-09-09,TacoBell,Midwest,46552.17393149501,26726.998980262506,66377.34888272751,16194.874787420238,76909.47307556978
2024-09-16,TacoBell,Midwest,49396.90129607173,29793.42343898366,69000.3791531598,19379.075827405624,79414.72676473783
2024-09-23,TacoBell,Midwest,49828.94180751874,30258.115837863632,69399.76777717385,19861.114541484356,79796.76907355312
2024-09-30,TacoBell,Midwest,51417.2880335645,31964.15104991659,70870.42501721242,21629.672027353638,81204.90403977537
2024-10-07,TacoBell,Midwest,58747.709847530496,39788.11732709968,77707.30236796131,29715.833800620818,87779.58589444017
2024-10-14,TacoBell,Midwest,64697.81366583833,46075.73078216871,83319.89654950795,36182.74925021923,93212.87808145743
2024-10-21,TacoBell,Midwest,68685.92781570448,50256.692502801685,87115.16312860727,40466.16124282207,96905.69438858688
2024-10-28,TacoBell,Midwest,64091.01539887565,45437.20734529434,82744.82345245697,35527.37181682926,92654.65898092205
2024-11-04,TacoBell,Midwest,65537.89668098468,46958.70566210115,84117.08769986819,37088.51043331928,93987.28292865006
2024-11-11,TacoBell,Midwest,66851.65062339147,48337.1193733134,85366.18187346954,38501.274646709426,95202.02660007351
2024-11-18,TacoBell,Midwest,71345.8908370846,53029.880972931045,89661.90070123816,43299.500732599474,99392.28094156974
2024-11-25,TacoBell,Midwest,61114.52797895689,42296.17473591829,79932.88122199549,32298.924575554032,89930.13138235974
2024-12-02,TacoBell,Midwest,63932.57070538208,45270.376409553646,82594.76500121052,35356.0856898948,92509.05572086936
2024-12-09,TacoBell,Midwest,61704.75207353939,42920.19580262668,80489.3083444521,32940.9002837043,90468.60386337448
2024-12-16,TacoBell,Midwest,59416.57836283236,40497.82071898965,78335.33600667508,30447.23072069821,88385.92600496652
2024-12-23,TacoBell,Midwest,55813.97754329897,36666.859982710186,74961.09510388775,26494.9537786474,85133.00130795054
2024-12-30,TacoBell,Midwest,49424.90393053247,29823.55062367023,69026.2572373947,19410.33167939967,79439.47618166526
2024-01-01,TacoBell,Northeast,163802.86323838358,127820.99505152018,199784.73142524698,108705.62757724902,218900.09889951814
2024-01-08,TacoBell,Northeast,163802.86323838358,127820.99505152018,199784.73142524698,108705.62757724902,218900.09889951814
2024-01-15,TacoBell,Northeast,163802.86323838358,127820.99505152018,199784.73142524698,108705.62757724902,218900.09889951814
2024-01-22,TacoBell,Northeast,163802.86323838358,127820.99505152018,199784.73142524698,108705.62757724902,218900.09889951814
2024-01-29,TacoBell,Northeast,163802.86323838358,127820.99505152018,199784.73142524698,108705.62757724902,218900.09889951814
2024-02-05,TacoBell,Northeast,163802.86323838358,127820.99505152018,199784.73142524698,108705.62757724902,218900.09889951814
2024-02-12,TacoBell,Northeast,163802.86323838358,127820.99505152018,199784.73142524698,108705.62757724902,218900.09889951814
2024-02-19,TacoBell,Northeast,163802.86323838358,127820.99505152018,199784.73142524698,108705.62757724902,218900.09889951814
2024-02-26,TacoBell,Northeast,163802.86323838358,127820.99505152018,199784.73142524698,108705.62757724902,218900.09889951814
2024-03-04,TacoBell,Northeast,163802.86323838358,127820.99505152018,199784.73142524698,108705.62757724902,218900.09889951814
2024-03-11,TacoBell,Northeast,163802.86323838358,127820.99505152018,199784.73142524698,108705.62757724902,218900.09889951814
2024-03-18,TacoBell,Northeast,163802.86323838358,127820.99505152018,199784.73142524698,108705.62757724902,218900.09889951814
2024-03-25,TacoBell,Northeast,163802.86323838358,127820.99505152018,199784.73142524698,108705.62757724902,218900.09889951814
2024-04-01,TacoBell,Northeast,163802.86323838358,127820.99505152018,199784.73142524698,108705.62757724902,218900.09889951814
2024-04-08,TacoBell,Northeast,163802.86323838358,127820.99505152018,199784.73142524698,108705.62757724902,218900.09889951814
2024-04-15,TacoBell,Northeast,163802.86323838358,127820.99505152018,199784.73142524698,108705.62757724902,218900.09889951814
2024-04-22,TacoBell,Northeast,163802.86323838358,127820.99505152018,199784.73142524698,108705.62757724902,218900.09889951814
2024-04-29,TacoBell,Northeast,163802.86323838358,127820.99505152018,199784.73142524698,108705.62757724902,218900.09889951814
2024-05-06,TacoBell,Northeast,163802.86323838358,127820.99505152018,199784.73142524698,108705.62757724902,218900.09889951814
2024-05-13,TacoBell,Northeast,163802.86323838358,127820.99505152018,199784.73142524698,108705.62757724902,218900.09889951814
2024-05-20,TacoBell,Northeast,163802.86323838358,127820.99505152018,199784.73142524698,108705.62757724902,218900.09889951814
2024-05-27,TacoBell,Northeast,163802.86323838358,127820.99505152018,199784.73142524698,108705.62757724902,218900.09889951814
2024-06-03,TacoBell,Northeast,163802.86323838358,127820.99505152018,199784.73142524698,108705.62757724902,218900.09889951814
2024-06-10,TacoBell,Northeast,163802.86323838358,127820.99505152018,199784.73142524698,108705.62757724902,218900.09889951814
2024-06-17,TacoBell,Northeast,163802.86323838358,127820.99505152018,199784.73142524698,108705.62757724902,218900.09889951814
2024-06-24,TacoBell,Northeast,163802.86323838358,127820.99505152018,199784.73142524698,108705.62757724902,218900.09889951814
2024-07-01,TacoBell,Northeast,163802.86323838358,127820.99505152018,199784.73142524698,108705.62757724902,218900.09889951814
2024-07-08,TacoBell,Northeast,163802.86323838358,127820.99505152018,199784.73142524698,108705.62757724902,218900.09889951814
2024-07-15,TacoBell,Northeast,163802.86323838358,127820.99505152018,199784.73142524698,108705.62757724902,218900.09889951814
2024-07-22,TacoBell,Northeast,163802.86323838358,127820.99505152018,199784.73142524698,108705.62757724902,218900.09889951814
2024-07-29,TacoBell,Northeast,163802.86323838358,127820.99505152018,199784.73142524698,108705.62757724902,218900.09889951814
2024-08-05,TacoBell,Northeast,163802.86323838358,127820.99505152018,199784.73142524698,108705.62757724902,218900.09889951814
2024-08-12,TacoBell,Northeast,163802.86323838358,127820.99505152018,199784.73142524698,108705.62757724902,218900.09889951814
2024-08-19,TacoBell,Northeast,163802.86323838358,127820.99505152018,199784.73142524698,108705.62757724902,218900.09889951814
2024-08-26,TacoBell,Northeast,163802.86323838358,127820.99505152018,199784.73142524698,108705.62757724902,218900.09889951814
2024-09-02,TacoBell,Northeast,163802.86323838358,127820.99505152018,199784.73142524698,108705.62757724902,218900.09889951814
2024-09-09,TacoBell,Northeast,163802.86323838358,127820.99505152018,199784.73142524698,108705.62757724902,218900.09889951814
2024-09-16,TacoBell,Northeast,163802.86323838358,127820.99505152018,199784.73142524698,108705.62757724902,218900.09889951814
2024-09-23,TacoBell,Northeast,163802.86323838358,127820.99505152018,199784.73142524698,108705.62757724902,218900.09889951814
2024-09-30,TacoBell,Northeast,163802.86323838358,127820.99505152018,199784.73142524698,108705.62757724902,218900.09889951814
2024-10-07,TacoBell,Northeast,163802.86323838358,127820.99505152018,199784.73142524698,108705.62757724902,218900.09889951814
2024-10-14,TacoBell,Northeast,163802.86323838358,127820.99505152018,199784.73142524698,108705.62757724902,218900.09889951814
2024-10-21,TacoBell,Northeast,163802.86323838358,127820.99505152018,199784.73142524698,108705.62757724902,218900.09889951814
2024-10-28,TacoBell,Northeast,163802.86323838358,127820.99505152018,199784.73142524698,108705.62757724902,218900.09889951814
2024-11-04,TacoBell,Northeast,163802.86323838358,127820.99505152018,199784.73142524698,108705.62757724902,218900.09889951814
2024-11-11,TacoBell,Northeast,163802.86323838358,127820.99505152018,199784.73142524698,108705.62757724902,218900.09889951814
2024-11-18,TacoBell,Northeast,163802.86323838358,127820.99505152018,199784.73142524698,108705.62757724902,218900.09889951814
2024-11-25,TacoBell,Northeast,163802.86323838358,127820.99505152018,199784.73142524698,108705.62757724902,218900.09889951814
2024-12-02,TacoBell,Northeast,163802.86323838358,127820.99505152018,199784.73142524698,108705.62757724902,218900.09889951814
2024-12-09,TacoBell,Northeast,163802.86323838358,127820.99505152018,199784.73142524698,108705.62757724902,218900.09889951814
2024-12-16,TacoBell,Northeast,163802.86323838358,127820.99505152018,199784.73142524698,108705.62757724902,218900.09889951814
2024-12-23,TacoBell,Northeast,163802.86323838358,127820.99505152018,199784.73142524698,108705.62757724902,218900.09889951814
2024-12-30,TacoBell,Northeast,163802.86323838358,127820.99505152018,199784.73142524698,108705.62757724902,218900.09889951814
2024-01-01,TacoBell,South,23279.37384206585,10776.9957739017,35781.75191023,4135.107425189497,42423.6402589422
2024-01-08,TacoBell,South,24046.506551360664,11577.495976403452,36515.51712631788,4953.334108457435,43139.67899426389
2024-01-15,TacoBell,South,22519.033443564833,9980.192589707161,35057.8742974225,3318.9333860952756,41719.13350103439
2024-01-22,TacoBell,South,22483.813851210274,9943.20268612776,35024.425016292786,3281.0030046776774,41686.62469774287
2024-01-29,TacoBell,South,19399.497540656488,6676.383657088141,32122.611424224837,-82.77059355754318,38881.76567487052
2024-02-05,TacoBell,South,19772.44946416703,7074.254003010747,32470.644925323315,328.337664271472,39216.56126406259
2024-02-12,TacoBell,South,17419.429879666022,4551.226463016632,30287.633296315413,-2285.006602078356,37123.8663614104
2024-02-19,TacoBell,South,16026.936120057104,3044.080288004854,29009.791952109354,-3853.0618727729016,35906.93411288711
2024-02-26,TacoBell,South,16407.317076642328,3456.7957266770663,29357.83842660759,-3423.1687404919794,36237.802893776636
2024-03-04,TacoBell,South,17408.954209907162,4539.926696586561,30277.981723227764,-2296.744169865011,37114.65258967933
2024-03-11,TacoBell,South,19434.643598684434,6713.910926585926,32155.37627078294,-43.97830546640398,38913.265502835275
2024-03-18,TacoBell,South,18073.62164532261,5255.713145195936,30891.530145449287,-1553.800745496359,37701.04403614158
2024-03-25,TacoBell,South,18696.746699739786,5924.588740101384,31468.90465937819,-860.6201759565156,38254.11357543609
2024-04-01,TacoBell,South,19086.40653476437,6341.778552974694,31831.034516554046,-428.8050623510717,38601.61813187981
2024-04-08,TacoBell,South,16608.027994925273,3674.2621612204057,29541.79382863014,-3196.800937935306,36412.85692778585
2024-04-15,TacoBell,South,16521.969473215002,3581.045373825189,29462.893572604815,-3293.820553975649,36337.75950040565
2024-04-22,TacoBell,South,16350.066512001194,3394.727005475359,29305.40601852703,-3487.7971073664885,36187.93013136888
2024-04-29,TacoBell,South,16140.750436820685,3167.648812112211,29113.852061529156,-3724.3114260141647,36005.81229965553
2024-05-06,TacoBell,South,16944.143031198004,4037.9601229422715,29850.325939453738,-2818.449547068587,36706.735609464595
2024-05-13,TacoBell,South,18925.45400635827,6169.555672251883,31681.352340464662,-607.0153177421344,38457.92333045868
2024-05-20,TacoBell,South,13776.75150674405,587.3788438162992,26966.124169671803,-6419.475383364068,33972.978396852166
2024-05-27,TacoBell,South,14070.076005131326,909.0778507058094,27231.074159556843,-6082.702418832745,34222.8544290954
2024-06-03,TacoBell,South,12175.389169465903,-1176.36145806288,25527.139796994685,-8269.478978937546,32620.257317869353
2024-06-10,TacoBell,South,12131.211673425129,-1225.1949349681345,25487.61828181839,-8320.785945677053,32583.20929252731
2024-06-17,TacoBell,South,12690.25845184259,-607.9213017675393,25988.43820545272,-7672.579295872918,33053.0961995581
2024-06-24,TacoBell,South,13804.762706732374,618.1182095084678,26991.40720395628,-6387.286679641733,33996.81209310648
2024-07-01,TacoBell,South,14032.17343552292,867.5329787086939,27196.813892337144,-6126.182263973864,34190.52913501971
2024-07-08,TacoBell,South,15819.732894256353,2818.9458418601353,28820.51994665257,-4087.7222797253544,35727.18806823806
2024-07-15,TacoBell,South,12904.503547326989,-371.7626480959807,26180.76974274996,-7424.779064414433,33233.78615906841
2024-07-22,TacoBell,South,12861.508020057088,-419.13795491357996,26142.15399502776,-7474.481129116746,33197.49716923092
2024-07-29,TacoBell,South,16069.845877467613,3090.6754734184706,29049.016281516757,-3804.508803732637,35944.200558667864
2024-08-05,TacoBell,South,16836.888303000793,3921.968614100895,29751.807991900692,-2939.082470627174,36612.85907662876
2024-08-12,TacoBell,South,17516.349218590345,4655.742336876017,30376.956100304673,-2176.4550690347205,37209.153506215414
2024-08-19,TacoBell,South,17647.899371468047,4797.522750405353,30498.27599253074,-2029.2398295342027,37325.038572470294
2024-08-26,TacoBell,South,16890.92823032122,3980.4181630429593,29801.43829759948,-2878.2903101986158,36660.14677084106
2024-09-02,TacoBell,South,18669.44938007239,5895.331596872818,31443.56716327196,-890.9184754519556,38229.81723559674
2024-09-09,TacoBell,South,19157.447339132275,6417.748431938759,31897.146246325792,-350.2166125077965,38665.11129077234
2024-09-16,TacoBell,South,18445.346175431292,5654.98475633542,31235.707594527164,-1139.8947475592613,38030.58709842185
2024-09-23,TacoBell,South,20731.352968008054,8093.656263267812,33369.0496727483,1379.8798888745623,40082.82604714154
2024-09-30,TacoBell,South,22822.434399678277,10298.546318209023,35346.32248114753,3645.230774928481,41999.63802442807
2024-10-07,TacoBell,South,22171.478237343043,9614.853841666789,34728.1026330193,2944.147131463782,41398.8093432223
2024-10-14,TacoBell,South,21918.587550935794,9348.585579109878,34488.58952276171,2670.772031577362,41166.403070294225
2024-10-21,TacoBell,South,22207.874832161244,9653.145450452428,34762.60421387006,2983.44546641962,41432.304197902864
2024-10-28,TacoBell,South,24175.65220400288,11711.919065693277,36639.38534231248,5090.560835966298,43260.74357203946
2024-11-04,TacoBell,South,23333.710354195548,10833.809139510971,35833.61156888012,4193.236619209791,42474.184089181304
2024-11-11,TacoBell,South,24714.11916524364,12271.329317014826,37156.909013472454,5661.097210143271,43767.14112034401
2024-11-18,TacoBell,South,25006.9667562536,12574.846515839505,37439.0869966677,5970.2826381195155,44043.65087438769
2024-11-25,TacoBell,South,25157.69944953094,12730.872544893591,37584.526354168294,6129.120751805,44186.27814725688
2024-12-02,TacoBell,South,25450.023842044386,13033.07737343663,37866.97031065214,6436.57456198876,44463.47312210001
2024-12-09,TacoBell,South,24190.209734862772,11727.065316274731,36653.35415345081,5106.019843899834,43274.39962582571
2024-12-16,TacoBell,South,24573.180643588857,12125.074686212296,37021.28660096542,5512.0183963559975,43634.34289082172
2024-12-23,TacoBell,South,24974.325473523575,12541.041177570714,37407.60976947643,5935.858895345758,44012.79205170139
2024-12-30,TacoBell,South,24621.00263660215,12174.713673145445,37067.29160005885,5562.622661309073,43679.38261189523
2024-01-01,TacoBell,Southwest,40042.6034931579,15481.504067968672,64603.702918347124,2433.4199983368962,77651.7869879789
2024-01-08,TacoBell,Southwest,40042.6034931579,15481.504067968672,64603.702918347124,2433.4199983368962,77651.7869879789
2024-01-15,TacoBell,Southwest,40042.6034931579,15481.504067968672,64603.702918347124,2433.4199983368962,77651.7869879789
2024-01-22,TacoBell,Southwest,40042.6034931579,15481.504067968672,64603.702918347124,2433.4199983368962,77651.7869879789
2024-01-29,TacoBell,Southwest,40042.6034931579,15481.504067968672,64603.702918347124,2433.4199983368962,77651.7869879789
2024-02-05,TacoBell,Southwest,40042.6034931579,15481.504067968672,64603.702918347124,2433.4199983368962,77651.7869879789
2024-02-12,TacoBell,Southwest,40042.6034931579,15481.504067968672,64603.702918347124,2433.4199983368962,77651.7869879789
2024-02-19,TacoBell,Southwest,40042.6034931579,15481.504067968672,64603.702918347124,2433.4199983368962,77651.7869879789
2024-02-26,TacoBell,Southwest,40042.6034931579,15481.504067968672,64603.702918347124,2433.4199983368962,77651.7869879789
2024-03-04,TacoBell,Southwest,40042.6034931579,15481.504067968672,64603.702918347124,2433.4199983368962,77651.7869879789
2024-03-11,TacoBell,Southwest,40042.6034931579,15481.504067968672,64603.702918347124,2433.4199983368962,77651.7869879789
2024-03-18,TacoBell,Southwest,40042.6034931579,15481.504067968672,64603.702918347124,2433.4199983368962,77651.7869879789
2024-03-25,TacoBell,Southwest,40042.6034931579,15481.504067968672,64603.702918347124,2433.4199983368962,77651.7869879789
2024-04-01,TacoBell,Southwest,40042.6034931579,15481.504067968672,64603.702918347124,2433.4199983368962,77651.7869879789
2024-04-08,TacoBell,Southwest,40042.6034931579,15481.504067968672,64603.702918347124,2433.4199983368962,77651.7869879789
2024-04-15,TacoBell,Southwest,40042.6034931579,15481.504067968672,64603.702918347124,2433.4199983368962,77651.7869879789
2024-04-22,TacoBell,Southwest,40042.6034931579,15481.504067968672,64603.702918347124,2433.4199983368962,77651.7869879789
2024-04-29,TacoBell,Southwest,40042.6034931579,15481.504067968672,64603.702918347124,2433.4199983368962,77651.7869879789
2024-05-06,TacoBell,Southwest,40042.6034931579,15481.504067968672,64603.702918347124,2433.4199983368962,77651.7869879789
2024-05-13,TacoBell,Southwest,40042.6034931579,15481.504067968672,64603.702918347124,2433.4199983368962,77651.7869879789
2024-05-20,TacoBell,Southwest,40042.6034931579,15481.504067968672,64603.702918347124,2433.4199983368962,77651.7869879789
2024-05-27,TacoBell,Southwest,40042.6034931579,15481.504067968672,64603.702918347124,2433.4199983368962,77651.7869879789
2024-06-03,TacoBell,Southwest,40042.6034931579,15481.504067968672,64603.702918347124,2433.4199983368962,77651.7869879789
2024-06-10,TacoBell,Southwest,40042.6034931579,15481.504067968672,64603.702918347124,2433.4199983368962,77651.7869879789
2024-06-17,TacoBell,Southwest,40042.6034931579,15481.504067968672,64603.702918347124,2433.4199983368962,77651.7869879789
2024-06-24,TacoBell,Southwest,40042.6034931579,15481.504067968672,64603.702918347124,2433.4199983368962,77651.7869879789
2024-07-01,TacoBell,Southwest,40042.6034931579,15481.504067968672,64603.702918347124,2433.4199983368962,77651.7869879789
2024-07-08,TacoBell,Southwest,40042.6034931579,15481.504067968672,64603.702918347124,2433.4199983368962,77651.7869879789
2024-07-15,TacoBell,Southwest,40042.6034931579,15481.504067968672,64603.702918347124,2433.4199983368962,77651.7869879789
2024-07-22,TacoBell,Southwest,40042.6034931579,15481.504067968672,64603.702918347124,2433.4199983368962,77651.7869879789
2024-07-29,TacoBell,Southwest,40042.6034931579,15481.504067968672,64603.702918347124,2433.4199983368962,77651.7869879789
2024-08-05,TacoBell,Southwest,40042.6034931579,15481.504067968672,64603.702918347124,2433.4199983368962,77651.7869879789
2024-08-12,TacoBell,Southwest,40042.6034931579,15481.504067968672,64603.702918347124,2433.4199983368962,77651.7869879789
2024-08-19,TacoBell,Southwest,40042.6034931579,15481.504067968672,64603.702918347124,2433.4199983368962,77651.7869879789
2024-08-26,TacoBell,Southwest,40042.6034931579,15481.504067968672,64603.702918347124,2433.4199983368962,77651.7869879789
2024-09-02,TacoBell,Southwest,40042.6034931579,15481.504067968672,64603.702918347124,2433.4199983368962,77651.7869879789
2024-09-09,TacoBell,Southwest,40042.6034931579,15481.504067968672,64603.702918347124,2433.4199983368962,77651.7869879789
2024-09-16,TacoBell,Southwest,40042.6034931579,15481.504067968672,64603.702918347124,2433.4199983368962,77651.7869879789
2024-09-23,TacoBell,Southwest,40042.6034931579,15481.504067968672,64603.702918347124,2433.4199983368962,77651.7869879789
2024-09-30,TacoBell,Southwest,40042.6034931579,15481.504067968672,64603.702918347124,2433.4199983368962,77651.7869879789
2024-10-07,TacoBell,Southwest,40042.6034931579,15481.504067968672,64603.702918347124,2433.4199983368962,77651.7869879789
2024-10-14,TacoBell,Southwest,40042.6034931579,15481.504067968672,64603.702918347124,2433.4199983368962,77651.7869879789
2024-10-21,TacoBell,Southwest,40042.6034931579,15481.504067968672,64603.702918347124,2433.4199983368962,77651.7869879789
2024-10-28,TacoBell,Southwest,40042.6034931579,15481.504067968672,64603.702918347124,2433.4199983368962,77651.7869879789
2024-11-04,TacoBell,Southwest,40042.6034931579,15481.504067968672,64603.702918347124,2433.4199983368962,77651.7869879789
2024-11-11,TacoBell,Southwest,40042.6034931579,15481.504067968672,64603.702918347124,2433.4199983368962,77651.7869879789
2024-11-18,TacoBell,Southwest,40042.6034931579,15481.504067968672,64603.702918347124,2433.4199983368962,77651.7869879789
2024-11-25,TacoBell,Southwest,40042.6034931579,15481.504067968672,64603.702918347124,2433.4199983368962,77651.7869879789
2024-12-02,TacoBell,Southwest,40042.6034931579,15481.504067968672,64603.702918347124,2433.4199983368962,77651.7869879789
2024-12-09,TacoBell,Southwest,40042.6034931579,15481.504067968672,64603.702918347124,2433.4199983368962,77651.7869879789
2024-12-16,TacoBell,Southwest,40042.6034931579,15481.504067968672,64603.702918347124,2433.4199983368962,77651.7869879789
2024-12-23,TacoBell,Southwest,40042.6034931579,15481.504067968672,64603.702918347124,2433.4199983368962,77651.7869879789
2024-12-30,TacoBell,Southwest,40042.6034931579,15481.504067968672,64603.702918347124,2433.4199983368962,77651.7869879789
2024-01-01,TacoBell,West,27762.179588852665,21459.712125435017,34064.64705227032,18111.52628549439,37412.832892210936
2024-01-08,TacoBell,West,26754.3015242821,20428.767818867123,33079.83522969708,17068.328037865416,36440.27501069878
2024-01-15,TacoBell,West,27631.34680992597,21325.998239750916,33936.695380101024,17976.281811845416,37286.411808006524
2024-01-22,TacoBell,West,25539.859487981306,19183.892000398253,31895.82697556436,15807.284272619754,35272.43470334286
2024-01-29,TacoBell,West,26901.634290981405,20579.597100252606,33223.671481710204,17221.014842677934,36582.253739284875
2024-02-05,TacoBell,West,25467.561373903613,19109.691907906905,31825.43083990032,15732.073754096155,35203.04899371107
2024-02-12,TacoBell,West,26537.8778557261,20207.130906278537,32868.62480517366,16843.921589384518,36231.83412206768
2024-02-19,TacoBell,West,24103.059474018744,17707.4134301484,30498.705517889088,14309.726469342282,33896.392478695205
2024-02-26,TacoBell,West,21208.313833721582,14720.932033292453,27695.69563415071,11274.510451814478,31142.117215628685
2024-03-04,TacoBell,West,23309.268916291363,16890.019691760543,29728.518140822183,13479.793541228544,33138.74429135418
2024-03-11,TacoBell,West,22305.639559418403,15854.859439473628,28756.419679363178,12427.882500752965,32183.39661808384
2024-03-18,TacoBell,West,20455.374621199862,13941.611594947202,26969.137647452524,10481.174987250477,30429.574255149248
2024-03-25,TacoBell,West,19478.829101119307,12929.337782480874,26028.32041975774,9449.920519454208,29507.737682784405
2024-04-01,TacoBell,West,18629.301205017833,12047.359464268211,25211.242945767455,8550.702914494974,28707.899495540692
2024-04-08,TacoBell,West,21226.059156553045,14739.286746820242,27712.831566285848,11293.18890414969,31158.9294089564
2024-04-15,TacoBell,West,20665.954541828964,14159.672683956258,27172.23639970167,10703.210446961384,30628.698636696543
2024-04-22,TacoBell,West,19008.06721320949,12440.749724955585,25575.384701463398,8951.862309320699,29064.272117098284
2024-04-29,TacoBell,West,18057.751146062168,11453.270226512319,24662.232065612017,7944.639738001462,28170.862554122876
2024-05-06,TacoBell,West,16085.960781977756,9399.445073717068,22772.47649023844,5847.233603703578,26324.687960251933
2024-05-13,TacoBell,West,11761.074813621915,4872.40138839301,18649.74823885082,1212.7936312401544,22309.355996003676
2024-05-20,TacoBell,West,14504.345210072184,7747.35761683443,21261.33280330994,4157.707957926874,24850.982462217493
2024-05-27,TacoBell,West,11246.662437581108,4332.004651544833,18161.320223617382,658.592702713062,21834.732172449156
2024-06-03,TacoBell,West,12841.960097430336,6006.572590891685,19677.347603968985,2375.2729780430273,23308.647216817644
2024-06-10,TacoBell,West,12343.957382349941,5484.241845081798,19203.672919618086,1840.0179659080968,22847.896798791786
2024-06-17,TacoBell,West,13453.02314035752,6646.960528687948,20259.08575202709,3031.2397662384883,23874.80651447655
2024-06-24,TacoBell,West,12879.175141567637,6045.5902302640125,19712.76005287126,2415.2482461339623,23343.102037001314
2024-07-01,TacoBell,West,14769.2727570698,8024.373204299137,21514.172309840465,4441.145316889722,25097.40019724988
2024-07-08,TacoBell,West,12486.861616226812,5634.166258233094,19339.55697422053,1993.6718492989312,22980.051383154692
2024-07-15,TacoBell,West,15790.131472880905,9090.745975222897,22489.516970538913,5531.697429592079,26048.56551616973
2024-07-22,TacoBell,West,16123.59135802036,9438.702350354786,22808.480365685933,5887.355065032449,26359.827651008272
2024-07-29,TacoBell,West,11941.840490280545,5062.202999478645,18821.477981082444,1407.3955824901368,22476.285398070955
2024-08-05,TacoBell,West,13870.192802442638,7083.813456302157,20656.57214858312,3478.5494286650264,24261.836176220248
2024-08-12,TacoBell,West,14409.038981581063,7647.675173164892,21170.402789997235,4055.700649943801,24762.377313218327
2024-08-19,TacoBell,West,14768.992255736317,8024.079964166413,21513.90454730622,4440.845309269904,25097.13920220273
2024-08-26,TacoBell,West,17047.693632076986,10402.010432561612,23693.37683159236,6871.491232819071,27223.8960313349
2024-09-02,TacoBell,West,19682.63081395856,13140.735707490785,26224.525920426335,9665.353932179778,29699.90769573734
2024-09-09,TacoBell,West,21274.103520604418,14788.978128359842,27759.228912848994,11343.75526372991,31204.451777478927
2024-09-16,TacoBell,West,18361.395236837223,11768.95891948356,24953.831554190885,8266.72712588943,28456.063347785013
2024-09-23,TacoBell,West,18666.896927222286,12086.417941236934,25247.375913207637,8590.538479932215,28743.25537451236
2024-09-30,TacoBell,West,20661.30105645135,14154.854737689298,27167.747375213403,10698.305130846958,30624.29698205574
2024-10-07,TacoBell,West,22351.49800200622,15902.199368551886,28800.796635460556,12476.009469529272,32226.98653448317
2024-10-14,TacoBell,West,22768.58214089769,16332.578979356957,29204.585302438427,12913.45229978844,32623.711982006942
2024-10-21,TacoBell,West,22331.04507725464,15881.0861787695,28781.00397573978,12454.54551394927,32207.54464056001
2024-10-28,TacoBell,West,22852.42102872864,16419.051442797092,29285.79061466019,13001.323850270956,32703.518207186324
2024-11-04,TacoBell,West,23716.815379314634,17309.832754708965,30123.798003920303,13906.123235387204,33527.507523242064
2024-11-11,TacoBell,West,25543.41257632404,19187.538301419772,31899.28685122831,15810.980092876878,35275.84505977121
2024-11-18,TacoBell,West,25907.808546266864,19561.364336187995,32254.252756345733,16189.815849583596,35625.80124295013
2024-11-25,TacoBell,West,26725.621541389533,20399.402255394423,33051.84082738464,17038.598259709524,36412.64482306954
2024-12-02,TacoBell,West,29218.32618748885,22945.627276420186,35491.02509855751,19613.25597991496,38823.39639506274
2024-12-09,TacoBell,West,28877.55396289607,22598.26798580438,35156.83993998776,19262.397310474422,38492.710615317716
2024-12-16,TacoBell,West,29945.852912980714,23686.43572976463,36205.27009619679,20361.12035118109,39530.58547478034
2024-12-23,TacoBell,West,27897.993356677456,21598.48084010233,34197.50587325259,18251.86481567179,37544.12189768312
2024-12-30,TacoBell,West,27043.353648598677,20724.639581911728,33362.06771528562,17367.822733984285,36718.88456321307
2024-01-01,Wendys,Midwest,81242.51872001757,62304.04794356224,100180.9894964729,52242.985343570355,110242.05209646479
2024-01-08,Wendys,Midwest,81982.81226179698,63406.29547127447,100559.32905231949,53537.520926309386,110428.10359728457
2024-01-15,Wendys,Midwest,82453.88245212148,64069.48431007491,100838.28059416806,54302.77279711267,110604.9921071303
2024-01-22,Wendys,Midwest,82567.34967145509,64224.64944622116,100910.04989668902,54480.08995156564,110654.60939134454
2024-01-29,Wendys,Midwest,83092.51103747915,64919.13612973808,101265.88594522023,55264.53071000064,110920.49136495768
2024-02-05,Wendys,Midwest,82690.90395647223,64391.55754678571,100990.25036615875,54670.02976663975,110711.77814630471
2024-02-12,Wendys,Midwest,82606.98703517845,64278.42876783716,100935.54530251973,54541.38218831211,110672.59188204478
2024-02-19,Wendys,Midwest,82819.35097892818,64562.792333801604,101075.90962405477,54863.99555357812,110774.70640427824
2024-02-26,Wendys,Midwest,82857.07409886303,64612.6371785382,101101.51101918786,54920.28006461564,110793.86813311042
2024-03-04,Wendys,Midwest,83054.09033923133,64869.66148952948,101238.51918893319,55209.18366312537,110898.9970153373
2024-03-11,Wendys,Midwest,83248.38314790066,65117.66949126088,101379.09680454044,55485.727861171,111011.03843463032
2024-03-18,Wendys,Midwest,83155.98599363044,65000.40748446109,101311.5645027998,55355.256401464874,110956.71558579602
2024-03-25,Wendys,Midwest,83689.56635866895,65660.42887297232,101718.70384436558,56082.44958369598,111296.68313364191
2024-04-01,Wendys,Midwest,83917.04334294033,65929.09236384831,101904.99432203236,56372.99340620567,111461.093279675
2024-04-08,Wendys,Midwest,84245.46428710055,66303.41096641416,102187.51760778694,56771.69513979951,111719.2334344016
2024-04-15,Wendys,Midwest,84222.80671954405,66278.10399281546,102167.50944627264,56744.980669240904,111700.6327698472
2024-04-22,Wendys,Midwest,84263.29677267662,66323.27462846975,102203.3189168835,56792.63786435986,111733.95568099339
2024-04-29,Wendys,Midwest,84273.96671885642,66335.13715456061,102212.79628315223,56805.13394852847,111742.79948918437
2024-05-06,Wendys,Midwest,84112.50540627516,66153.80875025496,102071.20206229536,56613.251151744225,111611.7596608061
2024-05-13,Wendys,Midwest,84090.67535235207,66128.99376641477,102052.35693828938,56586.85042388558,111594.50028081857
2024-05-20,Wendys,Midwest,83953.93319351335,65971.93863678543,101935.92775024127,56419.00402852372,111488.86235850299
2024-05-27,Wendys,Midwest,83758.5577888234,65742.72054507252,101774.39503257428,56171.807009329874,111345.30856831692
2024-06-03,Wendys,Midwest,83242.06827280346,65109.69458832477,101374.44195728215,55476.87106844546,111007.26547716145
2024-06-10,Wendys,Midwest,83527.21682076144,65464.01481370527,101590.41882781763,55867.938747456676,111186.49489406621
2024-06-17,Wendys,Midwest,83652.78559517725,65616.27049693622,101689.30069341828,56034.37185099567,111271.19933935883
2024-06-24,Wendys,Midwest,84060.4838636664,66094.55692879451,102026.4107985383,56550.15824464382,111570.80948268899
2024-07-01,Wendys,Midwest,83835.34903089066,65833.48828631113,101837.2097754702,56269.99976575325,111400.69829602807
2024-07-08,Wendys,Midwest,83844.05607752592,65843.72496370875,101844.38719134309,56281.049059493365,111407.06309555848
2024-07-15,Wendys,Midwest,83959.8676475823,65978.81241504758,101940.92288011702,56426.376822763516,111493.35847240109
2024-07-22,Wendys,Midwest,84206.6339617246,66259.99314679574,102153.27477665346,56725.84021386478,111687.42770958442
2024-07-29,Wendys,Midwest,84050.82728310511,66083.51381668609,102018.14074952414,56538.37853765098,111563.27602855925
2024-08-05,Wendys,Midwest,83857.23008564067,65859.191986869,101855.26818441233,56297.734246896565,111416.72592438477
2024-08-12,Wendys,Midwest,83716.18496631569,65692.26230259535,101740.10763003603,56117.05338749392,111315.31654513747
2024-08-19,Wendys,Midwest,83816.95147731631,65811.8217644179,101822.08119021473,56246.59660444062,111387.306350192
2024-08-26,Wendys,Midwest,83362.98834256845,65261.395246519285,101464.58143861762,55644.92391424317,111081.05277089373
2024-09-02,Wendys,Midwest,83034.6302415833,64844.5215930892,101224.73889007741,55181.02637357671,110888.2341095899
2024-09-09,Wendys,Midwest,82881.99006829834,64645.448462593995,101118.53167400269,54957.28573456356,110806.69440203313
2024-09-16,Wendys,Midwest,83009.40288558308,64811.85021871174,101206.95555245443,55144.40036443634,110874.40540672983
2024-09-23,Wendys,Midwest,82914.29883814041,64687.86340718652,101140.7342690943,55005.06958449226,110823.52809178857
2024-09-30,Wendys,Midwest,83205.52665327261,65063.43359194034,101347.61971460488,55425.44665310757,110985.60665343766
2024-10-07,Wendys,Midwest,83211.7000596527,65071.26258360014,101352.13753570527,55434.15517444722,110989.24494485819
2024-10-14,Wendys,Midwest,82628.4784132283,64307.495742686224,100949.46108377037,54574.47369896075,110682.48312749584
2024-10-21,Wendys,Midwest,82720.43044616598,64431.12636388627,101009.73452844568,54714.933570175184,110725.92732215677
2024-10-28,Wendys,Midwest,82837.3297770201,64586.573567809755,101088.08598623045,54890.859331666754,110783.80022237345
2024-11-04,Wendys,Midwest,82650.17609471938,64336.77588937025,100963.57630006853,54607.782030278526,110692.57015916024
2024-11-11,Wendys,Midwest,82497.38212238073,64129.18196070337,100865.5822840581,54371.07562481228,110623.68861994919
2024-11-18,Wendys,Midwest,82290.20082007309,63842.49990008162,100737.90174006457,54042.158786336135,110538.24285381005
2024-11-25,Wendys,Midwest,81847.10578347751,63209.649469552096,100484.56209740293,53308.500802779214,110385.7107641758
2024-12-02,Wendys,Midwest,81850.8780038238,63215.14895522015,100486.60705242745,53314.91789814946,110386.83810949815
2024-12-09,Wendys,Midwest,82037.63130238137,63485.02849737343,100590.23410738932,53628.958257212966,110446.30434754977
2024-12-16,Wendys,Midwest,81912.80760472933,63305.16348371129,100520.45172574738,53419.85254442045,110405.7626650382
2024-12-23,Wendys,Midwest,81769.22820191912,63095.688768369204,100442.76763546903,53175.37094429582,110363.08545954242
2024-12-30,Wendys,Midwest,82119.85160232332,63602.35319020283,100637.35001444381,53764.93215876382,110474.77104588284
2024-01-01,Wendys,Northeast,59645.72818800299,49798.82865756664,69492.62771843934,44567.66328202233,74723.79309398365
2024-01-08,Wendys,Northeast,59645.72818800299,49798.82865756664,69492.62771843934,44567.66328202233,74723.79309398365
2024-01-15,Wendys,Northeast,59645.72818800299,49798.82865756664,69492.62771843934,44567.66328202233,74723.79309398365
2024-01-22,Wendys,Northeast,59645.72818800299,49798.82865756664,69492.62771843934,44567.66328202233,74723.79309398365
2024-01-29,Wendys,Northeast,59645.72818800299,49798.82865756664,69492.62771843934,44567.66328202233,74723.79309398365
2024-02-05,Wendys,Northeast,59645.72818800299,49798.82865756664,69492.62771843934,44567.66328202233,74723.79309398365
2024-02-12,Wendys,Northeast,59645.72818800299,49798.82865756664,69492.62771843934,44567.66328202233,74723.79309398365
2024-02-19,Wendys,Northeast,59645.72818800299,49798.82865756664,69492.62771843934,44567.66328202233,74723.79309398365
2024-02-26,Wendys,Northeast,59645.72818800299,49798.82865756664,69492.62771843934,44567.66328202233,74723.79309398365
2024-03-04,Wendys,Northeast,59645.72818800299,49798.82865756664,69492.62771843934,44567.66328202233,74723.79309398365
2024-03-11,Wendys,Northeast,59645.72818800299,49798.82865756664,69492.62771843934,44567.66328202233,74723.79309398365
2024-03-18,Wendys,Northeast,59645.72818800299,49798.82865756664,69492.62771843934,44567.66328202233,74723.79309398365
2024-03-25,Wendys,Northeast,59645.72818800299,49798.82865756664,69492.62771843934,44567.66328202233,74723.79309398365
2024-04-01,Wendys,Northeast,59645.72818800299,49798.82865756664,69492.62771843934,44567.66328202233,74723.79309398365
2024-04-08,Wendys,Northeast,59645.72818800299,49798.82865756664,69492.62771843934,44567.66328202233,74723.79309398365
2024-04-15,Wendys,Northeast,59645.72818800299,49798.82865756664,69492.62771843934,44567.66328202233,74723.79309398365
2024-04-22,Wendys,Northeast,59645.72818800299,49798.82865756664,69492.62771843934,44567.66328202233,74723.79309398365
2024-04-29,Wendys,Northeast,59645.72818800299,49798.82865756664,69492.62771843934,44567.66328202233,74723.79309398365
2024-05-06,Wendys,Northeast,59645.72818800299,49798.82865756664,69492.62771843934,44567.66328202233,74723.79309398365
2024-05-13,Wendys,Northeast,59645.72818800299,49798.82865756664,69492.62771843934,44567.66328202233,74723.79309398365
2024-05-20,Wendys,Northeast,59645.72818800299,49798.82865756664,69492.62771843934,44567.66328202233,74723.79309398365
2024-05-27,Wendys,Northeast,59645.72818800299,49798.82865756664,69492.62771843934,44567.66328202233,74723.79309398365
2024-06-03,Wendys,Northeast,59645.72818800299,49798.82865756664,69492.62771843934,44567.66328202233,74723.79309398365
2024-06-10,Wendys,Northeast,59645.72818800299,49798.82865756664,69492.62771843934,44567.66328202233,74723.79309398365
2024-06-17,Wendys,Northeast,59645.72818800299,49798.82865756664,69492.62771843934,44567.66328202233,74723.79309398365
2024-06-24,Wendys,Northeast,59645.72818800299,49798.82865756664,69492.62771843934,44567.66328202233,74723.79309398365
2024-07-01,Wendys,Northeast,59645.72818800299,49798.82865756664,69492.62771843934,44567.66328202233,74723.79309398365
2024-07-08,Wendys,Northeast,59645.72818800299,49798.82865756664,69492.62771843934,44567.66328202233,74723.79309398365
2024-07-15,Wendys,Northeast,59645.72818800299,49798.82865756664,69492.62771843934,44567.66328202233,74723.79309398365
2024-07-22,Wendys,Northeast,59645.72818800299,49798.82865756664,69492.62771843934,44567.66328202233,74723.79309398365
2024-07-29,Wendys,Northeast,59645.72818800299,49798.82865756664,69492.62771843934,44567.66328202233,74723.79309398365
2024-08-05,Wendys,Northeast,59645.72818800299,49798.82865756664,69492.62771843934,44567.66328202233,74723.79309398365
2024-08-12,Wendys,Northeast,59645.72818800299,49798.82865756664,69492.62771843934,44567.66328202233,74723.79309398365
2024-08-19,Wendys,Northeast,59645.72818800299,49798.82865756664,69492.62771843934,44567.66328202233,74723.79309398365
2024-08-26,Wendys,Northeast,59645.72818800299,49798.82865756664,69492.62771843934,44567.66328202233,74723.79309398365
2024-09-02,Wendys,Northeast,59645.72818800299,49798.82865756664,69492.62771843934,44567.66328202233,74723.79309398365
2024-09-09,Wendys,Northeast,59645.72818800299,49798.82865756664,69492.62771843934,44567.66328202233,74723.79309398365
2024-09-16,Wendys,Northeast,59645.72818800299,49798.82865756664,69492.62771843934,44567.66328202233,74723.79309398365
2024-09-23,Wendys,Northeast,59645.72818800299,49798.82865756664,69492.62771843934,44567.66328202233,74723.79309398365
2024-09-30,Wendys,Northeast,59645.72818800299,49798.82865756664,69492.62771843934,44567.66328202233,74723.79309398365
2024-10-07,Wendys,Northeast,59645.72818800299,49798.82865756664,69492.62771843934,44567.66328202233,74723.79309398365
2024-10-14,Wendys,Northeast,59645.72818800299,49798.82865756664,69492.62771843934,44567.66328202233,74723.79309398365
2024-10-21,Wendys,Northeast,59645.72818800299,49798.82865756664,69492.62771843934,44567.66328202233,74723.79309398365
2024-10-28,Wendys,Northeast,59645.72818800299,49798.82865756664,69492.62771843934,44567.66328202233,74723.79309398365
2024-11-04,Wendys,Northeast,59645.72818800299,49798.82865756664,69492.62771843934,44567.66328202233,74723.79309398365
2024-11-11,Wendys,Northeast,59645.72818800299,49798.82865756664,69492.62771843934,44567.66328202233,74723.79309398365
2024-11-18,Wendys,Northeast,59645.72818800299,49798.82865756664,69492.62771843934,44567.66328202233,74723.79309398365
2024-11-25,Wendys,Northeast,59645.72818800299,49798.82865756664,69492.62771843934,44567.66328202233,74723.79309398365
2024-12-02,Wendys,Northeast,59645.72818800299,49798.82865756664,69492.62771843934,44567.66328202233,74723.79309398365
2024-12-09,Wendys,Northeast,59645.72818800299,49798.82865756664,69492.62771843934,44567.66328202233,74723.79309398365
2024-12-16,Wendys,Northeast,59645.72818800299,49798.82865756664,69492.62771843934,44567.66328202233,74723.79309398365
2024-12-23,Wendys,Northeast,59645.72818800299,49798.82865756664,69492.62771843934,44567.66328202233,74723.79309398365
2024-12-30,Wendys,Northeast,59645.72818800299,49798.82865756664,69492.62771843934,44567.66328202233,74723.79309398365
2024-01-01,Wendys,South,18672.224337573552,11201.282353787588,26143.166321359517,7232.3444249012955,30112.104250245808
2024-01-08,Wendys,South,18390.99395748654,10877.730572187294,25904.257342785782,6886.309398747069,29895.678516226006
2024-01-15,Wendys,South,19446.87843237252,12087.492002284089,26806.26486246095,8177.817961299608,30715.93890344543
2024-01-22,Wendys,South,21426.067946595696,14316.26900931721,28535.866883874183,10539.188323888015,32312.94756930338
2024-01-29,Wendys,South,21007.052429718227,13848.842865678786,28165.261993757667,10046.044034782832,31968.06082465362
2024-02-05,Wendys,South,21305.574341248634,14182.105711737597,28429.04297075967,10397.763002309859,32213.385680187406
2024-02-12,Wendys,South,21088.159361591035,13939.511330380108,28236.807392801962,10141.792063799305,32034.526659382766
2024-02-19,Wendys,South,19734.937583256396,12415.105403164964,27054.76976334783,8526.44455749139,30943.4306090214
2024-02-26,Wendys,South,21385.58672290355,14271.218073736989,28499.95537207011,10491.709728867254,32279.46371693985
2024-03-04,Wendys,South,20844.55773889843,13666.918892160305,28022.196585636557,9853.798254830675,31835.317222966187
2024-03-11,Wendys,South,20104.65924968982,12834.02093420372,27375.29756517592,8971.49432910173,31237.82417027791
2024-03-18,Wendys,South,21188.052877053524,14051.055633192202,28325.050120914846,10259.525847390874,32116.57990671617
2024-03-25,Wendys,South,21489.54567939178,14386.8658619327,28592.22549685086,10613.567208907563,32365.524149875997
2024-04-01,Wendys,South,22251.810663105993,15230.120207731125,29273.50111848086,11499.847153313229,33003.77417289876
2024-04-08,Wendys,South,22021.44724238701,14976.164965507605,29066.729519266417,11233.358755915422,32809.535728858595
2024-04-15,Wendys,South,22417.50514192963,15412.303774234504,29422.706509624753,11690.790547646471,33144.219736212784
2024-04-22,Wendys,South,23082.7956921576,16139.69732338455,30025.894060930652,12451.176314973865,33714.41506934134
2024-04-29,Wendys,South,23870.321555181035,16992.06249620127,30748.5806141608,13337.987371118268,34402.655739243804
2024-05-06,Wendys,South,21790.18340098572,14720.44349846193,28859.92330350951,10964.644175246165,32615.722626725274
2024-05-13,Wendys,South,21745.483929630172,14670.928060027523,28820.03979923282,10912.570254301118,32578.397604959227
2024-05-20,Wendys,South,21060.57765321615,13908.68829233221,28212.46701410009,10109.247069362618,32011.908237069685
2024-05-27,Wendys,South,22270.683480600423,15250.891489861615,29290.475471339232,11521.626994781624,33019.73996641922
2024-06-03,Wendys,South,21873.27983668387,14812.416628543528,28934.14304482421,11061.33304921897,32685.226624148767
2024-06-10,Wendys,South,21198.79298835249,14063.04011525471,28334.545861450268,10272.171401421512,32125.414575283467
2024-06-17,Wendys,South,20427.356190164035,13198.182848146134,27656.529532181936,9357.684510199124,31497.027870128946
2024-06-24,Wendys,South,19844.266055691754,12539.166306065537,27149.36580531797,8658.33206407661,31030.2000473069
2024-07-01,Wendys,South,18641.149715237887,11165.578363633373,26116.7210668424,7194.181083093474,30088.1183473823
2024-07-08,Wendys,South,18115.7589527946,10560.161162001674,25671.356743587527,6546.249835642931,29685.26806994627
2024-07-15,Wendys,South,17993.452281756807,10418.755718368708,25568.148845144904,6394.698169068781,29592.20639444483
2024-07-22,Wendys,South,16729.53317506631,8947.494271389114,24511.572078743506,4813.286103810602,28645.780246322018
2024-07-29,Wendys,South,16009.920198690994,8102.062864193808,23917.77753318818,3901.013655242179,28118.82674213981
2024-08-05,Wendys,South,16089.951921232114,8196.354543453706,23983.54929901052,4002.880936508929,28177.0229059553
2024-08-12,Wendys,South,15658.378866244786,7687.111616067256,23629.646116422315,3452.375889410443,27864.38184307913
2024-08-19,Wendys,South,15094.981784215903,7019.524140986628,23170.439427445177,2729.4372680210763,27460.52630041073
2024-08-26,Wendys,South,14787.554467324808,6653.94758100424,22921.161353645373,2332.9689226464398,27242.140012003176
2024-09-02,Wendys,South,16557.52710136125,8745.910938966612,24369.14326375589,4595.989852694462,28519.064350028042
2024-09-09,Wendys,South,18517.36719502536,11023.239181563376,26011.495208487344,7041.983674411698,29992.75071563902
2024-09-16,Wendys,South,19555.9892875967,12211.710255192596,26900.268320000807,8310.062019227917,30801.916555965487
2024-09-23,Wendys,South,20379.7975241973,13144.600325095926,27614.994723298674,9300.901813073322,31458.693235321276
2024-09-30,Wendys,South,20828.91256058493,13649.383893512339,28008.44122765752,9835.259289130023,31822.565832039836
2024-10-07,Wendys,South,18932.73491878601,11500.138987456601,26365.330850115417,7551.572398937853,30313.897438634165
2024-10-14,Wendys,South,17387.03102098615,9715.087962953385,25058.974079018913,5639.36821337348,29134.693828598818
2024-10-21,Wendys,South,18926.744227653187,11493.275853017647,26360.212602288728,7544.245778992517,30309.242676313857
2024-10-28,Wendys,South,18052.86806792047,10487.471434016576,25618.264701824366,6468.354472255132,29637.38166358581
2024-11-04,Wendys,South,18551.388796938452,11062.379523240093,26040.39807063681,7083.843346587841,30018.934247289064
2024-11-11,Wendys,South,19045.899397484565,11629.700573758852,26462.09822121028,7689.844948654569,30401.95384631456
2024-11-18,Wendys,South,19842.529535533493,12537.196995196178,27147.862075870806,8656.239083141982,31028.819987925002
2024-11-25,Wendys,South,18023.887252714645,10453.959610852386,25593.814894576906,6432.43555111306,29615.33895431623
2024-12-02,Wendys,South,18766.940735649143,11310.036709604316,26223.84476169397,7348.556445768003,30185.325025530285
2024-12-09,Wendys,South,19764.170643359917,12448.292897459734,27080.0483892601,8561.732844950262,30966.608441769575
2024-12-16,Wendys,South,18173.648701047852,10627.029466956537,25720.267935139167,6617.887998845526,29729.409403250178
2024-12-23,Wendys,South,19359.91631797741,11988.380737580708,26731.451898374115,8072.252460494959,30647.580175459865
2024-12-30,Wendys,South,17786.921311655777,10179.578641876693,25394.26398143486,6138.177848556556,29435.664774754998
2024-01-01,Wendys,Southwest,46129.859893471425,26206.720554348027,66052.99923259483,15622.55278043872,76637.16700650413
2024-01-08,Wendys,Southwest,46129.859893471425,26206.720554348027,66052.99923259483,15622.55278043872,76637.16700650413
2024-01-15,Wendys,Southwest,46129.859893471425,26206.720554348027,66052.99923259483,15622.55278043872,76637.16700650413
2024-01-22,Wendys,Southwest,46129.859893471425,26206.720554348027,66052.99923259483,15622.55278043872,76637.16700650413
2024-01-29,Wendys,Southwest,46129.859893471425,26206.720554348027,66052.99923259483,15622.55278043872,76637.16700650413
2024-02-05,Wendys,Southwest,46129.859893471425,26206.720554348027,66052.99923259483,15622.55278043872,76637.16700650413
2024-02-12,Wendys,Southwest,46129.859893471425,26206.720554348027,66052.99923259483,15622.55278043872,76637.16700650413
2024-02-19,Wendys,Southwest,46129.859893471425,26206.720554348027,66052.99923259483,15622.55278043872,76637.16700650413
2024-02-26,Wendys,Southwest,46129.859893471425,26206.720554348027,66052.99923259483,15622.55278043872,76637.16700650413
2024-03-04,Wendys,Southwest,46129.859893471425,26206.720554348027,66052.99923259483,15622.55278043872,76637.16700650413
2024-03-11,Wendys,Southwest,46129.859893471425,26206.720554348027,66052.99923259483,15622.55278043872,76637.16700650413
2024-03-18,Wendys,Southwest,46129.859893471425,26206.720554348027,66052.99923259483,15622.55278043872,76637.16700650413
2024-03-25,Wendys,Southwest,46129.859893471425,26206.720554348027,66052.99923259483,15622.55278043872,76637.16700650413
2024-04-01,Wendys,Southwest,46129.859893471425,26206.720554348027,66052.99923259483,15622.55278043872,76637.16700650413
2024-04-08,Wendys,Southwest,46129.859893471425,26206.720554348027,66052.99923259483,15622.55278043872,76637.16700650413
2024-04-15,Wendys,Southwest,46129.859893471425,26206.720554348027,66052.99923259483,15622.55278043872,76637.16700650413
2024-04-22,Wendys,Southwest,46129.859893471425,26206.720554348027,66052.99923259483,15622.55278043872,76637.16700650413
2024-04-29,Wendys,Southwest,46129.859893471425,26206.720554348027,66052.99923259483,15622.55278043872,76637.16700650413
2024-05-06,Wendys,Southwest,46129.859893471425,26206.720554348027,66052.99923259483,15622.55278043872,76637.16700650413
2024-05-13,Wendys,Southwest,46129.859893471425,26206.720554348027,66052.99923259483,15622.55278043872,76637.16700650413
2024-05-20,Wendys,Southwest,46129.859893471425,26206.720554348027,66052.99923259483,15622.55278043872,76637.16700650413
2024-05-27,Wendys,Southwest,46129.859893471425,26206.720554348027,66052.99923259483,15622.55278043872,76637.16700650413
2024-06-03,Wendys,Southwest,46129.859893471425,26206.720554348027,66052.99923259483,15622.55278043872,76637.16700650413
2024-06-10,Wendys,Southwest,46129.859893471425,26206.720554348027,66052.99923259483,15622.55278043872,76637.16700650413
2024-06-17,Wendys,Southwest,46129.859893471425,26206.720554348027,66052.99923259483,15622.55278043872,76637.16700650413
2024-06-24,Wendys,Southwest,46129.859893471425,26206.720554348027,66052.99923259483,15622.55278043872,76637.16700650413
2024-07-01,Wendys,Southwest,46129.859893471425,26206.720554348027,66052.99923259483,15622.55278043872,76637.16700650413
2024-07-08,Wendys,Southwest,46129.859893471425,26206.720554348027,66052.99923259483,15622.55278043872,76637.16700650413
2024-07-15,Wendys,Southwest,46129.859893471425,26206.720554348027,66052.99923259483,15622.55278043872,76637.16700650413
2024-07-22,Wendys,Southwest,46129.859893471425,26206.720554348027,66052.99923259483,15622.55278043872,76637.16700650413
2024-07-29,Wendys,Southwest,46129.859893471425,26206.720554348027,66052.99923259483,15622.55278043872,76637.16700650413
2024-08-05,Wendys,Southwest,46129.859893471425,26206.720554348027,66052.99923259483,15622.55278043872,76637.16700650413
2024-08-12,Wendys,Southwest,46129.859893471425,26206.720554348027,66052.99923259483,15622.55278043872,76637.16700650413
2024-08-19,Wendys,Southwest,46129.859893471425,26206.720554348027,66052.99923259483,15622.55278043872,76637.16700650413
2024-08-26,Wendys,Southwest,46129.859893471425,26206.720554348027,66052.99923259483,15622.55278043872,76637.16700650413
2024-09-02,Wendys,Southwest,46129.859893471425,26206.720554348027,66052.99923259483,15622.55278043872,76637.16700650413
2024-09-09,Wendys,Southwest,46129.859893471425,26206.720554348027,66052.99923259483,15622.55278043872,76637.16700650413
2024-09-16,Wendys,Southwest,46129.859893471425,26206.720554348027,66052.99923259483,15622.55278043872,76637.16700650413
2024-09-23,Wendys,Southwest,46129.859893471425,26206.720554348027,66052.99923259483,15622.55278043872,76637.16700650413
2024-09-30,Wendys,Southwest,46129.859893471425,26206.720554348027,66052.99923259483,15622.55278043872,76637.16700650413
2024-10-07,Wendys,Southwest,46129.859893471425,26206.720554348027,66052.99923259483,15622.55278043872,76637.16700650413
2024-10-14,Wendys,Southwest,46129.859893471425,26206.720554348027,66052.99923259483,15622.55278043872,76637.16700650413
2024-10-21,Wendys,Southwest,46129.859893471425,26206.720554348027,66052.99923259483,15622.55278043872,76637.16700650413
2024-10-28,Wendys,Southwest,46129.859893471425,26206.720554348027,66052.99923259483,15622.55278043872,76637.16700650413
2024-11-04,Wendys,Southwest,46129.859893471425,26206.720554348027,66052.99923259483,15622.55278043872,76637.16700650413
2024-11-11,Wendys,Southwest,46129.859893471425,26206.720554348027,66052.99923259483,15622.55278043872,76637.16700650413
2024-11-18,Wendys,Southwest,46129.859893471425,26206.720554348027,66052.99923259483,15622.55278043872,76637.16700650413
2024-11-25,Wendys,Southwest,46129.859893471425,26206.720554348027,66052.99923259483,15622.55278043872,76637.16700650413
2024-12-02,Wendys,Southwest,46129.859893471425,26206.720554348027,66052.99923259483,15622.55278043872,76637.16700650413
2024-12-09,Wendys,Southwest,46129.859893471425,26206.720554348027,66052.99923259483,15622.55278043872,76637.16700650413
2024-12-16,Wendys,Southwest,46129.859893471425,26206.720554348027,66052.99923259483,15622.55278043872,76637.16700650413
2024-12-23,Wendys,Southwest,46129.859893471425,26206.720554348027,66052.99923259483,15622.55278043872,76637.16700650413
2024-12-30,Wendys,Southwest,46129.859893471425,26206.720554348027,66052.99923259483,15622.55278043872,76637.16700650413
2024-01-01,Wendys,West,35182.030406086495,26969.077594636354,43394.98321753663,22605.94641355347,47758.114398619524
2024-01-08,Wendys,West,35113.810095840156,26921.85960258331,43305.760589097,22569.88590304061,47657.7342886397
2024-01-15,Wendys,West,34796.11301229765,26699.75458716746,42892.471437427834,22398.564173817045,47193.66185077825
2024-01-22,Wendys,West,34313.750762681164,26355.335041199516,42272.166484162815,22127.426689162392,46500.074836199936
2024-01-29,Wendys,West,34776.66084765506,26686.035166663434,42867.286528646684,22387.890273636633,47165.43142167349
2024-02-05,Wendys,West,34733.10840759061,26655.267049801398,42810.949765379824,22363.913828475874,47102.30298670535
2024-02-12,Wendys,West,34757.31768769452,26672.378688537334,42842.25668685171,22377.25484523508,47137.38053015397
2024-02-19,Wendys,West,34486.747939520785,26479.88024142405,42493.61563761752,22226.23177681016,46747.264102231406
2024-02-26,Wendys,West,33858.99751953961,26022.3210273734,41695.67401170582,21859.086640910107,45858.908398169115
2024-03-04,Wendys,West,33297.27437420369,25599.263443431322,40995.28530497606,21509.6951364585,45084.853611948885
2024-03-11,Wendys,West,33307.559933050245,25607.130080891067,41007.98978520942,21516.276721931506,45098.84314416898
2024-03-18,Wendys,West,33096.23397246865,25444.581627416526,40747.88631752078,21379.641319107584,44812.82662582972
2024-03-25,Wendys,West,32884.42122938768,25279.690897772714,40489.15156100264,21239.67790910226,44529.16454967309
2024-04-01,Wendys,West,32911.021018591986,25300.507577411758,40521.534459772214,21257.42231178476,44564.619725399214
2024-04-08,Wendys,West,33461.58392176384,25724.388480532936,41198.77936299475,21614.003402379018,45309.16444114866
2024-04-15,Wendys,West,32975.95131067439,25351.188783653575,40600.713837695206,21300.53369117377,44651.36893017501
2024-04-22,Wendys,West,32963.972783215366,25341.85307443008,40586.09249200065,21292.601979137897,44635.34358729284
2024-04-29,Wendys,West,33226.13907974644,25544.732378730416,40907.54578076247,21463.98506881565,44988.29309067723
2024-05-06,Wendys,West,33014.86658682768,25381.474283192085,40648.25889046327,21326.234621885676,44703.498551769684
2024-05-13,Wendys,West,32498.12880714611,24973.779579592698,40022.478034699525,20976.469052454948,44019.78856183727
2024-05-20,Wendys,West,33432.43672089996,25702.276466073454,41162.59697572647,21595.62883069687,45269.24461110305
2024-05-27,Wendys,West,33503.65442324072,25756.240929681575,41251.06791679986,21640.427511228278,45366.88133525316
2024-06-03,Wendys,West,33797.35653681399,25976.53948261668,41618.1735910113,21821.73042257436,45772.98265105362
2024-06-10,Wendys,West,33906.98238624101,26057.852441970146,41756.11233051188,21888.002159076248,45925.962613405776
2024-06-17,Wendys,West,33434.41421289719,25703.777798797433,41165.05062699694,21596.877203806936,45271.95122198744
2024-06-24,Wendys,West,33944.27182398978,26085.399496322036,41803.14415165753,21910.373572248547,45978.17007573102
2024-07-01,Wendys,West,34301.07325939611,26346.162496482106,42255.984022310106,22120.116153684045,46482.03036510817
2024-07-08,Wendys,West,34661.87418582175,26604.790081577463,42718.95829006603,22324.464151197688,46999.28422044581
2024-07-15,Wendys,West,34520.56300221809,26504.089924105083,42537.036080331105,22245.338601357544,46795.78740307864
2024-07-22,Wendys,West,34313.54092344853,26355.18326744809,42271.89857944896,22127.305762697863,46499.77608419919
2024-07-29,Wendys,West,34452.14337068,26455.05994703457,42449.226794325434,22206.609378222936,46697.67736313707
2024-08-05,Wendys,West,34627.271574145074,26580.20169653659,42674.34145175356,22305.195824057082,46949.347324233066
2024-08-12,Wendys,West,34611.1180883582,26568.707671169486,42653.52850554691,22296.177137037987,46926.05903967841
2024-08-19,Wendys,West,34246.95119548114,26306.932854235107,42186.96953672717,22088.798110448155,46405.10428051412
2024-08-26,Wendys,West,35165.27964677036,26957.49908423894,43373.06020930178,22597.115660394127,47733.44363314659
2024-09-02,Wendys,West,35322.37594418471,27065.698013117144,43579.05387525227,22679.3378622375,47965.41402613191
2024-09-09,Wendys,West,35252.91150124923,27017.96217715921,43487.86082533926,22643.145348736387,47862.677653762075
2024-09-16,Wendys,West,35424.136177813256,27135.323351207775,43712.94900441874,22731.891537073614,48116.3808185529
2024-09-23,Wendys,West,34734.92346951748,26656.550732333108,42813.29620670185,22364.915215703913,47104.93172333105
2024-09-30,Wendys,West,34429.65921818918,26438.908403943875,42420.41003243449,22193.82203387605,46665.496402502315
2024-10-07,Wendys,West,35203.30929697157,26983.771688089048,43422.846905854094,22617.142333370204,47789.47626057294
2024-10-14,Wendys,West,35001.692901872746,26843.896471697262,43159.48933204823,22510.06711816654,47493.31868557895
2024-10-21,Wendys,West,34815.544069311414,26713.44511778091,42917.64302084192,22409.205049780332,47221.8830888425
2024-10-28,Wendys,West,34652.25375064134,26597.958391506105,42706.549109776584,22319.113981965507,46985.39351931718
2024-11-04,Wendys,West,34885.93066436113,26762.92066559448,43008.940663127774,22447.571603749697,47324.28972497256
2024-11-11,Wendys,West,34877.80690905717,26757.2196937157,42998.39412439865,22443.15773556554,47312.45608254881
2024-11-18,Wendys,West,35439.974211327746,27146.12761108154,43733.820811573954,22740.02160470075,48139.92681795474
2024-11-25,Wendys,West,35429.08357995888,27138.699259345834,43719.46790057193,22734.43258902015,48123.73457089761
2024-12-02,Wendys,West,35088.79447271119,26904.50363041956,43273.08531500282,22556.599120452134,47620.989824970246
2024-12-09,Wendys,West,35261.096828625654,27023.595927700237,43498.59772955107,22647.42357408361,47874.7700831677
2024-12-16,Wendys,West,35371.28310574776,27099.205678986964,43643.36053250855,22704.664546020293,48037.90166547523
2024-12-23,Wendys,West,35502.11105153123,27188.432225539116,43815.78987752335,22771.790349230803,48232.43175383166
2024-12-30,Wendys,West,35591.80742209909,27249.267311787276,43934.3475324109,22817.292878184126,48366.32196601405
