date,brand,region,revenue_pred,revenue_lower_80,revenue_upper_80,revenue_lower_95,revenue_upper_95
2024-01-01,BurgerKing,Midwest,24514.667585987267,16146.772738317351,32882.56243365718,11701.328600492709,37328.00657148183
2024-01-08,BurgerKing,Midwest,24514.667585987267,16146.772738317351,32882.56243365718,11701.328600492709,37328.00657148183
2024-01-15,BurgerKing,Midwest,24514.667585987267,16146.772738317351,32882.56243365718,11701.328600492709,37328.00657148183
2024-01-22,BurgerKing,Midwest,24514.667585987267,16146.772738317351,32882.56243365718,11701.328600492709,37328.00657148183
2024-01-29,BurgerKing,Midwest,24514.667585987267,16146.772738317351,32882.56243365718,11701.328600492709,37328.00657148183
2024-02-05,BurgerKing,Midwest,24514.667585987267,16146.772738317351,32882.56243365718,11701.328600492709,37328.00657148183
2024-02-12,BurgerKing,Midwest,24514.667585987267,16146.772738317351,32882.56243365718,11701.328600492709,37328.00657148183
2024-02-19,BurgerKing,Midwest,24514.667585987267,16146.772738317351,32882.56243365718,11701.328600492709,37328.00657148183
2024-02-26,BurgerKing,Midwest,24514.667585987267,16146.772738317351,32882.56243365718,11701.328600492709,37328.00657148183
2024-03-04,BurgerKing,Midwest,24514.667585987267,16146.772738317351,32882.56243365718,11701.328600492709,37328.00657148183
2024-03-11,BurgerKing,Midwest,24514.667585987267,16146.772738317351,32882.56243365718,11701.328600492709,37328.00657148183
2024-03-18,BurgerKing,Midwest,24514.667585987267,16146.772738317351,32882.56243365718,11701.328600492709,37328.00657148183
2024-03-25,BurgerKing,Midwest,24514.667585987267,16146.772738317351,32882.56243365718,11701.328600492709,37328.00657148183
2024-04-01,BurgerKing,Midwest,24514.667585987267,16146.772738317351,32882.56243365718,11701.328600492709,37328.00657148183
2024-04-08,BurgerKing,Midwest,24514.667585987267,16146.772738317351,32882.56243365718,11701.328600492709,37328.00657148183
2024-04-15,BurgerKing,Midwest,24514.667585987267,16146.772738317351,32882.56243365718,11701.328600492709,37328.00657148183
2024-04-22,BurgerKing,Midwest,24514.667585987267,16146.772738317351,32882.56243365718,11701.328600492709,37328.00657148183
2024-04-29,BurgerKing,Midwest,24514.667585987267,16146.772738317351,32882.56243365718,11701.328600492709,37328.00657148183
2024-05-06,BurgerKing,Midwest,24514.667585987267,16146.772738317351,32882.56243365718,11701.328600492709,37328.00657148183
2024-05-13,BurgerKing,Midwest,24514.667585987267,16146.772738317351,32882.56243365718,11701.328600492709,37328.00657148183
2024-05-20,BurgerKing,Midwest,24514.667585987267,16146.772738317351,32882.56243365718,11701.328600492709,37328.00657148183
2024-05-27,BurgerKing,Midwest,24514.667585987267,16146.772738317351,32882.56243365718,11701.328600492709,37328.00657148183
2024-06-03,BurgerKing,Midwest,24514.667585987267,16146.772738317351,32882.56243365718,11701.328600492709,37328.00657148183
2024-06-10,BurgerKing,Midwest,24514.667585987267,16146.772738317351,32882.56243365718,11701.328600492709,37328.00657148183
2024-06-17,BurgerKing,Midwest,24514.667585987267,16146.772738317351,32882.56243365718,11701.328600492709,37328.00657148183
2024-06-24,BurgerKing,Midwest,24514.667585987267,16146.772738317351,32882.56243365718,11701.328600492709,37328.00657148183
2024-07-01,BurgerKing,Midwest,24514.667585987267,16146.772738317351,32882.56243365718,11701.328600492709,37328.00657148183
2024-07-08,BurgerKing,Midwest,24514.667585987267,16146.772738317351,32882.56243365718,11701.328600492709,37328.00657148183
2024-07-15,BurgerKing,Midwest,24514.667585987267,16146.772738317351,32882.56243365718,11701.328600492709,37328.00657148183
2024-07-22,BurgerKing,Midwest,24514.667585987267,16146.772738317351,32882.56243365718,11701.328600492709,37328.00657148183
2024-07-29,BurgerKing,Midwest,24514.667585987267,16146.772738317351,32882.56243365718,11701.328600492709,37328.00657148183
2024-08-05,BurgerKing,Midwest,24514.667585987267,16146.772738317351,32882.56243365718,11701.328600492709,37328.00657148183
2024-08-12,BurgerKing,Midwest,24514.667585987267,16146.772738317351,32882.56243365718,11701.328600492709,37328.00657148183
2024-08-19,BurgerKing,Midwest,24514.667585987267,16146.772738317351,32882.56243365718,11701.328600492709,37328.00657148183
2024-08-26,BurgerKing,Midwest,24514.667585987267,16146.772738317351,32882.56243365718,11701.328600492709,37328.00657148183
2024-09-02,BurgerKing,Midwest,24514.667585987267,16146.772738317351,32882.56243365718,11701.328600492709,37328.00657148183
2024-09-09,BurgerKing,Midwest,24514.667585987267,16146.772738317351,32882.56243365718,11701.328600492709,37328.00657148183
2024-09-16,BurgerKing,Midwest,24514.667585987267,16146.772738317351,32882.56243365718,11701.328600492709,37328.00657148183
2024-09-23,BurgerKing,Midwest,24514.667585987267,16146.772738317351,32882.56243365718,11701.328600492709,37328.00657148183
2024-09-30,BurgerKing,Midwest,24514.667585987267,16146.772738317351,32882.56243365718,11701.328600492709,37328.00657148183
2024-10-07,BurgerKing,Midwest,24514.667585987267,16146.772738317351,32882.56243365718,11701.328600492709,37328.00657148183
2024-10-14,BurgerKing,Midwest,24514.667585987267,16146.772738317351,32882.56243365718,11701.328600492709,37328.00657148183
2024-10-21,BurgerKing,Midwest,24514.667585987267,16146.772738317351,32882.56243365718,11701.328600492709,37328.00657148183
2024-10-28,BurgerKing,Midwest,24514.667585987267,16146.772738317351,32882.56243365718,11701.328600492709,37328.00657148183
2024-11-04,BurgerKing,Midwest,24514.667585987267,16146.772738317351,32882.56243365718,11701.328600492709,37328.00657148183
2024-11-11,BurgerKing,Midwest,24514.667585987267,16146.772738317351,32882.56243365718,11701.328600492709,37328.00657148183
2024-11-18,BurgerKing,Midwest,24514.667585987267,16146.772738317351,32882.56243365718,11701.328600492709,37328.00657148183
2024-11-25,BurgerKing,Midwest,24514.667585987267,16146.772738317351,32882.56243365718,11701.328600492709,37328.00657148183
2024-12-02,BurgerKing,Midwest,24514.667585987267,16146.772738317351,32882.56243365718,11701.328600492709,37328.00657148183
2024-12-09,BurgerKing,Midwest,24514.667585987267,16146.772738317351,32882.56243365718,11701.328600492709,37328.00657148183
2024-12-16,BurgerKing,Midwest,24514.667585987267,16146.772738317351,32882.56243365718,11701.328600492709,37328.00657148183
2024-12-23,BurgerKing,Midwest,24514.667585987267,16146.772738317351,32882.56243365718,11701.328600492709,37328.00657148183
2024-12-30,BurgerKing,Midwest,24514.667585987267,16146.772738317351,32882.56243365718,11701.328600492709,37328.00657148183
2024-01-01,BurgerKing,Northeast,22439.050444173707,14029.91538351367,30848.185504833746,9562.562382538024,35315.53850580939
2024-01-08,BurgerKing,Northeast,22439.050444173707,14029.91538351367,30848.185504833746,9562.562382538024,35315.53850580939
2024-01-15,BurgerKing,Northeast,22439.050444173707,14029.91538351367,30848.185504833746,9562.562382538024,35315.53850580939
2024-01-22,BurgerKing,Northeast,22439.050444173707,14029.91538351367,30848.185504833746,9562.562382538024,35315.53850580939
2024-01-29,BurgerKing,Northeast,22439.050444173707,14029.91538351367,30848.185504833746,9562.562382538024,35315.53850580939
2024-02-05,BurgerKing,Northeast,22439.050444173707,14029.91538351367,30848.185504833746,9562.562382538024,35315.53850580939
2024-02-12,BurgerKing,Northeast,22439.050444173707,14029.91538351367,30848.185504833746,9562.562382538024,35315.53850580939
2024-02-19,BurgerKing,Northeast,22439.050444173707,14029.91538351367,30848.185504833746,9562.562382538024,35315.53850580939
2024-02-26,BurgerKing,Northeast,22439.050444173707,14029.91538351367,30848.185504833746,9562.562382538024,35315.53850580939
2024-03-04,BurgerKing,Northeast,22439.050444173707,14029.91538351367,30848.185504833746,9562.562382538024,35315.53850580939
2024-03-11,BurgerKing,Northeast,22439.050444173707,14029.91538351367,30848.185504833746,9562.562382538024,35315.53850580939
2024-03-18,BurgerKing,Northeast,22439.050444173707,14029.91538351367,30848.185504833746,9562.562382538024,35315.53850580939
2024-03-25,BurgerKing,Northeast,22439.050444173707,14029.91538351367,30848.185504833746,9562.562382538024,35315.53850580939
2024-04-01,BurgerKing,Northeast,22439.050444173707,14029.91538351367,30848.185504833746,9562.562382538024,35315.53850580939
2024-04-08,BurgerKing,Northeast,22439.050444173707,14029.91538351367,30848.185504833746,9562.562382538024,35315.53850580939
2024-04-15,BurgerKing,Northeast,22439.050444173707,14029.91538351367,30848.185504833746,9562.562382538024,35315.53850580939
2024-04-22,BurgerKing,Northeast,22439.050444173707,14029.91538351367,30848.185504833746,9562.562382538024,35315.53850580939
2024-04-29,BurgerKing,Northeast,22439.050444173707,14029.91538351367,30848.185504833746,9562.562382538024,35315.53850580939
2024-05-06,BurgerKing,Northeast,22439.050444173707,14029.91538351367,30848.185504833746,9562.562382538024,35315.53850580939
2024-05-13,BurgerKing,Northeast,22439.050444173707,14029.91538351367,30848.185504833746,9562.562382538024,35315.53850580939
2024-05-20,BurgerKing,Northeast,22439.050444173707,14029.91538351367,30848.185504833746,9562.562382538024,35315.53850580939
2024-05-27,BurgerKing,Northeast,22439.050444173707,14029.91538351367,30848.185504833746,9562.562382538024,35315.53850580939
2024-06-03,BurgerKing,Northeast,22439.050444173707,14029.91538351367,30848.185504833746,9562.562382538024,35315.53850580939
2024-06-10,BurgerKing,Northeast,22439.050444173707,14029.91538351367,30848.185504833746,9562.562382538024,35315.53850580939
2024-06-17,BurgerKing,Northeast,22439.050444173707,14029.91538351367,30848.185504833746,9562.562382538024,35315.53850580939
2024-06-24,BurgerKing,Northeast,22439.050444173707,14029.91538351367,30848.185504833746,9562.562382538024,35315.53850580939
2024-07-01,BurgerKing,Northeast,22439.050444173707,14029.91538351367,30848.185504833746,9562.562382538024,35315.53850580939
2024-07-08,BurgerKing,Northeast,22439.050444173707,14029.91538351367,30848.185504833746,9562.562382538024,35315.53850580939
2024-07-15,BurgerKing,Northeast,22439.050444173707,14029.91538351367,30848.185504833746,9562.562382538024,35315.53850580939
2024-07-22,BurgerKing,Northeast,22439.050444173707,14029.91538351367,30848.185504833746,9562.562382538024,35315.53850580939
2024-07-29,BurgerKing,Northeast,22439.050444173707,14029.91538351367,30848.185504833746,9562.562382538024,35315.53850580939
2024-08-05,BurgerKing,Northeast,22439.050444173707,14029.91538351367,30848.185504833746,9562.562382538024,35315.53850580939
2024-08-12,BurgerKing,Northeast,22439.050444173707,14029.91538351367,30848.185504833746,9562.562382538024,35315.53850580939
2024-08-19,BurgerKing,Northeast,22439.050444173707,14029.91538351367,30848.185504833746,9562.562382538024,35315.53850580939
2024-08-26,BurgerKing,Northeast,22439.050444173707,14029.91538351367,30848.185504833746,9562.562382538024,35315.53850580939
2024-09-02,BurgerKing,Northeast,22439.050444173707,14029.91538351367,30848.185504833746,9562.562382538024,35315.53850580939
2024-09-09,BurgerKing,Northeast,22439.050444173707,14029.91538351367,30848.185504833746,9562.562382538024,35315.53850580939
2024-09-16,BurgerKing,Northeast,22439.050444173707,14029.91538351367,30848.185504833746,9562.562382538024,35315.53850580939
2024-09-23,BurgerKing,Northeast,22439.050444173707,14029.91538351367,30848.185504833746,9562.562382538024,35315.53850580939
2024-09-30,BurgerKing,Northeast,22439.050444173707,14029.91538351367,30848.185504833746,9562.562382538024,35315.53850580939
2024-10-07,BurgerKing,Northeast,22439.050444173707,14029.91538351367,30848.185504833746,9562.562382538024,35315.53850580939
2024-10-14,BurgerKing,Northeast,22439.050444173707,14029.91538351367,30848.185504833746,9562.562382538024,35315.53850580939
2024-10-21,BurgerKing,Northeast,22439.050444173707,14029.91538351367,30848.185504833746,9562.562382538024,35315.53850580939
2024-10-28,BurgerKing,Northeast,22439.050444173707,14029.91538351367,30848.185504833746,9562.562382538024,35315.53850580939
2024-11-04,BurgerKing,Northeast,22439.050444173707,14029.91538351367,30848.185504833746,9562.562382538024,35315.53850580939
2024-11-11,BurgerKing,Northeast,22439.050444173707,14029.91538351367,30848.185504833746,9562.562382538024,35315.53850580939
2024-11-18,BurgerKing,Northeast,22439.050444173707,14029.91538351367,30848.185504833746,9562.562382538024,35315.53850580939
2024-11-25,BurgerKing,Northeast,22439.050444173707,14029.91538351367,30848.185504833746,9562.562382538024,35315.53850580939
2024-12-02,BurgerKing,Northeast,22439.050444173707,14029.91538351367,30848.185504833746,9562.562382538024,35315.53850580939
2024-12-09,BurgerKing,Northeast,22439.050444173707,14029.91538351367,30848.185504833746,9562.562382538024,35315.53850580939
2024-12-16,BurgerKing,Northeast,22439.050444173707,14029.91538351367,30848.185504833746,9562.562382538024,35315.53850580939
2024-12-23,BurgerKing,Northeast,22439.050444173707,14029.91538351367,30848.185504833746,9562.562382538024,35315.53850580939
2024-12-30,BurgerKing,Northeast,22439.050444173707,14029.91538351367,30848.185504833746,9562.562382538024,35315.53850580939
2024-01-01,BurgerKing,South,84792.36461850541,67756.70333267619,101828.02590433463,58706.50827457942,110878.2209624314
2024-01-08,BurgerKing,South,84792.36461850541,67756.70333267619,101828.02590433463,58706.50827457942,110878.2209624314
2024-01-15,BurgerKing,South,84792.36461850541,67756.70333267619,101828.02590433463,58706.50827457942,110878.2209624314
2024-01-22,BurgerKing,South,84792.36461850541,67756.70333267619,101828.02590433463,58706.50827457942,110878.2209624314
2024-01-29,BurgerKing,South,84792.36461850541,67756.70333267619,101828.02590433463,58706.50827457942,110878.2209624314
2024-02-05,BurgerKing,South,84792.36461850541,67756.70333267619,101828.02590433463,58706.50827457942,110878.2209624314
2024-02-12,BurgerKing,South,84792.36461850541,67756.70333267619,101828.02590433463,58706.50827457942,110878.2209624314
2024-02-19,BurgerKing,South,84792.36461850541,67756.70333267619,101828.02590433463,58706.50827457942,110878.2209624314
2024-02-26,BurgerKing,South,84792.36461850541,67756.70333267619,101828.02590433463,58706.50827457942,110878.2209624314
2024-03-04,BurgerKing,South,84792.36461850541,67756.70333267619,101828.02590433463,58706.50827457942,110878.2209624314
2024-03-11,BurgerKing,South,84792.36461850541,67756.70333267619,101828.02590433463,58706.50827457942,110878.2209624314
2024-03-18,BurgerKing,South,84792.36461850541,67756.70333267619,101828.02590433463,58706.50827457942,110878.2209624314
2024-03-25,BurgerKing,South,84792.36461850541,67756.70333267619,101828.02590433463,58706.50827457942,110878.2209624314
2024-04-01,BurgerKing,South,84792.36461850541,67756.70333267619,101828.02590433463,58706.50827457942,110878.2209624314
2024-04-08,BurgerKing,South,84792.36461850541,67756.70333267619,101828.02590433463,58706.50827457942,110878.2209624314
2024-04-15,BurgerKing,South,84792.36461850541,67756.70333267619,101828.02590433463,58706.50827457942,110878.2209624314
2024-04-22,BurgerKing,South,84792.36461850541,67756.70333267619,101828.02590433463,58706.50827457942,110878.2209624314
2024-04-29,BurgerKing,South,84792.36461850541,67756.70333267619,101828.02590433463,58706.50827457942,110878.2209624314
2024-05-06,BurgerKing,South,84792.36461850541,67756.70333267619,101828.02590433463,58706.50827457942,110878.2209624314
2024-05-13,BurgerKing,South,84792.36461850541,67756.70333267619,101828.02590433463,58706.50827457942,110878.2209624314
2024-05-20,BurgerKing,South,84792.36461850541,67756.70333267619,101828.02590433463,58706.50827457942,110878.2209624314
2024-05-27,BurgerKing,South,84792.36461850541,67756.70333267619,101828.02590433463,58706.50827457942,110878.2209624314
2024-06-03,BurgerKing,South,84792.36461850541,67756.70333267619,101828.02590433463,58706.50827457942,110878.2209624314
2024-06-10,BurgerKing,South,84792.36461850541,67756.70333267619,101828.02590433463,58706.50827457942,110878.2209624314
2024-06-17,BurgerKing,South,84792.36461850541,67756.70333267619,101828.02590433463,58706.50827457942,110878.2209624314
2024-06-24,BurgerKing,South,84792.36461850541,67756.70333267619,101828.02590433463,58706.50827457942,110878.2209624314
2024-07-01,BurgerKing,South,84792.36461850541,67756.70333267619,101828.02590433463,58706.50827457942,110878.2209624314
2024-07-08,BurgerKing,South,84792.36461850541,67756.70333267619,101828.02590433463,58706.50827457942,110878.2209624314
2024-07-15,BurgerKing,South,84792.36461850541,67756.70333267619,101828.02590433463,58706.50827457942,110878.2209624314
2024-07-22,BurgerKing,South,84792.36461850541,67756.70333267619,101828.02590433463,58706.50827457942,110878.2209624314
2024-07-29,BurgerKing,South,84792.36461850541,67756.70333267619,101828.02590433463,58706.50827457942,110878.2209624314
2024-08-05,BurgerKing,South,84792.36461850541,67756.70333267619,101828.02590433463,58706.50827457942,110878.2209624314
2024-08-12,BurgerKing,South,84792.36461850541,67756.70333267619,101828.02590433463,58706.50827457942,110878.2209624314
2024-08-19,BurgerKing,South,84792.36461850541,67756.70333267619,101828.02590433463,58706.50827457942,110878.2209624314
2024-08-26,BurgerKing,South,84792.36461850541,67756.70333267619,101828.02590433463,58706.50827457942,110878.2209624314
2024-09-02,BurgerKing,South,84792.36461850541,67756.70333267619,101828.02590433463,58706.50827457942,110878.2209624314
2024-09-09,BurgerKing,South,84792.36461850541,67756.70333267619,101828.02590433463,58706.50827457942,110878.2209624314
2024-09-16,BurgerKing,South,84792.36461850541,67756.70333267619,101828.02590433463,58706.50827457942,110878.2209624314
2024-09-23,BurgerKing,South,84792.36461850541,67756.70333267619,101828.02590433463,58706.50827457942,110878.2209624314
2024-09-30,BurgerKing,South,84792.36461850541,67756.70333267619,101828.02590433463,58706.50827457942,110878.2209624314
2024-10-07,BurgerKing,South,84792.36461850541,67756.70333267619,101828.02590433463,58706.50827457942,110878.2209624314
2024-10-14,BurgerKing,South,84792.36461850541,67756.70333267619,101828.02590433463,58706.50827457942,110878.2209624314
2024-10-21,BurgerKing,South,84792.36461850541,67756.70333267619,101828.02590433463,58706.50827457942,110878.2209624314
2024-10-28,BurgerKing,South,84792.36461850541,67756.70333267619,101828.02590433463,58706.50827457942,110878.2209624314
2024-11-04,BurgerKing,South,84792.36461850541,67756.70333267619,101828.02590433463,58706.50827457942,110878.2209624314
2024-11-11,BurgerKing,South,84792.36461850541,67756.70333267619,101828.02590433463,58706.50827457942,110878.2209624314
2024-11-18,BurgerKing,South,84792.36461850541,67756.70333267619,101828.02590433463,58706.50827457942,110878.2209624314
2024-11-25,BurgerKing,South,84792.36461850541,67756.70333267619,101828.02590433463,58706.50827457942,110878.2209624314
2024-12-02,BurgerKing,South,84792.36461850541,67756.70333267619,101828.02590433463,58706.50827457942,110878.2209624314
2024-12-09,BurgerKing,South,84792.36461850541,67756.70333267619,101828.02590433463,58706.50827457942,110878.2209624314
2024-12-16,BurgerKing,South,84792.36461850541,67756.70333267619,101828.02590433463,58706.50827457942,110878.2209624314
2024-12-23,BurgerKing,South,84792.36461850541,67756.70333267619,101828.02590433463,58706.50827457942,110878.2209624314
2024-12-30,BurgerKing,South,84792.36461850541,67756.70333267619,101828.02590433463,58706.50827457942,110878.2209624314
2024-01-01,BurgerKing,Southwest,74025.13086948458,58532.46717478533,89517.79456418383,50301.98958697636,97748.2721519928
2024-01-08,BurgerKing,Southwest,74025.13086948458,58532.46717478533,89517.79456418383,50301.98958697636,97748.2721519928
2024-01-15,BurgerKing,Southwest,74025.13086948458,58532.46717478533,89517.79456418383,50301.98958697636,97748.2721519928
2024-01-22,BurgerKing,Southwest,74025.13086948458,58532.46717478533,89517.79456418383,50301.98958697636,97748.2721519928
2024-01-29,BurgerKing,Southwest,74025.13086948458,58532.46717478533,89517.79456418383,50301.98958697636,97748.2721519928
2024-02-05,BurgerKing,Southwest,74025.13086948458,58532.46717478533,89517.79456418383,50301.98958697636,97748.2721519928
2024-02-12,BurgerKing,Southwest,74025.13086948458,58532.46717478533,89517.79456418383,50301.98958697636,97748.2721519928
2024-02-19,BurgerKing,Southwest,74025.13086948458,58532.46717478533,89517.79456418383,50301.98958697636,97748.2721519928
2024-02-26,BurgerKing,Southwest,74025.13086948458,58532.46717478533,89517.79456418383,50301.98958697636,97748.2721519928
2024-03-04,BurgerKing,Southwest,74025.13086948458,58532.46717478533,89517.79456418383,50301.98958697636,97748.2721519928
2024-03-11,BurgerKing,Southwest,74025.13086948458,58532.46717478533,89517.79456418383,50301.98958697636,97748.2721519928
2024-03-18,BurgerKing,Southwest,74025.13086948458,58532.46717478533,89517.79456418383,50301.98958697636,97748.2721519928
2024-03-25,BurgerKing,Southwest,74025.13086948458,58532.46717478533,89517.79456418383,50301.98958697636,97748.2721519928
2024-04-01,BurgerKing,Southwest,74025.13086948458,58532.46717478533,89517.79456418383,50301.98958697636,97748.2721519928
2024-04-08,BurgerKing,Southwest,74025.13086948458,58532.46717478533,89517.79456418383,50301.98958697636,97748.2721519928
2024-04-15,BurgerKing,Southwest,74025.13086948458,58532.46717478533,89517.79456418383,50301.98958697636,97748.2721519928
2024-04-22,BurgerKing,Southwest,74025.13086948458,58532.46717478533,89517.79456418383,50301.98958697636,97748.2721519928
2024-04-29,BurgerKing,Southwest,74025.13086948458,58532.46717478533,89517.79456418383,50301.98958697636,97748.2721519928
2024-05-06,BurgerKing,Southwest,74025.13086948458,58532.46717478533,89517.79456418383,50301.98958697636,97748.2721519928
2024-05-13,BurgerKing,Southwest,74025.13086948458,58532.46717478533,89517.79456418383,50301.98958697636,97748.2721519928
2024-05-20,BurgerKing,Southwest,74025.13086948458,58532.46717478533,89517.79456418383,50301.98958697636,97748.2721519928
2024-05-27,BurgerKing,Southwest,74025.13086948458,58532.46717478533,89517.79456418383,50301.98958697636,97748.2721519928
2024-06-03,BurgerKing,Southwest,74025.13086948458,58532.46717478533,89517.79456418383,50301.98958697636,97748.2721519928
2024-06-10,BurgerKing,Southwest,74025.13086948458,58532.46717478533,89517.79456418383,50301.98958697636,97748.2721519928
2024-06-17,BurgerKing,Southwest,74025.13086948458,58532.46717478533,89517.79456418383,50301.98958697636,97748.2721519928
2024-06-24,BurgerKing,Southwest,74025.13086948458,58532.46717478533,89517.79456418383,50301.98958697636,97748.2721519928
2024-07-01,BurgerKing,Southwest,74025.13086948458,58532.46717478533,89517.79456418383,50301.98958697636,97748.2721519928
2024-07-08,BurgerKing,Southwest,74025.13086948458,58532.46717478533,89517.79456418383,50301.98958697636,97748.2721519928
2024-07-15,BurgerKing,Southwest,74025.13086948458,58532.46717478533,89517.79456418383,50301.98958697636,97748.2721519928
2024-07-22,BurgerKing,Southwest,74025.13086948458,58532.46717478533,89517.79456418383,50301.98958697636,97748.2721519928
2024-07-29,BurgerKing,Southwest,74025.13086948458,58532.46717478533,89517.79456418383,50301.98958697636,97748.2721519928
2024-08-05,BurgerKing,Southwest,74025.13086948458,58532.46717478533,89517.79456418383,50301.98958697636,97748.2721519928
2024-08-12,BurgerKing,Southwest,74025.13086948458,58532.46717478533,89517.79456418383,50301.98958697636,97748.2721519928
2024-08-19,BurgerKing,Southwest,74025.13086948458,58532.46717478533,89517.79456418383,50301.98958697636,97748.2721519928
2024-08-26,BurgerKing,Southwest,74025.13086948458,58532.46717478533,89517.79456418383,50301.98958697636,97748.2721519928
2024-09-02,BurgerKing,Southwest,74025.13086948458,58532.46717478533,89517.79456418383,50301.98958697636,97748.2721519928
2024-09-09,BurgerKing,Southwest,74025.13086948458,58532.46717478533,89517.79456418383,50301.98958697636,97748.2721519928
2024-09-16,BurgerKing,Southwest,74025.13086948458,58532.46717478533,89517.79456418383,50301.98958697636,97748.2721519928
2024-09-23,BurgerKing,Southwest,74025.13086948458,58532.46717478533,89517.79456418383,50301.98958697636,97748.2721519928
2024-09-30,BurgerKing,Southwest,74025.13086948458,58532.46717478533,89517.79456418383,50301.98958697636,97748.2721519928
2024-10-07,BurgerKing,Southwest,74025.13086948458,58532.46717478533,89517.79456418383,50301.98958697636,97748.2721519928
2024-10-14,BurgerKing,Southwest,74025.13086948458,58532.46717478533,89517.79456418383,50301.98958697636,97748.2721519928
2024-10-21,BurgerKing,Southwest,74025.13086948458,58532.46717478533,89517.79456418383,50301.98958697636,97748.2721519928
2024-10-28,BurgerKing,Southwest,74025.13086948458,58532.46717478533,89517.79456418383,50301.98958697636,97748.2721519928
2024-11-04,BurgerKing,Southwest,74025.13086948458,58532.46717478533,89517.79456418383,50301.98958697636,97748.2721519928
2024-11-11,BurgerKing,Southwest,74025.13086948458,58532.46717478533,89517.79456418383,50301.98958697636,97748.2721519928
2024-11-18,BurgerKing,Southwest,74025.13086948458,58532.46717478533,89517.79456418383,50301.98958697636,97748.2721519928
2024-11-25,BurgerKing,Southwest,74025.13086948458,58532.46717478533,89517.79456418383,50301.98958697636,97748.2721519928
2024-12-02,BurgerKing,Southwest,74025.13086948458,58532.46717478533,89517.79456418383,50301.98958697636,97748.2721519928
2024-12-09,BurgerKing,Southwest,74025.13086948458,58532.46717478533,89517.79456418383,50301.98958697636,97748.2721519928
2024-12-16,BurgerKing,Southwest,74025.13086948458,58532.46717478533,89517.79456418383,50301.98958697636,97748.2721519928
2024-12-23,BurgerKing,Southwest,74025.13086948458,58532.46717478533,89517.79456418383,50301.98958697636,97748.2721519928
2024-12-30,BurgerKing,Southwest,74025.13086948458,58532.46717478533,89517.79456418383,50301.98958697636,97748.2721519928
2024-01-01,BurgerKing,West,97772.97816869944,69714.5297502472,125831.42658715168,54808.47902794444,140737.47730945444
2024-01-08,BurgerKing,West,97772.97816869944,69714.5297502472,125831.42658715168,54808.47902794444,140737.47730945444
2024-01-15,BurgerKing,West,97772.97816869944,69714.5297502472,125831.42658715168,54808.47902794444,140737.47730945444
2024-01-22,BurgerKing,West,97772.97816869944,69714.5297502472,125831.42658715168,54808.47902794444,140737.47730945444
2024-01-29,BurgerKing,West,97772.97816869944,69714.5297502472,125831.42658715168,54808.47902794444,140737.47730945444
2024-02-05,BurgerKing,West,97772.97816869944,69714.5297502472,125831.42658715168,54808.47902794444,140737.47730945444
2024-02-12,BurgerKing,West,97772.97816869944,69714.5297502472,125831.42658715168,54808.47902794444,140737.47730945444
2024-02-19,BurgerKing,West,97772.97816869944,69714.5297502472,125831.42658715168,54808.47902794444,140737.47730945444
2024-02-26,BurgerKing,West,97772.97816869944,69714.5297502472,125831.42658715168,54808.47902794444,140737.47730945444
2024-03-04,BurgerKing,West,97772.97816869944,69714.5297502472,125831.42658715168,54808.47902794444,140737.47730945444
2024-03-11,BurgerKing,West,97772.97816869944,69714.5297502472,125831.42658715168,54808.47902794444,140737.47730945444
2024-03-18,BurgerKing,West,97772.97816869944,69714.5297502472,125831.42658715168,54808.47902794444,140737.47730945444
2024-03-25,BurgerKing,West,97772.97816869944,69714.5297502472,125831.42658715168,54808.47902794444,140737.47730945444
2024-04-01,BurgerKing,West,97772.97816869944,69714.5297502472,125831.42658715168,54808.47902794444,140737.47730945444
2024-04-08,BurgerKing,West,97772.97816869944,69714.5297502472,125831.42658715168,54808.47902794444,140737.47730945444
2024-04-15,BurgerKing,West,97772.97816869944,69714.5297502472,125831.42658715168,54808.47902794444,140737.47730945444
2024-04-22,BurgerKing,West,97772.97816869944,69714.5297502472,125831.42658715168,54808.47902794444,140737.47730945444
2024-04-29,BurgerKing,West,97772.97816869944,69714.5297502472,125831.42658715168,54808.47902794444,140737.47730945444
2024-05-06,BurgerKing,West,97772.97816869944,69714.5297502472,125831.42658715168,54808.47902794444,140737.47730945444
2024-05-13,BurgerKing,West,97772.97816869944,69714.5297502472,125831.42658715168,54808.47902794444,140737.47730945444
2024-05-20,BurgerKing,West,97772.97816869944,69714.5297502472,125831.42658715168,54808.47902794444,140737.47730945444
2024-05-27,BurgerKing,West,97772.97816869944,69714.5297502472,125831.42658715168,54808.47902794444,140737.47730945444
2024-06-03,BurgerKing,West,97772.97816869944,69714.5297502472,125831.42658715168,54808.47902794444,140737.47730945444
2024-06-10,BurgerKing,West,97772.97816869944,69714.5297502472,125831.42658715168,54808.47902794444,140737.47730945444
2024-06-17,BurgerKing,West,97772.97816869944,69714.5297502472,125831.42658715168,54808.47902794444,140737.47730945444
2024-06-24,BurgerKing,West,97772.97816869944,69714.5297502472,125831.42658715168,54808.47902794444,140737.47730945444
2024-07-01,BurgerKing,West,97772.97816869944,69714.5297502472,125831.42658715168,54808.47902794444,140737.47730945444
2024-07-08,BurgerKing,West,97772.97816869944,69714.5297502472,125831.42658715168,54808.47902794444,140737.47730945444
2024-07-15,BurgerKing,West,97772.97816869944,69714.5297502472,125831.42658715168,54808.47902794444,140737.47730945444
2024-07-22,BurgerKing,West,97772.97816869944,69714.5297502472,125831.42658715168,54808.47902794444,140737.47730945444
2024-07-29,BurgerKing,West,97772.97816869944,69714.5297502472,125831.42658715168,54808.47902794444,140737.47730945444
2024-08-05,BurgerKing,West,97772.97816869944,69714.5297502472,125831.42658715168,54808.47902794444,140737.47730945444
2024-08-12,BurgerKing,West,97772.97816869944,69714.5297502472,125831.42658715168,54808.47902794444,140737.47730945444
2024-08-19,BurgerKing,West,97772.97816869944,69714.5297502472,125831.42658715168,54808.47902794444,140737.47730945444
2024-08-26,BurgerKing,West,97772.97816869944,69714.5297502472,125831.42658715168,54808.47902794444,140737.47730945444
2024-09-02,BurgerKing,West,97772.97816869944,69714.5297502472,125831.42658715168,54808.47902794444,140737.47730945444
2024-09-09,BurgerKing,West,97772.97816869944,69714.5297502472,125831.42658715168,54808.47902794444,140737.47730945444
2024-09-16,BurgerKing,West,97772.97816869944,69714.5297502472,125831.42658715168,54808.47902794444,140737.47730945444
2024-09-23,BurgerKing,West,97772.97816869944,69714.5297502472,125831.42658715168,54808.47902794444,140737.47730945444
2024-09-30,BurgerKing,West,97772.97816869944,69714.5297502472,125831.42658715168,54808.47902794444,140737.47730945444
2024-10-07,BurgerKing,West,97772.97816869944,69714.5297502472,125831.42658715168,54808.47902794444,140737.47730945444
2024-10-14,BurgerKing,West,97772.97816869944,69714.5297502472,125831.42658715168,54808.47902794444,140737.47730945444
2024-10-21,BurgerKing,West,97772.97816869944,69714.5297502472,125831.42658715168,54808.47902794444,140737.47730945444
2024-10-28,BurgerKing,West,97772.97816869944,69714.5297502472,125831.42658715168,54808.47902794444,140737.47730945444
2024-11-04,BurgerKing,West,97772.97816869944,69714.5297502472,125831.42658715168,54808.47902794444,140737.47730945444
2024-11-11,BurgerKing,West,97772.97816869944,69714.5297502472,125831.42658715168,54808.47902794444,140737.47730945444
2024-11-18,BurgerKing,West,97772.97816869944,69714.5297502472,125831.42658715168,54808.47902794444,140737.47730945444
2024-11-25,BurgerKing,West,97772.97816869944,69714.5297502472,125831.42658715168,54808.47902794444,140737.47730945444
2024-12-02,BurgerKing,West,97772.97816869944,69714.5297502472,125831.42658715168,54808.47902794444,140737.47730945444
2024-12-09,BurgerKing,West,97772.97816869944,69714.5297502472,125831.42658715168,54808.47902794444,140737.47730945444
2024-12-16,BurgerKing,West,97772.97816869944,69714.5297502472,125831.42658715168,54808.47902794444,140737.47730945444
2024-12-23,BurgerKing,West,97772.97816869944,69714.5297502472,125831.42658715168,54808.47902794444,140737.47730945444
2024-12-30,BurgerKing,West,97772.97816869944,69714.5297502472,125831.42658715168,54808.47902794444,140737.47730945444
2024-01-01,Dominos,Midwest,33417.15721201,24182.285593577944,42652.02883044206,19276.26004628591,47558.05437773409
2024-01-08,Dominos,Midwest,33417.15721201,24182.285593577944,42652.02883044206,19276.26004628591,47558.05437773409
2024-01-15,Dominos,Midwest,33417.15721201,24182.285593577944,42652.02883044206,19276.26004628591,47558.05437773409
2024-01-22,Dominos,Midwest,33417.15721201,24182.285593577944,42652.02883044206,19276.26004628591,47558.05437773409
2024-01-29,Dominos,Midwest,33417.15721201,24182.285593577944,42652.02883044206,19276.26004628591,47558.05437773409
2024-02-05,Dominos,Midwest,33417.15721201,24182.285593577944,42652.02883044206,19276.26004628591,47558.05437773409
2024-02-12,Dominos,Midwest,33417.15721201,24182.285593577944,42652.02883044206,19276.26004628591,47558.05437773409
2024-02-19,Dominos,Midwest,33417.15721201,24182.285593577944,42652.02883044206,19276.26004628591,47558.05437773409
2024-02-26,Dominos,Midwest,33417.15721201,24182.285593577944,42652.02883044206,19276.26004628591,47558.05437773409
2024-03-04,Dominos,Midwest,33417.15721201,24182.285593577944,42652.02883044206,19276.26004628591,47558.05437773409
2024-03-11,Dominos,Midwest,33417.15721201,24182.285593577944,42652.02883044206,19276.26004628591,47558.05437773409
2024-03-18,Dominos,Midwest,33417.15721201,24182.285593577944,42652.02883044206,19276.26004628591,47558.05437773409
2024-03-25,Dominos,Midwest,33417.15721201,24182.285593577944,42652.02883044206,19276.26004628591,47558.05437773409
2024-04-01,Dominos,Midwest,33417.15721201,24182.285593577944,42652.02883044206,19276.26004628591,47558.05437773409
2024-04-08,Dominos,Midwest,33417.15721201,24182.285593577944,42652.02883044206,19276.26004628591,47558.05437773409
2024-04-15,Dominos,Midwest,33417.15721201,24182.285593577944,42652.02883044206,19276.26004628591,47558.05437773409
2024-04-22,Dominos,Midwest,33417.15721201,24182.285593577944,42652.02883044206,19276.26004628591,47558.05437773409
2024-04-29,Dominos,Midwest,33417.15721201,24182.285593577944,42652.02883044206,19276.26004628591,47558.05437773409
2024-05-06,Dominos,Midwest,33417.15721201,24182.285593577944,42652.02883044206,19276.26004628591,47558.05437773409
2024-05-13,Dominos,Midwest,33417.15721201,24182.285593577944,42652.02883044206,19276.26004628591,47558.05437773409
2024-05-20,Dominos,Midwest,33417.15721201,24182.285593577944,42652.02883044206,19276.26004628591,47558.05437773409
2024-05-27,Dominos,Midwest,33417.15721201,24182.285593577944,42652.02883044206,19276.26004628591,47558.05437773409
2024-06-03,Dominos,Midwest,33417.15721201,24182.285593577944,42652.02883044206,19276.26004628591,47558.05437773409
2024-06-10,Dominos,Midwest,33417.15721201,24182.285593577944,42652.02883044206,19276.26004628591,47558.05437773409
2024-06-17,Dominos,Midwest,33417.15721201,24182.285593577944,42652.02883044206,19276.26004628591,47558.05437773409
2024-06-24,Dominos,Midwest,33417.15721201,24182.285593577944,42652.02883044206,19276.26004628591,47558.05437773409
2024-07-01,Dominos,Midwest,33417.15721201,24182.285593577944,42652.02883044206,19276.26004628591,47558.05437773409
2024-07-08,Dominos,Midwest,33417.15721201,24182.285593577944,42652.02883044206,19276.26004628591,47558.05437773409
2024-07-15,Dominos,Midwest,33417.15721201,24182.285593577944,42652.02883044206,19276.26004628591,47558.05437773409
2024-07-22,Dominos,Midwest,33417.15721201,24182.285593577944,42652.02883044206,19276.26004628591,47558.05437773409
2024-07-29,Dominos,Midwest,33417.15721201,24182.285593577944,42652.02883044206,19276.26004628591,47558.05437773409
2024-08-05,Dominos,Midwest,33417.15721201,24182.285593577944,42652.02883044206,19276.26004628591,47558.05437773409
2024-08-12,Dominos,Midwest,33417.15721201,24182.285593577944,42652.02883044206,19276.26004628591,47558.05437773409
2024-08-19,Dominos,Midwest,33417.15721201,24182.285593577944,42652.02883044206,19276.26004628591,47558.05437773409
2024-08-26,Dominos,Midwest,33417.15721201,24182.285593577944,42652.02883044206,19276.26004628591,47558.05437773409
2024-09-02,Dominos,Midwest,33417.15721201,24182.285593577944,42652.02883044206,19276.26004628591,47558.05437773409
2024-09-09,Dominos,Midwest,33417.15721201,24182.285593577944,42652.02883044206,19276.26004628591,47558.05437773409
2024-09-16,Dominos,Midwest,33417.15721201,24182.285593577944,42652.02883044206,19276.26004628591,47558.05437773409
2024-09-23,Dominos,Midwest,33417.15721201,24182.285593577944,42652.02883044206,19276.26004628591,47558.05437773409
2024-09-30,Dominos,Midwest,33417.15721201,24182.285593577944,42652.02883044206,19276.26004628591,47558.05437773409
2024-10-07,Dominos,Midwest,33417.15721201,24182.285593577944,42652.02883044206,19276.26004628591,47558.05437773409
2024-10-14,Dominos,Midwest,33417.15721201,24182.285593577944,42652.02883044206,19276.26004628591,47558.05437773409
2024-10-21,Dominos,Midwest,33417.15721201,24182.285593577944,42652.02883044206,19276.26004628591,47558.05437773409
2024-10-28,Dominos,Midwest,33417.15721201,24182.285593577944,42652.02883044206,19276.26004628591,47558.05437773409
2024-11-04,Dominos,Midwest,33417.15721201,24182.285593577944,42652.02883044206,19276.26004628591,47558.05437773409
2024-11-11,Dominos,Midwest,33417.15721201,24182.285593577944,42652.02883044206,19276.26004628591,47558.05437773409
2024-11-18,Dominos,Midwest,33417.15721201,24182.285593577944,42652.02883044206,19276.26004628591,47558.05437773409
2024-11-25,Dominos,Midwest,33417.15721201,24182.285593577944,42652.02883044206,19276.26004628591,47558.05437773409
2024-12-02,Dominos,Midwest,33417.15721201,24182.285593577944,42652.02883044206,19276.26004628591,47558.05437773409
2024-12-09,Dominos,Midwest,33417.15721201,24182.285593577944,42652.02883044206,19276.26004628591,47558.05437773409
2024-12-16,Dominos,Midwest,33417.15721201,24182.285593577944,42652.02883044206,19276.26004628591,47558.05437773409
2024-12-23,Dominos,Midwest,33417.15721201,24182.285593577944,42652.02883044206,19276.26004628591,47558.05437773409
2024-12-30,Dominos,Midwest,33417.15721201,24182.285593577944,42652.02883044206,19276.26004628591,47558.05437773409
2024-01-01,Dominos,Northeast,46849.009344172984,27525.65220239679,66172.36648594918,17260.118720828184,76437.89996751779
2024-01-08,Dominos,Northeast,46849.009344172984,27525.65220239679,66172.36648594918,17260.118720828184,76437.89996751779
2024-01-15,Dominos,Northeast,46849.009344172984,27525.65220239679,66172.36648594918,17260.118720828184,76437.89996751779
2024-01-22,Dominos,Northeast,46849.009344172984,27525.65220239679,66172.36648594918,17260.118720828184,76437.89996751779
2024-01-29,Dominos,Northeast,46849.009344172984,27525.65220239679,66172.36648594918,17260.118720828184,76437.89996751779
2024-02-05,Dominos,Northeast,46849.009344172984,27525.65220239679,66172.36648594918,17260.118720828184,76437.89996751779
2024-02-12,Dominos,Northeast,46849.009344172984,27525.65220239679,66172.36648594918,17260.118720828184,76437.89996751779
2024-02-19,Dominos,Northeast,46849.009344172984,27525.65220239679,66172.36648594918,17260.118720828184,76437.89996751779
2024-02-26,Dominos,Northeast,46849.009344172984,27525.65220239679,66172.36648594918,17260.118720828184,76437.89996751779
2024-03-04,Dominos,Northeast,46849.009344172984,27525.65220239679,66172.36648594918,17260.118720828184,76437.89996751779
2024-03-11,Dominos,Northeast,46849.009344172984,27525.65220239679,66172.36648594918,17260.118720828184,76437.89996751779
2024-03-18,Dominos,Northeast,46849.009344172984,27525.65220239679,66172.36648594918,17260.118720828184,76437.89996751779
2024-03-25,Dominos,Northeast,46849.009344172984,27525.65220239679,66172.36648594918,17260.118720828184,76437.89996751779
2024-04-01,Dominos,Northeast,46849.009344172984,27525.65220239679,66172.36648594918,17260.118720828184,76437.89996751779
2024-04-08,Dominos,Northeast,46849.009344172984,27525.65220239679,66172.36648594918,17260.118720828184,76437.89996751779
2024-04-15,Dominos,Northeast,46849.009344172984,27525.65220239679,66172.36648594918,17260.118720828184,76437.89996751779
2024-04-22,Dominos,Northeast,46849.009344172984,27525.65220239679,66172.36648594918,17260.118720828184,76437.89996751779
2024-04-29,Dominos,Northeast,46849.009344172984,27525.65220239679,66172.36648594918,17260.118720828184,76437.89996751779
2024-05-06,Dominos,Northeast,46849.009344172984,27525.65220239679,66172.36648594918,17260.118720828184,76437.89996751779
2024-05-13,Dominos,Northeast,46849.009344172984,27525.65220239679,66172.36648594918,17260.118720828184,76437.89996751779
2024-05-20,Dominos,Northeast,46849.009344172984,27525.65220239679,66172.36648594918,17260.118720828184,76437.89996751779
2024-05-27,Dominos,Northeast,46849.009344172984,27525.65220239679,66172.36648594918,17260.118720828184,76437.89996751779
2024-06-03,Dominos,Northeast,46849.009344172984,27525.65220239679,66172.36648594918,17260.118720828184,76437.89996751779
2024-06-10,Dominos,Northeast,46849.009344172984,27525.65220239679,66172.36648594918,17260.118720828184,76437.89996751779
2024-06-17,Dominos,Northeast,46849.009344172984,27525.65220239679,66172.36648594918,17260.118720828184,76437.89996751779
2024-06-24,Dominos,Northeast,46849.009344172984,27525.65220239679,66172.36648594918,17260.118720828184,76437.89996751779
2024-07-01,Dominos,Northeast,46849.009344172984,27525.65220239679,66172.36648594918,17260.118720828184,76437.89996751779
2024-07-08,Dominos,Northeast,46849.009344172984,27525.65220239679,66172.36648594918,17260.118720828184,76437.89996751779
2024-07-15,Dominos,Northeast,46849.009344172984,27525.65220239679,66172.36648594918,17260.118720828184,76437.89996751779
2024-07-22,Dominos,Northeast,46849.009344172984,27525.65220239679,66172.36648594918,17260.118720828184,76437.89996751779
2024-07-29,Dominos,Northeast,46849.009344172984,27525.65220239679,66172.36648594918,17260.118720828184,76437.89996751779
2024-08-05,Dominos,Northeast,46849.009344172984,27525.65220239679,66172.36648594918,17260.118720828184,76437.89996751779
2024-08-12,Dominos,Northeast,46849.009344172984,27525.65220239679,66172.36648594918,17260.118720828184,76437.89996751779
2024-08-19,Dominos,Northeast,46849.009344172984,27525.65220239679,66172.36648594918,17260.118720828184,76437.89996751779
2024-08-26,Dominos,Northeast,46849.009344172984,27525.65220239679,66172.36648594918,17260.118720828184,76437.89996751779
2024-09-02,Dominos,Northeast,46849.009344172984,27525.65220239679,66172.36648594918,17260.118720828184,76437.89996751779
2024-09-09,Dominos,Northeast,46849.009344172984,27525.65220239679,66172.36648594918,17260.118720828184,76437.89996751779
2024-09-16,Dominos,Northeast,46849.009344172984,27525.65220239679,66172.36648594918,17260.118720828184,76437.89996751779
2024-09-23,Dominos,Northeast,46849.009344172984,27525.65220239679,66172.36648594918,17260.118720828184,76437.89996751779
2024-09-30,Dominos,Northeast,46849.009344172984,27525.65220239679,66172.36648594918,17260.118720828184,76437.89996751779
2024-10-07,Dominos,Northeast,46849.009344172984,27525.65220239679,66172.36648594918,17260.118720828184,76437.89996751779
2024-10-14,Dominos,Northeast,46849.009344172984,27525.65220239679,66172.36648594918,17260.118720828184,76437.89996751779
2024-10-21,Dominos,Northeast,46849.009344172984,27525.65220239679,66172.36648594918,17260.118720828184,76437.89996751779
2024-10-28,Dominos,Northeast,46849.009344172984,27525.65220239679,66172.36648594918,17260.118720828184,76437.89996751779
2024-11-04,Dominos,Northeast,46849.009344172984,27525.65220239679,66172.36648594918,17260.118720828184,76437.89996751779
2024-11-11,Dominos,Northeast,46849.009344172984,27525.65220239679,66172.36648594918,17260.118720828184,76437.89996751779
2024-11-18,Dominos,Northeast,46849.009344172984,27525.65220239679,66172.36648594918,17260.118720828184,76437.89996751779
2024-11-25,Dominos,Northeast,46849.009344172984,27525.65220239679,66172.36648594918,17260.118720828184,76437.89996751779
2024-12-02,Dominos,Northeast,46849.009344172984,27525.65220239679,66172.36648594918,17260.118720828184,76437.89996751779
2024-12-09,Dominos,Northeast,46849.009344172984,27525.65220239679,66172.36648594918,17260.118720828184,76437.89996751779
2024-12-16,Dominos,Northeast,46849.009344172984,27525.65220239679,66172.36648594918,17260.118720828184,76437.89996751779
2024-12-23,Dominos,Northeast,46849.009344172984,27525.65220239679,66172.36648594918,17260.118720828184,76437.89996751779
2024-12-30,Dominos,Northeast,46849.009344172984,27525.65220239679,66172.36648594918,17260.118720828184,76437.89996751779
2024-01-01,Dominos,South,54363.38427246578,31962.17200368067,76764.5965412509,20061.527985888577,88665.24055904298
2024-01-08,Dominos,South,54363.38427246578,31962.17200368067,76764.5965412509,20061.527985888577,88665.24055904298
2024-01-15,Dominos,South,54363.38427246578,31962.17200368067,76764.5965412509,20061.527985888577,88665.24055904298
2024-01-22,Dominos,South,54363.38427246578,31962.17200368067,76764.5965412509,20061.527985888577,88665.24055904298
2024-01-29,Dominos,South,54363.38427246578,31962.17200368067,76764.5965412509,20061.527985888577,88665.24055904298
2024-02-05,Dominos,South,54363.38427246578,31962.17200368067,76764.5965412509,20061.527985888577,88665.24055904298
2024-02-12,Dominos,South,54363.38427246578,31962.17200368067,76764.5965412509,20061.527985888577,88665.24055904298
2024-02-19,Dominos,South,54363.38427246578,31962.17200368067,76764.5965412509,20061.527985888577,88665.24055904298
2024-02-26,Dominos,South,54363.38427246578,31962.17200368067,76764.5965412509,20061.527985888577,88665.24055904298
2024-03-04,Dominos,South,54363.38427246578,31962.17200368067,76764.5965412509,20061.527985888577,88665.24055904298
2024-03-11,Dominos,South,54363.38427246578,31962.17200368067,76764.5965412509,20061.527985888577,88665.24055904298
2024-03-18,Dominos,South,54363.38427246578,31962.17200368067,76764.5965412509,20061.527985888577,88665.24055904298
2024-03-25,Dominos,South,54363.38427246578,31962.17200368067,76764.5965412509,20061.527985888577,88665.24055904298
2024-04-01,Dominos,South,54363.38427246578,31962.17200368067,76764.5965412509,20061.527985888577,88665.24055904298
2024-04-08,Dominos,South,54363.38427246578,31962.17200368067,76764.5965412509,20061.527985888577,88665.24055904298
2024-04-15,Dominos,South,54363.38427246578,31962.17200368067,76764.5965412509,20061.527985888577,88665.24055904298
2024-04-22,Dominos,South,54363.38427246578,31962.17200368067,76764.5965412509,20061.527985888577,88665.24055904298
2024-04-29,Dominos,South,54363.38427246578,31962.17200368067,76764.5965412509,20061.527985888577,88665.24055904298
2024-05-06,Dominos,South,54363.38427246578,31962.17200368067,76764.5965412509,20061.527985888577,88665.24055904298
2024-05-13,Dominos,South,54363.38427246578,31962.17200368067,76764.5965412509,20061.527985888577,88665.24055904298
2024-05-20,Dominos,South,54363.38427246578,31962.17200368067,76764.5965412509,20061.527985888577,88665.24055904298
2024-05-27,Dominos,South,54363.38427246578,31962.17200368067,76764.5965412509,20061.527985888577,88665.24055904298
2024-06-03,Dominos,South,54363.38427246578,31962.17200368067,76764.5965412509,20061.527985888577,88665.24055904298
2024-06-10,Dominos,South,54363.38427246578,31962.17200368067,76764.5965412509,20061.527985888577,88665.24055904298
2024-06-17,Dominos,South,54363.38427246578,31962.17200368067,76764.5965412509,20061.527985888577,88665.24055904298
2024-06-24,Dominos,South,54363.38427246578,31962.17200368067,76764.5965412509,20061.527985888577,88665.24055904298
2024-07-01,Dominos,South,54363.38427246578,31962.17200368067,76764.5965412509,20061.527985888577,88665.24055904298
2024-07-08,Dominos,South,54363.38427246578,31962.17200368067,76764.5965412509,20061.527985888577,88665.24055904298
2024-07-15,Dominos,South,54363.38427246578,31962.17200368067,76764.5965412509,20061.527985888577,88665.24055904298
2024-07-22,Dominos,South,54363.38427246578,31962.17200368067,76764.5965412509,20061.527985888577,88665.24055904298
2024-07-29,Dominos,South,54363.38427246578,31962.17200368067,76764.5965412509,20061.527985888577,88665.24055904298
2024-08-05,Dominos,South,54363.38427246578,31962.17200368067,76764.5965412509,20061.527985888577,88665.24055904298
2024-08-12,Dominos,South,54363.38427246578,31962.17200368067,76764.5965412509,20061.527985888577,88665.24055904298
2024-08-19,Dominos,South,54363.38427246578,31962.17200368067,76764.5965412509,20061.527985888577,88665.24055904298
2024-08-26,Dominos,South,54363.38427246578,31962.17200368067,76764.5965412509,20061.527985888577,88665.24055904298
2024-09-02,Dominos,South,54363.38427246578,31962.17200368067,76764.5965412509,20061.527985888577,88665.24055904298
2024-09-09,Dominos,South,54363.38427246578,31962.17200368067,76764.5965412509,20061.527985888577,88665.24055904298
2024-09-16,Dominos,South,54363.38427246578,31962.17200368067,76764.5965412509,20061.527985888577,88665.24055904298
2024-09-23,Dominos,South,54363.38427246578,31962.17200368067,76764.5965412509,20061.527985888577,88665.24055904298
2024-09-30,Dominos,South,54363.38427246578,31962.17200368067,76764.5965412509,20061.527985888577,88665.24055904298
2024-10-07,Dominos,South,54363.38427246578,31962.17200368067,76764.5965412509,20061.527985888577,88665.24055904298
2024-10-14,Dominos,South,54363.38427246578,31962.17200368067,76764.5965412509,20061.527985888577,88665.24055904298
2024-10-21,Dominos,South,54363.38427246578,31962.17200368067,76764.5965412509,20061.527985888577,88665.24055904298
2024-10-28,Dominos,South,54363.38427246578,31962.17200368067,76764.5965412509,20061.527985888577,88665.24055904298
2024-11-04,Dominos,South,54363.38427246578,31962.17200368067,76764.5965412509,20061.527985888577,88665.24055904298
2024-11-11,Dominos,South,54363.38427246578,31962.17200368067,76764.5965412509,20061.527985888577,88665.24055904298
2024-11-18,Dominos,South,54363.38427246578,31962.17200368067,76764.5965412509,20061.527985888577,88665.24055904298
2024-11-25,Dominos,South,54363.38427246578,31962.17200368067,76764.5965412509,20061.527985888577,88665.24055904298
2024-12-02,Dominos,South,54363.38427246578,31962.17200368067,76764.5965412509,20061.527985888577,88665.24055904298
2024-12-09,Dominos,South,54363.38427246578,31962.17200368067,76764.5965412509,20061.527985888577,88665.24055904298
2024-12-16,Dominos,South,54363.38427246578,31962.17200368067,76764.5965412509,20061.527985888577,88665.24055904298
2024-12-23,Dominos,South,54363.38427246578,31962.17200368067,76764.5965412509,20061.527985888577,88665.24055904298
2024-12-30,Dominos,South,54363.38427246578,31962.17200368067,76764.5965412509,20061.527985888577,88665.24055904298
2024-01-01,Dominos,Southwest,25776.36334975226,11342.91407809939,40209.81262140513,3675.1441525338014,47877.58254697072
2024-01-08,Dominos,Southwest,25776.36334975226,11342.91407809939,40209.81262140513,3675.1441525338014,47877.58254697072
2024-01-15,Dominos,Southwest,25776.36334975226,11342.91407809939,40209.81262140513,3675.1441525338014,47877.58254697072
2024-01-22,Dominos,Southwest,25776.36334975226,11342.91407809939,40209.81262140513,3675.1441525338014,47877.58254697072
2024-01-29,Dominos,Southwest,25776.36334975226,11342.91407809939,40209.81262140513,3675.1441525338014,47877.58254697072
2024-02-05,Dominos,Southwest,25776.36334975226,11342.91407809939,40209.81262140513,3675.1441525338014,47877.58254697072
2024-02-12,Dominos,Southwest,25776.36334975226,11342.91407809939,40209.81262140513,3675.1441525338014,47877.58254697072
2024-02-19,Dominos,Southwest,25776.36334975226,11342.91407809939,40209.81262140513,3675.1441525338014,47877.58254697072
2024-02-26,Dominos,Southwest,25776.36334975226,11342.91407809939,40209.81262140513,3675.1441525338014,47877.58254697072
2024-03-04,Dominos,Southwest,25776.36334975226,11342.91407809939,40209.81262140513,3675.1441525338014,47877.58254697072
2024-03-11,Dominos,Southwest,25776.36334975226,11342.91407809939,40209.81262140513,3675.1441525338014,47877.58254697072
2024-03-18,Dominos,Southwest,25776.36334975226,11342.91407809939,40209.81262140513,3675.1441525338014,47877.58254697072
2024-03-25,Dominos,Southwest,25776.36334975226,11342.91407809939,40209.81262140513,3675.1441525338014,47877.58254697072
2024-04-01,Dominos,Southwest,25776.36334975226,11342.91407809939,40209.81262140513,3675.1441525338014,47877.58254697072
2024-04-08,Dominos,Southwest,25776.36334975226,11342.91407809939,40209.81262140513,3675.1441525338014,47877.58254697072
2024-04-15,Dominos,Southwest,25776.36334975226,11342.91407809939,40209.81262140513,3675.1441525338014,47877.58254697072
2024-04-22,Dominos,Southwest,25776.36334975226,11342.91407809939,40209.81262140513,3675.1441525338014,47877.58254697072
2024-04-29,Dominos,Southwest,25776.36334975226,11342.91407809939,40209.81262140513,3675.1441525338014,47877.58254697072
2024-05-06,Dominos,Southwest,25776.36334975226,11342.91407809939,40209.81262140513,3675.1441525338014,47877.58254697072
2024-05-13,Dominos,Southwest,25776.36334975226,11342.91407809939,40209.81262140513,3675.1441525338014,47877.58254697072
2024-05-20,Dominos,Southwest,25776.36334975226,11342.91407809939,40209.81262140513,3675.1441525338014,47877.58254697072
2024-05-27,Dominos,Southwest,25776.36334975226,11342.91407809939,40209.81262140513,3675.1441525338014,47877.58254697072
2024-06-03,Dominos,Southwest,25776.36334975226,11342.91407809939,40209.81262140513,3675.1441525338014,47877.58254697072
2024-06-10,Dominos,Southwest,25776.36334975226,11342.91407809939,40209.81262140513,3675.1441525338014,47877.58254697072
2024-06-17,Dominos,Southwest,25776.36334975226,11342.91407809939,40209.81262140513,3675.1441525338014,47877.58254697072
2024-06-24,Dominos,Southwest,25776.36334975226,11342.91407809939,40209.81262140513,3675.1441525338014,47877.58254697072
2024-07-01,Dominos,Southwest,25776.36334975226,11342.91407809939,40209.81262140513,3675.1441525338014,47877.58254697072
2024-07-08,Dominos,Southwest,25776.36334975226,11342.91407809939,40209.81262140513,3675.1441525338014,47877.58254697072
2024-07-15,Dominos,Southwest,25776.36334975226,11342.91407809939,40209.81262140513,3675.1441525338014,47877.58254697072
2024-07-22,Dominos,Southwest,25776.36334975226,11342.91407809939,40209.81262140513,3675.1441525338014,47877.58254697072
2024-07-29,Dominos,Southwest,25776.36334975226,11342.91407809939,40209.81262140513,3675.1441525338014,47877.58254697072
2024-08-05,Dominos,Southwest,25776.36334975226,11342.91407809939,40209.81262140513,3675.1441525338014,47877.58254697072
2024-08-12,Dominos,Southwest,25776.36334975226,11342.91407809939,40209.81262140513,3675.1441525338014,47877.58254697072
2024-08-19,Dominos,Southwest,25776.36334975226,11342.91407809939,40209.81262140513,3675.1441525338014,47877.58254697072
2024-08-26,Dominos,Southwest,25776.36334975226,11342.91407809939,40209.81262140513,3675.1441525338014,47877.58254697072
2024-09-02,Dominos,Southwest,25776.36334975226,11342.91407809939,40209.81262140513,3675.1441525338014,47877.58254697072
2024-09-09,Dominos,Southwest,25776.36334975226,11342.91407809939,40209.81262140513,3675.1441525338014,47877.58254697072
2024-09-16,Dominos,Southwest,25776.36334975226,11342.91407809939,40209.81262140513,3675.1441525338014,47877.58254697072
2024-09-23,Dominos,Southwest,25776.36334975226,11342.91407809939,40209.81262140513,3675.1441525338014,47877.58254697072
2024-09-30,Dominos,Southwest,25776.36334975226,11342.91407809939,40209.81262140513,3675.1441525338014,47877.58254697072
2024-10-07,Dominos,Southwest,25776.36334975226,11342.91407809939,40209.81262140513,3675.1441525338014,47877.58254697072
2024-10-14,Dominos,Southwest,25776.36334975226,11342.91407809939,40209.81262140513,3675.1441525338014,47877.58254697072
2024-10-21,Dominos,Southwest,25776.36334975226,11342.91407809939,40209.81262140513,3675.1441525338014,47877.58254697072
2024-10-28,Dominos,Southwest,25776.36334975226,11342.91407809939,40209.81262140513,3675.1441525338014,47877.58254697072
2024-11-04,Dominos,Southwest,25776.36334975226,11342.91407809939,40209.81262140513,3675.1441525338014,47877.58254697072
2024-11-11,Dominos,Southwest,25776.36334975226,11342.91407809939,40209.81262140513,3675.1441525338014,47877.58254697072
2024-11-18,Dominos,Southwest,25776.36334975226,11342.91407809939,40209.81262140513,3675.1441525338014,47877.58254697072
2024-11-25,Dominos,Southwest,25776.36334975226,11342.91407809939,40209.81262140513,3675.1441525338014,47877.58254697072
2024-12-02,Dominos,Southwest,25776.36334975226,11342.91407809939,40209.81262140513,3675.1441525338014,47877.58254697072
2024-12-09,Dominos,Southwest,25776.36334975226,11342.91407809939,40209.81262140513,3675.1441525338014,47877.58254697072
2024-12-16,Dominos,Southwest,25776.36334975226,11342.91407809939,40209.81262140513,3675.1441525338014,47877.58254697072
2024-12-23,Dominos,Southwest,25776.36334975226,11342.91407809939,40209.81262140513,3675.1441525338014,47877.58254697072
2024-12-30,Dominos,Southwest,25776.36334975226,11342.91407809939,40209.81262140513,3675.1441525338014,47877.58254697072
2024-01-01,Dominos,West,23987.995275321016,10082.88249342814,37893.10805721389,2695.7913280475514,45280.199222594485
2024-01-08,Dominos,West,23987.995275321016,10082.88249342814,37893.10805721389,2695.7913280475514,45280.199222594485
2024-01-15,Dominos,West,23987.995275321016,10082.88249342814,37893.10805721389,2695.7913280475514,45280.199222594485
2024-01-22,Dominos,West,23987.995275321016,10082.88249342814,37893.10805721389,2695.7913280475514,45280.199222594485
2024-01-29,Dominos,West,23987.995275321016,10082.88249342814,37893.10805721389,2695.7913280475514,45280.199222594485
2024-02-05,Dominos,West,23987.995275321016,10082.88249342814,37893.10805721389,2695.7913280475514,45280.199222594485
2024-02-12,Dominos,West,23987.995275321016,10082.88249342814,37893.10805721389,2695.7913280475514,45280.199222594485
2024-02-19,Dominos,West,23987.995275321016,10082.88249342814,37893.10805721389,2695.7913280475514,45280.199222594485
2024-02-26,Dominos,West,23987.995275321016,10082.88249342814,37893.10805721389,2695.7913280475514,45280.199222594485
2024-03-04,Dominos,West,23987.995275321016,10082.88249342814,37893.10805721389,2695.7913280475514,45280.199222594485
2024-03-11,Dominos,West,23987.995275321016,10082.88249342814,37893.10805721389,2695.7913280475514,45280.199222594485
2024-03-18,Dominos,West,23987.995275321016,10082.88249342814,37893.10805721389,2695.7913280475514,45280.199222594485
2024-03-25,Dominos,West,23987.995275321016,10082.88249342814,37893.10805721389,2695.7913280475514,45280.199222594485
2024-04-01,Dominos,West,23987.995275321016,10082.88249342814,37893.10805721389,2695.7913280475514,45280.199222594485
2024-04-08,Dominos,West,23987.995275321016,10082.88249342814,37893.10805721389,2695.7913280475514,45280.199222594485
2024-04-15,Dominos,West,23987.995275321016,10082.88249342814,37893.10805721389,2695.7913280475514,45280.199222594485
2024-04-22,Dominos,West,23987.995275321016,10082.88249342814,37893.10805721389,2695.7913280475514,45280.199222594485
2024-04-29,Dominos,West,23987.995275321016,10082.88249342814,37893.10805721389,2695.7913280475514,45280.199222594485
2024-05-06,Dominos,West,23987.995275321016,10082.88249342814,37893.10805721389,2695.7913280475514,45280.199222594485
2024-05-13,Dominos,West,23987.995275321016,10082.88249342814,37893.10805721389,2695.7913280475514,45280.199222594485
2024-05-20,Dominos,West,23987.995275321016,10082.88249342814,37893.10805721389,2695.7913280475514,45280.199222594485
2024-05-27,Dominos,West,23987.995275321016,10082.88249342814,37893.10805721389,2695.7913280475514,45280.199222594485
2024-06-03,Dominos,West,23987.995275321016,10082.88249342814,37893.10805721389,2695.7913280475514,45280.199222594485
2024-06-10,Dominos,West,23987.995275321016,10082.88249342814,37893.10805721389,2695.7913280475514,45280.199222594485
2024-06-17,Dominos,West,23987.995275321016,10082.88249342814,37893.10805721389,2695.7913280475514,45280.199222594485
2024-06-24,Dominos,West,23987.995275321016,10082.88249342814,37893.10805721389,2695.7913280475514,45280.199222594485
2024-07-01,Dominos,West,23987.995275321016,10082.88249342814,37893.10805721389,2695.7913280475514,45280.199222594485
2024-07-08,Dominos,West,23987.995275321016,10082.88249342814,37893.10805721389,2695.7913280475514,45280.199222594485
2024-07-15,Dominos,West,23987.995275321016,10082.88249342814,37893.10805721389,2695.7913280475514,45280.199222594485
2024-07-22,Dominos,West,23987.995275321016,10082.88249342814,37893.10805721389,2695.7913280475514,45280.199222594485
2024-07-29,Dominos,West,23987.995275321016,10082.88249342814,37893.10805721389,2695.7913280475514,45280.199222594485
2024-08-05,Dominos,West,23987.995275321016,10082.88249342814,37893.10805721389,2695.7913280475514,45280.199222594485
2024-08-12,Dominos,West,23987.995275321016,10082.88249342814,37893.10805721389,2695.7913280475514,45280.199222594485
2024-08-19,Dominos,West,23987.995275321016,10082.88249342814,37893.10805721389,2695.7913280475514,45280.199222594485
2024-08-26,Dominos,West,23987.995275321016,10082.88249342814,37893.10805721389,2695.7913280475514,45280.199222594485
2024-09-02,Dominos,West,23987.995275321016,10082.88249342814,37893.10805721389,2695.7913280475514,45280.199222594485
2024-09-09,Dominos,West,23987.995275321016,10082.88249342814,37893.10805721389,2695.7913280475514,45280.199222594485
2024-09-16,Dominos,West,23987.995275321016,10082.88249342814,37893.10805721389,2695.7913280475514,45280.199222594485
2024-09-23,Dominos,West,23987.995275321016,10082.88249342814,37893.10805721389,2695.7913280475514,45280.199222594485
2024-09-30,Dominos,West,23987.995275321016,10082.88249342814,37893.10805721389,2695.7913280475514,45280.199222594485
2024-10-07,Dominos,West,23987.995275321016,10082.88249342814,37893.10805721389,2695.7913280475514,45280.199222594485
2024-10-14,Dominos,West,23987.995275321016,10082.88249342814,37893.10805721389,2695.7913280475514,45280.199222594485
2024-10-21,Dominos,West,23987.995275321016,10082.88249342814,37893.10805721389,2695.7913280475514,45280.199222594485
2024-10-28,Dominos,West,23987.995275321016,10082.88249342814,37893.10805721389,2695.7913280475514,45280.199222594485
2024-11-04,Dominos,West,23987.995275321016,10082.88249342814,37893.10805721389,2695.7913280475514,45280.199222594485
2024-11-11,Dominos,West,23987.995275321016,10082.88249342814,37893.10805721389,2695.7913280475514,45280.199222594485
2024-11-18,Dominos,West,23987.995275321016,10082.88249342814,37893.10805721389,2695.7913280475514,45280.199222594485
2024-11-25,Dominos,West,23987.995275321016,10082.88249342814,37893.10805721389,2695.7913280475514,45280.199222594485
2024-12-02,Dominos,West,23987.995275321016,10082.88249342814,37893.10805721389,2695.7913280475514,45280.199222594485
2024-12-09,Dominos,West,23987.995275321016,10082.88249342814,37893.10805721389,2695.7913280475514,45280.199222594485
2024-12-16,Dominos,West,23987.995275321016,10082.88249342814,37893.10805721389,2695.7913280475514,45280.199222594485
2024-12-23,Dominos,West,23987.995275321016,10082.88249342814,37893.10805721389,2695.7913280475514,45280.199222594485
2024-12-30,Dominos,West,23987.995275321016,10082.88249342814,37893.10805721389,2695.7913280475514,45280.199222594485
2024-01-01,KFC,Midwest,64098.67837506132,43644.637490775414,84552.71925934721,32778.42827099853,95418.92847912411
2024-01-08,KFC,Midwest,64098.67837506132,43644.637490775414,84552.71925934721,32778.42827099853,95418.92847912411
2024-01-15,KFC,Midwest,64098.67837506132,43644.637490775414,84552.71925934721,32778.42827099853,95418.92847912411
2024-01-22,KFC,Midwest,64098.67837506132,43644.637490775414,84552.71925934721,32778.42827099853,95418.92847912411
2024-01-29,KFC,Midwest,64098.67837506132,43644.637490775414,84552.71925934721,32778.42827099853,95418.92847912411
2024-02-05,KFC,Midwest,64098.67837506132,43644.637490775414,84552.71925934721,32778.42827099853,95418.92847912411
2024-02-12,KFC,Midwest,64098.67837506132,43644.637490775414,84552.71925934721,32778.42827099853,95418.92847912411
2024-02-19,KFC,Midwest,64098.67837506132,43644.637490775414,84552.71925934721,32778.42827099853,95418.92847912411
2024-02-26,KFC,Midwest,64098.67837506132,43644.637490775414,84552.71925934721,32778.42827099853,95418.92847912411
2024-03-04,KFC,Midwest,64098.67837506132,43644.637490775414,84552.71925934721,32778.42827099853,95418.92847912411
2024-03-11,KFC,Midwest,64098.67837506132,43644.637490775414,84552.71925934721,32778.42827099853,95418.92847912411
2024-03-18,KFC,Midwest,64098.67837506132,43644.637490775414,84552.71925934721,32778.42827099853,95418.92847912411
2024-03-25,KFC,Midwest,64098.67837506132,43644.637490775414,84552.71925934721,32778.42827099853,95418.92847912411
2024-04-01,KFC,Midwest,64098.67837506132,43644.637490775414,84552.71925934721,32778.42827099853,95418.92847912411
2024-04-08,KFC,Midwest,64098.67837506132,43644.637490775414,84552.71925934721,32778.42827099853,95418.92847912411
2024-04-15,KFC,Midwest,64098.67837506132,43644.637490775414,84552.71925934721,32778.42827099853,95418.92847912411
2024-04-22,KFC,Midwest,64098.67837506132,43644.637490775414,84552.71925934721,32778.42827099853,95418.92847912411
2024-04-29,KFC,Midwest,64098.67837506132,43644.637490775414,84552.71925934721,32778.42827099853,95418.92847912411
2024-05-06,KFC,Midwest,64098.67837506132,43644.637490775414,84552.71925934721,32778.42827099853,95418.92847912411
2024-05-13,KFC,Midwest,64098.67837506132,43644.637490775414,84552.71925934721,32778.42827099853,95418.92847912411
2024-05-20,KFC,Midwest,64098.67837506132,43644.637490775414,84552.71925934721,32778.42827099853,95418.92847912411
2024-05-27,KFC,Midwest,64098.67837506132,43644.637490775414,84552.71925934721,32778.42827099853,95418.92847912411
2024-06-03,KFC,Midwest,64098.67837506132,43644.637490775414,84552.71925934721,32778.42827099853,95418.92847912411
2024-06-10,KFC,Midwest,64098.67837506132,43644.637490775414,84552.71925934721,32778.42827099853,95418.92847912411
2024-06-17,KFC,Midwest,64098.67837506132,43644.637490775414,84552.71925934721,32778.42827099853,95418.92847912411
2024-06-24,KFC,Midwest,64098.67837506132,43644.637490775414,84552.71925934721,32778.42827099853,95418.92847912411
2024-07-01,KFC,Midwest,64098.67837506132,43644.637490775414,84552.71925934721,32778.42827099853,95418.92847912411
2024-07-08,KFC,Midwest,64098.67837506132,43644.637490775414,84552.71925934721,32778.42827099853,95418.92847912411
2024-07-15,KFC,Midwest,64098.67837506132,43644.637490775414,84552.71925934721,32778.42827099853,95418.92847912411
2024-07-22,KFC,Midwest,64098.67837506132,43644.637490775414,84552.71925934721,32778.42827099853,95418.92847912411
2024-07-29,KFC,Midwest,64098.67837506132,43644.637490775414,84552.71925934721,32778.42827099853,95418.92847912411
2024-08-05,KFC,Midwest,64098.67837506132,43644.637490775414,84552.71925934721,32778.42827099853,95418.92847912411
2024-08-12,KFC,Midwest,64098.67837506132,43644.637490775414,84552.71925934721,32778.42827099853,95418.92847912411
2024-08-19,KFC,Midwest,64098.67837506132,43644.637490775414,84552.71925934721,32778.42827099853,95418.92847912411
2024-08-26,KFC,Midwest,64098.67837506132,43644.637490775414,84552.71925934721,32778.42827099853,95418.92847912411
2024-09-02,KFC,Midwest,64098.67837506132,43644.637490775414,84552.71925934721,32778.42827099853,95418.92847912411
2024-09-09,KFC,Midwest,64098.67837506132,43644.637490775414,84552.71925934721,32778.42827099853,95418.92847912411
2024-09-16,KFC,Midwest,64098.67837506132,43644.637490775414,84552.71925934721,32778.42827099853,95418.92847912411
2024-09-23,KFC,Midwest,64098.67837506132,43644.637490775414,84552.71925934721,32778.42827099853,95418.92847912411
2024-09-30,KFC,Midwest,64098.67837506132,43644.637490775414,84552.71925934721,32778.42827099853,95418.92847912411
2024-10-07,KFC,Midwest,64098.67837506132,43644.637490775414,84552.71925934721,32778.42827099853,95418.92847912411
2024-10-14,KFC,Midwest,64098.67837506132,43644.637490775414,84552.71925934721,32778.42827099853,95418.92847912411
2024-10-21,KFC,Midwest,64098.67837506132,43644.637490775414,84552.71925934721,32778.42827099853,95418.92847912411
2024-10-28,KFC,Midwest,64098.67837506132,43644.637490775414,84552.71925934721,32778.42827099853,95418.92847912411
2024-11-04,KFC,Midwest,64098.67837506132,43644.637490775414,84552.71925934721,32778.42827099853,95418.92847912411
2024-11-11,KFC,Midwest,64098.67837506132,43644.637490775414,84552.71925934721,32778.42827099853,95418.92847912411
2024-11-18,KFC,Midwest,64098.67837506132,43644.637490775414,84552.71925934721,32778.42827099853,95418.92847912411
2024-11-25,KFC,Midwest,64098.67837506132,43644.637490775414,84552.71925934721,32778.42827099853,95418.92847912411
2024-12-02,KFC,Midwest,64098.67837506132,43644.637490775414,84552.71925934721,32778.42827099853,95418.92847912411
2024-12-09,KFC,Midwest,64098.67837506132,43644.637490775414,84552.71925934721,32778.42827099853,95418.92847912411
2024-12-16,KFC,Midwest,64098.67837506132,43644.637490775414,84552.71925934721,32778.42827099853,95418.92847912411
2024-12-23,KFC,Midwest,64098.67837506132,43644.637490775414,84552.71925934721,32778.42827099853,95418.92847912411
2024-12-30,KFC,Midwest,64098.67837506132,43644.637490775414,84552.71925934721,32778.42827099853,95418.92847912411
2024-01-01,KFC,Northeast,40337.45194282888,27839.786081705966,52835.11780395178,21200.40109298442,59474.50279267333
2024-01-08,KFC,Northeast,40337.45194282888,27839.786081705966,52835.11780395178,21200.40109298442,59474.50279267333
2024-01-15,KFC,Northeast,40337.45194282888,27839.786081705966,52835.11780395178,21200.40109298442,59474.50279267333
2024-01-22,KFC,Northeast,40337.45194282888,27839.786081705966,52835.11780395178,21200.40109298442,59474.50279267333
2024-01-29,KFC,Northeast,40337.45194282888,27839.786081705966,52835.11780395178,21200.40109298442,59474.50279267333
2024-02-05,KFC,Northeast,40337.45194282888,27839.786081705966,52835.11780395178,21200.40109298442,59474.50279267333
2024-02-12,KFC,Northeast,40337.45194282888,27839.786081705966,52835.11780395178,21200.40109298442,59474.50279267333
2024-02-19,KFC,Northeast,40337.45194282888,27839.786081705966,52835.11780395178,21200.40109298442,59474.50279267333
2024-02-26,KFC,Northeast,40337.45194282888,27839.786081705966,52835.11780395178,21200.40109298442,59474.50279267333
2024-03-04,KFC,Northeast,40337.45194282888,27839.786081705966,52835.11780395178,21200.40109298442,59474.50279267333
2024-03-11,KFC,Northeast,40337.45194282888,27839.786081705966,52835.11780395178,21200.40109298442,59474.50279267333
2024-03-18,KFC,Northeast,40337.45194282888,27839.786081705966,52835.11780395178,21200.40109298442,59474.50279267333
2024-03-25,KFC,Northeast,40337.45194282888,27839.786081705966,52835.11780395178,21200.40109298442,59474.50279267333
2024-04-01,KFC,Northeast,40337.45194282888,27839.786081705966,52835.11780395178,21200.40109298442,59474.50279267333
2024-04-08,KFC,Northeast,40337.45194282888,27839.786081705966,52835.11780395178,21200.40109298442,59474.50279267333
2024-04-15,KFC,Northeast,40337.45194282888,27839.786081705966,52835.11780395178,21200.40109298442,59474.50279267333
2024-04-22,KFC,Northeast,40337.45194282888,27839.786081705966,52835.11780395178,21200.40109298442,59474.50279267333
2024-04-29,KFC,Northeast,40337.45194282888,27839.786081705966,52835.11780395178,21200.40109298442,59474.50279267333
2024-05-06,KFC,Northeast,40337.45194282888,27839.786081705966,52835.11780395178,21200.40109298442,59474.50279267333
2024-05-13,KFC,Northeast,40337.45194282888,27839.786081705966,52835.11780395178,21200.40109298442,59474.50279267333
2024-05-20,KFC,Northeast,40337.45194282888,27839.786081705966,52835.11780395178,21200.40109298442,59474.50279267333
2024-05-27,KFC,Northeast,40337.45194282888,27839.786081705966,52835.11780395178,21200.40109298442,59474.50279267333
2024-06-03,KFC,Northeast,40337.45194282888,27839.786081705966,52835.11780395178,21200.40109298442,59474.50279267333
2024-06-10,KFC,Northeast,40337.45194282888,27839.786081705966,52835.11780395178,21200.40109298442,59474.50279267333
2024-06-17,KFC,Northeast,40337.45194282888,27839.786081705966,52835.11780395178,21200.40109298442,59474.50279267333
2024-06-24,KFC,Northeast,40337.45194282888,27839.786081705966,52835.11780395178,21200.40109298442,59474.50279267333
2024-07-01,KFC,Northeast,40337.45194282888,27839.786081705966,52835.11780395178,21200.40109298442,59474.50279267333
2024-07-08,KFC,Northeast,40337.45194282888,27839.786081705966,52835.11780395178,21200.40109298442,59474.50279267333
2024-07-15,KFC,Northeast,40337.45194282888,27839.786081705966,52835.11780395178,21200.40109298442,59474.50279267333
2024-07-22,KFC,Northeast,40337.45194282888,27839.786081705966,52835.11780395178,21200.40109298442,59474.50279267333
2024-07-29,KFC,Northeast,40337.45194282888,27839.786081705966,52835.11780395178,21200.40109298442,59474.50279267333
2024-08-05,KFC,Northeast,40337.45194282888,27839.786081705966,52835.11780395178,21200.40109298442,59474.50279267333
2024-08-12,KFC,Northeast,40337.45194282888,27839.786081705966,52835.11780395178,21200.40109298442,59474.50279267333
2024-08-19,KFC,Northeast,40337.45194282888,27839.786081705966,52835.11780395178,21200.40109298442,59474.50279267333
2024-08-26,KFC,Northeast,40337.45194282888,27839.786081705966,52835.11780395178,21200.40109298442,59474.50279267333
2024-09-02,KFC,Northeast,40337.45194282888,27839.786081705966,52835.11780395178,21200.40109298442,59474.50279267333
2024-09-09,KFC,Northeast,40337.45194282888,27839.786081705966,52835.11780395178,21200.40109298442,59474.50279267333
2024-09-16,KFC,Northeast,40337.45194282888,27839.786081705966,52835.11780395178,21200.40109298442,59474.50279267333
2024-09-23,KFC,Northeast,40337.45194282888,27839.786081705966,52835.11780395178,21200.40109298442,59474.50279267333
2024-09-30,KFC,Northeast,40337.45194282888,27839.786081705966,52835.11780395178,21200.40109298442,59474.50279267333
2024-10-07,KFC,Northeast,40337.45194282888,27839.786081705966,52835.11780395178,21200.40109298442,59474.50279267333
2024-10-14,KFC,Northeast,40337.45194282888,27839.786081705966,52835.11780395178,21200.40109298442,59474.50279267333
2024-10-21,KFC,Northeast,40337.45194282888,27839.786081705966,52835.11780395178,21200.40109298442,59474.50279267333
2024-10-28,KFC,Northeast,40337.45194282888,27839.786081705966,52835.11780395178,21200.40109298442,59474.50279267333
2024-11-04,KFC,Northeast,40337.45194282888,27839.786081705966,52835.11780395178,21200.40109298442,59474.50279267333
2024-11-11,KFC,Northeast,40337.45194282888,27839.786081705966,52835.11780395178,21200.40109298442,59474.50279267333
2024-11-18,KFC,Northeast,40337.45194282888,27839.786081705966,52835.11780395178,21200.40109298442,59474.50279267333
2024-11-25,KFC,Northeast,40337.45194282888,27839.786081705966,52835.11780395178,21200.40109298442,59474.50279267333
2024-12-02,KFC,Northeast,40337.45194282888,27839.786081705966,52835.11780395178,21200.40109298442,59474.50279267333
2024-12-09,KFC,Northeast,40337.45194282888,27839.786081705966,52835.11780395178,21200.40109298442,59474.50279267333
2024-12-16,KFC,Northeast,40337.45194282888,27839.786081705966,52835.11780395178,21200.40109298442,59474.50279267333
2024-12-23,KFC,Northeast,40337.45194282888,27839.786081705966,52835.11780395178,21200.40109298442,59474.50279267333
2024-12-30,KFC,Northeast,40337.45194282888,27839.786081705966,52835.11780395178,21200.40109298442,59474.50279267333
2024-01-01,KFC,South,104373.96615664785,78461.62490516811,130286.30740812758,64695.69361531949,144052.2386979762
2024-01-08,KFC,South,104373.96615664785,78461.62490516811,130286.30740812758,64695.69361531949,144052.2386979762
2024-01-15,KFC,South,104373.96615664785,78461.62490516811,130286.30740812758,64695.69361531949,144052.2386979762
2024-01-22,KFC,South,104373.96615664785,78461.62490516811,130286.30740812758,64695.69361531949,144052.2386979762
2024-01-29,KFC,South,104373.96615664785,78461.62490516811,130286.30740812758,64695.69361531949,144052.2386979762
2024-02-05,KFC,South,104373.96615664785,78461.62490516811,130286.30740812758,64695.69361531949,144052.2386979762
2024-02-12,KFC,South,104373.96615664785,78461.62490516811,130286.30740812758,64695.69361531949,144052.2386979762
2024-02-19,KFC,South,104373.96615664785,78461.62490516811,130286.30740812758,64695.69361531949,144052.2386979762
2024-02-26,KFC,South,104373.96615664785,78461.62490516811,130286.30740812758,64695.69361531949,144052.2386979762
2024-03-04,KFC,South,104373.96615664785,78461.62490516811,130286.30740812758,64695.69361531949,144052.2386979762
2024-03-11,KFC,South,104373.96615664785,78461.62490516811,130286.30740812758,64695.69361531949,144052.2386979762
2024-03-18,KFC,South,104373.96615664785,78461.62490516811,130286.30740812758,64695.69361531949,144052.2386979762
2024-03-25,KFC,South,104373.96615664785,78461.62490516811,130286.30740812758,64695.69361531949,144052.2386979762
2024-04-01,KFC,South,104373.96615664785,78461.62490516811,130286.30740812758,64695.69361531949,144052.2386979762
2024-04-08,KFC,South,104373.96615664785,78461.62490516811,130286.30740812758,64695.69361531949,144052.2386979762
2024-04-15,KFC,South,104373.96615664785,78461.62490516811,130286.30740812758,64695.69361531949,144052.2386979762
2024-04-22,KFC,South,104373.96615664785,78461.62490516811,130286.30740812758,64695.69361531949,144052.2386979762
2024-04-29,KFC,South,104373.96615664785,78461.62490516811,130286.30740812758,64695.69361531949,144052.2386979762
2024-05-06,KFC,South,104373.96615664785,78461.62490516811,130286.30740812758,64695.69361531949,144052.2386979762
2024-05-13,KFC,South,104373.96615664785,78461.62490516811,130286.30740812758,64695.69361531949,144052.2386979762
2024-05-20,KFC,South,104373.96615664785,78461.62490516811,130286.30740812758,64695.69361531949,144052.2386979762
2024-05-27,KFC,South,104373.96615664785,78461.62490516811,130286.30740812758,64695.69361531949,144052.2386979762
2024-06-03,KFC,South,104373.96615664785,78461.62490516811,130286.30740812758,64695.69361531949,144052.2386979762
2024-06-10,KFC,South,104373.96615664785,78461.62490516811,130286.30740812758,64695.69361531949,144052.2386979762
2024-06-17,KFC,South,104373.96615664785,78461.62490516811,130286.30740812758,64695.69361531949,144052.2386979762
2024-06-24,KFC,South,104373.96615664785,78461.62490516811,130286.30740812758,64695.69361531949,144052.2386979762
2024-07-01,KFC,South,104373.96615664785,78461.62490516811,130286.30740812758,64695.69361531949,144052.2386979762
2024-07-08,KFC,South,104373.96615664785,78461.62490516811,130286.30740812758,64695.69361531949,144052.2386979762
2024-07-15,KFC,South,104373.96615664785,78461.62490516811,130286.30740812758,64695.69361531949,144052.2386979762
2024-07-22,KFC,South,104373.96615664785,78461.62490516811,130286.30740812758,64695.69361531949,144052.2386979762
2024-07-29,KFC,South,104373.96615664785,78461.62490516811,130286.30740812758,64695.69361531949,144052.2386979762
2024-08-05,KFC,South,104373.96615664785,78461.62490516811,130286.30740812758,64695.69361531949,144052.2386979762
2024-08-12,KFC,South,104373.96615664785,78461.62490516811,130286.30740812758,64695.69361531949,144052.2386979762
2024-08-19,KFC,South,104373.96615664785,78461.62490516811,130286.30740812758,64695.69361531949,144052.2386979762
2024-08-26,KFC,South,104373.96615664785,78461.62490516811,130286.30740812758,64695.69361531949,144052.2386979762
2024-09-02,KFC,South,104373.96615664785,78461.62490516811,130286.30740812758,64695.69361531949,144052.2386979762
2024-09-09,KFC,South,104373.96615664785,78461.62490516811,130286.30740812758,64695.69361531949,144052.2386979762
2024-09-16,KFC,South,104373.96615664785,78461.62490516811,130286.30740812758,64695.69361531949,144052.2386979762
2024-09-23,KFC,South,104373.96615664785,78461.62490516811,130286.30740812758,64695.69361531949,144052.2386979762
2024-09-30,KFC,South,104373.96615664785,78461.62490516811,130286.30740812758,64695.69361531949,144052.2386979762
2024-10-07,KFC,South,104373.96615664785,78461.62490516811,130286.30740812758,64695.69361531949,144052.2386979762
2024-10-14,KFC,South,104373.96615664785,78461.62490516811,130286.30740812758,64695.69361531949,144052.2386979762
2024-10-21,KFC,South,104373.96615664785,78461.62490516811,130286.30740812758,64695.69361531949,144052.2386979762
2024-10-28,KFC,South,104373.96615664785,78461.62490516811,130286.30740812758,64695.69361531949,144052.2386979762
2024-11-04,KFC,South,104373.96615664785,78461.62490516811,130286.30740812758,64695.69361531949,144052.2386979762
2024-11-11,KFC,South,104373.96615664785,78461.62490516811,130286.30740812758,64695.69361531949,144052.2386979762
2024-11-18,KFC,South,104373.96615664785,78461.62490516811,130286.30740812758,64695.69361531949,144052.2386979762
2024-11-25,KFC,South,104373.96615664785,78461.62490516811,130286.30740812758,64695.69361531949,144052.2386979762
2024-12-02,KFC,South,104373.96615664785,78461.62490516811,130286.30740812758,64695.69361531949,144052.2386979762
2024-12-09,KFC,South,104373.96615664785,78461.62490516811,130286.30740812758,64695.69361531949,144052.2386979762
2024-12-16,KFC,South,104373.96615664785,78461.62490516811,130286.30740812758,64695.69361531949,144052.2386979762
2024-12-23,KFC,South,104373.96615664785,78461.62490516811,130286.30740812758,64695.69361531949,144052.2386979762
2024-12-30,KFC,South,104373.96615664785,78461.62490516811,130286.30740812758,64695.69361531949,144052.2386979762
2024-01-01,KFC,Southwest,35059.83545721063,26926.759461336627,43192.91145308464,22606.06283852856,47513.608075892706
2024-01-08,KFC,Southwest,35059.83545721063,26926.759461336627,43192.91145308464,22606.06283852856,47513.608075892706
2024-01-15,KFC,Southwest,35059.83545721063,26926.759461336627,43192.91145308464,22606.06283852856,47513.608075892706
2024-01-22,KFC,Southwest,35059.83545721063,26926.759461336627,43192.91145308464,22606.06283852856,47513.608075892706
2024-01-29,KFC,Southwest,35059.83545721063,26926.759461336627,43192.91145308464,22606.06283852856,47513.608075892706
2024-02-05,KFC,Southwest,35059.83545721063,26926.759461336627,43192.91145308464,22606.06283852856,47513.608075892706
2024-02-12,KFC,Southwest,35059.83545721063,26926.759461336627,43192.91145308464,22606.06283852856,47513.608075892706
2024-02-19,KFC,Southwest,35059.83545721063,26926.759461336627,43192.91145308464,22606.06283852856,47513.608075892706
2024-02-26,KFC,Southwest,35059.83545721063,26926.759461336627,43192.91145308464,22606.06283852856,47513.608075892706
2024-03-04,KFC,Southwest,35059.83545721063,26926.759461336627,43192.91145308464,22606.06283852856,47513.608075892706
2024-03-11,KFC,Southwest,35059.83545721063,26926.759461336627,43192.91145308464,22606.06283852856,47513.608075892706
2024-03-18,KFC,Southwest,35059.83545721063,26926.759461336627,43192.91145308464,22606.06283852856,47513.608075892706
2024-03-25,KFC,Southwest,35059.83545721063,26926.759461336627,43192.91145308464,22606.06283852856,47513.608075892706
2024-04-01,KFC,Southwest,35059.83545721063,26926.759461336627,43192.91145308464,22606.06283852856,47513.608075892706
2024-04-08,KFC,Southwest,35059.83545721063,26926.759461336627,43192.91145308464,22606.06283852856,47513.608075892706
2024-04-15,KFC,Southwest,35059.83545721063,26926.759461336627,43192.91145308464,22606.06283852856,47513.608075892706
2024-04-22,KFC,Southwest,35059.83545721063,26926.759461336627,43192.91145308464,22606.06283852856,47513.608075892706
2024-04-29,KFC,Southwest,35059.83545721063,26926.759461336627,43192.91145308464,22606.06283852856,47513.608075892706
2024-05-06,KFC,Southwest,35059.83545721063,26926.759461336627,43192.91145308464,22606.06283852856,47513.608075892706
2024-05-13,KFC,Southwest,35059.83545721063,26926.759461336627,43192.91145308464,22606.06283852856,47513.608075892706
2024-05-20,KFC,Southwest,35059.83545721063,26926.759461336627,43192.91145308464,22606.06283852856,47513.608075892706
2024-05-27,KFC,Southwest,35059.83545721063,26926.759461336627,43192.91145308464,22606.06283852856,47513.608075892706
2024-06-03,KFC,Southwest,35059.83545721063,26926.759461336627,43192.91145308464,22606.06283852856,47513.608075892706
2024-06-10,KFC,Southwest,35059.83545721063,26926.759461336627,43192.91145308464,22606.06283852856,47513.608075892706
2024-06-17,KFC,Southwest,35059.83545721063,26926.759461336627,43192.91145308464,22606.06283852856,47513.608075892706
2024-06-24,KFC,Southwest,35059.83545721063,26926.759461336627,43192.91145308464,22606.06283852856,47513.608075892706
2024-07-01,KFC,Southwest,35059.83545721063,26926.759461336627,43192.91145308464,22606.06283852856,47513.608075892706
2024-07-08,KFC,Southwest,35059.83545721063,26926.759461336627,43192.91145308464,22606.06283852856,47513.608075892706
2024-07-15,KFC,Southwest,35059.83545721063,26926.759461336627,43192.91145308464,22606.06283852856,47513.608075892706
2024-07-22,KFC,Southwest,35059.83545721063,26926.759461336627,43192.91145308464,22606.06283852856,47513.608075892706
2024-07-29,KFC,Southwest,35059.83545721063,26926.759461336627,43192.91145308464,22606.06283852856,47513.608075892706
2024-08-05,KFC,Southwest,35059.83545721063,26926.759461336627,43192.91145308464,22606.06283852856,47513.608075892706
2024-08-12,KFC,Southwest,35059.83545721063,26926.759461336627,43192.91145308464,22606.06283852856,47513.608075892706
2024-08-19,KFC,Southwest,35059.83545721063,26926.759461336627,43192.91145308464,22606.06283852856,47513.608075892706
2024-08-26,KFC,Southwest,35059.83545721063,26926.759461336627,43192.91145308464,22606.06283852856,47513.608075892706
2024-09-02,KFC,Southwest,35059.83545721063,26926.759461336627,43192.91145308464,22606.06283852856,47513.608075892706
2024-09-09,KFC,Southwest,35059.83545721063,26926.759461336627,43192.91145308464,22606.06283852856,47513.608075892706
2024-09-16,KFC,Southwest,35059.83545721063,26926.759461336627,43192.91145308464,22606.06283852856,47513.608075892706
2024-09-23,KFC,Southwest,35059.83545721063,26926.759461336627,43192.91145308464,22606.06283852856,47513.608075892706
2024-09-30,KFC,Southwest,35059.83545721063,26926.759461336627,43192.91145308464,22606.06283852856,47513.608075892706
2024-10-07,KFC,Southwest,35059.83545721063,26926.759461336627,43192.91145308464,22606.06283852856,47513.608075892706
2024-10-14,KFC,Southwest,35059.83545721063,26926.759461336627,43192.91145308464,22606.06283852856,47513.608075892706
2024-10-21,KFC,Southwest,35059.83545721063,26926.759461336627,43192.91145308464,22606.06283852856,47513.608075892706
2024-10-28,KFC,Southwest,35059.83545721063,26926.759461336627,43192.91145308464,22606.06283852856,47513.608075892706
2024-11-04,KFC,Southwest,35059.83545721063,26926.759461336627,43192.91145308464,22606.06283852856,47513.608075892706
2024-11-11,KFC,Southwest,35059.83545721063,26926.759461336627,43192.91145308464,22606.06283852856,47513.608075892706
2024-11-18,KFC,Southwest,35059.83545721063,26926.759461336627,43192.91145308464,22606.06283852856,47513.608075892706
2024-11-25,KFC,Southwest,35059.83545721063,26926.759461336627,43192.91145308464,22606.06283852856,47513.608075892706
2024-12-02,KFC,Southwest,35059.83545721063,26926.759461336627,43192.91145308464,22606.06283852856,47513.608075892706
2024-12-09,KFC,Southwest,35059.83545721063,26926.759461336627,43192.91145308464,22606.06283852856,47513.608075892706
2024-12-16,KFC,Southwest,35059.83545721063,26926.759461336627,43192.91145308464,22606.06283852856,47513.608075892706
2024-12-23,KFC,Southwest,35059.83545721063,26926.759461336627,43192.91145308464,22606.06283852856,47513.608075892706
2024-12-30,KFC,Southwest,35059.83545721063,26926.759461336627,43192.91145308464,22606.06283852856,47513.608075892706
2024-01-01,KFC,West,70643.3726151261,44695.77768877427,96590.96754147793,30911.117884149862,110375.62734610235
2024-01-08,KFC,West,70643.3726151261,44695.77768877427,96590.96754147793,30911.117884149862,110375.62734610235
2024-01-15,KFC,West,70643.3726151261,44695.77768877427,96590.96754147793,30911.117884149862,110375.62734610235
2024-01-22,KFC,West,70643.3726151261,44695.77768877427,96590.96754147793,30911.117884149862,110375.62734610235
2024-01-29,KFC,West,70643.3726151261,44695.77768877427,96590.96754147793,30911.117884149862,110375.62734610235
2024-02-05,KFC,West,70643.3726151261,44695.77768877427,96590.96754147793,30911.117884149862,110375.62734610235
2024-02-12,KFC,West,70643.3726151261,44695.77768877427,96590.96754147793,30911.117884149862,110375.62734610235
2024-02-19,KFC,West,70643.3726151261,44695.77768877427,96590.96754147793,30911.117884149862,110375.62734610235
2024-02-26,KFC,West,70643.3726151261,44695.77768877427,96590.96754147793,30911.117884149862,110375.62734610235
2024-03-04,KFC,West,70643.3726151261,44695.77768877427,96590.96754147793,30911.117884149862,110375.62734610235
2024-03-11,KFC,West,70643.3726151261,44695.77768877427,96590.96754147793,30911.117884149862,110375.62734610235
2024-03-18,KFC,West,70643.3726151261,44695.77768877427,96590.96754147793,30911.117884149862,110375.62734610235
2024-03-25,KFC,West,70643.3726151261,44695.77768877427,96590.96754147793,30911.117884149862,110375.62734610235
2024-04-01,KFC,West,70643.3726151261,44695.77768877427,96590.96754147793,30911.117884149862,110375.62734610235
2024-04-08,KFC,West,70643.3726151261,44695.77768877427,96590.96754147793,30911.117884149862,110375.62734610235
2024-04-15,KFC,West,70643.3726151261,44695.77768877427,96590.96754147793,30911.117884149862,110375.62734610235
2024-04-22,KFC,West,70643.3726151261,44695.77768877427,96590.96754147793,30911.117884149862,110375.62734610235
2024-04-29,KFC,West,70643.3726151261,44695.77768877427,96590.96754147793,30911.117884149862,110375.62734610235
2024-05-06,KFC,West,70643.3726151261,44695.77768877427,96590.96754147793,30911.117884149862,110375.62734610235
2024-05-13,KFC,West,70643.3726151261,44695.77768877427,96590.96754147793,30911.117884149862,110375.62734610235
2024-05-20,KFC,West,70643.3726151261,44695.77768877427,96590.96754147793,30911.117884149862,110375.62734610235
2024-05-27,KFC,West,70643.3726151261,44695.77768877427,96590.96754147793,30911.117884149862,110375.62734610235
2024-06-03,KFC,West,70643.3726151261,44695.77768877427,96590.96754147793,30911.117884149862,110375.62734610235
2024-06-10,KFC,West,70643.3726151261,44695.77768877427,96590.96754147793,30911.117884149862,110375.62734610235
2024-06-17,KFC,West,70643.3726151261,44695.77768877427,96590.96754147793,30911.117884149862,110375.62734610235
2024-06-24,KFC,West,70643.3726151261,44695.77768877427,96590.96754147793,30911.117884149862,110375.62734610235
2024-07-01,KFC,West,70643.3726151261,44695.77768877427,96590.96754147793,30911.117884149862,110375.62734610235
2024-07-08,KFC,West,70643.3726151261,44695.77768877427,96590.96754147793,30911.117884149862,110375.62734610235
2024-07-15,KFC,West,70643.3726151261,44695.77768877427,96590.96754147793,30911.117884149862,110375.62734610235
2024-07-22,KFC,West,70643.3726151261,44695.77768877427,96590.96754147793,30911.117884149862,110375.62734610235
2024-07-29,KFC,West,70643.3726151261,44695.77768877427,96590.96754147793,30911.117884149862,110375.62734610235
2024-08-05,KFC,West,70643.3726151261,44695.77768877427,96590.96754147793,30911.117884149862,110375.62734610235
2024-08-12,KFC,West,70643.3726151261,44695.77768877427,96590.96754147793,30911.117884149862,110375.62734610235
2024-08-19,KFC,West,70643.3726151261,44695.77768877427,96590.96754147793,30911.117884149862,110375.62734610235
2024-08-26,KFC,West,70643.3726151261,44695.77768877427,96590.96754147793,30911.117884149862,110375.62734610235
2024-09-02,KFC,West,70643.3726151261,44695.77768877427,96590.96754147793,30911.117884149862,110375.62734610235
2024-09-09,KFC,West,70643.3726151261,44695.77768877427,96590.96754147793,30911.117884149862,110375.62734610235
2024-09-16,KFC,West,70643.3726151261,44695.77768877427,96590.96754147793,30911.117884149862,110375.62734610235
2024-09-23,KFC,West,70643.3726151261,44695.77768877427,96590.96754147793,30911.117884149862,110375.62734610235
2024-09-30,KFC,West,70643.3726151261,44695.77768877427,96590.96754147793,30911.117884149862,110375.62734610235
2024-10-07,KFC,West,70643.3726151261,44695.77768877427,96590.96754147793,30911.117884149862,110375.62734610235
2024-10-14,KFC,West,70643.3726151261,44695.77768877427,96590.96754147793,30911.117884149862,110375.62734610235
2024-10-21,KFC,West,70643.3726151261,44695.77768877427,96590.96754147793,30911.117884149862,110375.62734610235
2024-10-28,KFC,West,70643.3726151261,44695.77768877427,96590.96754147793,30911.117884149862,110375.62734610235
2024-11-04,KFC,West,70643.3726151261,44695.77768877427,96590.96754147793,30911.117884149862,110375.62734610235
2024-11-11,KFC,West,70643.3726151261,44695.77768877427,96590.96754147793,30911.117884149862,110375.62734610235
2024-11-18,KFC,West,70643.3726151261,44695.77768877427,96590.96754147793,30911.117884149862,110375.62734610235
2024-11-25,KFC,West,70643.3726151261,44695.77768877427,96590.96754147793,30911.117884149862,110375.62734610235
2024-12-02,KFC,West,70643.3726151261,44695.77768877427,96590.96754147793,30911.117884149862,110375.62734610235
2024-12-09,KFC,West,70643.3726151261,44695.77768877427,96590.96754147793,30911.117884149862,110375.62734610235
2024-12-16,KFC,West,70643.3726151261,44695.77768877427,96590.96754147793,30911.117884149862,110375.62734610235
2024-12-23,KFC,West,70643.3726151261,44695.77768877427,96590.96754147793,30911.117884149862,110375.62734610235
2024-12-30,KFC,West,70643.3726151261,44695.77768877427,96590.96754147793,30911.117884149862,110375.62734610235
2024-01-01,McDonalds,Midwest,54840.73622047346,39988.731061473845,69692.74137947308,32098.603320755297,77582.86912019162
2024-01-08,McDonalds,Midwest,54840.73622047346,39988.731061473845,69692.74137947308,32098.603320755297,77582.86912019162
2024-01-15,McDonalds,Midwest,54840.73622047346,39988.731061473845,69692.74137947308,32098.603320755297,77582.86912019162
2024-01-22,McDonalds,Midwest,54840.73622047346,39988.731061473845,69692.74137947308,32098.603320755297,77582.86912019162
2024-01-29,McDonalds,Midwest,54840.73622047346,39988.731061473845,69692.74137947308,32098.603320755297,77582.86912019162
2024-02-05,McDonalds,Midwest,54840.73622047346,39988.731061473845,69692.74137947308,32098.603320755297,77582.86912019162
2024-02-12,McDonalds,Midwest,54840.73622047346,39988.731061473845,69692.74137947308,32098.603320755297,77582.86912019162
2024-02-19,McDonalds,Midwest,54840.73622047346,39988.731061473845,69692.74137947308,32098.603320755297,77582.86912019162
2024-02-26,McDonalds,Midwest,54840.73622047346,39988.731061473845,69692.74137947308,32098.603320755297,77582.86912019162
2024-03-04,McDonalds,Midwest,54840.73622047346,39988.731061473845,69692.74137947308,32098.603320755297,77582.86912019162
2024-03-11,McDonalds,Midwest,54840.73622047346,39988.731061473845,69692.74137947308,32098.603320755297,77582.86912019162
2024-03-18,McDonalds,Midwest,54840.73622047346,39988.731061473845,69692.74137947308,32098.603320755297,77582.86912019162
2024-03-25,McDonalds,Midwest,54840.73622047346,39988.731061473845,69692.74137947308,32098.603320755297,77582.86912019162
2024-04-01,McDonalds,Midwest,54840.73622047346,39988.731061473845,69692.74137947308,32098.603320755297,77582.86912019162
2024-04-08,McDonalds,Midwest,54840.73622047346,39988.731061473845,69692.74137947308,32098.603320755297,77582.86912019162
2024-04-15,McDonalds,Midwest,54840.73622047346,39988.731061473845,69692.74137947308,32098.603320755297,77582.86912019162
2024-04-22,McDonalds,Midwest,54840.73622047346,39988.731061473845,69692.74137947308,32098.603320755297,77582.86912019162
2024-04-29,McDonalds,Midwest,54840.73622047346,39988.731061473845,69692.74137947308,32098.603320755297,77582.86912019162
2024-05-06,McDonalds,Midwest,54840.73622047346,39988.731061473845,69692.74137947308,32098.603320755297,77582.86912019162
2024-05-13,McDonalds,Midwest,54840.73622047346,39988.731061473845,69692.74137947308,32098.603320755297,77582.86912019162
2024-05-20,McDonalds,Midwest,54840.73622047346,39988.731061473845,69692.74137947308,32098.603320755297,77582.86912019162
2024-05-27,McDonalds,Midwest,54840.73622047346,39988.731061473845,69692.74137947308,32098.603320755297,77582.86912019162
2024-06-03,McDonalds,Midwest,54840.73622047346,39988.731061473845,69692.74137947308,32098.603320755297,77582.86912019162
2024-06-10,McDonalds,Midwest,54840.73622047346,39988.731061473845,69692.74137947308,32098.603320755297,77582.86912019162
2024-06-17,McDonalds,Midwest,54840.73622047346,39988.731061473845,69692.74137947308,32098.603320755297,77582.86912019162
2024-06-24,McDonalds,Midwest,54840.73622047346,39988.731061473845,69692.74137947308,32098.603320755297,77582.86912019162
2024-07-01,McDonalds,Midwest,54840.73622047346,39988.731061473845,69692.74137947308,32098.603320755297,77582.86912019162
2024-07-08,McDonalds,Midwest,54840.73622047346,39988.731061473845,69692.74137947308,32098.603320755297,77582.86912019162
2024-07-15,McDonalds,Midwest,54840.73622047346,39988.731061473845,69692.74137947308,32098.603320755297,77582.86912019162
2024-07-22,McDonalds,Midwest,54840.73622047346,39988.731061473845,69692.74137947308,32098.603320755297,77582.86912019162
2024-07-29,McDonalds,Midwest,54840.73622047346,39988.731061473845,69692.74137947308,32098.603320755297,77582.86912019162
2024-08-05,McDonalds,Midwest,54840.73622047346,39988.731061473845,69692.74137947308,32098.603320755297,77582.86912019162
2024-08-12,McDonalds,Midwest,54840.73622047346,39988.731061473845,69692.74137947308,32098.603320755297,77582.86912019162
2024-08-19,McDonalds,Midwest,54840.73622047346,39988.731061473845,69692.74137947308,32098.603320755297,77582.86912019162
2024-08-26,McDonalds,Midwest,54840.73622047346,39988.731061473845,69692.74137947308,32098.603320755297,77582.86912019162
2024-09-02,McDonalds,Midwest,54840.73622047346,39988.731061473845,69692.74137947308,32098.603320755297,77582.86912019162
2024-09-09,McDonalds,Midwest,54840.73622047346,39988.731061473845,69692.74137947308,32098.603320755297,77582.86912019162
2024-09-16,McDonalds,Midwest,54840.73622047346,39988.731061473845,69692.74137947308,32098.603320755297,77582.86912019162
2024-09-23,McDonalds,Midwest,54840.73622047346,39988.731061473845,69692.74137947308,32098.603320755297,77582.86912019162
2024-09-30,McDonalds,Midwest,54840.73622047346,39988.731061473845,69692.74137947308,32098.603320755297,77582.86912019162
2024-10-07,McDonalds,Midwest,54840.73622047346,39988.731061473845,69692.74137947308,32098.603320755297,77582.86912019162
2024-10-14,McDonalds,Midwest,54840.73622047346,39988.731061473845,69692.74137947308,32098.603320755297,77582.86912019162
2024-10-21,McDonalds,Midwest,54840.73622047346,39988.731061473845,69692.74137947308,32098.603320755297,77582.86912019162
2024-10-28,McDonalds,Midwest,54840.73622047346,39988.731061473845,69692.74137947308,32098.603320755297,77582.86912019162
2024-11-04,McDonalds,Midwest,54840.73622047346,39988.731061473845,69692.74137947308,32098.603320755297,77582.86912019162
2024-11-11,McDonalds,Midwest,54840.73622047346,39988.731061473845,69692.74137947308,32098.603320755297,77582.86912019162
2024-11-18,McDonalds,Midwest,54840.73622047346,39988.731061473845,69692.74137947308,32098.603320755297,77582.86912019162
2024-11-25,McDonalds,Midwest,54840.73622047346,39988.731061473845,69692.74137947308,32098.603320755297,77582.86912019162
2024-12-02,McDonalds,Midwest,54840.73622047346,39988.731061473845,69692.74137947308,32098.603320755297,77582.86912019162
2024-12-09,McDonalds,Midwest,54840.73622047346,39988.731061473845,69692.74137947308,32098.603320755297,77582.86912019162
2024-12-16,McDonalds,Midwest,54840.73622047346,39988.731061473845,69692.74137947308,32098.603320755297,77582.86912019162
2024-12-23,McDonalds,Midwest,54840.73622047346,39988.731061473845,69692.74137947308,32098.603320755297,77582.86912019162
2024-12-30,McDonalds,Midwest,54840.73622047346,39988.731061473845,69692.74137947308,32098.603320755297,77582.86912019162
2024-01-01,McDonalds,Northeast,61193.926516253785,41210.58025695181,81177.27277555576,30594.427556697647,91793.42547580993
2024-01-08,McDonalds,Northeast,61193.926516253785,41210.58025695181,81177.27277555576,30594.427556697647,91793.42547580993
2024-01-15,McDonalds,Northeast,61193.926516253785,41210.58025695181,81177.27277555576,30594.427556697647,91793.42547580993
2024-01-22,McDonalds,Northeast,61193.926516253785,41210.58025695181,81177.27277555576,30594.427556697647,91793.42547580993
2024-01-29,McDonalds,Northeast,61193.926516253785,41210.58025695181,81177.27277555576,30594.427556697647,91793.42547580993
2024-02-05,McDonalds,Northeast,61193.926516253785,41210.58025695181,81177.27277555576,30594.427556697647,91793.42547580993
2024-02-12,McDonalds,Northeast,61193.926516253785,41210.58025695181,81177.27277555576,30594.427556697647,91793.42547580993
2024-02-19,McDonalds,Northeast,61193.926516253785,41210.58025695181,81177.27277555576,30594.427556697647,91793.42547580993
2024-02-26,McDonalds,Northeast,61193.926516253785,41210.58025695181,81177.27277555576,30594.427556697647,91793.42547580993
2024-03-04,McDonalds,Northeast,61193.926516253785,41210.58025695181,81177.27277555576,30594.427556697647,91793.42547580993
2024-03-11,McDonalds,Northeast,61193.926516253785,41210.58025695181,81177.27277555576,30594.427556697647,91793.42547580993
2024-03-18,McDonalds,Northeast,61193.926516253785,41210.58025695181,81177.27277555576,30594.427556697647,91793.42547580993
2024-03-25,McDonalds,Northeast,61193.926516253785,41210.58025695181,81177.27277555576,30594.427556697647,91793.42547580993
2024-04-01,McDonalds,Northeast,61193.926516253785,41210.58025695181,81177.27277555576,30594.427556697647,91793.42547580993
2024-04-08,McDonalds,Northeast,61193.926516253785,41210.58025695181,81177.27277555576,30594.427556697647,91793.42547580993
2024-04-15,McDonalds,Northeast,61193.926516253785,41210.58025695181,81177.27277555576,30594.427556697647,91793.42547580993
2024-04-22,McDonalds,Northeast,61193.926516253785,41210.58025695181,81177.27277555576,30594.427556697647,91793.42547580993
2024-04-29,McDonalds,Northeast,61193.926516253785,41210.58025695181,81177.27277555576,30594.427556697647,91793.42547580993
2024-05-06,McDonalds,Northeast,61193.926516253785,41210.58025695181,81177.27277555576,30594.427556697647,91793.42547580993
2024-05-13,McDonalds,Northeast,61193.926516253785,41210.58025695181,81177.27277555576,30594.427556697647,91793.42547580993
2024-05-20,McDonalds,Northeast,61193.926516253785,41210.58025695181,81177.27277555576,30594.427556697647,91793.42547580993
2024-05-27,McDonalds,Northeast,61193.926516253785,41210.58025695181,81177.27277555576,30594.427556697647,91793.42547580993
2024-06-03,McDonalds,Northeast,61193.926516253785,41210.58025695181,81177.27277555576,30594.427556697647,91793.42547580993
2024-06-10,McDonalds,Northeast,61193.926516253785,41210.58025695181,81177.27277555576,30594.427556697647,91793.42547580993
2024-06-17,McDonalds,Northeast,61193.926516253785,41210.58025695181,81177.27277555576,30594.427556697647,91793.42547580993
2024-06-24,McDonalds,Northeast,61193.926516253785,41210.58025695181,81177.27277555576,30594.427556697647,91793.42547580993
2024-07-01,McDonalds,Northeast,61193.926516253785,41210.58025695181,81177.27277555576,30594.427556697647,91793.42547580993
2024-07-08,McDonalds,Northeast,61193.926516253785,41210.58025695181,81177.27277555576,30594.427556697647,91793.42547580993
2024-07-15,McDonalds,Northeast,61193.926516253785,41210.58025695181,81177.27277555576,30594.427556697647,91793.42547580993
2024-07-22,McDonalds,Northeast,61193.926516253785,41210.58025695181,81177.27277555576,30594.427556697647,91793.42547580993
2024-07-29,McDonalds,Northeast,61193.926516253785,41210.58025695181,81177.27277555576,30594.427556697647,91793.42547580993
2024-08-05,McDonalds,Northeast,61193.926516253785,41210.58025695181,81177.27277555576,30594.427556697647,91793.42547580993
2024-08-12,McDonalds,Northeast,61193.926516253785,41210.58025695181,81177.27277555576,30594.427556697647,91793.42547580993
2024-08-19,McDonalds,Northeast,61193.926516253785,41210.58025695181,81177.27277555576,30594.427556697647,91793.42547580993
2024-08-26,McDonalds,Northeast,61193.926516253785,41210.58025695181,81177.27277555576,30594.427556697647,91793.42547580993
2024-09-02,McDonalds,Northeast,61193.926516253785,41210.58025695181,81177.27277555576,30594.427556697647,91793.42547580993
2024-09-09,McDonalds,Northeast,61193.926516253785,41210.58025695181,81177.27277555576,30594.427556697647,91793.42547580993
2024-09-16,McDonalds,Northeast,61193.926516253785,41210.58025695181,81177.27277555576,30594.427556697647,91793.42547580993
2024-09-23,McDonalds,Northeast,61193.926516253785,41210.58025695181,81177.27277555576,30594.427556697647,91793.42547580993
2024-09-30,McDonalds,Northeast,61193.926516253785,41210.58025695181,81177.27277555576,30594.427556697647,91793.42547580993
2024-10-07,McDonalds,Northeast,61193.926516253785,41210.58025695181,81177.27277555576,30594.427556697647,91793.42547580993
2024-10-14,McDonalds,Northeast,61193.926516253785,41210.58025695181,81177.27277555576,30594.427556697647,91793.42547580993
2024-10-21,McDonalds,Northeast,61193.926516253785,41210.58025695181,81177.27277555576,30594.427556697647,91793.42547580993
2024-10-28,McDonalds,Northeast,61193.926516253785,41210.58025695181,81177.27277555576,30594.427556697647,91793.42547580993
2024-11-04,McDonalds,Northeast,61193.926516253785,41210.58025695181,81177.27277555576,30594.427556697647,91793.42547580993
2024-11-11,McDonalds,Northeast,61193.926516253785,41210.58025695181,81177.27277555576,30594.427556697647,91793.42547580993
2024-11-18,McDonalds,Northeast,61193.926516253785,41210.58025695181,81177.27277555576,30594.427556697647,91793.42547580993
2024-11-25,McDonalds,Northeast,61193.926516253785,41210.58025695181,81177.27277555576,30594.427556697647,91793.42547580993
2024-12-02,McDonalds,Northeast,61193.926516253785,41210.58025695181,81177.27277555576,30594.427556697647,91793.42547580993
2024-12-09,McDonalds,Northeast,61193.926516253785,41210.58025695181,81177.27277555576,30594.427556697647,91793.42547580993
2024-12-16,McDonalds,Northeast,61193.926516253785,41210.58025695181,81177.27277555576,30594.427556697647,91793.42547580993
2024-12-23,McDonalds,Northeast,61193.926516253785,41210.58025695181,81177.27277555576,30594.427556697647,91793.42547580993
2024-12-30,McDonalds,Northeast,61193.926516253785,41210.58025695181,81177.27277555576,30594.427556697647,91793.42547580993
2024-01-01,McDonalds,South,69914.24892826489,42979.49403125141,96849.00382527837,28670.405492213,111158.09236431678
2024-01-08,McDonalds,South,69914.24892826489,42979.49403125141,96849.00382527837,28670.405492213,111158.09236431678
2024-01-15,McDonalds,South,69914.24892826489,42979.49403125141,96849.00382527837,28670.405492213,111158.09236431678
2024-01-22,McDonalds,South,69914.24892826489,42979.49403125141,96849.00382527837,28670.405492213,111158.09236431678
2024-01-29,McDonalds,South,69914.24892826489,42979.49403125141,96849.00382527837,28670.405492213,111158.09236431678
2024-02-05,McDonalds,South,69914.24892826489,42979.49403125141,96849.00382527837,28670.405492213,111158.09236431678
2024-02-12,McDonalds,South,69914.24892826489,42979.49403125141,96849.00382527837,28670.405492213,111158.09236431678
2024-02-19,McDonalds,South,69914.24892826489,42979.49403125141,96849.00382527837,28670.405492213,111158.09236431678
2024-02-26,McDonalds,South,69914.24892826489,42979.49403125141,96849.00382527837,28670.405492213,111158.09236431678
2024-03-04,McDonalds,South,69914.24892826489,42979.49403125141,96849.00382527837,28670.405492213,111158.09236431678
2024-03-11,McDonalds,South,69914.24892826489,42979.49403125141,96849.00382527837,28670.405492213,111158.09236431678
2024-03-18,McDonalds,South,69914.24892826489,42979.49403125141,96849.00382527837,28670.405492213,111158.09236431678
2024-03-25,McDonalds,South,69914.24892826489,42979.49403125141,96849.00382527837,28670.405492213,111158.09236431678
2024-04-01,McDonalds,South,69914.24892826489,42979.49403125141,96849.00382527837,28670.405492213,111158.09236431678
2024-04-08,McDonalds,South,69914.24892826489,42979.49403125141,96849.00382527837,28670.405492213,111158.09236431678
2024-04-15,McDonalds,South,69914.24892826489,42979.49403125141,96849.00382527837,28670.405492213,111158.09236431678
2024-04-22,McDonalds,South,69914.24892826489,42979.49403125141,96849.00382527837,28670.405492213,111158.09236431678
2024-04-29,McDonalds,South,69914.24892826489,42979.49403125141,96849.00382527837,28670.405492213,111158.09236431678
2024-05-06,McDonalds,South,69914.24892826489,42979.49403125141,96849.00382527837,28670.405492213,111158.09236431678
2024-05-13,McDonalds,South,69914.24892826489,42979.49403125141,96849.00382527837,28670.405492213,111158.09236431678
2024-05-20,McDonalds,South,69914.24892826489,42979.49403125141,96849.00382527837,28670.405492213,111158.09236431678
2024-05-27,McDonalds,South,69914.24892826489,42979.49403125141,96849.00382527837,28670.405492213,111158.09236431678
2024-06-03,McDonalds,South,69914.24892826489,42979.49403125141,96849.00382527837,28670.405492213,111158.09236431678
2024-06-10,McDonalds,South,69914.24892826489,42979.49403125141,96849.00382527837,28670.405492213,111158.09236431678
2024-06-17,McDonalds,South,69914.24892826489,42979.49403125141,96849.00382527837,28670.405492213,111158.09236431678
2024-06-24,McDonalds,South,69914.24892826489,42979.49403125141,96849.00382527837,28670.405492213,111158.09236431678
2024-07-01,McDonalds,South,69914.24892826489,42979.49403125141,96849.00382527837,28670.405492213,111158.09236431678
2024-07-08,McDonalds,South,69914.24892826489,42979.49403125141,96849.00382527837,28670.405492213,111158.09236431678
2024-07-15,McDonalds,South,69914.24892826489,42979.49403125141,96849.00382527837,28670.405492213,111158.09236431678
2024-07-22,McDonalds,South,69914.24892826489,42979.49403125141,96849.00382527837,28670.405492213,111158.09236431678
2024-07-29,McDonalds,South,69914.24892826489,42979.49403125141,96849.00382527837,28670.405492213,111158.09236431678
2024-08-05,McDonalds,South,69914.24892826489,42979.49403125141,96849.00382527837,28670.405492213,111158.09236431678
2024-08-12,McDonalds,South,69914.24892826489,42979.49403125141,96849.00382527837,28670.405492213,111158.09236431678
2024-08-19,McDonalds,South,69914.24892826489,42979.49403125141,96849.00382527837,28670.405492213,111158.09236431678
2024-08-26,McDonalds,South,69914.24892826489,42979.49403125141,96849.00382527837,28670.405492213,111158.09236431678
2024-09-02,McDonalds,South,69914.24892826489,42979.49403125141,96849.00382527837,28670.405492213,111158.09236431678
2024-09-09,McDonalds,South,69914.24892826489,42979.49403125141,96849.00382527837,28670.405492213,111158.09236431678
2024-09-16,McDonalds,South,69914.24892826489,42979.49403125141,96849.00382527837,28670.405492213,111158.09236431678
2024-09-23,McDonalds,South,69914.24892826489,42979.49403125141,96849.00382527837,28670.405492213,111158.09236431678
2024-09-30,McDonalds,South,69914.24892826489,42979.49403125141,96849.00382527837,28670.405492213,111158.09236431678
2024-10-07,McDonalds,South,69914.24892826489,42979.49403125141,96849.00382527837,28670.405492213,111158.09236431678
2024-10-14,McDonalds,South,69914.24892826489,42979.49403125141,96849.00382527837,28670.405492213,111158.09236431678
2024-10-21,McDonalds,South,69914.24892826489,42979.49403125141,96849.00382527837,28670.405492213,111158.09236431678
2024-10-28,McDonalds,South,69914.24892826489,42979.49403125141,96849.00382527837,28670.405492213,111158.09236431678
2024-11-04,McDonalds,South,69914.24892826489,42979.49403125141,96849.00382527837,28670.405492213,111158.09236431678
2024-11-11,McDonalds,South,69914.24892826489,42979.49403125141,96849.00382527837,28670.405492213,111158.09236431678
2024-11-18,McDonalds,South,69914.24892826489,42979.49403125141,96849.00382527837,28670.405492213,111158.09236431678
2024-11-25,McDonalds,South,69914.24892826489,42979.49403125141,96849.00382527837,28670.405492213,111158.09236431678
2024-12-02,McDonalds,South,69914.24892826489,42979.49403125141,96849.00382527837,28670.405492213,111158.09236431678
2024-12-09,McDonalds,South,69914.24892826489,42979.49403125141,96849.00382527837,28670.405492213,111158.09236431678
2024-12-16,McDonalds,South,69914.24892826489,42979.49403125141,96849.00382527837,28670.405492213,111158.09236431678
2024-12-23,McDonalds,South,69914.24892826489,42979.49403125141,96849.00382527837,28670.405492213,111158.09236431678
2024-12-30,McDonalds,South,69914.24892826489,42979.49403125141,96849.00382527837,28670.405492213,111158.09236431678
2024-01-01,McDonalds,Southwest,51511.89322912976,34884.82666288226,68138.95979537726,26051.69754956327,76972.08890869626
2024-01-08,McDonalds,Southwest,51511.89322912976,34884.82666288226,68138.95979537726,26051.69754956327,76972.08890869626
2024-01-15,McDonalds,Southwest,51511.89322912976,34884.82666288226,68138.95979537726,26051.69754956327,76972.08890869626
2024-01-22,McDonalds,Southwest,51511.89322912976,34884.82666288226,68138.95979537726,26051.69754956327,76972.08890869626
2024-01-29,McDonalds,Southwest,51511.89322912976,34884.82666288226,68138.95979537726,26051.69754956327,76972.08890869626
2024-02-05,McDonalds,Southwest,51511.89322912976,34884.82666288226,68138.95979537726,26051.69754956327,76972.08890869626
2024-02-12,McDonalds,Southwest,51511.89322912976,34884.82666288226,68138.95979537726,26051.69754956327,76972.08890869626
2024-02-19,McDonalds,Southwest,51511.89322912976,34884.82666288226,68138.95979537726,26051.69754956327,76972.08890869626
2024-02-26,McDonalds,Southwest,51511.89322912976,34884.82666288226,68138.95979537726,26051.69754956327,76972.08890869626
2024-03-04,McDonalds,Southwest,51511.89322912976,34884.82666288226,68138.95979537726,26051.69754956327,76972.08890869626
2024-03-11,McDonalds,Southwest,51511.89322912976,34884.82666288226,68138.95979537726,26051.69754956327,76972.08890869626
2024-03-18,McDonalds,Southwest,51511.89322912976,34884.82666288226,68138.95979537726,26051.69754956327,76972.08890869626
2024-03-25,McDonalds,Southwest,51511.89322912976,34884.82666288226,68138.95979537726,26051.69754956327,76972.08890869626
2024-04-01,McDonalds,Southwest,51511.89322912976,34884.82666288226,68138.95979537726,26051.69754956327,76972.08890869626
2024-04-08,McDonalds,Southwest,51511.89322912976,34884.82666288226,68138.95979537726,26051.69754956327,76972.08890869626
2024-04-15,McDonalds,Southwest,51511.89322912976,34884.82666288226,68138.95979537726,26051.69754956327,76972.08890869626
2024-04-22,McDonalds,Southwest,51511.89322912976,34884.82666288226,68138.95979537726,26051.69754956327,76972.08890869626
2024-04-29,McDonalds,Southwest,51511.89322912976,34884.82666288226,68138.95979537726,26051.69754956327,76972.08890869626
2024-05-06,McDonalds,Southwest,51511.89322912976,34884.82666288226,68138.95979537726,26051.69754956327,76972.08890869626
2024-05-13,McDonalds,Southwest,51511.89322912976,34884.82666288226,68138.95979537726,26051.69754956327,76972.08890869626
2024-05-20,McDonalds,Southwest,51511.89322912976,34884.82666288226,68138.95979537726,26051.69754956327,76972.08890869626
2024-05-27,McDonalds,Southwest,51511.89322912976,34884.82666288226,68138.95979537726,26051.69754956327,76972.08890869626
2024-06-03,McDonalds,Southwest,51511.89322912976,34884.82666288226,68138.95979537726,26051.69754956327,76972.08890869626
2024-06-10,McDonalds,Southwest,51511.89322912976,34884.82666288226,68138.95979537726,26051.69754956327,76972.08890869626
2024-06-17,McDonalds,Southwest,51511.89322912976,34884.82666288226,68138.95979537726,26051.69754956327,76972.08890869626
2024-06-24,McDonalds,Southwest,51511.89322912976,34884.82666288226,68138.95979537726,26051.69754956327,76972.08890869626
2024-07-01,McDonalds,Southwest,51511.89322912976,34884.82666288226,68138.95979537726,26051.69754956327,76972.08890869626
2024-07-08,McDonalds,Southwest,51511.89322912976,34884.82666288226,68138.95979537726,26051.69754956327,76972.08890869626
2024-07-15,McDonalds,Southwest,51511.89322912976,34884.82666288226,68138.95979537726,26051.69754956327,76972.08890869626
2024-07-22,McDonalds,Southwest,51511.89322912976,34884.82666288226,68138.95979537726,26051.69754956327,76972.08890869626
2024-07-29,McDonalds,Southwest,51511.89322912976,34884.82666288226,68138.95979537726,26051.69754956327,76972.08890869626
2024-08-05,McDonalds,Southwest,51511.89322912976,34884.82666288226,68138.95979537726,26051.69754956327,76972.08890869626
2024-08-12,McDonalds,Southwest,51511.89322912976,34884.82666288226,68138.95979537726,26051.69754956327,76972.08890869626
2024-08-19,McDonalds,Southwest,51511.89322912976,34884.82666288226,68138.95979537726,26051.69754956327,76972.08890869626
2024-08-26,McDonalds,Southwest,51511.89322912976,34884.82666288226,68138.95979537726,26051.69754956327,76972.08890869626
2024-09-02,McDonalds,Southwest,51511.89322912976,34884.82666288226,68138.95979537726,26051.69754956327,76972.08890869626
2024-09-09,McDonalds,Southwest,51511.89322912976,34884.82666288226,68138.95979537726,26051.69754956327,76972.08890869626
2024-09-16,McDonalds,Southwest,51511.89322912976,34884.82666288226,68138.95979537726,26051.69754956327,76972.08890869626
2024-09-23,McDonalds,Southwest,51511.89322912976,34884.82666288226,68138.95979537726,26051.69754956327,76972.08890869626
2024-09-30,McDonalds,Southwest,51511.89322912976,34884.82666288226,68138.95979537726,26051.69754956327,76972.08890869626
2024-10-07,McDonalds,Southwest,51511.89322912976,34884.82666288226,68138.95979537726,26051.69754956327,76972.08890869626
2024-10-14,McDonalds,Southwest,51511.89322912976,34884.82666288226,68138.95979537726,26051.69754956327,76972.08890869626
2024-10-21,McDonalds,Southwest,51511.89322912976,34884.82666288226,68138.95979537726,26051.69754956327,76972.08890869626
2024-10-28,McDonalds,Southwest,51511.89322912976,34884.82666288226,68138.95979537726,26051.69754956327,76972.08890869626
2024-11-04,McDonalds,Southwest,51511.89322912976,34884.82666288226,68138.95979537726,26051.69754956327,76972.08890869626
2024-11-11,McDonalds,Southwest,51511.89322912976,34884.82666288226,68138.95979537726,26051.69754956327,76972.08890869626
2024-11-18,McDonalds,Southwest,51511.89322912976,34884.82666288226,68138.95979537726,26051.69754956327,76972.08890869626
2024-11-25,McDonalds,Southwest,51511.89322912976,34884.82666288226,68138.95979537726,26051.69754956327,76972.08890869626
2024-12-02,McDonalds,Southwest,51511.89322912976,34884.82666288226,68138.95979537726,26051.69754956327,76972.08890869626
2024-12-09,McDonalds,Southwest,51511.89322912976,34884.82666288226,68138.95979537726,26051.69754956327,76972.08890869626
2024-12-16,McDonalds,Southwest,51511.89322912976,34884.82666288226,68138.95979537726,26051.69754956327,76972.08890869626
2024-12-23,McDonalds,Southwest,51511.89322912976,34884.82666288226,68138.95979537726,26051.69754956327,76972.08890869626
2024-12-30,McDonalds,Southwest,51511.89322912976,34884.82666288226,68138.95979537726,26051.69754956327,76972.08890869626
2024-01-01,McDonalds,West,27249.592318297022,15862.649665543773,38636.53497105027,9813.336381268608,44685.848255325436
2024-01-08,McDonalds,West,27249.592318297022,15862.649665543773,38636.53497105027,9813.336381268608,44685.848255325436
2024-01-15,McDonalds,West,27249.592318297022,15862.649665543773,38636.53497105027,9813.336381268608,44685.848255325436
2024-01-22,McDonalds,West,27249.592318297022,15862.649665543773,38636.53497105027,9813.336381268608,44685.848255325436
2024-01-29,McDonalds,West,27249.592318297022,15862.649665543773,38636.53497105027,9813.336381268608,44685.848255325436
2024-02-05,McDonalds,West,27249.592318297022,15862.649665543773,38636.53497105027,9813.336381268608,44685.848255325436
2024-02-12,McDonalds,West,27249.592318297022,15862.649665543773,38636.53497105027,9813.336381268608,44685.848255325436
2024-02-19,McDonalds,West,27249.592318297022,15862.649665543773,38636.53497105027,9813.336381268608,44685.848255325436
2024-02-26,McDonalds,West,27249.592318297022,15862.649665543773,38636.53497105027,9813.336381268608,44685.848255325436
2024-03-04,McDonalds,West,27249.592318297022,15862.649665543773,38636.53497105027,9813.336381268608,44685.848255325436
2024-03-11,McDonalds,West,27249.592318297022,15862.649665543773,38636.53497105027,9813.336381268608,44685.848255325436
2024-03-18,McDonalds,West,27249.592318297022,15862.649665543773,38636.53497105027,9813.336381268608,44685.848255325436
2024-03-25,McDonalds,West,27249.592318297022,15862.649665543773,38636.53497105027,9813.336381268608,44685.848255325436
2024-04-01,McDonalds,West,27249.592318297022,15862.649665543773,38636.53497105027,9813.336381268608,44685.848255325436
2024-04-08,McDonalds,West,27249.592318297022,15862.649665543773,38636.53497105027,9813.336381268608,44685.848255325436
2024-04-15,McDonalds,West,27249.592318297022,15862.649665543773,38636.53497105027,9813.336381268608,44685.848255325436
2024-04-22,McDonalds,West,27249.592318297022,15862.649665543773,38636.53497105027,9813.336381268608,44685.848255325436
2024-04-29,McDonalds,West,27249.592318297022,15862.649665543773,38636.53497105027,9813.336381268608,44685.848255325436
2024-05-06,McDonalds,West,27249.592318297022,15862.649665543773,38636.53497105027,9813.336381268608,44685.848255325436
2024-05-13,McDonalds,West,27249.592318297022,15862.649665543773,38636.53497105027,9813.336381268608,44685.848255325436
2024-05-20,McDonalds,West,27249.592318297022,15862.649665543773,38636.53497105027,9813.336381268608,44685.848255325436
2024-05-27,McDonalds,West,27249.592318297022,15862.649665543773,38636.53497105027,9813.336381268608,44685.848255325436
2024-06-03,McDonalds,West,27249.592318297022,15862.649665543773,38636.53497105027,9813.336381268608,44685.848255325436
2024-06-10,McDonalds,West,27249.592318297022,15862.649665543773,38636.53497105027,9813.336381268608,44685.848255325436
2024-06-17,McDonalds,West,27249.592318297022,15862.649665543773,38636.53497105027,9813.336381268608,44685.848255325436
2024-06-24,McDonalds,West,27249.592318297022,15862.649665543773,38636.53497105027,9813.336381268608,44685.848255325436
2024-07-01,McDonalds,West,27249.592318297022,15862.649665543773,38636.53497105027,9813.336381268608,44685.848255325436
2024-07-08,McDonalds,West,27249.592318297022,15862.649665543773,38636.53497105027,9813.336381268608,44685.848255325436
2024-07-15,McDonalds,West,27249.592318297022,15862.649665543773,38636.53497105027,9813.336381268608,44685.848255325436
2024-07-22,McDonalds,West,27249.592318297022,15862.649665543773,38636.53497105027,9813.336381268608,44685.848255325436
2024-07-29,McDonalds,West,27249.592318297022,15862.649665543773,38636.53497105027,9813.336381268608,44685.848255325436
2024-08-05,McDonalds,West,27249.592318297022,15862.649665543773,38636.53497105027,9813.336381268608,44685.848255325436
2024-08-12,McDonalds,West,27249.592318297022,15862.649665543773,38636.53497105027,9813.336381268608,44685.848255325436
2024-08-19,McDonalds,West,27249.592318297022,15862.649665543773,38636.53497105027,9813.336381268608,44685.848255325436
2024-08-26,McDonalds,West,27249.592318297022,15862.649665543773,38636.53497105027,9813.336381268608,44685.848255325436
2024-09-02,McDonalds,West,27249.592318297022,15862.649665543773,38636.53497105027,9813.336381268608,44685.848255325436
2024-09-09,McDonalds,West,27249.592318297022,15862.649665543773,38636.53497105027,9813.336381268608,44685.848255325436
2024-09-16,McDonalds,West,27249.592318297022,15862.649665543773,38636.53497105027,9813.336381268608,44685.848255325436
2024-09-23,McDonalds,West,27249.592318297022,15862.649665543773,38636.53497105027,9813.336381268608,44685.848255325436
2024-09-30,McDonalds,West,27249.592318297022,15862.649665543773,38636.53497105027,9813.336381268608,44685.848255325436
2024-10-07,McDonalds,West,27249.592318297022,15862.649665543773,38636.53497105027,9813.336381268608,44685.848255325436
2024-10-14,McDonalds,West,27249.592318297022,15862.649665543773,38636.53497105027,9813.336381268608,44685.848255325436
2024-10-21,McDonalds,West,27249.592318297022,15862.649665543773,38636.53497105027,9813.336381268608,44685.848255325436
2024-10-28,McDonalds,West,27249.592318297022,15862.649665543773,38636.53497105027,9813.336381268608,44685.848255325436
2024-11-04,McDonalds,West,27249.592318297022,15862.649665543773,38636.53497105027,9813.336381268608,44685.848255325436
2024-11-11,McDonalds,West,27249.592318297022,15862.649665543773,38636.53497105027,9813.336381268608,44685.848255325436
2024-11-18,McDonalds,West,27249.592318297022,15862.649665543773,38636.53497105027,9813.336381268608,44685.848255325436
2024-11-25,McDonalds,West,27249.592318297022,15862.649665543773,38636.53497105027,9813.336381268608,44685.848255325436
2024-12-02,McDonalds,West,27249.592318297022,15862.649665543773,38636.53497105027,9813.336381268608,44685.848255325436
2024-12-09,McDonalds,West,27249.592318297022,15862.649665543773,38636.53497105027,9813.336381268608,44685.848255325436
2024-12-16,McDonalds,West,27249.592318297022,15862.649665543773,38636.53497105027,9813.336381268608,44685.848255325436
2024-12-23,McDonalds,West,27249.592318297022,15862.649665543773,38636.53497105027,9813.336381268608,44685.848255325436
2024-12-30,McDonalds,West,27249.592318297022,15862.649665543773,38636.53497105027,9813.336381268608,44685.848255325436
2024-01-01,PizzaHut,Midwest,144792.71217226482,117496.75372646784,172088.6706180618,102995.7758021382,186589.64854239143
2024-01-08,PizzaHut,Midwest,144792.71217226482,117496.75372646784,172088.6706180618,102995.7758021382,186589.64854239143
2024-01-15,PizzaHut,Midwest,144792.71217226482,117496.75372646784,172088.6706180618,102995.7758021382,186589.64854239143
2024-01-22,PizzaHut,Midwest,144792.71217226482,117496.75372646784,172088.6706180618,102995.7758021382,186589.64854239143
2024-01-29,PizzaHut,Midwest,144792.71217226482,117496.75372646784,172088.6706180618,102995.7758021382,186589.64854239143
2024-02-05,PizzaHut,Midwest,144792.71217226482,117496.75372646784,172088.6706180618,102995.7758021382,186589.64854239143
2024-02-12,PizzaHut,Midwest,144792.71217226482,117496.75372646784,172088.6706180618,102995.7758021382,186589.64854239143
2024-02-19,PizzaHut,Midwest,144792.71217226482,117496.75372646784,172088.6706180618,102995.7758021382,186589.64854239143
2024-02-26,PizzaHut,Midwest,144792.71217226482,117496.75372646784,172088.6706180618,102995.7758021382,186589.64854239143
2024-03-04,PizzaHut,Midwest,144792.71217226482,117496.75372646784,172088.6706180618,102995.7758021382,186589.64854239143
2024-03-11,PizzaHut,Midwest,144792.71217226482,117496.75372646784,172088.6706180618,102995.7758021382,186589.64854239143
2024-03-18,PizzaHut,Midwest,144792.71217226482,117496.75372646784,172088.6706180618,102995.7758021382,186589.64854239143
2024-03-25,PizzaHut,Midwest,144792.71217226482,117496.75372646784,172088.6706180618,102995.7758021382,186589.64854239143
2024-04-01,PizzaHut,Midwest,144792.71217226482,117496.75372646784,172088.6706180618,102995.7758021382,186589.64854239143
2024-04-08,PizzaHut,Midwest,144792.71217226482,117496.75372646784,172088.6706180618,102995.7758021382,186589.64854239143
2024-04-15,PizzaHut,Midwest,144792.71217226482,117496.75372646784,172088.6706180618,102995.7758021382,186589.64854239143
2024-04-22,PizzaHut,Midwest,144792.71217226482,117496.75372646784,172088.6706180618,102995.7758021382,186589.64854239143
2024-04-29,PizzaHut,Midwest,144792.71217226482,117496.75372646784,172088.6706180618,102995.7758021382,186589.64854239143
2024-05-06,PizzaHut,Midwest,144792.71217226482,117496.75372646784,172088.6706180618,102995.7758021382,186589.64854239143
2024-05-13,PizzaHut,Midwest,144792.71217226482,117496.75372646784,172088.6706180618,102995.7758021382,186589.64854239143
2024-05-20,PizzaHut,Midwest,144792.71217226482,117496.75372646784,172088.6706180618,102995.7758021382,186589.64854239143
2024-05-27,PizzaHut,Midwest,144792.71217226482,117496.75372646784,172088.6706180618,102995.7758021382,186589.64854239143
2024-06-03,PizzaHut,Midwest,144792.71217226482,117496.75372646784,172088.6706180618,102995.7758021382,186589.64854239143
2024-06-10,PizzaHut,Midwest,144792.71217226482,117496.75372646784,172088.6706180618,102995.7758021382,186589.64854239143
2024-06-17,PizzaHut,Midwest,144792.71217226482,117496.75372646784,172088.6706180618,102995.7758021382,186589.64854239143
2024-06-24,PizzaHut,Midwest,144792.71217226482,117496.75372646784,172088.6706180618,102995.7758021382,186589.64854239143
2024-07-01,PizzaHut,Midwest,144792.71217226482,117496.75372646784,172088.6706180618,102995.7758021382,186589.64854239143
2024-07-08,PizzaHut,Midwest,144792.71217226482,117496.75372646784,172088.6706180618,102995.7758021382,186589.64854239143
2024-07-15,PizzaHut,Midwest,144792.71217226482,117496.75372646784,172088.6706180618,102995.7758021382,186589.64854239143
2024-07-22,PizzaHut,Midwest,144792.71217226482,117496.75372646784,172088.6706180618,102995.7758021382,186589.64854239143
2024-07-29,PizzaHut,Midwest,144792.71217226482,117496.75372646784,172088.6706180618,102995.7758021382,186589.64854239143
2024-08-05,PizzaHut,Midwest,144792.71217226482,117496.75372646784,172088.6706180618,102995.7758021382,186589.64854239143
2024-08-12,PizzaHut,Midwest,144792.71217226482,117496.75372646784,172088.6706180618,102995.7758021382,186589.64854239143
2024-08-19,PizzaHut,Midwest,144792.71217226482,117496.75372646784,172088.6706180618,102995.7758021382,186589.64854239143
2024-08-26,PizzaHut,Midwest,144792.71217226482,117496.75372646784,172088.6706180618,102995.7758021382,186589.64854239143
2024-09-02,PizzaHut,Midwest,144792.71217226482,117496.75372646784,172088.6706180618,102995.7758021382,186589.64854239143
2024-09-09,PizzaHut,Midwest,144792.71217226482,117496.75372646784,172088.6706180618,102995.7758021382,186589.64854239143
2024-09-16,PizzaHut,Midwest,144792.71217226482,117496.75372646784,172088.6706180618,102995.7758021382,186589.64854239143
2024-09-23,PizzaHut,Midwest,144792.71217226482,117496.75372646784,172088.6706180618,102995.7758021382,186589.64854239143
2024-09-30,PizzaHut,Midwest,144792.71217226482,117496.75372646784,172088.6706180618,102995.7758021382,186589.64854239143
2024-10-07,PizzaHut,Midwest,144792.71217226482,117496.75372646784,172088.6706180618,102995.7758021382,186589.64854239143
2024-10-14,PizzaHut,Midwest,144792.71217226482,117496.75372646784,172088.6706180618,102995.7758021382,186589.64854239143
2024-10-21,PizzaHut,Midwest,144792.71217226482,117496.75372646784,172088.6706180618,102995.7758021382,186589.64854239143
2024-10-28,PizzaHut,Midwest,144792.71217226482,117496.75372646784,172088.6706180618,102995.7758021382,186589.64854239143
2024-11-04,PizzaHut,Midwest,144792.71217226482,117496.75372646784,172088.6706180618,102995.7758021382,186589.64854239143
2024-11-11,PizzaHut,Midwest,144792.71217226482,117496.75372646784,172088.6706180618,102995.7758021382,186589.64854239143
2024-11-18,PizzaHut,Midwest,144792.71217226482,117496.75372646784,172088.6706180618,102995.7758021382,186589.64854239143
2024-11-25,PizzaHut,Midwest,144792.71217226482,117496.75372646784,172088.6706180618,102995.7758021382,186589.64854239143
2024-12-02,PizzaHut,Midwest,144792.71217226482,117496.75372646784,172088.6706180618,102995.7758021382,186589.64854239143
2024-12-09,PizzaHut,Midwest,144792.71217226482,117496.75372646784,172088.6706180618,102995.7758021382,186589.64854239143
2024-12-16,PizzaHut,Midwest,144792.71217226482,117496.75372646784,172088.6706180618,102995.7758021382,186589.64854239143
2024-12-23,PizzaHut,Midwest,144792.71217226482,117496.75372646784,172088.6706180618,102995.7758021382,186589.64854239143
2024-12-30,PizzaHut,Midwest,144792.71217226482,117496.75372646784,172088.6706180618,102995.7758021382,186589.64854239143
2024-01-01,PizzaHut,Northeast,106583.27181994962,74534.46505311795,138632.07858678128,57508.53645823863,155658.0071816606
2024-01-08,PizzaHut,Northeast,106583.27181994962,74534.46505311795,138632.07858678128,57508.53645823863,155658.0071816606
2024-01-15,PizzaHut,Northeast,106583.27181994962,74534.46505311795,138632.07858678128,57508.53645823863,155658.0071816606
2024-01-22,PizzaHut,Northeast,106583.27181994962,74534.46505311795,138632.07858678128,57508.53645823863,155658.0071816606
2024-01-29,PizzaHut,Northeast,106583.27181994962,74534.46505311795,138632.07858678128,57508.53645823863,155658.0071816606
2024-02-05,PizzaHut,Northeast,106583.27181994962,74534.46505311795,138632.07858678128,57508.53645823863,155658.0071816606
2024-02-12,PizzaHut,Northeast,106583.27181994962,74534.46505311795,138632.07858678128,57508.53645823863,155658.0071816606
2024-02-19,PizzaHut,Northeast,106583.27181994962,74534.46505311795,138632.07858678128,57508.53645823863,155658.0071816606
2024-02-26,PizzaHut,Northeast,106583.27181994962,74534.46505311795,138632.07858678128,57508.53645823863,155658.0071816606
2024-03-04,PizzaHut,Northeast,106583.27181994962,74534.46505311795,138632.07858678128,57508.53645823863,155658.0071816606
2024-03-11,PizzaHut,Northeast,106583.27181994962,74534.46505311795,138632.07858678128,57508.53645823863,155658.0071816606
2024-03-18,PizzaHut,Northeast,106583.27181994962,74534.46505311795,138632.07858678128,57508.53645823863,155658.0071816606
2024-03-25,PizzaHut,Northeast,106583.27181994962,74534.46505311795,138632.07858678128,57508.53645823863,155658.0071816606
2024-04-01,PizzaHut,Northeast,106583.27181994962,74534.46505311795,138632.07858678128,57508.53645823863,155658.0071816606
2024-04-08,PizzaHut,Northeast,106583.27181994962,74534.46505311795,138632.07858678128,57508.53645823863,155658.0071816606
2024-04-15,PizzaHut,Northeast,106583.27181994962,74534.46505311795,138632.07858678128,57508.53645823863,155658.0071816606
2024-04-22,PizzaHut,Northeast,106583.27181994962,74534.46505311795,138632.07858678128,57508.53645823863,155658.0071816606
2024-04-29,PizzaHut,Northeast,106583.27181994962,74534.46505311795,138632.07858678128,57508.53645823863,155658.0071816606
2024-05-06,PizzaHut,Northeast,106583.27181994962,74534.46505311795,138632.07858678128,57508.53645823863,155658.0071816606
2024-05-13,PizzaHut,Northeast,106583.27181994962,74534.46505311795,138632.07858678128,57508.53645823863,155658.0071816606
2024-05-20,PizzaHut,Northeast,106583.27181994962,74534.46505311795,138632.07858678128,57508.53645823863,155658.0071816606
2024-05-27,PizzaHut,Northeast,106583.27181994962,74534.46505311795,138632.07858678128,57508.53645823863,155658.0071816606
2024-06-03,PizzaHut,Northeast,106583.27181994962,74534.46505311795,138632.07858678128,57508.53645823863,155658.0071816606
2024-06-10,PizzaHut,Northeast,106583.27181994962,74534.46505311795,138632.07858678128,57508.53645823863,155658.0071816606
2024-06-17,PizzaHut,Northeast,106583.27181994962,74534.46505311795,138632.07858678128,57508.53645823863,155658.0071816606
2024-06-24,PizzaHut,Northeast,106583.27181994962,74534.46505311795,138632.07858678128,57508.53645823863,155658.0071816606
2024-07-01,PizzaHut,Northeast,106583.27181994962,74534.46505311795,138632.07858678128,57508.53645823863,155658.0071816606
2024-07-08,PizzaHut,Northeast,106583.27181994962,74534.46505311795,138632.07858678128,57508.53645823863,155658.0071816606
2024-07-15,PizzaHut,Northeast,106583.27181994962,74534.46505311795,138632.07858678128,57508.53645823863,155658.0071816606
2024-07-22,PizzaHut,Northeast,106583.27181994962,74534.46505311795,138632.07858678128,57508.53645823863,155658.0071816606
2024-07-29,PizzaHut,Northeast,106583.27181994962,74534.46505311795,138632.07858678128,57508.53645823863,155658.0071816606
2024-08-05,PizzaHut,Northeast,106583.27181994962,74534.46505311795,138632.07858678128,57508.53645823863,155658.0071816606
2024-08-12,PizzaHut,Northeast,106583.27181994962,74534.46505311795,138632.07858678128,57508.53645823863,155658.0071816606
2024-08-19,PizzaHut,Northeast,106583.27181994962,74534.46505311795,138632.07858678128,57508.53645823863,155658.0071816606
2024-08-26,PizzaHut,Northeast,106583.27181994962,74534.46505311795,138632.07858678128,57508.53645823863,155658.0071816606
2024-09-02,PizzaHut,Northeast,106583.27181994962,74534.46505311795,138632.07858678128,57508.53645823863,155658.0071816606
2024-09-09,PizzaHut,Northeast,106583.27181994962,74534.46505311795,138632.07858678128,57508.53645823863,155658.0071816606
2024-09-16,PizzaHut,Northeast,106583.27181994962,74534.46505311795,138632.07858678128,57508.53645823863,155658.0071816606
2024-09-23,PizzaHut,Northeast,106583.27181994962,74534.46505311795,138632.07858678128,57508.53645823863,155658.0071816606
2024-09-30,PizzaHut,Northeast,106583.27181994962,74534.46505311795,138632.07858678128,57508.53645823863,155658.0071816606
2024-10-07,PizzaHut,Northeast,106583.27181994962,74534.46505311795,138632.07858678128,57508.53645823863,155658.0071816606
2024-10-14,PizzaHut,Northeast,106583.27181994962,74534.46505311795,138632.07858678128,57508.53645823863,155658.0071816606
2024-10-21,PizzaHut,Northeast,106583.27181994962,74534.46505311795,138632.07858678128,57508.53645823863,155658.0071816606
2024-10-28,PizzaHut,Northeast,106583.27181994962,74534.46505311795,138632.07858678128,57508.53645823863,155658.0071816606
2024-11-04,PizzaHut,Northeast,106583.27181994962,74534.46505311795,138632.07858678128,57508.53645823863,155658.0071816606
2024-11-11,PizzaHut,Northeast,106583.27181994962,74534.46505311795,138632.07858678128,57508.53645823863,155658.0071816606
2024-11-18,PizzaHut,Northeast,106583.27181994962,74534.46505311795,138632.07858678128,57508.53645823863,155658.0071816606
2024-11-25,PizzaHut,Northeast,106583.27181994962,74534.46505311795,138632.07858678128,57508.53645823863,155658.0071816606
2024-12-02,PizzaHut,Northeast,106583.27181994962,74534.46505311795,138632.07858678128,57508.53645823863,155658.0071816606
2024-12-09,PizzaHut,Northeast,106583.27181994962,74534.46505311795,138632.07858678128,57508.53645823863,155658.0071816606
2024-12-16,PizzaHut,Northeast,106583.27181994962,74534.46505311795,138632.07858678128,57508.53645823863,155658.0071816606
2024-12-23,PizzaHut,Northeast,106583.27181994962,74534.46505311795,138632.07858678128,57508.53645823863,155658.0071816606
2024-12-30,PizzaHut,Northeast,106583.27181994962,74534.46505311795,138632.07858678128,57508.53645823863,155658.0071816606
2024-01-01,PizzaHut,South,45366.74892849475,34105.14980931883,56628.348047670675,28122.425277256625,62611.07257973288
2024-01-08,PizzaHut,South,45366.74892849475,34105.14980931883,56628.348047670675,28122.425277256625,62611.07257973288
2024-01-15,PizzaHut,South,45366.74892849475,34105.14980931883,56628.348047670675,28122.425277256625,62611.07257973288
2024-01-22,PizzaHut,South,45366.74892849475,34105.14980931883,56628.348047670675,28122.425277256625,62611.07257973288
2024-01-29,PizzaHut,South,45366.74892849475,34105.14980931883,56628.348047670675,28122.425277256625,62611.07257973288
2024-02-05,PizzaHut,South,45366.74892849475,34105.14980931883,56628.348047670675,28122.425277256625,62611.07257973288
2024-02-12,PizzaHut,South,45366.74892849475,34105.14980931883,56628.348047670675,28122.425277256625,62611.07257973288
2024-02-19,PizzaHut,South,45366.74892849475,34105.14980931883,56628.348047670675,28122.425277256625,62611.07257973288
2024-02-26,PizzaHut,South,45366.74892849475,34105.14980931883,56628.348047670675,28122.425277256625,62611.07257973288
2024-03-04,PizzaHut,South,45366.74892849475,34105.14980931883,56628.348047670675,28122.425277256625,62611.07257973288
2024-03-11,PizzaHut,South,45366.74892849475,34105.14980931883,56628.348047670675,28122.425277256625,62611.07257973288
2024-03-18,PizzaHut,South,45366.74892849475,34105.14980931883,56628.348047670675,28122.425277256625,62611.07257973288
2024-03-25,PizzaHut,South,45366.74892849475,34105.14980931883,56628.348047670675,28122.425277256625,62611.07257973288
2024-04-01,PizzaHut,South,45366.74892849475,34105.14980931883,56628.348047670675,28122.425277256625,62611.07257973288
2024-04-08,PizzaHut,South,45366.74892849475,34105.14980931883,56628.348047670675,28122.425277256625,62611.07257973288
2024-04-15,PizzaHut,South,45366.74892849475,34105.14980931883,56628.348047670675,28122.425277256625,62611.07257973288
2024-04-22,PizzaHut,South,45366.74892849475,34105.14980931883,56628.348047670675,28122.425277256625,62611.07257973288
2024-04-29,PizzaHut,South,45366.74892849475,34105.14980931883,56628.348047670675,28122.425277256625,62611.07257973288
2024-05-06,PizzaHut,South,45366.74892849475,34105.14980931883,56628.348047670675,28122.425277256625,62611.07257973288
2024-05-13,PizzaHut,South,45366.74892849475,34105.14980931883,56628.348047670675,28122.425277256625,62611.07257973288
2024-05-20,PizzaHut,South,45366.74892849475,34105.14980931883,56628.348047670675,28122.425277256625,62611.07257973288
2024-05-27,PizzaHut,South,45366.74892849475,34105.14980931883,56628.348047670675,28122.425277256625,62611.07257973288
2024-06-03,PizzaHut,South,45366.74892849475,34105.14980931883,56628.348047670675,28122.425277256625,62611.07257973288
2024-06-10,PizzaHut,South,45366.74892849475,34105.14980931883,56628.348047670675,28122.425277256625,62611.07257973288
2024-06-17,PizzaHut,South,45366.74892849475,34105.14980931883,56628.348047670675,28122.425277256625,62611.07257973288
2024-06-24,PizzaHut,South,45366.74892849475,34105.14980931883,56628.348047670675,28122.425277256625,62611.07257973288
2024-07-01,PizzaHut,South,45366.74892849475,34105.14980931883,56628.348047670675,28122.425277256625,62611.07257973288
2024-07-08,PizzaHut,South,45366.74892849475,34105.14980931883,56628.348047670675,28122.425277256625,62611.07257973288
2024-07-15,PizzaHut,South,45366.74892849475,34105.14980931883,56628.348047670675,28122.425277256625,62611.07257973288
2024-07-22,PizzaHut,South,45366.74892849475,34105.14980931883,56628.348047670675,28122.425277256625,62611.07257973288
2024-07-29,PizzaHut,South,45366.74892849475,34105.14980931883,56628.348047670675,28122.425277256625,62611.07257973288
2024-08-05,PizzaHut,South,45366.74892849475,34105.14980931883,56628.348047670675,28122.425277256625,62611.07257973288
2024-08-12,PizzaHut,South,45366.74892849475,34105.14980931883,56628.348047670675,28122.425277256625,62611.07257973288
2024-08-19,PizzaHut,South,45366.74892849475,34105.14980931883,56628.348047670675,28122.425277256625,62611.07257973288
2024-08-26,PizzaHut,South,45366.74892849475,34105.14980931883,56628.348047670675,28122.425277256625,62611.07257973288
2024-09-02,PizzaHut,South,45366.74892849475,34105.14980931883,56628.348047670675,28122.425277256625,62611.07257973288
2024-09-09,PizzaHut,South,45366.74892849475,34105.14980931883,56628.348047670675,28122.425277256625,62611.07257973288
2024-09-16,PizzaHut,South,45366.74892849475,34105.14980931883,56628.348047670675,28122.425277256625,62611.07257973288
2024-09-23,PizzaHut,South,45366.74892849475,34105.14980931883,56628.348047670675,28122.425277256625,62611.07257973288
2024-09-30,PizzaHut,South,45366.74892849475,34105.14980931883,56628.348047670675,28122.425277256625,62611.07257973288
2024-10-07,PizzaHut,South,45366.74892849475,34105.14980931883,56628.348047670675,28122.425277256625,62611.07257973288
2024-10-14,PizzaHut,South,45366.74892849475,34105.14980931883,56628.348047670675,28122.425277256625,62611.07257973288
2024-10-21,PizzaHut,South,45366.74892849475,34105.14980931883,56628.348047670675,28122.425277256625,62611.07257973288
2024-10-28,PizzaHut,South,45366.74892849475,34105.14980931883,56628.348047670675,28122.425277256625,62611.07257973288
2024-11-04,PizzaHut,South,45366.74892849475,34105.14980931883,56628.348047670675,28122.425277256625,62611.07257973288
2024-11-11,PizzaHut,South,45366.74892849475,34105.14980931883,56628.348047670675,28122.425277256625,62611.07257973288
2024-11-18,PizzaHut,South,45366.74892849475,34105.14980931883,56628.348047670675,28122.425277256625,62611.07257973288
2024-11-25,PizzaHut,South,45366.74892849475,34105.14980931883,56628.348047670675,28122.425277256625,62611.07257973288
2024-12-02,PizzaHut,South,45366.74892849475,34105.14980931883,56628.348047670675,28122.425277256625,62611.07257973288
2024-12-09,PizzaHut,South,45366.74892849475,34105.14980931883,56628.348047670675,28122.425277256625,62611.07257973288
2024-12-16,PizzaHut,South,45366.74892849475,34105.14980931883,56628.348047670675,28122.425277256625,62611.07257973288
2024-12-23,PizzaHut,South,45366.74892849475,34105.14980931883,56628.348047670675,28122.425277256625,62611.07257973288
2024-12-30,PizzaHut,South,45366.74892849475,34105.14980931883,56628.348047670675,28122.425277256625,62611.07257973288
2024-01-01,PizzaHut,Southwest,39280.50618788874,16748.995765517317,61812.016610260165,4779.130853632501,73781.88152214498
2024-01-08,PizzaHut,Southwest,39280.50618788874,16748.995765517317,61812.016610260165,4779.130853632501,73781.88152214498
2024-01-15,PizzaHut,Southwest,39280.50618788874,16748.995765517317,61812.016610260165,4779.130853632501,73781.88152214498
2024-01-22,PizzaHut,Southwest,39280.50618788874,16748.995765517317,61812.016610260165,4779.130853632501,73781.88152214498
2024-01-29,PizzaHut,Southwest,39280.50618788874,16748.995765517317,61812.016610260165,4779.130853632501,73781.88152214498
2024-02-05,PizzaHut,Southwest,39280.50618788874,16748.995765517317,61812.016610260165,4779.130853632501,73781.88152214498
2024-02-12,PizzaHut,Southwest,39280.50618788874,16748.995765517317,61812.016610260165,4779.130853632501,73781.88152214498
2024-02-19,PizzaHut,Southwest,39280.50618788874,16748.995765517317,61812.016610260165,4779.130853632501,73781.88152214498
2024-02-26,PizzaHut,Southwest,39280.50618788874,16748.995765517317,61812.016610260165,4779.130853632501,73781.88152214498
2024-03-04,PizzaHut,Southwest,39280.50618788874,16748.995765517317,61812.016610260165,4779.130853632501,73781.88152214498
2024-03-11,PizzaHut,Southwest,39280.50618788874,16748.995765517317,61812.016610260165,4779.130853632501,73781.88152214498
2024-03-18,PizzaHut,Southwest,39280.50618788874,16748.995765517317,61812.016610260165,4779.130853632501,73781.88152214498
2024-03-25,PizzaHut,Southwest,39280.50618788874,16748.995765517317,61812.016610260165,4779.130853632501,73781.88152214498
2024-04-01,PizzaHut,Southwest,39280.50618788874,16748.995765517317,61812.016610260165,4779.130853632501,73781.88152214498
2024-04-08,PizzaHut,Southwest,39280.50618788874,16748.995765517317,61812.016610260165,4779.130853632501,73781.88152214498
2024-04-15,PizzaHut,Southwest,39280.50618788874,16748.995765517317,61812.016610260165,4779.130853632501,73781.88152214498
2024-04-22,PizzaHut,Southwest,39280.50618788874,16748.995765517317,61812.016610260165,4779.130853632501,73781.88152214498
2024-04-29,PizzaHut,Southwest,39280.50618788874,16748.995765517317,61812.016610260165,4779.130853632501,73781.88152214498
2024-05-06,PizzaHut,Southwest,39280.50618788874,16748.995765517317,61812.016610260165,4779.130853632501,73781.88152214498
2024-05-13,PizzaHut,Southwest,39280.50618788874,16748.995765517317,61812.016610260165,4779.130853632501,73781.88152214498
2024-05-20,PizzaHut,Southwest,39280.50618788874,16748.995765517317,61812.016610260165,4779.130853632501,73781.88152214498
2024-05-27,PizzaHut,Southwest,39280.50618788874,16748.995765517317,61812.016610260165,4779.130853632501,73781.88152214498
2024-06-03,PizzaHut,Southwest,39280.50618788874,16748.995765517317,61812.016610260165,4779.130853632501,73781.88152214498
2024-06-10,PizzaHut,Southwest,39280.50618788874,16748.995765517317,61812.016610260165,4779.130853632501,73781.88152214498
2024-06-17,PizzaHut,Southwest,39280.50618788874,16748.995765517317,61812.016610260165,4779.130853632501,73781.88152214498
2024-06-24,PizzaHut,Southwest,39280.50618788874,16748.995765517317,61812.016610260165,4779.130853632501,73781.88152214498
2024-07-01,PizzaHut,Southwest,39280.50618788874,16748.995765517317,61812.016610260165,4779.130853632501,73781.88152214498
2024-07-08,PizzaHut,Southwest,39280.50618788874,16748.995765517317,61812.016610260165,4779.130853632501,73781.88152214498
2024-07-15,PizzaHut,Southwest,39280.50618788874,16748.995765517317,61812.016610260165,4779.130853632501,73781.88152214498
2024-07-22,PizzaHut,Southwest,39280.50618788874,16748.995765517317,61812.016610260165,4779.130853632501,73781.88152214498
2024-07-29,PizzaHut,Southwest,39280.50618788874,16748.995765517317,61812.016610260165,4779.130853632501,73781.88152214498
2024-08-05,PizzaHut,Southwest,39280.50618788874,16748.995765517317,61812.016610260165,4779.130853632501,73781.88152214498
2024-08-12,PizzaHut,Southwest,39280.50618788874,16748.995765517317,61812.016610260165,4779.130853632501,73781.88152214498
2024-08-19,PizzaHut,Southwest,39280.50618788874,16748.995765517317,61812.016610260165,4779.130853632501,73781.88152214498
2024-08-26,PizzaHut,Southwest,39280.50618788874,16748.995765517317,61812.016610260165,4779.130853632501,73781.88152214498
2024-09-02,PizzaHut,Southwest,39280.50618788874,16748.995765517317,61812.016610260165,4779.130853632501,73781.88152214498
2024-09-09,PizzaHut,Southwest,39280.50618788874,16748.995765517317,61812.016610260165,4779.130853632501,73781.88152214498
2024-09-16,PizzaHut,Southwest,39280.50618788874,16748.995765517317,61812.016610260165,4779.130853632501,73781.88152214498
2024-09-23,PizzaHut,Southwest,39280.50618788874,16748.995765517317,61812.016610260165,4779.130853632501,73781.88152214498
2024-09-30,PizzaHut,Southwest,39280.50618788874,16748.995765517317,61812.016610260165,4779.130853632501,73781.88152214498
2024-10-07,PizzaHut,Southwest,39280.50618788874,16748.995765517317,61812.016610260165,4779.130853632501,73781.88152214498
2024-10-14,PizzaHut,Southwest,39280.50618788874,16748.995765517317,61812.016610260165,4779.130853632501,73781.88152214498
2024-10-21,PizzaHut,Southwest,39280.50618788874,16748.995765517317,61812.016610260165,4779.130853632501,73781.88152214498
2024-10-28,PizzaHut,Southwest,39280.50618788874,16748.995765517317,61812.016610260165,4779.130853632501,73781.88152214498
2024-11-04,PizzaHut,Southwest,39280.50618788874,16748.995765517317,61812.016610260165,4779.130853632501,73781.88152214498
2024-11-11,PizzaHut,Southwest,39280.50618788874,16748.995765517317,61812.016610260165,4779.130853632501,73781.88152214498
2024-11-18,PizzaHut,Southwest,39280.50618788874,16748.995765517317,61812.016610260165,4779.130853632501,73781.88152214498
2024-11-25,PizzaHut,Southwest,39280.50618788874,16748.995765517317,61812.016610260165,4779.130853632501,73781.88152214498
2024-12-02,PizzaHut,Southwest,39280.50618788874,16748.995765517317,61812.016610260165,4779.130853632501,73781.88152214498
2024-12-09,PizzaHut,Southwest,39280.50618788874,16748.995765517317,61812.016610260165,4779.130853632501,73781.88152214498
2024-12-16,PizzaHut,Southwest,39280.50618788874,16748.995765517317,61812.016610260165,4779.130853632501,73781.88152214498
2024-12-23,PizzaHut,Southwest,39280.50618788874,16748.995765517317,61812.016610260165,4779.130853632501,73781.88152214498
2024-12-30,PizzaHut,Southwest,39280.50618788874,16748.995765517317,61812.016610260165,4779.130853632501,73781.88152214498
2024-01-01,PizzaHut,West,49801.91798357771,32690.95796538244,66912.87800177297,23600.760455716205,76003.07551143921
2024-01-08,PizzaHut,West,49801.91798357771,32690.95796538244,66912.87800177297,23600.760455716205,76003.07551143921
2024-01-15,PizzaHut,West,49801.91798357771,32690.95796538244,66912.87800177297,23600.760455716205,76003.07551143921
2024-01-22,PizzaHut,West,49801.91798357771,32690.95796538244,66912.87800177297,23600.760455716205,76003.07551143921
2024-01-29,PizzaHut,West,49801.91798357771,32690.95796538244,66912.87800177297,23600.760455716205,76003.07551143921
2024-02-05,PizzaHut,West,49801.91798357771,32690.95796538244,66912.87800177297,23600.760455716205,76003.07551143921
2024-02-12,PizzaHut,West,49801.91798357771,32690.95796538244,66912.87800177297,23600.760455716205,76003.07551143921
2024-02-19,PizzaHut,West,49801.91798357771,32690.95796538244,66912.87800177297,23600.760455716205,76003.07551143921
2024-02-26,PizzaHut,West,49801.91798357771,32690.95796538244,66912.87800177297,23600.760455716205,76003.07551143921
2024-03-04,PizzaHut,West,49801.91798357771,32690.95796538244,66912.87800177297,23600.760455716205,76003.07551143921
2024-03-11,PizzaHut,West,49801.91798357771,32690.95796538244,66912.87800177297,23600.760455716205,76003.07551143921
2024-03-18,PizzaHut,West,49801.91798357771,32690.95796538244,66912.87800177297,23600.760455716205,76003.07551143921
2024-03-25,PizzaHut,West,49801.91798357771,32690.95796538244,66912.87800177297,23600.760455716205,76003.07551143921
2024-04-01,PizzaHut,West,49801.91798357771,32690.95796538244,66912.87800177297,23600.760455716205,76003.07551143921
2024-04-08,PizzaHut,West,49801.91798357771,32690.95796538244,66912.87800177297,23600.760455716205,76003.07551143921
2024-04-15,PizzaHut,West,49801.91798357771,32690.95796538244,66912.87800177297,23600.760455716205,76003.07551143921
2024-04-22,PizzaHut,West,49801.91798357771,32690.95796538244,66912.87800177297,23600.760455716205,76003.07551143921
2024-04-29,PizzaHut,West,49801.91798357771,32690.95796538244,66912.87800177297,23600.760455716205,76003.07551143921
2024-05-06,PizzaHut,West,49801.91798357771,32690.95796538244,66912.87800177297,23600.760455716205,76003.07551143921
2024-05-13,PizzaHut,West,49801.91798357771,32690.95796538244,66912.87800177297,23600.760455716205,76003.07551143921
2024-05-20,PizzaHut,West,49801.91798357771,32690.95796538244,66912.87800177297,23600.760455716205,76003.07551143921
2024-05-27,PizzaHut,West,49801.91798357771,32690.95796538244,66912.87800177297,23600.760455716205,76003.07551143921
2024-06-03,PizzaHut,West,49801.91798357771,32690.95796538244,66912.87800177297,23600.760455716205,76003.07551143921
2024-06-10,PizzaHut,West,49801.91798357771,32690.95796538244,66912.87800177297,23600.760455716205,76003.07551143921
2024-06-17,PizzaHut,West,49801.91798357771,32690.95796538244,66912.87800177297,23600.760455716205,76003.07551143921
2024-06-24,PizzaHut,West,49801.91798357771,32690.95796538244,66912.87800177297,23600.760455716205,76003.07551143921
2024-07-01,PizzaHut,West,49801.91798357771,32690.95796538244,66912.87800177297,23600.760455716205,76003.07551143921
2024-07-08,PizzaHut,West,49801.91798357771,32690.95796538244,66912.87800177297,23600.760455716205,76003.07551143921
2024-07-15,PizzaHut,West,49801.91798357771,32690.95796538244,66912.87800177297,23600.760455716205,76003.07551143921
2024-07-22,PizzaHut,West,49801.91798357771,32690.95796538244,66912.87800177297,23600.760455716205,76003.07551143921
2024-07-29,PizzaHut,West,49801.91798357771,32690.95796538244,66912.87800177297,23600.760455716205,76003.07551143921
2024-08-05,PizzaHut,West,49801.91798357771,32690.95796538244,66912.87800177297,23600.760455716205,76003.07551143921
2024-08-12,PizzaHut,West,49801.91798357771,32690.95796538244,66912.87800177297,23600.760455716205,76003.07551143921
2024-08-19,PizzaHut,West,49801.91798357771,32690.95796538244,66912.87800177297,23600.760455716205,76003.07551143921
2024-08-26,PizzaHut,West,49801.91798357771,32690.95796538244,66912.87800177297,23600.760455716205,76003.07551143921
2024-09-02,PizzaHut,West,49801.91798357771,32690.95796538244,66912.87800177297,23600.760455716205,76003.07551143921
2024-09-09,PizzaHut,West,49801.91798357771,32690.95796538244,66912.87800177297,23600.760455716205,76003.07551143921
2024-09-16,PizzaHut,West,49801.91798357771,32690.95796538244,66912.87800177297,23600.760455716205,76003.07551143921
2024-09-23,PizzaHut,West,49801.91798357771,32690.95796538244,66912.87800177297,23600.760455716205,76003.07551143921
2024-09-30,PizzaHut,West,49801.91798357771,32690.95796538244,66912.87800177297,23600.760455716205,76003.07551143921
2024-10-07,PizzaHut,West,49801.91798357771,32690.95796538244,66912.87800177297,23600.760455716205,76003.07551143921
2024-10-14,PizzaHut,West,49801.91798357771,32690.95796538244,66912.87800177297,23600.760455716205,76003.07551143921
2024-10-21,PizzaHut,West,49801.91798357771,32690.95796538244,66912.87800177297,23600.760455716205,76003.07551143921
2024-10-28,PizzaHut,West,49801.91798357771,32690.95796538244,66912.87800177297,23600.760455716205,76003.07551143921
2024-11-04,PizzaHut,West,49801.91798357771,32690.95796538244,66912.87800177297,23600.760455716205,76003.07551143921
2024-11-11,PizzaHut,West,49801.91798357771,32690.95796538244,66912.87800177297,23600.760455716205,76003.07551143921
2024-11-18,PizzaHut,West,49801.91798357771,32690.95796538244,66912.87800177297,23600.760455716205,76003.07551143921
2024-11-25,PizzaHut,West,49801.91798357771,32690.95796538244,66912.87800177297,23600.760455716205,76003.07551143921
2024-12-02,PizzaHut,West,49801.91798357771,32690.95796538244,66912.87800177297,23600.760455716205,76003.07551143921
2024-12-09,PizzaHut,West,49801.91798357771,32690.95796538244,66912.87800177297,23600.760455716205,76003.07551143921
2024-12-16,PizzaHut,West,49801.91798357771,32690.95796538244,66912.87800177297,23600.760455716205,76003.07551143921
2024-12-23,PizzaHut,West,49801.91798357771,32690.95796538244,66912.87800177297,23600.760455716205,76003.07551143921
2024-12-30,PizzaHut,West,49801.91798357771,32690.95796538244,66912.87800177297,23600.760455716205,76003.07551143921
2024-01-01,Subway,Midwest,25518.55581894387,11273.416497234484,39763.69514065326,3705.6862325763723,47331.42540531137
2024-01-08,Subway,Midwest,25518.55581894387,11273.416497234484,39763.69514065326,3705.6862325763723,47331.42540531137
2024-01-15,Subway,Midwest,25518.55581894387,11273.416497234484,39763.69514065326,3705.6862325763723,47331.42540531137
2024-01-22,Subway,Midwest,25518.55581894387,11273.416497234484,39763.69514065326,3705.6862325763723,47331.42540531137
2024-01-29,Subway,Midwest,25518.55581894387,11273.416497234484,39763.69514065326,3705.6862325763723,47331.42540531137
2024-02-05,Subway,Midwest,25518.55581894387,11273.416497234484,39763.69514065326,3705.6862325763723,47331.42540531137
2024-02-12,Subway,Midwest,25518.55581894387,11273.416497234484,39763.69514065326,3705.6862325763723,47331.42540531137
2024-02-19,Subway,Midwest,25518.55581894387,11273.416497234484,39763.69514065326,3705.6862325763723,47331.42540531137
2024-02-26,Subway,Midwest,25518.55581894387,11273.416497234484,39763.69514065326,3705.6862325763723,47331.42540531137
2024-03-04,Subway,Midwest,25518.55581894387,11273.416497234484,39763.69514065326,3705.6862325763723,47331.42540531137
2024-03-11,Subway,Midwest,25518.55581894387,11273.416497234484,39763.69514065326,3705.6862325763723,47331.42540531137
2024-03-18,Subway,Midwest,25518.55581894387,11273.416497234484,39763.69514065326,3705.6862325763723,47331.42540531137
2024-03-25,Subway,Midwest,25518.55581894387,11273.416497234484,39763.69514065326,3705.6862325763723,47331.42540531137
2024-04-01,Subway,Midwest,25518.55581894387,11273.416497234484,39763.69514065326,3705.6862325763723,47331.42540531137
2024-04-08,Subway,Midwest,25518.55581894387,11273.416497234484,39763.69514065326,3705.6862325763723,47331.42540531137
2024-04-15,Subway,Midwest,25518.55581894387,11273.416497234484,39763.69514065326,3705.6862325763723,47331.42540531137
2024-04-22,Subway,Midwest,25518.55581894387,11273.416497234484,39763.69514065326,3705.6862325763723,47331.42540531137
2024-04-29,Subway,Midwest,25518.55581894387,11273.416497234484,39763.69514065326,3705.6862325763723,47331.42540531137
2024-05-06,Subway,Midwest,25518.55581894387,11273.416497234484,39763.69514065326,3705.6862325763723,47331.42540531137
2024-05-13,Subway,Midwest,25518.55581894387,11273.416497234484,39763.69514065326,3705.6862325763723,47331.42540531137
2024-05-20,Subway,Midwest,25518.55581894387,11273.416497234484,39763.69514065326,3705.6862325763723,47331.42540531137
2024-05-27,Subway,Midwest,25518.55581894387,11273.416497234484,39763.69514065326,3705.6862325763723,47331.42540531137
2024-06-03,Subway,Midwest,25518.55581894387,11273.416497234484,39763.69514065326,3705.6862325763723,47331.42540531137
2024-06-10,Subway,Midwest,25518.55581894387,11273.416497234484,39763.69514065326,3705.6862325763723,47331.42540531137
2024-06-17,Subway,Midwest,25518.55581894387,11273.416497234484,39763.69514065326,3705.6862325763723,47331.42540531137
2024-06-24,Subway,Midwest,25518.55581894387,11273.416497234484,39763.69514065326,3705.6862325763723,47331.42540531137
2024-07-01,Subway,Midwest,25518.55581894387,11273.416497234484,39763.69514065326,3705.6862325763723,47331.42540531137
2024-07-08,Subway,Midwest,25518.55581894387,11273.416497234484,39763.69514065326,3705.6862325763723,47331.42540531137
2024-07-15,Subway,Midwest,25518.55581894387,11273.416497234484,39763.69514065326,3705.6862325763723,47331.42540531137
2024-07-22,Subway,Midwest,25518.55581894387,11273.416497234484,39763.69514065326,3705.6862325763723,47331.42540531137
2024-07-29,Subway,Midwest,25518.55581894387,11273.416497234484,39763.69514065326,3705.6862325763723,47331.42540531137
2024-08-05,Subway,Midwest,25518.55581894387,11273.416497234484,39763.69514065326,3705.6862325763723,47331.42540531137
2024-08-12,Subway,Midwest,25518.55581894387,11273.416497234484,39763.69514065326,3705.6862325763723,47331.42540531137
2024-08-19,Subway,Midwest,25518.55581894387,11273.416497234484,39763.69514065326,3705.6862325763723,47331.42540531137
2024-08-26,Subway,Midwest,25518.55581894387,11273.416497234484,39763.69514065326,3705.6862325763723,47331.42540531137
2024-09-02,Subway,Midwest,25518.55581894387,11273.416497234484,39763.69514065326,3705.6862325763723,47331.42540531137
2024-09-09,Subway,Midwest,25518.55581894387,11273.416497234484,39763.69514065326,3705.6862325763723,47331.42540531137
2024-09-16,Subway,Midwest,25518.55581894387,11273.416497234484,39763.69514065326,3705.6862325763723,47331.42540531137
2024-09-23,Subway,Midwest,25518.55581894387,11273.416497234484,39763.69514065326,3705.6862325763723,47331.42540531137
2024-09-30,Subway,Midwest,25518.55581894387,11273.416497234484,39763.69514065326,3705.6862325763723,47331.42540531137
2024-10-07,Subway,Midwest,25518.55581894387,11273.416497234484,39763.69514065326,3705.6862325763723,47331.42540531137
2024-10-14,Subway,Midwest,25518.55581894387,11273.416497234484,39763.69514065326,3705.6862325763723,47331.42540531137
2024-10-21,Subway,Midwest,25518.55581894387,11273.416497234484,39763.69514065326,3705.6862325763723,47331.42540531137
2024-10-28,Subway,Midwest,25518.55581894387,11273.416497234484,39763.69514065326,3705.6862325763723,47331.42540531137
2024-11-04,Subway,Midwest,25518.55581894387,11273.416497234484,39763.69514065326,3705.6862325763723,47331.42540531137
2024-11-11,Subway,Midwest,25518.55581894387,11273.416497234484,39763.69514065326,3705.6862325763723,47331.42540531137
2024-11-18,Subway,Midwest,25518.55581894387,11273.416497234484,39763.69514065326,3705.6862325763723,47331.42540531137
2024-11-25,Subway,Midwest,25518.55581894387,11273.416497234484,39763.69514065326,3705.6862325763723,47331.42540531137
2024-12-02,Subway,Midwest,25518.55581894387,11273.416497234484,39763.69514065326,3705.6862325763723,47331.42540531137
2024-12-09,Subway,Midwest,25518.55581894387,11273.416497234484,39763.69514065326,3705.6862325763723,47331.42540531137
2024-12-16,Subway,Midwest,25518.55581894387,11273.416497234484,39763.69514065326,3705.6862325763723,47331.42540531137
2024-12-23,Subway,Midwest,25518.55581894387,11273.416497234484,39763.69514065326,3705.6862325763723,47331.42540531137
2024-12-30,Subway,Midwest,25518.55581894387,11273.416497234484,39763.69514065326,3705.6862325763723,47331.42540531137
2024-01-01,Subway,Northeast,49333.243427572896,29726.221413209387,68940.26544193641,19309.990968078775,79356.49588706702
2024-01-08,Subway,Northeast,49333.243427572896,29726.221413209387,68940.26544193641,19309.990968078775,79356.49588706702
2024-01-15,Subway,Northeast,49333.243427572896,29726.221413209387,68940.26544193641,19309.990968078775,79356.49588706702
2024-01-22,Subway,Northeast,49333.243427572896,29726.221413209387,68940.26544193641,19309.990968078775,79356.49588706702
2024-01-29,Subway,Northeast,49333.243427572896,29726.221413209387,68940.26544193641,19309.990968078775,79356.49588706702
2024-02-05,Subway,Northeast,49333.243427572896,29726.221413209387,68940.26544193641,19309.990968078775,79356.49588706702
2024-02-12,Subway,Northeast,49333.243427572896,29726.221413209387,68940.26544193641,19309.990968078775,79356.49588706702
2024-02-19,Subway,Northeast,49333.243427572896,29726.221413209387,68940.26544193641,19309.990968078775,79356.49588706702
2024-02-26,Subway,Northeast,49333.243427572896,29726.221413209387,68940.26544193641,19309.990968078775,79356.49588706702
2024-03-04,Subway,Northeast,49333.243427572896,29726.221413209387,68940.26544193641,19309.990968078775,79356.49588706702
2024-03-11,Subway,Northeast,49333.243427572896,29726.221413209387,68940.26544193641,19309.990968078775,79356.49588706702
2024-03-18,Subway,Northeast,49333.243427572896,29726.221413209387,68940.26544193641,19309.990968078775,79356.49588706702
2024-03-25,Subway,Northeast,49333.243427572896,29726.221413209387,68940.26544193641,19309.990968078775,79356.49588706702
2024-04-01,Subway,Northeast,49333.243427572896,29726.221413209387,68940.26544193641,19309.990968078775,79356.49588706702
2024-04-08,Subway,Northeast,49333.243427572896,29726.221413209387,68940.26544193641,19309.990968078775,79356.49588706702
2024-04-15,Subway,Northeast,49333.243427572896,29726.221413209387,68940.26544193641,19309.990968078775,79356.49588706702
2024-04-22,Subway,Northeast,49333.243427572896,29726.221413209387,68940.26544193641,19309.990968078775,79356.49588706702
2024-04-29,Subway,Northeast,49333.243427572896,29726.221413209387,68940.26544193641,19309.990968078775,79356.49588706702
2024-05-06,Subway,Northeast,49333.243427572896,29726.221413209387,68940.26544193641,19309.990968078775,79356.49588706702
2024-05-13,Subway,Northeast,49333.243427572896,29726.221413209387,68940.26544193641,19309.990968078775,79356.49588706702
2024-05-20,Subway,Northeast,49333.243427572896,29726.221413209387,68940.26544193641,19309.990968078775,79356.49588706702
2024-05-27,Subway,Northeast,49333.243427572896,29726.221413209387,68940.26544193641,19309.990968078775,79356.49588706702
2024-06-03,Subway,Northeast,49333.243427572896,29726.221413209387,68940.26544193641,19309.990968078775,79356.49588706702
2024-06-10,Subway,Northeast,49333.243427572896,29726.221413209387,68940.26544193641,19309.990968078775,79356.49588706702
2024-06-17,Subway,Northeast,49333.243427572896,29726.221413209387,68940.26544193641,19309.990968078775,79356.49588706702
2024-06-24,Subway,Northeast,49333.243427572896,29726.221413209387,68940.26544193641,19309.990968078775,79356.49588706702
2024-07-01,Subway,Northeast,49333.243427572896,29726.221413209387,68940.26544193641,19309.990968078775,79356.49588706702
2024-07-08,Subway,Northeast,49333.243427572896,29726.221413209387,68940.26544193641,19309.990968078775,79356.49588706702
2024-07-15,Subway,Northeast,49333.243427572896,29726.221413209387,68940.26544193641,19309.990968078775,79356.49588706702
2024-07-22,Subway,Northeast,49333.243427572896,29726.221413209387,68940.26544193641,19309.990968078775,79356.49588706702
2024-07-29,Subway,Northeast,49333.243427572896,29726.221413209387,68940.26544193641,19309.990968078775,79356.49588706702
2024-08-05,Subway,Northeast,49333.243427572896,29726.221413209387,68940.26544193641,19309.990968078775,79356.49588706702
2024-08-12,Subway,Northeast,49333.243427572896,29726.221413209387,68940.26544193641,19309.990968078775,79356.49588706702
2024-08-19,Subway,Northeast,49333.243427572896,29726.221413209387,68940.26544193641,19309.990968078775,79356.49588706702
2024-08-26,Subway,Northeast,49333.243427572896,29726.221413209387,68940.26544193641,19309.990968078775,79356.49588706702
2024-09-02,Subway,Northeast,49333.243427572896,29726.221413209387,68940.26544193641,19309.990968078775,79356.49588706702
2024-09-09,Subway,Northeast,49333.243427572896,29726.221413209387,68940.26544193641,19309.990968078775,79356.49588706702
2024-09-16,Subway,Northeast,49333.243427572896,29726.221413209387,68940.26544193641,19309.990968078775,79356.49588706702
2024-09-23,Subway,Northeast,49333.243427572896,29726.221413209387,68940.26544193641,19309.990968078775,79356.49588706702
2024-09-30,Subway,Northeast,49333.243427572896,29726.221413209387,68940.26544193641,19309.990968078775,79356.49588706702
2024-10-07,Subway,Northeast,49333.243427572896,29726.221413209387,68940.26544193641,19309.990968078775,79356.49588706702
2024-10-14,Subway,Northeast,49333.243427572896,29726.221413209387,68940.26544193641,19309.990968078775,79356.49588706702
2024-10-21,Subway,Northeast,49333.243427572896,29726.221413209387,68940.26544193641,19309.990968078775,79356.49588706702
2024-10-28,Subway,Northeast,49333.243427572896,29726.221413209387,68940.26544193641,19309.990968078775,79356.49588706702
2024-11-04,Subway,Northeast,49333.243427572896,29726.221413209387,68940.26544193641,19309.990968078775,79356.49588706702
2024-11-11,Subway,Northeast,49333.243427572896,29726.221413209387,68940.26544193641,19309.990968078775,79356.49588706702
2024-11-18,Subway,Northeast,49333.243427572896,29726.221413209387,68940.26544193641,19309.990968078775,79356.49588706702
2024-11-25,Subway,Northeast,49333.243427572896,29726.221413209387,68940.26544193641,19309.990968078775,79356.49588706702
2024-12-02,Subway,Northeast,49333.243427572896,29726.221413209387,68940.26544193641,19309.990968078775,79356.49588706702
2024-12-09,Subway,Northeast,49333.243427572896,29726.221413209387,68940.26544193641,19309.990968078775,79356.49588706702
2024-12-16,Subway,Northeast,49333.243427572896,29726.221413209387,68940.26544193641,19309.990968078775,79356.49588706702
2024-12-23,Subway,Northeast,49333.243427572896,29726.221413209387,68940.26544193641,19309.990968078775,79356.49588706702
2024-12-30,Subway,Northeast,49333.243427572896,29726.221413209387,68940.26544193641,19309.990968078775,79356.49588706702
2024-01-01,Subway,South,70342.21934146844,51285.14161182608,89399.2970711108,41161.069067953584,99523.3696149833
2024-01-08,Subway,South,70342.21934146844,51285.14161182608,89399.2970711108,41161.069067953584,99523.3696149833
2024-01-15,Subway,South,70342.21934146844,51285.14161182608,89399.2970711108,41161.069067953584,99523.3696149833
2024-01-22,Subway,South,70342.21934146844,51285.14161182608,89399.2970711108,41161.069067953584,99523.3696149833
2024-01-29,Subway,South,70342.21934146844,51285.14161182608,89399.2970711108,41161.069067953584,99523.3696149833
2024-02-05,Subway,South,70342.21934146844,51285.14161182608,89399.2970711108,41161.069067953584,99523.3696149833
2024-02-12,Subway,South,70342.21934146844,51285.14161182608,89399.2970711108,41161.069067953584,99523.3696149833
2024-02-19,Subway,South,70342.21934146844,51285.14161182608,89399.2970711108,41161.069067953584,99523.3696149833
2024-02-26,Subway,South,70342.21934146844,51285.14161182608,89399.2970711108,41161.069067953584,99523.3696149833
2024-03-04,Subway,South,70342.21934146844,51285.14161182608,89399.2970711108,41161.069067953584,99523.3696149833
2024-03-11,Subway,South,70342.21934146844,51285.14161182608,89399.2970711108,41161.069067953584,99523.3696149833
2024-03-18,Subway,South,70342.21934146844,51285.14161182608,89399.2970711108,41161.069067953584,99523.3696149833
2024-03-25,Subway,South,70342.21934146844,51285.14161182608,89399.2970711108,41161.069067953584,99523.3696149833
2024-04-01,Subway,South,70342.21934146844,51285.14161182608,89399.2970711108,41161.069067953584,99523.3696149833
2024-04-08,Subway,South,70342.21934146844,51285.14161182608,89399.2970711108,41161.069067953584,99523.3696149833
2024-04-15,Subway,South,70342.21934146844,51285.14161182608,89399.2970711108,41161.069067953584,99523.3696149833
2024-04-22,Subway,South,70342.21934146844,51285.14161182608,89399.2970711108,41161.069067953584,99523.3696149833
2024-04-29,Subway,South,70342.21934146844,51285.14161182608,89399.2970711108,41161.069067953584,99523.3696149833
2024-05-06,Subway,South,70342.21934146844,51285.14161182608,89399.2970711108,41161.069067953584,99523.3696149833
2024-05-13,Subway,South,70342.21934146844,51285.14161182608,89399.2970711108,41161.069067953584,99523.3696149833
2024-05-20,Subway,South,70342.21934146844,51285.14161182608,89399.2970711108,41161.069067953584,99523.3696149833
2024-05-27,Subway,South,70342.21934146844,51285.14161182608,89399.2970711108,41161.069067953584,99523.3696149833
2024-06-03,Subway,South,70342.21934146844,51285.14161182608,89399.2970711108,41161.069067953584,99523.3696149833
2024-06-10,Subway,South,70342.21934146844,51285.14161182608,89399.2970711108,41161.069067953584,99523.3696149833
2024-06-17,Subway,South,70342.21934146844,51285.14161182608,89399.2970711108,41161.069067953584,99523.3696149833
2024-06-24,Subway,South,70342.21934146844,51285.14161182608,89399.2970711108,41161.069067953584,99523.3696149833
2024-07-01,Subway,South,70342.21934146844,51285.14161182608,89399.2970711108,41161.069067953584,99523.3696149833
2024-07-08,Subway,South,70342.21934146844,51285.14161182608,89399.2970711108,41161.069067953584,99523.3696149833
2024-07-15,Subway,South,70342.21934146844,51285.14161182608,89399.2970711108,41161.069067953584,99523.3696149833
2024-07-22,Subway,South,70342.21934146844,51285.14161182608,89399.2970711108,41161.069067953584,99523.3696149833
2024-07-29,Subway,South,70342.21934146844,51285.14161182608,89399.2970711108,41161.069067953584,99523.3696149833
2024-08-05,Subway,South,70342.21934146844,51285.14161182608,89399.2970711108,41161.069067953584,99523.3696149833
2024-08-12,Subway,South,70342.21934146844,51285.14161182608,89399.2970711108,41161.069067953584,99523.3696149833
2024-08-19,Subway,South,70342.21934146844,51285.14161182608,89399.2970711108,41161.069067953584,99523.3696149833
2024-08-26,Subway,South,70342.21934146844,51285.14161182608,89399.2970711108,41161.069067953584,99523.3696149833
2024-09-02,Subway,South,70342.21934146844,51285.14161182608,89399.2970711108,41161.069067953584,99523.3696149833
2024-09-09,Subway,South,70342.21934146844,51285.14161182608,89399.2970711108,41161.069067953584,99523.3696149833
2024-09-16,Subway,South,70342.21934146844,51285.14161182608,89399.2970711108,41161.069067953584,99523.3696149833
2024-09-23,Subway,South,70342.21934146844,51285.14161182608,89399.2970711108,41161.069067953584,99523.3696149833
2024-09-30,Subway,South,70342.21934146844,51285.14161182608,89399.2970711108,41161.069067953584,99523.3696149833
2024-10-07,Subway,South,70342.21934146844,51285.14161182608,89399.2970711108,41161.069067953584,99523.3696149833
2024-10-14,Subway,South,70342.21934146844,51285.14161182608,89399.2970711108,41161.069067953584,99523.3696149833
2024-10-21,Subway,South,70342.21934146844,51285.14161182608,89399.2970711108,41161.069067953584,99523.3696149833
2024-10-28,Subway,South,70342.21934146844,51285.14161182608,89399.2970711108,41161.069067953584,99523.3696149833
2024-11-04,Subway,South,70342.21934146844,51285.14161182608,89399.2970711108,41161.069067953584,99523.3696149833
2024-11-11,Subway,South,70342.21934146844,51285.14161182608,89399.2970711108,41161.069067953584,99523.3696149833
2024-11-18,Subway,South,70342.21934146844,51285.14161182608,89399.2970711108,41161.069067953584,99523.3696149833
2024-11-25,Subway,South,70342.21934146844,51285.14161182608,89399.2970711108,41161.069067953584,99523.3696149833
2024-12-02,Subway,South,70342.21934146844,51285.14161182608,89399.2970711108,41161.069067953584,99523.3696149833
2024-12-09,Subway,South,70342.21934146844,51285.14161182608,89399.2970711108,41161.069067953584,99523.3696149833
2024-12-16,Subway,South,70342.21934146844,51285.14161182608,89399.2970711108,41161.069067953584,99523.3696149833
2024-12-23,Subway,South,70342.21934146844,51285.14161182608,89399.2970711108,41161.069067953584,99523.3696149833
2024-12-30,Subway,South,70342.21934146844,51285.14161182608,89399.2970711108,41161.069067953584,99523.3696149833
2024-01-01,Subway,Southwest,52873.73235961227,30088.475743948286,75658.98897527627,17983.8081668768,87763.65655234775
2024-01-08,Subway,Southwest,52873.73235961227,30088.475743948286,75658.98897527627,17983.8081668768,87763.65655234775
2024-01-15,Subway,Southwest,52873.73235961227,30088.475743948286,75658.98897527627,17983.8081668768,87763.65655234775
2024-01-22,Subway,Southwest,52873.73235961227,30088.475743948286,75658.98897527627,17983.8081668768,87763.65655234775
2024-01-29,Subway,Southwest,52873.73235961227,30088.475743948286,75658.98897527627,17983.8081668768,87763.65655234775
2024-02-05,Subway,Southwest,52873.73235961227,30088.475743948286,75658.98897527627,17983.8081668768,87763.65655234775
2024-02-12,Subway,Southwest,52873.73235961227,30088.475743948286,75658.98897527627,17983.8081668768,87763.65655234775
2024-02-19,Subway,Southwest,52873.73235961227,30088.475743948286,75658.98897527627,17983.8081668768,87763.65655234775
2024-02-26,Subway,Southwest,52873.73235961227,30088.475743948286,75658.98897527627,17983.8081668768,87763.65655234775
2024-03-04,Subway,Southwest,52873.73235961227,30088.475743948286,75658.98897527627,17983.8081668768,87763.65655234775
2024-03-11,Subway,Southwest,52873.73235961227,30088.475743948286,75658.98897527627,17983.8081668768,87763.65655234775
2024-03-18,Subway,Southwest,52873.73235961227,30088.475743948286,75658.98897527627,17983.8081668768,87763.65655234775
2024-03-25,Subway,Southwest,52873.73235961227,30088.475743948286,75658.98897527627,17983.8081668768,87763.65655234775
2024-04-01,Subway,Southwest,52873.73235961227,30088.475743948286,75658.98897527627,17983.8081668768,87763.65655234775
2024-04-08,Subway,Southwest,52873.73235961227,30088.475743948286,75658.98897527627,17983.8081668768,87763.65655234775
2024-04-15,Subway,Southwest,52873.73235961227,30088.475743948286,75658.98897527627,17983.8081668768,87763.65655234775
2024-04-22,Subway,Southwest,52873.73235961227,30088.475743948286,75658.98897527627,17983.8081668768,87763.65655234775
2024-04-29,Subway,Southwest,52873.73235961227,30088.475743948286,75658.98897527627,17983.8081668768,87763.65655234775
2024-05-06,Subway,Southwest,52873.73235961227,30088.475743948286,75658.98897527627,17983.8081668768,87763.65655234775
2024-05-13,Subway,Southwest,52873.73235961227,30088.475743948286,75658.98897527627,17983.8081668768,87763.65655234775
2024-05-20,Subway,Southwest,52873.73235961227,30088.475743948286,75658.98897527627,17983.8081668768,87763.65655234775
2024-05-27,Subway,Southwest,52873.73235961227,30088.475743948286,75658.98897527627,17983.8081668768,87763.65655234775
2024-06-03,Subway,Southwest,52873.73235961227,30088.475743948286,75658.98897527627,17983.8081668768,87763.65655234775
2024-06-10,Subway,Southwest,52873.73235961227,30088.475743948286,75658.98897527627,17983.8081668768,87763.65655234775
2024-06-17,Subway,Southwest,52873.73235961227,30088.475743948286,75658.98897527627,17983.8081668768,87763.65655234775
2024-06-24,Subway,Southwest,52873.73235961227,30088.475743948286,75658.98897527627,17983.8081668768,87763.65655234775
2024-07-01,Subway,Southwest,52873.73235961227,30088.475743948286,75658.98897527627,17983.8081668768,87763.65655234775
2024-07-08,Subway,Southwest,52873.73235961227,30088.475743948286,75658.98897527627,17983.8081668768,87763.65655234775
2024-07-15,Subway,Southwest,52873.73235961227,30088.475743948286,75658.98897527627,17983.8081668768,87763.65655234775
2024-07-22,Subway,Southwest,52873.73235961227,30088.475743948286,75658.98897527627,17983.8081668768,87763.65655234775
2024-07-29,Subway,Southwest,52873.73235961227,30088.475743948286,75658.98897527627,17983.8081668768,87763.65655234775
2024-08-05,Subway,Southwest,52873.73235961227,30088.475743948286,75658.98897527627,17983.8081668768,87763.65655234775
2024-08-12,Subway,Southwest,52873.73235961227,30088.475743948286,75658.98897527627,17983.8081668768,87763.65655234775
2024-08-19,Subway,Southwest,52873.73235961227,30088.475743948286,75658.98897527627,17983.8081668768,87763.65655234775
2024-08-26,Subway,Southwest,52873.73235961227,30088.475743948286,75658.98897527627,17983.8081668768,87763.65655234775
2024-09-02,Subway,Southwest,52873.73235961227,30088.475743948286,75658.98897527627,17983.8081668768,87763.65655234775
2024-09-09,Subway,Southwest,52873.73235961227,30088.475743948286,75658.98897527627,17983.8081668768,87763.65655234775
2024-09-16,Subway,Southwest,52873.73235961227,30088.475743948286,75658.98897527627,17983.8081668768,87763.65655234775
2024-09-23,Subway,Southwest,52873.73235961227,30088.475743948286,75658.98897527627,17983.8081668768,87763.65655234775
2024-09-30,Subway,Southwest,52873.73235961227,30088.475743948286,75658.98897527627,17983.8081668768,87763.65655234775
2024-10-07,Subway,Southwest,52873.73235961227,30088.475743948286,75658.98897527627,17983.8081668768,87763.65655234775
2024-10-14,Subway,Southwest,52873.73235961227,30088.475743948286,75658.98897527627,17983.8081668768,87763.65655234775
2024-10-21,Subway,Southwest,52873.73235961227,30088.475743948286,75658.98897527627,17983.8081668768,87763.65655234775
2024-10-28,Subway,Southwest,52873.73235961227,30088.475743948286,75658.98897527627,17983.8081668768,87763.65655234775
2024-11-04,Subway,Southwest,52873.73235961227,30088.475743948286,75658.98897527627,17983.8081668768,87763.65655234775
2024-11-11,Subway,Southwest,52873.73235961227,30088.475743948286,75658.98897527627,17983.8081668768,87763.65655234775
2024-11-18,Subway,Southwest,52873.73235961227,30088.475743948286,75658.98897527627,17983.8081668768,87763.65655234775
2024-11-25,Subway,Southwest,52873.73235961227,30088.475743948286,75658.98897527627,17983.8081668768,87763.65655234775
2024-12-02,Subway,Southwest,52873.73235961227,30088.475743948286,75658.98897527627,17983.8081668768,87763.65655234775
2024-12-09,Subway,Southwest,52873.73235961227,30088.475743948286,75658.98897527627,17983.8081668768,87763.65655234775
2024-12-16,Subway,Southwest,52873.73235961227,30088.475743948286,75658.98897527627,17983.8081668768,87763.65655234775
2024-12-23,Subway,Southwest,52873.73235961227,30088.475743948286,75658.98897527627,17983.8081668768,87763.65655234775
2024-12-30,Subway,Southwest,52873.73235961227,30088.475743948286,75658.98897527627,17983.8081668768,87763.65655234775
2024-01-01,Subway,West,94745.37135492748,67105.47540431259,122385.26730554238,52421.78068054843,137068.96202930654
2024-01-08,Subway,West,94745.37135492748,67105.47540431259,122385.26730554238,52421.78068054843,137068.96202930654
2024-01-15,Subway,West,94745.37135492748,67105.47540431259,122385.26730554238,52421.78068054843,137068.96202930654
2024-01-22,Subway,West,94745.37135492748,67105.47540431259,122385.26730554238,52421.78068054843,137068.96202930654
2024-01-29,Subway,West,94745.37135492748,67105.47540431259,122385.26730554238,52421.78068054843,137068.96202930654
2024-02-05,Subway,West,94745.37135492748,67105.47540431259,122385.26730554238,52421.78068054843,137068.96202930654
2024-02-12,Subway,West,94745.37135492748,67105.47540431259,122385.26730554238,52421.78068054843,137068.96202930654
2024-02-19,Subway,West,94745.37135492748,67105.47540431259,122385.26730554238,52421.78068054843,137068.96202930654
2024-02-26,Subway,West,94745.37135492748,67105.47540431259,122385.26730554238,52421.78068054843,137068.96202930654
2024-03-04,Subway,West,94745.37135492748,67105.47540431259,122385.26730554238,52421.78068054843,137068.96202930654
2024-03-11,Subway,West,94745.37135492748,67105.47540431259,122385.26730554238,52421.78068054843,137068.96202930654
2024-03-18,Subway,West,94745.37135492748,67105.47540431259,122385.26730554238,52421.78068054843,137068.96202930654
2024-03-25,Subway,West,94745.37135492748,67105.47540431259,122385.26730554238,52421.78068054843,137068.96202930654
2024-04-01,Subway,West,94745.37135492748,67105.47540431259,122385.26730554238,52421.78068054843,137068.96202930654
2024-04-08,Subway,West,94745.37135492748,67105.47540431259,122385.26730554238,52421.78068054843,137068.96202930654
2024-04-15,Subway,West,94745.37135492748,67105.47540431259,122385.26730554238,52421.78068054843,137068.96202930654
2024-04-22,Subway,West,94745.37135492748,67105.47540431259,122385.26730554238,52421.78068054843,137068.96202930654
2024-04-29,Subway,West,94745.37135492748,67105.47540431259,122385.26730554238,52421.78068054843,137068.96202930654
2024-05-06,Subway,West,94745.37135492748,67105.47540431259,122385.26730554238,52421.78068054843,137068.96202930654
2024-05-13,Subway,West,94745.37135492748,67105.47540431259,122385.26730554238,52421.78068054843,137068.96202930654
2024-05-20,Subway,West,94745.37135492748,67105.47540431259,122385.26730554238,52421.78068054843,137068.96202930654
2024-05-27,Subway,West,94745.37135492748,67105.47540431259,122385.26730554238,52421.78068054843,137068.96202930654
2024-06-03,Subway,West,94745.37135492748,67105.47540431259,122385.26730554238,52421.78068054843,137068.96202930654
2024-06-10,Subway,West,94745.37135492748,67105.47540431259,122385.26730554238,52421.78068054843,137068.96202930654
2024-06-17,Subway,West,94745.37135492748,67105.47540431259,122385.26730554238,52421.78068054843,137068.96202930654
2024-06-24,Subway,West,94745.37135492748,67105.47540431259,122385.26730554238,52421.78068054843,137068.96202930654
2024-07-01,Subway,West,94745.37135492748,67105.47540431259,122385.26730554238,52421.78068054843,137068.96202930654
2024-07-08,Subway,West,94745.37135492748,67105.47540431259,122385.26730554238,52421.78068054843,137068.96202930654
2024-07-15,Subway,West,94745.37135492748,67105.47540431259,122385.26730554238,52421.78068054843,137068.96202930654
2024-07-22,Subway,West,94745.37135492748,67105.47540431259,122385.26730554238,52421.78068054843,137068.96202930654
2024-07-29,Subway,West,94745.37135492748,67105.47540431259,122385.26730554238,52421.78068054843,137068.96202930654
2024-08-05,Subway,West,94745.37135492748,67105.47540431259,122385.26730554238,52421.78068054843,137068.96202930654
2024-08-12,Subway,West,94745.37135492748,67105.47540431259,122385.26730554238,52421.78068054843,137068.96202930654
2024-08-19,Subway,West,94745.37135492748,67105.47540431259,122385.26730554238,52421.78068054843,137068.96202930654
2024-08-26,Subway,West,94745.37135492748,67105.47540431259,122385.26730554238,52421.78068054843,137068.96202930654
2024-09-02,Subway,West,94745.37135492748,67105.47540431259,122385.26730554238,52421.78068054843,137068.96202930654
2024-09-09,Subway,West,94745.37135492748,67105.47540431259,122385.26730554238,52421.78068054843,137068.96202930654
2024-09-16,Subway,West,94745.37135492748,67105.47540431259,122385.26730554238,52421.78068054843,137068.96202930654
2024-09-23,Subway,West,94745.37135492748,67105.47540431259,122385.26730554238,52421.78068054843,137068.96202930654
2024-09-30,Subway,West,94745.37135492748,67105.47540431259,122385.26730554238,52421.78068054843,137068.96202930654
2024-10-07,Subway,West,94745.37135492748,67105.47540431259,122385.26730554238,52421.78068054843,137068.96202930654
2024-10-14,Subway,West,94745.37135492748,67105.47540431259,122385.26730554238,52421.78068054843,137068.96202930654
2024-10-21,Subway,West,94745.37135492748,67105.47540431259,122385.26730554238,52421.78068054843,137068.96202930654
2024-10-28,Subway,West,94745.37135492748,67105.47540431259,122385.26730554238,52421.78068054843,137068.96202930654
2024-11-04,Subway,West,94745.37135492748,67105.47540431259,122385.26730554238,52421.78068054843,137068.96202930654
2024-11-11,Subway,West,94745.37135492748,67105.47540431259,122385.26730554238,52421.78068054843,137068.96202930654
2024-11-18,Subway,West,94745.37135492748,67105.47540431259,122385.26730554238,52421.78068054843,137068.96202930654
2024-11-25,Subway,West,94745.37135492748,67105.47540431259,122385.26730554238,52421.78068054843,137068.96202930654
2024-12-02,Subway,West,94745.37135492748,67105.47540431259,122385.26730554238,52421.78068054843,137068.96202930654
2024-12-09,Subway,West,94745.37135492748,67105.47540431259,122385.26730554238,52421.78068054843,137068.96202930654
2024-12-16,Subway,West,94745.37135492748,67105.47540431259,122385.26730554238,52421.78068054843,137068.96202930654
2024-12-23,Subway,West,94745.37135492748,67105.47540431259,122385.26730554238,52421.78068054843,137068.96202930654
2024-12-30,Subway,West,94745.37135492748,67105.47540431259,122385.26730554238,52421.78068054843,137068.96202930654
2024-01-01,TacoBell,Midwest,52916.75546633112,31207.60670716334,74625.90422549889,19674.621428855462,86158.88950380677
2024-01-08,TacoBell,Midwest,52916.75546633112,31207.60670716334,74625.90422549889,19674.621428855462,86158.88950380677
2024-01-15,TacoBell,Midwest,52916.75546633112,31207.60670716334,74625.90422549889,19674.621428855462,86158.88950380677
2024-01-22,TacoBell,Midwest,52916.75546633112,31207.60670716334,74625.90422549889,19674.621428855462,86158.88950380677
2024-01-29,TacoBell,Midwest,52916.75546633112,31207.60670716334,74625.90422549889,19674.621428855462,86158.88950380677
2024-02-05,TacoBell,Midwest,52916.75546633112,31207.60670716334,74625.90422549889,19674.621428855462,86158.88950380677
2024-02-12,TacoBell,Midwest,52916.75546633112,31207.60670716334,74625.90422549889,19674.621428855462,86158.88950380677
2024-02-19,TacoBell,Midwest,52916.75546633112,31207.60670716334,74625.90422549889,19674.621428855462,86158.88950380677
2024-02-26,TacoBell,Midwest,52916.75546633112,31207.60670716334,74625.90422549889,19674.621428855462,86158.88950380677
2024-03-04,TacoBell,Midwest,52916.75546633112,31207.60670716334,74625.90422549889,19674.621428855462,86158.88950380677
2024-03-11,TacoBell,Midwest,52916.75546633112,31207.60670716334,74625.90422549889,19674.621428855462,86158.88950380677
2024-03-18,TacoBell,Midwest,52916.75546633112,31207.60670716334,74625.90422549889,19674.621428855462,86158.88950380677
2024-03-25,TacoBell,Midwest,52916.75546633112,31207.60670716334,74625.90422549889,19674.621428855462,86158.88950380677
2024-04-01,TacoBell,Midwest,52916.75546633112,31207.60670716334,74625.90422549889,19674.621428855462,86158.88950380677
2024-04-08,TacoBell,Midwest,52916.75546633112,31207.60670716334,74625.90422549889,19674.621428855462,86158.88950380677
2024-04-15,TacoBell,Midwest,52916.75546633112,31207.60670716334,74625.90422549889,19674.621428855462,86158.88950380677
2024-04-22,TacoBell,Midwest,52916.75546633112,31207.60670716334,74625.90422549889,19674.621428855462,86158.88950380677
2024-04-29,TacoBell,Midwest,52916.75546633112,31207.60670716334,74625.90422549889,19674.621428855462,86158.88950380677
2024-05-06,TacoBell,Midwest,52916.75546633112,31207.60670716334,74625.90422549889,19674.621428855462,86158.88950380677
2024-05-13,TacoBell,Midwest,52916.75546633112,31207.60670716334,74625.90422549889,19674.621428855462,86158.88950380677
2024-05-20,TacoBell,Midwest,52916.75546633112,31207.60670716334,74625.90422549889,19674.621428855462,86158.88950380677
2024-05-27,TacoBell,Midwest,52916.75546633112,31207.60670716334,74625.90422549889,19674.621428855462,86158.88950380677
2024-06-03,TacoBell,Midwest,52916.75546633112,31207.60670716334,74625.90422549889,19674.621428855462,86158.88950380677
2024-06-10,TacoBell,Midwest,52916.75546633112,31207.60670716334,74625.90422549889,19674.621428855462,86158.88950380677
2024-06-17,TacoBell,Midwest,52916.75546633112,31207.60670716334,74625.90422549889,19674.621428855462,86158.88950380677
2024-06-24,TacoBell,Midwest,52916.75546633112,31207.60670716334,74625.90422549889,19674.621428855462,86158.88950380677
2024-07-01,TacoBell,Midwest,52916.75546633112,31207.60670716334,74625.90422549889,19674.621428855462,86158.88950380677
2024-07-08,TacoBell,Midwest,52916.75546633112,31207.60670716334,74625.90422549889,19674.621428855462,86158.88950380677
2024-07-15,TacoBell,Midwest,52916.75546633112,31207.60670716334,74625.90422549889,19674.621428855462,86158.88950380677
2024-07-22,TacoBell,Midwest,52916.75546633112,31207.60670716334,74625.90422549889,19674.621428855462,86158.88950380677
2024-07-29,TacoBell,Midwest,52916.75546633112,31207.60670716334,74625.90422549889,19674.621428855462,86158.88950380677
2024-08-05,TacoBell,Midwest,52916.75546633112,31207.60670716334,74625.90422549889,19674.621428855462,86158.88950380677
2024-08-12,TacoBell,Midwest,52916.75546633112,31207.60670716334,74625.90422549889,19674.621428855462,86158.88950380677
2024-08-19,TacoBell,Midwest,52916.75546633112,31207.60670716334,74625.90422549889,19674.621428855462,86158.88950380677
2024-08-26,TacoBell,Midwest,52916.75546633112,31207.60670716334,74625.90422549889,19674.621428855462,86158.88950380677
2024-09-02,TacoBell,Midwest,52916.75546633112,31207.60670716334,74625.90422549889,19674.621428855462,86158.88950380677
2024-09-09,TacoBell,Midwest,52916.75546633112,31207.60670716334,74625.90422549889,19674.621428855462,86158.88950380677
2024-09-16,TacoBell,Midwest,52916.75546633112,31207.60670716334,74625.90422549889,19674.621428855462,86158.88950380677
2024-09-23,TacoBell,Midwest,52916.75546633112,31207.60670716334,74625.90422549889,19674.621428855462,86158.88950380677
2024-09-30,TacoBell,Midwest,52916.75546633112,31207.60670716334,74625.90422549889,19674.621428855462,86158.88950380677
2024-10-07,TacoBell,Midwest,52916.75546633112,31207.60670716334,74625.90422549889,19674.621428855462,86158.88950380677
2024-10-14,TacoBell,Midwest,52916.75546633112,31207.60670716334,74625.90422549889,19674.621428855462,86158.88950380677
2024-10-21,TacoBell,Midwest,52916.75546633112,31207.60670716334,74625.90422549889,19674.621428855462,86158.88950380677
2024-10-28,TacoBell,Midwest,52916.75546633112,31207.60670716334,74625.90422549889,19674.621428855462,86158.88950380677
2024-11-04,TacoBell,Midwest,52916.75546633112,31207.60670716334,74625.90422549889,19674.621428855462,86158.88950380677
2024-11-11,TacoBell,Midwest,52916.75546633112,31207.60670716334,74625.90422549889,19674.621428855462,86158.88950380677
2024-11-18,TacoBell,Midwest,52916.75546633112,31207.60670716334,74625.90422549889,19674.621428855462,86158.88950380677
2024-11-25,TacoBell,Midwest,52916.75546633112,31207.60670716334,74625.90422549889,19674.621428855462,86158.88950380677
2024-12-02,TacoBell,Midwest,52916.75546633112,31207.60670716334,74625.90422549889,19674.621428855462,86158.88950380677
2024-12-09,TacoBell,Midwest,52916.75546633112,31207.60670716334,74625.90422549889,19674.621428855462,86158.88950380677
2024-12-16,TacoBell,Midwest,52916.75546633112,31207.60670716334,74625.90422549889,19674.621428855462,86158.88950380677
2024-12-23,TacoBell,Midwest,52916.75546633112,31207.60670716334,74625.90422549889,19674.621428855462,86158.88950380677
2024-12-30,TacoBell,Midwest,52916.75546633112,31207.60670716334,74625.90422549889,19674.621428855462,86158.88950380677
2024-01-01,TacoBell,Northeast,144938.2339148167,106381.19761967256,183495.2702099608,85897.77208787724,203978.69574175615
2024-01-08,TacoBell,Northeast,144938.2339148167,106381.19761967256,183495.2702099608,85897.77208787724,203978.69574175615
2024-01-15,TacoBell,Northeast,144938.2339148167,106381.19761967256,183495.2702099608,85897.77208787724,203978.69574175615
2024-01-22,TacoBell,Northeast,144938.2339148167,106381.19761967256,183495.2702099608,85897.77208787724,203978.69574175615
2024-01-29,TacoBell,Northeast,144938.2339148167,106381.19761967256,183495.2702099608,85897.77208787724,203978.69574175615
2024-02-05,TacoBell,Northeast,144938.2339148167,106381.19761967256,183495.2702099608,85897.77208787724,203978.69574175615
2024-02-12,TacoBell,Northeast,144938.2339148167,106381.19761967256,183495.2702099608,85897.77208787724,203978.69574175615
2024-02-19,TacoBell,Northeast,144938.2339148167,106381.19761967256,183495.2702099608,85897.77208787724,203978.69574175615
2024-02-26,TacoBell,Northeast,144938.2339148167,106381.19761967256,183495.2702099608,85897.77208787724,203978.69574175615
2024-03-04,TacoBell,Northeast,144938.2339148167,106381.19761967256,183495.2702099608,85897.77208787724,203978.69574175615
2024-03-11,TacoBell,Northeast,144938.2339148167,106381.19761967256,183495.2702099608,85897.77208787724,203978.69574175615
2024-03-18,TacoBell,Northeast,144938.2339148167,106381.19761967256,183495.2702099608,85897.77208787724,203978.69574175615
2024-03-25,TacoBell,Northeast,144938.2339148167,106381.19761967256,183495.2702099608,85897.77208787724,203978.69574175615
2024-04-01,TacoBell,Northeast,144938.2339148167,106381.19761967256,183495.2702099608,85897.77208787724,203978.69574175615
2024-04-08,TacoBell,Northeast,144938.2339148167,106381.19761967256,183495.2702099608,85897.77208787724,203978.69574175615
2024-04-15,TacoBell,Northeast,144938.2339148167,106381.19761967256,183495.2702099608,85897.77208787724,203978.69574175615
2024-04-22,TacoBell,Northeast,144938.2339148167,106381.19761967256,183495.2702099608,85897.77208787724,203978.69574175615
2024-04-29,TacoBell,Northeast,144938.2339148167,106381.19761967256,183495.2702099608,85897.77208787724,203978.69574175615
2024-05-06,TacoBell,Northeast,144938.2339148167,106381.19761967256,183495.2702099608,85897.77208787724,203978.69574175615
2024-05-13,TacoBell,Northeast,144938.2339148167,106381.19761967256,183495.2702099608,85897.77208787724,203978.69574175615
2024-05-20,TacoBell,Northeast,144938.2339148167,106381.19761967256,183495.2702099608,85897.77208787724,203978.69574175615
2024-05-27,TacoBell,Northeast,144938.2339148167,106381.19761967256,183495.2702099608,85897.77208787724,203978.69574175615
2024-06-03,TacoBell,Northeast,144938.2339148167,106381.19761967256,183495.2702099608,85897.77208787724,203978.69574175615
2024-06-10,TacoBell,Northeast,144938.2339148167,106381.19761967256,183495.2702099608,85897.77208787724,203978.69574175615
2024-06-17,TacoBell,Northeast,144938.2339148167,106381.19761967256,183495.2702099608,85897.77208787724,203978.69574175615
2024-06-24,TacoBell,Northeast,144938.2339148167,106381.19761967256,183495.2702099608,85897.77208787724,203978.69574175615
2024-07-01,TacoBell,Northeast,144938.2339148167,106381.19761967256,183495.2702099608,85897.77208787724,203978.69574175615
2024-07-08,TacoBell,Northeast,144938.2339148167,106381.19761967256,183495.2702099608,85897.77208787724,203978.69574175615
2024-07-15,TacoBell,Northeast,144938.2339148167,106381.19761967256,183495.2702099608,85897.77208787724,203978.69574175615
2024-07-22,TacoBell,Northeast,144938.2339148167,106381.19761967256,183495.2702099608,85897.77208787724,203978.69574175615
2024-07-29,TacoBell,Northeast,144938.2339148167,106381.19761967256,183495.2702099608,85897.77208787724,203978.69574175615
2024-08-05,TacoBell,Northeast,144938.2339148167,106381.19761967256,183495.2702099608,85897.77208787724,203978.69574175615
2024-08-12,TacoBell,Northeast,144938.2339148167,106381.19761967256,183495.2702099608,85897.77208787724,203978.69574175615
2024-08-19,TacoBell,Northeast,144938.2339148167,106381.19761967256,183495.2702099608,85897.77208787724,203978.69574175615
2024-08-26,TacoBell,Northeast,144938.2339148167,106381.19761967256,183495.2702099608,85897.77208787724,203978.69574175615
2024-09-02,TacoBell,Northeast,144938.2339148167,106381.19761967256,183495.2702099608,85897.77208787724,203978.69574175615
2024-09-09,TacoBell,Northeast,144938.2339148167,106381.19761967256,183495.2702099608,85897.77208787724,203978.69574175615
2024-09-16,TacoBell,Northeast,144938.2339148167,106381.19761967256,183495.2702099608,85897.77208787724,203978.69574175615
2024-09-23,TacoBell,Northeast,144938.2339148167,106381.19761967256,183495.2702099608,85897.77208787724,203978.69574175615
2024-09-30,TacoBell,Northeast,144938.2339148167,106381.19761967256,183495.2702099608,85897.77208787724,203978.69574175615
2024-10-07,TacoBell,Northeast,144938.2339148167,106381.19761967256,183495.2702099608,85897.77208787724,203978.69574175615
2024-10-14,TacoBell,Northeast,144938.2339148167,106381.19761967256,183495.2702099608,85897.77208787724,203978.69574175615
2024-10-21,TacoBell,Northeast,144938.2339148167,106381.19761967256,183495.2702099608,85897.77208787724,203978.69574175615
2024-10-28,TacoBell,Northeast,144938.2339148167,106381.19761967256,183495.2702099608,85897.77208787724,203978.69574175615
2024-11-04,TacoBell,Northeast,144938.2339148167,106381.19761967256,183495.2702099608,85897.77208787724,203978.69574175615
2024-11-11,TacoBell,Northeast,144938.2339148167,106381.19761967256,183495.2702099608,85897.77208787724,203978.69574175615
2024-11-18,TacoBell,Northeast,144938.2339148167,106381.19761967256,183495.2702099608,85897.77208787724,203978.69574175615
2024-11-25,TacoBell,Northeast,144938.2339148167,106381.19761967256,183495.2702099608,85897.77208787724,203978.69574175615
2024-12-02,TacoBell,Northeast,144938.2339148167,106381.19761967256,183495.2702099608,85897.77208787724,203978.69574175615
2024-12-09,TacoBell,Northeast,144938.2339148167,106381.19761967256,183495.2702099608,85897.77208787724,203978.69574175615
2024-12-16,TacoBell,Northeast,144938.2339148167,106381.19761967256,183495.2702099608,85897.77208787724,203978.69574175615
2024-12-23,TacoBell,Northeast,144938.2339148167,106381.19761967256,183495.2702099608,85897.77208787724,203978.69574175615
2024-12-30,TacoBell,Northeast,144938.2339148167,106381.19761967256,183495.2702099608,85897.77208787724,203978.69574175615
2024-01-01,TacoBell,South,16401.449361927556,2777.3886944735223,30025.510029381592,-4460.393535111434,37263.29225896655
2024-01-08,TacoBell,South,16401.449361927556,2777.3886944735223,30025.510029381592,-4460.393535111434,37263.29225896655
2024-01-15,TacoBell,South,16401.449361927556,2777.3886944735223,30025.510029381592,-4460.393535111434,37263.29225896655
2024-01-22,TacoBell,South,16401.449361927556,2777.3886944735223,30025.510029381592,-4460.393535111434,37263.29225896655
2024-01-29,TacoBell,South,16401.449361927556,2777.3886944735223,30025.510029381592,-4460.393535111434,37263.29225896655
2024-02-05,TacoBell,South,16401.449361927556,2777.3886944735223,30025.510029381592,-4460.393535111434,37263.29225896655
2024-02-12,TacoBell,South,16401.449361927556,2777.3886944735223,30025.510029381592,-4460.393535111434,37263.29225896655
2024-02-19,TacoBell,South,16401.449361927556,2777.3886944735223,30025.510029381592,-4460.393535111434,37263.29225896655
2024-02-26,TacoBell,South,16401.449361927556,2777.3886944735223,30025.510029381592,-4460.393535111434,37263.29225896655
2024-03-04,TacoBell,South,16401.449361927556,2777.3886944735223,30025.510029381592,-4460.393535111434,37263.29225896655
2024-03-11,TacoBell,South,16401.449361927556,2777.3886944735223,30025.510029381592,-4460.393535111434,37263.29225896655
2024-03-18,TacoBell,South,16401.449361927556,2777.3886944735223,30025.510029381592,-4460.393535111434,37263.29225896655
2024-03-25,TacoBell,South,16401.449361927556,2777.3886944735223,30025.510029381592,-4460.393535111434,37263.29225896655
2024-04-01,TacoBell,South,16401.449361927556,2777.3886944735223,30025.510029381592,-4460.393535111434,37263.29225896655
2024-04-08,TacoBell,South,16401.449361927556,2777.3886944735223,30025.510029381592,-4460.393535111434,37263.29225896655
2024-04-15,TacoBell,South,16401.449361927556,2777.3886944735223,30025.510029381592,-4460.393535111434,37263.29225896655
2024-04-22,TacoBell,South,16401.449361927556,2777.3886944735223,30025.510029381592,-4460.393535111434,37263.29225896655
2024-04-29,TacoBell,South,16401.449361927556,2777.3886944735223,30025.510029381592,-4460.393535111434,37263.29225896655
2024-05-06,TacoBell,South,16401.449361927556,2777.3886944735223,30025.510029381592,-4460.393535111434,37263.29225896655
2024-05-13,TacoBell,South,16401.449361927556,2777.3886944735223,30025.510029381592,-4460.393535111434,37263.29225896655
2024-05-20,TacoBell,South,16401.449361927556,2777.3886944735223,30025.510029381592,-4460.393535111434,37263.29225896655
2024-05-27,TacoBell,South,16401.449361927556,2777.3886944735223,30025.510029381592,-4460.393535111434,37263.29225896655
2024-06-03,TacoBell,South,16401.449361927556,2777.3886944735223,30025.510029381592,-4460.393535111434,37263.29225896655
2024-06-10,TacoBell,South,16401.449361927556,2777.3886944735223,30025.510029381592,-4460.393535111434,37263.29225896655
2024-06-17,TacoBell,South,16401.449361927556,2777.3886944735223,30025.510029381592,-4460.393535111434,37263.29225896655
2024-06-24,TacoBell,South,16401.449361927556,2777.3886944735223,30025.510029381592,-4460.393535111434,37263.29225896655
2024-07-01,TacoBell,South,16401.449361927556,2777.3886944735223,30025.510029381592,-4460.393535111434,37263.29225896655
2024-07-08,TacoBell,South,16401.449361927556,2777.3886944735223,30025.510029381592,-4460.393535111434,37263.29225896655
2024-07-15,TacoBell,South,16401.449361927556,2777.3886944735223,30025.510029381592,-4460.393535111434,37263.29225896655
2024-07-22,TacoBell,South,16401.449361927556,2777.3886944735223,30025.510029381592,-4460.393535111434,37263.29225896655
2024-07-29,TacoBell,South,16401.449361927556,2777.3886944735223,30025.510029381592,-4460.393535111434,37263.29225896655
2024-08-05,TacoBell,South,16401.449361927556,2777.3886944735223,30025.510029381592,-4460.393535111434,37263.29225896655
2024-08-12,TacoBell,South,16401.449361927556,2777.3886944735223,30025.510029381592,-4460.393535111434,37263.29225896655
2024-08-19,TacoBell,South,16401.449361927556,2777.3886944735223,30025.510029381592,-4460.393535111434,37263.29225896655
2024-08-26,TacoBell,South,16401.449361927556,2777.3886944735223,30025.510029381592,-4460.393535111434,37263.29225896655
2024-09-02,TacoBell,South,16401.449361927556,2777.3886944735223,30025.510029381592,-4460.393535111434,37263.29225896655
2024-09-09,TacoBell,South,16401.449361927556,2777.3886944735223,30025.510029381592,-4460.393535111434,37263.29225896655
2024-09-16,TacoBell,South,16401.449361927556,2777.3886944735223,30025.510029381592,-4460.393535111434,37263.29225896655
2024-09-23,TacoBell,South,16401.449361927556,2777.3886944735223,30025.510029381592,-4460.393535111434,37263.29225896655
2024-09-30,TacoBell,South,16401.449361927556,2777.3886944735223,30025.510029381592,-4460.393535111434,37263.29225896655
2024-10-07,TacoBell,South,16401.449361927556,2777.3886944735223,30025.510029381592,-4460.393535111434,37263.29225896655
2024-10-14,TacoBell,South,16401.449361927556,2777.3886944735223,30025.510029381592,-4460.393535111434,37263.29225896655
2024-10-21,TacoBell,South,16401.449361927556,2777.3886944735223,30025.510029381592,-4460.393535111434,37263.29225896655
2024-10-28,TacoBell,South,16401.449361927556,2777.3886944735223,30025.510029381592,-4460.393535111434,37263.29225896655
2024-11-04,TacoBell,South,16401.449361927556,2777.3886944735223,30025.510029381592,-4460.393535111434,37263.29225896655
2024-11-11,TacoBell,South,16401.449361927556,2777.3886944735223,30025.510029381592,-4460.393535111434,37263.29225896655
2024-11-18,TacoBell,South,16401.449361927556,2777.3886944735223,30025.510029381592,-4460.393535111434,37263.29225896655
2024-11-25,TacoBell,South,16401.449361927556,2777.3886944735223,30025.510029381592,-4460.393535111434,37263.29225896655
2024-12-02,TacoBell,South,16401.449361927556,2777.3886944735223,30025.510029381592,-4460.393535111434,37263.29225896655
2024-12-09,TacoBell,South,16401.449361927556,2777.3886944735223,30025.510029381592,-4460.393535111434,37263.29225896655
2024-12-16,TacoBell,South,16401.449361927556,2777.3886944735223,30025.510029381592,-4460.393535111434,37263.29225896655
2024-12-23,TacoBell,South,16401.449361927556,2777.3886944735223,30025.510029381592,-4460.393535111434,37263.29225896655
2024-12-30,TacoBell,South,16401.449361927556,2777.3886944735223,30025.510029381592,-4460.393535111434,37263.29225896655
2024-01-01,TacoBell,Southwest,67210.59391324292,44924.54879923993,89496.63902724591,33085.08733242584,101336.10049406
2024-01-08,TacoBell,Southwest,67210.59391324292,44924.54879923993,89496.63902724591,33085.08733242584,101336.10049406
2024-01-15,TacoBell,Southwest,67210.59391324292,44924.54879923993,89496.63902724591,33085.08733242584,101336.10049406
2024-01-22,TacoBell,Southwest,67210.59391324292,44924.54879923993,89496.63902724591,33085.08733242584,101336.10049406
2024-01-29,TacoBell,Southwest,67210.59391324292,44924.54879923993,89496.63902724591,33085.08733242584,101336.10049406
2024-02-05,TacoBell,Southwest,67210.59391324292,44924.54879923993,89496.63902724591,33085.08733242584,101336.10049406
2024-02-12,TacoBell,Southwest,67210.59391324292,44924.54879923993,89496.63902724591,33085.08733242584,101336.10049406
2024-02-19,TacoBell,Southwest,67210.59391324292,44924.54879923993,89496.63902724591,33085.08733242584,101336.10049406
2024-02-26,TacoBell,Southwest,67210.59391324292,44924.54879923993,89496.63902724591,33085.08733242584,101336.10049406
2024-03-04,TacoBell,Southwest,67210.59391324292,44924.54879923993,89496.63902724591,33085.08733242584,101336.10049406
2024-03-11,TacoBell,Southwest,67210.59391324292,44924.54879923993,89496.63902724591,33085.08733242584,101336.10049406
2024-03-18,TacoBell,Southwest,67210.59391324292,44924.54879923993,89496.63902724591,33085.08733242584,101336.10049406
2024-03-25,TacoBell,Southwest,67210.59391324292,44924.54879923993,89496.63902724591,33085.08733242584,101336.10049406
2024-04-01,TacoBell,Southwest,67210.59391324292,44924.54879923993,89496.63902724591,33085.08733242584,101336.10049406
2024-04-08,TacoBell,Southwest,67210.59391324292,44924.54879923993,89496.63902724591,33085.08733242584,101336.10049406
2024-04-15,TacoBell,Southwest,67210.59391324292,44924.54879923993,89496.63902724591,33085.08733242584,101336.10049406
2024-04-22,TacoBell,Southwest,67210.59391324292,44924.54879923993,89496.63902724591,33085.08733242584,101336.10049406
2024-04-29,TacoBell,Southwest,67210.59391324292,44924.54879923993,89496.63902724591,33085.08733242584,101336.10049406
2024-05-06,TacoBell,Southwest,67210.59391324292,44924.54879923993,89496.63902724591,33085.08733242584,101336.10049406
2024-05-13,TacoBell,Southwest,67210.59391324292,44924.54879923993,89496.63902724591,33085.08733242584,101336.10049406
2024-05-20,TacoBell,Southwest,67210.59391324292,44924.54879923993,89496.63902724591,33085.08733242584,101336.10049406
2024-05-27,TacoBell,Southwest,67210.59391324292,44924.54879923993,89496.63902724591,33085.08733242584,101336.10049406
2024-06-03,TacoBell,Southwest,67210.59391324292,44924.54879923993,89496.63902724591,33085.08733242584,101336.10049406
2024-06-10,TacoBell,Southwest,67210.59391324292,44924.54879923993,89496.63902724591,33085.08733242584,101336.10049406
2024-06-17,TacoBell,Southwest,67210.59391324292,44924.54879923993,89496.63902724591,33085.08733242584,101336.10049406
2024-06-24,TacoBell,Southwest,67210.59391324292,44924.54879923993,89496.63902724591,33085.08733242584,101336.10049406
2024-07-01,TacoBell,Southwest,67210.59391324292,44924.54879923993,89496.63902724591,33085.08733242584,101336.10049406
2024-07-08,TacoBell,Southwest,67210.59391324292,44924.54879923993,89496.63902724591,33085.08733242584,101336.10049406
2024-07-15,TacoBell,Southwest,67210.59391324292,44924.54879923993,89496.63902724591,33085.08733242584,101336.10049406
2024-07-22,TacoBell,Southwest,67210.59391324292,44924.54879923993,89496.63902724591,33085.08733242584,101336.10049406
2024-07-29,TacoBell,Southwest,67210.59391324292,44924.54879923993,89496.63902724591,33085.08733242584,101336.10049406
2024-08-05,TacoBell,Southwest,67210.59391324292,44924.54879923993,89496.63902724591,33085.08733242584,101336.10049406
2024-08-12,TacoBell,Southwest,67210.59391324292,44924.54879923993,89496.63902724591,33085.08733242584,101336.10049406
2024-08-19,TacoBell,Southwest,67210.59391324292,44924.54879923993,89496.63902724591,33085.08733242584,101336.10049406
2024-08-26,TacoBell,Southwest,67210.59391324292,44924.54879923993,89496.63902724591,33085.08733242584,101336.10049406
2024-09-02,TacoBell,Southwest,67210.59391324292,44924.54879923993,89496.63902724591,33085.08733242584,101336.10049406
2024-09-09,TacoBell,Southwest,67210.59391324292,44924.54879923993,89496.63902724591,33085.08733242584,101336.10049406
2024-09-16,TacoBell,Southwest,67210.59391324292,44924.54879923993,89496.63902724591,33085.08733242584,101336.10049406
2024-09-23,TacoBell,Southwest,67210.59391324292,44924.54879923993,89496.63902724591,33085.08733242584,101336.10049406
2024-09-30,TacoBell,Southwest,67210.59391324292,44924.54879923993,89496.63902724591,33085.08733242584,101336.10049406
2024-10-07,TacoBell,Southwest,67210.59391324292,44924.54879923993,89496.63902724591,33085.08733242584,101336.10049406
2024-10-14,TacoBell,Southwest,67210.59391324292,44924.54879923993,89496.63902724591,33085.08733242584,101336.10049406
2024-10-21,TacoBell,Southwest,67210.59391324292,44924.54879923993,89496.63902724591,33085.08733242584,101336.10049406
2024-10-28,TacoBell,Southwest,67210.59391324292,44924.54879923993,89496.63902724591,33085.08733242584,101336.10049406
2024-11-04,TacoBell,Southwest,67210.59391324292,44924.54879923993,89496.63902724591,33085.08733242584,101336.10049406
2024-11-11,TacoBell,Southwest,67210.59391324292,44924.54879923993,89496.63902724591,33085.08733242584,101336.10049406
2024-11-18,TacoBell,Southwest,67210.59391324292,44924.54879923993,89496.63902724591,33085.08733242584,101336.10049406
2024-11-25,TacoBell,Southwest,67210.59391324292,44924.54879923993,89496.63902724591,33085.08733242584,101336.10049406
2024-12-02,TacoBell,Southwest,67210.59391324292,44924.54879923993,89496.63902724591,33085.08733242584,101336.10049406
2024-12-09,TacoBell,Southwest,67210.59391324292,44924.54879923993,89496.63902724591,33085.08733242584,101336.10049406
2024-12-16,TacoBell,Southwest,67210.59391324292,44924.54879923993,89496.63902724591,33085.08733242584,101336.10049406
2024-12-23,TacoBell,Southwest,67210.59391324292,44924.54879923993,89496.63902724591,33085.08733242584,101336.10049406
2024-12-30,TacoBell,Southwest,67210.59391324292,44924.54879923993,89496.63902724591,33085.08733242584,101336.10049406
2024-01-01,TacoBell,West,20677.50319647358,11426.262937139836,29928.743455807322,6511.541549368787,34843.464843578375
2024-01-08,TacoBell,West,20677.50319647358,11426.262937139836,29928.743455807322,6511.541549368787,34843.464843578375
2024-01-15,TacoBell,West,20677.50319647358,11426.262937139836,29928.743455807322,6511.541549368787,34843.464843578375
2024-01-22,TacoBell,West,20677.50319647358,11426.262937139836,29928.743455807322,6511.541549368787,34843.464843578375
2024-01-29,TacoBell,West,20677.50319647358,11426.262937139836,29928.743455807322,6511.541549368787,34843.464843578375
2024-02-05,TacoBell,West,20677.50319647358,11426.262937139836,29928.743455807322,6511.541549368787,34843.464843578375
2024-02-12,TacoBell,West,20677.50319647358,11426.262937139836,29928.743455807322,6511.541549368787,34843.464843578375
2024-02-19,TacoBell,West,20677.50319647358,11426.262937139836,29928.743455807322,6511.541549368787,34843.464843578375
2024-02-26,TacoBell,West,20677.50319647358,11426.262937139836,29928.743455807322,6511.541549368787,34843.464843578375
2024-03-04,TacoBell,West,20677.50319647358,11426.262937139836,29928.743455807322,6511.541549368787,34843.464843578375
2024-03-11,TacoBell,West,20677.50319647358,11426.262937139836,29928.743455807322,6511.541549368787,34843.464843578375
2024-03-18,TacoBell,West,20677.50319647358,11426.262937139836,29928.743455807322,6511.541549368787,34843.464843578375
2024-03-25,TacoBell,West,20677.50319647358,11426.262937139836,29928.743455807322,6511.541549368787,34843.464843578375
2024-04-01,TacoBell,West,20677.50319647358,11426.262937139836,29928.743455807322,6511.541549368787,34843.464843578375
2024-04-08,TacoBell,West,20677.50319647358,11426.262937139836,29928.743455807322,6511.541549368787,34843.464843578375
2024-04-15,TacoBell,West,20677.50319647358,11426.262937139836,29928.743455807322,6511.541549368787,34843.464843578375
2024-04-22,TacoBell,West,20677.50319647358,11426.262937139836,29928.743455807322,6511.541549368787,34843.464843578375
2024-04-29,TacoBell,West,20677.50319647358,11426.262937139836,29928.743455807322,6511.541549368787,34843.464843578375
2024-05-06,TacoBell,West,20677.50319647358,11426.262937139836,29928.743455807322,6511.541549368787,34843.464843578375
2024-05-13,TacoBell,West,20677.50319647358,11426.262937139836,29928.743455807322,6511.541549368787,34843.464843578375
2024-05-20,TacoBell,West,20677.50319647358,11426.262937139836,29928.743455807322,6511.541549368787,34843.464843578375
2024-05-27,TacoBell,West,20677.50319647358,11426.262937139836,29928.743455807322,6511.541549368787,34843.464843578375
2024-06-03,TacoBell,West,20677.50319647358,11426.262937139836,29928.743455807322,6511.541549368787,34843.464843578375
2024-06-10,TacoBell,West,20677.50319647358,11426.262937139836,29928.743455807322,6511.541549368787,34843.464843578375
2024-06-17,TacoBell,West,20677.50319647358,11426.262937139836,29928.743455807322,6511.541549368787,34843.464843578375
2024-06-24,TacoBell,West,20677.50319647358,11426.262937139836,29928.743455807322,6511.541549368787,34843.464843578375
2024-07-01,TacoBell,West,20677.50319647358,11426.262937139836,29928.743455807322,6511.541549368787,34843.464843578375
2024-07-08,TacoBell,West,20677.50319647358,11426.262937139836,29928.743455807322,6511.541549368787,34843.464843578375
2024-07-15,TacoBell,West,20677.50319647358,11426.262937139836,29928.743455807322,6511.541549368787,34843.464843578375
2024-07-22,TacoBell,West,20677.50319647358,11426.262937139836,29928.743455807322,6511.541549368787,34843.464843578375
2024-07-29,TacoBell,West,20677.50319647358,11426.262937139836,29928.743455807322,6511.541549368787,34843.464843578375
2024-08-05,TacoBell,West,20677.50319647358,11426.262937139836,29928.743455807322,6511.541549368787,34843.464843578375
2024-08-12,TacoBell,West,20677.50319647358,11426.262937139836,29928.743455807322,6511.541549368787,34843.464843578375
2024-08-19,TacoBell,West,20677.50319647358,11426.262937139836,29928.743455807322,6511.541549368787,34843.464843578375
2024-08-26,TacoBell,West,20677.50319647358,11426.262937139836,29928.743455807322,6511.541549368787,34843.464843578375
2024-09-02,TacoBell,West,20677.50319647358,11426.262937139836,29928.743455807322,6511.541549368787,34843.464843578375
2024-09-09,TacoBell,West,20677.50319647358,11426.262937139836,29928.743455807322,6511.541549368787,34843.464843578375
2024-09-16,TacoBell,West,20677.50319647358,11426.262937139836,29928.743455807322,6511.541549368787,34843.464843578375
2024-09-23,TacoBell,West,20677.50319647358,11426.262937139836,29928.743455807322,6511.541549368787,34843.464843578375
2024-09-30,TacoBell,West,20677.50319647358,11426.262937139836,29928.743455807322,6511.541549368787,34843.464843578375
2024-10-07,TacoBell,West,20677.50319647358,11426.262937139836,29928.743455807322,6511.541549368787,34843.464843578375
2024-10-14,TacoBell,West,20677.50319647358,11426.262937139836,29928.743455807322,6511.541549368787,34843.464843578375
2024-10-21,TacoBell,West,20677.50319647358,11426.262937139836,29928.743455807322,6511.541549368787,34843.464843578375
2024-10-28,TacoBell,West,20677.50319647358,11426.262937139836,29928.743455807322,6511.541549368787,34843.464843578375
2024-11-04,TacoBell,West,20677.50319647358,11426.262937139836,29928.743455807322,6511.541549368787,34843.464843578375
2024-11-11,TacoBell,West,20677.50319647358,11426.262937139836,29928.743455807322,6511.541549368787,34843.464843578375
2024-11-18,TacoBell,West,20677.50319647358,11426.262937139836,29928.743455807322,6511.541549368787,34843.464843578375
2024-11-25,TacoBell,West,20677.50319647358,11426.262937139836,29928.743455807322,6511.541549368787,34843.464843578375
2024-12-02,TacoBell,West,20677.50319647358,11426.262937139836,29928.743455807322,6511.541549368787,34843.464843578375
2024-12-09,TacoBell,West,20677.50319647358,11426.262937139836,29928.743455807322,6511.541549368787,34843.464843578375
2024-12-16,TacoBell,West,20677.50319647358,11426.262937139836,29928.743455807322,6511.541549368787,34843.464843578375
2024-12-23,TacoBell,West,20677.50319647358,11426.262937139836,29928.743455807322,6511.541549368787,34843.464843578375
2024-12-30,TacoBell,West,20677.50319647358,11426.262937139836,29928.743455807322,6511.541549368787,34843.464843578375
2024-01-01,Wendys,Midwest,81995.4359554751,63986.16243742261,100004.70947352759,54418.735880957225,109572.13602999298
2024-01-08,Wendys,Midwest,81995.4359554751,63986.16243742261,100004.70947352759,54418.735880957225,109572.13602999298
2024-01-15,Wendys,Midwest,81995.4359554751,63986.16243742261,100004.70947352759,54418.735880957225,109572.13602999298
2024-01-22,Wendys,Midwest,81995.4359554751,63986.16243742261,100004.70947352759,54418.735880957225,109572.13602999298
2024-01-29,Wendys,Midwest,81995.4359554751,63986.16243742261,100004.70947352759,54418.735880957225,109572.13602999298
2024-02-05,Wendys,Midwest,81995.4359554751,63986.16243742261,100004.70947352759,54418.735880957225,109572.13602999298
2024-02-12,Wendys,Midwest,81995.4359554751,63986.16243742261,100004.70947352759,54418.735880957225,109572.13602999298
2024-02-19,Wendys,Midwest,81995.4359554751,63986.16243742261,100004.70947352759,54418.735880957225,109572.13602999298
2024-02-26,Wendys,Midwest,81995.4359554751,63986.16243742261,100004.70947352759,54418.735880957225,109572.13602999298
2024-03-04,Wendys,Midwest,81995.4359554751,63986.16243742261,100004.70947352759,54418.735880957225,109572.13602999298
2024-03-11,Wendys,Midwest,81995.4359554751,63986.16243742261,100004.70947352759,54418.735880957225,109572.13602999298
2024-03-18,Wendys,Midwest,81995.4359554751,63986.16243742261,100004.70947352759,54418.735880957225,109572.13602999298
2024-03-25,Wendys,Midwest,81995.4359554751,63986.16243742261,100004.70947352759,54418.735880957225,109572.13602999298
2024-04-01,Wendys,Midwest,81995.4359554751,63986.16243742261,100004.70947352759,54418.735880957225,109572.13602999298
2024-04-08,Wendys,Midwest,81995.4359554751,63986.16243742261,100004.70947352759,54418.735880957225,109572.13602999298
2024-04-15,Wendys,Midwest,81995.4359554751,63986.16243742261,100004.70947352759,54418.735880957225,109572.13602999298
2024-04-22,Wendys,Midwest,81995.4359554751,63986.16243742261,100004.70947352759,54418.735880957225,109572.13602999298
2024-04-29,Wendys,Midwest,81995.4359554751,63986.16243742261,100004.70947352759,54418.735880957225,109572.13602999298
2024-05-06,Wendys,Midwest,81995.4359554751,63986.16243742261,100004.70947352759,54418.735880957225,109572.13602999298
2024-05-13,Wendys,Midwest,81995.4359554751,63986.16243742261,100004.70947352759,54418.735880957225,109572.13602999298
2024-05-20,Wendys,Midwest,81995.4359554751,63986.16243742261,100004.70947352759,54418.735880957225,109572.13602999298
2024-05-27,Wendys,Midwest,81995.4359554751,63986.16243742261,100004.70947352759,54418.735880957225,109572.13602999298
2024-06-03,Wendys,Midwest,81995.4359554751,63986.16243742261,100004.70947352759,54418.735880957225,109572.13602999298
2024-06-10,Wendys,Midwest,81995.4359554751,63986.16243742261,100004.70947352759,54418.735880957225,109572.13602999298
2024-06-17,Wendys,Midwest,81995.4359554751,63986.16243742261,100004.70947352759,54418.735880957225,109572.13602999298
2024-06-24,Wendys,Midwest,81995.4359554751,63986.16243742261,100004.70947352759,54418.735880957225,109572.13602999298
2024-07-01,Wendys,Midwest,81995.4359554751,63986.16243742261,100004.70947352759,54418.735880957225,109572.13602999298
2024-07-08,Wendys,Midwest,81995.4359554751,63986.16243742261,100004.70947352759,54418.735880957225,109572.13602999298
2024-07-15,Wendys,Midwest,81995.4359554751,63986.16243742261,100004.70947352759,54418.735880957225,109572.13602999298
2024-07-22,Wendys,Midwest,81995.4359554751,63986.16243742261,100004.70947352759,54418.735880957225,109572.13602999298
2024-07-29,Wendys,Midwest,81995.4359554751,63986.16243742261,100004.70947352759,54418.735880957225,109572.13602999298
2024-08-05,Wendys,Midwest,81995.4359554751,63986.16243742261,100004.70947352759,54418.735880957225,109572.13602999298
2024-08-12,Wendys,Midwest,81995.4359554751,63986.16243742261,100004.70947352759,54418.735880957225,109572.13602999298
2024-08-19,Wendys,Midwest,81995.4359554751,63986.16243742261,100004.70947352759,54418.735880957225,109572.13602999298
2024-08-26,Wendys,Midwest,81995.4359554751,63986.16243742261,100004.70947352759,54418.735880957225,109572.13602999298
2024-09-02,Wendys,Midwest,81995.4359554751,63986.16243742261,100004.70947352759,54418.735880957225,109572.13602999298
2024-09-09,Wendys,Midwest,81995.4359554751,63986.16243742261,100004.70947352759,54418.735880957225,109572.13602999298
2024-09-16,Wendys,Midwest,81995.4359554751,63986.16243742261,100004.70947352759,54418.735880957225,109572.13602999298
2024-09-23,Wendys,Midwest,81995.4359554751,63986.16243742261,100004.70947352759,54418.735880957225,109572.13602999298
2024-09-30,Wendys,Midwest,81995.4359554751,63986.16243742261,100004.70947352759,54418.735880957225,109572.13602999298
2024-10-07,Wendys,Midwest,81995.4359554751,63986.16243742261,100004.70947352759,54418.735880957225,109572.13602999298
2024-10-14,Wendys,Midwest,81995.4359554751,63986.16243742261,100004.70947352759,54418.735880957225,109572.13602999298
2024-10-21,Wendys,Midwest,81995.4359554751,63986.16243742261,100004.70947352759,54418.735880957225,109572.13602999298
2024-10-28,Wendys,Midwest,81995.4359554751,63986.16243742261,100004.70947352759,54418.735880957225,109572.13602999298
2024-11-04,Wendys,Midwest,81995.4359554751,63986.16243742261,100004.70947352759,54418.735880957225,109572.13602999298
2024-11-11,Wendys,Midwest,81995.4359554751,63986.16243742261,100004.70947352759,54418.735880957225,109572.13602999298
2024-11-18,Wendys,Midwest,81995.4359554751,63986.16243742261,100004.70947352759,54418.735880957225,109572.13602999298
2024-11-25,Wendys,Midwest,81995.4359554751,63986.16243742261,100004.70947352759,54418.735880957225,109572.13602999298
2024-12-02,Wendys,Midwest,81995.4359554751,63986.16243742261,100004.70947352759,54418.735880957225,109572.13602999298
2024-12-09,Wendys,Midwest,81995.4359554751,63986.16243742261,100004.70947352759,54418.735880957225,109572.13602999298
2024-12-16,Wendys,Midwest,81995.4359554751,63986.16243742261,100004.70947352759,54418.735880957225,109572.13602999298
2024-12-23,Wendys,Midwest,81995.4359554751,63986.16243742261,100004.70947352759,54418.735880957225,109572.13602999298
2024-12-30,Wendys,Midwest,81995.4359554751,63986.16243742261,100004.70947352759,54418.735880957225,109572.13602999298
2024-01-01,Wendys,Northeast,59405.967146019735,50012.65720113329,68799.27709090618,45022.46129291237,73789.4729991271
2024-01-08,Wendys,Northeast,59405.967146019735,50012.65720113329,68799.27709090618,45022.46129291237,73789.4729991271
2024-01-15,Wendys,Northeast,59405.967146019735,50012.65720113329,68799.27709090618,45022.46129291237,73789.4729991271
2024-01-22,Wendys,Northeast,59405.967146019735,50012.65720113329,68799.27709090618,45022.46129291237,73789.4729991271
2024-01-29,Wendys,Northeast,59405.967146019735,50012.65720113329,68799.27709090618,45022.46129291237,73789.4729991271
2024-02-05,Wendys,Northeast,59405.967146019735,50012.65720113329,68799.27709090618,45022.46129291237,73789.4729991271
2024-02-12,Wendys,Northeast,59405.967146019735,50012.65720113329,68799.27709090618,45022.46129291237,73789.4729991271
2024-02-19,Wendys,Northeast,59405.967146019735,50012.65720113329,68799.27709090618,45022.46129291237,73789.4729991271
2024-02-26,Wendys,Northeast,59405.967146019735,50012.65720113329,68799.27709090618,45022.46129291237,73789.4729991271
2024-03-04,Wendys,Northeast,59405.967146019735,50012.65720113329,68799.27709090618,45022.46129291237,73789.4729991271
2024-03-11,Wendys,Northeast,59405.967146019735,50012.65720113329,68799.27709090618,45022.46129291237,73789.4729991271
2024-03-18,Wendys,Northeast,59405.967146019735,50012.65720113329,68799.27709090618,45022.46129291237,73789.4729991271
2024-03-25,Wendys,Northeast,59405.967146019735,50012.65720113329,68799.27709090618,45022.46129291237,73789.4729991271
2024-04-01,Wendys,Northeast,59405.967146019735,50012.65720113329,68799.27709090618,45022.46129291237,73789.4729991271
2024-04-08,Wendys,Northeast,59405.967146019735,50012.65720113329,68799.27709090618,45022.46129291237,73789.4729991271
2024-04-15,Wendys,Northeast,59405.967146019735,50012.65720113329,68799.27709090618,45022.46129291237,73789.4729991271
2024-04-22,Wendys,Northeast,59405.967146019735,50012.65720113329,68799.27709090618,45022.46129291237,73789.4729991271
2024-04-29,Wendys,Northeast,59405.967146019735,50012.65720113329,68799.27709090618,45022.46129291237,73789.4729991271
2024-05-06,Wendys,Northeast,59405.967146019735,50012.65720113329,68799.27709090618,45022.46129291237,73789.4729991271
2024-05-13,Wendys,Northeast,59405.967146019735,50012.65720113329,68799.27709090618,45022.46129291237,73789.4729991271
2024-05-20,Wendys,Northeast,59405.967146019735,50012.65720113329,68799.27709090618,45022.46129291237,73789.4729991271
2024-05-27,Wendys,Northeast,59405.967146019735,50012.65720113329,68799.27709090618,45022.46129291237,73789.4729991271
2024-06-03,Wendys,Northeast,59405.967146019735,50012.65720113329,68799.27709090618,45022.46129291237,73789.4729991271
2024-06-10,Wendys,Northeast,59405.967146019735,50012.65720113329,68799.27709090618,45022.46129291237,73789.4729991271
2024-06-17,Wendys,Northeast,59405.967146019735,50012.65720113329,68799.27709090618,45022.46129291237,73789.4729991271
2024-06-24,Wendys,Northeast,59405.967146019735,50012.65720113329,68799.27709090618,45022.46129291237,73789.4729991271
2024-07-01,Wendys,Northeast,59405.967146019735,50012.65720113329,68799.27709090618,45022.46129291237,73789.4729991271
2024-07-08,Wendys,Northeast,59405.967146019735,50012.65720113329,68799.27709090618,45022.46129291237,73789.4729991271
2024-07-15,Wendys,Northeast,59405.967146019735,50012.65720113329,68799.27709090618,45022.46129291237,73789.4729991271
2024-07-22,Wendys,Northeast,59405.967146019735,50012.65720113329,68799.27709090618,45022.46129291237,73789.4729991271
2024-07-29,Wendys,Northeast,59405.967146019735,50012.65720113329,68799.27709090618,45022.46129291237,73789.4729991271
2024-08-05,Wendys,Northeast,59405.967146019735,50012.65720113329,68799.27709090618,45022.46129291237,73789.4729991271
2024-08-12,Wendys,Northeast,59405.967146019735,50012.65720113329,68799.27709090618,45022.46129291237,73789.4729991271
2024-08-19,Wendys,Northeast,59405.967146019735,50012.65720113329,68799.27709090618,45022.46129291237,73789.4729991271
2024-08-26,Wendys,Northeast,59405.967146019735,50012.65720113329,68799.27709090618,45022.46129291237,73789.4729991271
2024-09-02,Wendys,Northeast,59405.967146019735,50012.65720113329,68799.27709090618,45022.46129291237,73789.4729991271
2024-09-09,Wendys,Northeast,59405.967146019735,50012.65720113329,68799.27709090618,45022.46129291237,73789.4729991271
2024-09-16,Wendys,Northeast,59405.967146019735,50012.65720113329,68799.27709090618,45022.46129291237,73789.4729991271
2024-09-23,Wendys,Northeast,59405.967146019735,50012.65720113329,68799.27709090618,45022.46129291237,73789.4729991271
2024-09-30,Wendys,Northeast,59405.967146019735,50012.65720113329,68799.27709090618,45022.46129291237,73789.4729991271
2024-10-07,Wendys,Northeast,59405.967146019735,50012.65720113329,68799.27709090618,45022.46129291237,73789.4729991271
2024-10-14,Wendys,Northeast,59405.967146019735,50012.65720113329,68799.27709090618,45022.46129291237,73789.4729991271
2024-10-21,Wendys,Northeast,59405.967146019735,50012.65720113329,68799.27709090618,45022.46129291237,73789.4729991271
2024-10-28,Wendys,Northeast,59405.967146019735,50012.65720113329,68799.27709090618,45022.46129291237,73789.4729991271
2024-11-04,Wendys,Northeast,59405.967146019735,50012.65720113329,68799.27709090618,45022.46129291237,73789.4729991271
2024-11-11,Wendys,Northeast,59405.967146019735,50012.65720113329,68799.27709090618,45022.46129291237,73789.4729991271
2024-11-18,Wendys,Northeast,59405.967146019735,50012.65720113329,68799.27709090618,45022.46129291237,73789.4729991271
2024-11-25,Wendys,Northeast,59405.967146019735,50012.65720113329,68799.27709090618,45022.46129291237,73789.4729991271
2024-12-02,Wendys,Northeast,59405.967146019735,50012.65720113329,68799.27709090618,45022.46129291237,73789.4729991271
2024-12-09,Wendys,Northeast,59405.967146019735,50012.65720113329,68799.27709090618,45022.46129291237,73789.4729991271
2024-12-16,Wendys,Northeast,59405.967146019735,50012.65720113329,68799.27709090618,45022.46129291237,73789.4729991271
2024-12-23,Wendys,Northeast,59405.967146019735,50012.65720113329,68799.27709090618,45022.46129291237,73789.4729991271
2024-12-30,Wendys,Northeast,59405.967146019735,50012.65720113329,68799.27709090618,45022.46129291237,73789.4729991271
2024-01-01,Wendys,South,18539.504026732247,11356.33785792356,25722.670195540937,7540.2808307439445,29538.72722272055
2024-01-08,Wendys,South,18539.504026732247,11356.33785792356,25722.670195540937,7540.2808307439445,29538.72722272055
2024-01-15,Wendys,South,18539.504026732247,11356.33785792356,25722.670195540937,7540.2808307439445,29538.72722272055
2024-01-22,Wendys,South,18539.504026732247,11356.33785792356,25722.670195540937,7540.2808307439445,29538.72722272055
2024-01-29,Wendys,South,18539.504026732247,11356.33785792356,25722.670195540937,7540.2808307439445,29538.72722272055
2024-02-05,Wendys,South,18539.504026732247,11356.33785792356,25722.670195540937,7540.2808307439445,29538.72722272055
2024-02-12,Wendys,South,18539.504026732247,11356.33785792356,25722.670195540937,7540.2808307439445,29538.72722272055
2024-02-19,Wendys,South,18539.504026732247,11356.33785792356,25722.670195540937,7540.2808307439445,29538.72722272055
2024-02-26,Wendys,South,18539.504026732247,11356.33785792356,25722.670195540937,7540.2808307439445,29538.72722272055
2024-03-04,Wendys,South,18539.504026732247,11356.33785792356,25722.670195540937,7540.2808307439445,29538.72722272055
2024-03-11,Wendys,South,18539.504026732247,11356.33785792356,25722.670195540937,7540.2808307439445,29538.72722272055
2024-03-18,Wendys,South,18539.504026732247,11356.33785792356,25722.670195540937,7540.2808307439445,29538.72722272055
2024-03-25,Wendys,South,18539.504026732247,11356.33785792356,25722.670195540937,7540.2808307439445,29538.72722272055
2024-04-01,Wendys,South,18539.504026732247,11356.33785792356,25722.670195540937,7540.2808307439445,29538.72722272055
2024-04-08,Wendys,South,18539.504026732247,11356.33785792356,25722.670195540937,7540.2808307439445,29538.72722272055
2024-04-15,Wendys,South,18539.504026732247,11356.33785792356,25722.670195540937,7540.2808307439445,29538.72722272055
2024-04-22,Wendys,South,18539.504026732247,11356.33785792356,25722.670195540937,7540.2808307439445,29538.72722272055
2024-04-29,Wendys,South,18539.504026732247,11356.33785792356,25722.670195540937,7540.2808307439445,29538.72722272055
2024-05-06,Wendys,South,18539.504026732247,11356.33785792356,25722.670195540937,7540.2808307439445,29538.72722272055
2024-05-13,Wendys,South,18539.504026732247,11356.33785792356,25722.670195540937,7540.2808307439445,29538.72722272055
2024-05-20,Wendys,South,18539.504026732247,11356.33785792356,25722.670195540937,7540.2808307439445,29538.72722272055
2024-05-27,Wendys,South,18539.504026732247,11356.33785792356,25722.670195540937,7540.2808307439445,29538.72722272055
2024-06-03,Wendys,South,18539.504026732247,11356.33785792356,25722.670195540937,7540.2808307439445,29538.72722272055
2024-06-10,Wendys,South,18539.504026732247,11356.33785792356,25722.670195540937,7540.2808307439445,29538.72722272055
2024-06-17,Wendys,South,18539.504026732247,11356.33785792356,25722.670195540937,7540.2808307439445,29538.72722272055
2024-06-24,Wendys,South,18539.504026732247,11356.33785792356,25722.670195540937,7540.2808307439445,29538.72722272055
2024-07-01,Wendys,South,18539.504026732247,11356.33785792356,25722.670195540937,7540.2808307439445,29538.72722272055
2024-07-08,Wendys,South,18539.504026732247,11356.33785792356,25722.670195540937,7540.2808307439445,29538.72722272055
2024-07-15,Wendys,South,18539.504026732247,11356.33785792356,25722.670195540937,7540.2808307439445,29538.72722272055
2024-07-22,Wendys,South,18539.504026732247,11356.33785792356,25722.670195540937,7540.2808307439445,29538.72722272055
2024-07-29,Wendys,South,18539.504026732247,11356.33785792356,25722.670195540937,7540.2808307439445,29538.72722272055
2024-08-05,Wendys,South,18539.504026732247,11356.33785792356,25722.670195540937,7540.2808307439445,29538.72722272055
2024-08-12,Wendys,South,18539.504026732247,11356.33785792356,25722.670195540937,7540.2808307439445,29538.72722272055
2024-08-19,Wendys,South,18539.504026732247,11356.33785792356,25722.670195540937,7540.2808307439445,29538.72722272055
2024-08-26,Wendys,South,18539.504026732247,11356.33785792356,25722.670195540937,7540.2808307439445,29538.72722272055
2024-09-02,Wendys,South,18539.504026732247,11356.33785792356,25722.670195540937,7540.2808307439445,29538.72722272055
2024-09-09,Wendys,South,18539.504026732247,11356.33785792356,25722.670195540937,7540.2808307439445,29538.72722272055
2024-09-16,Wendys,South,18539.504026732247,11356.33785792356,25722.670195540937,7540.2808307439445,29538.72722272055
2024-09-23,Wendys,South,18539.504026732247,11356.33785792356,25722.670195540937,7540.2808307439445,29538.72722272055
2024-09-30,Wendys,South,18539.504026732247,11356.33785792356,25722.670195540937,7540.2808307439445,29538.72722272055
2024-10-07,Wendys,South,18539.504026732247,11356.33785792356,25722.670195540937,7540.2808307439445,29538.72722272055
2024-10-14,Wendys,South,18539.504026732247,11356.33785792356,25722.670195540937,7540.2808307439445,29538.72722272055
2024-10-21,Wendys,South,18539.504026732247,11356.33785792356,25722.670195540937,7540.2808307439445,29538.72722272055
2024-10-28,Wendys,South,18539.504026732247,11356.33785792356,25722.670195540937,7540.2808307439445,29538.72722272055
2024-11-04,Wendys,South,18539.504026732247,11356.33785792356,25722.670195540937,7540.2808307439445,29538.72722272055
2024-11-11,Wendys,South,18539.504026732247,11356.33785792356,25722.670195540937,7540.2808307439445,29538.72722272055
2024-11-18,Wendys,South,18539.504026732247,11356.33785792356,25722.670195540937,7540.2808307439445,29538.72722272055
2024-11-25,Wendys,South,18539.504026732247,11356.33785792356,25722.670195540937,7540.2808307439445,29538.72722272055
2024-12-02,Wendys,South,18539.504026732247,11356.33785792356,25722.670195540937,7540.2808307439445,29538.72722272055
2024-12-09,Wendys,South,18539.504026732247,11356.33785792356,25722.670195540937,7540.2808307439445,29538.72722272055
2024-12-16,Wendys,South,18539.504026732247,11356.33785792356,25722.670195540937,7540.2808307439445,29538.72722272055
2024-12-23,Wendys,South,18539.504026732247,11356.33785792356,25722.670195540937,7540.2808307439445,29538.72722272055
2024-12-30,Wendys,South,18539.504026732247,11356.33785792356,25722.670195540937,7540.2808307439445,29538.72722272055
2024-01-01,Wendys,Southwest,44292.16865323585,32366.23324724086,56218.10405923084,26030.58006280602,62553.75724366568
2024-01-08,Wendys,Southwest,44292.16865323585,32366.23324724086,56218.10405923084,26030.58006280602,62553.75724366568
2024-01-15,Wendys,Southwest,44292.16865323585,32366.23324724086,56218.10405923084,26030.58006280602,62553.75724366568
2024-01-22,Wendys,Southwest,44292.16865323585,32366.23324724086,56218.10405923084,26030.58006280602,62553.75724366568
2024-01-29,Wendys,Southwest,44292.16865323585,32366.23324724086,56218.10405923084,26030.58006280602,62553.75724366568
2024-02-05,Wendys,Southwest,44292.16865323585,32366.23324724086,56218.10405923084,26030.58006280602,62553.75724366568
2024-02-12,Wendys,Southwest,44292.16865323585,32366.23324724086,56218.10405923084,26030.58006280602,62553.75724366568
2024-02-19,Wendys,Southwest,44292.16865323585,32366.23324724086,56218.10405923084,26030.58006280602,62553.75724366568
2024-02-26,Wendys,Southwest,44292.16865323585,32366.23324724086,56218.10405923084,26030.58006280602,62553.75724366568
2024-03-04,Wendys,Southwest,44292.16865323585,32366.23324724086,56218.10405923084,26030.58006280602,62553.75724366568
2024-03-11,Wendys,Southwest,44292.16865323585,32366.23324724086,56218.10405923084,26030.58006280602,62553.75724366568
2024-03-18,Wendys,Southwest,44292.16865323585,32366.23324724086,56218.10405923084,26030.58006280602,62553.75724366568
2024-03-25,Wendys,Southwest,44292.16865323585,32366.23324724086,56218.10405923084,26030.58006280602,62553.75724366568
2024-04-01,Wendys,Southwest,44292.16865323585,32366.23324724086,56218.10405923084,26030.58006280602,62553.75724366568
2024-04-08,Wendys,Southwest,44292.16865323585,32366.23324724086,56218.10405923084,26030.58006280602,62553.75724366568
2024-04-15,Wendys,Southwest,44292.16865323585,32366.23324724086,56218.10405923084,26030.58006280602,62553.75724366568
2024-04-22,Wendys,Southwest,44292.16865323585,32366.23324724086,56218.10405923084,26030.58006280602,62553.75724366568
2024-04-29,Wendys,Southwest,44292.16865323585,32366.23324724086,56218.10405923084,26030.58006280602,62553.75724366568
2024-05-06,Wendys,Southwest,44292.16865323585,32366.23324724086,56218.10405923084,26030.58006280602,62553.75724366568
2024-05-13,Wendys,Southwest,44292.16865323585,32366.23324724086,56218.10405923084,26030.58006280602,62553.75724366568
2024-05-20,Wendys,Southwest,44292.16865323585,32366.23324724086,56218.10405923084,26030.58006280602,62553.75724366568
2024-05-27,Wendys,Southwest,44292.16865323585,32366.23324724086,56218.10405923084,26030.58006280602,62553.75724366568
2024-06-03,Wendys,Southwest,44292.16865323585,32366.23324724086,56218.10405923084,26030.58006280602,62553.75724366568
2024-06-10,Wendys,Southwest,44292.16865323585,32366.23324724086,56218.10405923084,26030.58006280602,62553.75724366568
2024-06-17,Wendys,Southwest,44292.16865323585,32366.23324724086,56218.10405923084,26030.58006280602,62553.75724366568
2024-06-24,Wendys,Southwest,44292.16865323585,32366.23324724086,56218.10405923084,26030.58006280602,62553.75724366568
2024-07-01,Wendys,Southwest,44292.16865323585,32366.23324724086,56218.10405923084,26030.58006280602,62553.75724366568
2024-07-08,Wendys,Southwest,44292.16865323585,32366.23324724086,56218.10405923084,26030.58006280602,62553.75724366568
2024-07-15,Wendys,Southwest,44292.16865323585,32366.23324724086,56218.10405923084,26030.58006280602,62553.75724366568
2024-07-22,Wendys,Southwest,44292.16865323585,32366.23324724086,56218.10405923084,26030.58006280602,62553.75724366568
2024-07-29,Wendys,Southwest,44292.16865323585,32366.23324724086,56218.10405923084,26030.58006280602,62553.75724366568
2024-08-05,Wendys,Southwest,44292.16865323585,32366.23324724086,56218.10405923084,26030.58006280602,62553.75724366568
2024-08-12,Wendys,Southwest,44292.16865323585,32366.23324724086,56218.10405923084,26030.58006280602,62553.75724366568
2024-08-19,Wendys,Southwest,44292.16865323585,32366.23324724086,56218.10405923084,26030.58006280602,62553.75724366568
2024-08-26,Wendys,Southwest,44292.16865323585,32366.23324724086,56218.10405923084,26030.58006280602,62553.75724366568
2024-09-02,Wendys,Southwest,44292.16865323585,32366.23324724086,56218.10405923084,26030.58006280602,62553.75724366568
2024-09-09,Wendys,Southwest,44292.16865323585,32366.23324724086,56218.10405923084,26030.58006280602,62553.75724366568
2024-09-16,Wendys,Southwest,44292.16865323585,32366.23324724086,56218.10405923084,26030.58006280602,62553.75724366568
2024-09-23,Wendys,Southwest,44292.16865323585,32366.23324724086,56218.10405923084,26030.58006280602,62553.75724366568
2024-09-30,Wendys,Southwest,44292.16865323585,32366.23324724086,56218.10405923084,26030.58006280602,62553.75724366568
2024-10-07,Wendys,Southwest,44292.16865323585,32366.23324724086,56218.10405923084,26030.58006280602,62553.75724366568
2024-10-14,Wendys,Southwest,44292.16865323585,32366.23324724086,56218.10405923084,26030.58006280602,62553.75724366568
2024-10-21,Wendys,Southwest,44292.16865323585,32366.23324724086,56218.10405923084,26030.58006280602,62553.75724366568
2024-10-28,Wendys,Southwest,44292.16865323585,32366.23324724086,56218.10405923084,26030.58006280602,62553.75724366568
2024-11-04,Wendys,Southwest,44292.16865323585,32366.23324724086,56218.10405923084,26030.58006280602,62553.75724366568
2024-11-11,Wendys,Southwest,44292.16865323585,32366.23324724086,56218.10405923084,26030.58006280602,62553.75724366568
2024-11-18,Wendys,Southwest,44292.16865323585,32366.23324724086,56218.10405923084,26030.58006280602,62553.75724366568
2024-11-25,Wendys,Southwest,44292.16865323585,32366.23324724086,56218.10405923084,26030.58006280602,62553.75724366568
2024-12-02,Wendys,Southwest,44292.16865323585,32366.23324724086,56218.10405923084,26030.58006280602,62553.75724366568
2024-12-09,Wendys,Southwest,44292.16865323585,32366.23324724086,56218.10405923084,26030.58006280602,62553.75724366568
2024-12-16,Wendys,Southwest,44292.16865323585,32366.23324724086,56218.10405923084,26030.58006280602,62553.75724366568
2024-12-23,Wendys,Southwest,44292.16865323585,32366.23324724086,56218.10405923084,26030.58006280602,62553.75724366568
2024-12-30,Wendys,Southwest,44292.16865323585,32366.23324724086,56218.10405923084,26030.58006280602,62553.75724366568
2024-01-01,Wendys,West,34154.568731986685,26863.453147417313,41445.68431655606,22990.047993114837,45319.08947085853
2024-01-08,Wendys,West,34154.568731986685,26863.453147417313,41445.68431655606,22990.047993114837,45319.08947085853
2024-01-15,Wendys,West,34154.568731986685,26863.453147417313,41445.68431655606,22990.047993114837,45319.08947085853
2024-01-22,Wendys,West,34154.568731986685,26863.453147417313,41445.68431655606,22990.047993114837,45319.08947085853
2024-01-29,Wendys,West,34154.568731986685,26863.453147417313,41445.68431655606,22990.047993114837,45319.08947085853
2024-02-05,Wendys,West,34154.568731986685,26863.453147417313,41445.68431655606,22990.047993114837,45319.08947085853
2024-02-12,Wendys,West,34154.568731986685,26863.453147417313,41445.68431655606,22990.047993114837,45319.08947085853
2024-02-19,Wendys,West,34154.568731986685,26863.453147417313,41445.68431655606,22990.047993114837,45319.08947085853
2024-02-26,Wendys,West,34154.568731986685,26863.453147417313,41445.68431655606,22990.047993114837,45319.08947085853
2024-03-04,Wendys,West,34154.568731986685,26863.453147417313,41445.68431655606,22990.047993114837,45319.08947085853
2024-03-11,Wendys,West,34154.568731986685,26863.453147417313,41445.68431655606,22990.047993114837,45319.08947085853
2024-03-18,Wendys,West,34154.568731986685,26863.453147417313,41445.68431655606,22990.047993114837,45319.08947085853
2024-03-25,Wendys,West,34154.568731986685,26863.453147417313,41445.68431655606,22990.047993114837,45319.08947085853
2024-04-01,Wendys,West,34154.568731986685,26863.453147417313,41445.68431655606,22990.047993114837,45319.08947085853
2024-04-08,Wendys,West,34154.568731986685,26863.453147417313,41445.68431655606,22990.047993114837,45319.08947085853
2024-04-15,Wendys,West,34154.568731986685,26863.453147417313,41445.68431655606,22990.047993114837,45319.08947085853
2024-04-22,Wendys,West,34154.568731986685,26863.453147417313,41445.68431655606,22990.047993114837,45319.08947085853
2024-04-29,Wendys,West,34154.568731986685,26863.453147417313,41445.68431655606,22990.047993114837,45319.08947085853
2024-05-06,Wendys,West,34154.568731986685,26863.453147417313,41445.68431655606,22990.047993114837,45319.08947085853
2024-05-13,Wendys,West,34154.568731986685,26863.453147417313,41445.68431655606,22990.047993114837,45319.08947085853
2024-05-20,Wendys,West,34154.568731986685,26863.453147417313,41445.68431655606,22990.047993114837,45319.08947085853
2024-05-27,Wendys,West,34154.568731986685,26863.453147417313,41445.68431655606,22990.047993114837,45319.08947085853
2024-06-03,Wendys,West,34154.568731986685,26863.453147417313,41445.68431655606,22990.047993114837,45319.08947085853
2024-06-10,Wendys,West,34154.568731986685,26863.453147417313,41445.68431655606,22990.047993114837,45319.08947085853
2024-06-17,Wendys,West,34154.568731986685,26863.453147417313,41445.68431655606,22990.047993114837,45319.08947085853
2024-06-24,Wendys,West,34154.568731986685,26863.453147417313,41445.68431655606,22990.047993114837,45319.08947085853
2024-07-01,Wendys,West,34154.568731986685,26863.453147417313,41445.68431655606,22990.047993114837,45319.08947085853
2024-07-08,Wendys,West,34154.568731986685,26863.453147417313,41445.68431655606,22990.047993114837,45319.08947085853
2024-07-15,Wendys,West,34154.568731986685,26863.453147417313,41445.68431655606,22990.047993114837,45319.08947085853
2024-07-22,Wendys,West,34154.568731986685,26863.453147417313,41445.68431655606,22990.047993114837,45319.08947085853
2024-07-29,Wendys,West,34154.568731986685,26863.453147417313,41445.68431655606,22990.047993114837,45319.08947085853
2024-08-05,Wendys,West,34154.568731986685,26863.453147417313,41445.68431655606,22990.047993114837,45319.08947085853
2024-08-12,Wendys,West,34154.568731986685,26863.453147417313,41445.68431655606,22990.047993114837,45319.08947085853
2024-08-19,Wendys,West,34154.568731986685,26863.453147417313,41445.68431655606,22990.047993114837,45319.08947085853
2024-08-26,Wendys,West,34154.568731986685,26863.453147417313,41445.68431655606,22990.047993114837,45319.08947085853
2024-09-02,Wendys,West,34154.568731986685,26863.453147417313,41445.68431655606,22990.047993114837,45319.08947085853
2024-09-09,Wendys,West,34154.568731986685,26863.453147417313,41445.68431655606,22990.047993114837,45319.08947085853
2024-09-16,Wendys,West,34154.568731986685,26863.453147417313,41445.68431655606,22990.047993114837,45319.08947085853
2024-09-23,Wendys,West,34154.568731986685,26863.453147417313,41445.68431655606,22990.047993114837,45319.08947085853
2024-09-30,Wendys,West,34154.568731986685,26863.453147417313,41445.68431655606,22990.047993114837,45319.08947085853
2024-10-07,Wendys,West,34154.568731986685,26863.453147417313,41445.68431655606,22990.047993114837,45319.08947085853
2024-10-14,Wendys,West,34154.568731986685,26863.453147417313,41445.68431655606,22990.047993114837,45319.08947085853
2024-10-21,Wendys,West,34154.568731986685,26863.453147417313,41445.68431655606,22990.047993114837,45319.08947085853
2024-10-28,Wendys,West,34154.568731986685,26863.453147417313,41445.68431655606,22990.047993114837,45319.08947085853
2024-11-04,Wendys,West,34154.568731986685,26863.453147417313,41445.68431655606,22990.047993114837,45319.08947085853
2024-11-11,Wendys,West,34154.568731986685,26863.453147417313,41445.68431655606,22990.047993114837,45319.08947085853
2024-11-18,Wendys,West,34154.568731986685,26863.453147417313,41445.68431655606,22990.047993114837,45319.08947085853
2024-11-25,Wendys,West,34154.568731986685,26863.453147417313,41445.68431655606,22990.047993114837,45319.08947085853
2024-12-02,Wendys,West,34154.568731986685,26863.453147417313,41445.68431655606,22990.047993114837,45319.08947085853
2024-12-09,Wendys,West,34154.568731986685,26863.453147417313,41445.68431655606,22990.047993114837,45319.08947085853
2024-12-16,Wendys,West,34154.568731986685,26863.453147417313,41445.68431655606,22990.047993114837,45319.08947085853
2024-12-23,Wendys,West,34154.568731986685,26863.453147417313,41445.68431655606,22990.047993114837,45319.08947085853
2024-12-30,Wendys,West,34154.568731986685,26863.453147417313,41445.68431655606,22990.047993114837,45319.08947085853
