date,brand,region,revenue_pred,revenue_lower_80,revenue_upper_80,revenue_lower_95,revenue_upper_95
2024-01-01,BurgerKing,Midwest,24514.667640500687,16187.098936984581,32842.2363440168,11763.078063241648,37266.257217759725
2024-01-08,BurgerKing,Midwest,24514.66762047827,16187.098923072359,32842.236317884184,11763.078052575469,37266.257188381074
2024-01-15,BurgerKing,Midwest,24514.667566973883,16187.098842985632,32842.23629096214,11763.077958366872,37266.2571755809
2024-01-22,BurgerKing,Midwest,24514.667542002477,16187.098831252744,32842.236252752205,11763.077953666949,37266.257130338
2024-01-29,BurgerKing,Midwest,24514.66758764784,16187.098885983343,32842.236289312335,11763.07801322408,37266.257162071604
2024-02-05,BurgerKing,Midwest,24514.66759833628,16187.098900771765,32842.236295900795,11763.078030190618,37266.25716648194
2024-02-12,BurgerKing,Midwest,24514.667602674566,16187.098901085894,32842.236304263235,11763.078028366912,37266.257176982224
2024-02-19,BurgerKing,Midwest,24514.66766734647,16187.098966180572,32842.23636851237,11763.07809368619,37266.25724100675
2024-02-26,BurgerKing,Midwest,24514.667634305006,16187.098938377494,32842.23633023252,11763.078068666004,37266.25719994401
2024-03-04,BurgerKing,Midwest,24514.667594386912,16187.098894930565,32842.23629384326,11763.07802334438,37266.257165429444
2024-03-11,BurgerKing,Midwest,24514.667595712657,16187.098891305119,32842.236300120196,11763.078017088616,37266.2571743367
2024-03-18,BurgerKing,Midwest,24514.667641579534,16187.098946229922,32842.23633692914,11763.078076825443,37266.25720633363
2024-03-25,BurgerKing,Midwest,24514.667590976056,16187.098887258353,32842.23629469376,11763.078013408325,37266.25716854379
2024-04-01,BurgerKing,Midwest,24514.667629265234,16187.098932237217,32842.23632629325,11763.078061941083,37266.25719658939
2024-04-08,BurgerKing,Midwest,24514.667567707635,16187.098861790302,32842.23627362496,11763.07798677172,37266.25714864355
2024-04-15,BurgerKing,Midwest,24514.667619944903,16187.098919970622,32842.23631991918,11763.078048109284,37266.25719178052
2024-04-22,BurgerKing,Midwest,24514.667604351464,16187.098904284083,32842.236304418846,11763.078032373287,37266.257176329644
2024-04-29,BurgerKing,Midwest,24514.667553824635,16187.098865381837,32842.236242267434,11763.0779996466,37266.25710800267
2024-05-06,BurgerKing,Midwest,24514.66758642546,16187.098888554912,32842.236284296014,11763.078017811182,37266.25715503974
2024-05-13,BurgerKing,Midwest,24514.667562792823,16187.098855770813,32842.236269814835,11763.07798016537,37266.25714542028
2024-05-20,BurgerKing,Midwest,24514.667552966115,16187.098850428467,32842.23625550376,11763.077977205343,37266.25712872689
2024-05-27,BurgerKing,Midwest,24514.66752438911,16187.098822630494,32842.236226147725,11763.07794982123,37266.257098956994
2024-06-03,BurgerKing,Midwest,24514.667520887077,16187.098807303202,32842.236234470955,11763.07792821177,37266.25711356239
2024-06-10,BurgerKing,Midwest,24514.667518478458,16187.098808169903,32842.23622878701,11763.077930818485,37266.25710613843
2024-06-17,BurgerKing,Midwest,24514.667565568394,16187.098850921835,32842.23628021495,11763.077971265851,37266.25715987093
2024-06-24,BurgerKing,Midwest,24514.66754323169,16187.09883280914,32842.23625365424,11763.07795539716,37266.257131066224
2024-07-01,BurgerKing,Midwest,24514.667559783422,16187.098858002928,32842.236261563914,11763.077985182043,37266.2571343848
2024-07-08,BurgerKing,Midwest,24514.667550919454,16187.098837599722,32842.23626423918,11763.077958648613,37266.25714319029
2024-07-15,BurgerKing,Midwest,24514.667497526847,16187.098780752844,32842.23621430085,11763.077899966655,37266.25709508704
2024-07-22,BurgerKing,Midwest,24514.667606430306,16187.098902843365,32842.23631001725,11763.078029062803,37266.25718379781
2024-07-29,BurgerKing,Midwest,24514.667570146623,16187.098864492225,32842.23627580102,11763.077989613326,37266.25715067992
2024-08-05,BurgerKing,Midwest,24514.667536090805,16187.098821011588,32842.23625117002,11763.077941125755,37266.257131055856
2024-08-12,BurgerKing,Midwest,24514.66746511912,16187.098735481199,32842.236194757046,11763.077847861054,37266.25708237719
2024-08-19,BurgerKing,Midwest,24514.667461662786,16187.098712374867,32842.23621095071,11763.07781431566,37266.25710900991
2024-08-26,BurgerKing,Midwest,24514.667434641477,16187.098686615507,32842.236182667446,11763.077789226712,37266.25708005624
2024-09-02,BurgerKing,Midwest,24514.667593801325,16187.09887974656,32842.23630785609,11763.078000404967,37266.25718719768
2024-09-09,BurgerKing,Midwest,24514.667575745483,16187.098866988135,32842.23628450283,11763.077990460793,37266.257161030175
2024-09-16,BurgerKing,Midwest,24514.66759735227,16187.098886269285,32842.236308435255,11763.078008506449,37266.25718619809
2024-09-23,BurgerKing,Midwest,24514.667500857577,16187.09877196355,32842.2362297516,11763.0778847386,37266.25711697656
2024-09-30,BurgerKing,Midwest,24514.66755523491,16187.098847405709,32842.236263064115,11763.077971371446,37266.25713909838
2024-10-07,BurgerKing,Midwest,24514.667593388793,16187.098893822003,32842.23629295558,11763.078022177147,37266.257164600436
2024-10-14,BurgerKing,Midwest,24514.667647663835,16187.098952204416,32842.23634312325,11763.0780827416,37266.25721258607
2024-10-21,BurgerKing,Midwest,24514.667599190416,16187.098889129853,32842.23630925098,11763.078011910178,37266.257186470655
2024-10-28,BurgerKing,Midwest,24514.667568570334,16187.098867205837,32842.23626993483,11763.077994605948,37266.25714253472
2024-11-04,BurgerKing,Midwest,24514.66754701973,16187.098830263589,32842.23626377587,11763.077949486888,37266.25714455257
2024-11-11,BurgerKing,Midwest,24514.66760824065,16187.098905253752,32842.23631122755,11763.078031791965,37266.25718468933
2024-11-18,BurgerKing,Midwest,24514.66758760152,16187.098886006605,32842.23628919644,11763.078013284307,37266.25716191874
2024-11-25,BurgerKing,Midwest,24514.667574818774,16187.098869952542,32842.23627968501,11763.077995492358,37266.25715414519
2024-12-02,BurgerKing,Midwest,24514.667640817537,16187.098937957666,32842.23634367741,11763.078064563359,37266.25721707172
2024-12-09,BurgerKing,Midwest,24514.667591476536,16187.098873688929,32842.236309264146,11763.077992364262,37266.25719058881
2024-12-16,BurgerKing,Midwest,24514.667622696023,16187.0989147236,32842.23633066844,11763.07803861325,37266.2572067788
2024-12-23,BurgerKing,Midwest,24514.667513805387,16187.098790316437,32842.23623729434,11763.077905962931,37266.25712164784
2024-12-30,BurgerKing,Midwest,24514.667563204144,16187.098853967684,32842.236272440605,11763.077977185814,37266.257149222474
2024-01-01,BurgerKing,Northeast,17453.243162258714,9810.008296770675,25096.47802774675,5749.539774480154,29156.946550037275
2024-01-08,BurgerKing,Northeast,17453.243162258714,9810.008296770675,25096.47802774675,5749.539774480154,29156.946550037275
2024-01-15,BurgerKing,Northeast,17453.243162258714,9810.008296770675,25096.47802774675,5749.539774480154,29156.946550037275
2024-01-22,BurgerKing,Northeast,17453.243162258714,9810.008296770675,25096.47802774675,5749.539774480154,29156.946550037275
2024-01-29,BurgerKing,Northeast,17453.243162258714,9810.008296770675,25096.47802774675,5749.539774480154,29156.946550037275
2024-02-05,BurgerKing,Northeast,17453.243162258714,9810.008296770675,25096.47802774675,5749.539774480154,29156.946550037275
2024-02-12,BurgerKing,Northeast,17453.243162258714,9810.008296770675,25096.47802774675,5749.539774480154,29156.946550037275
2024-02-19,BurgerKing,Northeast,17453.243162258714,9810.008296770675,25096.47802774675,5749.539774480154,29156.946550037275
2024-02-26,BurgerKing,Northeast,17453.243162258714,9810.008296770675,25096.47802774675,5749.539774480154,29156.946550037275
2024-03-04,BurgerKing,Northeast,17453.243162258714,9810.008296770675,25096.47802774675,5749.539774480154,29156.946550037275
2024-03-11,BurgerKing,Northeast,17453.243162258714,9810.008296770675,25096.47802774675,5749.539774480154,29156.946550037275
2024-03-18,BurgerKing,Northeast,17453.243162258714,9810.008296770675,25096.47802774675,5749.539774480154,29156.946550037275
2024-03-25,BurgerKing,Northeast,17453.243162258714,9810.008296770675,25096.47802774675,5749.539774480154,29156.946550037275
2024-04-01,BurgerKing,Northeast,17453.243162258714,9810.008296770675,25096.47802774675,5749.539774480154,29156.946550037275
2024-04-08,BurgerKing,Northeast,17453.243162258714,9810.008296770675,25096.47802774675,5749.539774480154,29156.946550037275
2024-04-15,BurgerKing,Northeast,17453.243162258714,9810.008296770675,25096.47802774675,5749.539774480154,29156.946550037275
2024-04-22,BurgerKing,Northeast,17453.243162258714,9810.008296770675,25096.47802774675,5749.539774480154,29156.946550037275
2024-04-29,BurgerKing,Northeast,17453.243162258714,9810.008296770675,25096.47802774675,5749.539774480154,29156.946550037275
2024-05-06,BurgerKing,Northeast,17453.243162258714,9810.008296770675,25096.47802774675,5749.539774480154,29156.946550037275
2024-05-13,BurgerKing,Northeast,17453.243162258714,9810.008296770675,25096.47802774675,5749.539774480154,29156.946550037275
2024-05-20,BurgerKing,Northeast,17453.243162258714,9810.008296770675,25096.47802774675,5749.539774480154,29156.946550037275
2024-05-27,BurgerKing,Northeast,17453.243162258714,9810.008296770675,25096.47802774675,5749.539774480154,29156.946550037275
2024-06-03,BurgerKing,Northeast,17453.243162258714,9810.008296770675,25096.47802774675,5749.539774480154,29156.946550037275
2024-06-10,BurgerKing,Northeast,17453.243162258714,9810.008296770675,25096.47802774675,5749.539774480154,29156.946550037275
2024-06-17,BurgerKing,Northeast,17453.243162258714,9810.008296770675,25096.47802774675,5749.539774480154,29156.946550037275
2024-06-24,BurgerKing,Northeast,17453.243162258714,9810.008296770675,25096.47802774675,5749.539774480154,29156.946550037275
2024-07-01,BurgerKing,Northeast,17453.243162258714,9810.008296770675,25096.47802774675,5749.539774480154,29156.946550037275
2024-07-08,BurgerKing,Northeast,17453.243162258714,9810.008296770675,25096.47802774675,5749.539774480154,29156.946550037275
2024-07-15,BurgerKing,Northeast,17453.243162258714,9810.008296770675,25096.47802774675,5749.539774480154,29156.946550037275
2024-07-22,BurgerKing,Northeast,17453.243162258714,9810.008296770675,25096.47802774675,5749.539774480154,29156.946550037275
2024-07-29,BurgerKing,Northeast,17453.243162258714,9810.008296770675,25096.47802774675,5749.539774480154,29156.946550037275
2024-08-05,BurgerKing,Northeast,17453.243162258714,9810.008296770675,25096.47802774675,5749.539774480154,29156.946550037275
2024-08-12,BurgerKing,Northeast,17453.243162258714,9810.008296770675,25096.47802774675,5749.539774480154,29156.946550037275
2024-08-19,BurgerKing,Northeast,17453.243162258714,9810.008296770675,25096.47802774675,5749.539774480154,29156.946550037275
2024-08-26,BurgerKing,Northeast,17453.243162258714,9810.008296770675,25096.47802774675,5749.539774480154,29156.946550037275
2024-09-02,BurgerKing,Northeast,17453.243162258714,9810.008296770675,25096.47802774675,5749.539774480154,29156.946550037275
2024-09-09,BurgerKing,Northeast,17453.243162258714,9810.008296770675,25096.47802774675,5749.539774480154,29156.946550037275
2024-09-16,BurgerKing,Northeast,17453.243162258714,9810.008296770675,25096.47802774675,5749.539774480154,29156.946550037275
2024-09-23,BurgerKing,Northeast,17453.243162258714,9810.008296770675,25096.47802774675,5749.539774480154,29156.946550037275
2024-09-30,BurgerKing,Northeast,17453.243162258714,9810.008296770675,25096.47802774675,5749.539774480154,29156.946550037275
2024-10-07,BurgerKing,Northeast,17453.243162258714,9810.008296770675,25096.47802774675,5749.539774480154,29156.946550037275
2024-10-14,BurgerKing,Northeast,17453.243162258714,9810.008296770675,25096.47802774675,5749.539774480154,29156.946550037275
2024-10-21,BurgerKing,Northeast,17453.243162258714,9810.008296770675,25096.47802774675,5749.539774480154,29156.946550037275
2024-10-28,BurgerKing,Northeast,17453.243162258714,9810.008296770675,25096.47802774675,5749.539774480154,29156.946550037275
2024-11-04,BurgerKing,Northeast,17453.243162258714,9810.008296770675,25096.47802774675,5749.539774480154,29156.946550037275
2024-11-11,BurgerKing,Northeast,17453.243162258714,9810.008296770675,25096.47802774675,5749.539774480154,29156.946550037275
2024-11-18,BurgerKing,Northeast,17453.243162258714,9810.008296770675,25096.47802774675,5749.539774480154,29156.946550037275
2024-11-25,BurgerKing,Northeast,17453.243162258714,9810.008296770675,25096.47802774675,5749.539774480154,29156.946550037275
2024-12-02,BurgerKing,Northeast,17453.243162258714,9810.008296770675,25096.47802774675,5749.539774480154,29156.946550037275
2024-12-09,BurgerKing,Northeast,17453.243162258714,9810.008296770675,25096.47802774675,5749.539774480154,29156.946550037275
2024-12-16,BurgerKing,Northeast,17453.243162258714,9810.008296770675,25096.47802774675,5749.539774480154,29156.946550037275
2024-12-23,BurgerKing,Northeast,17453.243162258714,9810.008296770675,25096.47802774675,5749.539774480154,29156.946550037275
2024-12-30,BurgerKing,Northeast,17453.243162258714,9810.008296770675,25096.47802774675,5749.539774480154,29156.946550037275
2024-01-01,BurgerKing,South,84792.3646214694,67838.80290964112,101745.92633329768,58832.22325023235,110752.50599270646
2024-01-08,BurgerKing,South,84792.36461430206,67838.80290137319,101745.92632723093,58832.22324137973,110752.50598722439
2024-01-15,BurgerKing,South,84792.36462215616,67838.80291483652,101745.92632947581,58832.223257822945,110752.50598648938
2024-01-22,BurgerKing,South,84792.36461613211,67838.80290513021,101745.926327134,58832.22324616046,110752.50598610376
2024-01-29,BurgerKing,South,84792.36461641744,67838.80291212685,101745.92632070804,58832.22325672248,110752.50597611241
2024-02-05,BurgerKing,South,84792.36461307021,67838.8029006355,101745.92632550492,58832.22324090457,110752.50598523585
2024-02-12,BurgerKing,South,84792.36461799945,67838.80291440131,101745.9263215976,58832.223259364786,110752.50597663413
2024-02-19,BurgerKing,South,84792.36462696802,67838.80290742528,101745.92634651075,58832.2232439182,110752.50601001784
2024-02-26,BurgerKing,South,84792.3646209722,67838.80290200748,101745.92633993694,58832.22323880748,110752.50600313694
2024-03-04,BurgerKing,South,84792.36460483901,67838.80289681077,101745.92631286725,58832.22323942077,110752.50597025725
2024-03-11,BurgerKing,South,84792.36462190699,67838.8029023761,101745.92634143788,58832.22323887532,110752.50600493867
2024-03-18,BurgerKing,South,84792.36462568246,67838.80292055785,101745.92633080707,58832.2232647104,110752.50598665452
2024-03-25,BurgerKing,South,84792.36460766231,67838.8029009602,101745.92631436442,58832.223244274704,110752.50597104992
2024-04-01,BurgerKing,South,84792.36461713623,67838.80289644153,101745.92633783094,58832.22323232246,110752.50600195001
2024-04-08,BurgerKing,South,84792.36461520004,67838.80291279184,101745.92631760825,58832.22325838749,110752.5059720126
2024-04-15,BurgerKing,South,84792.3646217012,67838.8029036503,101745.9263397521,58832.22324093576,110752.50600246663
2024-04-22,BurgerKing,South,84792.36460976441,67838.80289758091,101745.9263219479,58832.22323798343,110752.50598154539
2024-04-29,BurgerKing,South,84792.36461967786,67838.8029012037,101745.92633815201,58832.2232382643,110752.50600109142
2024-05-06,BurgerKing,South,84792.36460704617,67838.80289951104,101745.9263145813,58832.223242382985,110752.50597170935
2024-05-13,BurgerKing,South,84792.36462114974,67838.80291159777,101745.92633070171,58832.223253398275,110752.5059889012
2024-05-20,BurgerKing,South,84792.36461058666,67838.80289520428,101745.92632596905,58832.22323390738,110752.50598726595
2024-05-27,BurgerKing,South,84792.36460837469,67838.80290132473,101745.92631542464,58832.223244454435,110752.50597229494
2024-06-03,BurgerKing,South,84792.36461864496,67838.80290646249,101745.92633082744,58832.22324686556,110752.50599042437
2024-06-10,BurgerKing,South,84792.36461193676,67838.80289388156,101745.92632999197,58832.22323116473,110752.50599270879
2024-06-17,BurgerKing,South,84792.36460994059,67838.80289187178,101745.9263280094,58832.22322914771,110752.50599073347
2024-06-24,BurgerKing,South,84792.36460533382,67838.80288691632,101745.92632375131,58832.223224007044,110752.50598666059
2024-07-01,BurgerKing,South,84792.36461224669,67838.80289426219,101745.92633023119,58832.22323158293,110752.50599291045
2024-07-08,BurgerKing,South,84792.3646097197,67838.80289197873,101745.92632746068,58832.223229428826,110752.50599001058
2024-07-15,BurgerKing,South,84792.36461708948,67838.80290025784,101745.92633392112,58832.22323819104,110752.50599598791
2024-07-22,BurgerKing,South,84792.3646116732,67838.80289684533,101745.92632650107,58832.22323584302,110752.50598750338
2024-07-29,BurgerKing,South,84792.36461207244,67838.80289437887,101745.92632976602,58832.22323185416,110752.50599229074
2024-08-05,BurgerKing,South,84792.36461038249,67838.80289246407,101745.9263283009,58832.2232298199,110752.50599094506
2024-08-12,BurgerKing,South,84792.36462597719,67838.80290720248,101745.9263447519,58832.223244103414,110752.50600785097
2024-08-19,BurgerKing,South,84792.36460630872,67838.80288722272,101745.92632539473,58832.22322395828,110752.50598865916
2024-08-26,BurgerKing,South,84792.36460666775,67838.80289497263,101745.92631836286,58832.22323563459,110752.5059777009
2024-09-02,BurgerKing,South,84792.36462128701,67838.80291290625,101745.92632966777,58832.22325532897,110752.50598724504
2024-09-09,BurgerKing,South,84792.36460935512,67838.8028945309,101745.92632417934,58832.22323353055,110752.50598517968
2024-09-16,BurgerKing,South,84792.36462276177,67838.8029037767,101745.92634174685,58832.22324056587,110752.50600495767
2024-09-23,BurgerKing,South,84792.36461159484,67838.80289226788,101745.9263309218,58832.223228875446,110752.50599431423
2024-09-30,BurgerKing,South,84792.36461647213,67838.80289765811,101745.92633528615,58832.22323453817,110752.5059984061
2024-10-07,BurgerKing,South,84792.36460260284,67838.80289539443,101745.92630981126,58832.22323843996,110752.50596676572
2024-10-14,BurgerKing,South,84792.36461862293,67838.80290197408,101745.92633527178,58832.22324000438,110752.50599724147
2024-10-21,BurgerKing,South,84792.3646133319,67838.80289500732,101745.92633165648,58832.223232147386,110752.50599451641
2024-10-28,BurgerKing,South,84792.36461706118,67838.80290374407,101745.92633037828,58832.22324354436,110752.50599057799
2024-11-04,BurgerKing,South,84792.36459872508,67838.80289420336,101745.9263032468,58832.22323867619,110752.50595877397
2024-11-11,BurgerKing,South,84792.36462190512,67838.8029097242,101745.92633408603,58832.22325012809,110752.50599368213
2024-11-18,BurgerKing,South,84792.36460442422,67838.80289494972,101745.92631389872,58832.2232367914,110752.50597205704
2024-11-25,BurgerKing,South,84792.36461900087,67838.80290614,101745.92633186174,58832.223246182664,110752.50599181908
2024-12-02,BurgerKing,South,84792.36461931796,67838.80290948851,101745.9263291474,58832.22325114162,110752.5059874943
2024-12-09,BurgerKing,South,84792.36462468728,67838.8029048841,101745.92634449046,58832.22324123865,110752.50600813591
2024-12-16,BurgerKing,South,84792.36460000917,67838.802892407,101745.92630761134,58832.22323524335,110752.50596477499
2024-12-23,BurgerKing,South,84792.36462859329,67838.8029076453,101745.92634954129,58832.223243391665,110752.50601379492
2024-12-30,BurgerKing,South,84792.36461905797,67838.80290736369,101745.92633075226,58832.22324802611,110752.50599008985
2024-01-01,BurgerKing,Southwest,73432.45183895928,56112.26424082429,90752.63943709427,46910.91457931507,99953.9890986035
2024-01-08,BurgerKing,Southwest,73432.45183895928,56112.26424082429,90752.63943709427,46910.91457931507,99953.9890986035
2024-01-15,BurgerKing,Southwest,73432.45183895928,56112.26424082429,90752.63943709427,46910.91457931507,99953.9890986035
2024-01-22,BurgerKing,Southwest,73432.45183895928,56112.26424082429,90752.63943709427,46910.91457931507,99953.9890986035
2024-01-29,BurgerKing,Southwest,73432.45183895928,56112.26424082429,90752.63943709427,46910.91457931507,99953.9890986035
2024-02-05,BurgerKing,Southwest,73432.45183895928,56112.26424082429,90752.63943709427,46910.91457931507,99953.9890986035
2024-02-12,BurgerKing,Southwest,73432.45183895928,56112.26424082429,90752.63943709427,46910.91457931507,99953.9890986035
2024-02-19,BurgerKing,Southwest,73432.45183895928,56112.26424082429,90752.63943709427,46910.91457931507,99953.9890986035
2024-02-26,BurgerKing,Southwest,73432.45183895928,56112.26424082429,90752.63943709427,46910.91457931507,99953.9890986035
2024-03-04,BurgerKing,Southwest,73432.45183895928,56112.26424082429,90752.63943709427,46910.91457931507,99953.9890986035
2024-03-11,BurgerKing,Southwest,73432.45183895928,56112.26424082429,90752.63943709427,46910.91457931507,99953.9890986035
2024-03-18,BurgerKing,Southwest,73432.45183895928,56112.26424082429,90752.63943709427,46910.91457931507,99953.9890986035
2024-03-25,BurgerKing,Southwest,73432.45183895928,56112.26424082429,90752.63943709427,46910.91457931507,99953.9890986035
2024-04-01,BurgerKing,Southwest,73432.45183895928,56112.26424082429,90752.63943709427,46910.91457931507,99953.9890986035
2024-04-08,BurgerKing,Southwest,73432.45183895928,56112.26424082429,90752.63943709427,46910.91457931507,99953.9890986035
2024-04-15,BurgerKing,Southwest,73432.45183895928,56112.26424082429,90752.63943709427,46910.91457931507,99953.9890986035
2024-04-22,BurgerKing,Southwest,73432.45183895928,56112.26424082429,90752.63943709427,46910.91457931507,99953.9890986035
2024-04-29,BurgerKing,Southwest,73432.45183895928,56112.26424082429,90752.63943709427,46910.91457931507,99953.9890986035
2024-05-06,BurgerKing,Southwest,73432.45183895928,56112.26424082429,90752.63943709427,46910.91457931507,99953.9890986035
2024-05-13,BurgerKing,Southwest,73432.45183895928,56112.26424082429,90752.63943709427,46910.91457931507,99953.9890986035
2024-05-20,BurgerKing,Southwest,73432.45183895928,56112.26424082429,90752.63943709427,46910.91457931507,99953.9890986035
2024-05-27,BurgerKing,Southwest,73432.45183895928,56112.26424082429,90752.63943709427,46910.91457931507,99953.9890986035
2024-06-03,BurgerKing,Southwest,73432.45183895928,56112.26424082429,90752.63943709427,46910.91457931507,99953.9890986035
2024-06-10,BurgerKing,Southwest,73432.45183895928,56112.26424082429,90752.63943709427,46910.91457931507,99953.9890986035
2024-06-17,BurgerKing,Southwest,73432.45183895928,56112.26424082429,90752.63943709427,46910.91457931507,99953.9890986035
2024-06-24,BurgerKing,Southwest,73432.45183895928,56112.26424082429,90752.63943709427,46910.91457931507,99953.9890986035
2024-07-01,BurgerKing,Southwest,73432.45183895928,56112.26424082429,90752.63943709427,46910.91457931507,99953.9890986035
2024-07-08,BurgerKing,Southwest,73432.45183895928,56112.26424082429,90752.63943709427,46910.91457931507,99953.9890986035
2024-07-15,BurgerKing,Southwest,73432.45183895928,56112.26424082429,90752.63943709427,46910.91457931507,99953.9890986035
2024-07-22,BurgerKing,Southwest,73432.45183895928,56112.26424082429,90752.63943709427,46910.91457931507,99953.9890986035
2024-07-29,BurgerKing,Southwest,73432.45183895928,56112.26424082429,90752.63943709427,46910.91457931507,99953.9890986035
2024-08-05,BurgerKing,Southwest,73432.45183895928,56112.26424082429,90752.63943709427,46910.91457931507,99953.9890986035
2024-08-12,BurgerKing,Southwest,73432.45183895928,56112.26424082429,90752.63943709427,46910.91457931507,99953.9890986035
2024-08-19,BurgerKing,Southwest,73432.45183895928,56112.26424082429,90752.63943709427,46910.91457931507,99953.9890986035
2024-08-26,BurgerKing,Southwest,73432.45183895928,56112.26424082429,90752.63943709427,46910.91457931507,99953.9890986035
2024-09-02,BurgerKing,Southwest,73432.45183895928,56112.26424082429,90752.63943709427,46910.91457931507,99953.9890986035
2024-09-09,BurgerKing,Southwest,73432.45183895928,56112.26424082429,90752.63943709427,46910.91457931507,99953.9890986035
2024-09-16,BurgerKing,Southwest,73432.45183895928,56112.26424082429,90752.63943709427,46910.91457931507,99953.9890986035
2024-09-23,BurgerKing,Southwest,73432.45183895928,56112.26424082429,90752.63943709427,46910.91457931507,99953.9890986035
2024-09-30,BurgerKing,Southwest,73432.45183895928,56112.26424082429,90752.63943709427,46910.91457931507,99953.9890986035
2024-10-07,BurgerKing,Southwest,73432.45183895928,56112.26424082429,90752.63943709427,46910.91457931507,99953.9890986035
2024-10-14,BurgerKing,Southwest,73432.45183895928,56112.26424082429,90752.63943709427,46910.91457931507,99953.9890986035
2024-10-21,BurgerKing,Southwest,73432.45183895928,56112.26424082429,90752.63943709427,46910.91457931507,99953.9890986035
2024-10-28,BurgerKing,Southwest,73432.45183895928,56112.26424082429,90752.63943709427,46910.91457931507,99953.9890986035
2024-11-04,BurgerKing,Southwest,73432.45183895928,56112.26424082429,90752.63943709427,46910.91457931507,99953.9890986035
2024-11-11,BurgerKing,Southwest,73432.45183895928,56112.26424082429,90752.63943709427,46910.91457931507,99953.9890986035
2024-11-18,BurgerKing,Southwest,73432.45183895928,56112.26424082429,90752.63943709427,46910.91457931507,99953.9890986035
2024-11-25,BurgerKing,Southwest,73432.45183895928,56112.26424082429,90752.63943709427,46910.91457931507,99953.9890986035
2024-12-02,BurgerKing,Southwest,73432.45183895928,56112.26424082429,90752.63943709427,46910.91457931507,99953.9890986035
2024-12-09,BurgerKing,Southwest,73432.45183895928,56112.26424082429,90752.63943709427,46910.91457931507,99953.9890986035
2024-12-16,BurgerKing,Southwest,73432.45183895928,56112.26424082429,90752.63943709427,46910.91457931507,99953.9890986035
2024-12-23,BurgerKing,Southwest,73432.45183895928,56112.26424082429,90752.63943709427,46910.91457931507,99953.9890986035
2024-12-30,BurgerKing,Southwest,73432.45183895928,56112.26424082429,90752.63943709427,46910.91457931507,99953.9890986035
2024-01-01,BurgerKing,West,97772.97816773114,69849.7497430294,125696.20659243288,55015.5346424066,140530.4216930557
2024-01-08,BurgerKing,West,97772.97816355429,69849.74973535883,125696.20659174975,55015.534632879986,140530.4216942286
2024-01-15,BurgerKing,West,97772.97817019167,69849.74974455379,125696.20659582954,55015.534643433675,140530.42169694966
2024-01-22,BurgerKing,West,97772.97816948804,69849.7497439408,125696.20659503527,55015.53464286885,140530.42169610722
2024-01-29,BurgerKing,West,97772.97817173561,69849.74974874427,125696.20659472694,55015.534649030145,140530.42169444106
2024-02-05,BurgerKing,West,97772.97817744671,69849.74975294352,125696.2066019499,55015.5346524262,140530.42170246723
2024-02-12,BurgerKing,West,97772.9781776137,69849.7497565999,125696.2065986275,55015.53465793632,140530.42169729108
2024-02-19,BurgerKing,West,97772.97817101469,69849.74974342788,125696.20659860151,55015.53464127239,140530.421700757
2024-02-26,BurgerKing,West,97772.97816662012,69849.74974283697,125696.20659040326,55015.53464270217,140530.42169053806
2024-03-04,BurgerKing,West,97772.9781666307,69849.74974178885,125696.20659147254,55015.53464109162,140530.42169216977
2024-03-11,BurgerKing,West,97772.97816837269,69849.74974558101,125696.20659116437,55015.53464597294,140530.42169077243
2024-03-18,BurgerKing,West,97772.97817352916,69849.74975034987,125696.20659670845,55015.53465053589,140530.42169652245
2024-03-25,BurgerKing,West,97772.97816980077,69849.74974537481,125696.20659422674,55015.534644898515,140530.42169470302
2024-04-01,BurgerKing,West,97772.97817192865,69849.74974898376,125696.20659487355,55015.534649294284,140530.42169456303
2024-04-08,BurgerKing,West,97772.9781719018,69849.74974824532,125696.2065955583,55015.534648177796,140530.42169562582
2024-04-15,BurgerKing,West,97772.97817335896,69849.74975079439,125696.20659592353,55015.53465130696,140530.42169541097
2024-04-22,BurgerKing,West,97772.97817354459,69849.74975148817,125696.206595601,55015.5346522707,140530.42169481848
2024-04-29,BurgerKing,West,97772.97817236703,69849.74975011424,125696.20659461983,55015.53465079245,140530.4216939416
2024-05-06,BurgerKing,West,97772.97817562163,69849.74975551288,125696.20659573037,55015.53465733011,140530.42169391314
2024-05-13,BurgerKing,West,97772.9781793175,69849.7497593035,125696.20659933152,55015.53466117105,140530.42169746396
2024-05-20,BurgerKing,West,97772.9781691752,69849.74974085229,125696.20659749811,55015.53463830574,140530.42170004465
2024-05-27,BurgerKing,West,97772.97817262574,69849.74975001885,125696.20659523262,55015.534650508926,140530.42169474254
2024-06-03,BurgerKing,West,97772.97816490704,69849.74973454786,125696.20659526621,55015.53463091955,140530.42169889453
2024-06-10,BurgerKing,West,97772.97816523668,69849.74973965186,125696.2065908215,55015.53463855993,140530.42169191342
2024-06-17,BurgerKing,West,97772.97817712266,69849.7497554007,125696.20659884461,55015.53465636093,140530.4216978844
2024-06-24,BurgerKing,West,97772.97817611671,69849.7497564087,125696.20659582473,55015.53465843881,140530.4216937946
2024-07-01,BurgerKing,West,97772.97817529547,69849.7497507176,125696.20659987335,55015.53465016062,140530.42170043034
2024-07-08,BurgerKing,West,97772.97817027272,69849.749747569,125696.20659297644,55015.53464800765,140530.42169253778
2024-07-15,BurgerKing,West,97772.97816572236,69849.74973854498,125696.20659289975,55015.53463660699,140530.42169483774
2024-07-22,BurgerKing,West,97772.97816795633,69849.74974599763,125696.20658991503,55015.53464683208,140530.4216890806
2024-07-29,BurgerKing,West,97772.97817330115,69849.74975107348,125696.20659552881,55015.534651765054,140530.42169483725
2024-08-05,BurgerKing,West,97772.97816708787,69849.74974045153,125696.20659372422,55015.53463880098,140530.42169537477
2024-08-12,BurgerKing,West,97772.9781726432,69849.74974952365,125696.20659576275,55015.534649741385,140530.42169554502
2024-08-19,BurgerKing,West,97772.97816910499,69849.7497447597,125696.20659345028,55015.53464432625,140530.42169388372
2024-08-26,BurgerKing,West,97772.97817017301,69849.74974723849,125696.20659310753,55015.53464755452,140530.4216927915
2024-09-02,BurgerKing,West,97772.9781709119,69849.74974582209,125696.2065960017,55015.534644993124,140530.42169683066
2024-09-09,BurgerKing,West,97772.97816929583,69849.74974696604,125696.20659162563,55015.534647603345,140530.42169098833
2024-09-16,BurgerKing,West,97772.97817326842,69849.74974959332,125696.20659694352,55015.534649515925,140530.4216970209
2024-09-23,BurgerKing,West,97772.97816908354,69849.7497436387,125696.20659452837,55015.53464262115,140530.42169554593
2024-09-30,BurgerKing,West,97772.9781698749,69849.74974615907,125696.20659359073,55015.534646060034,140530.42169368977
2024-10-07,BurgerKing,West,97772.97817265995,69849.7497515321,125696.20659378779,55015.534652807946,140530.42169251194
2024-10-14,BurgerKing,West,97772.97817007,69849.74974575167,125696.20659438832,55015.534645332555,140530.42169480745
2024-10-21,BurgerKing,West,97772.97817206384,69849.749749372,125696.20659475568,55015.53464981697,140530.42169431073
2024-10-28,BurgerKing,West,97772.97817178558,69849.74974803407,125696.20659553709,55015.53464791608,140530.4216956551
2024-11-04,BurgerKing,West,97772.97816956727,69849.74974650136,125696.20659263319,55015.5346467476,140530.42169238694
2024-11-11,BurgerKing,West,97772.97817025303,69849.7497451103,125696.20659539576,55015.53464425323,140530.42169625283
2024-11-18,BurgerKing,West,97772.97817015296,69849.74974723191,125696.206593074,55015.534647555105,140530.42169275082
2024-11-25,BurgerKing,West,97772.97816500971,69849.74973596621,125696.20659405322,55015.53463303684,140530.42169698258
2024-12-02,BurgerKing,West,97772.97816718426,69849.7497423933,125696.20659197523,55015.5346417231,140530.42169264544
2024-12-09,BurgerKing,West,97772.97817257278,69849.74974920187,125696.20659594369,55015.534649286084,140530.42169585946
2024-12-16,BurgerKing,West,97772.97817303175,69849.74975141621,125696.20659464729,55015.534652432965,140530.42169363052
2024-12-23,BurgerKing,West,97772.97817152303,69849.7497432208,125696.20659982527,55015.534640685255,140530.42170236082
2024-12-30,BurgerKing,West,97772.97816561733,69849.74974065238,125696.20659058228,55015.53463988974,140530.42169134493
2024-01-01,Dominos,Midwest,22544.30237444857,14328.938909666527,30759.665839230613,9964.527069001068,35124.07767989607
2024-01-08,Dominos,Midwest,22544.30237444857,14328.938909666527,30759.665839230613,9964.527069001068,35124.07767989607
2024-01-15,Dominos,Midwest,22544.30237444857,14328.938909666527,30759.665839230613,9964.527069001068,35124.07767989607
2024-01-22,Dominos,Midwest,22544.30237444857,14328.938909666527,30759.665839230613,9964.527069001068,35124.07767989607
2024-01-29,Dominos,Midwest,22544.30237444857,14328.938909666527,30759.665839230613,9964.527069001068,35124.07767989607
2024-02-05,Dominos,Midwest,22544.30237444857,14328.938909666527,30759.665839230613,9964.527069001068,35124.07767989607
2024-02-12,Dominos,Midwest,22544.30237444857,14328.938909666527,30759.665839230613,9964.527069001068,35124.07767989607
2024-02-19,Dominos,Midwest,22544.30237444857,14328.938909666527,30759.665839230613,9964.527069001068,35124.07767989607
2024-02-26,Dominos,Midwest,22544.30237444857,14328.938909666527,30759.665839230613,9964.527069001068,35124.07767989607
2024-03-04,Dominos,Midwest,22544.30237444857,14328.938909666527,30759.665839230613,9964.527069001068,35124.07767989607
2024-03-11,Dominos,Midwest,22544.30237444857,14328.938909666527,30759.665839230613,9964.527069001068,35124.07767989607
2024-03-18,Dominos,Midwest,22544.30237444857,14328.938909666527,30759.665839230613,9964.527069001068,35124.07767989607
2024-03-25,Dominos,Midwest,22544.30237444857,14328.938909666527,30759.665839230613,9964.527069001068,35124.07767989607
2024-04-01,Dominos,Midwest,22544.30237444857,14328.938909666527,30759.665839230613,9964.527069001068,35124.07767989607
2024-04-08,Dominos,Midwest,22544.30237444857,14328.938909666527,30759.665839230613,9964.527069001068,35124.07767989607
2024-04-15,Dominos,Midwest,22544.30237444857,14328.938909666527,30759.665839230613,9964.527069001068,35124.07767989607
2024-04-22,Dominos,Midwest,22544.30237444857,14328.938909666527,30759.665839230613,9964.527069001068,35124.07767989607
2024-04-29,Dominos,Midwest,22544.30237444857,14328.938909666527,30759.665839230613,9964.527069001068,35124.07767989607
2024-05-06,Dominos,Midwest,22544.30237444857,14328.938909666527,30759.665839230613,9964.527069001068,35124.07767989607
2024-05-13,Dominos,Midwest,22544.30237444857,14328.938909666527,30759.665839230613,9964.527069001068,35124.07767989607
2024-05-20,Dominos,Midwest,22544.30237444857,14328.938909666527,30759.665839230613,9964.527069001068,35124.07767989607
2024-05-27,Dominos,Midwest,22544.30237444857,14328.938909666527,30759.665839230613,9964.527069001068,35124.07767989607
2024-06-03,Dominos,Midwest,22544.30237444857,14328.938909666527,30759.665839230613,9964.527069001068,35124.07767989607
2024-06-10,Dominos,Midwest,22544.30237444857,14328.938909666527,30759.665839230613,9964.527069001068,35124.07767989607
2024-06-17,Dominos,Midwest,22544.30237444857,14328.938909666527,30759.665839230613,9964.527069001068,35124.07767989607
2024-06-24,Dominos,Midwest,22544.30237444857,14328.938909666527,30759.665839230613,9964.527069001068,35124.07767989607
2024-07-01,Dominos,Midwest,22544.30237444857,14328.938909666527,30759.665839230613,9964.527069001068,35124.07767989607
2024-07-08,Dominos,Midwest,22544.30237444857,14328.938909666527,30759.665839230613,9964.527069001068,35124.07767989607
2024-07-15,Dominos,Midwest,22544.30237444857,14328.938909666527,30759.665839230613,9964.527069001068,35124.07767989607
2024-07-22,Dominos,Midwest,22544.30237444857,14328.938909666527,30759.665839230613,9964.527069001068,35124.07767989607
2024-07-29,Dominos,Midwest,22544.30237444857,14328.938909666527,30759.665839230613,9964.527069001068,35124.07767989607
2024-08-05,Dominos,Midwest,22544.30237444857,14328.938909666527,30759.665839230613,9964.527069001068,35124.07767989607
2024-08-12,Dominos,Midwest,22544.30237444857,14328.938909666527,30759.665839230613,9964.527069001068,35124.07767989607
2024-08-19,Dominos,Midwest,22544.30237444857,14328.938909666527,30759.665839230613,9964.527069001068,35124.07767989607
2024-08-26,Dominos,Midwest,22544.30237444857,14328.938909666527,30759.665839230613,9964.527069001068,35124.07767989607
2024-09-02,Dominos,Midwest,22544.30237444857,14328.938909666527,30759.665839230613,9964.527069001068,35124.07767989607
2024-09-09,Dominos,Midwest,22544.30237444857,14328.938909666527,30759.665839230613,9964.527069001068,35124.07767989607
2024-09-16,Dominos,Midwest,22544.30237444857,14328.938909666527,30759.665839230613,9964.527069001068,35124.07767989607
2024-09-23,Dominos,Midwest,22544.30237444857,14328.938909666527,30759.665839230613,9964.527069001068,35124.07767989607
2024-09-30,Dominos,Midwest,22544.30237444857,14328.938909666527,30759.665839230613,9964.527069001068,35124.07767989607
2024-10-07,Dominos,Midwest,22544.30237444857,14328.938909666527,30759.665839230613,9964.527069001068,35124.07767989607
2024-10-14,Dominos,Midwest,22544.30237444857,14328.938909666527,30759.665839230613,9964.527069001068,35124.07767989607
2024-10-21,Dominos,Midwest,22544.30237444857,14328.938909666527,30759.665839230613,9964.527069001068,35124.07767989607
2024-10-28,Dominos,Midwest,22544.30237444857,14328.938909666527,30759.665839230613,9964.527069001068,35124.07767989607
2024-11-04,Dominos,Midwest,22544.30237444857,14328.938909666527,30759.665839230613,9964.527069001068,35124.07767989607
2024-11-11,Dominos,Midwest,22544.30237444857,14328.938909666527,30759.665839230613,9964.527069001068,35124.07767989607
2024-11-18,Dominos,Midwest,22544.30237444857,14328.938909666527,30759.665839230613,9964.527069001068,35124.07767989607
2024-11-25,Dominos,Midwest,22544.30237444857,14328.938909666527,30759.665839230613,9964.527069001068,35124.07767989607
2024-12-02,Dominos,Midwest,22544.30237444857,14328.938909666527,30759.665839230613,9964.527069001068,35124.07767989607
2024-12-09,Dominos,Midwest,22544.30237444857,14328.938909666527,30759.665839230613,9964.527069001068,35124.07767989607
2024-12-16,Dominos,Midwest,22544.30237444857,14328.938909666527,30759.665839230613,9964.527069001068,35124.07767989607
2024-12-23,Dominos,Midwest,22544.30237444857,14328.938909666527,30759.665839230613,9964.527069001068,35124.07767989607
2024-12-30,Dominos,Midwest,22544.30237444857,14328.938909666527,30759.665839230613,9964.527069001068,35124.07767989607
2024-01-01,Dominos,Northeast,46222.85334987732,26887.335101432633,65558.371598322,16615.34103194639,75830.36566780825
2024-01-08,Dominos,Northeast,46222.85334987732,26887.335101432633,65558.371598322,16615.34103194639,75830.36566780825
2024-01-15,Dominos,Northeast,46222.85334987732,26887.335101432633,65558.371598322,16615.34103194639,75830.36566780825
2024-01-22,Dominos,Northeast,46222.85334987732,26887.335101432633,65558.371598322,16615.34103194639,75830.36566780825
2024-01-29,Dominos,Northeast,46222.85334987732,26887.335101432633,65558.371598322,16615.34103194639,75830.36566780825
2024-02-05,Dominos,Northeast,46222.85334987732,26887.335101432633,65558.371598322,16615.34103194639,75830.36566780825
2024-02-12,Dominos,Northeast,46222.85334987732,26887.335101432633,65558.371598322,16615.34103194639,75830.36566780825
2024-02-19,Dominos,Northeast,46222.85334987732,26887.335101432633,65558.371598322,16615.34103194639,75830.36566780825
2024-02-26,Dominos,Northeast,46222.85334987732,26887.335101432633,65558.371598322,16615.34103194639,75830.36566780825
2024-03-04,Dominos,Northeast,46222.85334987732,26887.335101432633,65558.371598322,16615.34103194639,75830.36566780825
2024-03-11,Dominos,Northeast,46222.85334987732,26887.335101432633,65558.371598322,16615.34103194639,75830.36566780825
2024-03-18,Dominos,Northeast,46222.85334987732,26887.335101432633,65558.371598322,16615.34103194639,75830.36566780825
2024-03-25,Dominos,Northeast,46222.85334987732,26887.335101432633,65558.371598322,16615.34103194639,75830.36566780825
2024-04-01,Dominos,Northeast,46222.85334987732,26887.335101432633,65558.371598322,16615.34103194639,75830.36566780825
2024-04-08,Dominos,Northeast,46222.85334987732,26887.335101432633,65558.371598322,16615.34103194639,75830.36566780825
2024-04-15,Dominos,Northeast,46222.85334987732,26887.335101432633,65558.371598322,16615.34103194639,75830.36566780825
2024-04-22,Dominos,Northeast,46222.85334987732,26887.335101432633,65558.371598322,16615.34103194639,75830.36566780825
2024-04-29,Dominos,Northeast,46222.85334987732,26887.335101432633,65558.371598322,16615.34103194639,75830.36566780825
2024-05-06,Dominos,Northeast,46222.85334987732,26887.335101432633,65558.371598322,16615.34103194639,75830.36566780825
2024-05-13,Dominos,Northeast,46222.85334987732,26887.335101432633,65558.371598322,16615.34103194639,75830.36566780825
2024-05-20,Dominos,Northeast,46222.85334987732,26887.335101432633,65558.371598322,16615.34103194639,75830.36566780825
2024-05-27,Dominos,Northeast,46222.85334987732,26887.335101432633,65558.371598322,16615.34103194639,75830.36566780825
2024-06-03,Dominos,Northeast,46222.85334987732,26887.335101432633,65558.371598322,16615.34103194639,75830.36566780825
2024-06-10,Dominos,Northeast,46222.85334987732,26887.335101432633,65558.371598322,16615.34103194639,75830.36566780825
2024-06-17,Dominos,Northeast,46222.85334987732,26887.335101432633,65558.371598322,16615.34103194639,75830.36566780825
2024-06-24,Dominos,Northeast,46222.85334987732,26887.335101432633,65558.371598322,16615.34103194639,75830.36566780825
2024-07-01,Dominos,Northeast,46222.85334987732,26887.335101432633,65558.371598322,16615.34103194639,75830.36566780825
2024-07-08,Dominos,Northeast,46222.85334987732,26887.335101432633,65558.371598322,16615.34103194639,75830.36566780825
2024-07-15,Dominos,Northeast,46222.85334987732,26887.335101432633,65558.371598322,16615.34103194639,75830.36566780825
2024-07-22,Dominos,Northeast,46222.85334987732,26887.335101432633,65558.371598322,16615.34103194639,75830.36566780825
2024-07-29,Dominos,Northeast,46222.85334987732,26887.335101432633,65558.371598322,16615.34103194639,75830.36566780825
2024-08-05,Dominos,Northeast,46222.85334987732,26887.335101432633,65558.371598322,16615.34103194639,75830.36566780825
2024-08-12,Dominos,Northeast,46222.85334987732,26887.335101432633,65558.371598322,16615.34103194639,75830.36566780825
2024-08-19,Dominos,Northeast,46222.85334987732,26887.335101432633,65558.371598322,16615.34103194639,75830.36566780825
2024-08-26,Dominos,Northeast,46222.85334987732,26887.335101432633,65558.371598322,16615.34103194639,75830.36566780825
2024-09-02,Dominos,Northeast,46222.85334987732,26887.335101432633,65558.371598322,16615.34103194639,75830.36566780825
2024-09-09,Dominos,Northeast,46222.85334987732,26887.335101432633,65558.371598322,16615.34103194639,75830.36566780825
2024-09-16,Dominos,Northeast,46222.85334987732,26887.335101432633,65558.371598322,16615.34103194639,75830.36566780825
2024-09-23,Dominos,Northeast,46222.85334987732,26887.335101432633,65558.371598322,16615.34103194639,75830.36566780825
2024-09-30,Dominos,Northeast,46222.85334987732,26887.335101432633,65558.371598322,16615.34103194639,75830.36566780825
2024-10-07,Dominos,Northeast,46222.85334987732,26887.335101432633,65558.371598322,16615.34103194639,75830.36566780825
2024-10-14,Dominos,Northeast,46222.85334987732,26887.335101432633,65558.371598322,16615.34103194639,75830.36566780825
2024-10-21,Dominos,Northeast,46222.85334987732,26887.335101432633,65558.371598322,16615.34103194639,75830.36566780825
2024-10-28,Dominos,Northeast,46222.85334987732,26887.335101432633,65558.371598322,16615.34103194639,75830.36566780825
2024-11-04,Dominos,Northeast,46222.85334987732,26887.335101432633,65558.371598322,16615.34103194639,75830.36566780825
2024-11-11,Dominos,Northeast,46222.85334987732,26887.335101432633,65558.371598322,16615.34103194639,75830.36566780825
2024-11-18,Dominos,Northeast,46222.85334987732,26887.335101432633,65558.371598322,16615.34103194639,75830.36566780825
2024-11-25,Dominos,Northeast,46222.85334987732,26887.335101432633,65558.371598322,16615.34103194639,75830.36566780825
2024-12-02,Dominos,Northeast,46222.85334987732,26887.335101432633,65558.371598322,16615.34103194639,75830.36566780825
2024-12-09,Dominos,Northeast,46222.85334987732,26887.335101432633,65558.371598322,16615.34103194639,75830.36566780825
2024-12-16,Dominos,Northeast,46222.85334987732,26887.335101432633,65558.371598322,16615.34103194639,75830.36566780825
2024-12-23,Dominos,Northeast,46222.85334987732,26887.335101432633,65558.371598322,16615.34103194639,75830.36566780825
2024-12-30,Dominos,Northeast,46222.85334987732,26887.335101432633,65558.371598322,16615.34103194639,75830.36566780825
2024-01-01,Dominos,South,42689.480172549724,22765.534668653905,62613.42567644554,12180.938619709254,73198.0217253902
2024-01-08,Dominos,South,42689.480172549724,22765.534668653905,62613.42567644554,12180.938619709254,73198.0217253902
2024-01-15,Dominos,South,42689.480172549724,22765.534668653905,62613.42567644554,12180.938619709254,73198.0217253902
2024-01-22,Dominos,South,42689.480172549724,22765.534668653905,62613.42567644554,12180.938619709254,73198.0217253902
2024-01-29,Dominos,South,42689.480172549724,22765.534668653905,62613.42567644554,12180.938619709254,73198.0217253902
2024-02-05,Dominos,South,42689.480172549724,22765.534668653905,62613.42567644554,12180.938619709254,73198.0217253902
2024-02-12,Dominos,South,42689.480172549724,22765.534668653905,62613.42567644554,12180.938619709254,73198.0217253902
2024-02-19,Dominos,South,42689.480172549724,22765.534668653905,62613.42567644554,12180.938619709254,73198.0217253902
2024-02-26,Dominos,South,42689.480172549724,22765.534668653905,62613.42567644554,12180.938619709254,73198.0217253902
2024-03-04,Dominos,South,42689.480172549724,22765.534668653905,62613.42567644554,12180.938619709254,73198.0217253902
2024-03-11,Dominos,South,42689.480172549724,22765.534668653905,62613.42567644554,12180.938619709254,73198.0217253902
2024-03-18,Dominos,South,42689.480172549724,22765.534668653905,62613.42567644554,12180.938619709254,73198.0217253902
2024-03-25,Dominos,South,42689.480172549724,22765.534668653905,62613.42567644554,12180.938619709254,73198.0217253902
2024-04-01,Dominos,South,42689.480172549724,22765.534668653905,62613.42567644554,12180.938619709254,73198.0217253902
2024-04-08,Dominos,South,42689.480172549724,22765.534668653905,62613.42567644554,12180.938619709254,73198.0217253902
2024-04-15,Dominos,South,42689.480172549724,22765.534668653905,62613.42567644554,12180.938619709254,73198.0217253902
2024-04-22,Dominos,South,42689.480172549724,22765.534668653905,62613.42567644554,12180.938619709254,73198.0217253902
2024-04-29,Dominos,South,42689.480172549724,22765.534668653905,62613.42567644554,12180.938619709254,73198.0217253902
2024-05-06,Dominos,South,42689.480172549724,22765.534668653905,62613.42567644554,12180.938619709254,73198.0217253902
2024-05-13,Dominos,South,42689.480172549724,22765.534668653905,62613.42567644554,12180.938619709254,73198.0217253902
2024-05-20,Dominos,South,42689.480172549724,22765.534668653905,62613.42567644554,12180.938619709254,73198.0217253902
2024-05-27,Dominos,South,42689.480172549724,22765.534668653905,62613.42567644554,12180.938619709254,73198.0217253902
2024-06-03,Dominos,South,42689.480172549724,22765.534668653905,62613.42567644554,12180.938619709254,73198.0217253902
2024-06-10,Dominos,South,42689.480172549724,22765.534668653905,62613.42567644554,12180.938619709254,73198.0217253902
2024-06-17,Dominos,South,42689.480172549724,22765.534668653905,62613.42567644554,12180.938619709254,73198.0217253902
2024-06-24,Dominos,South,42689.480172549724,22765.534668653905,62613.42567644554,12180.938619709254,73198.0217253902
2024-07-01,Dominos,South,42689.480172549724,22765.534668653905,62613.42567644554,12180.938619709254,73198.0217253902
2024-07-08,Dominos,South,42689.480172549724,22765.534668653905,62613.42567644554,12180.938619709254,73198.0217253902
2024-07-15,Dominos,South,42689.480172549724,22765.534668653905,62613.42567644554,12180.938619709254,73198.0217253902
2024-07-22,Dominos,South,42689.480172549724,22765.534668653905,62613.42567644554,12180.938619709254,73198.0217253902
2024-07-29,Dominos,South,42689.480172549724,22765.534668653905,62613.42567644554,12180.938619709254,73198.0217253902
2024-08-05,Dominos,South,42689.480172549724,22765.534668653905,62613.42567644554,12180.938619709254,73198.0217253902
2024-08-12,Dominos,South,42689.480172549724,22765.534668653905,62613.42567644554,12180.938619709254,73198.0217253902
2024-08-19,Dominos,South,42689.480172549724,22765.534668653905,62613.42567644554,12180.938619709254,73198.0217253902
2024-08-26,Dominos,South,42689.480172549724,22765.534668653905,62613.42567644554,12180.938619709254,73198.0217253902
2024-09-02,Dominos,South,42689.480172549724,22765.534668653905,62613.42567644554,12180.938619709254,73198.0217253902
2024-09-09,Dominos,South,42689.480172549724,22765.534668653905,62613.42567644554,12180.938619709254,73198.0217253902
2024-09-16,Dominos,South,42689.480172549724,22765.534668653905,62613.42567644554,12180.938619709254,73198.0217253902
2024-09-23,Dominos,South,42689.480172549724,22765.534668653905,62613.42567644554,12180.938619709254,73198.0217253902
2024-09-30,Dominos,South,42689.480172549724,22765.534668653905,62613.42567644554,12180.938619709254,73198.0217253902
2024-10-07,Dominos,South,42689.480172549724,22765.534668653905,62613.42567644554,12180.938619709254,73198.0217253902
2024-10-14,Dominos,South,42689.480172549724,22765.534668653905,62613.42567644554,12180.938619709254,73198.0217253902
2024-10-21,Dominos,South,42689.480172549724,22765.534668653905,62613.42567644554,12180.938619709254,73198.0217253902
2024-10-28,Dominos,South,42689.480172549724,22765.534668653905,62613.42567644554,12180.938619709254,73198.0217253902
2024-11-04,Dominos,South,42689.480172549724,22765.534668653905,62613.42567644554,12180.938619709254,73198.0217253902
2024-11-11,Dominos,South,42689.480172549724,22765.534668653905,62613.42567644554,12180.938619709254,73198.0217253902
2024-11-18,Dominos,South,42689.480172549724,22765.534668653905,62613.42567644554,12180.938619709254,73198.0217253902
2024-11-25,Dominos,South,42689.480172549724,22765.534668653905,62613.42567644554,12180.938619709254,73198.0217253902
2024-12-02,Dominos,South,42689.480172549724,22765.534668653905,62613.42567644554,12180.938619709254,73198.0217253902
2024-12-09,Dominos,South,42689.480172549724,22765.534668653905,62613.42567644554,12180.938619709254,73198.0217253902
2024-12-16,Dominos,South,42689.480172549724,22765.534668653905,62613.42567644554,12180.938619709254,73198.0217253902
2024-12-23,Dominos,South,42689.480172549724,22765.534668653905,62613.42567644554,12180.938619709254,73198.0217253902
2024-12-30,Dominos,South,42689.480172549724,22765.534668653905,62613.42567644554,12180.938619709254,73198.0217253902
2024-01-01,Dominos,Southwest,31868.15959061848,18720.772794124594,45015.546387112365,11736.223558487218,52000.095622749745
2024-01-08,Dominos,Southwest,31868.15959061848,18720.772794124594,45015.546387112365,11736.223558487218,52000.095622749745
2024-01-15,Dominos,Southwest,31868.15959061848,18720.772794124594,45015.546387112365,11736.223558487218,52000.095622749745
2024-01-22,Dominos,Southwest,31868.15959061848,18720.772794124594,45015.546387112365,11736.223558487218,52000.095622749745
2024-01-29,Dominos,Southwest,31868.15959061848,18720.772794124594,45015.546387112365,11736.223558487218,52000.095622749745
2024-02-05,Dominos,Southwest,31868.15959061848,18720.772794124594,45015.546387112365,11736.223558487218,52000.095622749745
2024-02-12,Dominos,Southwest,31868.15959061848,18720.772794124594,45015.546387112365,11736.223558487218,52000.095622749745
2024-02-19,Dominos,Southwest,31868.15959061848,18720.772794124594,45015.546387112365,11736.223558487218,52000.095622749745
2024-02-26,Dominos,Southwest,31868.15959061848,18720.772794124594,45015.546387112365,11736.223558487218,52000.095622749745
2024-03-04,Dominos,Southwest,31868.15959061848,18720.772794124594,45015.546387112365,11736.223558487218,52000.095622749745
2024-03-11,Dominos,Southwest,31868.15959061848,18720.772794124594,45015.546387112365,11736.223558487218,52000.095622749745
2024-03-18,Dominos,Southwest,31868.15959061848,18720.772794124594,45015.546387112365,11736.223558487218,52000.095622749745
2024-03-25,Dominos,Southwest,31868.15959061848,18720.772794124594,45015.546387112365,11736.223558487218,52000.095622749745
2024-04-01,Dominos,Southwest,31868.15959061848,18720.772794124594,45015.546387112365,11736.223558487218,52000.095622749745
2024-04-08,Dominos,Southwest,31868.15959061848,18720.772794124594,45015.546387112365,11736.223558487218,52000.095622749745
2024-04-15,Dominos,Southwest,31868.15959061848,18720.772794124594,45015.546387112365,11736.223558487218,52000.095622749745
2024-04-22,Dominos,Southwest,31868.15959061848,18720.772794124594,45015.546387112365,11736.223558487218,52000.095622749745
2024-04-29,Dominos,Southwest,31868.15959061848,18720.772794124594,45015.546387112365,11736.223558487218,52000.095622749745
2024-05-06,Dominos,Southwest,31868.15959061848,18720.772794124594,45015.546387112365,11736.223558487218,52000.095622749745
2024-05-13,Dominos,Southwest,31868.15959061848,18720.772794124594,45015.546387112365,11736.223558487218,52000.095622749745
2024-05-20,Dominos,Southwest,31868.15959061848,18720.772794124594,45015.546387112365,11736.223558487218,52000.095622749745
2024-05-27,Dominos,Southwest,31868.15959061848,18720.772794124594,45015.546387112365,11736.223558487218,52000.095622749745
2024-06-03,Dominos,Southwest,31868.15959061848,18720.772794124594,45015.546387112365,11736.223558487218,52000.095622749745
2024-06-10,Dominos,Southwest,31868.15959061848,18720.772794124594,45015.546387112365,11736.223558487218,52000.095622749745
2024-06-17,Dominos,Southwest,31868.15959061848,18720.772794124594,45015.546387112365,11736.223558487218,52000.095622749745
2024-06-24,Dominos,Southwest,31868.15959061848,18720.772794124594,45015.546387112365,11736.223558487218,52000.095622749745
2024-07-01,Dominos,Southwest,31868.15959061848,18720.772794124594,45015.546387112365,11736.223558487218,52000.095622749745
2024-07-08,Dominos,Southwest,31868.15959061848,18720.772794124594,45015.546387112365,11736.223558487218,52000.095622749745
2024-07-15,Dominos,Southwest,31868.15959061848,18720.772794124594,45015.546387112365,11736.223558487218,52000.095622749745
2024-07-22,Dominos,Southwest,31868.15959061848,18720.772794124594,45015.546387112365,11736.223558487218,52000.095622749745
2024-07-29,Dominos,Southwest,31868.15959061848,18720.772794124594,45015.546387112365,11736.223558487218,52000.095622749745
2024-08-05,Dominos,Southwest,31868.15959061848,18720.772794124594,45015.546387112365,11736.223558487218,52000.095622749745
2024-08-12,Dominos,Southwest,31868.15959061848,18720.772794124594,45015.546387112365,11736.223558487218,52000.095622749745
2024-08-19,Dominos,Southwest,31868.15959061848,18720.772794124594,45015.546387112365,11736.223558487218,52000.095622749745
2024-08-26,Dominos,Southwest,31868.15959061848,18720.772794124594,45015.546387112365,11736.223558487218,52000.095622749745
2024-09-02,Dominos,Southwest,31868.15959061848,18720.772794124594,45015.546387112365,11736.223558487218,52000.095622749745
2024-09-09,Dominos,Southwest,31868.15959061848,18720.772794124594,45015.546387112365,11736.223558487218,52000.095622749745
2024-09-16,Dominos,Southwest,31868.15959061848,18720.772794124594,45015.546387112365,11736.223558487218,52000.095622749745
2024-09-23,Dominos,Southwest,31868.15959061848,18720.772794124594,45015.546387112365,11736.223558487218,52000.095622749745
2024-09-30,Dominos,Southwest,31868.15959061848,18720.772794124594,45015.546387112365,11736.223558487218,52000.095622749745
2024-10-07,Dominos,Southwest,31868.15959061848,18720.772794124594,45015.546387112365,11736.223558487218,52000.095622749745
2024-10-14,Dominos,Southwest,31868.15959061848,18720.772794124594,45015.546387112365,11736.223558487218,52000.095622749745
2024-10-21,Dominos,Southwest,31868.15959061848,18720.772794124594,45015.546387112365,11736.223558487218,52000.095622749745
2024-10-28,Dominos,Southwest,31868.15959061848,18720.772794124594,45015.546387112365,11736.223558487218,52000.095622749745
2024-11-04,Dominos,Southwest,31868.15959061848,18720.772794124594,45015.546387112365,11736.223558487218,52000.095622749745
2024-11-11,Dominos,Southwest,31868.15959061848,18720.772794124594,45015.546387112365,11736.223558487218,52000.095622749745
2024-11-18,Dominos,Southwest,31868.15959061848,18720.772794124594,45015.546387112365,11736.223558487218,52000.095622749745
2024-11-25,Dominos,Southwest,31868.15959061848,18720.772794124594,45015.546387112365,11736.223558487218,52000.095622749745
2024-12-02,Dominos,Southwest,31868.15959061848,18720.772794124594,45015.546387112365,11736.223558487218,52000.095622749745
2024-12-09,Dominos,Southwest,31868.15959061848,18720.772794124594,45015.546387112365,11736.223558487218,52000.095622749745
2024-12-16,Dominos,Southwest,31868.15959061848,18720.772794124594,45015.546387112365,11736.223558487218,52000.095622749745
2024-12-23,Dominos,Southwest,31868.15959061848,18720.772794124594,45015.546387112365,11736.223558487218,52000.095622749745
2024-12-30,Dominos,Southwest,31868.15959061848,18720.772794124594,45015.546387112365,11736.223558487218,52000.095622749745
2024-01-01,Dominos,West,34084.0871630078,18239.65032942586,49928.52399658975,9822.293261585448,58345.881064430156
2024-01-08,Dominos,West,34084.0871630078,18239.65032942586,49928.52399658975,9822.293261585448,58345.881064430156
2024-01-15,Dominos,West,34084.0871630078,18239.65032942586,49928.52399658975,9822.293261585448,58345.881064430156
2024-01-22,Dominos,West,34084.0871630078,18239.65032942586,49928.52399658975,9822.293261585448,58345.881064430156
2024-01-29,Dominos,West,34084.0871630078,18239.65032942586,49928.52399658975,9822.293261585448,58345.881064430156
2024-02-05,Dominos,West,34084.0871630078,18239.65032942586,49928.52399658975,9822.293261585448,58345.881064430156
2024-02-12,Dominos,West,34084.0871630078,18239.65032942586,49928.52399658975,9822.293261585448,58345.881064430156
2024-02-19,Dominos,West,34084.0871630078,18239.65032942586,49928.52399658975,9822.293261585448,58345.881064430156
2024-02-26,Dominos,West,34084.0871630078,18239.65032942586,49928.52399658975,9822.293261585448,58345.881064430156
2024-03-04,Dominos,West,34084.0871630078,18239.65032942586,49928.52399658975,9822.293261585448,58345.881064430156
2024-03-11,Dominos,West,34084.0871630078,18239.65032942586,49928.52399658975,9822.293261585448,58345.881064430156
2024-03-18,Dominos,West,34084.0871630078,18239.65032942586,49928.52399658975,9822.293261585448,58345.881064430156
2024-03-25,Dominos,West,34084.0871630078,18239.65032942586,49928.52399658975,9822.293261585448,58345.881064430156
2024-04-01,Dominos,West,34084.0871630078,18239.65032942586,49928.52399658975,9822.293261585448,58345.881064430156
2024-04-08,Dominos,West,34084.0871630078,18239.65032942586,49928.52399658975,9822.293261585448,58345.881064430156
2024-04-15,Dominos,West,34084.0871630078,18239.65032942586,49928.52399658975,9822.293261585448,58345.881064430156
2024-04-22,Dominos,West,34084.0871630078,18239.65032942586,49928.52399658975,9822.293261585448,58345.881064430156
2024-04-29,Dominos,West,34084.0871630078,18239.65032942586,49928.52399658975,9822.293261585448,58345.881064430156
2024-05-06,Dominos,West,34084.0871630078,18239.65032942586,49928.52399658975,9822.293261585448,58345.881064430156
2024-05-13,Dominos,West,34084.0871630078,18239.65032942586,49928.52399658975,9822.293261585448,58345.881064430156
2024-05-20,Dominos,West,34084.0871630078,18239.65032942586,49928.52399658975,9822.293261585448,58345.881064430156
2024-05-27,Dominos,West,34084.0871630078,18239.65032942586,49928.52399658975,9822.293261585448,58345.881064430156
2024-06-03,Dominos,West,34084.0871630078,18239.65032942586,49928.52399658975,9822.293261585448,58345.881064430156
2024-06-10,Dominos,West,34084.0871630078,18239.65032942586,49928.52399658975,9822.293261585448,58345.881064430156
2024-06-17,Dominos,West,34084.0871630078,18239.65032942586,49928.52399658975,9822.293261585448,58345.881064430156
2024-06-24,Dominos,West,34084.0871630078,18239.65032942586,49928.52399658975,9822.293261585448,58345.881064430156
2024-07-01,Dominos,West,34084.0871630078,18239.65032942586,49928.52399658975,9822.293261585448,58345.881064430156
2024-07-08,Dominos,West,34084.0871630078,18239.65032942586,49928.52399658975,9822.293261585448,58345.881064430156
2024-07-15,Dominos,West,34084.0871630078,18239.65032942586,49928.52399658975,9822.293261585448,58345.881064430156
2024-07-22,Dominos,West,34084.0871630078,18239.65032942586,49928.52399658975,9822.293261585448,58345.881064430156
2024-07-29,Dominos,West,34084.0871630078,18239.65032942586,49928.52399658975,9822.293261585448,58345.881064430156
2024-08-05,Dominos,West,34084.0871630078,18239.65032942586,49928.52399658975,9822.293261585448,58345.881064430156
2024-08-12,Dominos,West,34084.0871630078,18239.65032942586,49928.52399658975,9822.293261585448,58345.881064430156
2024-08-19,Dominos,West,34084.0871630078,18239.65032942586,49928.52399658975,9822.293261585448,58345.881064430156
2024-08-26,Dominos,West,34084.0871630078,18239.65032942586,49928.52399658975,9822.293261585448,58345.881064430156
2024-09-02,Dominos,West,34084.0871630078,18239.65032942586,49928.52399658975,9822.293261585448,58345.881064430156
2024-09-09,Dominos,West,34084.0871630078,18239.65032942586,49928.52399658975,9822.293261585448,58345.881064430156
2024-09-16,Dominos,West,34084.0871630078,18239.65032942586,49928.52399658975,9822.293261585448,58345.881064430156
2024-09-23,Dominos,West,34084.0871630078,18239.65032942586,49928.52399658975,9822.293261585448,58345.881064430156
2024-09-30,Dominos,West,34084.0871630078,18239.65032942586,49928.52399658975,9822.293261585448,58345.881064430156
2024-10-07,Dominos,West,34084.0871630078,18239.65032942586,49928.52399658975,9822.293261585448,58345.881064430156
2024-10-14,Dominos,West,34084.0871630078,18239.65032942586,49928.52399658975,9822.293261585448,58345.881064430156
2024-10-21,Dominos,West,34084.0871630078,18239.65032942586,49928.52399658975,9822.293261585448,58345.881064430156
2024-10-28,Dominos,West,34084.0871630078,18239.65032942586,49928.52399658975,9822.293261585448,58345.881064430156
2024-11-04,Dominos,West,34084.0871630078,18239.65032942586,49928.52399658975,9822.293261585448,58345.881064430156
2024-11-11,Dominos,West,34084.0871630078,18239.65032942586,49928.52399658975,9822.293261585448,58345.881064430156
2024-11-18,Dominos,West,34084.0871630078,18239.65032942586,49928.52399658975,9822.293261585448,58345.881064430156
2024-11-25,Dominos,West,34084.0871630078,18239.65032942586,49928.52399658975,9822.293261585448,58345.881064430156
2024-12-02,Dominos,West,34084.0871630078,18239.65032942586,49928.52399658975,9822.293261585448,58345.881064430156
2024-12-09,Dominos,West,34084.0871630078,18239.65032942586,49928.52399658975,9822.293261585448,58345.881064430156
2024-12-16,Dominos,West,34084.0871630078,18239.65032942586,49928.52399658975,9822.293261585448,58345.881064430156
2024-12-23,Dominos,West,34084.0871630078,18239.65032942586,49928.52399658975,9822.293261585448,58345.881064430156
2024-12-30,Dominos,West,34084.0871630078,18239.65032942586,49928.52399658975,9822.293261585448,58345.881064430156
2024-01-01,KFC,Midwest,65196.06041787904,48988.12495090644,81403.99588485164,40377.65923407725,90014.46160168083
2024-01-08,KFC,Midwest,65196.06041787904,48988.12495090644,81403.99588485164,40377.65923407725,90014.46160168083
2024-01-15,KFC,Midwest,65196.06041787904,48988.12495090644,81403.99588485164,40377.65923407725,90014.46160168083
2024-01-22,KFC,Midwest,65196.06041787904,48988.12495090644,81403.99588485164,40377.65923407725,90014.46160168083
2024-01-29,KFC,Midwest,65196.06041787904,48988.12495090644,81403.99588485164,40377.65923407725,90014.46160168083
2024-02-05,KFC,Midwest,65196.06041787904,48988.12495090644,81403.99588485164,40377.65923407725,90014.46160168083
2024-02-12,KFC,Midwest,65196.06041787904,48988.12495090644,81403.99588485164,40377.65923407725,90014.46160168083
2024-02-19,KFC,Midwest,65196.06041787904,48988.12495090644,81403.99588485164,40377.65923407725,90014.46160168083
2024-02-26,KFC,Midwest,65196.06041787904,48988.12495090644,81403.99588485164,40377.65923407725,90014.46160168083
2024-03-04,KFC,Midwest,65196.06041787904,48988.12495090644,81403.99588485164,40377.65923407725,90014.46160168083
2024-03-11,KFC,Midwest,65196.06041787904,48988.12495090644,81403.99588485164,40377.65923407725,90014.46160168083
2024-03-18,KFC,Midwest,65196.06041787904,48988.12495090644,81403.99588485164,40377.65923407725,90014.46160168083
2024-03-25,KFC,Midwest,65196.06041787904,48988.12495090644,81403.99588485164,40377.65923407725,90014.46160168083
2024-04-01,KFC,Midwest,65196.06041787904,48988.12495090644,81403.99588485164,40377.65923407725,90014.46160168083
2024-04-08,KFC,Midwest,65196.06041787904,48988.12495090644,81403.99588485164,40377.65923407725,90014.46160168083
2024-04-15,KFC,Midwest,65196.06041787904,48988.12495090644,81403.99588485164,40377.65923407725,90014.46160168083
2024-04-22,KFC,Midwest,65196.06041787904,48988.12495090644,81403.99588485164,40377.65923407725,90014.46160168083
2024-04-29,KFC,Midwest,65196.06041787904,48988.12495090644,81403.99588485164,40377.65923407725,90014.46160168083
2024-05-06,KFC,Midwest,65196.06041787904,48988.12495090644,81403.99588485164,40377.65923407725,90014.46160168083
2024-05-13,KFC,Midwest,65196.06041787904,48988.12495090644,81403.99588485164,40377.65923407725,90014.46160168083
2024-05-20,KFC,Midwest,65196.06041787904,48988.12495090644,81403.99588485164,40377.65923407725,90014.46160168083
2024-05-27,KFC,Midwest,65196.06041787904,48988.12495090644,81403.99588485164,40377.65923407725,90014.46160168083
2024-06-03,KFC,Midwest,65196.06041787904,48988.12495090644,81403.99588485164,40377.65923407725,90014.46160168083
2024-06-10,KFC,Midwest,65196.06041787904,48988.12495090644,81403.99588485164,40377.65923407725,90014.46160168083
2024-06-17,KFC,Midwest,65196.06041787904,48988.12495090644,81403.99588485164,40377.65923407725,90014.46160168083
2024-06-24,KFC,Midwest,65196.06041787904,48988.12495090644,81403.99588485164,40377.65923407725,90014.46160168083
2024-07-01,KFC,Midwest,65196.06041787904,48988.12495090644,81403.99588485164,40377.65923407725,90014.46160168083
2024-07-08,KFC,Midwest,65196.06041787904,48988.12495090644,81403.99588485164,40377.65923407725,90014.46160168083
2024-07-15,KFC,Midwest,65196.06041787904,48988.12495090644,81403.99588485164,40377.65923407725,90014.46160168083
2024-07-22,KFC,Midwest,65196.06041787904,48988.12495090644,81403.99588485164,40377.65923407725,90014.46160168083
2024-07-29,KFC,Midwest,65196.06041787904,48988.12495090644,81403.99588485164,40377.65923407725,90014.46160168083
2024-08-05,KFC,Midwest,65196.06041787904,48988.12495090644,81403.99588485164,40377.65923407725,90014.46160168083
2024-08-12,KFC,Midwest,65196.06041787904,48988.12495090644,81403.99588485164,40377.65923407725,90014.46160168083
2024-08-19,KFC,Midwest,65196.06041787904,48988.12495090644,81403.99588485164,40377.65923407725,90014.46160168083
2024-08-26,KFC,Midwest,65196.06041787904,48988.12495090644,81403.99588485164,40377.65923407725,90014.46160168083
2024-09-02,KFC,Midwest,65196.06041787904,48988.12495090644,81403.99588485164,40377.65923407725,90014.46160168083
2024-09-09,KFC,Midwest,65196.06041787904,48988.12495090644,81403.99588485164,40377.65923407725,90014.46160168083
2024-09-16,KFC,Midwest,65196.06041787904,48988.12495090644,81403.99588485164,40377.65923407725,90014.46160168083
2024-09-23,KFC,Midwest,65196.06041787904,48988.12495090644,81403.99588485164,40377.65923407725,90014.46160168083
2024-09-30,KFC,Midwest,65196.06041787904,48988.12495090644,81403.99588485164,40377.65923407725,90014.46160168083
2024-10-07,KFC,Midwest,65196.06041787904,48988.12495090644,81403.99588485164,40377.65923407725,90014.46160168083
2024-10-14,KFC,Midwest,65196.06041787904,48988.12495090644,81403.99588485164,40377.65923407725,90014.46160168083
2024-10-21,KFC,Midwest,65196.06041787904,48988.12495090644,81403.99588485164,40377.65923407725,90014.46160168083
2024-10-28,KFC,Midwest,65196.06041787904,48988.12495090644,81403.99588485164,40377.65923407725,90014.46160168083
2024-11-04,KFC,Midwest,65196.06041787904,48988.12495090644,81403.99588485164,40377.65923407725,90014.46160168083
2024-11-11,KFC,Midwest,65196.06041787904,48988.12495090644,81403.99588485164,40377.65923407725,90014.46160168083
2024-11-18,KFC,Midwest,65196.06041787904,48988.12495090644,81403.99588485164,40377.65923407725,90014.46160168083
2024-11-25,KFC,Midwest,65196.06041787904,48988.12495090644,81403.99588485164,40377.65923407725,90014.46160168083
2024-12-02,KFC,Midwest,65196.06041787904,48988.12495090644,81403.99588485164,40377.65923407725,90014.46160168083
2024-12-09,KFC,Midwest,65196.06041787904,48988.12495090644,81403.99588485164,40377.65923407725,90014.46160168083
2024-12-16,KFC,Midwest,65196.06041787904,48988.12495090644,81403.99588485164,40377.65923407725,90014.46160168083
2024-12-23,KFC,Midwest,65196.06041787904,48988.12495090644,81403.99588485164,40377.65923407725,90014.46160168083
2024-12-30,KFC,Midwest,65196.06041787904,48988.12495090644,81403.99588485164,40377.65923407725,90014.46160168083
2024-01-01,KFC,Northeast,45382.187240838044,34296.99512817653,56467.37935349956,28407.986818325106,62356.38766335098
2024-01-08,KFC,Northeast,45382.187240838044,34296.99512817653,56467.37935349956,28407.986818325106,62356.38766335098
2024-01-15,KFC,Northeast,45382.187240838044,34296.99512817653,56467.37935349956,28407.986818325106,62356.38766335098
2024-01-22,KFC,Northeast,45382.187240838044,34296.99512817653,56467.37935349956,28407.986818325106,62356.38766335098
2024-01-29,KFC,Northeast,45382.187240838044,34296.99512817653,56467.37935349956,28407.986818325106,62356.38766335098
2024-02-05,KFC,Northeast,45382.187240838044,34296.99512817653,56467.37935349956,28407.986818325106,62356.38766335098
2024-02-12,KFC,Northeast,45382.187240838044,34296.99512817653,56467.37935349956,28407.986818325106,62356.38766335098
2024-02-19,KFC,Northeast,45382.187240838044,34296.99512817653,56467.37935349956,28407.986818325106,62356.38766335098
2024-02-26,KFC,Northeast,45382.187240838044,34296.99512817653,56467.37935349956,28407.986818325106,62356.38766335098
2024-03-04,KFC,Northeast,45382.187240838044,34296.99512817653,56467.37935349956,28407.986818325106,62356.38766335098
2024-03-11,KFC,Northeast,45382.187240838044,34296.99512817653,56467.37935349956,28407.986818325106,62356.38766335098
2024-03-18,KFC,Northeast,45382.187240838044,34296.99512817653,56467.37935349956,28407.986818325106,62356.38766335098
2024-03-25,KFC,Northeast,45382.187240838044,34296.99512817653,56467.37935349956,28407.986818325106,62356.38766335098
2024-04-01,KFC,Northeast,45382.187240838044,34296.99512817653,56467.37935349956,28407.986818325106,62356.38766335098
2024-04-08,KFC,Northeast,45382.187240838044,34296.99512817653,56467.37935349956,28407.986818325106,62356.38766335098
2024-04-15,KFC,Northeast,45382.187240838044,34296.99512817653,56467.37935349956,28407.986818325106,62356.38766335098
2024-04-22,KFC,Northeast,45382.187240838044,34296.99512817653,56467.37935349956,28407.986818325106,62356.38766335098
2024-04-29,KFC,Northeast,45382.187240838044,34296.99512817653,56467.37935349956,28407.986818325106,62356.38766335098
2024-05-06,KFC,Northeast,45382.187240838044,34296.99512817653,56467.37935349956,28407.986818325106,62356.38766335098
2024-05-13,KFC,Northeast,45382.187240838044,34296.99512817653,56467.37935349956,28407.986818325106,62356.38766335098
2024-05-20,KFC,Northeast,45382.187240838044,34296.99512817653,56467.37935349956,28407.986818325106,62356.38766335098
2024-05-27,KFC,Northeast,45382.187240838044,34296.99512817653,56467.37935349956,28407.986818325106,62356.38766335098
2024-06-03,KFC,Northeast,45382.187240838044,34296.99512817653,56467.37935349956,28407.986818325106,62356.38766335098
2024-06-10,KFC,Northeast,45382.187240838044,34296.99512817653,56467.37935349956,28407.986818325106,62356.38766335098
2024-06-17,KFC,Northeast,45382.187240838044,34296.99512817653,56467.37935349956,28407.986818325106,62356.38766335098
2024-06-24,KFC,Northeast,45382.187240838044,34296.99512817653,56467.37935349956,28407.986818325106,62356.38766335098
2024-07-01,KFC,Northeast,45382.187240838044,34296.99512817653,56467.37935349956,28407.986818325106,62356.38766335098
2024-07-08,KFC,Northeast,45382.187240838044,34296.99512817653,56467.37935349956,28407.986818325106,62356.38766335098
2024-07-15,KFC,Northeast,45382.187240838044,34296.99512817653,56467.37935349956,28407.986818325106,62356.38766335098
2024-07-22,KFC,Northeast,45382.187240838044,34296.99512817653,56467.37935349956,28407.986818325106,62356.38766335098
2024-07-29,KFC,Northeast,45382.187240838044,34296.99512817653,56467.37935349956,28407.986818325106,62356.38766335098
2024-08-05,KFC,Northeast,45382.187240838044,34296.99512817653,56467.37935349956,28407.986818325106,62356.38766335098
2024-08-12,KFC,Northeast,45382.187240838044,34296.99512817653,56467.37935349956,28407.986818325106,62356.38766335098
2024-08-19,KFC,Northeast,45382.187240838044,34296.99512817653,56467.37935349956,28407.986818325106,62356.38766335098
2024-08-26,KFC,Northeast,45382.187240838044,34296.99512817653,56467.37935349956,28407.986818325106,62356.38766335098
2024-09-02,KFC,Northeast,45382.187240838044,34296.99512817653,56467.37935349956,28407.986818325106,62356.38766335098
2024-09-09,KFC,Northeast,45382.187240838044,34296.99512817653,56467.37935349956,28407.986818325106,62356.38766335098
2024-09-16,KFC,Northeast,45382.187240838044,34296.99512817653,56467.37935349956,28407.986818325106,62356.38766335098
2024-09-23,KFC,Northeast,45382.187240838044,34296.99512817653,56467.37935349956,28407.986818325106,62356.38766335098
2024-09-30,KFC,Northeast,45382.187240838044,34296.99512817653,56467.37935349956,28407.986818325106,62356.38766335098
2024-10-07,KFC,Northeast,45382.187240838044,34296.99512817653,56467.37935349956,28407.986818325106,62356.38766335098
2024-10-14,KFC,Northeast,45382.187240838044,34296.99512817653,56467.37935349956,28407.986818325106,62356.38766335098
2024-10-21,KFC,Northeast,45382.187240838044,34296.99512817653,56467.37935349956,28407.986818325106,62356.38766335098
2024-10-28,KFC,Northeast,45382.187240838044,34296.99512817653,56467.37935349956,28407.986818325106,62356.38766335098
2024-11-04,KFC,Northeast,45382.187240838044,34296.99512817653,56467.37935349956,28407.986818325106,62356.38766335098
2024-11-11,KFC,Northeast,45382.187240838044,34296.99512817653,56467.37935349956,28407.986818325106,62356.38766335098
2024-11-18,KFC,Northeast,45382.187240838044,34296.99512817653,56467.37935349956,28407.986818325106,62356.38766335098
2024-11-25,KFC,Northeast,45382.187240838044,34296.99512817653,56467.37935349956,28407.986818325106,62356.38766335098
2024-12-02,KFC,Northeast,45382.187240838044,34296.99512817653,56467.37935349956,28407.986818325106,62356.38766335098
2024-12-09,KFC,Northeast,45382.187240838044,34296.99512817653,56467.37935349956,28407.986818325106,62356.38766335098
2024-12-16,KFC,Northeast,45382.187240838044,34296.99512817653,56467.37935349956,28407.986818325106,62356.38766335098
2024-12-23,KFC,Northeast,45382.187240838044,34296.99512817653,56467.37935349956,28407.986818325106,62356.38766335098
2024-12-30,KFC,Northeast,45382.187240838044,34296.99512817653,56467.37935349956,28407.986818325106,62356.38766335098
2024-01-01,KFC,South,96242.55613671667,73700.19177163625,118784.92050179708,61724.56070268729,130760.55157074604
2024-01-08,KFC,South,96242.55613671667,73700.19177163625,118784.92050179708,61724.56070268729,130760.55157074604
2024-01-15,KFC,South,96242.55613671667,73700.19177163625,118784.92050179708,61724.56070268729,130760.55157074604
2024-01-22,KFC,South,96242.55613671667,73700.19177163625,118784.92050179708,61724.56070268729,130760.55157074604
2024-01-29,KFC,South,96242.55613671667,73700.19177163625,118784.92050179708,61724.56070268729,130760.55157074604
2024-02-05,KFC,South,96242.55613671667,73700.19177163625,118784.92050179708,61724.56070268729,130760.55157074604
2024-02-12,KFC,South,96242.55613671667,73700.19177163625,118784.92050179708,61724.56070268729,130760.55157074604
2024-02-19,KFC,South,96242.55613671667,73700.19177163625,118784.92050179708,61724.56070268729,130760.55157074604
2024-02-26,KFC,South,96242.55613671667,73700.19177163625,118784.92050179708,61724.56070268729,130760.55157074604
2024-03-04,KFC,South,96242.55613671667,73700.19177163625,118784.92050179708,61724.56070268729,130760.55157074604
2024-03-11,KFC,South,96242.55613671667,73700.19177163625,118784.92050179708,61724.56070268729,130760.55157074604
2024-03-18,KFC,South,96242.55613671667,73700.19177163625,118784.92050179708,61724.56070268729,130760.55157074604
2024-03-25,KFC,South,96242.55613671667,73700.19177163625,118784.92050179708,61724.56070268729,130760.55157074604
2024-04-01,KFC,South,96242.55613671667,73700.19177163625,118784.92050179708,61724.56070268729,130760.55157074604
2024-04-08,KFC,South,96242.55613671667,73700.19177163625,118784.92050179708,61724.56070268729,130760.55157074604
2024-04-15,KFC,South,96242.55613671667,73700.19177163625,118784.92050179708,61724.56070268729,130760.55157074604
2024-04-22,KFC,South,96242.55613671667,73700.19177163625,118784.92050179708,61724.56070268729,130760.55157074604
2024-04-29,KFC,South,96242.55613671667,73700.19177163625,118784.92050179708,61724.56070268729,130760.55157074604
2024-05-06,KFC,South,96242.55613671667,73700.19177163625,118784.92050179708,61724.56070268729,130760.55157074604
2024-05-13,KFC,South,96242.55613671667,73700.19177163625,118784.92050179708,61724.56070268729,130760.55157074604
2024-05-20,KFC,South,96242.55613671667,73700.19177163625,118784.92050179708,61724.56070268729,130760.55157074604
2024-05-27,KFC,South,96242.55613671667,73700.19177163625,118784.92050179708,61724.56070268729,130760.55157074604
2024-06-03,KFC,South,96242.55613671667,73700.19177163625,118784.92050179708,61724.56070268729,130760.55157074604
2024-06-10,KFC,South,96242.55613671667,73700.19177163625,118784.92050179708,61724.56070268729,130760.55157074604
2024-06-17,KFC,South,96242.55613671667,73700.19177163625,118784.92050179708,61724.56070268729,130760.55157074604
2024-06-24,KFC,South,96242.55613671667,73700.19177163625,118784.92050179708,61724.56070268729,130760.55157074604
2024-07-01,KFC,South,96242.55613671667,73700.19177163625,118784.92050179708,61724.56070268729,130760.55157074604
2024-07-08,KFC,South,96242.55613671667,73700.19177163625,118784.92050179708,61724.56070268729,130760.55157074604
2024-07-15,KFC,South,96242.55613671667,73700.19177163625,118784.92050179708,61724.56070268729,130760.55157074604
2024-07-22,KFC,South,96242.55613671667,73700.19177163625,118784.92050179708,61724.56070268729,130760.55157074604
2024-07-29,KFC,South,96242.55613671667,73700.19177163625,118784.92050179708,61724.56070268729,130760.55157074604
2024-08-05,KFC,South,96242.55613671667,73700.19177163625,118784.92050179708,61724.56070268729,130760.55157074604
2024-08-12,KFC,South,96242.55613671667,73700.19177163625,118784.92050179708,61724.56070268729,130760.55157074604
2024-08-19,KFC,South,96242.55613671667,73700.19177163625,118784.92050179708,61724.56070268729,130760.55157074604
2024-08-26,KFC,South,96242.55613671667,73700.19177163625,118784.92050179708,61724.56070268729,130760.55157074604
2024-09-02,KFC,South,96242.55613671667,73700.19177163625,118784.92050179708,61724.56070268729,130760.55157074604
2024-09-09,KFC,South,96242.55613671667,73700.19177163625,118784.92050179708,61724.56070268729,130760.55157074604
2024-09-16,KFC,South,96242.55613671667,73700.19177163625,118784.92050179708,61724.56070268729,130760.55157074604
2024-09-23,KFC,South,96242.55613671667,73700.19177163625,118784.92050179708,61724.56070268729,130760.55157074604
2024-09-30,KFC,South,96242.55613671667,73700.19177163625,118784.92050179708,61724.56070268729,130760.55157074604
2024-10-07,KFC,South,96242.55613671667,73700.19177163625,118784.92050179708,61724.56070268729,130760.55157074604
2024-10-14,KFC,South,96242.55613671667,73700.19177163625,118784.92050179708,61724.56070268729,130760.55157074604
2024-10-21,KFC,South,96242.55613671667,73700.19177163625,118784.92050179708,61724.56070268729,130760.55157074604
2024-10-28,KFC,South,96242.55613671667,73700.19177163625,118784.92050179708,61724.56070268729,130760.55157074604
2024-11-04,KFC,South,96242.55613671667,73700.19177163625,118784.92050179708,61724.56070268729,130760.55157074604
2024-11-11,KFC,South,96242.55613671667,73700.19177163625,118784.92050179708,61724.56070268729,130760.55157074604
2024-11-18,KFC,South,96242.55613671667,73700.19177163625,118784.92050179708,61724.56070268729,130760.55157074604
2024-11-25,KFC,South,96242.55613671667,73700.19177163625,118784.92050179708,61724.56070268729,130760.55157074604
2024-12-02,KFC,South,96242.55613671667,73700.19177163625,118784.92050179708,61724.56070268729,130760.55157074604
2024-12-09,KFC,South,96242.55613671667,73700.19177163625,118784.92050179708,61724.56070268729,130760.55157074604
2024-12-16,KFC,South,96242.55613671667,73700.19177163625,118784.92050179708,61724.56070268729,130760.55157074604
2024-12-23,KFC,South,96242.55613671667,73700.19177163625,118784.92050179708,61724.56070268729,130760.55157074604
2024-12-30,KFC,South,96242.55613671667,73700.19177163625,118784.92050179708,61724.56070268729,130760.55157074604
2024-01-01,KFC,Southwest,35003.523752273424,26597.801988685533,43409.245515861316,22132.26230177947,47874.78520276738
2024-01-08,KFC,Southwest,35003.523752273424,26597.801988685533,43409.245515861316,22132.26230177947,47874.78520276738
2024-01-15,KFC,Southwest,35003.523752273424,26597.801988685533,43409.245515861316,22132.26230177947,47874.78520276738
2024-01-22,KFC,Southwest,35003.523752273424,26597.801988685533,43409.245515861316,22132.26230177947,47874.78520276738
2024-01-29,KFC,Southwest,35003.523752273424,26597.801988685533,43409.245515861316,22132.26230177947,47874.78520276738
2024-02-05,KFC,Southwest,35003.523752273424,26597.801988685533,43409.245515861316,22132.26230177947,47874.78520276738
2024-02-12,KFC,Southwest,35003.523752273424,26597.801988685533,43409.245515861316,22132.26230177947,47874.78520276738
2024-02-19,KFC,Southwest,35003.523752273424,26597.801988685533,43409.245515861316,22132.26230177947,47874.78520276738
2024-02-26,KFC,Southwest,35003.523752273424,26597.801988685533,43409.245515861316,22132.26230177947,47874.78520276738
2024-03-04,KFC,Southwest,35003.523752273424,26597.801988685533,43409.245515861316,22132.26230177947,47874.78520276738
2024-03-11,KFC,Southwest,35003.523752273424,26597.801988685533,43409.245515861316,22132.26230177947,47874.78520276738
2024-03-18,KFC,Southwest,35003.523752273424,26597.801988685533,43409.245515861316,22132.26230177947,47874.78520276738
2024-03-25,KFC,Southwest,35003.523752273424,26597.801988685533,43409.245515861316,22132.26230177947,47874.78520276738
2024-04-01,KFC,Southwest,35003.523752273424,26597.801988685533,43409.245515861316,22132.26230177947,47874.78520276738
2024-04-08,KFC,Southwest,35003.523752273424,26597.801988685533,43409.245515861316,22132.26230177947,47874.78520276738
2024-04-15,KFC,Southwest,35003.523752273424,26597.801988685533,43409.245515861316,22132.26230177947,47874.78520276738
2024-04-22,KFC,Southwest,35003.523752273424,26597.801988685533,43409.245515861316,22132.26230177947,47874.78520276738
2024-04-29,KFC,Southwest,35003.523752273424,26597.801988685533,43409.245515861316,22132.26230177947,47874.78520276738
2024-05-06,KFC,Southwest,35003.523752273424,26597.801988685533,43409.245515861316,22132.26230177947,47874.78520276738
2024-05-13,KFC,Southwest,35003.523752273424,26597.801988685533,43409.245515861316,22132.26230177947,47874.78520276738
2024-05-20,KFC,Southwest,35003.523752273424,26597.801988685533,43409.245515861316,22132.26230177947,47874.78520276738
2024-05-27,KFC,Southwest,35003.523752273424,26597.801988685533,43409.245515861316,22132.26230177947,47874.78520276738
2024-06-03,KFC,Southwest,35003.523752273424,26597.801988685533,43409.245515861316,22132.26230177947,47874.78520276738
2024-06-10,KFC,Southwest,35003.523752273424,26597.801988685533,43409.245515861316,22132.26230177947,47874.78520276738
2024-06-17,KFC,Southwest,35003.523752273424,26597.801988685533,43409.245515861316,22132.26230177947,47874.78520276738
2024-06-24,KFC,Southwest,35003.523752273424,26597.801988685533,43409.245515861316,22132.26230177947,47874.78520276738
2024-07-01,KFC,Southwest,35003.523752273424,26597.801988685533,43409.245515861316,22132.26230177947,47874.78520276738
2024-07-08,KFC,Southwest,35003.523752273424,26597.801988685533,43409.245515861316,22132.26230177947,47874.78520276738
2024-07-15,KFC,Southwest,35003.523752273424,26597.801988685533,43409.245515861316,22132.26230177947,47874.78520276738
2024-07-22,KFC,Southwest,35003.523752273424,26597.801988685533,43409.245515861316,22132.26230177947,47874.78520276738
2024-07-29,KFC,Southwest,35003.523752273424,26597.801988685533,43409.245515861316,22132.26230177947,47874.78520276738
2024-08-05,KFC,Southwest,35003.523752273424,26597.801988685533,43409.245515861316,22132.26230177947,47874.78520276738
2024-08-12,KFC,Southwest,35003.523752273424,26597.801988685533,43409.245515861316,22132.26230177947,47874.78520276738
2024-08-19,KFC,Southwest,35003.523752273424,26597.801988685533,43409.245515861316,22132.26230177947,47874.78520276738
2024-08-26,KFC,Southwest,35003.523752273424,26597.801988685533,43409.245515861316,22132.26230177947,47874.78520276738
2024-09-02,KFC,Southwest,35003.523752273424,26597.801988685533,43409.245515861316,22132.26230177947,47874.78520276738
2024-09-09,KFC,Southwest,35003.523752273424,26597.801988685533,43409.245515861316,22132.26230177947,47874.78520276738
2024-09-16,KFC,Southwest,35003.523752273424,26597.801988685533,43409.245515861316,22132.26230177947,47874.78520276738
2024-09-23,KFC,Southwest,35003.523752273424,26597.801988685533,43409.245515861316,22132.26230177947,47874.78520276738
2024-09-30,KFC,Southwest,35003.523752273424,26597.801988685533,43409.245515861316,22132.26230177947,47874.78520276738
2024-10-07,KFC,Southwest,35003.523752273424,26597.801988685533,43409.245515861316,22132.26230177947,47874.78520276738
2024-10-14,KFC,Southwest,35003.523752273424,26597.801988685533,43409.245515861316,22132.26230177947,47874.78520276738
2024-10-21,KFC,Southwest,35003.523752273424,26597.801988685533,43409.245515861316,22132.26230177947,47874.78520276738
2024-10-28,KFC,Southwest,35003.523752273424,26597.801988685533,43409.245515861316,22132.26230177947,47874.78520276738
2024-11-04,KFC,Southwest,35003.523752273424,26597.801988685533,43409.245515861316,22132.26230177947,47874.78520276738
2024-11-11,KFC,Southwest,35003.523752273424,26597.801988685533,43409.245515861316,22132.26230177947,47874.78520276738
2024-11-18,KFC,Southwest,35003.523752273424,26597.801988685533,43409.245515861316,22132.26230177947,47874.78520276738
2024-11-25,KFC,Southwest,35003.523752273424,26597.801988685533,43409.245515861316,22132.26230177947,47874.78520276738
2024-12-02,KFC,Southwest,35003.523752273424,26597.801988685533,43409.245515861316,22132.26230177947,47874.78520276738
2024-12-09,KFC,Southwest,35003.523752273424,26597.801988685533,43409.245515861316,22132.26230177947,47874.78520276738
2024-12-16,KFC,Southwest,35003.523752273424,26597.801988685533,43409.245515861316,22132.26230177947,47874.78520276738
2024-12-23,KFC,Southwest,35003.523752273424,26597.801988685533,43409.245515861316,22132.26230177947,47874.78520276738
2024-12-30,KFC,Southwest,35003.523752273424,26597.801988685533,43409.245515861316,22132.26230177947,47874.78520276738
2024-01-01,KFC,West,41400.16013760953,23687.216768936632,59113.10350628242,14277.215604329158,68523.1046708899
2024-01-08,KFC,West,41400.16013760953,23687.216768936632,59113.10350628242,14277.215604329158,68523.1046708899
2024-01-15,KFC,West,41400.16013760953,23687.216768936632,59113.10350628242,14277.215604329158,68523.1046708899
2024-01-22,KFC,West,41400.16013760953,23687.216768936632,59113.10350628242,14277.215604329158,68523.1046708899
2024-01-29,KFC,West,41400.16013760953,23687.216768936632,59113.10350628242,14277.215604329158,68523.1046708899
2024-02-05,KFC,West,41400.16013760953,23687.216768936632,59113.10350628242,14277.215604329158,68523.1046708899
2024-02-12,KFC,West,41400.16013760953,23687.216768936632,59113.10350628242,14277.215604329158,68523.1046708899
2024-02-19,KFC,West,41400.16013760953,23687.216768936632,59113.10350628242,14277.215604329158,68523.1046708899
2024-02-26,KFC,West,41400.16013760953,23687.216768936632,59113.10350628242,14277.215604329158,68523.1046708899
2024-03-04,KFC,West,41400.16013760953,23687.216768936632,59113.10350628242,14277.215604329158,68523.1046708899
2024-03-11,KFC,West,41400.16013760953,23687.216768936632,59113.10350628242,14277.215604329158,68523.1046708899
2024-03-18,KFC,West,41400.16013760953,23687.216768936632,59113.10350628242,14277.215604329158,68523.1046708899
2024-03-25,KFC,West,41400.16013760953,23687.216768936632,59113.10350628242,14277.215604329158,68523.1046708899
2024-04-01,KFC,West,41400.16013760953,23687.216768936632,59113.10350628242,14277.215604329158,68523.1046708899
2024-04-08,KFC,West,41400.16013760953,23687.216768936632,59113.10350628242,14277.215604329158,68523.1046708899
2024-04-15,KFC,West,41400.16013760953,23687.216768936632,59113.10350628242,14277.215604329158,68523.1046708899
2024-04-22,KFC,West,41400.16013760953,23687.216768936632,59113.10350628242,14277.215604329158,68523.1046708899
2024-04-29,KFC,West,41400.16013760953,23687.216768936632,59113.10350628242,14277.215604329158,68523.1046708899
2024-05-06,KFC,West,41400.16013760953,23687.216768936632,59113.10350628242,14277.215604329158,68523.1046708899
2024-05-13,KFC,West,41400.16013760953,23687.216768936632,59113.10350628242,14277.215604329158,68523.1046708899
2024-05-20,KFC,West,41400.16013760953,23687.216768936632,59113.10350628242,14277.215604329158,68523.1046708899
2024-05-27,KFC,West,41400.16013760953,23687.216768936632,59113.10350628242,14277.215604329158,68523.1046708899
2024-06-03,KFC,West,41400.16013760953,23687.216768936632,59113.10350628242,14277.215604329158,68523.1046708899
2024-06-10,KFC,West,41400.16013760953,23687.216768936632,59113.10350628242,14277.215604329158,68523.1046708899
2024-06-17,KFC,West,41400.16013760953,23687.216768936632,59113.10350628242,14277.215604329158,68523.1046708899
2024-06-24,KFC,West,41400.16013760953,23687.216768936632,59113.10350628242,14277.215604329158,68523.1046708899
2024-07-01,KFC,West,41400.16013760953,23687.216768936632,59113.10350628242,14277.215604329158,68523.1046708899
2024-07-08,KFC,West,41400.16013760953,23687.216768936632,59113.10350628242,14277.215604329158,68523.1046708899
2024-07-15,KFC,West,41400.16013760953,23687.216768936632,59113.10350628242,14277.215604329158,68523.1046708899
2024-07-22,KFC,West,41400.16013760953,23687.216768936632,59113.10350628242,14277.215604329158,68523.1046708899
2024-07-29,KFC,West,41400.16013760953,23687.216768936632,59113.10350628242,14277.215604329158,68523.1046708899
2024-08-05,KFC,West,41400.16013760953,23687.216768936632,59113.10350628242,14277.215604329158,68523.1046708899
2024-08-12,KFC,West,41400.16013760953,23687.216768936632,59113.10350628242,14277.215604329158,68523.1046708899
2024-08-19,KFC,West,41400.16013760953,23687.216768936632,59113.10350628242,14277.215604329158,68523.1046708899
2024-08-26,KFC,West,41400.16013760953,23687.216768936632,59113.10350628242,14277.215604329158,68523.1046708899
2024-09-02,KFC,West,41400.16013760953,23687.216768936632,59113.10350628242,14277.215604329158,68523.1046708899
2024-09-09,KFC,West,41400.16013760953,23687.216768936632,59113.10350628242,14277.215604329158,68523.1046708899
2024-09-16,KFC,West,41400.16013760953,23687.216768936632,59113.10350628242,14277.215604329158,68523.1046708899
2024-09-23,KFC,West,41400.16013760953,23687.216768936632,59113.10350628242,14277.215604329158,68523.1046708899
2024-09-30,KFC,West,41400.16013760953,23687.216768936632,59113.10350628242,14277.215604329158,68523.1046708899
2024-10-07,KFC,West,41400.16013760953,23687.216768936632,59113.10350628242,14277.215604329158,68523.1046708899
2024-10-14,KFC,West,41400.16013760953,23687.216768936632,59113.10350628242,14277.215604329158,68523.1046708899
2024-10-21,KFC,West,41400.16013760953,23687.216768936632,59113.10350628242,14277.215604329158,68523.1046708899
2024-10-28,KFC,West,41400.16013760953,23687.216768936632,59113.10350628242,14277.215604329158,68523.1046708899
2024-11-04,KFC,West,41400.16013760953,23687.216768936632,59113.10350628242,14277.215604329158,68523.1046708899
2024-11-11,KFC,West,41400.16013760953,23687.216768936632,59113.10350628242,14277.215604329158,68523.1046708899
2024-11-18,KFC,West,41400.16013760953,23687.216768936632,59113.10350628242,14277.215604329158,68523.1046708899
2024-11-25,KFC,West,41400.16013760953,23687.216768936632,59113.10350628242,14277.215604329158,68523.1046708899
2024-12-02,KFC,West,41400.16013760953,23687.216768936632,59113.10350628242,14277.215604329158,68523.1046708899
2024-12-09,KFC,West,41400.16013760953,23687.216768936632,59113.10350628242,14277.215604329158,68523.1046708899
2024-12-16,KFC,West,41400.16013760953,23687.216768936632,59113.10350628242,14277.215604329158,68523.1046708899
2024-12-23,KFC,West,41400.16013760953,23687.216768936632,59113.10350628242,14277.215604329158,68523.1046708899
2024-12-30,KFC,West,41400.16013760953,23687.216768936632,59113.10350628242,14277.215604329158,68523.1046708899
2024-01-01,McDonalds,Midwest,54840.73628844538,40060.30713792671,69621.16543896406,32208.204151713668,77473.2684251771
2024-01-08,McDonalds,Midwest,54840.73627471561,40060.307126618456,69621.16542281276,32208.204141691844,77473.26840773938
2024-01-15,McDonalds,Midwest,54840.73623116691,40060.307099795646,69621.16536253817,32208.204123754665,77473.26833857916
2024-01-22,McDonalds,Midwest,54840.736179568354,40060.30704629247,69621.16531284423,32208.204069239666,77473.26828989704
2024-01-29,McDonalds,Midwest,54840.736262981605,40060.30713048365,69621.16539547956,32208.204153844115,77473.2683721191
2024-02-05,McDonalds,Midwest,54840.736230355324,40060.307103292726,69621.16535741792,32208.204129540718,77473.26833116994
2024-02-12,McDonalds,Midwest,54840.7362417323,40060.30711089667,69621.16537256794,32208.204135140237,77473.26834832437
2024-02-19,McDonalds,Midwest,54840.73621099551,40060.307079764985,69621.16534222603,32208.204103798773,77473.26831819225
2024-02-26,McDonalds,Midwest,54840.736285786086,40060.30714265356,69621.16542891861,32208.204160364414,77473.26841120775
2024-03-04,McDonalds,Midwest,54840.73616530315,40060.30704331105,69621.16528729525,32208.20407225274,77473.26825835355
2024-03-11,McDonalds,Midwest,54840.736250021226,40060.30711703698,69621.16538300547,32208.204140139096,77473.26835990336
2024-03-18,McDonalds,Midwest,54840.73625246837,40060.30711361037,69621.16539132637,32208.20413359206,77473.26837134469
2024-03-25,McDonalds,Midwest,54840.73624920312,40060.30711611886,69621.16538228738,32208.204139167854,77473.26835923838
2024-04-01,McDonalds,Midwest,54840.73613826053,40060.30701732973,69621.16525919133,32208.204046835246,77473.26822968581
2024-04-08,McDonalds,Midwest,54840.73620564011,40060.307082197774,69621.16532908245,32208.204110369035,77473.26830091118
2024-04-15,McDonalds,Midwest,54840.736245622276,40060.307115925214,69621.16537531934,32208.204140773647,77473.2683504709
2024-04-22,McDonalds,Midwest,54840.736179392385,40060.307057602804,69621.16530118196,32208.204086652095,77473.26827213267
2024-04-29,McDonalds,Midwest,54840.73612334991,40060.30700672817,69621.16523997165,32208.204038522876,77473.26820817695
2024-05-06,McDonalds,Midwest,54840.73623268546,40060.30710165176,69621.16536371916,32208.204125790104,77473.26833958083
2024-05-13,McDonalds,Midwest,54840.73621337117,40060.30708516037,69621.16534158197,32208.204110798382,77473.26831594396
2024-05-20,McDonalds,Midwest,54840.73624499309,40060.3071094837,69621.16538050247,32208.20413124434,77473.26835874183
2024-05-27,McDonalds,Midwest,54840.73625792382,40060.30710687249,69621.16540897515,32208.204120376467,77473.26839547117
2024-06-03,McDonalds,Midwest,54840.73619619284,40060.30706917312,69621.16532321257,32208.204095443893,77473.2682969418
2024-06-10,McDonalds,Midwest,54840.736287870284,40060.30714407339,69621.16543166718,32208.204161431295,77473.26841430928
2024-06-17,McDonalds,Midwest,54840.736270615176,40060.30713235853,69621.16540887182,32208.20415265969,77473.26838857066
2024-06-24,McDonalds,Midwest,54840.73627340973,40060.30713449798,69621.16541232148,32208.204154451123,77473.26839236834
2024-07-01,McDonalds,Midwest,54840.73625074238,40060.3071174457,69621.16538403906,32208.204140381844,77473.26836110292
2024-07-08,McDonalds,Midwest,54840.73630301637,40060.30716170242,69621.16544433031,32208.204180379387,77473.26842565335
2024-07-15,McDonalds,Midwest,54840.73633610755,40060.30718182243,69621.16549039267,32208.204193608457,77473.26847860664
2024-07-22,McDonalds,Midwest,54840.73618799131,40060.30706414113,69621.16531184148,32208.20409209573,77473.2682838869
2024-07-29,McDonalds,Midwest,54840.73626161062,40060.30712577226,69621.16539744897,32208.204147358134,77473.2683758631
2024-08-05,McDonalds,Midwest,54840.736313487054,40060.30716756823,69621.16545940588,32208.204183798858,77473.26844317524
2024-08-12,McDonalds,Midwest,54840.73632950765,40060.30717737826,69621.16548163704,32208.20419030952,77473.26846870578
2024-08-19,McDonalds,Midwest,54840.73625621104,40060.30711839016,69621.16539403192,32208.204138922825,77473.26837349926
2024-08-26,McDonalds,Midwest,54840.73619571174,40060.30707195109,69621.16531947239,32208.204099953244,77473.26829147023
2024-09-02,McDonalds,Midwest,54840.7362575686,40060.307125626925,69621.16538951026,32208.204149282912,77473.26836585428
2024-09-09,McDonalds,Midwest,54840.73630798261,40060.307165088874,69621.16545087635,32208.204182926576,77473.26843303864
2024-09-16,McDonalds,Midwest,54840.73629388491,40060.30714908605,69621.16543868376,32208.204165911662,77473.26842185816
2024-09-23,McDonalds,Midwest,54840.73621437865,40060.30708553413,69621.16534322318,32208.20411083547,77473.26831792183
2024-09-30,McDonalds,Midwest,54840.736232832554,40060.30710352361,69621.1653621415,32208.204128578236,77473.26833708688
2024-10-07,McDonalds,Midwest,54840.73617007913,40060.30704891824,69621.16529124002,32208.204078301518,77473.26826185675
2024-10-14,McDonalds,Midwest,54840.73633902935,40060.30718326721,69621.16549479148,32208.204194268576,77473.26848379012
2024-10-21,McDonalds,Midwest,54840.73625308312,40060.30711623148,69621.16538993477,32208.204137279045,77473.2683688872
2024-10-28,McDonalds,Midwest,54840.736269215784,40060.30713010453,69621.16540832704,32208.20414995167,77473.26838847989
2024-11-04,McDonalds,Midwest,54840.73624586844,40060.30710992505,69621.16538181182,32208.204131455135,77473.26836028174
2024-11-11,McDonalds,Midwest,54840.736209547074,40060.30708455641,69621.16533453774,32208.20411190511,77473.26830718904
2024-11-18,McDonalds,Midwest,54840.7362267222,40060.30709687358,69621.16535657083,32208.2041216415,77473.2683318029
2024-11-25,McDonalds,Midwest,54840.73631641861,40060.30716532502,69621.1654675122,32208.20417880656,77473.26845403065
2024-12-02,McDonalds,Midwest,54840.73619147468,40060.307064995606,69621.16531795375,32208.2040915536,77473.26829139575
2024-12-09,McDonalds,Midwest,54840.736179078376,40060.30705460429,69621.16530355247,32208.20408222743,77473.26827592932
2024-12-16,McDonalds,Midwest,54840.73622601013,40060.30709976177,69621.16535225848,32208.204126442328,77473.26832557793
2024-12-23,McDonalds,Midwest,54840.73621672423,40060.307091055925,69621.16534239253,32208.204118044643,77473.26831540382
2024-12-30,McDonalds,Midwest,54840.73624227657,40060.30711050706,69621.16537404608,32208.204134254513,77473.26835029863
2024-01-01,McDonalds,Northeast,66788.49066695878,54392.1770065238,79184.80432739377,47806.63537441772,85770.34595949984
2024-01-08,McDonalds,Northeast,66788.49066695878,54392.1770065238,79184.80432739377,47806.63537441772,85770.34595949984
2024-01-15,McDonalds,Northeast,66788.49066695878,54392.1770065238,79184.80432739377,47806.63537441772,85770.34595949984
2024-01-22,McDonalds,Northeast,66788.49066695878,54392.1770065238,79184.80432739377,47806.63537441772,85770.34595949984
2024-01-29,McDonalds,Northeast,66788.49066695878,54392.1770065238,79184.80432739377,47806.63537441772,85770.34595949984
2024-02-05,McDonalds,Northeast,66788.49066695878,54392.1770065238,79184.80432739377,47806.63537441772,85770.34595949984
2024-02-12,McDonalds,Northeast,66788.49066695878,54392.1770065238,79184.80432739377,47806.63537441772,85770.34595949984
2024-02-19,McDonalds,Northeast,66788.49066695878,54392.1770065238,79184.80432739377,47806.63537441772,85770.34595949984
2024-02-26,McDonalds,Northeast,66788.49066695878,54392.1770065238,79184.80432739377,47806.63537441772,85770.34595949984
2024-03-04,McDonalds,Northeast,66788.49066695878,54392.1770065238,79184.80432739377,47806.63537441772,85770.34595949984
2024-03-11,McDonalds,Northeast,66788.49066695878,54392.1770065238,79184.80432739377,47806.63537441772,85770.34595949984
2024-03-18,McDonalds,Northeast,66788.49066695878,54392.1770065238,79184.80432739377,47806.63537441772,85770.34595949984
2024-03-25,McDonalds,Northeast,66788.49066695878,54392.1770065238,79184.80432739377,47806.63537441772,85770.34595949984
2024-04-01,McDonalds,Northeast,66788.49066695878,54392.1770065238,79184.80432739377,47806.63537441772,85770.34595949984
2024-04-08,McDonalds,Northeast,66788.49066695878,54392.1770065238,79184.80432739377,47806.63537441772,85770.34595949984
2024-04-15,McDonalds,Northeast,66788.49066695878,54392.1770065238,79184.80432739377,47806.63537441772,85770.34595949984
2024-04-22,McDonalds,Northeast,66788.49066695878,54392.1770065238,79184.80432739377,47806.63537441772,85770.34595949984
2024-04-29,McDonalds,Northeast,66788.49066695878,54392.1770065238,79184.80432739377,47806.63537441772,85770.34595949984
2024-05-06,McDonalds,Northeast,66788.49066695878,54392.1770065238,79184.80432739377,47806.63537441772,85770.34595949984
2024-05-13,McDonalds,Northeast,66788.49066695878,54392.1770065238,79184.80432739377,47806.63537441772,85770.34595949984
2024-05-20,McDonalds,Northeast,66788.49066695878,54392.1770065238,79184.80432739377,47806.63537441772,85770.34595949984
2024-05-27,McDonalds,Northeast,66788.49066695878,54392.1770065238,79184.80432739377,47806.63537441772,85770.34595949984
2024-06-03,McDonalds,Northeast,66788.49066695878,54392.1770065238,79184.80432739377,47806.63537441772,85770.34595949984
2024-06-10,McDonalds,Northeast,66788.49066695878,54392.1770065238,79184.80432739377,47806.63537441772,85770.34595949984
2024-06-17,McDonalds,Northeast,66788.49066695878,54392.1770065238,79184.80432739377,47806.63537441772,85770.34595949984
2024-06-24,McDonalds,Northeast,66788.49066695878,54392.1770065238,79184.80432739377,47806.63537441772,85770.34595949984
2024-07-01,McDonalds,Northeast,66788.49066695878,54392.1770065238,79184.80432739377,47806.63537441772,85770.34595949984
2024-07-08,McDonalds,Northeast,66788.49066695878,54392.1770065238,79184.80432739377,47806.63537441772,85770.34595949984
2024-07-15,McDonalds,Northeast,66788.49066695878,54392.1770065238,79184.80432739377,47806.63537441772,85770.34595949984
2024-07-22,McDonalds,Northeast,66788.49066695878,54392.1770065238,79184.80432739377,47806.63537441772,85770.34595949984
2024-07-29,McDonalds,Northeast,66788.49066695878,54392.1770065238,79184.80432739377,47806.63537441772,85770.34595949984
2024-08-05,McDonalds,Northeast,66788.49066695878,54392.1770065238,79184.80432739377,47806.63537441772,85770.34595949984
2024-08-12,McDonalds,Northeast,66788.49066695878,54392.1770065238,79184.80432739377,47806.63537441772,85770.34595949984
2024-08-19,McDonalds,Northeast,66788.49066695878,54392.1770065238,79184.80432739377,47806.63537441772,85770.34595949984
2024-08-26,McDonalds,Northeast,66788.49066695878,54392.1770065238,79184.80432739377,47806.63537441772,85770.34595949984
2024-09-02,McDonalds,Northeast,66788.49066695878,54392.1770065238,79184.80432739377,47806.63537441772,85770.34595949984
2024-09-09,McDonalds,Northeast,66788.49066695878,54392.1770065238,79184.80432739377,47806.63537441772,85770.34595949984
2024-09-16,McDonalds,Northeast,66788.49066695878,54392.1770065238,79184.80432739377,47806.63537441772,85770.34595949984
2024-09-23,McDonalds,Northeast,66788.49066695878,54392.1770065238,79184.80432739377,47806.63537441772,85770.34595949984
2024-09-30,McDonalds,Northeast,66788.49066695878,54392.1770065238,79184.80432739377,47806.63537441772,85770.34595949984
2024-10-07,McDonalds,Northeast,66788.49066695878,54392.1770065238,79184.80432739377,47806.63537441772,85770.34595949984
2024-10-14,McDonalds,Northeast,66788.49066695878,54392.1770065238,79184.80432739377,47806.63537441772,85770.34595949984
2024-10-21,McDonalds,Northeast,66788.49066695878,54392.1770065238,79184.80432739377,47806.63537441772,85770.34595949984
2024-10-28,McDonalds,Northeast,66788.49066695878,54392.1770065238,79184.80432739377,47806.63537441772,85770.34595949984
2024-11-04,McDonalds,Northeast,66788.49066695878,54392.1770065238,79184.80432739377,47806.63537441772,85770.34595949984
2024-11-11,McDonalds,Northeast,66788.49066695878,54392.1770065238,79184.80432739377,47806.63537441772,85770.34595949984
2024-11-18,McDonalds,Northeast,66788.49066695878,54392.1770065238,79184.80432739377,47806.63537441772,85770.34595949984
2024-11-25,McDonalds,Northeast,66788.49066695878,54392.1770065238,79184.80432739377,47806.63537441772,85770.34595949984
2024-12-02,McDonalds,Northeast,66788.49066695878,54392.1770065238,79184.80432739377,47806.63537441772,85770.34595949984
2024-12-09,McDonalds,Northeast,66788.49066695878,54392.1770065238,79184.80432739377,47806.63537441772,85770.34595949984
2024-12-16,McDonalds,Northeast,66788.49066695878,54392.1770065238,79184.80432739377,47806.63537441772,85770.34595949984
2024-12-23,McDonalds,Northeast,66788.49066695878,54392.1770065238,79184.80432739377,47806.63537441772,85770.34595949984
2024-12-30,McDonalds,Northeast,66788.49066695878,54392.1770065238,79184.80432739377,47806.63537441772,85770.34595949984
2024-01-01,McDonalds,South,69914.2490155492,43109.300934242565,96719.19709685583,28869.172266048423,110959.32576504997
2024-01-08,McDonalds,South,69914.24903337998,43109.30095035666,96719.1971164033,28869.17228125051,110959.32578550946
2024-01-15,McDonalds,South,69914.24899567301,43109.30091459882,96719.19707674721,28869.172246528156,110959.32574481788
2024-01-22,McDonalds,South,69914.2487965565,43109.30072783475,96719.19686527824,28869.17206632632,110959.32552678668
2024-01-29,McDonalds,South,69914.24880708927,43109.300727001,96719.19688717755,28869.172059454097,110959.32555472445
2024-02-05,McDonalds,South,69914.24896955561,43109.30089083941,96719.19704827182,28869.172224021437,110959.3257150898
2024-02-12,McDonalds,South,69914.24882519175,43109.30074656866,96719.19690381485,28869.17207980014,110959.32557058337
2024-02-19,McDonalds,South,69914.24904640025,43109.300965445014,96719.19712735548,28869.17229743755,110959.32579536294
2024-02-26,McDonalds,South,69914.24890836077,43109.30083112152,96719.1969856,28869.17216508819,110959.32565163335
2024-03-04,McDonalds,South,69914.24880958241,43109.30074106615,96719.19687809866,28869.172079666896,110959.32553949792
2024-03-11,McDonalds,South,69914.24885015986,43109.30078399672,96719.196916323,28869.17212384755,110959.32557647215
2024-03-18,McDonalds,South,69914.24888031403,43109.30080845859,96719.19695216947,28869.17214528539,110959.32561534268
2024-03-25,McDonalds,South,69914.24896554611,43109.300886220095,96719.19704487213,28869.172219078144,110959.32571201408
2024-04-01,McDonalds,South,69914.24902014973,43109.30093776813,96719.19710253133,28869.172269002906,110959.32577129654
2024-04-08,McDonalds,South,69914.2489234153,43109.30084964745,96719.19699718316,28869.172185458272,110959.32566137234
2024-04-15,McDonalds,South,69914.2489860316,43109.300906184144,96719.19706587905,28869.17223876519,110959.325733298
2024-04-22,McDonalds,South,69914.24894489638,43109.3008670105,96719.19702278226,28869.172200633628,110959.32568915913
2024-04-29,McDonalds,South,69914.2488941775,43109.300824048194,96719.19696430679,28869.172161792005,110959.32562656299
2024-05-06,McDonalds,South,69914.24910972398,43109.301018024984,96719.19720142298,28869.17234430989,110959.32587513808
2024-05-13,McDonalds,South,69914.2489472717,43109.300869276514,96719.19702526688,28869.172202841575,110959.32569170182
2024-05-20,McDonalds,South,69914.24898658802,43109.3009064926,96719.19706668344,28869.172238941916,110959.32573423412
2024-05-27,McDonalds,South,69914.24887842457,43109.300806454994,96719.19695039414,28869.17214322117,110959.32561362797
2024-06-03,McDonalds,South,69914.24899198492,43109.30091007176,96719.19707389807,28869.172241555396,110959.32574241444
2024-06-10,McDonalds,South,69914.24893113114,43109.30085457366,96719.1970076886,28869.172188902507,110959.32567335977
2024-06-17,McDonalds,South,69914.24897619229,43109.30089681116,96719.19705557343,28869.17222963994,110959.32572274464
2024-06-24,McDonalds,South,69914.24907211674,43109.30098602423,96719.19715820925,28869.172315287586,110959.3258289459
2024-07-01,McDonalds,South,69914.24906021112,43109.3009756145,96719.19714480775,28869.17230567254,110959.3258147497
2024-07-08,McDonalds,South,69914.24907470187,43109.30098897849,96719.19716042526,28869.172318437937,110959.32583096581
2024-07-15,McDonalds,South,69914.24896720212,43109.30088765205,96719.19704675219,28869.17222039107,110959.32571401316
2024-07-22,McDonalds,South,69914.2489816063,43109.30090160477,96719.19706160783,28869.172234103964,110959.32572910865
2024-07-29,McDonalds,South,69914.24903701119,43109.30095395986,96719.19712006253,28869.172284838838,110959.32578918355
2024-08-05,McDonalds,South,69914.24900306585,43109.30092426988,96719.19708186181,28869.172257409526,110959.32574872219
2024-08-12,McDonalds,South,69914.2489842298,43109.30090479349,96719.1970636661,28869.17223759296,110959.32573086664
2024-08-19,McDonalds,South,69914.24887427385,43109.30079661669,96719.19695193101,28869.172130361338,110959.32561818635
2024-08-26,McDonalds,South,69914.24896276211,43109.30088341383,96719.19704211039,28869.172216260064,110959.32570926416
2024-09-02,McDonalds,South,69914.24910856142,43109.301019285755,96719.19719783709,28869.17234685806,110959.32587026477
2024-09-09,McDonalds,South,69914.24909675305,43109.30100824365,96719.19718526244,28869.17233622304,110959.32585728305
2024-09-16,McDonalds,South,69914.24899795622,43109.300920089474,96719.19707582297,28869.17225372277,110959.32574218969
2024-09-23,McDonalds,South,69914.248858507,43109.30078506755,96719.19693194644,28869.17212105284,110959.32559596116
2024-09-30,McDonalds,South,69914.24890336959,43109.300823565325,96719.19698317385,28869.172156169305,110959.32565056987
2024-10-07,McDonalds,South,69914.248902541,43109.30082586594,96719.19697921607,28869.172160132322,110959.32564494968
2024-10-14,McDonalds,South,69914.2490173266,43109.30093877849,96719.1970958747,28869.172272049807,110959.32576260339
2024-10-21,McDonalds,South,69914.24897980412,43109.30090502515,96719.19705458308,28869.172240298823,110959.32571930942
2024-10-28,McDonalds,South,69914.24891681077,43109.30084026916,96719.19699335238,28869.17217460643,110959.32565901511
2024-11-04,McDonalds,South,69914.24904860214,43109.30096482707,96719.19713237722,28869.172295321565,110959.32580188272
2024-11-11,McDonalds,South,69914.24877527538,43109.30070017534,96719.19685037542,28869.172035278454,110959.3255152723
2024-11-18,McDonalds,South,69914.24905106616,43109.30096359797,96719.19713853435,28869.17229213049,110959.32581000183
2024-11-25,McDonalds,South,69914.24896553035,43109.300890164435,96719.19704089627,28869.172225126298,110959.3257059344
2024-12-02,McDonalds,South,69914.24869804452,43109.300622087205,96719.19677400184,28869.171956734885,110959.32543935417
2024-12-09,McDonalds,South,69914.24906628276,43109.30097420752,96719.197158358,28869.17230029255,110959.32583227297
2024-12-16,McDonalds,South,69914.24893148281,43109.30085694675,96719.19700601888,28869.172192349462,110959.32567061616
2024-12-23,McDonalds,South,69914.24880140099,43109.3007334385,96719.19686936348,28869.172072333422,110959.32553046854
2024-12-30,McDonalds,South,69914.24917363215,43109.30106275957,96719.19728450474,28869.172378858515,110959.32596840578
2024-01-01,McDonalds,Southwest,50366.38454147928,40951.106989925676,59781.662093032886,35949.24079066282,64783.52829229574
2024-01-08,McDonalds,Southwest,50366.38454147928,40951.106989925676,59781.662093032886,35949.24079066282,64783.52829229574
2024-01-15,McDonalds,Southwest,50366.38454147928,40951.106989925676,59781.662093032886,35949.24079066282,64783.52829229574
2024-01-22,McDonalds,Southwest,50366.38454147928,40951.106989925676,59781.662093032886,35949.24079066282,64783.52829229574
2024-01-29,McDonalds,Southwest,50366.38454147928,40951.106989925676,59781.662093032886,35949.24079066282,64783.52829229574
2024-02-05,McDonalds,Southwest,50366.38454147928,40951.106989925676,59781.662093032886,35949.24079066282,64783.52829229574
2024-02-12,McDonalds,Southwest,50366.38454147928,40951.106989925676,59781.662093032886,35949.24079066282,64783.52829229574
2024-02-19,McDonalds,Southwest,50366.38454147928,40951.106989925676,59781.662093032886,35949.24079066282,64783.52829229574
2024-02-26,McDonalds,Southwest,50366.38454147928,40951.106989925676,59781.662093032886,35949.24079066282,64783.52829229574
2024-03-04,McDonalds,Southwest,50366.38454147928,40951.106989925676,59781.662093032886,35949.24079066282,64783.52829229574
2024-03-11,McDonalds,Southwest,50366.38454147928,40951.106989925676,59781.662093032886,35949.24079066282,64783.52829229574
2024-03-18,McDonalds,Southwest,50366.38454147928,40951.106989925676,59781.662093032886,35949.24079066282,64783.52829229574
2024-03-25,McDonalds,Southwest,50366.38454147928,40951.106989925676,59781.662093032886,35949.24079066282,64783.52829229574
2024-04-01,McDonalds,Southwest,50366.38454147928,40951.106989925676,59781.662093032886,35949.24079066282,64783.52829229574
2024-04-08,McDonalds,Southwest,50366.38454147928,40951.106989925676,59781.662093032886,35949.24079066282,64783.52829229574
2024-04-15,McDonalds,Southwest,50366.38454147928,40951.106989925676,59781.662093032886,35949.24079066282,64783.52829229574
2024-04-22,McDonalds,Southwest,50366.38454147928,40951.106989925676,59781.662093032886,35949.24079066282,64783.52829229574
2024-04-29,McDonalds,Southwest,50366.38454147928,40951.106989925676,59781.662093032886,35949.24079066282,64783.52829229574
2024-05-06,McDonalds,Southwest,50366.38454147928,40951.106989925676,59781.662093032886,35949.24079066282,64783.52829229574
2024-05-13,McDonalds,Southwest,50366.38454147928,40951.106989925676,59781.662093032886,35949.24079066282,64783.52829229574
2024-05-20,McDonalds,Southwest,50366.38454147928,40951.106989925676,59781.662093032886,35949.24079066282,64783.52829229574
2024-05-27,McDonalds,Southwest,50366.38454147928,40951.106989925676,59781.662093032886,35949.24079066282,64783.52829229574
2024-06-03,McDonalds,Southwest,50366.38454147928,40951.106989925676,59781.662093032886,35949.24079066282,64783.52829229574
2024-06-10,McDonalds,Southwest,50366.38454147928,40951.106989925676,59781.662093032886,35949.24079066282,64783.52829229574
2024-06-17,McDonalds,Southwest,50366.38454147928,40951.106989925676,59781.662093032886,35949.24079066282,64783.52829229574
2024-06-24,McDonalds,Southwest,50366.38454147928,40951.106989925676,59781.662093032886,35949.24079066282,64783.52829229574
2024-07-01,McDonalds,Southwest,50366.38454147928,40951.106989925676,59781.662093032886,35949.24079066282,64783.52829229574
2024-07-08,McDonalds,Southwest,50366.38454147928,40951.106989925676,59781.662093032886,35949.24079066282,64783.52829229574
2024-07-15,McDonalds,Southwest,50366.38454147928,40951.106989925676,59781.662093032886,35949.24079066282,64783.52829229574
2024-07-22,McDonalds,Southwest,50366.38454147928,40951.106989925676,59781.662093032886,35949.24079066282,64783.52829229574
2024-07-29,McDonalds,Southwest,50366.38454147928,40951.106989925676,59781.662093032886,35949.24079066282,64783.52829229574
2024-08-05,McDonalds,Southwest,50366.38454147928,40951.106989925676,59781.662093032886,35949.24079066282,64783.52829229574
2024-08-12,McDonalds,Southwest,50366.38454147928,40951.106989925676,59781.662093032886,35949.24079066282,64783.52829229574
2024-08-19,McDonalds,Southwest,50366.38454147928,40951.106989925676,59781.662093032886,35949.24079066282,64783.52829229574
2024-08-26,McDonalds,Southwest,50366.38454147928,40951.106989925676,59781.662093032886,35949.24079066282,64783.52829229574
2024-09-02,McDonalds,Southwest,50366.38454147928,40951.106989925676,59781.662093032886,35949.24079066282,64783.52829229574
2024-09-09,McDonalds,Southwest,50366.38454147928,40951.106989925676,59781.662093032886,35949.24079066282,64783.52829229574
2024-09-16,McDonalds,Southwest,50366.38454147928,40951.106989925676,59781.662093032886,35949.24079066282,64783.52829229574
2024-09-23,McDonalds,Southwest,50366.38454147928,40951.106989925676,59781.662093032886,35949.24079066282,64783.52829229574
2024-09-30,McDonalds,Southwest,50366.38454147928,40951.106989925676,59781.662093032886,35949.24079066282,64783.52829229574
2024-10-07,McDonalds,Southwest,50366.38454147928,40951.106989925676,59781.662093032886,35949.24079066282,64783.52829229574
2024-10-14,McDonalds,Southwest,50366.38454147928,40951.106989925676,59781.662093032886,35949.24079066282,64783.52829229574
2024-10-21,McDonalds,Southwest,50366.38454147928,40951.106989925676,59781.662093032886,35949.24079066282,64783.52829229574
2024-10-28,McDonalds,Southwest,50366.38454147928,40951.106989925676,59781.662093032886,35949.24079066282,64783.52829229574
2024-11-04,McDonalds,Southwest,50366.38454147928,40951.106989925676,59781.662093032886,35949.24079066282,64783.52829229574
2024-11-11,McDonalds,Southwest,50366.38454147928,40951.106989925676,59781.662093032886,35949.24079066282,64783.52829229574
2024-11-18,McDonalds,Southwest,50366.38454147928,40951.106989925676,59781.662093032886,35949.24079066282,64783.52829229574
2024-11-25,McDonalds,Southwest,50366.38454147928,40951.106989925676,59781.662093032886,35949.24079066282,64783.52829229574
2024-12-02,McDonalds,Southwest,50366.38454147928,40951.106989925676,59781.662093032886,35949.24079066282,64783.52829229574
2024-12-09,McDonalds,Southwest,50366.38454147928,40951.106989925676,59781.662093032886,35949.24079066282,64783.52829229574
2024-12-16,McDonalds,Southwest,50366.38454147928,40951.106989925676,59781.662093032886,35949.24079066282,64783.52829229574
2024-12-23,McDonalds,Southwest,50366.38454147928,40951.106989925676,59781.662093032886,35949.24079066282,64783.52829229574
2024-12-30,McDonalds,Southwest,50366.38454147928,40951.106989925676,59781.662093032886,35949.24079066282,64783.52829229574
2024-01-01,McDonalds,West,27249.592292953464,15917.52385819167,38581.66072771526,9897.362502224467,44601.82208368246
2024-01-08,McDonalds,West,27249.592302346515,15917.5238659551,38581.66073873793,9897.362509122162,44601.82209557087
2024-01-15,McDonalds,West,27249.59231549215,15917.523886508206,38581.660744476096,9897.362533610485,44601.82209737382
2024-01-22,McDonalds,West,27249.59231302275,15917.523864234687,38581.66076181081,9897.362500816027,44601.822125229475
2024-01-29,McDonalds,West,27249.59227850489,15917.523840852795,38581.660716156985,9897.36248335012,44601.822073659656
2024-02-05,McDonalds,West,27249.592299817763,15917.52385880158,38581.66074083395,9897.362499511735,44601.82210012379
2024-02-12,McDonalds,West,27249.592306705363,15917.523868973221,38581.660744437504,9897.362511428022,44601.8221019827
2024-02-19,McDonalds,West,27249.592331291413,15917.523881280873,38581.66078130195,9897.362517212772,44601.82214537005
2024-02-26,McDonalds,West,27249.5923193029,15917.523868300656,38581.66077030515,9897.362503705714,44601.82213490009
2024-03-04,McDonalds,West,27249.592276992582,15917.523830864888,38581.66072312028,9897.362468859552,44601.82208512561
2024-03-11,McDonalds,West,27249.59232592874,15917.523874789282,38581.6607770682,9897.362510121446,44601.82214173603
2024-03-18,McDonalds,West,27249.592350125215,15917.523895082275,38581.660805168154,9897.362528340713,44601.82217190972
2024-03-25,McDonalds,West,27249.592310624168,15917.523867838048,38581.66075341029,9897.362507607922,44601.82211364042
2024-04-01,McDonalds,West,27249.592287851923,15917.523848454437,38581.66072724941,9897.362490024523,44601.82208567932
2024-04-08,McDonalds,West,27249.592297884417,15917.523860320698,38581.66073544814,9897.362502864973,44601.822092903865
2024-04-15,McDonalds,West,27249.5923104484,15917.523873972581,38581.660746924215,9897.362517094803,44601.822103802
2024-04-22,McDonalds,West,27249.592281479603,15917.523843912377,38581.66071904683,9897.36248645479,44601.82207650442
2024-04-29,McDonalds,West,27249.59231961072,15917.5238721349,38581.66076708654,9897.362509413368,44601.822129808075
2024-05-06,McDonalds,West,27249.592309939206,15917.523864722001,38581.66075515641,9897.362503200362,44601.82211667805
2024-05-13,McDonalds,West,27249.59231584581,15917.523868484543,38581.66076320708,9897.362505823869,44601.82212586775
2024-05-20,McDonalds,West,27249.592320586606,15917.523871545085,38581.66076962813,9897.36250799178,44601.82213318143
2024-05-27,McDonalds,West,27249.59232303053,15917.523883317448,38581.66076274362,9897.362524719872,44601.82212134119
2024-06-03,McDonalds,West,27249.5923254074,15917.523887747793,38581.660763067004,9897.362530241127,44601.82212057368
2024-06-10,McDonalds,West,27249.59231802445,15917.523880995108,38581.66075505379,9897.36252382327,44601.82211222563
2024-06-17,McDonalds,West,27249.592319504794,15917.523884069864,38581.66075493972,9897.36252774506,44601.822111264526
2024-06-24,McDonalds,West,27249.59231223568,15917.523866015623,38581.660758455735,9897.362503961216,44601.82212051014
2024-07-01,McDonalds,West,27249.592338471575,15917.523889365015,38581.660787578134,9897.362525777153,44601.822151165994
2024-07-08,McDonalds,West,27249.592304770267,15917.52386250554,38581.66074703499,9897.362502552405,44601.822106988126
2024-07-15,McDonalds,West,27249.592326875987,15917.523883055062,38581.66077069691,9897.362522275198,44601.82213147677
2024-07-22,McDonalds,West,27249.592327465503,15917.52388410227,38581.660770828734,9897.362523565553,44601.82213136545
2024-07-29,McDonalds,West,27249.592334750356,15917.52388812898,38581.66078137173,9897.362525861376,44601.822143639336
2024-08-05,McDonalds,West,27249.592350659477,15917.523902610286,38581.66079870867,9897.362539584155,44601.8221617348
2024-08-12,McDonalds,West,27249.592326379094,15917.523887449912,38581.660765308276,9897.362529268783,44601.8221234894
2024-08-19,McDonalds,West,27249.592291104756,15917.52385242657,38581.66072978295,9897.362494378784,44601.82208783073
2024-08-26,McDonalds,West,27249.592326556947,15917.523875801968,38581.660777311925,9897.362511338386,44601.82214177551
2024-09-02,McDonalds,West,27249.592358986607,15917.52391168172,38581.6608062915,9897.362549050998,44601.82216892221
2024-09-09,McDonalds,West,27249.59233431177,15917.52390059817,38581.660768025366,9897.362545187822,44601.82212343572
2024-09-16,McDonalds,West,27249.5923164939,15917.523875266865,38581.660757720936,9897.362515865003,44601.8221171228
2024-09-23,McDonalds,West,27249.592328585426,15917.523892705976,38581.660764464876,9897.362536145018,44601.822121025834
2024-09-30,McDonalds,West,27249.59230119977,15917.52386304588,38581.660739353654,9897.36250527663,44601.82209712291
2024-10-07,McDonalds,West,27249.592302143265,15917.523876367482,38581.66072791905,9897.362525174096,44601.82207911243
2024-10-14,McDonalds,West,27249.592307440373,15917.52386703181,38581.66074784893,9897.362508064762,44601.822106815984
2024-10-21,McDonalds,West,27249.592307066006,15917.523864847588,38581.66074928443,9897.362504919056,44601.82210921295
2024-10-28,McDonalds,West,27249.592319540083,15917.523886616638,38581.660752463526,9897.362531626059,44601.82210745411
2024-11-04,McDonalds,West,27249.59230028753,15917.523863683338,38581.660736891725,9897.362506737361,44601.822093837705
2024-11-11,McDonalds,West,27249.592292078945,15917.52385923736,38581.660724920526,9897.362504290268,44601.82207986762
2024-11-18,McDonalds,West,27249.59230452921,15917.523864470364,38581.66074458806,9897.362505689103,44601.82210336932
2024-11-25,McDonalds,West,27249.592301504632,15917.523852894361,38581.660750114905,9897.362489570154,44601.822113439106
2024-12-02,McDonalds,West,27249.592321756263,15917.523885109818,38581.66075840271,9897.362528141395,44601.822115371135
2024-12-09,McDonalds,West,27249.592275232724,15917.523839603458,38581.660710861994,9897.36248317541,44601.822067290035
2024-12-16,McDonalds,West,27249.592285667964,15917.523850677771,38581.660720658154,9897.362494589233,44601.8220767467
2024-12-23,McDonalds,West,27249.592321280048,15917.523872224554,38581.66077033554,9897.362508663824,44601.822133896276
2024-12-30,McDonalds,West,27249.59228451948,15917.523840505248,38581.66072853371,9897.36247962269,44601.822089416266
2024-01-01,PizzaHut,Midwest,137602.51069360663,104809.17056618838,170395.85082102488,87387.70862349743,187817.31276371583
2024-01-08,PizzaHut,Midwest,137602.51069360663,104809.17056618838,170395.85082102488,87387.70862349743,187817.31276371583
2024-01-15,PizzaHut,Midwest,137602.51069360663,104809.17056618838,170395.85082102488,87387.70862349743,187817.31276371583
2024-01-22,PizzaHut,Midwest,137602.51069360663,104809.17056618838,170395.85082102488,87387.70862349743,187817.31276371583
2024-01-29,PizzaHut,Midwest,137602.51069360663,104809.17056618838,170395.85082102488,87387.70862349743,187817.31276371583
2024-02-05,PizzaHut,Midwest,137602.51069360663,104809.17056618838,170395.85082102488,87387.70862349743,187817.31276371583
2024-02-12,PizzaHut,Midwest,137602.51069360663,104809.17056618838,170395.85082102488,87387.70862349743,187817.31276371583
2024-02-19,PizzaHut,Midwest,137602.51069360663,104809.17056618838,170395.85082102488,87387.70862349743,187817.31276371583
2024-02-26,PizzaHut,Midwest,137602.51069360663,104809.17056618838,170395.85082102488,87387.70862349743,187817.31276371583
2024-03-04,PizzaHut,Midwest,137602.51069360663,104809.17056618838,170395.85082102488,87387.70862349743,187817.31276371583
2024-03-11,PizzaHut,Midwest,137602.51069360663,104809.17056618838,170395.85082102488,87387.70862349743,187817.31276371583
2024-03-18,PizzaHut,Midwest,137602.51069360663,104809.17056618838,170395.85082102488,87387.70862349743,187817.31276371583
2024-03-25,PizzaHut,Midwest,137602.51069360663,104809.17056618838,170395.85082102488,87387.70862349743,187817.31276371583
2024-04-01,PizzaHut,Midwest,137602.51069360663,104809.17056618838,170395.85082102488,87387.70862349743,187817.31276371583
2024-04-08,PizzaHut,Midwest,137602.51069360663,104809.17056618838,170395.85082102488,87387.70862349743,187817.31276371583
2024-04-15,PizzaHut,Midwest,137602.51069360663,104809.17056618838,170395.85082102488,87387.70862349743,187817.31276371583
2024-04-22,PizzaHut,Midwest,137602.51069360663,104809.17056618838,170395.85082102488,87387.70862349743,187817.31276371583
2024-04-29,PizzaHut,Midwest,137602.51069360663,104809.17056618838,170395.85082102488,87387.70862349743,187817.31276371583
2024-05-06,PizzaHut,Midwest,137602.51069360663,104809.17056618838,170395.85082102488,87387.70862349743,187817.31276371583
2024-05-13,PizzaHut,Midwest,137602.51069360663,104809.17056618838,170395.85082102488,87387.70862349743,187817.31276371583
2024-05-20,PizzaHut,Midwest,137602.51069360663,104809.17056618838,170395.85082102488,87387.70862349743,187817.31276371583
2024-05-27,PizzaHut,Midwest,137602.51069360663,104809.17056618838,170395.85082102488,87387.70862349743,187817.31276371583
2024-06-03,PizzaHut,Midwest,137602.51069360663,104809.17056618838,170395.85082102488,87387.70862349743,187817.31276371583
2024-06-10,PizzaHut,Midwest,137602.51069360663,104809.17056618838,170395.85082102488,87387.70862349743,187817.31276371583
2024-06-17,PizzaHut,Midwest,137602.51069360663,104809.17056618838,170395.85082102488,87387.70862349743,187817.31276371583
2024-06-24,PizzaHut,Midwest,137602.51069360663,104809.17056618838,170395.85082102488,87387.70862349743,187817.31276371583
2024-07-01,PizzaHut,Midwest,137602.51069360663,104809.17056618838,170395.85082102488,87387.70862349743,187817.31276371583
2024-07-08,PizzaHut,Midwest,137602.51069360663,104809.17056618838,170395.85082102488,87387.70862349743,187817.31276371583
2024-07-15,PizzaHut,Midwest,137602.51069360663,104809.17056618838,170395.85082102488,87387.70862349743,187817.31276371583
2024-07-22,PizzaHut,Midwest,137602.51069360663,104809.17056618838,170395.85082102488,87387.70862349743,187817.31276371583
2024-07-29,PizzaHut,Midwest,137602.51069360663,104809.17056618838,170395.85082102488,87387.70862349743,187817.31276371583
2024-08-05,PizzaHut,Midwest,137602.51069360663,104809.17056618838,170395.85082102488,87387.70862349743,187817.31276371583
2024-08-12,PizzaHut,Midwest,137602.51069360663,104809.17056618838,170395.85082102488,87387.70862349743,187817.31276371583
2024-08-19,PizzaHut,Midwest,137602.51069360663,104809.17056618838,170395.85082102488,87387.70862349743,187817.31276371583
2024-08-26,PizzaHut,Midwest,137602.51069360663,104809.17056618838,170395.85082102488,87387.70862349743,187817.31276371583
2024-09-02,PizzaHut,Midwest,137602.51069360663,104809.17056618838,170395.85082102488,87387.70862349743,187817.31276371583
2024-09-09,PizzaHut,Midwest,137602.51069360663,104809.17056618838,170395.85082102488,87387.70862349743,187817.31276371583
2024-09-16,PizzaHut,Midwest,137602.51069360663,104809.17056618838,170395.85082102488,87387.70862349743,187817.31276371583
2024-09-23,PizzaHut,Midwest,137602.51069360663,104809.17056618838,170395.85082102488,87387.70862349743,187817.31276371583
2024-09-30,PizzaHut,Midwest,137602.51069360663,104809.17056618838,170395.85082102488,87387.70862349743,187817.31276371583
2024-10-07,PizzaHut,Midwest,137602.51069360663,104809.17056618838,170395.85082102488,87387.70862349743,187817.31276371583
2024-10-14,PizzaHut,Midwest,137602.51069360663,104809.17056618838,170395.85082102488,87387.70862349743,187817.31276371583
2024-10-21,PizzaHut,Midwest,137602.51069360663,104809.17056618838,170395.85082102488,87387.70862349743,187817.31276371583
2024-10-28,PizzaHut,Midwest,137602.51069360663,104809.17056618838,170395.85082102488,87387.70862349743,187817.31276371583
2024-11-04,PizzaHut,Midwest,137602.51069360663,104809.17056618838,170395.85082102488,87387.70862349743,187817.31276371583
2024-11-11,PizzaHut,Midwest,137602.51069360663,104809.17056618838,170395.85082102488,87387.70862349743,187817.31276371583
2024-11-18,PizzaHut,Midwest,137602.51069360663,104809.17056618838,170395.85082102488,87387.70862349743,187817.31276371583
2024-11-25,PizzaHut,Midwest,137602.51069360663,104809.17056618838,170395.85082102488,87387.70862349743,187817.31276371583
2024-12-02,PizzaHut,Midwest,137602.51069360663,104809.17056618838,170395.85082102488,87387.70862349743,187817.31276371583
2024-12-09,PizzaHut,Midwest,137602.51069360663,104809.17056618838,170395.85082102488,87387.70862349743,187817.31276371583
2024-12-16,PizzaHut,Midwest,137602.51069360663,104809.17056618838,170395.85082102488,87387.70862349743,187817.31276371583
2024-12-23,PizzaHut,Midwest,137602.51069360663,104809.17056618838,170395.85082102488,87387.70862349743,187817.31276371583
2024-12-30,PizzaHut,Midwest,137602.51069360663,104809.17056618838,170395.85082102488,87387.70862349743,187817.31276371583
2024-01-01,PizzaHut,Northeast,112270.76881973393,77674.72304481195,146866.8145946559,59295.57372688465,165245.96391258322
2024-01-08,PizzaHut,Northeast,112270.76881973393,77674.72304481195,146866.8145946559,59295.57372688465,165245.96391258322
2024-01-15,PizzaHut,Northeast,112270.76881973393,77674.72304481195,146866.8145946559,59295.57372688465,165245.96391258322
2024-01-22,PizzaHut,Northeast,112270.76881973393,77674.72304481195,146866.8145946559,59295.57372688465,165245.96391258322
2024-01-29,PizzaHut,Northeast,112270.76881973393,77674.72304481195,146866.8145946559,59295.57372688465,165245.96391258322
2024-02-05,PizzaHut,Northeast,112270.76881973393,77674.72304481195,146866.8145946559,59295.57372688465,165245.96391258322
2024-02-12,PizzaHut,Northeast,112270.76881973393,77674.72304481195,146866.8145946559,59295.57372688465,165245.96391258322
2024-02-19,PizzaHut,Northeast,112270.76881973393,77674.72304481195,146866.8145946559,59295.57372688465,165245.96391258322
2024-02-26,PizzaHut,Northeast,112270.76881973393,77674.72304481195,146866.8145946559,59295.57372688465,165245.96391258322
2024-03-04,PizzaHut,Northeast,112270.76881973393,77674.72304481195,146866.8145946559,59295.57372688465,165245.96391258322
2024-03-11,PizzaHut,Northeast,112270.76881973393,77674.72304481195,146866.8145946559,59295.57372688465,165245.96391258322
2024-03-18,PizzaHut,Northeast,112270.76881973393,77674.72304481195,146866.8145946559,59295.57372688465,165245.96391258322
2024-03-25,PizzaHut,Northeast,112270.76881973393,77674.72304481195,146866.8145946559,59295.57372688465,165245.96391258322
2024-04-01,PizzaHut,Northeast,112270.76881973393,77674.72304481195,146866.8145946559,59295.57372688465,165245.96391258322
2024-04-08,PizzaHut,Northeast,112270.76881973393,77674.72304481195,146866.8145946559,59295.57372688465,165245.96391258322
2024-04-15,PizzaHut,Northeast,112270.76881973393,77674.72304481195,146866.8145946559,59295.57372688465,165245.96391258322
2024-04-22,PizzaHut,Northeast,112270.76881973393,77674.72304481195,146866.8145946559,59295.57372688465,165245.96391258322
2024-04-29,PizzaHut,Northeast,112270.76881973393,77674.72304481195,146866.8145946559,59295.57372688465,165245.96391258322
2024-05-06,PizzaHut,Northeast,112270.76881973393,77674.72304481195,146866.8145946559,59295.57372688465,165245.96391258322
2024-05-13,PizzaHut,Northeast,112270.76881973393,77674.72304481195,146866.8145946559,59295.57372688465,165245.96391258322
2024-05-20,PizzaHut,Northeast,112270.76881973393,77674.72304481195,146866.8145946559,59295.57372688465,165245.96391258322
2024-05-27,PizzaHut,Northeast,112270.76881973393,77674.72304481195,146866.8145946559,59295.57372688465,165245.96391258322
2024-06-03,PizzaHut,Northeast,112270.76881973393,77674.72304481195,146866.8145946559,59295.57372688465,165245.96391258322
2024-06-10,PizzaHut,Northeast,112270.76881973393,77674.72304481195,146866.8145946559,59295.57372688465,165245.96391258322
2024-06-17,PizzaHut,Northeast,112270.76881973393,77674.72304481195,146866.8145946559,59295.57372688465,165245.96391258322
2024-06-24,PizzaHut,Northeast,112270.76881973393,77674.72304481195,146866.8145946559,59295.57372688465,165245.96391258322
2024-07-01,PizzaHut,Northeast,112270.76881973393,77674.72304481195,146866.8145946559,59295.57372688465,165245.96391258322
2024-07-08,PizzaHut,Northeast,112270.76881973393,77674.72304481195,146866.8145946559,59295.57372688465,165245.96391258322
2024-07-15,PizzaHut,Northeast,112270.76881973393,77674.72304481195,146866.8145946559,59295.57372688465,165245.96391258322
2024-07-22,PizzaHut,Northeast,112270.76881973393,77674.72304481195,146866.8145946559,59295.57372688465,165245.96391258322
2024-07-29,PizzaHut,Northeast,112270.76881973393,77674.72304481195,146866.8145946559,59295.57372688465,165245.96391258322
2024-08-05,PizzaHut,Northeast,112270.76881973393,77674.72304481195,146866.8145946559,59295.57372688465,165245.96391258322
2024-08-12,PizzaHut,Northeast,112270.76881973393,77674.72304481195,146866.8145946559,59295.57372688465,165245.96391258322
2024-08-19,PizzaHut,Northeast,112270.76881973393,77674.72304481195,146866.8145946559,59295.57372688465,165245.96391258322
2024-08-26,PizzaHut,Northeast,112270.76881973393,77674.72304481195,146866.8145946559,59295.57372688465,165245.96391258322
2024-09-02,PizzaHut,Northeast,112270.76881973393,77674.72304481195,146866.8145946559,59295.57372688465,165245.96391258322
2024-09-09,PizzaHut,Northeast,112270.76881973393,77674.72304481195,146866.8145946559,59295.57372688465,165245.96391258322
2024-09-16,PizzaHut,Northeast,112270.76881973393,77674.72304481195,146866.8145946559,59295.57372688465,165245.96391258322
2024-09-23,PizzaHut,Northeast,112270.76881973393,77674.72304481195,146866.8145946559,59295.57372688465,165245.96391258322
2024-09-30,PizzaHut,Northeast,112270.76881973393,77674.72304481195,146866.8145946559,59295.57372688465,165245.96391258322
2024-10-07,PizzaHut,Northeast,112270.76881973393,77674.72304481195,146866.8145946559,59295.57372688465,165245.96391258322
2024-10-14,PizzaHut,Northeast,112270.76881973393,77674.72304481195,146866.8145946559,59295.57372688465,165245.96391258322
2024-10-21,PizzaHut,Northeast,112270.76881973393,77674.72304481195,146866.8145946559,59295.57372688465,165245.96391258322
2024-10-28,PizzaHut,Northeast,112270.76881973393,77674.72304481195,146866.8145946559,59295.57372688465,165245.96391258322
2024-11-04,PizzaHut,Northeast,112270.76881973393,77674.72304481195,146866.8145946559,59295.57372688465,165245.96391258322
2024-11-11,PizzaHut,Northeast,112270.76881973393,77674.72304481195,146866.8145946559,59295.57372688465,165245.96391258322
2024-11-18,PizzaHut,Northeast,112270.76881973393,77674.72304481195,146866.8145946559,59295.57372688465,165245.96391258322
2024-11-25,PizzaHut,Northeast,112270.76881973393,77674.72304481195,146866.8145946559,59295.57372688465,165245.96391258322
2024-12-02,PizzaHut,Northeast,112270.76881973393,77674.72304481195,146866.8145946559,59295.57372688465,165245.96391258322
2024-12-09,PizzaHut,Northeast,112270.76881973393,77674.72304481195,146866.8145946559,59295.57372688465,165245.96391258322
2024-12-16,PizzaHut,Northeast,112270.76881973393,77674.72304481195,146866.8145946559,59295.57372688465,165245.96391258322
2024-12-23,PizzaHut,Northeast,112270.76881973393,77674.72304481195,146866.8145946559,59295.57372688465,165245.96391258322
2024-12-30,PizzaHut,Northeast,112270.76881973393,77674.72304481195,146866.8145946559,59295.57372688465,165245.96391258322
2024-01-01,PizzaHut,South,44688.55745526725,32934.0273193637,56443.0875911708,26689.433184664937,62687.68172586956
2024-01-08,PizzaHut,South,44688.55745526725,32934.0273193637,56443.0875911708,26689.433184664937,62687.68172586956
2024-01-15,PizzaHut,South,44688.55745526725,32934.0273193637,56443.0875911708,26689.433184664937,62687.68172586956
2024-01-22,PizzaHut,South,44688.55745526725,32934.0273193637,56443.0875911708,26689.433184664937,62687.68172586956
2024-01-29,PizzaHut,South,44688.55745526725,32934.0273193637,56443.0875911708,26689.433184664937,62687.68172586956
2024-02-05,PizzaHut,South,44688.55745526725,32934.0273193637,56443.0875911708,26689.433184664937,62687.68172586956
2024-02-12,PizzaHut,South,44688.55745526725,32934.0273193637,56443.0875911708,26689.433184664937,62687.68172586956
2024-02-19,PizzaHut,South,44688.55745526725,32934.0273193637,56443.0875911708,26689.433184664937,62687.68172586956
2024-02-26,PizzaHut,South,44688.55745526725,32934.0273193637,56443.0875911708,26689.433184664937,62687.68172586956
2024-03-04,PizzaHut,South,44688.55745526725,32934.0273193637,56443.0875911708,26689.433184664937,62687.68172586956
2024-03-11,PizzaHut,South,44688.55745526725,32934.0273193637,56443.0875911708,26689.433184664937,62687.68172586956
2024-03-18,PizzaHut,South,44688.55745526725,32934.0273193637,56443.0875911708,26689.433184664937,62687.68172586956
2024-03-25,PizzaHut,South,44688.55745526725,32934.0273193637,56443.0875911708,26689.433184664937,62687.68172586956
2024-04-01,PizzaHut,South,44688.55745526725,32934.0273193637,56443.0875911708,26689.433184664937,62687.68172586956
2024-04-08,PizzaHut,South,44688.55745526725,32934.0273193637,56443.0875911708,26689.433184664937,62687.68172586956
2024-04-15,PizzaHut,South,44688.55745526725,32934.0273193637,56443.0875911708,26689.433184664937,62687.68172586956
2024-04-22,PizzaHut,South,44688.55745526725,32934.0273193637,56443.0875911708,26689.433184664937,62687.68172586956
2024-04-29,PizzaHut,South,44688.55745526725,32934.0273193637,56443.0875911708,26689.433184664937,62687.68172586956
2024-05-06,PizzaHut,South,44688.55745526725,32934.0273193637,56443.0875911708,26689.433184664937,62687.68172586956
2024-05-13,PizzaHut,South,44688.55745526725,32934.0273193637,56443.0875911708,26689.433184664937,62687.68172586956
2024-05-20,PizzaHut,South,44688.55745526725,32934.0273193637,56443.0875911708,26689.433184664937,62687.68172586956
2024-05-27,PizzaHut,South,44688.55745526725,32934.0273193637,56443.0875911708,26689.433184664937,62687.68172586956
2024-06-03,PizzaHut,South,44688.55745526725,32934.0273193637,56443.0875911708,26689.433184664937,62687.68172586956
2024-06-10,PizzaHut,South,44688.55745526725,32934.0273193637,56443.0875911708,26689.433184664937,62687.68172586956
2024-06-17,PizzaHut,South,44688.55745526725,32934.0273193637,56443.0875911708,26689.433184664937,62687.68172586956
2024-06-24,PizzaHut,South,44688.55745526725,32934.0273193637,56443.0875911708,26689.433184664937,62687.68172586956
2024-07-01,PizzaHut,South,44688.55745526725,32934.0273193637,56443.0875911708,26689.433184664937,62687.68172586956
2024-07-08,PizzaHut,South,44688.55745526725,32934.0273193637,56443.0875911708,26689.433184664937,62687.68172586956
2024-07-15,PizzaHut,South,44688.55745526725,32934.0273193637,56443.0875911708,26689.433184664937,62687.68172586956
2024-07-22,PizzaHut,South,44688.55745526725,32934.0273193637,56443.0875911708,26689.433184664937,62687.68172586956
2024-07-29,PizzaHut,South,44688.55745526725,32934.0273193637,56443.0875911708,26689.433184664937,62687.68172586956
2024-08-05,PizzaHut,South,44688.55745526725,32934.0273193637,56443.0875911708,26689.433184664937,62687.68172586956
2024-08-12,PizzaHut,South,44688.55745526725,32934.0273193637,56443.0875911708,26689.433184664937,62687.68172586956
2024-08-19,PizzaHut,South,44688.55745526725,32934.0273193637,56443.0875911708,26689.433184664937,62687.68172586956
2024-08-26,PizzaHut,South,44688.55745526725,32934.0273193637,56443.0875911708,26689.433184664937,62687.68172586956
2024-09-02,PizzaHut,South,44688.55745526725,32934.0273193637,56443.0875911708,26689.433184664937,62687.68172586956
2024-09-09,PizzaHut,South,44688.55745526725,32934.0273193637,56443.0875911708,26689.433184664937,62687.68172586956
2024-09-16,PizzaHut,South,44688.55745526725,32934.0273193637,56443.0875911708,26689.433184664937,62687.68172586956
2024-09-23,PizzaHut,South,44688.55745526725,32934.0273193637,56443.0875911708,26689.433184664937,62687.68172586956
2024-09-30,PizzaHut,South,44688.55745526725,32934.0273193637,56443.0875911708,26689.433184664937,62687.68172586956
2024-10-07,PizzaHut,South,44688.55745526725,32934.0273193637,56443.0875911708,26689.433184664937,62687.68172586956
2024-10-14,PizzaHut,South,44688.55745526725,32934.0273193637,56443.0875911708,26689.433184664937,62687.68172586956
2024-10-21,PizzaHut,South,44688.55745526725,32934.0273193637,56443.0875911708,26689.433184664937,62687.68172586956
2024-10-28,PizzaHut,South,44688.55745526725,32934.0273193637,56443.0875911708,26689.433184664937,62687.68172586956
2024-11-04,PizzaHut,South,44688.55745526725,32934.0273193637,56443.0875911708,26689.433184664937,62687.68172586956
2024-11-11,PizzaHut,South,44688.55745526725,32934.0273193637,56443.0875911708,26689.433184664937,62687.68172586956
2024-11-18,PizzaHut,South,44688.55745526725,32934.0273193637,56443.0875911708,26689.433184664937,62687.68172586956
2024-11-25,PizzaHut,South,44688.55745526725,32934.0273193637,56443.0875911708,26689.433184664937,62687.68172586956
2024-12-02,PizzaHut,South,44688.55745526725,32934.0273193637,56443.0875911708,26689.433184664937,62687.68172586956
2024-12-09,PizzaHut,South,44688.55745526725,32934.0273193637,56443.0875911708,26689.433184664937,62687.68172586956
2024-12-16,PizzaHut,South,44688.55745526725,32934.0273193637,56443.0875911708,26689.433184664937,62687.68172586956
2024-12-23,PizzaHut,South,44688.55745526725,32934.0273193637,56443.0875911708,26689.433184664937,62687.68172586956
2024-12-30,PizzaHut,South,44688.55745526725,32934.0273193637,56443.0875911708,26689.433184664937,62687.68172586956
2024-01-01,PizzaHut,Southwest,29429.521971304457,-239.01822786708,59098.062170476,-16000.43020867696,74859.47415128587
2024-01-08,PizzaHut,Southwest,29429.521971304457,-239.01822786708,59098.062170476,-16000.43020867696,74859.47415128587
2024-01-15,PizzaHut,Southwest,29429.521971304457,-239.01822786708,59098.062170476,-16000.43020867696,74859.47415128587
2024-01-22,PizzaHut,Southwest,29429.521971304457,-239.01822786708,59098.062170476,-16000.43020867696,74859.47415128587
2024-01-29,PizzaHut,Southwest,29429.521971304457,-239.01822786708,59098.062170476,-16000.43020867696,74859.47415128587
2024-02-05,PizzaHut,Southwest,29429.521971304457,-239.01822786708,59098.062170476,-16000.43020867696,74859.47415128587
2024-02-12,PizzaHut,Southwest,29429.521971304457,-239.01822786708,59098.062170476,-16000.43020867696,74859.47415128587
2024-02-19,PizzaHut,Southwest,29429.521971304457,-239.01822786708,59098.062170476,-16000.43020867696,74859.47415128587
2024-02-26,PizzaHut,Southwest,29429.521971304457,-239.01822786708,59098.062170476,-16000.43020867696,74859.47415128587
2024-03-04,PizzaHut,Southwest,29429.521971304457,-239.01822786708,59098.062170476,-16000.43020867696,74859.47415128587
2024-03-11,PizzaHut,Southwest,29429.521971304457,-239.01822786708,59098.062170476,-16000.43020867696,74859.47415128587
2024-03-18,PizzaHut,Southwest,29429.521971304457,-239.01822786708,59098.062170476,-16000.43020867696,74859.47415128587
2024-03-25,PizzaHut,Southwest,29429.521971304457,-239.01822786708,59098.062170476,-16000.43020867696,74859.47415128587
2024-04-01,PizzaHut,Southwest,29429.521971304457,-239.01822786708,59098.062170476,-16000.43020867696,74859.47415128587
2024-04-08,PizzaHut,Southwest,29429.521971304457,-239.01822786708,59098.062170476,-16000.43020867696,74859.47415128587
2024-04-15,PizzaHut,Southwest,29429.521971304457,-239.01822786708,59098.062170476,-16000.43020867696,74859.47415128587
2024-04-22,PizzaHut,Southwest,29429.521971304457,-239.01822786708,59098.062170476,-16000.43020867696,74859.47415128587
2024-04-29,PizzaHut,Southwest,29429.521971304457,-239.01822786708,59098.062170476,-16000.43020867696,74859.47415128587
2024-05-06,PizzaHut,Southwest,29429.521971304457,-239.01822786708,59098.062170476,-16000.43020867696,74859.47415128587
2024-05-13,PizzaHut,Southwest,29429.521971304457,-239.01822786708,59098.062170476,-16000.43020867696,74859.47415128587
2024-05-20,PizzaHut,Southwest,29429.521971304457,-239.01822786708,59098.062170476,-16000.43020867696,74859.47415128587
2024-05-27,PizzaHut,Southwest,29429.521971304457,-239.01822786708,59098.062170476,-16000.43020867696,74859.47415128587
2024-06-03,PizzaHut,Southwest,29429.521971304457,-239.01822786708,59098.062170476,-16000.43020867696,74859.47415128587
2024-06-10,PizzaHut,Southwest,29429.521971304457,-239.01822786708,59098.062170476,-16000.43020867696,74859.47415128587
2024-06-17,PizzaHut,Southwest,29429.521971304457,-239.01822786708,59098.062170476,-16000.43020867696,74859.47415128587
2024-06-24,PizzaHut,Southwest,29429.521971304457,-239.01822786708,59098.062170476,-16000.43020867696,74859.47415128587
2024-07-01,PizzaHut,Southwest,29429.521971304457,-239.01822786708,59098.062170476,-16000.43020867696,74859.47415128587
2024-07-08,PizzaHut,Southwest,29429.521971304457,-239.01822786708,59098.062170476,-16000.43020867696,74859.47415128587
2024-07-15,PizzaHut,Southwest,29429.521971304457,-239.01822786708,59098.062170476,-16000.43020867696,74859.47415128587
2024-07-22,PizzaHut,Southwest,29429.521971304457,-239.01822786708,59098.062170476,-16000.43020867696,74859.47415128587
2024-07-29,PizzaHut,Southwest,29429.521971304457,-239.01822786708,59098.062170476,-16000.43020867696,74859.47415128587
2024-08-05,PizzaHut,Southwest,29429.521971304457,-239.01822786708,59098.062170476,-16000.43020867696,74859.47415128587
2024-08-12,PizzaHut,Southwest,29429.521971304457,-239.01822786708,59098.062170476,-16000.43020867696,74859.47415128587
2024-08-19,PizzaHut,Southwest,29429.521971304457,-239.01822786708,59098.062170476,-16000.43020867696,74859.47415128587
2024-08-26,PizzaHut,Southwest,29429.521971304457,-239.01822786708,59098.062170476,-16000.43020867696,74859.47415128587
2024-09-02,PizzaHut,Southwest,29429.521971304457,-239.01822786708,59098.062170476,-16000.43020867696,74859.47415128587
2024-09-09,PizzaHut,Southwest,29429.521971304457,-239.01822786708,59098.062170476,-16000.43020867696,74859.47415128587
2024-09-16,PizzaHut,Southwest,29429.521971304457,-239.01822786708,59098.062170476,-16000.43020867696,74859.47415128587
2024-09-23,PizzaHut,Southwest,29429.521971304457,-239.01822786708,59098.062170476,-16000.43020867696,74859.47415128587
2024-09-30,PizzaHut,Southwest,29429.521971304457,-239.01822786708,59098.062170476,-16000.43020867696,74859.47415128587
2024-10-07,PizzaHut,Southwest,29429.521971304457,-239.01822786708,59098.062170476,-16000.43020867696,74859.47415128587
2024-10-14,PizzaHut,Southwest,29429.521971304457,-239.01822786708,59098.062170476,-16000.43020867696,74859.47415128587
2024-10-21,PizzaHut,Southwest,29429.521971304457,-239.01822786708,59098.062170476,-16000.43020867696,74859.47415128587
2024-10-28,PizzaHut,Southwest,29429.521971304457,-239.01822786708,59098.062170476,-16000.43020867696,74859.47415128587
2024-11-04,PizzaHut,Southwest,29429.521971304457,-239.01822786708,59098.062170476,-16000.43020867696,74859.47415128587
2024-11-11,PizzaHut,Southwest,29429.521971304457,-239.01822786708,59098.062170476,-16000.43020867696,74859.47415128587
2024-11-18,PizzaHut,Southwest,29429.521971304457,-239.01822786708,59098.062170476,-16000.43020867696,74859.47415128587
2024-11-25,PizzaHut,Southwest,29429.521971304457,-239.01822786708,59098.062170476,-16000.43020867696,74859.47415128587
2024-12-02,PizzaHut,Southwest,29429.521971304457,-239.01822786708,59098.062170476,-16000.43020867696,74859.47415128587
2024-12-09,PizzaHut,Southwest,29429.521971304457,-239.01822786708,59098.062170476,-16000.43020867696,74859.47415128587
2024-12-16,PizzaHut,Southwest,29429.521971304457,-239.01822786708,59098.062170476,-16000.43020867696,74859.47415128587
2024-12-23,PizzaHut,Southwest,29429.521971304457,-239.01822786708,59098.062170476,-16000.43020867696,74859.47415128587
2024-12-30,PizzaHut,Southwest,29429.521971304457,-239.01822786708,59098.062170476,-16000.43020867696,74859.47415128587
2024-01-01,PizzaHut,West,53975.40423507702,36685.28635693916,71265.52211321487,27499.911234178428,80450.8972359756
2024-01-08,PizzaHut,West,53975.40423507702,36685.28635693916,71265.52211321487,27499.911234178428,80450.8972359756
2024-01-15,PizzaHut,West,53975.40423507702,36685.28635693916,71265.52211321487,27499.911234178428,80450.8972359756
2024-01-22,PizzaHut,West,53975.40423507702,36685.28635693916,71265.52211321487,27499.911234178428,80450.8972359756
2024-01-29,PizzaHut,West,53975.40423507702,36685.28635693916,71265.52211321487,27499.911234178428,80450.8972359756
2024-02-05,PizzaHut,West,53975.40423507702,36685.28635693916,71265.52211321487,27499.911234178428,80450.8972359756
2024-02-12,PizzaHut,West,53975.40423507702,36685.28635693916,71265.52211321487,27499.911234178428,80450.8972359756
2024-02-19,PizzaHut,West,53975.40423507702,36685.28635693916,71265.52211321487,27499.911234178428,80450.8972359756
2024-02-26,PizzaHut,West,53975.40423507702,36685.28635693916,71265.52211321487,27499.911234178428,80450.8972359756
2024-03-04,PizzaHut,West,53975.40423507702,36685.28635693916,71265.52211321487,27499.911234178428,80450.8972359756
2024-03-11,PizzaHut,West,53975.40423507702,36685.28635693916,71265.52211321487,27499.911234178428,80450.8972359756
2024-03-18,PizzaHut,West,53975.40423507702,36685.28635693916,71265.52211321487,27499.911234178428,80450.8972359756
2024-03-25,PizzaHut,West,53975.40423507702,36685.28635693916,71265.52211321487,27499.911234178428,80450.8972359756
2024-04-01,PizzaHut,West,53975.40423507702,36685.28635693916,71265.52211321487,27499.911234178428,80450.8972359756
2024-04-08,PizzaHut,West,53975.40423507702,36685.28635693916,71265.52211321487,27499.911234178428,80450.8972359756
2024-04-15,PizzaHut,West,53975.40423507702,36685.28635693916,71265.52211321487,27499.911234178428,80450.8972359756
2024-04-22,PizzaHut,West,53975.40423507702,36685.28635693916,71265.52211321487,27499.911234178428,80450.8972359756
2024-04-29,PizzaHut,West,53975.40423507702,36685.28635693916,71265.52211321487,27499.911234178428,80450.8972359756
2024-05-06,PizzaHut,West,53975.40423507702,36685.28635693916,71265.52211321487,27499.911234178428,80450.8972359756
2024-05-13,PizzaHut,West,53975.40423507702,36685.28635693916,71265.52211321487,27499.911234178428,80450.8972359756
2024-05-20,PizzaHut,West,53975.40423507702,36685.28635693916,71265.52211321487,27499.911234178428,80450.8972359756
2024-05-27,PizzaHut,West,53975.40423507702,36685.28635693916,71265.52211321487,27499.911234178428,80450.8972359756
2024-06-03,PizzaHut,West,53975.40423507702,36685.28635693916,71265.52211321487,27499.911234178428,80450.8972359756
2024-06-10,PizzaHut,West,53975.40423507702,36685.28635693916,71265.52211321487,27499.911234178428,80450.8972359756
2024-06-17,PizzaHut,West,53975.40423507702,36685.28635693916,71265.52211321487,27499.911234178428,80450.8972359756
2024-06-24,PizzaHut,West,53975.40423507702,36685.28635693916,71265.52211321487,27499.911234178428,80450.8972359756
2024-07-01,PizzaHut,West,53975.40423507702,36685.28635693916,71265.52211321487,27499.911234178428,80450.8972359756
2024-07-08,PizzaHut,West,53975.40423507702,36685.28635693916,71265.52211321487,27499.911234178428,80450.8972359756
2024-07-15,PizzaHut,West,53975.40423507702,36685.28635693916,71265.52211321487,27499.911234178428,80450.8972359756
2024-07-22,PizzaHut,West,53975.40423507702,36685.28635693916,71265.52211321487,27499.911234178428,80450.8972359756
2024-07-29,PizzaHut,West,53975.40423507702,36685.28635693916,71265.52211321487,27499.911234178428,80450.8972359756
2024-08-05,PizzaHut,West,53975.40423507702,36685.28635693916,71265.52211321487,27499.911234178428,80450.8972359756
2024-08-12,PizzaHut,West,53975.40423507702,36685.28635693916,71265.52211321487,27499.911234178428,80450.8972359756
2024-08-19,PizzaHut,West,53975.40423507702,36685.28635693916,71265.52211321487,27499.911234178428,80450.8972359756
2024-08-26,PizzaHut,West,53975.40423507702,36685.28635693916,71265.52211321487,27499.911234178428,80450.8972359756
2024-09-02,PizzaHut,West,53975.40423507702,36685.28635693916,71265.52211321487,27499.911234178428,80450.8972359756
2024-09-09,PizzaHut,West,53975.40423507702,36685.28635693916,71265.52211321487,27499.911234178428,80450.8972359756
2024-09-16,PizzaHut,West,53975.40423507702,36685.28635693916,71265.52211321487,27499.911234178428,80450.8972359756
2024-09-23,PizzaHut,West,53975.40423507702,36685.28635693916,71265.52211321487,27499.911234178428,80450.8972359756
2024-09-30,PizzaHut,West,53975.40423507702,36685.28635693916,71265.52211321487,27499.911234178428,80450.8972359756
2024-10-07,PizzaHut,West,53975.40423507702,36685.28635693916,71265.52211321487,27499.911234178428,80450.8972359756
2024-10-14,PizzaHut,West,53975.40423507702,36685.28635693916,71265.52211321487,27499.911234178428,80450.8972359756
2024-10-21,PizzaHut,West,53975.40423507702,36685.28635693916,71265.52211321487,27499.911234178428,80450.8972359756
2024-10-28,PizzaHut,West,53975.40423507702,36685.28635693916,71265.52211321487,27499.911234178428,80450.8972359756
2024-11-04,PizzaHut,West,53975.40423507702,36685.28635693916,71265.52211321487,27499.911234178428,80450.8972359756
2024-11-11,PizzaHut,West,53975.40423507702,36685.28635693916,71265.52211321487,27499.911234178428,80450.8972359756
2024-11-18,PizzaHut,West,53975.40423507702,36685.28635693916,71265.52211321487,27499.911234178428,80450.8972359756
2024-11-25,PizzaHut,West,53975.40423507702,36685.28635693916,71265.52211321487,27499.911234178428,80450.8972359756
2024-12-02,PizzaHut,West,53975.40423507702,36685.28635693916,71265.52211321487,27499.911234178428,80450.8972359756
2024-12-09,PizzaHut,West,53975.40423507702,36685.28635693916,71265.52211321487,27499.911234178428,80450.8972359756
2024-12-16,PizzaHut,West,53975.40423507702,36685.28635693916,71265.52211321487,27499.911234178428,80450.8972359756
2024-12-23,PizzaHut,West,53975.40423507702,36685.28635693916,71265.52211321487,27499.911234178428,80450.8972359756
2024-12-30,PizzaHut,West,53975.40423507702,36685.28635693916,71265.52211321487,27499.911234178428,80450.8972359756
2024-01-01,Subway,Midwest,25518.555892706743,11342.06825555556,39695.043529857925,3810.8091983189915,47226.3025870945
2024-01-08,Subway,Midwest,25518.55580135549,11342.068128265928,39695.043474445054,3810.8090519371,47226.30255077388
2024-01-15,Subway,Midwest,25518.555793607367,11342.068121863043,39695.04346535169,3810.8090462488726,47226.30254096586
2024-01-22,Subway,Midwest,25518.555829095603,11342.068184314103,39695.0434738771,3810.8091230239297,47226.30253516728
2024-01-29,Subway,Midwest,25518.555823742507,11342.068147489957,39695.04349999505,3810.8090694807943,47226.30257800422
2024-02-05,Subway,Midwest,25518.555736700717,11342.06807155711,39695.04340184432,3810.8089994495676,47226.302473951866
2024-02-12,Subway,Midwest,25518.55590357484,11342.068256753802,39695.04355039588,3810.8091943801264,47226.302612769556
2024-02-19,Subway,Midwest,25518.55587151594,11342.068186911769,39695.04355612011,3810.809104465803,47226.30263856608
2024-02-26,Subway,Midwest,25518.555766785685,11342.068099446316,39695.04343412505,3810.809026172279,47226.30250739909
2024-03-04,Subway,Midwest,25518.5557734482,11342.068109473297,39695.0434374231,3810.80903798663,47226.302508909765
2024-03-11,Subway,Midwest,25518.555772548756,11342.068095388822,39695.04344970869,3810.8090168976087,47226.3025281999
2024-03-18,Subway,Midwest,25518.55590755871,11342.06826026912,39695.04355484831,3810.8091976465257,47226.302617470894
2024-03-25,Subway,Midwest,25518.555909928105,11342.068265752507,39695.0435541037,3810.809204784222,47226.30261507199
2024-04-01,Subway,Midwest,25518.555829272518,11342.06817222335,39695.04348632169,3810.809104415981,47226.302554129055
2024-04-08,Subway,Midwest,25518.555772768937,11342.068105543673,39695.0434399942,3810.809032330253,47226.30251320762
2024-04-15,Subway,Midwest,25518.555803665073,11342.068125200794,39695.04348212935,3810.809046016646,47226.302561313496
2024-04-22,Subway,Midwest,25518.55575005083,11342.06808157341,39695.04341852825,3810.8090076947847,47226.302492406874
2024-04-29,Subway,Midwest,25518.555710713725,11342.068046080243,39695.0433753472,3810.808974243708,47226.30244718374
2024-05-06,Subway,Midwest,25518.555757684317,11342.068107339444,39695.04340802919,3810.80904309373,47226.3024722749
2024-05-13,Subway,Midwest,25518.555736408427,11342.068070937134,39695.043401879724,3810.8089986555096,47226.30247416135
2024-05-20,Subway,Midwest,25518.555717176034,11342.068052815066,39695.043381537005,3810.808981123304,47226.30245322877
2024-05-27,Subway,Midwest,25518.55579490364,11342.068149467126,39695.04344034016,3810.8090878289804,47226.3025019783
2024-06-03,Subway,Midwest,25518.555789384107,11342.068126040866,39695.04345272735,3810.809054889767,47226.30252387845
2024-06-10,Subway,Midwest,25518.55573319779,11342.068068377896,39695.04339801769,3810.808996442327,47226.302469953254
2024-06-17,Subway,Midwest,25518.555728525105,11342.068063770752,39695.043393279455,3810.8089918700025,47226.30246518021
2024-06-24,Subway,Midwest,25518.555733876383,11342.068066867156,39695.04340088561,3810.8089937685036,47226.302473984266
2024-07-01,Subway,Midwest,25518.555701548605,11342.068037399678,39695.04336569753,3810.808965820561,47226.30243727665
2024-07-08,Subway,Midwest,25518.555696717445,11342.06803263406,39695.04336080083,3810.8089610897623,47226.302432345125
2024-07-15,Subway,Midwest,25518.555725179045,11342.068068407478,39695.043381950614,3810.809000747584,47226.302449610506
2024-07-22,Subway,Midwest,25518.55584557183,11342.06820463374,39695.04348650992,3810.8091453853813,47226.302545758284
2024-07-29,Subway,Midwest,25518.55584705484,11342.06820251017,39695.04349159951,3810.809141345817,47226.30255276386
2024-08-05,Subway,Midwest,25518.555840047527,11342.068200719412,39695.04347937564,3810.8091423263504,47226.3025377687
2024-08-12,Subway,Midwest,25518.555898550396,11342.068268062552,39695.04352903824,3810.809214365887,47226.302582734905
2024-08-19,Subway,Midwest,25518.55588175539,11342.068226758438,39695.043536752346,3810.8091600413063,47226.30260346948
2024-08-26,Subway,Midwest,25518.555848260512,11342.068207830753,39695.04348869027,3810.809148852444,47226.30254766858
2024-09-02,Subway,Midwest,25518.555828626144,11342.06816333732,39695.04349391497,3810.809091152634,47226.30256609965
2024-09-09,Subway,Midwest,25518.555796859357,11342.068123482739,39695.04347023598,3810.809047001414,47226.3025467173
2024-09-16,Subway,Midwest,25518.555815353546,11342.068172282281,39695.043458424814,3810.809111900675,47226.30251880642
2024-09-23,Subway,Midwest,25518.555856782274,11342.068217007592,39695.04349655696,3810.809158377295,47226.302555187256
2024-09-30,Subway,Midwest,25518.55594613632,11342.068310871913,39695.04358140072,3810.8092546376974,47226.302637634944
2024-10-07,Subway,Midwest,25518.555935214205,11342.068301901869,39695.04356852654,3810.8092467046918,47226.30262372372
2024-10-14,Subway,Midwest,25518.555918555066,11342.068287336033,39695.0435497741,3810.8092332509223,47226.30260385921
2024-10-21,Subway,Midwest,25518.555858605083,11342.068203348284,39695.04351386188,3810.8091364931097,47226.302580717056
2024-10-28,Subway,Midwest,25518.55604783594,11342.068419824927,39695.04367584695,3810.809367444079,47226.302728227805
2024-11-04,Subway,Midwest,25518.556044297664,11342.068418152938,39695.04367044239,3810.809366763555,47226.30272183177
2024-11-11,Subway,Midwest,25518.55590510946,11342.068229961043,39695.04358025788,3810.809152538448,47226.30265768047
2024-11-18,Subway,Midwest,25518.555941879396,11342.068302209664,39695.04358154913,3810.8092436351217,47226.30264012367
2024-11-25,Subway,Midwest,25518.555991336863,11342.06833814445,39695.04364452927,3810.8092723859845,47226.30271028774
2024-12-02,Subway,Midwest,25518.555912095362,11342.068268156105,39695.04355603462,3810.8092073133776,47226.30261687735
2024-12-09,Subway,Midwest,25518.555846615265,11342.068207034497,39695.04348619603,3810.8091485072146,47226.302544723316
2024-12-16,Subway,Midwest,25518.555838053937,11342.068155299417,39695.04352080845,3810.8090738360806,47226.3026022718
2024-12-23,Subway,Midwest,25518.5557720819,11342.06810348019,39695.043440683614,3810.8090295355287,47226.302514628274
2024-12-30,Subway,Midwest,25518.55579513652,11342.068141677913,39695.04344859513,3810.80907577803,47226.30251449501
2024-01-01,Subway,Northeast,28129.307719802047,14649.076231475914,41609.53920812818,7487.703253302654,48770.912186301444
2024-01-08,Subway,Northeast,28129.307719802047,14649.076231475914,41609.53920812818,7487.703253302654,48770.912186301444
2024-01-15,Subway,Northeast,28129.307719802047,14649.076231475914,41609.53920812818,7487.703253302654,48770.912186301444
2024-01-22,Subway,Northeast,28129.307719802047,14649.076231475914,41609.53920812818,7487.703253302654,48770.912186301444
2024-01-29,Subway,Northeast,28129.307719802047,14649.076231475914,41609.53920812818,7487.703253302654,48770.912186301444
2024-02-05,Subway,Northeast,28129.307719802047,14649.076231475914,41609.53920812818,7487.703253302654,48770.912186301444
2024-02-12,Subway,Northeast,28129.307719802047,14649.076231475914,41609.53920812818,7487.703253302654,48770.912186301444
2024-02-19,Subway,Northeast,28129.307719802047,14649.076231475914,41609.53920812818,7487.703253302654,48770.912186301444
2024-02-26,Subway,Northeast,28129.307719802047,14649.076231475914,41609.53920812818,7487.703253302654,48770.912186301444
2024-03-04,Subway,Northeast,28129.307719802047,14649.076231475914,41609.53920812818,7487.703253302654,48770.912186301444
2024-03-11,Subway,Northeast,28129.307719802047,14649.076231475914,41609.53920812818,7487.703253302654,48770.912186301444
2024-03-18,Subway,Northeast,28129.307719802047,14649.076231475914,41609.53920812818,7487.703253302654,48770.912186301444
2024-03-25,Subway,Northeast,28129.307719802047,14649.076231475914,41609.53920812818,7487.703253302654,48770.912186301444
2024-04-01,Subway,Northeast,28129.307719802047,14649.076231475914,41609.53920812818,7487.703253302654,48770.912186301444
2024-04-08,Subway,Northeast,28129.307719802047,14649.076231475914,41609.53920812818,7487.703253302654,48770.912186301444
2024-04-15,Subway,Northeast,28129.307719802047,14649.076231475914,41609.53920812818,7487.703253302654,48770.912186301444
2024-04-22,Subway,Northeast,28129.307719802047,14649.076231475914,41609.53920812818,7487.703253302654,48770.912186301444
2024-04-29,Subway,Northeast,28129.307719802047,14649.076231475914,41609.53920812818,7487.703253302654,48770.912186301444
2024-05-06,Subway,Northeast,28129.307719802047,14649.076231475914,41609.53920812818,7487.703253302654,48770.912186301444
2024-05-13,Subway,Northeast,28129.307719802047,14649.076231475914,41609.53920812818,7487.703253302654,48770.912186301444
2024-05-20,Subway,Northeast,28129.307719802047,14649.076231475914,41609.53920812818,7487.703253302654,48770.912186301444
2024-05-27,Subway,Northeast,28129.307719802047,14649.076231475914,41609.53920812818,7487.703253302654,48770.912186301444
2024-06-03,Subway,Northeast,28129.307719802047,14649.076231475914,41609.53920812818,7487.703253302654,48770.912186301444
2024-06-10,Subway,Northeast,28129.307719802047,14649.076231475914,41609.53920812818,7487.703253302654,48770.912186301444
2024-06-17,Subway,Northeast,28129.307719802047,14649.076231475914,41609.53920812818,7487.703253302654,48770.912186301444
2024-06-24,Subway,Northeast,28129.307719802047,14649.076231475914,41609.53920812818,7487.703253302654,48770.912186301444
2024-07-01,Subway,Northeast,28129.307719802047,14649.076231475914,41609.53920812818,7487.703253302654,48770.912186301444
2024-07-08,Subway,Northeast,28129.307719802047,14649.076231475914,41609.53920812818,7487.703253302654,48770.912186301444
2024-07-15,Subway,Northeast,28129.307719802047,14649.076231475914,41609.53920812818,7487.703253302654,48770.912186301444
2024-07-22,Subway,Northeast,28129.307719802047,14649.076231475914,41609.53920812818,7487.703253302654,48770.912186301444
2024-07-29,Subway,Northeast,28129.307719802047,14649.076231475914,41609.53920812818,7487.703253302654,48770.912186301444
2024-08-05,Subway,Northeast,28129.307719802047,14649.076231475914,41609.53920812818,7487.703253302654,48770.912186301444
2024-08-12,Subway,Northeast,28129.307719802047,14649.076231475914,41609.53920812818,7487.703253302654,48770.912186301444
2024-08-19,Subway,Northeast,28129.307719802047,14649.076231475914,41609.53920812818,7487.703253302654,48770.912186301444
2024-08-26,Subway,Northeast,28129.307719802047,14649.076231475914,41609.53920812818,7487.703253302654,48770.912186301444
2024-09-02,Subway,Northeast,28129.307719802047,14649.076231475914,41609.53920812818,7487.703253302654,48770.912186301444
2024-09-09,Subway,Northeast,28129.307719802047,14649.076231475914,41609.53920812818,7487.703253302654,48770.912186301444
2024-09-16,Subway,Northeast,28129.307719802047,14649.076231475914,41609.53920812818,7487.703253302654,48770.912186301444
2024-09-23,Subway,Northeast,28129.307719802047,14649.076231475914,41609.53920812818,7487.703253302654,48770.912186301444
2024-09-30,Subway,Northeast,28129.307719802047,14649.076231475914,41609.53920812818,7487.703253302654,48770.912186301444
2024-10-07,Subway,Northeast,28129.307719802047,14649.076231475914,41609.53920812818,7487.703253302654,48770.912186301444
2024-10-14,Subway,Northeast,28129.307719802047,14649.076231475914,41609.53920812818,7487.703253302654,48770.912186301444
2024-10-21,Subway,Northeast,28129.307719802047,14649.076231475914,41609.53920812818,7487.703253302654,48770.912186301444
2024-10-28,Subway,Northeast,28129.307719802047,14649.076231475914,41609.53920812818,7487.703253302654,48770.912186301444
2024-11-04,Subway,Northeast,28129.307719802047,14649.076231475914,41609.53920812818,7487.703253302654,48770.912186301444
2024-11-11,Subway,Northeast,28129.307719802047,14649.076231475914,41609.53920812818,7487.703253302654,48770.912186301444
2024-11-18,Subway,Northeast,28129.307719802047,14649.076231475914,41609.53920812818,7487.703253302654,48770.912186301444
2024-11-25,Subway,Northeast,28129.307719802047,14649.076231475914,41609.53920812818,7487.703253302654,48770.912186301444
2024-12-02,Subway,Northeast,28129.307719802047,14649.076231475914,41609.53920812818,7487.703253302654,48770.912186301444
2024-12-09,Subway,Northeast,28129.307719802047,14649.076231475914,41609.53920812818,7487.703253302654,48770.912186301444
2024-12-16,Subway,Northeast,28129.307719802047,14649.076231475914,41609.53920812818,7487.703253302654,48770.912186301444
2024-12-23,Subway,Northeast,28129.307719802047,14649.076231475914,41609.53920812818,7487.703253302654,48770.912186301444
2024-12-30,Subway,Northeast,28129.307719802047,14649.076231475914,41609.53920812818,7487.703253302654,48770.912186301444
2024-01-01,Subway,South,70342.21932660304,51376.983559017994,89307.45509418807,41301.70205748844,99382.73659571764
2024-01-08,Subway,South,70342.21934108838,51376.98357977535,89307.4551024014,41301.70208157781,99382.73660059895
2024-01-15,Subway,South,70342.21931287323,51376.983543311435,89307.45508243503,41301.70204073173,99382.73658501473
2024-01-22,Subway,South,70342.21931419807,51376.983552073405,89307.45507632273,41301.70205344468,99382.73657495146
2024-01-29,Subway,South,70342.21933327714,51376.98356060081,89307.45510595347,41301.702056366514,99382.73661018777
2024-02-05,Subway,South,70342.21931958589,51376.983552890946,89307.45508628082,41301.702051834254,99382.73658733751
2024-02-12,Subway,South,70342.21932003043,51376.98354939293,89307.45509066794,41301.70204624175,99382.7365938191
2024-02-19,Subway,South,70342.21930094308,51376.98353847654,89307.45506340961,41301.7020396662,99382.73656221996
2024-02-26,Subway,South,70342.21930876056,51376.98354633288,89307.45507118823,41301.70204754318,99382.73656997793
2024-03-04,Subway,South,70342.21932695348,51376.98356420736,89307.4550896996,41301.70206524848,99382.73658865847
2024-03-11,Subway,South,70342.21930839252,51376.98354565791,89307.45507112713,41301.70204670515,99382.7365700799
2024-03-18,Subway,South,70342.21936682278,51376.98354666221,89307.45518698337,41301.70201720191,99382.73671644366
2024-03-25,Subway,South,70342.21921871183,51376.983430805834,89307.45500661783,41301.70191848077,99382.7365189429
2024-04-01,Subway,South,70342.21937812152,51376.983600872016,89307.45515537102,41301.70209420823,99382.7366620348
2024-04-08,Subway,South,70342.2193077595,51376.98354107285,89307.45507444616,41301.702040020566,99382.73657549843
2024-04-15,Subway,South,70342.219248651,51376.98347102351,89307.4550262785,41301.70196415891,99382.73653314309
2024-04-22,Subway,South,70342.21941082057,51376.98362034827,89307.45520129288,41301.70210665985,99382.73671498129
2024-04-29,Subway,South,70342.21927244948,51376.9835078926,89307.45503700637,41301.70200797176,99382.7365369272
2024-05-06,Subway,South,70342.21932386405,51376.98356472749,89307.4550830006,41301.70206768619,99382.7365800419
2024-05-13,Subway,South,70342.21941061964,51376.98361753397,89307.4552037053,41301.70210245721,99382.73671878208
2024-05-20,Subway,South,70342.21927767075,51376.983502220115,89307.45505312139,41301.70199651197,99382.73655882954
2024-05-27,Subway,South,70342.21930918221,51376.98353983351,89307.45507853091,41301.70203736701,99382.73658099741
2024-06-03,Subway,South,70342.21937104885,51376.9835856905,89307.4551564072,41301.702074718865,99382.73666737883
2024-06-10,Subway,South,70342.21926458493,51376.98349809311,89307.45503107674,41301.70199714434,99382.73653202552
2024-06-17,Subway,South,70342.21931459123,51376.98353938298,89307.45508979948,41301.702033803595,99382.73659537887
2024-06-24,Subway,South,70342.21927111711,51376.98350615024,89307.45503608398,41301.70200601159,99382.73653622263
2024-07-01,Subway,South,70342.21932121983,51376.983556154984,89307.45508628468,41301.702055964284,99382.73658647538
2024-07-08,Subway,South,70342.21932334121,51376.98356244972,89307.4550842327,41301.70206447612,99382.7365822063
2024-07-15,Subway,South,70342.21930902403,51376.983545553005,89307.45507249507,41301.70204620902,99382.73657183905
2024-07-22,Subway,South,70342.21934596835,51376.98358692965,89307.45510500704,41301.70208994034,99382.73660199635
2024-07-29,Subway,South,70342.21933556756,51376.983577826686,89307.45509330842,41301.70208152685,99382.73658960826
2024-08-05,Subway,South,70342.21933058741,51376.98357310322,89307.4550880716,41301.70207693974,99382.73658423507
2024-08-12,Subway,South,70342.21936910693,51376.98361165142,89307.45512656243,41301.70211550318,99382.73662271067
2024-08-19,Subway,South,70342.21934598254,51376.983590289616,89307.45510167546,41301.70209507775,99382.73659688732
2024-08-26,Subway,South,70342.21939612397,51376.98362659054,89307.45516565739,41301.702124025906,99382.73666822203
2024-09-02,Subway,South,70342.21933318918,51376.983573289755,89307.45509308859,41301.70207584319,99382.73659053516
2024-09-09,Subway,South,70342.21941843124,51376.98363936729,89307.45519749519,41301.70213173957,99382.73670512291
2024-09-16,Subway,South,70342.21933053032,51376.98357008887,89307.45509097178,41301.702072354354,99382.73658870629
2024-09-23,Subway,South,70342.21933509866,51376.98357138419,89307.45509881314,41301.70207191087,99382.73659828646
2024-09-30,Subway,South,70342.2194305467,51376.98367235377,89307.45518873964,41301.70217581377,99382.73668527963
2024-10-07,Subway,South,70342.21932375389,51376.98355777834,89307.45508972944,41301.70205710382,99382.73659040395
2024-10-14,Subway,South,70342.21943653084,51376.98366687412,89307.45520618756,41301.70216424398,99382.7367088177
2024-10-21,Subway,South,70342.2193984962,51376.983619334074,89307.45517765834,41301.702111654195,99382.73668533823
2024-10-28,Subway,South,70342.21933372489,51376.98357294004,89307.45509450974,41301.70207502309,99382.73659242669
2024-11-04,Subway,South,70342.21941330525,51376.98364223547,89307.45518437504,41301.70213885466,99382.73668775585
2024-11-11,Subway,South,70342.2193245355,51376.98356694845,89307.45508212256,41301.70207073033,99382.73657834067
2024-11-18,Subway,South,70342.21935043433,51376.98358745697,89307.45511341169,41301.70208837524,99382.73661249342
2024-11-25,Subway,South,70342.21932351512,51376.98356487558,89307.45508215466,41301.702068098326,99382.73657893192
2024-12-02,Subway,South,70342.21939859206,51376.98360864491,89307.45518853921,41301.70209523549,99382.73670194863
2024-12-09,Subway,South,70342.219292098,51376.98352615177,89307.45505804423,41301.70202549284,99382.73655870315
2024-12-16,Subway,South,70342.2193545279,51376.98359584474,89307.45511321106,41301.70209904431,99382.73661001149
2024-12-23,Subway,South,70342.21941000721,51376.983632982534,89307.45518703188,41301.70212643818,99382.73669357624
2024-12-30,Subway,South,70342.21928811744,51376.9835234149,89307.45505281998,41301.70202341667,99382.73655281821
2024-01-01,Subway,Southwest,52519.49895667213,39586.516214994364,65452.48169834989,32715.869133478052,72323.12877986621
2024-01-08,Subway,Southwest,52519.49895667213,39586.516214994364,65452.48169834989,32715.869133478052,72323.12877986621
2024-01-15,Subway,Southwest,52519.49895667213,39586.516214994364,65452.48169834989,32715.869133478052,72323.12877986621
2024-01-22,Subway,Southwest,52519.49895667213,39586.516214994364,65452.48169834989,32715.869133478052,72323.12877986621
2024-01-29,Subway,Southwest,52519.49895667213,39586.516214994364,65452.48169834989,32715.869133478052,72323.12877986621
2024-02-05,Subway,Southwest,52519.49895667213,39586.516214994364,65452.48169834989,32715.869133478052,72323.12877986621
2024-02-12,Subway,Southwest,52519.49895667213,39586.516214994364,65452.48169834989,32715.869133478052,72323.12877986621
2024-02-19,Subway,Southwest,52519.49895667213,39586.516214994364,65452.48169834989,32715.869133478052,72323.12877986621
2024-02-26,Subway,Southwest,52519.49895667213,39586.516214994364,65452.48169834989,32715.869133478052,72323.12877986621
2024-03-04,Subway,Southwest,52519.49895667213,39586.516214994364,65452.48169834989,32715.869133478052,72323.12877986621
2024-03-11,Subway,Southwest,52519.49895667213,39586.516214994364,65452.48169834989,32715.869133478052,72323.12877986621
2024-03-18,Subway,Southwest,52519.49895667213,39586.516214994364,65452.48169834989,32715.869133478052,72323.12877986621
2024-03-25,Subway,Southwest,52519.49895667213,39586.516214994364,65452.48169834989,32715.869133478052,72323.12877986621
2024-04-01,Subway,Southwest,52519.49895667213,39586.516214994364,65452.48169834989,32715.869133478052,72323.12877986621
2024-04-08,Subway,Southwest,52519.49895667213,39586.516214994364,65452.48169834989,32715.869133478052,72323.12877986621
2024-04-15,Subway,Southwest,52519.49895667213,39586.516214994364,65452.48169834989,32715.869133478052,72323.12877986621
2024-04-22,Subway,Southwest,52519.49895667213,39586.516214994364,65452.48169834989,32715.869133478052,72323.12877986621
2024-04-29,Subway,Southwest,52519.49895667213,39586.516214994364,65452.48169834989,32715.869133478052,72323.12877986621
2024-05-06,Subway,Southwest,52519.49895667213,39586.516214994364,65452.48169834989,32715.869133478052,72323.12877986621
2024-05-13,Subway,Southwest,52519.49895667213,39586.516214994364,65452.48169834989,32715.869133478052,72323.12877986621
2024-05-20,Subway,Southwest,52519.49895667213,39586.516214994364,65452.48169834989,32715.869133478052,72323.12877986621
2024-05-27,Subway,Southwest,52519.49895667213,39586.516214994364,65452.48169834989,32715.869133478052,72323.12877986621
2024-06-03,Subway,Southwest,52519.49895667213,39586.516214994364,65452.48169834989,32715.869133478052,72323.12877986621
2024-06-10,Subway,Southwest,52519.49895667213,39586.516214994364,65452.48169834989,32715.869133478052,72323.12877986621
2024-06-17,Subway,Southwest,52519.49895667213,39586.516214994364,65452.48169834989,32715.869133478052,72323.12877986621
2024-06-24,Subway,Southwest,52519.49895667213,39586.516214994364,65452.48169834989,32715.869133478052,72323.12877986621
2024-07-01,Subway,Southwest,52519.49895667213,39586.516214994364,65452.48169834989,32715.869133478052,72323.12877986621
2024-07-08,Subway,Southwest,52519.49895667213,39586.516214994364,65452.48169834989,32715.869133478052,72323.12877986621
2024-07-15,Subway,Southwest,52519.49895667213,39586.516214994364,65452.48169834989,32715.869133478052,72323.12877986621
2024-07-22,Subway,Southwest,52519.49895667213,39586.516214994364,65452.48169834989,32715.869133478052,72323.12877986621
2024-07-29,Subway,Southwest,52519.49895667213,39586.516214994364,65452.48169834989,32715.869133478052,72323.12877986621
2024-08-05,Subway,Southwest,52519.49895667213,39586.516214994364,65452.48169834989,32715.869133478052,72323.12877986621
2024-08-12,Subway,Southwest,52519.49895667213,39586.516214994364,65452.48169834989,32715.869133478052,72323.12877986621
2024-08-19,Subway,Southwest,52519.49895667213,39586.516214994364,65452.48169834989,32715.869133478052,72323.12877986621
2024-08-26,Subway,Southwest,52519.49895667213,39586.516214994364,65452.48169834989,32715.869133478052,72323.12877986621
2024-09-02,Subway,Southwest,52519.49895667213,39586.516214994364,65452.48169834989,32715.869133478052,72323.12877986621
2024-09-09,Subway,Southwest,52519.49895667213,39586.516214994364,65452.48169834989,32715.869133478052,72323.12877986621
2024-09-16,Subway,Southwest,52519.49895667213,39586.516214994364,65452.48169834989,32715.869133478052,72323.12877986621
2024-09-23,Subway,Southwest,52519.49895667213,39586.516214994364,65452.48169834989,32715.869133478052,72323.12877986621
2024-09-30,Subway,Southwest,52519.49895667213,39586.516214994364,65452.48169834989,32715.869133478052,72323.12877986621
2024-10-07,Subway,Southwest,52519.49895667213,39586.516214994364,65452.48169834989,32715.869133478052,72323.12877986621
2024-10-14,Subway,Southwest,52519.49895667213,39586.516214994364,65452.48169834989,32715.869133478052,72323.12877986621
2024-10-21,Subway,Southwest,52519.49895667213,39586.516214994364,65452.48169834989,32715.869133478052,72323.12877986621
2024-10-28,Subway,Southwest,52519.49895667213,39586.516214994364,65452.48169834989,32715.869133478052,72323.12877986621
2024-11-04,Subway,Southwest,52519.49895667213,39586.516214994364,65452.48169834989,32715.869133478052,72323.12877986621
2024-11-11,Subway,Southwest,52519.49895667213,39586.516214994364,65452.48169834989,32715.869133478052,72323.12877986621
2024-11-18,Subway,Southwest,52519.49895667213,39586.516214994364,65452.48169834989,32715.869133478052,72323.12877986621
2024-11-25,Subway,Southwest,52519.49895667213,39586.516214994364,65452.48169834989,32715.869133478052,72323.12877986621
2024-12-02,Subway,Southwest,52519.49895667213,39586.516214994364,65452.48169834989,32715.869133478052,72323.12877986621
2024-12-09,Subway,Southwest,52519.49895667213,39586.516214994364,65452.48169834989,32715.869133478052,72323.12877986621
2024-12-16,Subway,Southwest,52519.49895667213,39586.516214994364,65452.48169834989,32715.869133478052,72323.12877986621
2024-12-23,Subway,Southwest,52519.49895667213,39586.516214994364,65452.48169834989,32715.869133478052,72323.12877986621
2024-12-30,Subway,Southwest,52519.49895667213,39586.516214994364,65452.48169834989,32715.869133478052,72323.12877986621
2024-01-01,Subway,West,94745.37137490915,67238.68048197927,122252.06226783904,52625.75094511029,136864.99180470803
2024-01-08,Subway,West,94745.37138656444,67238.68049345474,122252.06227967414,52625.750956490214,136864.99181663868
2024-01-15,Subway,West,94745.37130136012,67238.68039425994,122252.06220846031,52625.75084986297,136864.99175285728
2024-01-22,Subway,West,94745.37131189578,67238.68041449419,122252.06220929738,52625.7508752496,136864.99174854197
2024-01-29,Subway,West,94745.37136825964,67238.68047407496,122252.06226244432,52625.75093653934,136864.99179997994
2024-02-05,Subway,West,94745.37136259094,67238.68046849828,122252.06225668361,52625.75093101155,136864.99179417035
2024-02-12,Subway,West,94745.37132563838,67238.68042967436,122252.06222160239,52625.75089119348,136864.99176008327
2024-02-19,Subway,West,94745.37130577384,67238.68041058764,122252.06220096003,52625.75087251998,136864.9917390277
2024-02-26,Subway,West,94745.37133858491,67238.68044317258,122252.06223399725,52625.75090498479,136864.99177218502
2024-03-04,Subway,West,94745.3713039137,67238.68039710748,122252.0622107199,52625.75085286669,136864.9917549607
2024-03-11,Subway,West,94745.37133018354,67238.68043405606,122252.06222631101,52625.750895488345,136864.99176487874
2024-03-18,Subway,West,94745.37135072825,67238.68045612166,122252.06224533485,52625.7509183619,136864.9917830946
2024-03-25,Subway,West,94745.37134168707,67238.68044699074,122252.06223638341,52625.7509091833,136864.99177419086
2024-04-01,Subway,West,94745.37129715884,67238.6803970341,122252.06219728358,52625.75085634283,136864.99173797487
2024-04-08,Subway,West,94745.37127739165,67238.680372993,122252.0621817903,52625.750830031226,136864.99172475206
2024-04-15,Subway,West,94745.37132161646,67238.68042111082,122252.0622221221,52625.75088021721,136864.9917630157
2024-04-22,Subway,West,94745.37131154918,67238.68041419028,122252.06220890809,52625.75087496836,136864.99174813
2024-04-29,Subway,West,94745.37129292586,67238.68039291355,122252.06219293817,52625.750852282,136864.9917335697
2024-05-06,Subway,West,94745.37133480878,67238.68043685133,122252.06223276623,52625.75089731142,136864.99177230612
2024-05-13,Subway,West,94745.37131148111,67238.68041340225,122252.06220955997,52625.75087379786,136864.99174916436
2024-05-20,Subway,West,94745.37130912385,67238.680408835,122252.06220941269,52625.75086805656,136864.99175019114
2024-05-27,Subway,West,94745.37132272686,67238.68042830715,122252.06221714657,52625.7508906467,136864.991754807
2024-06-03,Subway,West,94745.3713498265,67238.68045378415,122252.06224586884,52625.75091526166,136864.99178439134
2024-06-10,Subway,West,94745.37127807508,67238.68038191093,122252.06217423922,52625.75084332372,136864.99171282642
2024-06-17,Subway,West,94745.37133962661,67238.68044324944,122252.06223600378,52625.75090454908,136864.99177470413
2024-06-24,Subway,West,94745.37136264007,67238.6804691311,122252.06225614905,52625.75093195445,136864.9917933257
2024-07-01,Subway,West,94745.37136885786,67238.68047158813,122252.06226612758,52625.75093241358,136864.99180530212
2024-07-08,Subway,West,94745.37136915745,67238.68047225266,122252.06226606225,52625.750933272,136864.9918050429
2024-07-15,Subway,West,94745.37135175747,67238.68045758476,122252.06224593017,52625.75092005552,136864.9917834594
2024-07-22,Subway,West,94745.37134521485,67238.6804565787,122252.062233851,52625.75092199076,136864.99176843895
2024-07-29,Subway,West,94745.37135142228,67238.68045633097,122252.06224651358,52625.7509183137,136864.99178453087
2024-08-05,Subway,West,94745.37137562716,67238.68048433906,122252.06226691527,52625.750948342255,136864.99180291206
2024-08-12,Subway,West,94745.37137929042,67238.6804910089,122252.06226757194,52625.75095660934,136864.99180197148
2024-08-19,Subway,West,94745.37141996657,67238.68052549833,122252.0623144348,52625.750987812076,136864.99185212108
2024-08-26,Subway,West,94745.37139366411,67238.68049965361,122252.06228767462,52625.750962210535,136864.9918251177
2024-09-02,Subway,West,94745.37139223028,67238.68049884788,122252.06228561269,52625.750961738486,136864.99182272208
2024-09-09,Subway,West,94745.37143179931,67238.6805397472,122252.06232385142,52625.75100334453,136864.9918602541
2024-09-16,Subway,West,94745.3714181028,67238.68052453027,122252.06231167534,52625.75098731986,136864.99184888575
2024-09-23,Subway,West,94745.3714258611,67238.68053291645,122252.06231880575,52625.7509960396,136864.9918556826
2024-09-30,Subway,West,94745.37140175946,67238.68050554492,122252.062297974,52625.750966930944,136864.991836588
2024-10-07,Subway,West,94745.37140582543,67238.68051829166,122252.0622933592,52625.750984289334,136864.99182736152
2024-10-14,Subway,West,94745.3714194324,67238.68053184898,122252.06230701582,52625.75099782028,136864.9918410445
2024-10-21,Subway,West,94745.37141963071,67238.68053444575,122252.06230481567,52625.75100169125,136864.99183757018
2024-10-28,Subway,West,94745.37142173416,67238.68052739938,122252.06231606894,52625.75098978404,136864.99185368427
2024-11-04,Subway,West,94745.37144153632,67238.68054881683,122252.06233425581,52625.751012059605,136864.99187101304
2024-11-11,Subway,West,94745.37143436927,67238.68054415955,122252.06232457899,52625.75100873563,136864.99186000292
2024-11-18,Subway,West,94745.37142936338,67238.68053982046,122252.0623189063,52625.7510047508,136864.99185397598
2024-11-25,Subway,West,94745.37143782977,67238.68054546563,122252.06233019392,52625.75100889717,136864.99186676237
2024-12-02,Subway,West,94745.37142141587,67238.68053570099,122252.06230713075,52625.75100266496,136864.99184016677
2024-12-09,Subway,West,94745.37143748582,67238.68054262587,122252.06233234578,52625.75100473153,136864.99187024013
2024-12-16,Subway,West,94745.37144089855,67238.68054855705,122252.06233324006,52625.75101200062,136864.99186979647
2024-12-23,Subway,West,94745.37139983308,67238.68049100714,122252.06230865902,52625.75094569337,136864.99185397278
2024-12-30,Subway,West,94745.37141791394,67238.68052181392,122252.06231401395,52625.75098326079,136864.99185256707
2024-01-01,TacoBell,Midwest,52916.75548984768,31312.229874471206,74521.28110522416,19834.82564130245,85998.68533839291
2024-01-08,TacoBell,Midwest,52916.755525461806,31312.22991603353,74521.28113489007,19834.825686024764,85998.68536489885
2024-01-15,TacoBell,Midwest,52916.755553340394,31312.229946082392,74521.28116059839,19834.82571722658,85998.68538945421
2024-01-22,TacoBell,Midwest,52916.75548032883,31312.229881556923,74521.28107910074,19834.825657209345,85998.68530344832
2024-01-29,TacoBell,Midwest,52916.7554906514,31312.229891787556,74521.28108951524,19834.82566739114,85998.68531391166
2024-02-05,TacoBell,Midwest,52916.75554387403,31312.229929996498,74521.28115775157,19834.82569762406,85998.68539012401
2024-02-12,TacoBell,Midwest,52916.755531427654,31312.229922765076,74521.28114009023,19834.825693163082,85998.68536969222
2024-02-19,TacoBell,Midwest,52916.75553252163,31312.229929446614,74521.28113559666,19834.82570281301,85998.68536223026
2024-02-26,TacoBell,Midwest,52916.755518691425,31312.22992170924,74521.28111567361,19834.825698312452,85998.68533907039
2024-03-04,TacoBell,Midwest,52916.75546356007,31312.229861232347,74521.28106588779,19834.825634995745,85998.6852921244
2024-03-11,TacoBell,Midwest,52916.75555939046,31312.229957583226,74521.2811611977,19834.825731623132,85998.68538715779
2024-03-18,TacoBell,Midwest,52916.75548104122,31312.22987350239,74521.28108858004,19834.82564449739,85998.68531758504
2024-03-25,TacoBell,Midwest,52916.75548590399,31312.22988342543,74521.28108838254,19834.825657108697,85998.68531469928
2024-04-01,TacoBell,Midwest,52916.75547679425,31312.229878061193,74521.28107552731,19834.825653734253,85998.68529985425
2024-04-08,TacoBell,Midwest,52916.755488840194,31312.229885616754,74521.28109206364,19834.8256589043,85998.68531877609
2024-04-15,TacoBell,Midwest,52916.755479875974,31312.229879083963,74521.28108066798,19834.82565366321,85998.68530608874
2024-04-22,TacoBell,Midwest,52916.75546568895,31312.229857682116,74521.28107369578,19834.825628428487,85998.68530294941
2024-04-29,TacoBell,Midwest,52916.75548282767,31312.229884169443,74521.2810814859,19834.825659882263,85998.68530577308
2024-05-06,TacoBell,Midwest,52916.7554363159,31312.22982217006,74521.28105046174,19834.825589655084,85998.68528297672
2024-05-13,TacoBell,Midwest,52916.755509293245,31312.229907631037,74521.28111095546,19834.825681747992,85998.6853368385
2024-05-20,TacoBell,Midwest,52916.75546746635,31312.229865313257,74521.28106961944,19834.825639169423,85998.68529576328
2024-05-27,TacoBell,Midwest,52916.75545078033,31312.229833488313,74521.28106807235,19834.825599301934,85998.68530225873
2024-06-03,TacoBell,Midwest,52916.75540812348,31312.229802793285,74521.28101345367,19834.825574961622,85998.68524128533
2024-06-10,TacoBell,Midwest,52916.75547724292,31312.22986392111,74521.28109056473,19834.8256318439,85998.68532264195
2024-06-17,TacoBell,Midwest,52916.755419438,31312.229796993863,74521.28104188213,19834.82556007042,85998.68527880558
2024-06-24,TacoBell,Midwest,52916.755368240636,31312.229749925013,74521.28098655626,19834.82551519484,85998.68522128643
2024-07-01,TacoBell,Midwest,52916.755442789705,31312.229832789933,74521.28105278948,19834.825602477562,85998.68528310185
2024-07-08,TacoBell,Midwest,52916.75538817174,31312.22975133665,74521.28102500683,19834.825506768007,85998.68526957548
2024-07-15,TacoBell,Midwest,52916.755297829826,31312.22965991871,74521.28093574094,19834.825414778432,85998.68518088122
2024-07-22,TacoBell,Midwest,52916.75537351171,31312.229742557993,74521.28100446543,19834.82550111383,85998.68524590958
2024-07-29,TacoBell,Midwest,52916.75546292201,31312.229843419813,74521.2810824242,19834.82560805927,85998.68531778475
2024-08-05,TacoBell,Midwest,52916.75536279942,31312.229751709852,74521.28097388899,19834.825520818522,85998.68520478031
2024-08-12,TacoBell,Midwest,52916.75535335484,31312.229739942206,74521.28096676747,19834.82550781675,85998.68519889293
2024-08-19,TacoBell,Midwest,52916.755478609484,31312.22986945472,74521.28108776425,19834.825639591254,85998.6853176277
2024-08-26,TacoBell,Midwest,52916.75542115752,31312.22981278716,74521.28102952788,19834.82558334041,85998.68525897463
2024-09-02,TacoBell,Midwest,52916.75545641642,31312.229850852957,74521.28106197988,19834.82562289737,85998.68528993547
2024-09-09,TacoBell,Midwest,52916.75543302303,31312.22982124622,74521.28104479983,19834.825589989792,85998.68527605626
2024-09-16,TacoBell,Midwest,52916.75543656527,31312.229834445876,74521.28103868465,19834.825608319952,85998.68526481059
2024-09-23,TacoBell,Midwest,52916.75543635209,31312.22983357921,74521.28103912497,19834.82560710612,85998.68526559806
2024-09-30,TacoBell,Midwest,52916.755504786444,31312.22990426823,74521.28110530466,19834.825678992936,85998.68533057996
2024-10-07,TacoBell,Midwest,52916.7554837113,31312.229881371903,74521.2810860507,19834.825655129098,85998.6853122935
2024-10-14,TacoBell,Midwest,52916.755526858484,31312.229930720594,74521.28112299637,19834.82570777234,85998.68534594463
2024-10-21,TacoBell,Midwest,52916.75552319704,31312.229926157128,74521.28112023695,19834.82570272967,85998.6853436644
2024-10-28,TacoBell,Midwest,52916.755490101015,31312.22988634396,74521.28109385807,19834.825659348026,85998.68532085401
2024-11-04,TacoBell,Midwest,52916.7555312577,31312.22993467315,74521.28112784226,19834.82571148761,85998.68535102779
2024-11-11,TacoBell,Midwest,52916.75555234688,31312.229957362473,74521.28114733129,19834.825735027007,85998.68536966675
2024-11-18,TacoBell,Midwest,52916.75556897887,31312.2299755983,74521.28116235945,19834.825754114878,85998.68538384287
2024-11-25,TacoBell,Midwest,52916.75545484101,31312.229832578047,74521.28107710398,19834.82559575085,85998.68531393117
2024-12-02,TacoBell,Midwest,52916.75549796737,31312.229896052006,74521.28109988273,19834.825670034465,85998.68532590028
2024-12-09,TacoBell,Midwest,52916.75550471375,31312.229902314128,74521.28110711338,19834.825676039327,85998.68533338817
2024-12-16,TacoBell,Midwest,52916.755518169695,31312.229913588802,74521.28112275059,19834.825686155207,85998.68535018418
2024-12-23,TacoBell,Midwest,52916.75543339634,31312.229829678756,74521.28103711392,19834.825602703793,85998.68526408888
2024-12-30,TacoBell,Midwest,52916.75546548393,31312.229847278355,74521.28108368951,19834.82561260664,85998.68531836123
2024-01-01,TacoBell,Northeast,163802.86323838358,127820.99505152018,199784.73142524698,108705.62757724902,218900.09889951814
2024-01-08,TacoBell,Northeast,163802.86323838358,127820.99505152018,199784.73142524698,108705.62757724902,218900.09889951814
2024-01-15,TacoBell,Northeast,163802.86323838358,127820.99505152018,199784.73142524698,108705.62757724902,218900.09889951814
2024-01-22,TacoBell,Northeast,163802.86323838358,127820.99505152018,199784.73142524698,108705.62757724902,218900.09889951814
2024-01-29,TacoBell,Northeast,163802.86323838358,127820.99505152018,199784.73142524698,108705.62757724902,218900.09889951814
2024-02-05,TacoBell,Northeast,163802.86323838358,127820.99505152018,199784.73142524698,108705.62757724902,218900.09889951814
2024-02-12,TacoBell,Northeast,163802.86323838358,127820.99505152018,199784.73142524698,108705.62757724902,218900.09889951814
2024-02-19,TacoBell,Northeast,163802.86323838358,127820.99505152018,199784.73142524698,108705.62757724902,218900.09889951814
2024-02-26,TacoBell,Northeast,163802.86323838358,127820.99505152018,199784.73142524698,108705.62757724902,218900.09889951814
2024-03-04,TacoBell,Northeast,163802.86323838358,127820.99505152018,199784.73142524698,108705.62757724902,218900.09889951814
2024-03-11,TacoBell,Northeast,163802.86323838358,127820.99505152018,199784.73142524698,108705.62757724902,218900.09889951814
2024-03-18,TacoBell,Northeast,163802.86323838358,127820.99505152018,199784.73142524698,108705.62757724902,218900.09889951814
2024-03-25,TacoBell,Northeast,163802.86323838358,127820.99505152018,199784.73142524698,108705.62757724902,218900.09889951814
2024-04-01,TacoBell,Northeast,163802.86323838358,127820.99505152018,199784.73142524698,108705.62757724902,218900.09889951814
2024-04-08,TacoBell,Northeast,163802.86323838358,127820.99505152018,199784.73142524698,108705.62757724902,218900.09889951814
2024-04-15,TacoBell,Northeast,163802.86323838358,127820.99505152018,199784.73142524698,108705.62757724902,218900.09889951814
2024-04-22,TacoBell,Northeast,163802.86323838358,127820.99505152018,199784.73142524698,108705.62757724902,218900.09889951814
2024-04-29,TacoBell,Northeast,163802.86323838358,127820.99505152018,199784.73142524698,108705.62757724902,218900.09889951814
2024-05-06,TacoBell,Northeast,163802.86323838358,127820.99505152018,199784.73142524698,108705.62757724902,218900.09889951814
2024-05-13,TacoBell,Northeast,163802.86323838358,127820.99505152018,199784.73142524698,108705.62757724902,218900.09889951814
2024-05-20,TacoBell,Northeast,163802.86323838358,127820.99505152018,199784.73142524698,108705.62757724902,218900.09889951814
2024-05-27,TacoBell,Northeast,163802.86323838358,127820.99505152018,199784.73142524698,108705.62757724902,218900.09889951814
2024-06-03,TacoBell,Northeast,163802.86323838358,127820.99505152018,199784.73142524698,108705.62757724902,218900.09889951814
2024-06-10,TacoBell,Northeast,163802.86323838358,127820.99505152018,199784.73142524698,108705.62757724902,218900.09889951814
2024-06-17,TacoBell,Northeast,163802.86323838358,127820.99505152018,199784.73142524698,108705.62757724902,218900.09889951814
2024-06-24,TacoBell,Northeast,163802.86323838358,127820.99505152018,199784.73142524698,108705.62757724902,218900.09889951814
2024-07-01,TacoBell,Northeast,163802.86323838358,127820.99505152018,199784.73142524698,108705.62757724902,218900.09889951814
2024-07-08,TacoBell,Northeast,163802.86323838358,127820.99505152018,199784.73142524698,108705.62757724902,218900.09889951814
2024-07-15,TacoBell,Northeast,163802.86323838358,127820.99505152018,199784.73142524698,108705.62757724902,218900.09889951814
2024-07-22,TacoBell,Northeast,163802.86323838358,127820.99505152018,199784.73142524698,108705.62757724902,218900.09889951814
2024-07-29,TacoBell,Northeast,163802.86323838358,127820.99505152018,199784.73142524698,108705.62757724902,218900.09889951814
2024-08-05,TacoBell,Northeast,163802.86323838358,127820.99505152018,199784.73142524698,108705.62757724902,218900.09889951814
2024-08-12,TacoBell,Northeast,163802.86323838358,127820.99505152018,199784.73142524698,108705.62757724902,218900.09889951814
2024-08-19,TacoBell,Northeast,163802.86323838358,127820.99505152018,199784.73142524698,108705.62757724902,218900.09889951814
2024-08-26,TacoBell,Northeast,163802.86323838358,127820.99505152018,199784.73142524698,108705.62757724902,218900.09889951814
2024-09-02,TacoBell,Northeast,163802.86323838358,127820.99505152018,199784.73142524698,108705.62757724902,218900.09889951814
2024-09-09,TacoBell,Northeast,163802.86323838358,127820.99505152018,199784.73142524698,108705.62757724902,218900.09889951814
2024-09-16,TacoBell,Northeast,163802.86323838358,127820.99505152018,199784.73142524698,108705.62757724902,218900.09889951814
2024-09-23,TacoBell,Northeast,163802.86323838358,127820.99505152018,199784.73142524698,108705.62757724902,218900.09889951814
2024-09-30,TacoBell,Northeast,163802.86323838358,127820.99505152018,199784.73142524698,108705.62757724902,218900.09889951814
2024-10-07,TacoBell,Northeast,163802.86323838358,127820.99505152018,199784.73142524698,108705.62757724902,218900.09889951814
2024-10-14,TacoBell,Northeast,163802.86323838358,127820.99505152018,199784.73142524698,108705.62757724902,218900.09889951814
2024-10-21,TacoBell,Northeast,163802.86323838358,127820.99505152018,199784.73142524698,108705.62757724902,218900.09889951814
2024-10-28,TacoBell,Northeast,163802.86323838358,127820.99505152018,199784.73142524698,108705.62757724902,218900.09889951814
2024-11-04,TacoBell,Northeast,163802.86323838358,127820.99505152018,199784.73142524698,108705.62757724902,218900.09889951814
2024-11-11,TacoBell,Northeast,163802.86323838358,127820.99505152018,199784.73142524698,108705.62757724902,218900.09889951814
2024-11-18,TacoBell,Northeast,163802.86323838358,127820.99505152018,199784.73142524698,108705.62757724902,218900.09889951814
2024-11-25,TacoBell,Northeast,163802.86323838358,127820.99505152018,199784.73142524698,108705.62757724902,218900.09889951814
2024-12-02,TacoBell,Northeast,163802.86323838358,127820.99505152018,199784.73142524698,108705.62757724902,218900.09889951814
2024-12-09,TacoBell,Northeast,163802.86323838358,127820.99505152018,199784.73142524698,108705.62757724902,218900.09889951814
2024-12-16,TacoBell,Northeast,163802.86323838358,127820.99505152018,199784.73142524698,108705.62757724902,218900.09889951814
2024-12-23,TacoBell,Northeast,163802.86323838358,127820.99505152018,199784.73142524698,108705.62757724902,218900.09889951814
2024-12-30,TacoBell,Northeast,163802.86323838358,127820.99505152018,199784.73142524698,108705.62757724902,218900.09889951814
2024-01-01,TacoBell,South,16401.449418631746,2843.047262371925,29959.851574891567,-4359.853883141102,37162.75272040459
2024-01-08,TacoBell,South,16401.44950896763,2843.0473705399745,29959.851647395288,-4359.853765499716,37162.752783434975
2024-01-15,TacoBell,South,16401.449489247967,2843.047334175537,29959.8516443204,-4359.8538107066925,37162.75278920263
2024-01-22,TacoBell,South,16401.44949680825,2843.0473603389164,29959.851633277583,-4359.853774660416,37162.752768276914
2024-01-29,TacoBell,South,16401.449322497625,2843.0471556129505,29959.8514893823,-4359.85399554453,37162.75264053978
2024-02-05,TacoBell,South,16401.44944987831,2843.047305163853,29959.851594592765,-4359.853834215701,37162.75273397232
2024-02-12,TacoBell,South,16401.449328350413,2843.0471609284305,29959.851495772396,-4359.853990514497,37162.752647215326
2024-02-19,TacoBell,South,16401.44934399554,2843.0471825005534,29959.85150549053,-4359.85396579366,37162.752653784744
2024-02-26,TacoBell,South,16401.44934766604,2843.0472010343547,29959.851494297724,-4359.853939363726,37162.752634695804
2024-03-04,TacoBell,South,16401.449434129234,2843.0472955011464,29959.85157275732,-4359.853840645024,37162.75270890349
2024-03-11,TacoBell,South,16401.449437831605,2843.047292039868,29959.851583623342,-4359.853847911989,37162.7527235752
2024-03-18,TacoBell,South,16401.44935520767,2843.047199715944,29959.8515106994,-4359.8539453890335,37162.752655804376
2024-03-25,TacoBell,South,16401.449414576542,2843.0472743420214,29959.851554811063,-4359.853862657568,37162.75269181065
2024-04-01,TacoBell,South,16401.449439511976,2843.047301787312,29959.85157723664,-4359.853833878915,37162.75271290287
2024-04-08,TacoBell,South,16401.44934972289,2843.0471691235543,29959.851530322227,-4359.8539893198395,37162.75268876562
2024-04-15,TacoBell,South,16401.449341985972,2843.047194120125,29959.85148985182,-4359.8539469336065,37162.752630905554
2024-04-22,TacoBell,South,16401.449384864394,2843.047237648305,29959.851532080484,-4359.853903060241,37162.75267278903
2024-04-29,TacoBell,South,16401.44939060606,2843.047243187748,29959.85153802437,-4359.853897628229,37162.75267884035
2024-05-06,TacoBell,South,16401.44939035996,2843.0472457504693,29959.851534969453,-4359.853893573323,37162.752674293246
2024-05-13,TacoBell,South,16401.449460602555,2843.0473222021265,29959.851599002985,-4359.853813823098,37162.7527350282
2024-05-20,TacoBell,South,16401.449168563217,2843.046915872841,29959.851421253592,-4359.85428086892,37162.75261799536
2024-05-27,TacoBell,South,16401.44925687516,2843.047089273701,29959.85142447662,-4359.8540622645705,37162.752576014886
2024-06-03,TacoBell,South,16401.449227784942,2843.0470386371835,29959.851416932703,-4359.854124347563,37162.75257991745
2024-06-10,TacoBell,South,16401.44931609188,2843.047146829813,29959.851485353945,-4359.85400559066,37162.75263777442
2024-06-17,TacoBell,South,16401.449263595576,2843.047101334436,29959.851425856716,-4359.854047366793,37162.75257455795
2024-06-24,TacoBell,South,16401.449357474252,2843.0472120846443,29959.851502863858,-4359.853927653585,37162.75264260209
2024-07-01,TacoBell,South,16401.449324735837,2843.047172518003,29959.85147695367,-4359.853970847722,37162.7526203194
2024-07-08,TacoBell,South,16401.449395279502,2843.0472508854764,29959.851539673527,-4359.853888323851,37162.752678882855
2024-07-15,TacoBell,South,16401.449231033257,2843.047033356337,29959.85142871018,-4359.854134159526,37162.75259622604
2024-07-22,TacoBell,South,16401.449283266567,2843.0471233117623,29959.85144322137,-4359.8540241642295,37162.75259069736
2024-07-29,TacoBell,South,16401.44939722565,2843.0472456441257,29959.85154880717,-4359.85389738356,37162.75269183486
2024-08-05,TacoBell,South,16401.44939967633,2843.047254167579,29959.851545185084,-4359.853885633944,37162.752684986604
2024-08-12,TacoBell,South,16401.449350214447,2843.047197360571,29959.851503068323,-4359.85394634305,37162.75264677194
2024-08-19,TacoBell,South,16401.44938951654,2843.0472464354716,29959.851532597608,-4359.853892076346,37162.752671109425
2024-08-26,TacoBell,South,16401.449415510917,2843.04726241959,29959.851568602244,-4359.853881410174,37162.752712432004
2024-09-02,TacoBell,South,16401.449458198284,2843.047319006755,29959.85159738981,-4359.853817438743,37162.75273383531
2024-09-09,TacoBell,South,16401.44945172334,2843.047314182735,29959.851589263944,-4359.85382138571,37162.75272483239
2024-09-16,TacoBell,South,16401.44939705668,2843.047252216935,29959.851541896423,-4359.853887229179,37162.752681342536
2024-09-23,TacoBell,South,16401.44947542728,2843.047329049792,29959.851621804766,-4359.853811213248,37162.7527620678
2024-09-30,TacoBell,South,16401.44954787516,2843.0474156589444,29959.851680091375,-4359.853717080918,37162.75281283124
2024-10-07,TacoBell,South,16401.44945913548,2843.0473177883177,29959.851600482645,-4359.853819802363,37162.75273807332
2024-10-14,TacoBell,South,16401.44944414857,2843.0473070892276,29959.851581207913,-4359.853828223546,37162.752716520685
2024-10-21,TacoBell,South,16401.449513536307,2843.0473794209975,29959.851647651616,-4359.85375432776,37162.75278140037
2024-10-28,TacoBell,South,16401.449588874355,2843.047457318349,29959.85172043036,-4359.853675070775,37162.75285281948
2024-11-04,TacoBell,South,16401.44948586887,2843.047346189367,29959.851625548374,-4359.853790515368,37162.752762253105
2024-11-11,TacoBell,South,16401.449543242492,2843.047407410555,29959.85167907443,-4359.85372725016,37162.75281373515
2024-11-18,TacoBell,South,16401.449546492033,2843.0474151646704,29959.851677819395,-4359.853717102989,37162.752810087055
2024-11-25,TacoBell,South,16401.449573379694,2843.0474423512696,29959.851704408116,-4359.85368975758,37162.75283651697
2024-12-02,TacoBell,South,16401.449557706637,2843.0474266897836,29959.85168872349,-4359.853705412919,37162.752820826194
2024-12-09,TacoBell,South,16401.449525722554,2843.0473853993644,29959.851666045743,-4359.85375164733,37162.75280309244
2024-12-16,TacoBell,South,16401.4495497524,2843.047418319835,29959.851681184966,-4359.853714003715,37162.752813508516
2024-12-23,TacoBell,South,16401.449564861436,2843.0474351235116,29959.85169459936,-4359.8536962997605,37162.75282602263
2024-12-30,TacoBell,South,16401.449546797405,2843.0474143992324,29959.851679195577,-4359.853718437294,37162.75281203211
2024-01-01,TacoBell,Southwest,40042.6034931579,15481.504067968672,64603.702918347124,2433.4199983368962,77651.7869879789
2024-01-08,TacoBell,Southwest,40042.6034931579,15481.504067968672,64603.702918347124,2433.4199983368962,77651.7869879789
2024-01-15,TacoBell,Southwest,40042.6034931579,15481.504067968672,64603.702918347124,2433.4199983368962,77651.7869879789
2024-01-22,TacoBell,Southwest,40042.6034931579,15481.504067968672,64603.702918347124,2433.4199983368962,77651.7869879789
2024-01-29,TacoBell,Southwest,40042.6034931579,15481.504067968672,64603.702918347124,2433.4199983368962,77651.7869879789
2024-02-05,TacoBell,Southwest,40042.6034931579,15481.504067968672,64603.702918347124,2433.4199983368962,77651.7869879789
2024-02-12,TacoBell,Southwest,40042.6034931579,15481.504067968672,64603.702918347124,2433.4199983368962,77651.7869879789
2024-02-19,TacoBell,Southwest,40042.6034931579,15481.504067968672,64603.702918347124,2433.4199983368962,77651.7869879789
2024-02-26,TacoBell,Southwest,40042.6034931579,15481.504067968672,64603.702918347124,2433.4199983368962,77651.7869879789
2024-03-04,TacoBell,Southwest,40042.6034931579,15481.504067968672,64603.702918347124,2433.4199983368962,77651.7869879789
2024-03-11,TacoBell,Southwest,40042.6034931579,15481.504067968672,64603.702918347124,2433.4199983368962,77651.7869879789
2024-03-18,TacoBell,Southwest,40042.6034931579,15481.504067968672,64603.702918347124,2433.4199983368962,77651.7869879789
2024-03-25,TacoBell,Southwest,40042.6034931579,15481.504067968672,64603.702918347124,2433.4199983368962,77651.7869879789
2024-04-01,TacoBell,Southwest,40042.6034931579,15481.504067968672,64603.702918347124,2433.4199983368962,77651.7869879789
2024-04-08,TacoBell,Southwest,40042.6034931579,15481.504067968672,64603.702918347124,2433.4199983368962,77651.7869879789
2024-04-15,TacoBell,Southwest,40042.6034931579,15481.504067968672,64603.702918347124,2433.4199983368962,77651.7869879789
2024-04-22,TacoBell,Southwest,40042.6034931579,15481.504067968672,64603.702918347124,2433.4199983368962,77651.7869879789
2024-04-29,TacoBell,Southwest,40042.6034931579,15481.504067968672,64603.702918347124,2433.4199983368962,77651.7869879789
2024-05-06,TacoBell,Southwest,40042.6034931579,15481.504067968672,64603.702918347124,2433.4199983368962,77651.7869879789
2024-05-13,TacoBell,Southwest,40042.6034931579,15481.504067968672,64603.702918347124,2433.4199983368962,77651.7869879789
2024-05-20,TacoBell,Southwest,40042.6034931579,15481.504067968672,64603.702918347124,2433.4199983368962,77651.7869879789
2024-05-27,TacoBell,Southwest,40042.6034931579,15481.504067968672,64603.702918347124,2433.4199983368962,77651.7869879789
2024-06-03,TacoBell,Southwest,40042.6034931579,15481.504067968672,64603.702918347124,2433.4199983368962,77651.7869879789
2024-06-10,TacoBell,Southwest,40042.6034931579,15481.504067968672,64603.702918347124,2433.4199983368962,77651.7869879789
2024-06-17,TacoBell,Southwest,40042.6034931579,15481.504067968672,64603.702918347124,2433.4199983368962,77651.7869879789
2024-06-24,TacoBell,Southwest,40042.6034931579,15481.504067968672,64603.702918347124,2433.4199983368962,77651.7869879789
2024-07-01,TacoBell,Southwest,40042.6034931579,15481.504067968672,64603.702918347124,2433.4199983368962,77651.7869879789
2024-07-08,TacoBell,Southwest,40042.6034931579,15481.504067968672,64603.702918347124,2433.4199983368962,77651.7869879789
2024-07-15,TacoBell,Southwest,40042.6034931579,15481.504067968672,64603.702918347124,2433.4199983368962,77651.7869879789
2024-07-22,TacoBell,Southwest,40042.6034931579,15481.504067968672,64603.702918347124,2433.4199983368962,77651.7869879789
2024-07-29,TacoBell,Southwest,40042.6034931579,15481.504067968672,64603.702918347124,2433.4199983368962,77651.7869879789
2024-08-05,TacoBell,Southwest,40042.6034931579,15481.504067968672,64603.702918347124,2433.4199983368962,77651.7869879789
2024-08-12,TacoBell,Southwest,40042.6034931579,15481.504067968672,64603.702918347124,2433.4199983368962,77651.7869879789
2024-08-19,TacoBell,Southwest,40042.6034931579,15481.504067968672,64603.702918347124,2433.4199983368962,77651.7869879789
2024-08-26,TacoBell,Southwest,40042.6034931579,15481.504067968672,64603.702918347124,2433.4199983368962,77651.7869879789
2024-09-02,TacoBell,Southwest,40042.6034931579,15481.504067968672,64603.702918347124,2433.4199983368962,77651.7869879789
2024-09-09,TacoBell,Southwest,40042.6034931579,15481.504067968672,64603.702918347124,2433.4199983368962,77651.7869879789
2024-09-16,TacoBell,Southwest,40042.6034931579,15481.504067968672,64603.702918347124,2433.4199983368962,77651.7869879789
2024-09-23,TacoBell,Southwest,40042.6034931579,15481.504067968672,64603.702918347124,2433.4199983368962,77651.7869879789
2024-09-30,TacoBell,Southwest,40042.6034931579,15481.504067968672,64603.702918347124,2433.4199983368962,77651.7869879789
2024-10-07,TacoBell,Southwest,40042.6034931579,15481.504067968672,64603.702918347124,2433.4199983368962,77651.7869879789
2024-10-14,TacoBell,Southwest,40042.6034931579,15481.504067968672,64603.702918347124,2433.4199983368962,77651.7869879789
2024-10-21,TacoBell,Southwest,40042.6034931579,15481.504067968672,64603.702918347124,2433.4199983368962,77651.7869879789
2024-10-28,TacoBell,Southwest,40042.6034931579,15481.504067968672,64603.702918347124,2433.4199983368962,77651.7869879789
2024-11-04,TacoBell,Southwest,40042.6034931579,15481.504067968672,64603.702918347124,2433.4199983368962,77651.7869879789
2024-11-11,TacoBell,Southwest,40042.6034931579,15481.504067968672,64603.702918347124,2433.4199983368962,77651.7869879789
2024-11-18,TacoBell,Southwest,40042.6034931579,15481.504067968672,64603.702918347124,2433.4199983368962,77651.7869879789
2024-11-25,TacoBell,Southwest,40042.6034931579,15481.504067968672,64603.702918347124,2433.4199983368962,77651.7869879789
2024-12-02,TacoBell,Southwest,40042.6034931579,15481.504067968672,64603.702918347124,2433.4199983368962,77651.7869879789
2024-12-09,TacoBell,Southwest,40042.6034931579,15481.504067968672,64603.702918347124,2433.4199983368962,77651.7869879789
2024-12-16,TacoBell,Southwest,40042.6034931579,15481.504067968672,64603.702918347124,2433.4199983368962,77651.7869879789
2024-12-23,TacoBell,Southwest,40042.6034931579,15481.504067968672,64603.702918347124,2433.4199983368962,77651.7869879789
2024-12-30,TacoBell,Southwest,40042.6034931579,15481.504067968672,64603.702918347124,2433.4199983368962,77651.7869879789
2024-01-01,TacoBell,West,20677.5033449261,11470.846379399962,29884.160310452236,6579.809866464204,34775.196823387996
2024-01-08,TacoBell,West,20677.50329279955,11470.84632692651,29884.160258672586,6579.80981380646,34775.19677179264
2024-01-15,TacoBell,West,20677.503362298132,11470.84639878358,29884.160325812685,6579.809886916477,34775.19683767979
2024-01-22,TacoBell,West,20677.503264133065,11470.846288083456,29884.160240182675,6579.809769557101,34775.19675870903
2024-01-29,TacoBell,West,20677.50335844534,11470.846392892237,29884.160323998447,6579.809879942153,34775.196836948526
2024-02-05,TacoBell,West,20677.503237189947,11470.846265428221,29884.160208951675,6579.8097491798035,34775.19672520009
2024-02-12,TacoBell,West,20677.503351074713,11470.846381978587,29884.16032017084,6579.80986714627,34775.19683500315
2024-02-19,TacoBell,West,20677.503168020143,11470.84619167849,29884.160144361795,6579.809672996989,34775.196663043294
2024-02-26,TacoBell,West,20677.503162366116,11470.846174292798,29884.160150439435,6579.809649378847,34775.196675353385
2024-03-04,TacoBell,West,20677.503282922455,11470.84630900488,29884.160256840027,6579.809791611169,34775.196774233744
2024-03-11,TacoBell,West,20677.503224973305,11470.846244400258,29884.16020554635,6579.809723470829,34775.196726475784
2024-03-18,TacoBell,West,20677.503111283964,11470.846133277313,29884.160089290614,6579.809613711281,34775.19660885665
2024-03-25,TacoBell,West,20677.503108112804,11470.846133672525,29884.160082553084,6579.809616001128,34775.19660022448
2024-04-01,TacoBell,West,20677.503201296888,11470.846221713624,29884.16018088015,6579.809701310016,34775.196701283756
2024-04-08,TacoBell,West,20677.503268181477,11470.846296607691,29884.160239755263,6579.809780459116,34775.19675590384
2024-04-15,TacoBell,West,20677.503141671677,11470.846163651315,29884.16011969204,6579.809644077999,34775.196639265356
2024-04-22,TacoBell,West,20677.503096923087,11470.84611847753,29884.160075368643,6579.80959867833,34775.19659516784
2024-04-29,TacoBell,West,20677.503101633927,11470.84612520122,29884.160078066634,6579.809606471346,34775.19659679651
2024-05-06,TacoBell,West,20677.503120281417,11470.846127970453,29884.16011259238,6579.809600805254,34775.19663975758
2024-05-13,TacoBell,West,20677.5029069821,11470.84588110327,29884.15993286093,6579.809336105143,34775.196477859055
2024-05-20,TacoBell,West,20677.503148021195,11470.846164507853,29884.160131534536,6579.809642016391,34775.196654026
2024-05-27,TacoBell,West,20677.50291664832,11470.845899311313,29884.159933985324,6579.809358851029,34775.196474445605
2024-06-03,TacoBell,West,20677.503048608967,11470.846063044273,29884.160034173663,6579.809539463031,34775.196557754905
2024-06-10,TacoBell,West,20677.50291606137,11470.845916201424,29884.159915921315,6579.809385025828,34775.19644709691
2024-06-17,TacoBell,West,20677.503111491165,11470.846127126413,29884.160095855917,6579.809604182639,34775.19661879969
2024-06-24,TacoBell,West,20677.50297277764,11470.845985869531,29884.159959685745,6579.809461574601,34775.196483980675
2024-07-01,TacoBell,West,20677.503147074276,11470.84617202443,29884.16012212412,6579.809654029201,34775.19664011935
2024-07-08,TacoBell,West,20677.502945721175,11470.845945102945,29884.159946339405,6579.80941352451,34775.19647791784
2024-07-15,TacoBell,West,20677.503186480077,11470.846207887378,29884.160165072775,6579.809688010006,34775.19668495015
2024-07-22,TacoBell,West,20677.503073870088,11470.84609407408,29884.160053666095,6579.809573557453,34775.19657418272
2024-07-29,TacoBell,West,20677.502908742594,11470.845884229011,29884.159933256175,6579.809339956169,34775.19647752902
2024-08-05,TacoBell,West,20677.50304422831,11470.846053766221,29884.160034690398,6579.809527583237,34775.19656087338
2024-08-12,TacoBell,West,20677.503117748813,11470.846131357424,29884.160104140203,6579.809607337002,34775.19662816062
2024-08-19,TacoBell,West,20677.50308165188,11470.846100705106,29884.160062598654,6579.809579577133,34775.19658372663
2024-08-26,TacoBell,West,20677.503092249863,11470.846101157887,29884.160083341838,6579.809574640276,34775.19660985945
2024-09-02,TacoBell,West,20677.503249227975,11470.846282204471,29884.16021625148,6579.809768473235,34775.196729982716
2024-09-09,TacoBell,West,20677.503219533555,11470.84624955391,29884.1601895132,6579.809734252223,34775.19670481489
2024-09-16,TacoBell,West,20677.503028379375,11470.846035080767,29884.160021677984,6579.809507390883,34775.196549367865
2024-09-23,TacoBell,West,20677.503167626088,11470.846189927037,29884.16014532514,6579.809670524417,34775.19666472776
2024-09-30,TacoBell,West,20677.503274157094,11470.846305082392,29884.160243231796,6579.809790261457,34775.19675805273
2024-10-07,TacoBell,West,20677.503288734355,11470.846323519088,29884.160253949623,6579.80981074848,34775.196766720226
2024-10-14,TacoBell,West,20677.503182165387,11470.846207620747,29884.160156710026,6579.8096898939075,34775.19667443687
2024-10-21,TacoBell,West,20677.50320103754,11470.846228551898,29884.16017352318,6579.809711918902,34775.196690156175
2024-10-28,TacoBell,West,20677.503286800435,11470.846321466137,29884.16025213473,6579.809808632292,34775.196764968576
2024-11-04,TacoBell,West,20677.503315368824,11470.846351414837,29884.16027932281,6579.809839314283,34775.19679142337
2024-11-11,TacoBell,West,20677.503349947274,11470.846387599757,29884.160312294793,6579.809876352638,34775.19682354191
2024-11-18,TacoBell,West,20677.503298859247,11470.846334757842,29884.16026296065,6579.809822578971,34775.19677513952
2024-11-25,TacoBell,West,20677.503343212116,11470.846381118103,29884.16030530613,6579.809870005658,34775.196816418575
2024-12-02,TacoBell,West,20677.503431893256,11470.84646902361,29884.1603947629,6579.809957499112,34775.1969062874
2024-12-09,TacoBell,West,20677.503364113527,11470.84640018483,29884.160328042224,6579.80988809771,34775.19684012934
2024-12-16,TacoBell,West,20677.503400798396,11470.846438983528,29884.160362613264,6579.809928019378,34775.19687357741
2024-12-23,TacoBell,West,20677.503272740105,11470.846298912938,29884.16024656727,6579.809781567255,34775.19676391296
2024-12-30,TacoBell,West,20677.503342731572,11470.846372554459,29884.160312908687,6579.809857147868,34775.196828315275
2024-01-01,Wendys,Midwest,81995.43598041672,64072.954709434765,99917.91725139867,54551.6365342256,109439.23542660783
2024-01-08,Wendys,Midwest,81995.43600876768,64072.954737899534,99917.91727963582,54551.636562750835,109439.23545478452
2024-01-15,Wendys,Midwest,81995.43597115722,64072.95471205951,99917.91723025493,54551.636543163855,109439.23539915058
2024-01-22,Wendys,Midwest,81995.43597623224,64072.954706822944,99917.91724564154,54551.63653244925,109439.23542001523
2024-01-29,Wendys,Midwest,81995.43602241068,64072.954760714725,99917.91728410663,54551.63659043875,109439.23545438261
2024-02-05,Wendys,Midwest,81995.43591381592,64072.95463834217,99917.91718928967,54551.63646074674,109439.2353668851
2024-02-12,Wendys,Midwest,81995.43596570326,64072.9547026857,99917.91722872082,54551.63653170763,109439.2353996989
2024-02-19,Wendys,Midwest,81995.43598882073,64072.95473028891,99917.91724735254,54551.636561693886,109439.23541594757
2024-02-26,Wendys,Midwest,81995.43596362609,64072.95470352097,99917.91722373122,54551.636534090125,109439.23539316206
2024-03-04,Wendys,Midwest,81995.43599809616,64072.95473883972,99917.9172573526,54551.63656985974,109439.23542633258
2024-03-11,Wendys,Midwest,81995.43599563315,64072.954738741464,99917.91725252483,54551.63657101775,109439.23542024854
2024-03-18,Wendys,Midwest,81995.43596531684,64072.95470679218,99917.91722384149,54551.63653820097,109439.2353924327
2024-03-25,Wendys,Midwest,81995.4360346391,64072.95477265163,99917.91729662658,54551.63660222078,109439.23546705743
2024-04-01,Wendys,Midwest,81995.4359929295,64072.95473736308,99917.91724849593,54551.63657034341,109439.23541551559
2024-04-08,Wendys,Midwest,81995.43601484856,64072.95475851628,99917.91727118084,54551.63659108976,109439.23543860736
2024-04-15,Wendys,Midwest,81995.43598944988,64072.95473298752,99917.91724591223,54551.63656549189,109439.23541340786
2024-04-22,Wendys,Midwest,81995.43599729311,64072.95474298202,99917.9172516042,54551.63657662926,109439.23541795697
2024-04-29,Wendys,Midwest,81995.43599514695,64072.95474108588,99917.91724920803,54551.63657486594,109439.23541542797
2024-05-06,Wendys,Midwest,81995.43597667349,64072.95471965184,99917.91723369513,54551.63655185909,109439.23540148788
2024-05-13,Wendys,Midwest,81995.43599641325,64072.95474189538,99917.91725093112,54551.63657543277,109439.23541739372
2024-05-20,Wendys,Midwest,81995.43597922551,64072.95472317763,99917.9172352734,54551.636555902194,109439.23540254883
2024-05-27,Wendys,Midwest,81995.43597395196,64072.95471646932,99917.91723143459,54551.63654843168,109439.23539947224
2024-06-03,Wendys,Midwest,81995.43593645784,64072.954669059414,99917.91720385627,54551.63649575399,109439.23537716169
2024-06-10,Wendys,Midwest,81995.43601714406,64072.95475761292,99917.9172766752,54551.636588487,109439.23544580113
2024-06-17,Wendys,Midwest,81995.43598494337,64072.95472934254,99917.9172405442,54551.6365623046,109439.23540758213
2024-06-24,Wendys,Midwest,81995.43602021912,64072.95476121949,99917.91727921875,54551.63659237593,109439.2354480623
2024-07-01,Wendys,Midwest,81995.43596408408,64072.954702830044,99917.91722533813,54551.636532788834,109439.23539537934
2024-07-08,Wendys,Midwest,81995.43599260939,64072.95473699536,99917.91724822341,54551.63656995041,109439.23541526837
2024-07-15,Wendys,Midwest,81995.4359983879,64072.95474367115,99917.91725310465,54551.63657710288,109439.23541967291
2024-07-22,Wendys,Midwest,81995.43600747084,64072.954753292106,99917.91726164956,54551.63658700966,109439.23542793201
2024-07-29,Wendys,Midwest,81995.43597495179,64072.954718251014,99917.91723165257,54551.636550628726,109439.23539927485
2024-08-05,Wendys,Midwest,81995.4359759683,64072.95471935563,99917.91723258098,54551.636551780146,109439.23540015645
2024-08-12,Wendys,Midwest,81995.43597683901,64072.9547196856,99917.91723399243,54551.636551822856,109439.23540185517
2024-08-19,Wendys,Midwest,81995.43599818078,64072.95474280893,99917.91725355263,54551.63657589264,109439.23542046892
2024-08-26,Wendys,Midwest,81995.43593710173,64072.95467095332,99917.91720325015,54551.63649831197,109439.2353758915
2024-09-02,Wendys,Midwest,81995.43595698291,64072.95469406758,99917.91721989824,54551.6365231438,109439.23539082202
2024-09-09,Wendys,Midwest,81995.43596566435,64072.9547046059,99917.9172267228,54551.63653466861,109439.2353966601
2024-09-16,Wendys,Midwest,81995.4359869892,64072.95472931683,99917.91724466158,54551.63656117838,109439.23541280004
2024-09-23,Wendys,Midwest,81995.43596618569,64072.95470672712,99917.91722564425,54551.63653763976,109439.23539473162
2024-09-30,Wendys,Midwest,81995.43600946304,64072.95475041481,99917.91726851127,54551.63658154544,109439.23543738064
2024-10-07,Wendys,Midwest,81995.43597459252,64072.954716875654,99917.91723230938,54551.63654871358,109439.23540047146
2024-10-14,Wendys,Midwest,81995.4359132684,64072.954636756665,99917.91718978014,54551.63645860981,109439.235367927
2024-10-21,Wendys,Midwest,81995.43599126898,64072.9547295332,99917.91725300477,54551.63655923607,109439.2354233019
2024-10-28,Wendys,Midwest,81995.43597325837,64072.95471480457,99917.91723171217,54551.63654625099,109439.23540026575
2024-11-04,Wendys,Midwest,81995.43594662777,64072.95468293368,99917.91721032184,54551.6365115962,109439.23538165932
2024-11-11,Wendys,Midwest,81995.4359660399,64072.954703447365,99917.91722863245,54551.63653269509,109439.23539938472
2024-11-18,Wendys,Midwest,81995.43594898327,64072.954683692966,99917.91721427358,54551.63651150749,109439.23538645906
2024-11-25,Wendys,Midwest,81995.4359205924,64072.95464302995,99917.91719815484,54551.636464324896,109439.2353768599
2024-12-02,Wendys,Midwest,81995.43596939086,64072.95470457229,99917.91723420944,54551.63653263741,109439.23540614432
2024-12-09,Wendys,Midwest,81995.43597545543,64072.95471470441,99917.91723620646,54551.63654493043,109439.23540598043
2024-12-16,Wendys,Midwest,81995.43594296223,64072.954676917405,99917.91720900705,54551.636504331094,109439.23538159336
2024-12-23,Wendys,Midwest,81995.43595334604,64072.954686606274,99917.9172200858,54551.63651365078,109439.2353930413
2024-12-30,Wendys,Midwest,81995.43599603357,64072.95473446066,99917.91725760649,54551.63656425006,109439.23542781708
2024-01-01,Wendys,Northeast,59645.72818800299,49798.82865756664,69492.62771843934,44567.66328202233,74723.79309398365
2024-01-08,Wendys,Northeast,59645.72818800299,49798.82865756664,69492.62771843934,44567.66328202233,74723.79309398365
2024-01-15,Wendys,Northeast,59645.72818800299,49798.82865756664,69492.62771843934,44567.66328202233,74723.79309398365
2024-01-22,Wendys,Northeast,59645.72818800299,49798.82865756664,69492.62771843934,44567.66328202233,74723.79309398365
2024-01-29,Wendys,Northeast,59645.72818800299,49798.82865756664,69492.62771843934,44567.66328202233,74723.79309398365
2024-02-05,Wendys,Northeast,59645.72818800299,49798.82865756664,69492.62771843934,44567.66328202233,74723.79309398365
2024-02-12,Wendys,Northeast,59645.72818800299,49798.82865756664,69492.62771843934,44567.66328202233,74723.79309398365
2024-02-19,Wendys,Northeast,59645.72818800299,49798.82865756664,69492.62771843934,44567.66328202233,74723.79309398365
2024-02-26,Wendys,Northeast,59645.72818800299,49798.82865756664,69492.62771843934,44567.66328202233,74723.79309398365
2024-03-04,Wendys,Northeast,59645.72818800299,49798.82865756664,69492.62771843934,44567.66328202233,74723.79309398365
2024-03-11,Wendys,Northeast,59645.72818800299,49798.82865756664,69492.62771843934,44567.66328202233,74723.79309398365
2024-03-18,Wendys,Northeast,59645.72818800299,49798.82865756664,69492.62771843934,44567.66328202233,74723.79309398365
2024-03-25,Wendys,Northeast,59645.72818800299,49798.82865756664,69492.62771843934,44567.66328202233,74723.79309398365
2024-04-01,Wendys,Northeast,59645.72818800299,49798.82865756664,69492.62771843934,44567.66328202233,74723.79309398365
2024-04-08,Wendys,Northeast,59645.72818800299,49798.82865756664,69492.62771843934,44567.66328202233,74723.79309398365
2024-04-15,Wendys,Northeast,59645.72818800299,49798.82865756664,69492.62771843934,44567.66328202233,74723.79309398365
2024-04-22,Wendys,Northeast,59645.72818800299,49798.82865756664,69492.62771843934,44567.66328202233,74723.79309398365
2024-04-29,Wendys,Northeast,59645.72818800299,49798.82865756664,69492.62771843934,44567.66328202233,74723.79309398365
2024-05-06,Wendys,Northeast,59645.72818800299,49798.82865756664,69492.62771843934,44567.66328202233,74723.79309398365
2024-05-13,Wendys,Northeast,59645.72818800299,49798.82865756664,69492.62771843934,44567.66328202233,74723.79309398365
2024-05-20,Wendys,Northeast,59645.72818800299,49798.82865756664,69492.62771843934,44567.66328202233,74723.79309398365
2024-05-27,Wendys,Northeast,59645.72818800299,49798.82865756664,69492.62771843934,44567.66328202233,74723.79309398365
2024-06-03,Wendys,Northeast,59645.72818800299,49798.82865756664,69492.62771843934,44567.66328202233,74723.79309398365
2024-06-10,Wendys,Northeast,59645.72818800299,49798.82865756664,69492.62771843934,44567.66328202233,74723.79309398365
2024-06-17,Wendys,Northeast,59645.72818800299,49798.82865756664,69492.62771843934,44567.66328202233,74723.79309398365
2024-06-24,Wendys,Northeast,59645.72818800299,49798.82865756664,69492.62771843934,44567.66328202233,74723.79309398365
2024-07-01,Wendys,Northeast,59645.72818800299,49798.82865756664,69492.62771843934,44567.66328202233,74723.79309398365
2024-07-08,Wendys,Northeast,59645.72818800299,49798.82865756664,69492.62771843934,44567.66328202233,74723.79309398365
2024-07-15,Wendys,Northeast,59645.72818800299,49798.82865756664,69492.62771843934,44567.66328202233,74723.79309398365
2024-07-22,Wendys,Northeast,59645.72818800299,49798.82865756664,69492.62771843934,44567.66328202233,74723.79309398365
2024-07-29,Wendys,Northeast,59645.72818800299,49798.82865756664,69492.62771843934,44567.66328202233,74723.79309398365
2024-08-05,Wendys,Northeast,59645.72818800299,49798.82865756664,69492.62771843934,44567.66328202233,74723.79309398365
2024-08-12,Wendys,Northeast,59645.72818800299,49798.82865756664,69492.62771843934,44567.66328202233,74723.79309398365
2024-08-19,Wendys,Northeast,59645.72818800299,49798.82865756664,69492.62771843934,44567.66328202233,74723.79309398365
2024-08-26,Wendys,Northeast,59645.72818800299,49798.82865756664,69492.62771843934,44567.66328202233,74723.79309398365
2024-09-02,Wendys,Northeast,59645.72818800299,49798.82865756664,69492.62771843934,44567.66328202233,74723.79309398365
2024-09-09,Wendys,Northeast,59645.72818800299,49798.82865756664,69492.62771843934,44567.66328202233,74723.79309398365
2024-09-16,Wendys,Northeast,59645.72818800299,49798.82865756664,69492.62771843934,44567.66328202233,74723.79309398365
2024-09-23,Wendys,Northeast,59645.72818800299,49798.82865756664,69492.62771843934,44567.66328202233,74723.79309398365
2024-09-30,Wendys,Northeast,59645.72818800299,49798.82865756664,69492.62771843934,44567.66328202233,74723.79309398365
2024-10-07,Wendys,Northeast,59645.72818800299,49798.82865756664,69492.62771843934,44567.66328202233,74723.79309398365
2024-10-14,Wendys,Northeast,59645.72818800299,49798.82865756664,69492.62771843934,44567.66328202233,74723.79309398365
2024-10-21,Wendys,Northeast,59645.72818800299,49798.82865756664,69492.62771843934,44567.66328202233,74723.79309398365
2024-10-28,Wendys,Northeast,59645.72818800299,49798.82865756664,69492.62771843934,44567.66328202233,74723.79309398365
2024-11-04,Wendys,Northeast,59645.72818800299,49798.82865756664,69492.62771843934,44567.66328202233,74723.79309398365
2024-11-11,Wendys,Northeast,59645.72818800299,49798.82865756664,69492.62771843934,44567.66328202233,74723.79309398365
2024-11-18,Wendys,Northeast,59645.72818800299,49798.82865756664,69492.62771843934,44567.66328202233,74723.79309398365
2024-11-25,Wendys,Northeast,59645.72818800299,49798.82865756664,69492.62771843934,44567.66328202233,74723.79309398365
2024-12-02,Wendys,Northeast,59645.72818800299,49798.82865756664,69492.62771843934,44567.66328202233,74723.79309398365
2024-12-09,Wendys,Northeast,59645.72818800299,49798.82865756664,69492.62771843934,44567.66328202233,74723.79309398365
2024-12-16,Wendys,Northeast,59645.72818800299,49798.82865756664,69492.62771843934,44567.66328202233,74723.79309398365
2024-12-23,Wendys,Northeast,59645.72818800299,49798.82865756664,69492.62771843934,44567.66328202233,74723.79309398365
2024-12-30,Wendys,Northeast,59645.72818800299,49798.82865756664,69492.62771843934,44567.66328202233,74723.79309398365
2024-01-01,Wendys,South,19749.29146337146,3169.3730359469264,36329.209890795995,-5638.708628622357,45137.29155536528
2024-01-08,Wendys,South,17887.028690606978,1415.8368429910443,34358.220538222915,-7334.483826054919,43108.54120726888
2024-01-15,Wendys,South,19660.11299364762,3229.7513841191503,36090.47460317609,-5498.878220942846,44819.10420823809
2024-01-22,Wendys,South,23139.974582245544,6669.733194025892,39610.2159704652,-2080.0825434657963,48360.031707956885
2024-01-29,Wendys,South,21952.989262431438,5492.210003605072,38413.76852125781,-3252.5789776464335,47158.55750250931
2024-02-05,Wendys,South,21136.68250489611,4680.782538983818,37592.582470808404,-4061.414317907085,46334.7793276993
2024-02-12,Wendys,South,20241.787557449265,3842.4716566086463,36641.10345828989,-4869.664915712929,45353.24003061146
2024-02-19,Wendys,South,16972.135316421445,483.31838701101515,33460.952245831875,-8276.365606738273,42220.63623958116
2024-02-26,Wendys,South,20243.742046842435,3731.325261447433,36756.15883223744,-5040.896155793664,45528.380249478534
2024-03-04,Wendys,South,20576.80163395754,4150.321649361682,37003.2816185534,-4576.245842454868,45729.84911036995
2024-03-11,Wendys,South,17831.84256482098,1326.5755497085338,34337.10957993343,-7441.847552069954,43105.53268171192
2024-03-18,Wendys,South,21148.000868527284,4625.1274154206,37670.874321633964,-4152.649106542325,46448.65084359689
2024-03-25,Wendys,South,21218.429994823207,4874.175645010835,37562.68434463558,-3808.709478326986,46245.5694679734
2024-04-01,Wendys,South,22632.306895900874,6236.89151353982,39027.72227826193,-2473.1729083394894,47737.78670014124
2024-04-08,Wendys,South,23145.917649435713,6754.781971500535,39537.053327370886,-1953.0088574025285,48244.84415627395
2024-04-15,Wendys,South,21917.080454411956,5582.989679337419,38251.17122948649,-3094.4960449209284,46928.65695374484
2024-04-22,Wendys,South,23546.092232795385,7222.929200296932,39869.25526529384,-1448.7511607178712,48540.93562630864
2024-04-29,Wendys,South,23978.58802992355,7676.015949330027,40281.16011051707,-984.7254684852815,48941.90152833238
2024-05-06,Wendys,South,19356.198734128222,2858.2878096548156,35854.10965860163,-5906.2273689716785,44618.624837228126
2024-05-13,Wendys,South,17676.82193961655,1171.315584420343,34182.32829481276,-7597.23466677764,42950.87854601075
2024-05-20,Wendys,South,18379.49678632392,1929.875036520567,34829.11853612728,-6808.986518062462,43567.980090710305
2024-05-27,Wendys,South,20228.986845089454,3817.5582884025825,36640.41540177632,-4901.013132337317,45358.98682251622
2024-06-03,Wendys,South,22971.517755705718,6527.96060908963,39415.07490232181,-2207.6791250501665,48150.714636461606
2024-06-10,Wendys,South,19426.973649044605,3003.9363621505945,35850.01093593861,-5720.80219651185,44574.749494601056
2024-06-17,Wendys,South,18718.443364817627,2239.5107332920998,35197.37599634315,-6514.922227205836,43951.808956841094
2024-06-24,Wendys,South,17978.381421415957,1532.1263204237111,34424.636522408204,-7204.946701978421,43161.709544810336
2024-07-01,Wendys,South,17200.196188546142,687.7003871645902,33712.6919899277,-8084.563007319357,42484.955384411645
2024-07-08,Wendys,South,17069.83422473356,527.8368771612732,33611.83157230585,-8260.099213736503,42399.767663203624
2024-07-15,Wendys,South,18252.584728238246,1739.4300015042718,34765.73945497222,-7033.183447073152,43538.35290354965
2024-07-22,Wendys,South,16325.313657754992,-267.4635351752695,32918.09085068526,-9082.376418919474,41733.003734429454
2024-07-29,Wendys,South,15412.13586511621,-1275.6795343182257,32099.951264550647,-10141.08146526777,40965.35319550019
2024-08-05,Wendys,South,16457.941585573102,-162.8605038979622,33078.74367504417,-8992.661613929464,41908.54478507567
2024-08-12,Wendys,South,16685.663689148947,90.45408579451032,33280.873292503384,-8725.751015987535,42097.07839428543
2024-08-19,Wendys,South,16411.93229278869,-292.89311330605415,33116.75769888343,-9167.331610293888,41991.19619587126
2024-08-26,Wendys,South,16053.09957864737,-654.3438233534343,32760.542980648177,-9530.173130666359,41636.3722879611
2024-09-02,Wendys,South,17880.818841416436,1257.2151090900988,34504.42257374278,-7574.074373708267,43335.71205654114
2024-09-09,Wendys,South,21405.036856679108,4804.606629550988,38005.46708380723,-4014.3719286108244,46824.44564196904
2024-09-16,Wendys,South,22403.087027220685,5824.069476277178,38982.10457816419,-2983.5335976615606,47789.70765210293
2024-09-23,Wendys,South,23750.668743567363,7251.403935558832,40249.933551575894,-1513.8304936956993,49015.167980830425
2024-09-30,Wendys,South,22501.663179407165,6143.406381308441,38859.91997750589,-2546.917542681502,47550.243901495836
2024-10-07,Wendys,South,16274.61458499331,-293.36629723155784,32842.595467218176,-9095.106140913518,41644.33531090013
2024-10-14,Wendys,South,12609.048675483433,-4133.020556822497,29351.11790778936,-13027.244836485019,38245.34218745188
2024-10-21,Wendys,South,16611.00658269086,-6.564305874147976,33228.57747125587,-8834.648840424306,42056.66200580603
2024-10-28,Wendys,South,17446.030792183738,915.7245570339073,33976.33702733357,-7866.000630389441,42758.062214756916
2024-11-04,Wendys,South,18244.7609039535,1600.7793372918168,34888.74247061518,-7241.335869997198,43730.85767790419
2024-11-11,Wendys,South,20855.816450077546,4292.406680692373,37419.22621946272,-4506.9047592934985,46218.537659448586
2024-11-18,Wendys,South,20094.164263579867,3698.650099175833,36489.678427983905,-5011.466800663813,45199.79532782355
2024-11-25,Wendys,South,17519.472223157336,892.4704336437826,34146.47401267089,-7940.624267035291,42979.56871334996
2024-12-02,Wendys,South,16764.152696434612,167.12785048751903,33361.1775423817,-8650.04159892187,42178.3469917911
2024-12-09,Wendys,South,20089.610747676707,3630.7901069920663,36548.43138836135,-5112.958358371645,45292.17985372506
2024-12-16,Wendys,South,16400.361026159575,-185.37526721992253,32986.09731953907,-8996.547673077777,41797.26972539692
2024-12-23,Wendys,South,19108.677044133947,2429.626875665057,35787.72721260284,-6431.118526334041,44648.47261460194
2024-12-30,Wendys,South,16322.156019597129,-291.8080553159052,32936.12009451016,-9117.976470113455,41762.28850930771
2024-01-01,Wendys,Southwest,46129.859893471425,26206.720554348027,66052.99923259483,15622.55278043872,76637.16700650413
2024-01-08,Wendys,Southwest,46129.859893471425,26206.720554348027,66052.99923259483,15622.55278043872,76637.16700650413
2024-01-15,Wendys,Southwest,46129.859893471425,26206.720554348027,66052.99923259483,15622.55278043872,76637.16700650413
2024-01-22,Wendys,Southwest,46129.859893471425,26206.720554348027,66052.99923259483,15622.55278043872,76637.16700650413
2024-01-29,Wendys,Southwest,46129.859893471425,26206.720554348027,66052.99923259483,15622.55278043872,76637.16700650413
2024-02-05,Wendys,Southwest,46129.859893471425,26206.720554348027,66052.99923259483,15622.55278043872,76637.16700650413
2024-02-12,Wendys,Southwest,46129.859893471425,26206.720554348027,66052.99923259483,15622.55278043872,76637.16700650413
2024-02-19,Wendys,Southwest,46129.859893471425,26206.720554348027,66052.99923259483,15622.55278043872,76637.16700650413
2024-02-26,Wendys,Southwest,46129.859893471425,26206.720554348027,66052.99923259483,15622.55278043872,76637.16700650413
2024-03-04,Wendys,Southwest,46129.859893471425,26206.720554348027,66052.99923259483,15622.55278043872,76637.16700650413
2024-03-11,Wendys,Southwest,46129.859893471425,26206.720554348027,66052.99923259483,15622.55278043872,76637.16700650413
2024-03-18,Wendys,Southwest,46129.859893471425,26206.720554348027,66052.99923259483,15622.55278043872,76637.16700650413
2024-03-25,Wendys,Southwest,46129.859893471425,26206.720554348027,66052.99923259483,15622.55278043872,76637.16700650413
2024-04-01,Wendys,Southwest,46129.859893471425,26206.720554348027,66052.99923259483,15622.55278043872,76637.16700650413
2024-04-08,Wendys,Southwest,46129.859893471425,26206.720554348027,66052.99923259483,15622.55278043872,76637.16700650413
2024-04-15,Wendys,Southwest,46129.859893471425,26206.720554348027,66052.99923259483,15622.55278043872,76637.16700650413
2024-04-22,Wendys,Southwest,46129.859893471425,26206.720554348027,66052.99923259483,15622.55278043872,76637.16700650413
2024-04-29,Wendys,Southwest,46129.859893471425,26206.720554348027,66052.99923259483,15622.55278043872,76637.16700650413
2024-05-06,Wendys,Southwest,46129.859893471425,26206.720554348027,66052.99923259483,15622.55278043872,76637.16700650413
2024-05-13,Wendys,Southwest,46129.859893471425,26206.720554348027,66052.99923259483,15622.55278043872,76637.16700650413
2024-05-20,Wendys,Southwest,46129.859893471425,26206.720554348027,66052.99923259483,15622.55278043872,76637.16700650413
2024-05-27,Wendys,Southwest,46129.859893471425,26206.720554348027,66052.99923259483,15622.55278043872,76637.16700650413
2024-06-03,Wendys,Southwest,46129.859893471425,26206.720554348027,66052.99923259483,15622.55278043872,76637.16700650413
2024-06-10,Wendys,Southwest,46129.859893471425,26206.720554348027,66052.99923259483,15622.55278043872,76637.16700650413
2024-06-17,Wendys,Southwest,46129.859893471425,26206.720554348027,66052.99923259483,15622.55278043872,76637.16700650413
2024-06-24,Wendys,Southwest,46129.859893471425,26206.720554348027,66052.99923259483,15622.55278043872,76637.16700650413
2024-07-01,Wendys,Southwest,46129.859893471425,26206.720554348027,66052.99923259483,15622.55278043872,76637.16700650413
2024-07-08,Wendys,Southwest,46129.859893471425,26206.720554348027,66052.99923259483,15622.55278043872,76637.16700650413
2024-07-15,Wendys,Southwest,46129.859893471425,26206.720554348027,66052.99923259483,15622.55278043872,76637.16700650413
2024-07-22,Wendys,Southwest,46129.859893471425,26206.720554348027,66052.99923259483,15622.55278043872,76637.16700650413
2024-07-29,Wendys,Southwest,46129.859893471425,26206.720554348027,66052.99923259483,15622.55278043872,76637.16700650413
2024-08-05,Wendys,Southwest,46129.859893471425,26206.720554348027,66052.99923259483,15622.55278043872,76637.16700650413
2024-08-12,Wendys,Southwest,46129.859893471425,26206.720554348027,66052.99923259483,15622.55278043872,76637.16700650413
2024-08-19,Wendys,Southwest,46129.859893471425,26206.720554348027,66052.99923259483,15622.55278043872,76637.16700650413
2024-08-26,Wendys,Southwest,46129.859893471425,26206.720554348027,66052.99923259483,15622.55278043872,76637.16700650413
2024-09-02,Wendys,Southwest,46129.859893471425,26206.720554348027,66052.99923259483,15622.55278043872,76637.16700650413
2024-09-09,Wendys,Southwest,46129.859893471425,26206.720554348027,66052.99923259483,15622.55278043872,76637.16700650413
2024-09-16,Wendys,Southwest,46129.859893471425,26206.720554348027,66052.99923259483,15622.55278043872,76637.16700650413
2024-09-23,Wendys,Southwest,46129.859893471425,26206.720554348027,66052.99923259483,15622.55278043872,76637.16700650413
2024-09-30,Wendys,Southwest,46129.859893471425,26206.720554348027,66052.99923259483,15622.55278043872,76637.16700650413
2024-10-07,Wendys,Southwest,46129.859893471425,26206.720554348027,66052.99923259483,15622.55278043872,76637.16700650413
2024-10-14,Wendys,Southwest,46129.859893471425,26206.720554348027,66052.99923259483,15622.55278043872,76637.16700650413
2024-10-21,Wendys,Southwest,46129.859893471425,26206.720554348027,66052.99923259483,15622.55278043872,76637.16700650413
2024-10-28,Wendys,Southwest,46129.859893471425,26206.720554348027,66052.99923259483,15622.55278043872,76637.16700650413
2024-11-04,Wendys,Southwest,46129.859893471425,26206.720554348027,66052.99923259483,15622.55278043872,76637.16700650413
2024-11-11,Wendys,Southwest,46129.859893471425,26206.720554348027,66052.99923259483,15622.55278043872,76637.16700650413
2024-11-18,Wendys,Southwest,46129.859893471425,26206.720554348027,66052.99923259483,15622.55278043872,76637.16700650413
2024-11-25,Wendys,Southwest,46129.859893471425,26206.720554348027,66052.99923259483,15622.55278043872,76637.16700650413
2024-12-02,Wendys,Southwest,46129.859893471425,26206.720554348027,66052.99923259483,15622.55278043872,76637.16700650413
2024-12-09,Wendys,Southwest,46129.859893471425,26206.720554348027,66052.99923259483,15622.55278043872,76637.16700650413
2024-12-16,Wendys,Southwest,46129.859893471425,26206.720554348027,66052.99923259483,15622.55278043872,76637.16700650413
2024-12-23,Wendys,Southwest,46129.859893471425,26206.720554348027,66052.99923259483,15622.55278043872,76637.16700650413
2024-12-30,Wendys,Southwest,46129.859893471425,26206.720554348027,66052.99923259483,15622.55278043872,76637.16700650413
2024-01-01,Wendys,West,34154.568613219424,26898.58998658454,41410.54723985431,23043.851341184753,45265.285885254096
2024-01-08,Wendys,West,34154.56877814584,26898.590180147025,41410.547376144656,23043.851549960153,45265.28600633153
2024-01-15,Wendys,West,34154.56875654585,26898.590180042338,41410.54733304936,23043.851561274845,45265.285951816855
2024-01-22,Wendys,West,34154.56874755346,26898.590185334793,41410.54730977212,23043.851574156128,45265.28592095079
2024-01-29,Wendys,West,34154.56869176704,26898.590083605584,41410.5472999285,23043.851448019814,45265.285935514265
2024-02-05,Wendys,West,34154.568764210286,26898.590183253742,41410.54734516683,23043.851562120577,45265.2859663
2024-02-12,Wendys,West,34154.56869939021,26898.5901148286,41410.547283951826,23043.851491780242,45265.28590700019
2024-02-19,Wendys,West,34154.56872600461,26898.590152058918,41410.5472999503,23043.851534650268,45265.28591735895
2024-02-26,Wendys,West,34154.56886551947,26898.590294711976,41410.54743632696,23043.8516789705,45265.28605206843
2024-03-04,Wendys,West,34154.568804010596,26898.590245717958,41410.54736230323,23043.851636624997,45265.285971396195
2024-03-11,Wendys,West,34154.56875499184,26898.5901735785,41410.54733640517,23043.851552202665,45265.28595778101
2024-03-18,Wendys,West,34154.568781249116,26898.59022253396,41410.54733996427,23043.851613216535,45265.28594928169
2024-03-25,Wendys,West,34154.568720247786,26898.590168379804,41410.54727211577,23043.851562699936,45265.285877795635
2024-04-01,Wendys,West,34154.56867901859,26898.59011790811,41410.54724012906,23043.85150731817,45265.285850719
2024-04-08,Wendys,West,34154.568647744236,26898.59005126496,41410.54724422351,23043.851421885345,45265.28587360313
2024-04-15,Wendys,West,34154.56879382605,26898.59023313765,41410.547354514456,23043.851622771934,45265.28596488017
2024-04-22,Wendys,West,34154.56867707622,26898.59010702547,41410.54724712697,23043.85149168601,45265.28586246642
2024-04-29,Wendys,West,34154.56867300826,26898.590096725995,41410.547249290525,23043.85147807604,45265.285867940474
2024-05-06,Wendys,West,34154.56883386376,26898.59025696674,41410.54741076079,23043.8516379902,45265.286029737326
2024-05-13,Wendys,West,34154.56875148989,26898.59020068379,41410.54730229599,23043.85159556805,45265.28590741173
2024-05-20,Wendys,West,34154.56853707359,26898.589911416755,41410.54716273042,23043.851266536563,45265.28580761061
2024-05-27,Wendys,West,34154.56876873974,26898.590176044334,41410.547361435136,23043.851548674902,45265.28598880457
2024-06-03,Wendys,West,34154.56862418696,26898.590042422024,41410.5472059519,23043.851420859402,45265.285827514526
2024-06-10,Wendys,West,34154.56862765209,26898.59005050204,41410.54720480213,23043.85143139108,45265.285823913095
2024-06-17,Wendys,West,34154.56886622488,26898.590298633648,41410.547433816115,23043.851684600806,45265.28604784895
2024-06-24,Wendys,West,34154.56862167039,26898.590018711526,41410.547224629256,23043.851385889626,45265.285857451156
2024-07-01,Wendys,West,34154.568715063244,26898.590111185003,41410.547318941484,23043.85147787469,45265.2859522518
2024-07-08,Wendys,West,34154.56867334375,26898.59007690438,41410.547269783114,23043.851447545967,45265.28589914153
2024-07-15,Wendys,West,34154.568695624985,26898.590117177737,41410.54727407223,23043.851497377636,45265.28589387234
2024-07-22,Wendys,West,34154.568777854816,26898.590208741447,41410.54734696819,23043.85159389997,45265.28596180966
2024-07-29,Wendys,West,34154.56873549976,26898.590140728902,41410.54733027061,23043.851512256886,45265.28595874263
2024-08-05,Wendys,West,34154.568755379114,26898.590163888315,41410.54734686991,23043.85153715883,45265.2859735994
2024-08-12,Wendys,West,34154.568728735925,26898.590153748897,41410.54730372295,23043.851535787042,45265.28592168481
2024-08-19,Wendys,West,34154.56876485138,26898.590199034923,41410.54733066783,23043.851585944933,45265.28594375782
2024-08-26,Wendys,West,34154.56855944487,26898.589917983358,41410.54720090639,23043.85126470693,45265.28585418282
2024-09-02,Wendys,West,34154.56873530427,26898.59013799009,41410.547332618444,23043.851508166932,45265.2859624416
2024-09-09,Wendys,West,34154.568723564305,26898.590126330746,41410.547320797865,23043.85149655042,45265.285950578196
2024-09-16,Wendys,West,34154.56863830142,26898.590033654287,41410.54724294855,23043.8513999355,45265.28587666734
2024-09-23,Wendys,West,34154.56891786837,26898.59033141083,41410.54750432591,23043.851707355258,45265.28612838148
2024-09-30,Wendys,West,34154.568787343596,26898.590196158082,41410.54737852911,23043.851569590777,45265.286005096415
2024-10-07,Wendys,West,34154.5685899224,26898.58996023762,41410.54721960718,23043.85131321758,45265.285866627215
2024-10-14,Wendys,West,34154.56880697058,26898.590224501015,41410.547389440144,23043.85160256406,45265.2860113771
2024-10-21,Wendys,West,34154.56868765726,26898.59009647912,41410.547278835395,23043.85146991574,45265.28590539878
2024-10-28,Wendys,West,34154.56871379997,26898.590124057788,41410.54730354215,23043.85149825726,45265.28592934268
2024-11-04,Wendys,West,34154.568774433516,26898.590178601247,41410.547370265784,23043.851549565356,45265.285999301675
2024-11-11,Wendys,West,34154.568745556746,26898.590154685007,41410.547336428484,23043.851528284395,45265.2859628291
2024-11-18,Wendys,West,34154.568617061166,26898.589997189873,41410.547236932456,23043.85135538325,45265.28587873909
2024-11-25,Wendys,West,34154.56872780883,26898.59013357867,41410.54732203899,23043.851505393897,45265.28595022376
2024-12-02,Wendys,West,34154.56880211765,26898.59020522847,41410.54739900683,23043.851575631095,45265.2860286042
2024-12-09,Wendys,West,34154.56868052632,26898.59008087295,41410.547280179686,23043.8514498071,45265.28591124553
2024-12-16,Wendys,West,34154.56878426354,26898.590187323607,41410.54738120347,23043.851557699272,45265.286010827804
2024-12-23,Wendys,West,34154.56873038613,26898.590125463874,41410.54733530838,23043.85149159893,45265.285969173325
2024-12-30,Wendys,West,34154.56869471886,26898.590101177055,41410.54728826066,23043.851473357972,45265.285916079745
