date,week,brand,region,revenue,price,promotion,holiday
2022-01-03,0,McDonalds,Northeast,55830.76723143511,10.309824267031935,False,True
2022-01-03,0,McDonalds,South,76206.2739069663,9.56752771086988,False,True
2022-01-03,0,McDonalds,Midwest,56064.36309808933,10.309824267031935,False,True
2022-01-03,0,McDonalds,West,27552.076024806698,10.309824267031935,False,True
2022-01-03,0,McDonalds,Southwest,65032.79992742831,10.309824267031935,True,True
2022-01-03,0,BurgerKing,Northeast,15397.381058976041,14.7353013664426,False,True
2022-01-03,0,BurgerKing,South,74613.61495819215,14.7353013664426,False,True
2022-01-03,0,BurgerKing,Midwest,24316.42342976821,14.7353013664426,False,True
2022-01-03,0,BurgerKing,West,84147.4164593456,14.7353013664426,False,True
2022-01-03,0,BurgerKing,Southwest,73786.9105412733,14.7353013664426,False,True
2022-01-03,0,Wendys,Northeast,73564.20390958751,14.310400957705244,False,True
2022-01-03,0,Wendys,South,21846.641173946195,13.304506506094905,False,True
2022-01-03,0,Wendys,Midwest,104392.14017861383,14.310400957705244,False,True
2022-01-03,0,Wendys,West,34765.42741696034,14.310400957705244,False,True
2022-01-03,0,Wendys,Southwest,52990.75770269432,14.310400957705244,False,True
2022-01-03,0,TacoBell,Northeast,137178.19294446995,9.892682647174594,False,True
2022-01-03,0,TacoBell,South,34555.35660561656,9.892682647174594,False,True
2022-01-03,0,TacoBell,Midwest,111287.70832829385,9.892682647174594,True,True
2022-01-03,0,TacoBell,West,35007.45447574253,9.892682647174594,False,True
2022-01-03,0,TacoBell,Southwest,85460.75514117998,11.311599684841996,False,True
2022-01-03,0,Subway,Northeast,59020.246348787965,13.624792437784993,False,True
2022-01-03,0,Subway,South,84670.59485361823,13.624792437784993,False,True
2022-01-03,0,Subway,Midwest,25381.0903864337,13.624792437784993,False,True
2022-01-03,0,Subway,West,124533.09686169866,13.624792437784993,False,True
2022-01-03,0,Subway,Southwest,57658.46400520953,13.624792437784993,False,True
2022-01-03,0,KFC,Northeast,31093.04408923769,14.969229412624541,False,True
2022-01-03,0,KFC,South,124523.31615263873,14.969229412624541,True,True
2022-01-03,0,KFC,Midwest,49472.93114620517,14.969229412624541,False,True
2022-01-03,0,KFC,West,100669.08141432022,14.969229412624541,False,True
2022-01-03,0,KFC,Southwest,31877.955048861855,14.969229412624541,False,True
2022-01-03,0,Dominos,Northeast,27753.24976356885,9.768641015198977,False,True
2022-01-03,0,Dominos,South,44629.93876802695,9.768641015198977,False,True
2022-01-03,0,Dominos,Midwest,42373.211785407344,9.768641015198977,True,True
2022-01-03,0,Dominos,West,3043.376811452774,9.768641015198977,False,True
2022-01-03,0,Dominos,Southwest,12594.915622063298,9.768641015198977,False,True
2022-01-03,0,PizzaHut,Northeast,76517.31222900821,11.057440185263237,False,True
2022-01-03,0,PizzaHut,South,49998.50600521696,11.057440185263237,False,True
2022-01-03,0,PizzaHut,Midwest,145528.40179100598,11.551098716430706,False,True
2022-01-03,0,PizzaHut,West,50788.05689846069,11.057440185263237,False,True
2022-01-03,0,PizzaHut,Southwest,33698.82752452932,11.057440185263237,False,True
2022-01-10,1,McDonalds,Northeast,48066.534208553836,10.309824267031935,False,False
2022-01-10,1,McDonalds,South,74242.49937044864,10.309824267031935,False,False
2022-01-10,1,McDonalds,Midwest,45217.248061346625,10.309824267031935,False,False
2022-01-10,1,McDonalds,West,21169.06749619402,10.309824267031935,False,False
2022-01-10,1,McDonalds,Southwest,42753.108545002484,10.309824267031935,False,False
2022-01-10,1,BurgerKing,Northeast,15889.051644478164,14.7353013664426,True,False
2022-01-10,1,BurgerKing,South,73234.41296429347,14.748251401515128,False,False
2022-01-10,1,BurgerKing,Midwest,21431.865230215986,14.7353013664426,False,False
2022-01-10,1,BurgerKing,West,71829.18754311372,14.7353013664426,False,False
2022-01-10,1,BurgerKing,Southwest,61819.669886146825,14.7353013664426,False,False
2022-01-10,1,Wendys,Northeast,71810.08455009236,14.310400957705244,False,False
2022-01-10,1,Wendys,South,22390.324574470556,14.310400957705244,False,False
2022-01-10,1,Wendys,Midwest,67725.27190917355,14.310400957705244,False,False
2022-01-10,1,Wendys,West,49073.80108507133,14.310400957705244,True,False
2022-01-10,1,Wendys,Southwest,45039.573128247066,14.310400957705244,False,False
2022-01-10,1,TacoBell,Northeast,143630.23385794938,9.892682647174594,False,False
2022-01-10,1,TacoBell,South,33540.25270408067,9.892682647174594,False,False
2022-01-10,1,TacoBell,Midwest,73876.80269497566,9.892682647174594,False,False
2022-01-10,1,TacoBell,West,39846.468110709044,9.892682647174594,True,False
2022-01-10,1,TacoBell,Southwest,101122.01571136036,9.892682647174594,False,False
2022-01-10,1,Subway,Northeast,43280.23068407482,13.624792437784993,False,False
2022-01-10,1,Subway,South,64452.813024455696,13.624792437784993,False,False
2022-01-10,1,Subway,Midwest,22079.36244267509,13.624792437784993,False,False
2022-01-10,1,Subway,West,91604.90600928452,13.773415720736345,False,False
2022-01-10,1,Subway,Southwest,40677.27788984219,13.624792437784993,False,False
2022-01-10,1,KFC,Northeast,31999.463895070327,14.969229412624541,True,False
2022-01-10,1,KFC,South,70818.36698125006,14.969229412624541,False,False
2022-01-10,1,KFC,Midwest,29668.600788980486,18.62355021370099,False,False
2022-01-10,1,KFC,West,70770.9438984143,14.969229412624541,False,False
2022-01-10,1,KFC,Southwest,29929.793430263046,14.969229412624541,False,False
2022-01-10,1,Dominos,Northeast,36664.25989935571,9.768641015198977,False,False
2022-01-10,1,Dominos,South,58273.9395554501,9.768641015198977,True,False
2022-01-10,1,Dominos,Midwest,29746.882161137102,9.768641015198977,False,False
2022-01-10,1,Dominos,West,8267.408079193021,9.768641015198977,False,False
2022-01-10,1,Dominos,Southwest,11637.3020791309,9.768641015198977,False,False
2022-01-10,1,PizzaHut,Northeast,87923.07774519802,11.057440185263237,False,False
2022-01-10,1,PizzaHut,South,42018.18927934168,11.057440185263237,False,False
2022-01-10,1,PizzaHut,Midwest,142926.16717203733,11.057440185263237,False,False
2022-01-10,1,PizzaHut,West,46731.04400125624,11.057440185263237,False,False
2022-01-10,1,PizzaHut,Southwest,33757.87213023428,11.057440185263237,False,False
2022-01-17,2,McDonalds,Northeast,36402.22940331112,10.309824267031935,False,False
2022-01-17,2,McDonalds,South,60591.396356393685,10.309824267031935,False,False
2022-01-17,2,McDonalds,Midwest,44786.01032504564,10.309824267031935,False,False
2022-01-17,2,McDonalds,West,21386.533540019576,10.309824267031935,False,False
2022-01-17,2,McDonalds,Southwest,38322.77672052336,10.309824267031935,False,False
2022-01-17,2,BurgerKing,Northeast,16003.070646883318,14.7353013664426,False,False
2022-01-17,2,BurgerKing,South,65489.91967523534,14.7353013664426,False,False
2022-01-17,2,BurgerKing,Midwest,20292.324353823264,14.7353013664426,False,False
2022-01-17,2,BurgerKing,West,86648.11218807937,15.141972833995615,False,False
2022-01-17,2,BurgerKing,Southwest,64090.9989218554,14.7353013664426,False,False
2022-01-17,2,Wendys,Northeast,63549.05772897807,14.310400957705244,False,False
2022-01-17,2,Wendys,South,16268.386054529365,14.310400957705244,False,False
2022-01-17,2,Wendys,Midwest,99460.9730905532,14.310400957705244,False,False
2022-01-17,2,Wendys,West,31393.55359845489,14.310400957705244,False,False
2022-01-17,2,Wendys,Southwest,57610.304912176674,14.310400957705244,False,False
2022-01-17,2,TacoBell,Northeast,132594.23292012268,9.892682647174594,False,False
2022-01-17,2,TacoBell,South,45164.807460457145,9.892682647174594,False,False
2022-01-17,2,TacoBell,Midwest,81653.55937102885,9.892682647174594,False,False
2022-01-17,2,TacoBell,West,25553.558439847,9.892682647174594,False,False
2022-01-17,2,TacoBell,Southwest,82138.83222527997,9.892682647174594,False,False
2022-01-17,2,Subway,Northeast,43679.17335560087,13.624792437784993,False,False
2022-01-17,2,Subway,South,69235.91058531744,13.624792437784993,False,False
2022-01-17,2,Subway,Midwest,23862.09284218775,13.624792437784993,False,False
2022-01-17,2,Subway,West,89567.10989490751,13.28385085603451,False,False
2022-01-17,2,Subway,Southwest,50102.61156410827,13.624792437784993,False,False
2022-01-17,2,KFC,Northeast,30050.747037958135,14.969229412624541,False,False
2022-01-17,2,KFC,South,77064.79448032775,14.969229412624541,False,False
2022-01-17,2,KFC,Midwest,43308.49052823706,14.969229412624541,False,False
2022-01-17,2,KFC,West,59901.829988326695,14.969229412624541,False,False
2022-01-17,2,KFC,Southwest,24929.828774409685,14.969229412624541,False,False
2022-01-17,2,Dominos,Northeast,38857.80897843637,9.768641015198977,True,False
2022-01-17,2,Dominos,South,43525.74590104283,9.919414355343916,False,False
2022-01-17,2,Dominos,Midwest,43874.39096396678,9.768641015198977,True,False
2022-01-17,2,Dominos,West,8384.714244895087,9.768641015198977,False,False
2022-01-17,2,Dominos,Southwest,13065.75650050611,9.768641015198977,False,False
2022-01-17,2,PizzaHut,Northeast,110661.51616456799,10.850628868871743,False,False
2022-01-17,2,PizzaHut,South,51585.931598500676,11.057440185263237,True,False
2022-01-17,2,PizzaHut,Midwest,174861.21222364827,11.057440185263237,False,False
2022-01-17,2,PizzaHut,West,68260.714354494,11.057440185263237,True,False
2022-01-17,2,PizzaHut,Southwest,33718.01495623136,11.057440185263237,False,False
2022-01-24,3,McDonalds,Northeast,36817.20825835975,10.309824267031935,False,False
2022-01-24,3,McDonalds,South,56815.744138988935,10.309824267031935,False,False
2022-01-24,3,McDonalds,Midwest,45624.46699988629,10.309824267031935,False,False
2022-01-24,3,McDonalds,West,20029.057502806994,10.309824267031935,False,False
2022-01-24,3,McDonalds,Southwest,39791.66716701109,10.309824267031935,False,False
2022-01-24,3,BurgerKing,Northeast,15876.040504563902,14.7353013664426,False,False
2022-01-24,3,BurgerKing,South,80041.86806674287,14.7353013664426,False,False
2022-01-24,3,BurgerKing,Midwest,18768.583920379584,14.7353013664426,False,False
2022-01-24,3,BurgerKing,West,82957.85196217572,14.7353013664426,False,False
2022-01-24,3,BurgerKing,Southwest,71677.70078649043,14.7353013664426,False,False
2022-01-24,3,Wendys,Northeast,63540.65014134247,14.310400957705244,False,False
2022-01-24,3,Wendys,South,21368.504854766703,14.310400957705244,False,False
2022-01-24,3,Wendys,Midwest,87364.07904581171,14.310400957705244,False,False
2022-01-24,3,Wendys,West,30515.910118309384,14.310400957705244,False,False
2022-01-24,3,Wendys,Southwest,48015.669676121564,14.310400957705244,False,False
2022-01-24,3,TacoBell,Northeast,149705.0053286555,9.892682647174594,False,False
2022-01-24,3,TacoBell,South,30599.03012790328,9.892682647174594,False,False
2022-01-24,3,TacoBell,Midwest,81059.61140743516,9.892682647174594,False,False
2022-01-24,3,TacoBell,West,28905.642164410023,9.892682647174594,False,False
2022-01-24,3,TacoBell,Southwest,74132.02576364616,9.892682647174594,False,False
2022-01-24,3,Subway,Northeast,42044.422297580466,13.624792437784993,False,False
2022-01-24,3,Subway,South,56935.06031453414,13.624792437784993,False,False
2022-01-24,3,Subway,Midwest,21346.989717730015,13.624792437784993,False,False
2022-01-24,3,Subway,West,82260.58020146773,13.624792437784993,False,False
2022-01-24,3,Subway,Southwest,44845.685557510966,13.624792437784993,False,False
2022-01-24,3,KFC,Northeast,24970.56199323081,14.138273674432106,False,False
2022-01-24,3,KFC,South,69178.67398394128,14.969229412624541,False,False
2022-01-24,3,KFC,Midwest,39811.958804839116,14.969229412624541,False,False
2022-01-24,3,KFC,West,67078.39596467926,14.969229412624541,True,False
2022-01-24,3,KFC,Southwest,31293.136767961314,14.969229412624541,False,False
2022-01-24,3,Dominos,Northeast,34622.939792973186,9.768641015198977,False,False
2022-01-24,3,Dominos,South,46697.87122055419,9.768641015198977,False,False
2022-01-24,3,Dominos,Midwest,30940.037704628827,9.768641015198977,False,False
2022-01-24,3,Dominos,West,10437.407025707103,9.768641015198977,False,False
2022-01-24,3,Dominos,Southwest,15067.600772482781,9.768641015198977,False,False
2022-01-24,3,PizzaHut,Northeast,123344.18300773467,11.057440185263237,True,False
2022-01-24,3,PizzaHut,South,41653.43297702137,11.057440185263237,False,False
2022-01-24,3,PizzaHut,Midwest,137474.22016809645,11.057440185263237,False,False
2022-01-24,3,PizzaHut,West,41517.893135671395,11.057440185263237,False,False
2022-01-24,3,PizzaHut,Southwest,46535.6311208236,11.057440185263237,False,False
2022-01-31,4,McDonalds,Northeast,38994.53422092844,10.309824267031935,False,False
2022-01-31,4,McDonalds,South,62324.996504484625,10.309824267031935,False,False
2022-01-31,4,McDonalds,Midwest,38445.64026199624,10.309824267031935,False,False
2022-01-31,4,McDonalds,West,18001.86333971134,10.309824267031935,False,False
2022-01-31,4,McDonalds,Southwest,41377.09251960475,10.309824267031935,False,False
2022-01-31,4,BurgerKing,Northeast,23168.1189541099,12.881571114693115,False,False
2022-01-31,4,BurgerKing,South,58811.18462367163,14.7353013664426,False,False
2022-01-31,4,BurgerKing,Midwest,24214.109642917636,14.7353013664426,False,False
2022-01-31,4,BurgerKing,West,84148.69020645467,14.7353013664426,False,False
2022-01-31,4,BurgerKing,Southwest,60707.07287418381,14.7353013664426,False,False
2022-01-31,4,Wendys,Northeast,56810.668569334965,14.310400957705244,False,False
2022-01-31,4,Wendys,South,22057.31280737668,14.310400957705244,False,False
2022-01-31,4,Wendys,Midwest,86207.17621169552,14.310400957705244,False,False
2022-01-31,4,Wendys,West,32454.436240584742,14.310400957705244,False,False
2022-01-31,4,Wendys,Southwest,51613.62901739518,14.310400957705244,False,False
2022-01-31,4,TacoBell,Northeast,129365.45194738987,11.188490690353948,False,False
2022-01-31,4,TacoBell,South,35810.90081894079,9.892682647174594,False,False
2022-01-31,4,TacoBell,Midwest,72658.89875950121,9.892682647174594,False,False
2022-01-31,4,TacoBell,West,32082.25971315442,9.892682647174594,False,False
2022-01-31,4,TacoBell,Southwest,84113.6731999362,9.892682647174594,False,False
2022-01-31,4,Subway,Northeast,48523.049837623184,13.624792437784993,False,False
2022-01-31,4,Subway,South,65805.84373062536,13.624792437784993,False,False
2022-01-31,4,Subway,Midwest,20042.105069500827,13.624792437784993,False,False
2022-01-31,4,Subway,West,92640.03379959762,13.624792437784993,False,False
2022-01-31,4,Subway,Southwest,36692.12256311794,13.624792437784993,False,False
2022-01-31,4,KFC,Northeast,28138.064459202997,14.969229412624541,False,False
2022-01-31,4,KFC,South,80522.15643249868,14.969229412624541,True,False
2022-01-31,4,KFC,Midwest,37816.80409258551,14.969229412624541,False,False
2022-01-31,4,KFC,West,72359.16762628776,14.969229412624541,False,False
2022-01-31,4,KFC,Southwest,26794.863211532804,14.969229412624541,False,False
2022-01-31,4,Dominos,Northeast,38654.75070395388,9.768641015198977,False,False
2022-01-31,4,Dominos,South,43372.32408719987,9.768641015198977,False,False
2022-01-31,4,Dominos,Midwest,36297.43082268566,9.768641015198977,False,False
2022-01-31,4,Dominos,West,9640.428117130796,9.768641015198977,False,False
2022-01-31,4,Dominos,Southwest,17012.338050461538,9.768641015198977,False,False
2022-01-31,4,PizzaHut,Northeast,118367.83862085875,11.057440185263237,False,False
2022-01-31,4,PizzaHut,South,41520.27240699492,11.057440185263237,False,False
2022-01-31,4,PizzaHut,Midwest,167935.07747227425,11.057440185263237,False,False
2022-01-31,4,PizzaHut,West,56496.15388912132,11.057440185263237,False,False
2022-01-31,4,PizzaHut,Southwest,55784.84203140435,11.057440185263237,False,False
2022-02-07,5,McDonalds,Northeast,32650.901043289818,10.309824267031935,False,False
2022-02-07,5,McDonalds,South,48494.91941559009,10.309824267031935,False,False
2022-02-07,5,McDonalds,Midwest,53766.07624484124,10.309824267031935,False,False
2022-02-07,5,McDonalds,West,14772.123363294457,10.309824267031935,False,False
2022-02-07,5,McDonalds,Southwest,37401.83731587383,10.309824267031935,False,False
2022-02-07,5,BurgerKing,Northeast,17329.619990348267,14.7353013664426,False,False
2022-02-07,5,BurgerKing,South,75083.63317038857,14.7353013664426,False,False
2022-02-07,5,BurgerKing,Midwest,28268.355168396785,14.7353013664426,False,False
2022-02-07,5,BurgerKing,West,87102.57717414807,14.7353013664426,False,False
2022-02-07,5,BurgerKing,Southwest,71596.7423381817,14.7353013664426,False,False
2022-02-07,5,Wendys,Northeast,61269.48893980178,14.310400957705244,False,False
2022-02-07,5,Wendys,South,18934.57054758843,14.310400957705244,False,False
2022-02-07,5,Wendys,Midwest,94066.80238268254,14.310400957705244,True,False
2022-02-07,5,Wendys,West,34768.270379315356,14.310400957705244,False,False
2022-02-07,5,Wendys,Southwest,58050.542726127256,14.310400957705244,True,False
2022-02-07,5,TacoBell,Northeast,166739.70484614137,9.892682647174594,False,False
2022-02-07,5,TacoBell,South,38766.360829327896,9.892682647174594,False,False
2022-02-07,5,TacoBell,Midwest,85453.80702373349,10.604133385779205,False,False
2022-02-07,5,TacoBell,West,30480.3341633346,9.892682647174594,False,False
2022-02-07,5,TacoBell,Southwest,81858.8032356407,9.892682647174594,False,False
2022-02-07,5,Subway,Northeast,49931.170299142395,13.624792437784993,False,False
2022-02-07,5,Subway,South,72048.80186516483,13.624792437784993,True,False
2022-02-07,5,Subway,Midwest,13674.124446215663,14.215380388876758,False,False
2022-02-07,5,Subway,West,81069.3727776313,13.624792437784993,False,False
2022-02-07,5,Subway,Southwest,35154.90481468164,13.624792437784993,False,False
2022-02-07,5,KFC,Northeast,28639.431119098143,14.969229412624541,False,False
2022-02-07,5,KFC,South,74571.88074497202,14.969229412624541,False,False
2022-02-07,5,KFC,Midwest,39138.87712256523,14.969229412624541,False,False
2022-02-07,5,KFC,West,70438.79797090092,14.969229412624541,False,False
2022-02-07,5,KFC,Southwest,26992.454972875996,14.955807513889967,False,False
2022-02-07,5,Dominos,Northeast,38898.88304566826,9.768641015198977,False,False
2022-02-07,5,Dominos,South,50793.3482848354,9.768641015198977,False,False
2022-02-07,5,Dominos,Midwest,33423.22054641169,9.768641015198977,False,False
2022-02-07,5,Dominos,West,16448.160222942286,8.813018884073125,False,False
2022-02-07,5,Dominos,Southwest,17807.3423640617,9.768641015198977,False,False
2022-02-07,5,PizzaHut,Northeast,95752.89906329039,11.057440185263237,False,False
2022-02-07,5,PizzaHut,South,45950.432296857776,11.057440185263237,False,False
2022-02-07,5,PizzaHut,Midwest,130012.1661421973,11.057440185263237,False,False
2022-02-07,5,PizzaHut,West,49091.332385647795,11.057440185263237,False,False
2022-02-07,5,PizzaHut,Southwest,47194.870445092565,11.057440185263237,False,False
2022-02-14,6,McDonalds,Northeast,40909.126370755985,10.309824267031935,False,False
2022-02-14,6,McDonalds,South,57559.08484481582,10.309824267031935,False,False
2022-02-14,6,McDonalds,Midwest,54815.576059978695,10.309824267031935,True,False
2022-02-14,6,McDonalds,West,15879.489660223147,10.309824267031935,False,False
2022-02-14,6,McDonalds,Southwest,46706.37816872134,10.309824267031935,False,False
2022-02-14,6,BurgerKing,Northeast,21293.895156840204,14.7353013664426,False,False
2022-02-14,6,BurgerKing,South,76457.32876372486,14.7353013664426,False,False
2022-02-14,6,BurgerKing,Midwest,24478.24611013921,14.7353013664426,False,False
2022-02-14,6,BurgerKing,West,77890.95875843996,14.7353013664426,False,False
2022-02-14,6,BurgerKing,Southwest,66874.91625815365,14.7353013664426,False,False
2022-02-14,6,Wendys,Northeast,58198.14499712582,14.310400957705244,False,False
2022-02-14,6,Wendys,South,24292.72385827018,14.310400957705244,False,False
2022-02-14,6,Wendys,Midwest,82621.21534858501,14.310400957705244,False,False
2022-02-14,6,Wendys,West,36661.02503159701,14.310400957705244,False,False
2022-02-14,6,Wendys,Southwest,45121.831119289476,14.310400957705244,False,False
2022-02-14,6,TacoBell,Northeast,128939.66058264232,9.892682647174594,False,False
2022-02-14,6,TacoBell,South,33745.573384564144,9.892682647174594,False,False
2022-02-14,6,TacoBell,Midwest,83350.1363034728,9.892682647174594,False,False
2022-02-14,6,TacoBell,West,31233.68304291225,9.892682647174594,False,False
2022-02-14,6,TacoBell,Southwest,85834.80930839213,9.892682647174594,False,False
2022-02-14,6,Subway,Northeast,39094.91000445351,13.624792437784993,False,False
2022-02-14,6,Subway,South,65093.19882668762,13.624792437784993,False,False
2022-02-14,6,Subway,Midwest,21889.172135046654,13.624792437784993,True,False
2022-02-14,6,Subway,West,84389.42454043924,13.624792437784993,False,False
2022-02-14,6,Subway,Southwest,38323.99850000798,13.624792437784993,False,False
2022-02-14,6,KFC,Northeast,24461.231279439733,14.969229412624541,False,False
2022-02-14,6,KFC,South,78960.40798154293,14.969229412624541,False,False
2022-02-14,6,KFC,Midwest,36010.62513761231,14.969229412624541,False,False
2022-02-14,6,KFC,West,62194.10835909665,14.969229412624541,False,False
2022-02-14,6,KFC,Southwest,30826.565538216233,14.969229412624541,False,False
2022-02-14,6,Dominos,Northeast,43648.70007350413,9.768641015198977,False,False
2022-02-14,6,Dominos,South,46410.8886175779,9.768641015198977,False,False
2022-02-14,6,Dominos,Midwest,35862.06771475401,9.768641015198977,False,False
2022-02-14,6,Dominos,West,13699.993757885357,9.768641015198977,False,False
2022-02-14,6,Dominos,Southwest,23950.481084547257,9.768641015198977,False,False
2022-02-14,6,PizzaHut,Northeast,127576.76407831852,11.057440185263237,False,False
2022-02-14,6,PizzaHut,South,38104.18558442216,11.057440185263237,False,False
2022-02-14,6,PizzaHut,Midwest,144672.3073221409,11.057440185263237,False,False
2022-02-14,6,PizzaHut,West,69033.93621275689,11.057440185263237,True,False
2022-02-14,6,PizzaHut,Southwest,52635.69382636655,11.057440185263237,False,False
2022-02-21,7,McDonalds,Northeast,34175.78766348166,10.309824267031935,False,False
2022-02-21,7,McDonalds,South,45783.20728218707,10.309824267031935,False,False
2022-02-21,7,McDonalds,Midwest,43816.57408195194,10.309824267031935,False,False
2022-02-21,7,McDonalds,West,16129.691216531233,10.309824267031935,False,False
2022-02-21,7,McDonalds,Southwest,39209.40433500347,10.309824267031935,False,False
2022-02-21,7,BurgerKing,Northeast,25508.753668620226,14.7353013664426,False,False
2022-02-21,7,BurgerKing,South,87003.41594821886,14.7353013664426,False,False
2022-02-21,7,BurgerKing,Midwest,25134.862937864476,14.7353013664426,False,False
2022-02-21,7,BurgerKing,West,90177.18428598977,14.7353013664426,False,False
2022-02-21,7,BurgerKing,Southwest,63712.2502862295,14.7353013664426,False,False
2022-02-21,7,Wendys,Northeast,55220.58298981,14.310400957705244,False,False
2022-02-21,7,Wendys,South,25141.11635497891,14.310400957705244,True,False
2022-02-21,7,Wendys,Midwest,103550.94757672882,14.310400957705244,True,False
2022-02-21,7,Wendys,West,31186.477835137535,14.310400957705244,False,False
2022-02-21,7,Wendys,Southwest,43984.98944115514,14.310400957705244,False,False
2022-02-21,7,TacoBell,Northeast,134363.41077871874,9.892682647174594,False,False
2022-02-21,7,TacoBell,South,28939.712483616076,9.892682647174594,False,False
2022-02-21,7,TacoBell,Midwest,89674.95686370539,9.892682647174594,False,False
2022-02-21,7,TacoBell,West,27166.439969136365,9.892682647174594,False,False
2022-02-21,7,TacoBell,Southwest,78370.53094245183,9.892682647174594,False,False
2022-02-21,7,Subway,Northeast,35325.60937936345,13.624792437784993,False,False
2022-02-21,7,Subway,South,53969.331202759626,13.624792437784993,False,False
2022-02-21,7,Subway,Midwest,14921.00112450042,13.624792437784993,False,False
2022-02-21,7,Subway,West,76885.39602697888,13.624792437784993,False,False
2022-02-21,7,Subway,Southwest,58786.204032429654,10.521660659547067,False,False
2022-02-21,7,KFC,Northeast,23374.918483875226,14.969229412624541,False,False
2022-02-21,7,KFC,South,74365.74557556766,14.969229412624541,False,False
2022-02-21,7,KFC,Midwest,34386.2746933928,14.969229412624541,False,False
2022-02-21,7,KFC,West,58642.66591278687,14.969229412624541,False,False
2022-02-21,7,KFC,Southwest,29323.503466019032,14.969229412624541,False,False
2022-02-21,7,Dominos,Northeast,36369.18571974913,9.768641015198977,False,False
2022-02-21,7,Dominos,South,50043.84474126849,9.768641015198977,False,False
2022-02-21,7,Dominos,Midwest,37529.56932657772,9.768641015198977,False,False
2022-02-21,7,Dominos,West,21780.659940992933,9.768641015198977,False,False
2022-02-21,7,Dominos,Southwest,21654.453120188864,9.768641015198977,False,False
2022-02-21,7,PizzaHut,Northeast,107267.36664566661,11.057440185263237,False,False
2022-02-21,7,PizzaHut,South,46011.62432609006,11.057440185263237,False,False
2022-02-21,7,PizzaHut,Midwest,153755.77885064797,11.057440185263237,False,False
2022-02-21,7,PizzaHut,West,50236.270529071,11.057440185263237,False,False
2022-02-21,7,PizzaHut,Southwest,64716.27178103041,11.057440185263237,False,False
2022-02-28,8,McDonalds,Northeast,35606.06921961284,10.309824267031935,False,False
2022-02-28,8,McDonalds,South,47290.97370583678,10.309824267031935,False,False
2022-02-28,8,McDonalds,Midwest,51061.74889081821,10.309824267031935,False,False
2022-02-28,8,McDonalds,West,17546.135723348256,10.309824267031935,False,False
2022-02-28,8,McDonalds,Southwest,47595.99619213324,10.309824267031935,False,False
2022-02-28,8,BurgerKing,Northeast,22137.814747954566,14.7353013664426,False,False
2022-02-28,8,BurgerKing,South,89420.01707873489,14.7353013664426,False,False
2022-02-28,8,BurgerKing,Midwest,23900.35602404256,14.7353013664426,False,False
2022-02-28,8,BurgerKing,West,81333.68618307382,14.7353013664426,False,False
2022-02-28,8,BurgerKing,Southwest,69112.37694016326,14.7353013664426,False,False
2022-02-28,8,Wendys,Northeast,73407.06392411866,14.310400957705244,True,False
2022-02-28,8,Wendys,South,19072.805967770444,14.310400957705244,False,False
2022-02-28,8,Wendys,Midwest,87136.99003977123,14.310400957705244,False,False
2022-02-28,8,Wendys,West,29514.548228292086,14.310400957705244,False,False
2022-02-28,8,Wendys,Southwest,51778.389679750784,14.310400957705244,False,False
2022-02-28,8,TacoBell,Northeast,160938.67515615246,9.892682647174594,False,False
2022-02-28,8,TacoBell,South,29745.98535146704,9.892682647174594,False,False
2022-02-28,8,TacoBell,Midwest,101384.37595031071,8.479112666643953,False,False
2022-02-28,8,TacoBell,West,28527.570382340575,9.892682647174594,False,False
2022-02-28,8,TacoBell,Southwest,74293.98324141919,9.892682647174594,False,False
2022-02-28,8,Subway,Northeast,47759.02289128407,13.624792437784993,False,False
2022-02-28,8,Subway,South,56991.18341486533,13.624792437784993,False,False
2022-02-28,8,Subway,Midwest,14473.747433669816,13.624792437784993,False,False
2022-02-28,8,Subway,West,79988.29338500864,13.624792437784993,True,False
2022-02-28,8,Subway,Southwest,36475.51614473332,13.624792437784993,False,False
2022-02-28,8,KFC,Northeast,32012.329329822853,14.969229412624541,True,False
2022-02-28,8,KFC,South,68127.20360560314,14.969229412624541,False,False
2022-02-28,8,KFC,Midwest,38289.40822882982,14.969229412624541,False,False
2022-02-28,8,KFC,West,59819.52483746852,14.969229412624541,False,False
2022-02-28,8,KFC,Southwest,34205.321664946336,14.969229412624541,False,False
2022-02-28,8,Dominos,Northeast,35337.37408956667,9.768641015198977,False,False
2022-02-28,8,Dominos,South,48624.55321581555,9.768641015198977,False,False
2022-02-28,8,Dominos,Midwest,35895.86173518914,9.768641015198977,False,False
2022-02-28,8,Dominos,West,20931.126433142912,9.768641015198977,False,False
2022-02-28,8,Dominos,Southwest,24958.19634224595,9.768641015198977,False,False
2022-02-28,8,PizzaHut,Northeast,130995.91107546382,11.057440185263237,True,False
2022-02-28,8,PizzaHut,South,43236.54193899854,11.057440185263237,False,False
2022-02-28,8,PizzaHut,Midwest,140174.05505590176,11.057440185263237,False,False
2022-02-28,8,PizzaHut,West,51026.339587006434,11.057440185263237,False,False
2022-02-28,8,PizzaHut,Southwest,66179.18559566833,11.057440185263237,False,False
2022-03-07,9,McDonalds,Northeast,49633.700197854065,8.17813350085226,False,False
2022-03-07,9,McDonalds,South,54697.545212180805,10.309824267031935,False,False
2022-03-07,9,McDonalds,Midwest,35750.27655076313,10.309824267031935,False,False
2022-03-07,9,McDonalds,West,12518.52435844246,10.309824267031935,False,False
2022-03-07,9,McDonalds,Southwest,42662.58025429767,10.309824267031935,False,False
2022-03-07,9,BurgerKing,Northeast,25465.279775216673,14.7353013664426,False,False
2022-03-07,9,BurgerKing,South,78220.77305692808,14.7353013664426,False,False
2022-03-07,9,BurgerKing,Midwest,38260.773476686794,14.7353013664426,True,False
2022-03-07,9,BurgerKing,West,86541.37557409925,14.7353013664426,False,False
2022-03-07,9,BurgerKing,Southwest,72185.21897873057,14.7353013664426,False,False
2022-03-07,9,Wendys,Northeast,57592.89215790878,14.310400957705244,False,False
2022-03-07,9,Wendys,South,20580.327941293268,14.310400957705244,False,False
2022-03-07,9,Wendys,Midwest,100668.95940798655,14.310400957705244,False,False
2022-03-07,9,Wendys,West,36993.40454218502,14.310400957705244,False,False
2022-03-07,9,Wendys,Southwest,52964.43761782446,14.310400957705244,False,False
2022-03-07,9,TacoBell,Northeast,132897.03933554085,9.892682647174594,False,False
2022-03-07,9,TacoBell,South,32217.35321419252,9.892682647174594,False,False
2022-03-07,9,TacoBell,Midwest,95156.30926076553,9.892682647174594,True,False
2022-03-07,9,TacoBell,West,29272.811435522934,9.892682647174594,True,False
2022-03-07,9,TacoBell,Southwest,90204.53822250279,9.892682647174594,False,False
2022-03-07,9,Subway,Northeast,41189.01119786177,13.624792437784993,False,False
2022-03-07,9,Subway,South,51841.33828455939,13.624792437784993,False,False
2022-03-07,9,Subway,Midwest,14146.37816629996,13.624792437784993,False,False
2022-03-07,9,Subway,West,62355.12659351462,13.624792437784993,False,False
2022-03-07,9,Subway,Southwest,32835.74171627662,13.624792437784993,False,False
2022-03-07,9,KFC,Northeast,27710.162377426477,14.969229412624541,False,False
2022-03-07,9,KFC,South,68931.80439118712,14.969229412624541,False,False
2022-03-07,9,KFC,Midwest,43342.1076241142,14.969229412624541,False,False
2022-03-07,9,KFC,West,58271.38739178292,14.969229412624541,False,False
2022-03-07,9,KFC,Southwest,29629.460499657584,14.969229412624541,False,False
2022-03-07,9,Dominos,Northeast,41815.68572386052,9.768641015198977,False,False
2022-03-07,9,Dominos,South,53388.66037131787,9.768641015198977,False,False
2022-03-07,9,Dominos,Midwest,36682.715645659315,9.768641015198977,False,False
2022-03-07,9,Dominos,West,19093.45838691285,9.768641015198977,False,False
2022-03-07,9,Dominos,Southwest,22580.247523424303,9.869377033022026,False,False
2022-03-07,9,PizzaHut,Northeast,116578.11335672416,11.057440185263237,False,False
2022-03-07,9,PizzaHut,South,47638.08689800504,11.057440185263237,False,False
2022-03-07,9,PizzaHut,Midwest,167062.27317033996,11.057440185263237,False,False
2022-03-07,9,PizzaHut,West,59922.89262214316,11.057440185263237,False,False
2022-03-07,9,PizzaHut,Southwest,71247.06617695275,11.057440185263237,False,False
2022-03-14,10,McDonalds,Northeast,33355.36097318708,10.309824267031935,False,False
2022-03-14,10,McDonalds,South,42020.155290031995,10.309824267031935,False,False
2022-03-14,10,McDonalds,Midwest,37520.51452672194,10.309824267031935,False,False
2022-03-14,10,McDonalds,West,15838.629045418184,10.309824267031935,False,False
2022-03-14,10,McDonalds,Southwest,41004.360018168925,10.309824267031935,False,False
2022-03-14,10,BurgerKing,Northeast,23429.952948044178,14.7353013664426,False,False
2022-03-14,10,BurgerKing,South,83184.45750717039,14.7353013664426,False,False
2022-03-14,10,BurgerKing,Midwest,42818.808866440195,14.7353013664426,True,False
2022-03-14,10,BurgerKing,West,76083.4389104296,14.7353013664426,False,False
2022-03-14,10,BurgerKing,Southwest,71336.4892979928,14.7353013664426,False,False
2022-03-14,10,Wendys,Northeast,63426.35008422588,14.310400957705244,False,False
2022-03-14,10,Wendys,South,27460.185181736953,14.310400957705244,False,False
2022-03-14,10,Wendys,Midwest,110188.90999808419,14.310400957705244,True,False
2022-03-14,10,Wendys,West,33609.45219905667,14.310400957705244,False,False
2022-03-14,10,Wendys,Southwest,50000.83062581827,14.310400957705244,False,False
2022-03-14,10,TacoBell,Northeast,115033.0526055985,9.892682647174594,False,False
2022-03-14,10,TacoBell,South,28527.266237194297,9.892682647174594,False,False
2022-03-14,10,TacoBell,Midwest,63735.43022633503,9.892682647174594,False,False
2022-03-14,10,TacoBell,West,25466.735880175656,9.892682647174594,True,False
2022-03-14,10,TacoBell,Southwest,64606.30724945449,9.892682647174594,False,False
2022-03-14,10,Subway,Northeast,49414.43872548123,13.624792437784993,False,False
2022-03-14,10,Subway,South,66328.6947869911,13.624792437784993,True,False
2022-03-14,10,Subway,Midwest,13387.402428975707,13.624792437784993,False,False
2022-03-14,10,Subway,West,94852.93135975211,13.624792437784993,True,False
2022-03-14,10,Subway,Southwest,35688.805284285394,13.624792437784993,False,False
2022-03-14,10,KFC,Northeast,24859.456924277707,14.969229412624541,False,False
2022-03-14,10,KFC,South,69160.15575284437,14.969229412624541,False,False
2022-03-14,10,KFC,Midwest,35739.06709486809,14.969229412624541,False,False
2022-03-14,10,KFC,West,70297.92469594038,14.969229412624541,False,False
2022-03-14,10,KFC,Southwest,38151.40417469572,14.969229412624541,True,False
2022-03-14,10,Dominos,Northeast,39601.265619242295,9.768641015198977,False,False
2022-03-14,10,Dominos,South,60199.091953623,9.768641015198977,True,False
2022-03-14,10,Dominos,Midwest,38940.032515960105,9.456067430347034,False,False
2022-03-14,10,Dominos,West,19197.28591602868,9.768641015198977,False,False
2022-03-14,10,Dominos,Southwest,25606.868935875453,9.768641015198977,False,False
2022-03-14,10,PizzaHut,Northeast,119349.09982949508,11.057440185263237,False,False
2022-03-14,10,PizzaHut,South,52310.65991713505,11.057440185263237,False,False
2022-03-14,10,PizzaHut,Midwest,109134.2790498959,11.057440185263237,False,False
2022-03-14,10,PizzaHut,West,66952.96553610783,11.057440185263237,False,False
2022-03-14,10,PizzaHut,Southwest,59907.224237431954,11.057440185263237,False,False
2022-03-21,11,McDonalds,Northeast,33255.549000922525,10.309824267031935,False,False
2022-03-21,11,McDonalds,South,63375.2837052212,10.309824267031935,False,False
2022-03-21,11,McDonalds,Midwest,43149.12006933569,10.309824267031935,False,False
2022-03-21,11,McDonalds,West,16416.28509574714,10.309824267031935,True,False
2022-03-21,11,McDonalds,Southwest,49137.99925381294,10.309824267031935,True,False
2022-03-21,11,BurgerKing,Northeast,19026.965422553953,14.7353013664426,False,False
2022-03-21,11,BurgerKing,South,73856.90124983685,14.7353013664426,False,False
2022-03-21,11,BurgerKing,Midwest,33710.12034059122,14.7353013664426,False,False
2022-03-21,11,BurgerKing,West,84812.941752024,14.7353013664426,False,False
2022-03-21,11,BurgerKing,Southwest,89571.96793601882,14.7353013664426,False,False
2022-03-21,11,Wendys,Northeast,58636.07092221261,14.310400957705244,False,False
2022-03-21,11,Wendys,South,22476.330395280806,14.310400957705244,False,False
2022-03-21,11,Wendys,Midwest,86106.00739488122,14.310400957705244,False,False
2022-03-21,11,Wendys,West,51584.30782639371,14.310400957705244,True,False
2022-03-21,11,Wendys,Southwest,56336.26956217269,14.310400957705244,False,False
2022-03-21,11,TacoBell,Northeast,135156.19573788784,9.892682647174594,False,False
2022-03-21,11,TacoBell,South,30095.895657460656,9.892682647174594,True,False
2022-03-21,11,TacoBell,Midwest,65900.94685383489,9.892682647174594,False,False
2022-03-21,11,TacoBell,West,28617.47491269034,9.21096621484603,False,False
2022-03-21,11,TacoBell,Southwest,80499.99433193215,9.892682647174594,False,False
2022-03-21,11,Subway,Northeast,45079.56570452438,13.624792437784993,False,False
2022-03-21,11,Subway,South,49895.30221369402,13.624792437784993,False,False
2022-03-21,11,Subway,Midwest,11423.983536818703,13.624792437784993,False,False
2022-03-21,11,Subway,West,72378.32762147879,13.624792437784993,False,False
2022-03-21,11,Subway,Southwest,31594.235289963577,13.624792437784993,False,False
2022-03-21,11,KFC,Northeast,27846.257429573012,14.969229412624541,False,False
2022-03-21,11,KFC,South,84704.41142656405,14.969229412624541,False,False
2022-03-21,11,KFC,Midwest,57759.26899560073,12.807784135734895,False,False
2022-03-21,11,KFC,West,58705.365313541086,14.969229412624541,False,False
2022-03-21,11,KFC,Southwest,35503.86601028578,14.969229412624541,False,False
2022-03-21,11,Dominos,Northeast,41638.454628425105,9.768641015198977,False,False
2022-03-21,11,Dominos,South,64432.50287722592,9.768641015198977,True,False
2022-03-21,11,Dominos,Midwest,37322.698532935,9.768641015198977,False,False
2022-03-21,11,Dominos,West,13984.79330057082,11.877808961963126,False,False
2022-03-21,11,Dominos,Southwest,33430.56473984525,9.768641015198977,False,False
2022-03-21,11,PizzaHut,Northeast,120562.8887645895,11.057440185263237,False,False
2022-03-21,11,PizzaHut,South,47882.031948698954,11.057440185263237,False,False
2022-03-21,11,PizzaHut,Midwest,135773.23405732625,11.057440185263237,False,False
2022-03-21,11,PizzaHut,West,56928.42627897492,11.057440185263237,False,False
2022-03-21,11,PizzaHut,Southwest,59369.175971872224,11.057440185263237,False,False
2022-03-28,12,McDonalds,Northeast,38715.67759195329,10.309824267031935,False,False
2022-03-28,12,McDonalds,South,45146.129645028486,10.309824267031935,False,False
2022-03-28,12,McDonalds,Midwest,50975.42676178288,10.309824267031935,False,False
2022-03-28,12,McDonalds,West,14341.958010185692,10.309824267031935,False,False
2022-03-28,12,McDonalds,Southwest,44909.345513850596,9.946827986749472,False,False
2022-03-28,12,BurgerKing,Northeast,24676.50489902564,14.7353013664426,False,False
2022-03-28,12,BurgerKing,South,103736.85761497865,14.7353013664426,False,False
2022-03-28,12,BurgerKing,Midwest,34205.763591822244,14.7353013664426,False,False
2022-03-28,12,BurgerKing,West,92779.2277429129,14.7353013664426,False,False
2022-03-28,12,BurgerKing,Southwest,75081.45039052331,14.7353013664426,False,False
2022-03-28,12,Wendys,Northeast,56624.3805194123,15.455106074860515,False,False
2022-03-28,12,Wendys,South,21434.294898701723,14.310400957705244,False,False
2022-03-28,12,Wendys,Midwest,104264.36966326387,14.310400957705244,False,False
2022-03-28,12,Wendys,West,31980.81446723682,14.310400957705244,False,False
2022-03-28,12,Wendys,Southwest,55208.57141992628,14.310400957705244,False,False
2022-03-28,12,TacoBell,Northeast,152353.16815754553,9.892682647174594,False,False
2022-03-28,12,TacoBell,South,29933.293851974046,9.892682647174594,False,False
2022-03-28,12,TacoBell,Midwest,54416.75497400706,9.892682647174594,False,False
2022-03-28,12,TacoBell,West,21732.04640386355,9.892682647174594,False,False
2022-03-28,12,TacoBell,Southwest,65009.57754637686,9.892682647174594,False,False
2022-03-28,12,Subway,Northeast,53203.23959344954,13.624792437784993,True,False
2022-03-28,12,Subway,South,55520.02795551374,13.624792437784993,False,False
2022-03-28,12,Subway,Midwest,12521.009863427766,13.624792437784993,False,False
2022-03-28,12,Subway,West,71535.5654158976,13.624792437784993,False,False
2022-03-28,12,Subway,Southwest,30431.138675835453,13.624792437784993,False,False
2022-03-28,12,KFC,Northeast,27342.937234067685,14.969229412624541,False,False
2022-03-28,12,KFC,South,77322.8085562968,14.969229412624541,False,False
2022-03-28,12,KFC,Midwest,42602.89874485938,14.969229412624541,False,False
2022-03-28,12,KFC,West,52006.03326796968,14.969229412624541,False,False
2022-03-28,12,KFC,Southwest,33285.87372417033,14.969229412624541,False,False
2022-03-28,12,Dominos,Northeast,55476.48937099255,9.768641015198977,True,False
2022-03-28,12,Dominos,South,58886.096965327044,9.768641015198977,False,False
2022-03-28,12,Dominos,Midwest,34232.839544872935,9.768641015198977,False,False
2022-03-28,12,Dominos,West,19806.74442559612,9.768641015198977,False,False
2022-03-28,12,Dominos,Southwest,28026.318411257987,9.768641015198977,False,False
2022-03-28,12,PizzaHut,Northeast,112716.34651987223,11.057440185263237,False,False
2022-03-28,12,PizzaHut,South,48666.86593496078,11.057440185263237,False,False
2022-03-28,12,PizzaHut,Midwest,117828.1912189086,11.057440185263237,False,False
2022-03-28,12,PizzaHut,West,61544.14091820846,11.057440185263237,False,False
2022-03-28,12,PizzaHut,Southwest,59747.6948812708,11.057440185263237,False,False
2022-04-04,13,McDonalds,Northeast,42611.02788129161,10.309824267031935,False,False
2022-04-04,13,McDonalds,South,37801.16085105043,10.309824267031935,False,False
2022-04-04,13,McDonalds,Midwest,41464.12146071598,10.309824267031935,False,False
2022-04-04,13,McDonalds,West,13430.519879935971,10.309824267031935,False,False
2022-04-04,13,McDonalds,Southwest,36136.27758886927,11.182157539785049,False,False
2022-04-04,13,BurgerKing,Northeast,38668.92390955862,14.7353013664426,True,False
2022-04-04,13,BurgerKing,South,87783.74652934205,14.7353013664426,False,False
2022-04-04,13,BurgerKing,Midwest,30302.79337272498,14.7353013664426,False,False
2022-04-04,13,BurgerKing,West,98651.40537316448,14.7353013664426,False,False
2022-04-04,13,BurgerKing,Southwest,83309.90104080159,14.7353013664426,False,False
2022-04-04,13,Wendys,Northeast,57603.148989277295,14.310400957705244,False,False
2022-04-04,13,Wendys,South,22854.76268969332,14.310400957705244,False,False
2022-04-04,13,Wendys,Midwest,86440.3845626945,14.310400957705244,False,False
2022-04-04,13,Wendys,West,29208.40837372341,14.310400957705244,False,False
2022-04-04,13,Wendys,Southwest,54042.071478578386,14.310400957705244,False,False
2022-04-04,13,TacoBell,Northeast,149821.1237029545,9.892682647174594,False,False
2022-04-04,13,TacoBell,South,33710.64602530708,9.892682647174594,True,False
2022-04-04,13,TacoBell,Midwest,59318.71516730334,9.892682647174594,False,False
2022-04-04,13,TacoBell,West,23646.54808189169,9.892682647174594,False,False
2022-04-04,13,TacoBell,Southwest,88401.10365965917,9.892682647174594,False,False
2022-04-04,13,Subway,Northeast,34282.76763622105,13.624792437784993,False,False
2022-04-04,13,Subway,South,57369.36143373952,13.624792437784993,True,False
2022-04-04,13,Subway,Midwest,11258.84714861003,13.624792437784993,False,False
2022-04-04,13,Subway,West,53488.7963498225,13.624792437784993,False,False
2022-04-04,13,Subway,Southwest,36789.51520955789,13.624792437784993,True,False
2022-04-04,13,KFC,Northeast,26044.964086029922,14.969229412624541,False,False
2022-04-04,13,KFC,South,76235.51283854948,14.969229412624541,False,False
2022-04-04,13,KFC,Midwest,40640.79474285054,14.969229412624541,False,False
2022-04-04,13,KFC,West,66513.46539198108,14.969229412624541,False,False
2022-04-04,13,KFC,Southwest,30602.76447135941,14.969229412624541,False,False
2022-04-04,13,Dominos,Northeast,46176.15016808575,9.768641015198977,False,False
2022-04-04,13,Dominos,South,58553.959273467946,9.768641015198977,False,False
2022-04-04,13,Dominos,Midwest,35104.23402180963,9.768641015198977,False,False
2022-04-04,13,Dominos,West,26179.768813858627,9.768641015198977,False,False
2022-04-04,13,Dominos,Southwest,20901.64064665789,9.768641015198977,False,False
2022-04-04,13,PizzaHut,Northeast,117397.24643351024,11.057440185263237,False,False
2022-04-04,13,PizzaHut,South,54864.77607926409,11.057440185263237,False,False
2022-04-04,13,PizzaHut,Midwest,154421.31929764777,11.057440185263237,False,False
2022-04-04,13,PizzaHut,West,60053.09543149664,11.057440185263237,False,False
2022-04-04,13,PizzaHut,Southwest,62788.94177342121,11.057440185263237,False,False
2022-04-11,14,McDonalds,Northeast,40715.29677545504,10.309824267031935,False,False
2022-04-11,14,McDonalds,South,51828.838845563485,10.309824267031935,False,False
2022-04-11,14,McDonalds,Midwest,53702.01891191737,10.309824267031935,False,False
2022-04-11,14,McDonalds,West,15470.036766676327,10.309824267031935,False,False
2022-04-11,14,McDonalds,Southwest,40070.47011210341,10.309824267031935,False,False
2022-04-11,14,BurgerKing,Northeast,23344.107858737378,14.7353013664426,False,False
2022-04-11,14,BurgerKing,South,79209.96765668227,14.7353013664426,False,False
2022-04-11,14,BurgerKing,Midwest,33350.09827881363,14.7353013664426,False,False
2022-04-11,14,BurgerKing,West,91732.01211239824,14.7353013664426,False,False
2022-04-11,14,BurgerKing,Southwest,85911.51409532058,14.7353013664426,False,False
2022-04-11,14,Wendys,Northeast,50422.54469667446,14.310400957705244,False,False
2022-04-11,14,Wendys,South,22386.217888405492,14.310400957705244,False,False
2022-04-11,14,Wendys,Midwest,83365.62901434171,14.310400957705244,False,False
2022-04-11,14,Wendys,West,40739.96212218041,14.310400957705244,False,False
2022-04-11,14,Wendys,Southwest,40411.94040129592,14.310400957705244,False,False
2022-04-11,14,TacoBell,Northeast,114525.34532214644,9.892682647174594,False,False
2022-04-11,14,TacoBell,South,26308.672498331856,9.892682647174594,False,False
2022-04-11,14,TacoBell,Midwest,55157.20598044775,9.892682647174594,False,False
2022-04-11,14,TacoBell,West,21571.48381589939,9.892682647174594,False,False
2022-04-11,14,TacoBell,Southwest,80831.17526810647,9.892682647174594,False,False
2022-04-11,14,Subway,Northeast,47351.876877315866,14.600778535553198,False,False
2022-04-11,14,Subway,South,45614.91108747311,13.624792437784993,False,False
2022-04-11,14,Subway,Midwest,9059.795996060393,13.624792437784993,False,False
2022-04-11,14,Subway,West,72281.76985159359,13.624792437784993,False,False
2022-04-11,14,Subway,Southwest,29581.398715733045,13.624792437784993,False,False
2022-04-11,14,KFC,Northeast,28458.9068601522,14.969229412624541,False,False
2022-04-11,14,KFC,South,76345.29069914458,14.969229412624541,False,False
2022-04-11,14,KFC,Midwest,41253.524243539796,14.969229412624541,False,False
2022-04-11,14,KFC,West,49980.36090896513,16.15585672086157,False,False
2022-04-11,14,KFC,Southwest,40114.16617226325,14.969229412624541,True,False
2022-04-11,14,Dominos,Northeast,50178.873795739826,9.768641015198977,False,False
2022-04-11,14,Dominos,South,54655.081997754096,9.768641015198977,False,False
2022-04-11,14,Dominos,Midwest,45765.00866663911,8.924351769336546,False,False
2022-04-11,14,Dominos,West,29541.183991195576,9.768641015198977,False,False
2022-04-11,14,Dominos,Southwest,31394.3117944762,9.768641015198977,False,False
2022-04-11,14,PizzaHut,Northeast,140092.18546185174,11.057440185263237,False,False
2022-04-11,14,PizzaHut,South,47705.97932487136,11.057440185263237,False,False
2022-04-11,14,PizzaHut,Midwest,149467.08388533333,11.057440185263237,False,False
2022-04-11,14,PizzaHut,West,71254.04967927307,11.057440185263237,False,False
2022-04-11,14,PizzaHut,Southwest,66264.96698559457,11.057440185263237,False,False
2022-04-18,15,McDonalds,Northeast,47757.69388264412,10.309824267031935,False,False
2022-04-18,15,McDonalds,South,44078.111444680646,11.167084986662095,False,False
2022-04-18,15,McDonalds,Midwest,36607.23880601627,10.309824267031935,False,False
2022-04-18,15,McDonalds,West,13784.814099832874,10.309824267031935,False,False
2022-04-18,15,McDonalds,Southwest,49187.29410053952,10.309824267031935,False,False
2022-04-18,15,BurgerKing,Northeast,26398.19652959241,14.7353013664426,False,False
2022-04-18,15,BurgerKing,South,84678.12054757705,14.7353013664426,False,False
2022-04-18,15,BurgerKing,Midwest,35842.71912366791,14.7353013664426,False,False
2022-04-18,15,BurgerKing,West,111922.62117090586,14.7353013664426,False,False
2022-04-18,15,BurgerKing,Southwest,87343.79021510757,14.7353013664426,False,False
2022-04-18,15,Wendys,Northeast,62845.33757980864,14.310400957705244,False,False
2022-04-18,15,Wendys,South,21410.422160384478,14.310400957705244,False,False
2022-04-18,15,Wendys,Midwest,80713.18934650239,14.310400957705244,False,False
2022-04-18,15,Wendys,West,36348.18471477608,14.310400957705244,False,False
2022-04-18,15,Wendys,Southwest,43535.309810001345,14.310400957705244,False,False
2022-04-18,15,TacoBell,Northeast,137124.0824169047,9.892682647174594,False,False
2022-04-18,15,TacoBell,South,21590.77609166812,9.892682647174594,False,False
2022-04-18,15,TacoBell,Midwest,57541.18284706654,9.892682647174594,False,False
2022-04-18,15,TacoBell,West,18308.10723653726,9.892682647174594,False,False
2022-04-18,15,TacoBell,Southwest,82080.0018064678,9.892682647174594,False,False
2022-04-18,15,Subway,Northeast,35060.477089290864,13.624792437784993,False,False
2022-04-18,15,Subway,South,49336.84660845136,13.624792437784993,False,False
2022-04-18,15,Subway,Midwest,9785.58599638796,13.624792437784993,False,False
2022-04-18,15,Subway,West,69855.94558117741,13.624792437784993,False,False
2022-04-18,15,Subway,Southwest,28544.106103183993,13.624792437784993,False,False
2022-04-18,15,KFC,Northeast,32963.40975410277,14.969229412624541,False,False
2022-04-18,15,KFC,South,85072.37500898878,14.969229412624541,False,False
2022-04-18,15,KFC,Midwest,43309.414933027496,14.969229412624541,False,False
2022-04-18,15,KFC,West,65957.34566885426,14.969229412624541,False,False
2022-04-18,15,KFC,Southwest,27943.88413067565,14.969229412624541,False,False
2022-04-18,15,Dominos,Northeast,44669.25841457886,9.768641015198977,False,False
2022-04-18,15,Dominos,South,64113.7024358864,9.768641015198977,False,False
2022-04-18,15,Dominos,Midwest,33080.123268846546,9.768641015198977,False,False
2022-04-18,15,Dominos,West,23296.006139898876,9.768641015198977,False,False
2022-04-18,15,Dominos,Southwest,33238.95026645032,9.768641015198977,False,False
2022-04-18,15,PizzaHut,Northeast,95885.47898418186,11.057440185263237,False,False
2022-04-18,15,PizzaHut,South,53870.980276179616,11.057440185263237,False,False
2022-04-18,15,PizzaHut,Midwest,147624.76434586913,11.057440185263237,False,False
2022-04-18,15,PizzaHut,West,58747.41727655127,11.057440185263237,False,False
2022-04-18,15,PizzaHut,Southwest,63831.83505128177,11.057440185263237,False,False
2022-04-25,16,McDonalds,Northeast,52714.592163135385,10.309824267031935,False,False
2022-04-25,16,McDonalds,South,49679.81043266825,10.309824267031935,True,False
2022-04-25,16,McDonalds,Midwest,54143.69584940069,10.309824267031935,True,False
2022-04-25,16,McDonalds,West,19466.89883786175,10.309824267031935,True,False
2022-04-25,16,McDonalds,Southwest,41341.09274598177,10.309824267031935,False,False
2022-04-25,16,BurgerKing,Northeast,23476.953225492856,14.7353013664426,False,False
2022-04-25,16,BurgerKing,South,72655.0425761485,14.7353013664426,False,False
2022-04-25,16,BurgerKing,Midwest,39021.635177072945,14.7353013664426,True,False
2022-04-25,16,BurgerKing,West,97707.22380234531,14.7353013664426,False,False
2022-04-25,16,BurgerKing,Southwest,81981.00664174334,14.7353013664426,False,False
2022-04-25,16,Wendys,Northeast,51807.60881504332,14.310400957705244,False,False
2022-04-25,16,Wendys,South,18568.246838519968,14.310400957705244,False,False
2022-04-25,16,Wendys,Midwest,109613.00609280514,14.310400957705244,True,False
2022-04-25,16,Wendys,West,40865.636076104616,14.310400957705244,False,False
2022-04-25,16,Wendys,Southwest,39377.72853602399,14.310400957705244,False,False
2022-04-25,16,TacoBell,Northeast,114951.37284356108,9.274553588460517,False,False
2022-04-25,16,TacoBell,South,22062.38608763039,9.892682647174594,False,False
2022-04-25,16,TacoBell,Midwest,51283.08626555691,9.892682647174594,False,False
2022-04-25,16,TacoBell,West,15604.281757029394,9.892682647174594,False,False
2022-04-25,16,TacoBell,Southwest,72211.20653592807,9.892682647174594,False,False
2022-04-25,16,Subway,Northeast,42367.957540026,13.624792437784993,False,False
2022-04-25,16,Subway,South,47425.94245260826,13.624792437784993,False,False
2022-04-25,16,Subway,Midwest,9742.026768436424,13.624792437784993,False,False
2022-04-25,16,Subway,West,80739.12869787475,13.624792437784993,False,False
2022-04-25,16,Subway,Southwest,23795.691603953623,13.624792437784993,False,False
2022-04-25,16,KFC,Northeast,40876.0548166992,14.969229412624541,True,False
2022-04-25,16,KFC,South,97570.88586382061,14.969229412624541,False,False
2022-04-25,16,KFC,Midwest,41229.36405827962,14.969229412624541,False,False
2022-04-25,16,KFC,West,89182.99240417,14.969229412624541,True,False
2022-04-25,16,KFC,Southwest,34836.12703693104,14.969229412624541,False,False
2022-04-25,16,Dominos,Northeast,62285.525216268,9.768641015198977,False,False
2022-04-25,16,Dominos,South,76960.74527671983,9.768641015198977,False,False
2022-04-25,16,Dominos,Midwest,37717.105145993075,9.768641015198977,False,False
2022-04-25,16,Dominos,West,38762.84499072496,9.768641015198977,True,False
2022-04-25,16,Dominos,Southwest,34183.66185264705,9.768641015198977,False,False
2022-04-25,16,PizzaHut,Northeast,127787.71815575918,11.057440185263237,False,False
2022-04-25,16,PizzaHut,South,56912.954716556196,11.057440185263237,False,False
2022-04-25,16,PizzaHut,Midwest,192082.863729361,10.03200303127218,False,False
2022-04-25,16,PizzaHut,West,58632.90105212479,11.057440185263237,False,False
2022-04-25,16,PizzaHut,Southwest,59356.05072400922,11.057440185263237,False,False
2022-05-02,17,McDonalds,Northeast,42718.50650051534,10.309824267031935,False,False
2022-05-02,17,McDonalds,South,58332.94411155479,10.309824267031935,True,False
2022-05-02,17,McDonalds,Midwest,59690.97213561395,10.309824267031935,True,False
2022-05-02,17,McDonalds,West,16227.173914483436,10.309824267031935,False,False
2022-05-02,17,McDonalds,Southwest,46781.62071598562,10.309824267031935,False,False
2022-05-02,17,BurgerKing,Northeast,28466.38548429415,14.7353013664426,False,False
2022-05-02,17,BurgerKing,South,85118.48430412113,14.7353013664426,False,False
2022-05-02,17,BurgerKing,Midwest,24132.150652572353,14.7353013664426,False,False
2022-05-02,17,BurgerKing,West,92419.38316319593,14.7353013664426,False,False
2022-05-02,17,BurgerKing,Southwest,84220.72951102514,14.7353013664426,False,False
2022-05-02,17,Wendys,Northeast,56281.69568149881,14.310400957705244,False,False
2022-05-02,17,Wendys,South,18209.074257865013,14.310400957705244,False,False
2022-05-02,17,Wendys,Midwest,87218.29963389621,14.310400957705244,False,False
2022-05-02,17,Wendys,West,35390.822606590664,14.310400957705244,False,False
2022-05-02,17,Wendys,Southwest,39070.601980566586,14.310400957705244,False,False
2022-05-02,17,TacoBell,Northeast,104825.8612662897,9.892682647174594,False,False
2022-05-02,17,TacoBell,South,19438.03333667641,9.892682647174594,False,False
2022-05-02,17,TacoBell,Midwest,50083.94993754381,9.892682647174594,False,False
2022-05-02,17,TacoBell,West,22230.345835445667,9.892682647174594,False,False
2022-05-02,17,TacoBell,Southwest,66827.86147942785,9.892682647174594,False,False
2022-05-02,17,Subway,Northeast,33192.15289423671,13.624792437784993,False,False
2022-05-02,17,Subway,South,64922.56685848782,13.624792437784993,True,False
2022-05-02,17,Subway,Midwest,11981.250257809193,13.845295360629589,False,False
2022-05-02,17,Subway,West,56088.00609105868,13.624792437784993,False,False
2022-05-02,17,Subway,Southwest,29222.551888463735,13.624792437784993,False,False
2022-05-02,17,KFC,Northeast,29403.026118837115,14.969229412624541,False,False
2022-05-02,17,KFC,South,80348.24219500223,14.969229412624541,False,False
2022-05-02,17,KFC,Midwest,44728.552962423666,14.969229412624541,False,False
2022-05-02,17,KFC,West,85672.63993332164,14.969229412624541,True,False
2022-05-02,17,KFC,Southwest,37881.530417013804,14.969229412624541,False,False
2022-05-02,17,Dominos,Northeast,54523.85211864152,9.768641015198977,True,False
2022-05-02,17,Dominos,South,83480.00474913564,9.768641015198977,False,False
2022-05-02,17,Dominos,Midwest,41116.41200695707,9.768641015198977,False,False
2022-05-02,17,Dominos,West,24467.270491457133,9.768641015198977,False,False
2022-05-02,17,Dominos,Southwest,31877.12629226379,9.768641015198977,False,False
2022-05-02,17,PizzaHut,Northeast,127051.91607797061,9.804445898970235,False,False
2022-05-02,17,PizzaHut,South,73267.36595617193,11.057440185263237,True,False
2022-05-02,17,PizzaHut,Midwest,143390.60722458502,11.057440185263237,False,False
2022-05-02,17,PizzaHut,West,63768.171410501,11.057440185263237,False,False
2022-05-02,17,PizzaHut,Southwest,56769.073850117966,11.057440185263237,False,False
2022-05-09,18,McDonalds,Northeast,40265.75036464104,10.309824267031935,False,False
2022-05-09,18,McDonalds,South,45821.01257940847,10.309824267031935,False,False
2022-05-09,18,McDonalds,Midwest,46908.3466098899,10.309824267031935,False,False
2022-05-09,18,McDonalds,West,18647.71846394539,10.309824267031935,False,False
2022-05-09,18,McDonalds,Southwest,43330.63437377292,10.309824267031935,False,False
2022-05-09,18,BurgerKing,Northeast,27358.027642309135,14.7353013664426,False,False
2022-05-09,18,BurgerKing,South,80642.86924091754,14.7353013664426,False,False
2022-05-09,18,BurgerKing,Midwest,35259.384924898965,14.7353013664426,False,False
2022-05-09,18,BurgerKing,West,106568.09878238845,14.7353013664426,False,False
2022-05-09,18,BurgerKing,Southwest,100275.08524649005,14.7353013664426,False,False
2022-05-09,18,Wendys,Northeast,62108.89153245067,14.310400957705244,False,False
2022-05-09,18,Wendys,South,19963.03253277886,14.310400957705244,False,False
2022-05-09,18,Wendys,Midwest,82227.92052973557,14.310400957705244,False,False
2022-05-09,18,Wendys,West,28306.270026899383,14.310400957705244,False,False
2022-05-09,18,Wendys,Southwest,43012.27888073265,14.310400957705244,False,False
2022-05-09,18,TacoBell,Northeast,104438.9829381292,9.892682647174594,False,False
2022-05-09,18,TacoBell,South,18565.581979727314,9.892682647174594,False,False
2022-05-09,18,TacoBell,Midwest,51790.94940784141,9.892682647174594,False,False
2022-05-09,18,TacoBell,West,19848.30072344024,9.892682647174594,True,False
2022-05-09,18,TacoBell,Southwest,65196.34521168868,9.892682647174594,False,False
2022-05-09,18,Subway,Northeast,34934.7322118533,13.624792437784993,False,False
2022-05-09,18,Subway,South,57218.16037332859,13.624792437784993,False,False
2022-05-09,18,Subway,Midwest,10704.70257204194,13.624792437784993,False,False
2022-05-09,18,Subway,West,65661.54271591737,13.624792437784993,False,False
2022-05-09,18,Subway,Southwest,31579.377550501235,13.624792437784993,False,False
2022-05-09,18,KFC,Northeast,33226.165195560636,14.969229412624541,False,False
2022-05-09,18,KFC,South,87918.10756589119,14.969229412624541,False,False
2022-05-09,18,KFC,Midwest,48415.731945964195,14.969229412624541,False,False
2022-05-09,18,KFC,West,65597.62939967428,14.969229412624541,True,False
2022-05-09,18,KFC,Southwest,30597.0892492647,14.969229412624541,False,False
2022-05-09,18,Dominos,Northeast,62381.21434580645,9.768641015198977,False,False
2022-05-09,18,Dominos,South,70696.56112916814,9.768641015198977,False,False
2022-05-09,18,Dominos,Midwest,41693.501857952986,9.768641015198977,False,False
2022-05-09,18,Dominos,West,41963.192589073864,9.768641015198977,False,False
2022-05-09,18,Dominos,Southwest,29969.153924942522,9.768641015198977,False,False
2022-05-09,18,PizzaHut,Northeast,104023.56023880774,11.057440185263237,True,False
2022-05-09,18,PizzaHut,South,53334.19539915814,11.057440185263237,False,False
2022-05-09,18,PizzaHut,Midwest,147099.70706036992,11.057440185263237,False,False
2022-05-09,18,PizzaHut,West,75637.98155851774,11.057440185263237,True,False
2022-05-09,18,PizzaHut,Southwest,48701.60507559167,11.057440185263237,False,False
2022-05-16,19,McDonalds,Northeast,47244.24236301878,10.309824267031935,False,False
2022-05-16,19,McDonalds,South,48717.46039137256,10.309824267031935,False,False
2022-05-16,19,McDonalds,Midwest,42377.64487370683,10.309824267031935,False,False
2022-05-16,19,McDonalds,West,17635.222272216786,10.309824267031935,False,False
2022-05-16,19,McDonalds,Southwest,38266.358897123566,10.309824267031935,False,False
2022-05-16,19,BurgerKing,Northeast,33608.562327657375,14.7353013664426,False,False
2022-05-16,19,BurgerKing,South,83173.115266896,14.7353013664426,True,False
2022-05-16,19,BurgerKing,Midwest,30744.73219841413,14.7353013664426,False,False
2022-05-16,19,BurgerKing,West,110689.0270118844,14.7353013664426,False,False
2022-05-16,19,BurgerKing,Southwest,82246.46020192237,14.7353013664426,False,False
2022-05-16,19,Wendys,Northeast,57436.728062105954,14.310400957705244,False,False
2022-05-16,19,Wendys,South,22862.081699348757,14.310400957705244,False,False
2022-05-16,19,Wendys,Midwest,84935.75391169197,14.310400957705244,False,False
2022-05-16,19,Wendys,West,30447.09556060738,14.310400957705244,False,False
2022-05-16,19,Wendys,Southwest,38657.823081241964,14.310400957705244,False,False
2022-05-16,19,TacoBell,Northeast,124198.74061851596,9.892682647174594,False,False
2022-05-16,19,TacoBell,South,14810.67520572673,9.892682647174594,False,False
2022-05-16,19,TacoBell,Midwest,53580.82941849763,9.892682647174594,False,False
2022-05-16,19,TacoBell,West,17621.093828189125,9.892682647174594,False,False
2022-05-16,19,TacoBell,Southwest,50580.41705644381,9.892682647174594,False,False
2022-05-16,19,Subway,Northeast,39305.10956233454,13.624792437784993,False,False
2022-05-16,19,Subway,South,47457.47884029554,12.657246050721769,False,False
2022-05-16,19,Subway,Midwest,11501.562235225972,13.624792437784993,False,False
2022-05-16,19,Subway,West,106740.34718018986,11.455067441985248,False,False
2022-05-16,19,Subway,Southwest,33490.16989130654,13.624792437784993,False,False
2022-05-16,19,KFC,Northeast,38173.684465935294,14.969229412624541,False,False
2022-05-16,19,KFC,South,92703.43647220886,14.969229412624541,False,False
2022-05-16,19,KFC,Midwest,39393.12129418103,14.969229412624541,False,False
2022-05-16,19,KFC,West,90036.74260405143,14.969229412624541,True,False
2022-05-16,19,KFC,Southwest,36077.34407444709,14.969229412624541,False,False
2022-05-16,19,Dominos,Northeast,59627.18213799599,9.768641015198977,False,False
2022-05-16,19,Dominos,South,81839.75114659709,9.895866900826432,False,False
2022-05-16,19,Dominos,Midwest,54949.01104893933,9.768641015198977,True,False
2022-05-16,19,Dominos,West,32870.58887497312,9.768641015198977,False,False
2022-05-16,19,Dominos,Southwest,37061.29479337149,9.768641015198977,False,False
2022-05-16,19,PizzaHut,Northeast,104396.9796920287,11.057440185263237,False,False
2022-05-16,19,PizzaHut,South,54769.893472974196,11.057440185263237,False,False
2022-05-16,19,PizzaHut,Midwest,167081.47519884116,11.057440185263237,False,False
2022-05-16,19,PizzaHut,West,62350.41034877166,11.057440185263237,False,False
2022-05-16,19,PizzaHut,Southwest,59876.17845875952,11.057440185263237,False,False
2022-05-23,20,McDonalds,Northeast,48251.760708230155,10.309824267031935,False,False
2022-05-23,20,McDonalds,South,63667.82014888995,10.309824267031935,True,False
2022-05-23,20,McDonalds,Midwest,41353.230501517006,10.309824267031935,False,False
2022-05-23,20,McDonalds,West,26462.990685546432,10.309824267031935,True,False
2022-05-23,20,McDonalds,Southwest,47556.53149478301,10.309824267031935,False,False
2022-05-23,20,BurgerKing,Northeast,25326.549193233826,14.7353013664426,False,False
2022-05-23,20,BurgerKing,South,73475.19792793914,14.7353013664426,False,False
2022-05-23,20,BurgerKing,Midwest,31354.21378461237,14.7353013664426,False,False
2022-05-23,20,BurgerKing,West,90211.4459344249,14.7353013664426,False,False
2022-05-23,20,BurgerKing,Southwest,90383.64751512551,14.7353013664426,False,False
2022-05-23,20,Wendys,Northeast,54347.23721090196,14.310400957705244,False,False
2022-05-23,20,Wendys,South,15533.509577097771,14.310400957705244,False,False
2022-05-23,20,Wendys,Midwest,79694.2979784033,14.310400957705244,False,False
2022-05-23,20,Wendys,West,33022.89181830028,14.310400957705244,False,False
2022-05-23,20,Wendys,Southwest,39391.47886155363,14.12665789094974,False,False
2022-05-23,20,TacoBell,Northeast,113328.94798136277,9.892682647174594,False,False
2022-05-23,20,TacoBell,South,14510.10174222003,9.892682647174594,False,False
2022-05-23,20,TacoBell,Midwest,47731.22093834358,9.892682647174594,False,False
2022-05-23,20,TacoBell,West,13596.021646210515,9.892682647174594,False,False
2022-05-23,20,TacoBell,Southwest,57870.75151880839,9.892682647174594,False,False
2022-05-23,20,Subway,Northeast,39605.68947602341,13.624792437784993,False,False
2022-05-23,20,Subway,South,59227.13882223173,13.624792437784993,False,False
2022-05-23,20,Subway,Midwest,15502.95185560659,13.624792437784993,True,False
2022-05-23,20,Subway,West,55522.92607131662,13.624792437784993,False,False
2022-05-23,20,Subway,Southwest,29780.845487092574,13.624792437784993,False,False
2022-05-23,20,KFC,Northeast,33958.02780363221,14.969229412624541,False,False
2022-05-23,20,KFC,South,94490.84837698717,14.969229412624541,False,False
2022-05-23,20,KFC,Midwest,46695.54391025746,14.969229412624541,True,False
2022-05-23,20,KFC,West,69260.14366849493,14.969229412624541,False,False
2022-05-23,20,KFC,Southwest,36658.896618008504,14.969229412624541,False,False
2022-05-23,20,Dominos,Northeast,56255.86687734573,9.768641015198977,False,False
2022-05-23,20,Dominos,South,85363.39572504749,9.768641015198977,False,False
2022-05-23,20,Dominos,Midwest,40181.223110198545,9.768641015198977,False,False
2022-05-23,20,Dominos,West,39186.50074946165,9.768641015198977,False,False
2022-05-23,20,Dominos,Southwest,44822.59513982221,9.768641015198977,True,False
2022-05-23,20,PizzaHut,Northeast,112792.05194023676,11.057440185263237,False,False
2022-05-23,20,PizzaHut,South,41245.828359324565,11.057440185263237,False,False
2022-05-23,20,PizzaHut,Midwest,124085.17099241582,11.057440185263237,False,False
2022-05-23,20,PizzaHut,West,54396.84814170189,11.057440185263237,False,False
2022-05-23,20,PizzaHut,Southwest,52092.11731715562,11.057440185263237,False,False
2022-05-30,21,McDonalds,Northeast,39983.06334546082,10.997557046875327,False,False
2022-05-30,21,McDonalds,South,54626.146454438785,10.309824267031935,False,False
2022-05-30,21,McDonalds,Midwest,49978.31206026574,10.309824267031935,False,False
2022-05-30,21,McDonalds,West,20913.027985397148,10.309824267031935,False,False
2022-05-30,21,McDonalds,Southwest,44783.73401718599,10.309824267031935,False,False
2022-05-30,21,BurgerKing,Northeast,27639.041176162726,14.7353013664426,False,False
2022-05-30,21,BurgerKing,South,79737.77495708675,14.7353013664426,False,False
2022-05-30,21,BurgerKing,Midwest,26968.72997908125,14.7353013664426,False,False
2022-05-30,21,BurgerKing,West,101763.28943217474,14.7353013664426,False,False
2022-05-30,21,BurgerKing,Southwest,76599.58590344421,14.7353013664426,False,False
2022-05-30,21,Wendys,Northeast,79393.92170996043,14.310400957705244,True,False
2022-05-30,21,Wendys,South,20103.600916927528,14.310400957705244,False,False
2022-05-30,21,Wendys,Midwest,93405.53177062383,14.310400957705244,False,False
2022-05-30,21,Wendys,West,32707.232147137798,14.310400957705244,False,False
2022-05-30,21,Wendys,Southwest,31999.885408833503,14.310400957705244,False,False
2022-05-30,21,TacoBell,Northeast,108495.98473617199,9.892682647174594,False,False
2022-05-30,21,TacoBell,South,13839.022746041457,9.892682647174594,False,False
2022-05-30,21,TacoBell,Midwest,44121.57311467825,9.892682647174594,False,False
2022-05-30,21,TacoBell,West,14572.54697682889,9.892682647174594,True,False
2022-05-30,21,TacoBell,Southwest,65236.300762924744,9.892682647174594,False,False
2022-05-30,21,Subway,Northeast,35937.04877033141,13.624792437784993,False,False
2022-05-30,21,Subway,South,64877.89251911245,13.624792437784993,False,False
2022-05-30,21,Subway,Midwest,14249.106226629834,13.624792437784993,False,False
2022-05-30,21,Subway,West,87203.50560017159,13.624792437784993,True,False
2022-05-30,21,Subway,Southwest,27995.452699190722,13.624792437784993,False,False
2022-05-30,21,KFC,Northeast,39025.40412896794,14.969229412624541,False,False
2022-05-30,21,KFC,South,95068.59744187619,14.969229412624541,False,False
2022-05-30,21,KFC,Midwest,50080.44616234873,14.969229412624541,False,False
2022-05-30,21,KFC,West,63980.66132524528,14.969229412624541,False,False
2022-05-30,21,KFC,Southwest,38868.6450471583,14.969229412624541,False,False
2022-05-30,21,Dominos,Northeast,55931.305234450745,8.666118474365586,False,False
2022-05-30,21,Dominos,South,66077.90006347516,9.768641015198977,False,False
2022-05-30,21,Dominos,Midwest,56231.16488468757,9.768641015198977,True,False
2022-05-30,21,Dominos,West,47106.01231106286,8.606930795671632,False,False
2022-05-30,21,Dominos,Southwest,46930.79917196277,9.768641015198977,True,False
2022-05-30,21,PizzaHut,Northeast,93044.5901875731,11.057440185263237,False,False
2022-05-30,21,PizzaHut,South,50505.18986140032,11.057440185263237,False,False
2022-05-30,21,PizzaHut,Midwest,123556.81639911632,11.057440185263237,False,False
2022-05-30,21,PizzaHut,West,64229.80694224827,11.057440185263237,False,False
2022-05-30,21,PizzaHut,Southwest,44741.14687576027,11.057440185263237,False,False
2022-06-06,22,McDonalds,Northeast,46158.1840869302,10.309824267031935,False,True
2022-06-06,22,McDonalds,South,64565.29631649588,10.309824267031935,False,True
2022-06-06,22,McDonalds,Midwest,50337.01816808007,10.309824267031935,False,True
2022-06-06,22,McDonalds,West,26194.592502461033,10.309824267031935,False,True
2022-06-06,22,McDonalds,Southwest,48605.03802198257,10.309824267031935,False,True
2022-06-06,22,BurgerKing,Northeast,23814.1765978859,14.7353013664426,False,True
2022-06-06,22,BurgerKing,South,96997.303250533,12.92355738147854,False,True
2022-06-06,22,BurgerKing,Midwest,36382.37735642272,14.7353013664426,False,True
2022-06-06,22,BurgerKing,West,113759.34787858828,14.7353013664426,False,True
2022-06-06,22,BurgerKing,Southwest,106708.98994012045,14.7353013664426,True,True
2022-06-06,22,Wendys,Northeast,56811.48995954877,14.310400957705244,False,True
2022-06-06,22,Wendys,South,17763.40781275879,14.310400957705244,False,True
2022-06-06,22,Wendys,Midwest,82577.89642708772,14.310400957705244,False,True
2022-06-06,22,Wendys,West,29791.048759310946,14.310400957705244,False,True
2022-06-06,22,Wendys,Southwest,42540.80140820946,14.310400957705244,False,True
2022-06-06,22,TacoBell,Northeast,113737.44396595862,9.892682647174594,False,True
2022-06-06,22,TacoBell,South,12382.487551784492,9.892682647174594,False,True
2022-06-06,22,TacoBell,Midwest,32944.80711929194,9.892682647174594,False,True
2022-06-06,22,TacoBell,West,14573.031303592365,9.892682647174594,False,True
2022-06-06,22,TacoBell,Southwest,60380.47767611156,9.892682647174594,False,True
2022-06-06,22,Subway,Northeast,39787.429594120964,13.624792437784993,False,True
2022-06-06,22,Subway,South,61426.05223979522,13.624792437784993,False,True
2022-06-06,22,Subway,Midwest,19655.564054347,13.624792437784993,False,True
2022-06-06,22,Subway,West,88043.68906888495,13.624792437784993,True,True
2022-06-06,22,Subway,Southwest,32235.693483992945,13.624792437784993,False,True
2022-06-06,22,KFC,Northeast,33144.03925801375,14.969229412624541,False,True
2022-06-06,22,KFC,South,111057.44813089458,14.969229412624541,False,True
2022-06-06,22,KFC,Midwest,58450.62336323764,14.969229412624541,False,True
2022-06-06,22,KFC,West,82721.4814585224,14.969229412624541,False,True
2022-06-06,22,KFC,Southwest,41802.13376269333,14.969229412624541,False,True
2022-06-06,22,Dominos,Northeast,81615.89302898406,9.768641015198977,True,True
2022-06-06,22,Dominos,South,91719.81390615496,9.768641015198977,False,True
2022-06-06,22,Dominos,Midwest,43540.91678736148,9.768641015198977,False,True
2022-06-06,22,Dominos,West,51149.033051817,9.768641015198977,False,True
2022-06-06,22,Dominos,Southwest,39775.95199574161,9.768641015198977,False,True
2022-06-06,22,PizzaHut,Northeast,115879.25591696931,11.057440185263237,False,True
2022-06-06,22,PizzaHut,South,57533.92057579803,11.057440185263237,True,True
2022-06-06,22,PizzaHut,Midwest,157377.8739739848,11.057440185263237,False,True
2022-06-06,22,PizzaHut,West,95105.1335289246,10.321235961362602,True,True
2022-06-06,22,PizzaHut,Southwest,46634.716440648226,11.057440185263237,False,True
2022-06-13,23,McDonalds,Northeast,47099.41344578032,10.174744844386641,False,True
2022-06-13,23,McDonalds,South,57853.61626016691,10.309824267031935,False,True
2022-06-13,23,McDonalds,Midwest,51602.135443443134,10.309824267031935,False,True
2022-06-13,23,McDonalds,West,27458.372338781945,10.309824267031935,False,True
2022-06-13,23,McDonalds,Southwest,51962.90067925905,10.309824267031935,False,True
2022-06-13,23,BurgerKing,Northeast,26628.395907381113,14.7353013664426,False,True
2022-06-13,23,BurgerKing,South,86599.35135804371,14.7353013664426,False,True
2022-06-13,23,BurgerKing,Midwest,37320.017645099986,14.7353013664426,True,True
2022-06-13,23,BurgerKing,West,106259.21468543148,14.7353013664426,False,True
2022-06-13,23,BurgerKing,Southwest,98969.34737991,14.7353013664426,False,True
2022-06-13,23,Wendys,Northeast,67914.61956335361,14.310400957705244,False,True
2022-06-13,23,Wendys,South,18002.937268631686,14.310400957705244,False,True
2022-06-13,23,Wendys,Midwest,76758.58061655675,14.310400957705244,False,True
2022-06-13,23,Wendys,West,31153.361477595565,14.310400957705244,False,True
2022-06-13,23,Wendys,Southwest,37614.25639697082,13.3067014823564,False,True
2022-06-13,23,TacoBell,Northeast,98586.35044498958,9.892682647174594,False,True
2022-06-13,23,TacoBell,South,10058.401466437155,9.892682647174594,False,True
2022-06-13,23,TacoBell,Midwest,40053.96124308841,9.892682647174594,False,True
2022-06-13,23,TacoBell,West,12824.678861167267,9.892682647174594,False,True
2022-06-13,23,TacoBell,Southwest,51612.497381119334,9.892682647174594,False,True
2022-06-13,23,Subway,Northeast,36468.230273073365,13.624792437784993,False,True
2022-06-13,23,Subway,South,64712.22270652917,13.624792437784993,True,True
2022-06-13,23,Subway,Midwest,17176.500306484704,13.624792437784993,False,True
2022-06-13,23,Subway,West,83583.29391877678,13.624792437784993,False,True
2022-06-13,23,Subway,Southwest,36384.758345715956,13.624792437784993,False,True
2022-06-13,23,KFC,Northeast,38177.95146771145,14.969229412624541,False,True
2022-06-13,23,KFC,South,106703.60964633251,14.969229412624541,False,True
2022-06-13,23,KFC,Midwest,57931.11533852119,14.969229412624541,False,True
2022-06-13,23,KFC,West,94327.88588361291,14.969229412624541,False,True
2022-06-13,23,KFC,Southwest,38036.46525437547,14.969229412624541,False,True
2022-06-13,23,Dominos,Northeast,69055.77554008774,9.768641015198977,False,True
2022-06-13,23,Dominos,South,58636.19485036354,9.768641015198977,False,True
2022-06-13,23,Dominos,Midwest,38337.59908329007,9.768641015198977,False,True
2022-06-13,23,Dominos,West,37648.58971494262,9.768641015198977,False,True
2022-06-13,23,Dominos,Southwest,38633.41593771475,9.768641015198977,False,True
2022-06-13,23,PizzaHut,Northeast,103231.01651634897,11.057440185263237,False,True
2022-06-13,23,PizzaHut,South,43650.878665591285,11.057440185263237,False,True
2022-06-13,23,PizzaHut,Midwest,174748.16765866688,11.057440185263237,False,True
2022-06-13,23,PizzaHut,West,57717.6473277434,11.057440185263237,False,True
2022-06-13,23,PizzaHut,Southwest,45844.25649415233,11.057440185263237,False,True
2022-06-20,24,McDonalds,Northeast,52813.72591244064,10.309824267031935,False,True
2022-06-20,24,McDonalds,South,58844.36741687923,10.309824267031935,False,True
2022-06-20,24,McDonalds,Midwest,52713.834977034014,10.309824267031935,False,True
2022-06-20,24,McDonalds,West,31474.19236968996,10.309824267031935,False,True
2022-06-20,24,McDonalds,Southwest,53086.89750396593,10.309824267031935,False,True
2022-06-20,24,BurgerKing,Northeast,28138.963652580253,14.7353013664426,False,True
2022-06-20,24,BurgerKing,South,100358.0684063801,14.7353013664426,False,True
2022-06-20,24,BurgerKing,Midwest,32524.71129246685,14.7353013664426,False,True
2022-06-20,24,BurgerKing,West,96777.99143237717,15.455643500678017,False,True
2022-06-20,24,BurgerKing,Southwest,76835.48906180426,14.7353013664426,False,True
2022-06-20,24,Wendys,Northeast,52789.516615914436,14.310400957705244,False,True
2022-06-20,24,Wendys,South,15003.249995405955,14.310400957705244,False,True
2022-06-20,24,Wendys,Midwest,83987.71305452415,14.310400957705244,False,True
2022-06-20,24,Wendys,West,34692.58769600283,14.310400957705244,True,True
2022-06-20,24,Wendys,Southwest,35339.729612377334,14.310400957705244,False,True
2022-06-20,24,TacoBell,Northeast,98191.29756089285,9.892682647174594,False,True
2022-06-20,24,TacoBell,South,9021.980826813426,9.892682647174594,False,True
2022-06-20,24,TacoBell,Midwest,43600.08372953305,9.892682647174594,False,True
2022-06-20,24,TacoBell,West,11792.781420206962,9.892682647174594,False,True
2022-06-20,24,TacoBell,Southwest,57449.884264145985,9.892682647174594,False,True
2022-06-20,24,Subway,Northeast,55582.602041463746,13.624792437784993,True,True
2022-06-20,24,Subway,South,68661.29972569855,13.624792437784993,False,True
2022-06-20,24,Subway,Midwest,16665.423921468933,13.624792437784993,False,True
2022-06-20,24,Subway,West,94610.66873463053,13.624792437784993,True,True
2022-06-20,24,Subway,Southwest,41095.5572866247,13.624792437784993,False,True
2022-06-20,24,KFC,Northeast,41236.64758963601,14.969229412624541,False,True
2022-06-20,24,KFC,South,88375.63399049618,14.969229412624541,False,True
2022-06-20,24,KFC,Midwest,62023.10952810187,14.969229412624541,False,True
2022-06-20,24,KFC,West,108703.15982314246,14.969229412624541,True,True
2022-06-20,24,KFC,Southwest,41776.37298690401,14.969229412624541,False,True
2022-06-20,24,Dominos,Northeast,74795.31215437321,9.768641015198977,False,True
2022-06-20,24,Dominos,South,80181.42572769531,9.768641015198977,False,True
2022-06-20,24,Dominos,Midwest,44098.854777543056,9.768641015198977,False,True
2022-06-20,24,Dominos,West,46856.83986774648,9.768641015198977,False,True
2022-06-20,24,Dominos,Southwest,48312.039538627905,9.192373841668532,False,True
2022-06-20,24,PizzaHut,Northeast,116152.77905533824,11.057440185263237,False,True
2022-06-20,24,PizzaHut,South,42670.70158298689,11.057440185263237,False,True
2022-06-20,24,PizzaHut,Midwest,145493.01721358864,11.057440185263237,False,True
2022-06-20,24,PizzaHut,West,55445.94343177009,11.057440185263237,False,True
2022-06-20,24,PizzaHut,Southwest,49986.43068921899,11.057440185263237,True,True
2022-06-27,25,McDonalds,Northeast,71503.91431449474,10.309824267031935,False,True
2022-06-27,25,McDonalds,South,61544.57265268625,10.309824267031935,False,True
2022-06-27,25,McDonalds,Midwest,56496.94769710609,10.309824267031935,False,True
2022-06-27,25,McDonalds,West,29710.38887661458,10.309824267031935,False,True
2022-06-27,25,McDonalds,Southwest,51276.2261019414,10.309824267031935,False,True
2022-06-27,25,BurgerKing,Northeast,27056.09142258742,14.7353013664426,False,True
2022-06-27,25,BurgerKing,South,118558.26276354253,14.155686629733179,True,True
2022-06-27,25,BurgerKing,Midwest,26769.83225963982,14.7353013664426,True,True
2022-06-27,25,BurgerKing,West,102027.55499234055,14.7353013664426,False,True
2022-06-27,25,BurgerKing,Southwest,99145.39565617926,14.7353013664426,False,True
2022-06-27,25,Wendys,Northeast,63216.2869387135,14.310400957705244,False,True
2022-06-27,25,Wendys,South,13639.439161880315,14.310400957705244,False,True
2022-06-27,25,Wendys,Midwest,96544.22851147792,14.310400957705244,False,True
2022-06-27,25,Wendys,West,32991.64924813674,14.310400957705244,False,True
2022-06-27,25,Wendys,Southwest,33779.12940910729,15.573989621733338,False,True
2022-06-27,25,TacoBell,Northeast,113996.42343437352,9.892682647174594,False,True
2022-06-27,25,TacoBell,South,8876.194320230692,9.892682647174594,False,True
2022-06-27,25,TacoBell,Midwest,31526.319512894475,9.892682647174594,False,True
2022-06-27,25,TacoBell,West,15336.894300433336,9.892682647174594,False,True
2022-06-27,25,TacoBell,Southwest,50720.39896857508,9.892682647174594,False,True
2022-06-27,25,Subway,Northeast,42941.375225593976,13.624792437784993,False,True
2022-06-27,25,Subway,South,71537.26441617377,13.624792437784993,False,True
2022-06-27,25,Subway,Midwest,20052.740937615217,13.624792437784993,False,True
2022-06-27,25,Subway,West,92716.58122701243,13.624792437784993,True,True
2022-06-27,25,Subway,Southwest,37204.460281473366,13.624792437784993,False,True
2022-06-27,25,KFC,Northeast,46035.827323714846,14.969229412624541,False,True
2022-06-27,25,KFC,South,111298.39155914237,14.969229412624541,False,True
2022-06-27,25,KFC,Midwest,63276.05516146592,14.969229412624541,False,True
2022-06-27,25,KFC,West,103698.7649259305,14.969229412624541,False,True
2022-06-27,25,KFC,Southwest,45742.10267024538,14.969229412624541,False,True
2022-06-27,25,Dominos,Northeast,66836.18796683985,9.768641015198977,False,True
2022-06-27,25,Dominos,South,108866.18778058415,9.768641015198977,True,True
2022-06-27,25,Dominos,Midwest,36694.498925063286,9.768641015198977,False,True
2022-06-27,25,Dominos,West,42201.83242287294,9.768641015198977,True,True
2022-06-27,25,Dominos,Southwest,52248.43928689768,9.768641015198977,False,True
2022-06-27,25,PizzaHut,Northeast,106249.9567933837,11.057440185263237,False,True
2022-06-27,25,PizzaHut,South,46470.39147353361,11.057440185263237,False,True
2022-06-27,25,PizzaHut,Midwest,157055.91535912408,11.057440185263237,False,True
2022-06-27,25,PizzaHut,West,49738.610890431315,11.057440185263237,False,True
2022-06-27,25,PizzaHut,Southwest,38368.01723027518,11.057440185263237,False,True
2022-07-04,26,McDonalds,Northeast,56339.98584179484,10.309824267031935,False,True
2022-07-04,26,McDonalds,South,75053.06472738265,10.309824267031935,False,True
2022-07-04,26,McDonalds,Midwest,51960.38943174127,10.309824267031935,False,True
2022-07-04,26,McDonalds,West,25547.396629278675,10.309824267031935,False,True
2022-07-04,26,McDonalds,Southwest,52856.499445832516,10.309824267031935,False,True
2022-07-04,26,BurgerKing,Northeast,26302.595993174764,14.7353013664426,False,True
2022-07-04,26,BurgerKing,South,88940.37896885001,14.7353013664426,False,True
2022-07-04,26,BurgerKing,Midwest,25374.054494390955,14.7353013664426,False,True
2022-07-04,26,BurgerKing,West,84726.76143628226,14.7353013664426,False,True
2022-07-04,26,BurgerKing,Southwest,83739.28013252669,14.7353013664426,False,True
2022-07-04,26,Wendys,Northeast,76069.44405345814,14.310400957705244,True,True
2022-07-04,26,Wendys,South,13454.959302829278,14.310400957705244,False,True
2022-07-04,26,Wendys,Midwest,75616.69937077681,14.310400957705244,False,True
2022-07-04,26,Wendys,West,27796.79907766382,14.310400957705244,False,True
2022-07-04,26,Wendys,Southwest,33659.45882904053,14.310400957705244,False,True
2022-07-04,26,TacoBell,Northeast,103296.36261441131,9.892682647174594,False,True
2022-07-04,26,TacoBell,South,7263.095729126459,9.892682647174594,False,True
2022-07-04,26,TacoBell,Midwest,37981.860780128365,9.892682647174594,False,True
2022-07-04,26,TacoBell,West,11272.876605346339,9.892682647174594,False,True
2022-07-04,26,TacoBell,Southwest,50816.810560980986,9.892682647174594,False,True
2022-07-04,26,Subway,Northeast,46724.87570935876,13.624792437784993,False,True
2022-07-04,26,Subway,South,86460.44276678524,13.624792437784993,True,True
2022-07-04,26,Subway,Midwest,22291.026767883457,13.624792437784993,False,True
2022-07-04,26,Subway,West,83045.5202907997,13.624792437784993,False,True
2022-07-04,26,Subway,Southwest,45038.59238175689,13.624792437784993,False,True
2022-07-04,26,KFC,Northeast,40837.37686832762,14.969229412624541,False,True
2022-07-04,26,KFC,South,100733.92243602472,14.969229412624541,False,True
2022-07-04,26,KFC,Midwest,61452.31874126147,14.969229412624541,False,True
2022-07-04,26,KFC,West,90230.62507384858,14.969229412624541,False,True
2022-07-04,26,KFC,Southwest,41519.03852227537,14.969229412624541,False,True
2022-07-04,26,Dominos,Northeast,67775.7051644305,9.768641015198977,True,True
2022-07-04,26,Dominos,South,73790.39763646363,9.768641015198977,False,True
2022-07-04,26,Dominos,Midwest,34054.72142068079,9.768641015198977,False,True
2022-07-04,26,Dominos,West,35896.79791038633,9.768641015198977,False,True
2022-07-04,26,Dominos,Southwest,41084.11355712851,9.768641015198977,False,True
2022-07-04,26,PizzaHut,Northeast,105309.01989224058,11.057440185263237,False,True
2022-07-04,26,PizzaHut,South,38575.17289250721,11.057440185263237,False,True
2022-07-04,26,PizzaHut,Midwest,160223.36366657747,11.057440185263237,False,True
2022-07-04,26,PizzaHut,West,65345.35164731309,10.712685152572586,False,True
2022-07-04,26,PizzaHut,Southwest,29064.598376767088,12.314069138893833,False,True
2022-07-11,27,McDonalds,Northeast,61628.183951911065,10.309824267031935,False,True
2022-07-11,27,McDonalds,South,70016.77708542297,10.309824267031935,False,True
2022-07-11,27,McDonalds,Midwest,57125.14297095421,10.309824267031935,False,True
2022-07-11,27,McDonalds,West,25747.32164442009,10.309824267031935,False,True
2022-07-11,27,McDonalds,Southwest,56524.12506275817,10.309824267031935,False,True
2022-07-11,27,BurgerKing,Northeast,22040.807466202612,14.7353013664426,False,True
2022-07-11,27,BurgerKing,South,89626.87578555952,14.7353013664426,False,True
2022-07-11,27,BurgerKing,Midwest,27460.771929706832,14.7353013664426,False,True
2022-07-11,27,BurgerKing,West,124575.74937857996,14.7353013664426,True,True
2022-07-11,27,BurgerKing,Southwest,87566.8888197465,14.7353013664426,False,True
2022-07-11,27,Wendys,Northeast,50801.667407414556,14.310400957705244,False,True
2022-07-11,27,Wendys,South,13445.429572251149,14.310400957705244,False,True
2022-07-11,27,Wendys,Midwest,57249.60324209727,14.310400957705244,False,True
2022-07-11,27,Wendys,West,33217.949663827196,14.310400957705244,True,True
2022-07-11,27,Wendys,Southwest,31757.346305164752,14.310400957705244,False,True
2022-07-11,27,TacoBell,Northeast,128442.46222641274,9.892682647174594,True,True
2022-07-11,27,TacoBell,South,6107.026362838137,9.892682647174594,False,True
2022-07-11,27,TacoBell,Midwest,31846.460916542535,9.892682647174594,False,True
2022-07-11,27,TacoBell,West,12053.709252759407,9.892682647174594,False,True
2022-07-11,27,TacoBell,Southwest,48203.80773444638,9.892682647174594,False,True
2022-07-11,27,Subway,Northeast,48394.800465086286,13.624792437784993,False,True
2022-07-11,27,Subway,South,80906.9690400877,13.624792437784993,False,True
2022-07-11,27,Subway,Midwest,22674.64512773181,13.624792437784993,False,True
2022-07-11,27,Subway,West,101638.37812366469,13.624792437784993,False,True
2022-07-11,27,Subway,Southwest,43492.45445558941,13.624792437784993,False,True
2022-07-11,27,KFC,Northeast,49925.932162686004,14.969229412624541,True,True
2022-07-11,27,KFC,South,148493.30111926675,14.969229412624541,True,True
2022-07-11,27,KFC,Midwest,78166.30187469527,14.969229412624541,False,True
2022-07-11,27,KFC,West,84364.66772018034,14.969229412624541,False,True
2022-07-11,27,KFC,Southwest,36388.00432053699,14.969229412624541,False,True
2022-07-11,27,Dominos,Northeast,64558.630407724624,9.768641015198977,False,True
2022-07-11,27,Dominos,South,69876.40757555515,9.768641015198977,True,True
2022-07-11,27,Dominos,Midwest,37660.78641059427,9.768641015198977,False,True
2022-07-11,27,Dominos,West,48779.44023882624,9.768641015198977,False,True
2022-07-11,27,Dominos,Southwest,39094.22319677685,9.768641015198977,False,True
2022-07-11,27,PizzaHut,Northeast,105818.33256314819,11.057440185263237,False,True
2022-07-11,27,PizzaHut,South,36957.75763425356,11.057440185263237,False,True
2022-07-11,27,PizzaHut,Midwest,150948.71226317078,11.057440185263237,False,True
2022-07-11,27,PizzaHut,West,47602.510669750984,11.057440185263237,False,True
2022-07-11,27,PizzaHut,Southwest,30324.20585323891,11.057440185263237,False,True
2022-07-18,28,McDonalds,Northeast,67254.3898786288,10.309824267031935,False,True
2022-07-18,28,McDonalds,South,77043.89543783227,10.242667787590758,False,True
2022-07-18,28,McDonalds,Midwest,63871.59525262782,10.309824267031935,False,True
2022-07-18,28,McDonalds,West,29483.710014502696,10.309824267031935,False,True
2022-07-18,28,McDonalds,Southwest,54329.334471796166,10.309824267031935,False,True
2022-07-18,28,BurgerKing,Northeast,23671.57985326693,14.7353013664426,False,True
2022-07-18,28,BurgerKing,South,83473.11619818077,14.7353013664426,False,True
2022-07-18,28,BurgerKing,Midwest,22419.498429540094,14.7353013664426,False,True
2022-07-18,28,BurgerKing,West,114552.22190706925,14.7353013664426,False,True
2022-07-18,28,BurgerKing,Southwest,72038.96107381367,14.7353013664426,False,True
2022-07-18,28,Wendys,Northeast,63193.42349499288,14.310400957705244,False,True
2022-07-18,28,Wendys,South,14107.474593755349,14.310400957705244,False,True
2022-07-18,28,Wendys,Midwest,80358.42176508514,14.310400957705244,False,True
2022-07-18,28,Wendys,West,31598.296690911848,14.310400957705244,False,True
2022-07-18,28,Wendys,Southwest,35677.9448610945,14.310400957705244,False,True
2022-07-18,28,TacoBell,Northeast,104120.27946801018,9.892682647174594,False,True
2022-07-18,28,TacoBell,South,6846.437532882675,9.892682647174594,False,True
2022-07-18,28,TacoBell,Midwest,29321.415505515823,9.892682647174594,False,True
2022-07-18,28,TacoBell,West,11265.010403627339,9.892682647174594,False,True
2022-07-18,28,TacoBell,Southwest,54311.63556482345,9.892682647174594,False,True
2022-07-18,28,Subway,Northeast,54110.41824456648,13.624792437784993,False,True
2022-07-18,28,Subway,South,61373.35183037744,13.624792437784993,False,True
2022-07-18,28,Subway,Midwest,24358.755618053998,13.624792437784993,False,True
2022-07-18,28,Subway,West,104976.0276275113,13.624792437784993,False,True
2022-07-18,28,Subway,Southwest,52479.39589583423,13.624792437784993,False,True
2022-07-18,28,KFC,Northeast,50511.86404121652,14.969229412624541,False,True
2022-07-18,28,KFC,South,96907.14336953787,14.969229412624541,False,True
2022-07-18,28,KFC,Midwest,69882.70031413075,14.969229412624541,False,True
2022-07-18,28,KFC,West,98341.83489425464,14.969229412624541,False,True
2022-07-18,28,KFC,Southwest,44320.841556400555,14.969229412624541,False,True
2022-07-18,28,Dominos,Northeast,67638.84854195554,9.768641015198977,False,True
2022-07-18,28,Dominos,South,66659.36565482733,9.768641015198977,False,True
2022-07-18,28,Dominos,Midwest,42835.387605748074,9.768641015198977,False,True
2022-07-18,28,Dominos,West,31417.24413140758,9.768641015198977,False,True
2022-07-18,28,Dominos,Southwest,42699.51070356492,9.768641015198977,False,True
2022-07-18,28,PizzaHut,Northeast,97631.68210665112,11.057440185263237,True,True
2022-07-18,28,PizzaHut,South,41731.9210023028,11.057440185263237,False,True
2022-07-18,28,PizzaHut,Midwest,150498.2147325988,11.057440185263237,False,True
2022-07-18,28,PizzaHut,West,51105.96221647145,11.057440185263237,False,True
2022-07-18,28,PizzaHut,Southwest,31511.960614645002,11.057440185263237,False,True
2022-07-25,29,McDonalds,Northeast,63890.06179337778,10.427674582654374,False,True
2022-07-25,29,McDonalds,South,69071.98787514055,10.309824267031935,False,True
2022-07-25,29,McDonalds,Midwest,69122.38210853751,10.309824267031935,False,True
2022-07-25,29,McDonalds,West,30380.15453590624,10.309824267031935,False,True
2022-07-25,29,McDonalds,Southwest,50944.83748170534,10.309824267031935,False,True
2022-07-25,29,BurgerKing,Northeast,20846.308922683627,14.7353013664426,False,True
2022-07-25,29,BurgerKing,South,76981.0831655045,14.7353013664426,False,True
2022-07-25,29,BurgerKing,Midwest,22031.259234505273,14.7353013664426,False,True
2022-07-25,29,BurgerKing,West,109597.60505677009,14.7353013664426,False,True
2022-07-25,29,BurgerKing,Southwest,68757.10783031397,14.7353013664426,False,True
2022-07-25,29,Wendys,Northeast,53119.779280975854,14.310400957705244,False,True
2022-07-25,29,Wendys,South,12097.275604346907,14.310400957705244,False,True
2022-07-25,29,Wendys,Midwest,73997.72380902403,14.310400957705244,False,True
2022-07-25,29,Wendys,West,30525.430794372238,14.310400957705244,False,True
2022-07-25,29,Wendys,Southwest,37318.6509355291,14.310400957705244,False,True
2022-07-25,29,TacoBell,Northeast,144222.64710942667,9.892682647174594,True,True
2022-07-25,29,TacoBell,South,8957.355319705292,9.892682647174594,False,True
2022-07-25,29,TacoBell,Midwest,31777.25378122272,9.892682647174594,True,True
2022-07-25,29,TacoBell,West,12091.517631275265,9.892682647174594,False,True
2022-07-25,29,TacoBell,Southwest,49964.108127124586,9.892682647174594,False,True
2022-07-25,29,Subway,Northeast,58403.10926908537,13.624792437784993,False,True
2022-07-25,29,Subway,South,66623.16185919574,13.624792437784993,False,True
2022-07-25,29,Subway,Midwest,22190.56535530957,13.624792437784993,False,True
2022-07-25,29,Subway,West,105270.80850652128,13.624792437784993,True,True
2022-07-25,29,Subway,Southwest,33601.38310462598,15.958326186231496,False,True
2022-07-25,29,KFC,Northeast,51266.24163819271,14.969229412624541,False,True
2022-07-25,29,KFC,South,117481.084874081,14.969229412624541,False,True
2022-07-25,29,KFC,Midwest,61947.86151246941,14.969229412624541,False,True
2022-07-25,29,KFC,West,110801.41657462751,14.969229412624541,True,True
2022-07-25,29,KFC,Southwest,43599.060336547314,14.969229412624541,False,True
2022-07-25,29,Dominos,Northeast,70815.48155929842,9.768641015198977,False,True
2022-07-25,29,Dominos,South,80143.51629156651,9.768641015198977,False,True
2022-07-25,29,Dominos,Midwest,46213.632898746815,9.768641015198977,False,True
2022-07-25,29,Dominos,West,40669.5330101564,9.768641015198977,False,True
2022-07-25,29,Dominos,Southwest,42437.83163201004,9.768641015198977,False,True
2022-07-25,29,PizzaHut,Northeast,82878.64229317191,11.057440185263237,False,True
2022-07-25,29,PizzaHut,South,43900.85346474691,11.057440185263237,False,True
2022-07-25,29,PizzaHut,Midwest,156184.5140770859,11.057440185263237,False,True
2022-07-25,29,PizzaHut,West,45183.28865178571,11.057440185263237,False,True
2022-07-25,29,PizzaHut,Southwest,29219.922861401978,11.057440185263237,False,True
2022-08-01,30,McDonalds,Northeast,73389.67723485679,10.309824267031935,True,True
2022-08-01,30,McDonalds,South,73222.23851445813,10.309824267031935,False,True
2022-08-01,30,McDonalds,Midwest,60782.80033954103,10.309824267031935,False,True
2022-08-01,30,McDonalds,West,31236.267010271105,10.309824267031935,False,True
2022-08-01,30,McDonalds,Southwest,55476.67719839149,10.309824267031935,False,True
2022-08-01,30,BurgerKing,Northeast,23632.833271224004,14.7353013664426,False,True
2022-08-01,30,BurgerKing,South,118646.1560271825,14.7353013664426,True,True
2022-08-01,30,BurgerKing,Midwest,19876.915839332974,14.7353013664426,False,True
2022-08-01,30,BurgerKing,West,107541.76839994069,14.7353013664426,False,True
2022-08-01,30,BurgerKing,Southwest,73877.80731557451,14.7353013664426,False,True
2022-08-01,30,Wendys,Northeast,55750.52989881299,14.310400957705244,False,True
2022-08-01,30,Wendys,South,10875.671485399476,15.084065203872337,False,True
2022-08-01,30,Wendys,Midwest,81974.87030354093,14.310400957705244,True,True
2022-08-01,30,Wendys,West,30454.88260875578,14.310400957705244,False,True
2022-08-01,30,Wendys,Southwest,38200.508235728405,14.310400957705244,False,True
2022-08-01,30,TacoBell,Northeast,113939.0286558732,9.892682647174594,False,True
2022-08-01,30,TacoBell,South,7242.936471060107,9.892682647174594,False,True
2022-08-01,30,TacoBell,Midwest,43476.038356882804,9.892682647174594,True,True
2022-08-01,30,TacoBell,West,11626.659815497196,9.892682647174594,False,True
2022-08-01,30,TacoBell,Southwest,50128.61803847516,9.892682647174594,False,True
2022-08-01,30,Subway,Northeast,64666.72911168412,13.624792437784993,False,True
2022-08-01,30,Subway,South,66953.99484123441,13.624792437784993,False,True
2022-08-01,30,Subway,Midwest,28069.121022370222,13.624792437784993,False,True
2022-08-01,30,Subway,West,89560.47514174347,13.624792437784993,False,True
2022-08-01,30,Subway,Southwest,47447.35232995363,13.624792437784993,False,True
2022-08-01,30,KFC,Northeast,49456.91625761712,14.969229412624541,False,True
2022-08-01,30,KFC,South,113032.82517613615,14.969229412624541,False,True
2022-08-01,30,KFC,Midwest,66139.10364210859,14.969229412624541,False,True
2022-08-01,30,KFC,West,115082.50880419364,14.969229412624541,False,True
2022-08-01,30,KFC,Southwest,45623.49506358017,14.969229412624541,False,True
2022-08-01,30,Dominos,Northeast,56752.88707047524,9.768641015198977,False,True
2022-08-01,30,Dominos,South,70366.34344762177,9.768641015198977,False,True
2022-08-01,30,Dominos,Midwest,43523.90336254209,9.768641015198977,False,True
2022-08-01,30,Dominos,West,33216.34483832167,9.768641015198977,False,True
2022-08-01,30,Dominos,Southwest,29500.73087804993,9.768641015198977,False,True
2022-08-01,30,PizzaHut,Northeast,93306.79373427501,11.057440185263237,False,True
2022-08-01,30,PizzaHut,South,35072.28162066394,11.057440185263237,False,True
2022-08-01,30,PizzaHut,Midwest,127899.84584083037,11.057440185263237,False,True
2022-08-01,30,PizzaHut,West,44889.60415677364,11.057440185263237,False,True
2022-08-01,30,PizzaHut,Southwest,31372.42305868828,11.057440185263237,False,True
2022-08-08,31,McDonalds,Northeast,61794.8875663446,10.309824267031935,False,True
2022-08-08,31,McDonalds,South,74692.41634244366,10.309824267031935,False,True
2022-08-08,31,McDonalds,Midwest,75784.38742874915,10.309824267031935,False,True
2022-08-08,31,McDonalds,West,31401.137566608795,10.309824267031935,False,True
2022-08-08,31,McDonalds,Southwest,68079.53862806961,10.309824267031935,True,True
2022-08-08,31,BurgerKing,Northeast,25830.82535737842,14.7353013664426,True,True
2022-08-08,31,BurgerKing,South,83675.11358151484,14.7353013664426,False,True
2022-08-08,31,BurgerKing,Midwest,21121.046075139406,14.7353013664426,False,True
2022-08-08,31,BurgerKing,West,87157.98830244166,14.7353013664426,False,True
2022-08-08,31,BurgerKing,Southwest,65566.19115330717,14.7353013664426,False,True
2022-08-08,31,Wendys,Northeast,56954.972618083906,14.310400957705244,False,True
2022-08-08,31,Wendys,South,9086.704828882464,14.310400957705244,False,True
2022-08-08,31,Wendys,Midwest,91828.9443330517,14.310400957705244,False,True
2022-08-08,31,Wendys,West,34608.80645597819,14.310400957705244,True,True
2022-08-08,31,Wendys,Southwest,41119.240397927446,12.71271501897958,False,True
2022-08-08,31,TacoBell,Northeast,111635.34363601523,9.892682647174594,False,True
2022-08-08,31,TacoBell,South,6914.298621879588,9.892682647174594,False,True
2022-08-08,31,TacoBell,Midwest,27873.28167703984,9.892682647174594,False,True
2022-08-08,31,TacoBell,West,12503.563453238978,9.892682647174594,False,True
2022-08-08,31,TacoBell,Southwest,55799.87725922057,9.892682647174594,False,True
2022-08-08,31,Subway,Northeast,54493.93852000951,13.624792437784993,False,True
2022-08-08,31,Subway,South,66342.45814118878,13.624792437784993,False,True
2022-08-08,31,Subway,Midwest,29521.044046462168,13.624792437784993,False,True
2022-08-08,31,Subway,West,114876.5486097797,13.624792437784993,False,True
2022-08-08,31,Subway,Southwest,59601.7466964212,13.624792437784993,False,True
2022-08-08,31,KFC,Northeast,39973.38338792081,15.269719539481322,False,True
2022-08-08,31,KFC,South,108791.7376923894,14.969229412624541,False,True
2022-08-08,31,KFC,Midwest,76623.12499010754,14.969229412624541,False,True
2022-08-08,31,KFC,West,94431.33698908052,14.969229412624541,False,True
2022-08-08,31,KFC,Southwest,41610.409675912226,14.969229412624541,False,True
2022-08-08,31,Dominos,Northeast,78983.17129314161,9.768641015198977,True,True
2022-08-08,31,Dominos,South,61737.887396544866,9.768641015198977,False,True
2022-08-08,31,Dominos,Midwest,32035.55837700473,9.768641015198977,False,True
2022-08-08,31,Dominos,West,29935.94640256618,9.768641015198977,False,True
2022-08-08,31,Dominos,Southwest,31743.590904944525,9.768641015198977,False,True
2022-08-08,31,PizzaHut,Northeast,64568.080501680844,11.057440185263237,False,True
2022-08-08,31,PizzaHut,South,40112.816932600384,11.057440185263237,False,True
2022-08-08,31,PizzaHut,Midwest,141470.80804639435,11.057440185263237,False,True
2022-08-08,31,PizzaHut,West,39124.292921510954,11.057440185263237,False,True
2022-08-08,31,PizzaHut,Southwest,18861.99672444425,11.057440185263237,False,True
2022-08-15,32,McDonalds,Northeast,64338.994477866865,10.309824267031935,False,True
2022-08-15,32,McDonalds,South,83022.61712050955,10.309824267031935,False,True
2022-08-15,32,McDonalds,Midwest,63269.831445702126,10.309824267031935,False,True
2022-08-15,32,McDonalds,West,37318.31499980842,10.309824267031935,False,True
2022-08-15,32,McDonalds,Southwest,64154.19284176759,10.309824267031935,True,True
2022-08-15,32,BurgerKing,Northeast,21153.27529225029,14.7353013664426,False,True
2022-08-15,32,BurgerKing,South,86980.50805597982,14.7353013664426,False,True
2022-08-15,32,BurgerKing,Midwest,18936.306923263797,14.7353013664426,False,True
2022-08-15,32,BurgerKing,West,93285.88412213782,14.7353013664426,False,True
2022-08-15,32,BurgerKing,Southwest,86802.38980707704,14.7353013664426,False,True
2022-08-15,32,Wendys,Northeast,59094.845895541344,14.310400957705244,False,True
2022-08-15,32,Wendys,South,10135.694450295503,14.310400957705244,False,True
2022-08-15,32,Wendys,Midwest,96425.10945193953,14.310400957705244,True,True
2022-08-15,32,Wendys,West,31472.754368360558,14.310400957705244,False,True
2022-08-15,32,Wendys,Southwest,40386.51090349609,14.310400957705244,False,True
2022-08-15,32,TacoBell,Northeast,95949.03681390607,9.892682647174594,False,True
2022-08-15,32,TacoBell,South,7569.257232350476,9.892682647174594,False,True
2022-08-15,32,TacoBell,Midwest,32812.90561810101,9.892682647174594,False,True
2022-08-15,32,TacoBell,West,14807.571410568531,9.892682647174594,False,True
2022-08-15,32,TacoBell,Southwest,55793.010975718906,9.892682647174594,False,True
2022-08-15,32,Subway,Northeast,52884.62054826184,13.624792437784993,False,True
2022-08-15,32,Subway,South,105693.01276789662,13.168901631099185,True,True
2022-08-15,32,Subway,Midwest,34171.65492246191,13.624792437784993,False,True
2022-08-15,32,Subway,West,101880.51330928793,13.624792437784993,False,True
2022-08-15,32,Subway,Southwest,55030.33821035963,13.624792437784993,False,True
2022-08-15,32,KFC,Northeast,56003.340529680354,14.969229412624541,False,True
2022-08-15,32,KFC,South,111753.0754602177,14.969229412624541,False,True
2022-08-15,32,KFC,Midwest,76740.66664167697,14.969229412624541,False,True
2022-08-15,32,KFC,West,107600.1513184532,14.969229412624541,False,True
2022-08-15,32,KFC,Southwest,34421.3288032513,14.969229412624541,False,True
2022-08-15,32,Dominos,Northeast,50157.20902281916,9.768641015198977,False,True
2022-08-15,32,Dominos,South,62647.807715146075,9.768641015198977,False,True
2022-08-15,32,Dominos,Midwest,38369.89272122805,9.768641015198977,True,True
2022-08-15,32,Dominos,West,34108.48207456124,9.768641015198977,True,True
2022-08-15,32,Dominos,Southwest,26240.28020909267,9.768641015198977,False,True
2022-08-15,32,PizzaHut,Northeast,83204.53859763373,11.057440185263237,True,True
2022-08-15,32,PizzaHut,South,36933.651419492,11.057440185263237,False,True
2022-08-15,32,PizzaHut,Midwest,119168.45156040373,11.057440185263237,False,True
2022-08-15,32,PizzaHut,West,37357.86484001112,11.057440185263237,False,True
2022-08-15,32,PizzaHut,Southwest,20514.928977838954,11.057440185263237,False,True
2022-08-22,33,McDonalds,Northeast,67039.63721225515,10.309824267031935,False,True
2022-08-22,33,McDonalds,South,71734.8554299991,10.46605819012506,False,True
2022-08-22,33,McDonalds,Midwest,91286.35538663801,10.309824267031935,True,True
2022-08-22,33,McDonalds,West,36110.1632132817,10.309824267031935,False,True
2022-08-22,33,McDonalds,Southwest,53595.71067118142,10.309824267031935,False,True
2022-08-22,33,BurgerKing,Northeast,21545.734091935352,14.7353013664426,False,True
2022-08-22,33,BurgerKing,South,76151.64179561466,14.7353013664426,False,True
2022-08-22,33,BurgerKing,Midwest,28882.4568064016,14.7353013664426,True,True
2022-08-22,33,BurgerKing,West,80141.95208805836,14.7353013664426,False,True
2022-08-22,33,BurgerKing,Southwest,79875.69016019213,14.7353013664426,False,True
2022-08-22,33,Wendys,Northeast,59890.43243717506,14.310400957705244,False,True
2022-08-22,33,Wendys,South,8164.746787698735,14.310400957705244,False,True
2022-08-22,33,Wendys,Midwest,62917.0064004247,17.081291142422398,True,True
2022-08-22,33,Wendys,West,26892.04017745073,14.310400957705244,False,True
2022-08-22,33,Wendys,Southwest,37501.812162712,14.310400957705244,True,True
2022-08-22,33,TacoBell,Northeast,130701.17492240334,9.892682647174594,False,True
2022-08-22,33,TacoBell,South,8920.941712016664,9.892682647174594,False,True
2022-08-22,33,TacoBell,Midwest,33123.06851774171,9.892682647174594,False,True
2022-08-22,33,TacoBell,West,14598.504483741826,9.892682647174594,False,True
2022-08-22,33,TacoBell,Southwest,56354.71260264662,9.892682647174594,False,True
2022-08-22,33,Subway,Northeast,56756.313874900705,13.624792437784993,False,True
2022-08-22,33,Subway,South,78387.47675916685,13.624792437784993,False,True
2022-08-22,33,Subway,Midwest,36943.55327181818,12.85252105718208,False,True
2022-08-22,33,Subway,West,102942.39642896164,13.624792437784993,False,True
2022-08-22,33,Subway,Southwest,58605.98364875285,13.624792437784993,False,True
2022-08-22,33,KFC,Northeast,46005.84145520906,14.969229412624541,False,True
2022-08-22,33,KFC,South,138085.35793516538,14.969229412624541,False,True
2022-08-22,33,KFC,Midwest,84948.27764662389,14.969229412624541,False,True
2022-08-22,33,KFC,West,103782.28204587387,14.969229412624541,False,True
2022-08-22,33,KFC,Southwest,44246.03842586009,14.969229412624541,False,True
2022-08-22,33,Dominos,Northeast,52911.413316831145,9.768641015198977,False,True
2022-08-22,33,Dominos,South,55040.394818334295,9.964046841115456,False,True
2022-08-22,33,Dominos,Midwest,32539.9383531318,9.768641015198977,False,True
2022-08-22,33,Dominos,West,27734.31539526263,9.768641015198977,False,True
2022-08-22,33,Dominos,Southwest,29988.479435214755,9.768641015198977,False,True
2022-08-22,33,PizzaHut,Northeast,63755.68922599801,11.057440185263237,False,True
2022-08-22,33,PizzaHut,South,41613.00917501969,11.057440185263237,False,True
2022-08-22,33,PizzaHut,Midwest,155823.71880106095,11.057440185263237,False,True
2022-08-22,33,PizzaHut,West,35895.22405159949,11.057440185263237,False,True
2022-08-22,33,PizzaHut,Southwest,29604.472560954284,11.057440185263237,True,True
2022-08-29,34,McDonalds,Northeast,73775.12418949683,10.309824267031935,False,True
2022-08-29,34,McDonalds,South,64394.762486263615,10.309824267031935,False,True
2022-08-29,34,McDonalds,Midwest,69296.88080299692,10.309824267031935,True,True
2022-08-29,34,McDonalds,West,45505.3639047652,10.437622717095975,False,True
2022-08-29,34,McDonalds,Southwest,56873.2185514046,10.309824267031935,False,True
2022-08-29,34,BurgerKing,Northeast,23611.32832483394,14.7353013664426,False,True
2022-08-29,34,BurgerKing,South,68509.46468976542,14.7353013664426,False,True
2022-08-29,34,BurgerKing,Midwest,20799.22429179441,13.594391301883013,False,True
2022-08-29,34,BurgerKing,West,102142.02174826848,14.7353013664426,False,True
2022-08-29,34,BurgerKing,Southwest,75646.90416719105,14.7353013664426,False,True
2022-08-29,34,Wendys,Northeast,56763.18145938559,14.064533295130687,False,True
2022-08-29,34,Wendys,South,9089.91868807753,14.310400957705244,False,True
2022-08-29,34,Wendys,Midwest,96876.97031731754,14.310400957705244,False,True
2022-08-29,34,Wendys,West,29968.616647797913,14.310400957705244,False,True
2022-08-29,34,Wendys,Southwest,26317.909554405403,14.310400957705244,False,True
2022-08-29,34,TacoBell,Northeast,105115.25863194057,9.892682647174594,False,True
2022-08-29,34,TacoBell,South,11049.635209106766,9.892682647174594,False,True
2022-08-29,34,TacoBell,Midwest,30203.661459461393,9.892682647174594,False,True
2022-08-29,34,TacoBell,West,14713.613156373394,9.82818345999233,False,True
2022-08-29,34,TacoBell,Southwest,50165.83431127845,9.892682647174594,False,True
2022-08-29,34,Subway,Northeast,56881.44343412251,13.624792437784993,False,True
2022-08-29,34,Subway,South,78013.05422479578,13.624792437784993,False,True
2022-08-29,34,Subway,Midwest,25895.83987772959,13.624792437784993,False,True
2022-08-29,34,Subway,West,129323.9327205777,13.624792437784993,True,True
2022-08-29,34,Subway,Southwest,63103.426405268,13.624792437784993,False,True
2022-08-29,34,KFC,Northeast,50251.704643535406,14.969229412624541,False,True
2022-08-29,34,KFC,South,107318.02437618801,14.969229412624541,False,True
2022-08-29,34,KFC,Midwest,79248.07543117074,14.969229412624541,False,True
2022-08-29,34,KFC,West,117961.32333493329,12.08393674796851,False,True
2022-08-29,34,KFC,Southwest,45732.656539952986,14.969229412624541,False,True
2022-08-29,34,Dominos,Northeast,58024.98617626326,9.768641015198977,False,True
2022-08-29,34,Dominos,South,66369.44263248639,9.768641015198977,False,True
2022-08-29,34,Dominos,Midwest,32053.175782745817,9.768641015198977,False,True
2022-08-29,34,Dominos,West,23220.10219244884,10.982333398795715,True,True
2022-08-29,34,Dominos,Southwest,30041.880903756326,9.768641015198977,False,True
2022-08-29,34,PizzaHut,Northeast,73239.30376773357,11.057440185263237,False,True
2022-08-29,34,PizzaHut,South,44571.861532594994,11.057440185263237,False,True
2022-08-29,34,PizzaHut,Midwest,142008.13009965286,11.057440185263237,False,True
2022-08-29,34,PizzaHut,West,34290.23195703428,11.057440185263237,False,True
2022-08-29,34,PizzaHut,Southwest,27192.29359615692,11.057440185263237,True,True
2022-09-05,35,McDonalds,Northeast,77224.30016508159,10.309824267031935,False,False
2022-09-05,35,McDonalds,South,86060.05616848331,10.309824267031935,False,False
2022-09-05,35,McDonalds,Midwest,69732.50463515558,10.12697278212346,False,False
2022-09-05,35,McDonalds,West,34674.036883123335,10.309824267031935,False,False
2022-09-05,35,McDonalds,Southwest,57469.688371485536,10.309824267031935,False,False
2022-09-05,35,BurgerKing,Northeast,16042.24234411156,14.7353013664426,False,False
2022-09-05,35,BurgerKing,South,76199.24865929697,14.7353013664426,False,False
2022-09-05,35,BurgerKing,Midwest,16003.607059687858,14.7353013664426,False,False
2022-09-05,35,BurgerKing,West,73477.53901211871,14.7353013664426,False,False
2022-09-05,35,BurgerKing,Southwest,69888.70611071172,14.7353013664426,True,False
2022-09-05,35,Wendys,Northeast,61765.64111456852,14.310400957705244,False,False
2022-09-05,35,Wendys,South,7720.062544871767,14.310400957705244,False,False
2022-09-05,35,Wendys,Midwest,83153.58418559121,14.310400957705244,False,False
2022-09-05,35,Wendys,West,23379.88158666425,14.310400957705244,False,False
2022-09-05,35,Wendys,Southwest,29156.556750171345,14.310400957705244,False,False
2022-09-05,35,TacoBell,Northeast,108960.42220487613,9.892682647174594,False,False
2022-09-05,35,TacoBell,South,9828.569134849717,9.892682647174594,False,False
2022-09-05,35,TacoBell,Midwest,35312.88232336304,9.892682647174594,False,False
2022-09-05,35,TacoBell,West,11642.586311737583,9.892682647174594,False,False
2022-09-05,35,TacoBell,Southwest,48403.377787580896,9.892682647174594,False,False
2022-09-05,35,Subway,Northeast,52322.197710265085,13.624792437784993,False,False
2022-09-05,35,Subway,South,74988.36225376894,13.624792437784993,False,False
2022-09-05,35,Subway,Midwest,36526.9847349126,13.624792437784993,False,False
2022-09-05,35,Subway,West,115555.25672698604,13.624792437784993,False,False
2022-09-05,35,Subway,Southwest,64435.11538734279,13.01309400727589,False,False
2022-09-05,35,KFC,Northeast,59177.0160176718,14.969229412624541,False,False
2022-09-05,35,KFC,South,125507.78719264417,14.969229412624541,False,False
2022-09-05,35,KFC,Midwest,72512.68452115856,14.969229412624541,False,False
2022-09-05,35,KFC,West,116466.972059605,14.969229412624541,True,False
2022-09-05,35,KFC,Southwest,44598.09846183736,14.969229412624541,False,False
2022-09-05,35,Dominos,Northeast,58315.7451309757,9.768641015198977,False,False
2022-09-05,35,Dominos,South,45938.8272159585,9.768641015198977,False,False
2022-09-05,35,Dominos,Midwest,31583.22170096437,9.768641015198977,False,False
2022-09-05,35,Dominos,West,26227.06081051586,10.366092625110376,False,False
2022-09-05,35,Dominos,Southwest,20488.086613582233,9.768641015198977,False,False
2022-09-05,35,PizzaHut,Northeast,56677.12469567008,11.057440185263237,False,False
2022-09-05,35,PizzaHut,South,41199.505198372135,11.057440185263237,False,False
2022-09-05,35,PizzaHut,Midwest,118941.18672093652,11.057440185263237,False,False
2022-09-05,35,PizzaHut,West,34930.35696965913,11.057440185263237,False,False
2022-09-05,35,PizzaHut,Southwest,19015.108724895115,11.057440185263237,False,False
2022-09-12,36,McDonalds,Northeast,55275.2210962322,13.197990589986585,True,False
2022-09-12,36,McDonalds,South,88274.42134162584,10.309824267031935,False,False
2022-09-12,36,McDonalds,Midwest,67410.90222030788,10.309824267031935,False,False
2022-09-12,36,McDonalds,West,38622.02334896969,10.309824267031935,False,False
2022-09-12,36,McDonalds,Southwest,57307.82039015686,10.309824267031935,True,False
2022-09-12,36,BurgerKing,Northeast,16835.666663561544,14.7353013664426,False,False
2022-09-12,36,BurgerKing,South,74073.6629443438,14.7353013664426,False,False
2022-09-12,36,BurgerKing,Midwest,19696.172144822744,14.7353013664426,False,False
2022-09-12,36,BurgerKing,West,73664.57440509844,14.7353013664426,False,False
2022-09-12,36,BurgerKing,Southwest,56635.771924843815,14.7353013664426,False,False
2022-09-12,36,Wendys,Northeast,56432.15577396433,14.310400957705244,False,False
2022-09-12,36,Wendys,South,7792.710422241307,14.310400957705244,False,False
2022-09-12,36,Wendys,Midwest,84040.95396177206,14.310400957705244,False,False
2022-09-12,36,Wendys,West,26733.967541423197,14.310400957705244,False,False
2022-09-12,36,Wendys,Southwest,34473.78282098289,14.310400957705244,False,False
2022-09-12,36,TacoBell,Northeast,94666.99284474015,9.892682647174594,False,False
2022-09-12,36,TacoBell,South,12261.329632554902,9.892682647174594,False,False
2022-09-12,36,TacoBell,Midwest,39735.29301737711,9.610205379002313,False,False
2022-09-12,36,TacoBell,West,13233.849130167022,9.892682647174594,False,False
2022-09-12,36,TacoBell,Southwest,52423.72886146589,9.892682647174594,False,False
2022-09-12,36,Subway,Northeast,51506.1298709492,13.624792437784993,False,False
2022-09-12,36,Subway,South,74664.16359067686,13.624792437784993,False,False
2022-09-12,36,Subway,Midwest,34415.893145846625,13.624792437784993,False,False
2022-09-12,36,Subway,West,96675.76283670856,13.624792437784993,False,False
2022-09-12,36,Subway,Southwest,59718.90912112786,13.624792437784993,False,False
2022-09-12,36,KFC,Northeast,47134.59385272075,14.969229412624541,False,False
2022-09-12,36,KFC,South,97828.63321905708,14.969229412624541,False,False
2022-09-12,36,KFC,Midwest,65439.19698644781,14.969229412624541,False,False
2022-09-12,36,KFC,West,125766.98075738987,14.969229412624541,True,False
2022-09-12,36,KFC,Southwest,38043.111273796145,14.969229412624541,False,False
2022-09-12,36,Dominos,Northeast,54208.95550950763,9.768641015198977,False,False
2022-09-12,36,Dominos,South,48031.51071713883,9.768641015198977,False,False
2022-09-12,36,Dominos,Midwest,35833.66838193641,9.768641015198977,False,False
2022-09-12,36,Dominos,West,18816.71307229711,9.768641015198977,False,False
2022-09-12,36,Dominos,Southwest,25918.446082791812,9.768641015198977,False,False
2022-09-12,36,PizzaHut,Northeast,54012.63531393093,11.057440185263237,False,False
2022-09-12,36,PizzaHut,South,33755.20007305189,11.057440185263237,False,False
2022-09-12,36,PizzaHut,Midwest,135052.93545448358,11.057440185263237,False,False
2022-09-12,36,PizzaHut,West,27624.409690974586,11.057440185263237,False,False
2022-09-12,36,PizzaHut,Southwest,16434.47914962716,11.057440185263237,False,False
2022-09-19,37,McDonalds,Northeast,56916.120914427025,10.309824267031935,False,False
2022-09-19,37,McDonalds,South,74349.26957820945,10.309824267031935,False,False
2022-09-19,37,McDonalds,Midwest,70613.41830505412,10.309824267031935,True,False
2022-09-19,37,McDonalds,West,44969.314921315105,10.309824267031935,False,False
2022-09-19,37,McDonalds,Southwest,63487.11385085874,10.309824267031935,False,False
2022-09-19,37,BurgerKing,Northeast,13376.19778280737,14.7353013664426,False,False
2022-09-19,37,BurgerKing,South,73975.4539811977,14.7353013664426,False,False
2022-09-19,37,BurgerKing,Midwest,18106.815126246205,14.7353013664426,False,False
2022-09-19,37,BurgerKing,West,69520.02149982384,14.7353013664426,False,False
2022-09-19,37,BurgerKing,Southwest,54380.5872358378,14.7353013664426,False,False
2022-09-19,37,Wendys,Northeast,44799.938292436826,14.310400957705244,False,False
2022-09-19,37,Wendys,South,8607.581350987826,14.310400957705244,False,False
2022-09-19,37,Wendys,Midwest,79393.04348524145,14.310400957705244,False,False
2022-09-19,37,Wendys,West,28573.074908767972,14.310400957705244,False,False
2022-09-19,37,Wendys,Southwest,29357.473874630712,14.310400957705244,False,False
2022-09-19,37,TacoBell,Northeast,112149.38189370689,9.892682647174594,False,False
2022-09-19,37,TacoBell,South,9586.472052615301,9.892682647174594,False,False
2022-09-19,37,TacoBell,Midwest,27213.843367225272,9.892682647174594,False,False
2022-09-19,37,TacoBell,West,15682.064993241185,9.892682647174594,False,False
2022-09-19,37,TacoBell,Southwest,52088.26700608832,9.892682647174594,False,False
2022-09-19,37,Subway,Northeast,138509.61491544844,9.220489131830936,False,False
2022-09-19,37,Subway,South,70710.09453979341,13.624792437784993,False,False
2022-09-19,37,Subway,Midwest,32962.7820930937,13.624792437784993,False,False
2022-09-19,37,Subway,West,104891.61881823503,13.624792437784993,False,False
2022-09-19,37,Subway,Southwest,49230.870580599265,13.624792437784993,False,False
2022-09-19,37,KFC,Northeast,47319.545212167664,14.969229412624541,False,False
2022-09-19,37,KFC,South,106839.63390870245,14.969229412624541,False,False
2022-09-19,37,KFC,Midwest,72667.91875881252,14.969229412624541,False,False
2022-09-19,37,KFC,West,94702.57546480457,14.969229412624541,False,False
2022-09-19,37,KFC,Southwest,37704.654052725935,14.969229412624541,False,False
2022-09-19,37,Dominos,Northeast,56994.23976462577,9.768641015198977,False,False
2022-09-19,37,Dominos,South,52321.19597131144,9.768641015198977,False,False
2022-09-19,37,Dominos,Midwest,35511.6726147987,9.768641015198977,False,False
2022-09-19,37,Dominos,West,26493.937852853705,9.768641015198977,False,False
2022-09-19,37,Dominos,Southwest,16409.010224078273,9.768641015198977,False,False
2022-09-19,37,PizzaHut,Northeast,58539.76353440537,10.717467134140774,False,False
2022-09-19,37,PizzaHut,South,34645.155533848076,11.057440185263237,False,False
2022-09-19,37,PizzaHut,Midwest,169282.32119519846,11.057440185263237,True,False
2022-09-19,37,PizzaHut,West,28822.032102567824,11.057440185263237,False,False
2022-09-19,37,PizzaHut,Southwest,16693.186932178476,11.057440185263237,False,False
2022-09-26,38,McDonalds,Northeast,66350.19647445777,10.309824267031935,False,False
2022-09-26,38,McDonalds,South,80879.28183895428,10.043042705735326,False,False
2022-09-26,38,McDonalds,Midwest,66204.38428194833,10.309824267031935,False,False
2022-09-26,38,McDonalds,West,42425.824108515255,10.309824267031935,False,False
2022-09-26,38,McDonalds,Southwest,59357.90673873427,10.309824267031935,False,False
2022-09-26,38,BurgerKing,Northeast,14340.334224108898,14.7353013664426,False,False
2022-09-26,38,BurgerKing,South,68405.5792573779,14.7353013664426,False,False
2022-09-26,38,BurgerKing,Midwest,15269.039755242453,16.87827112946591,False,False
2022-09-26,38,BurgerKing,West,68096.05690694581,14.7353013664426,False,False
2022-09-26,38,BurgerKing,Southwest,67574.63462763159,14.7353013664426,False,False
2022-09-26,38,Wendys,Northeast,60883.985417405725,14.310400957705244,False,False
2022-09-26,38,Wendys,South,9258.573623083465,14.310400957705244,False,False
2022-09-26,38,Wendys,Midwest,83834.28983575152,14.310400957705244,False,False
2022-09-26,38,Wendys,West,30249.805810073252,14.310400957705244,False,False
2022-09-26,38,Wendys,Southwest,25754.251176147405,14.310400957705244,False,False
2022-09-26,38,TacoBell,Northeast,112167.03075703369,9.892682647174594,False,False
2022-09-26,38,TacoBell,South,13756.10321390548,9.892682647174594,False,False
2022-09-26,38,TacoBell,Midwest,30911.139049826812,9.892682647174594,False,False
2022-09-26,38,TacoBell,West,16411.797430167084,9.892682647174594,False,False
2022-09-26,38,TacoBell,Southwest,65437.56647716677,9.892682647174594,False,False
2022-09-26,38,Subway,Northeast,64437.08794026876,13.624792437784993,False,False
2022-09-26,38,Subway,South,75519.99227144323,13.624792437784993,False,False
2022-09-26,38,Subway,Midwest,38016.76635215318,13.624792437784993,False,False
2022-09-26,38,Subway,West,118385.31547791506,13.624792437784993,True,False
2022-09-26,38,Subway,Southwest,67226.29049917661,13.624792437784993,False,False
2022-09-26,38,KFC,Northeast,48455.000197602254,14.969229412624541,False,False
2022-09-26,38,KFC,South,98722.65558689604,14.969229412624541,False,False
2022-09-26,38,KFC,Midwest,73922.09766272658,14.969229412624541,False,False
2022-09-26,38,KFC,West,87093.0698603569,14.969229412624541,False,False
2022-09-26,38,KFC,Southwest,42022.66180334941,14.969229412624541,False,False
2022-09-26,38,Dominos,Northeast,41454.56698510666,9.768641015198977,False,False
2022-09-26,38,Dominos,South,49715.29497021596,9.768641015198977,False,False
2022-09-26,38,Dominos,Midwest,32317.439728026595,9.768641015198977,False,False
2022-09-26,38,Dominos,West,23736.439988902217,9.768641015198977,False,False
2022-09-26,38,Dominos,Southwest,24704.195730629428,9.768641015198977,True,False
2022-09-26,38,PizzaHut,Northeast,64057.718140138546,11.057440185263237,False,False
2022-09-26,38,PizzaHut,South,31356.62277153245,11.057440185263237,False,False
2022-09-26,38,PizzaHut,Midwest,136013.6630907857,11.057440185263237,False,False
2022-09-26,38,PizzaHut,West,28853.12618795265,11.057440185263237,False,False
2022-09-26,38,PizzaHut,Southwest,15607.68367722364,11.057440185263237,False,False
2022-10-03,39,McDonalds,Northeast,69591.3246252294,10.309824267031935,False,False
2022-10-03,39,McDonalds,South,84774.61081983657,10.279097091693805,False,False
2022-10-03,39,McDonalds,Midwest,60901.597719907346,10.309824267031935,False,False
2022-10-03,39,McDonalds,West,35474.97199019477,10.309824267031935,False,False
2022-10-03,39,McDonalds,Southwest,57289.243607418524,9.354605383246437,False,False
2022-10-03,39,BurgerKing,Northeast,17948.262714668,14.7353013664426,False,False
2022-10-03,39,BurgerKing,South,68035.91104577489,14.7353013664426,False,False
2022-10-03,39,BurgerKing,Midwest,18392.664786793433,14.7353013664426,False,False
2022-10-03,39,BurgerKing,West,59551.16822223019,14.7353013664426,False,False
2022-10-03,39,BurgerKing,Southwest,64371.85814695083,14.7353013664426,True,False
2022-10-03,39,Wendys,Northeast,55295.7611916554,14.310400957705244,False,False
2022-10-03,39,Wendys,South,11682.431654251775,14.310400957705244,False,False
2022-10-03,39,Wendys,Midwest,70589.23181242004,14.310400957705244,False,False
2022-10-03,39,Wendys,West,26389.058689495916,14.310400957705244,False,False
2022-10-03,39,Wendys,Southwest,31135.042203725377,14.310400957705244,False,False
2022-10-03,39,TacoBell,Northeast,128822.08550158367,9.892682647174594,False,False
2022-10-03,39,TacoBell,South,14485.015645318541,9.892682647174594,True,False
2022-10-03,39,TacoBell,Midwest,33725.09138275671,9.892682647174594,True,False
2022-10-03,39,TacoBell,West,17312.43113722868,9.892682647174594,False,False
2022-10-03,39,TacoBell,Southwest,67967.8624061124,9.892682647174594,False,False
2022-10-03,39,Subway,Northeast,69412.72527864788,13.624792437784993,False,False
2022-10-03,39,Subway,South,73517.15389854177,13.624792437784993,False,False
2022-10-03,39,Subway,Midwest,41196.405742723175,13.624792437784993,False,False
2022-10-03,39,Subway,West,156493.52063975498,13.624792437784993,True,False
2022-10-03,39,Subway,Southwest,57420.81856121218,13.624792437784993,False,False
2022-10-03,39,KFC,Northeast,44910.198032575834,14.969229412624541,False,False
2022-10-03,39,KFC,South,107481.49294657887,14.969229412624541,False,False
2022-10-03,39,KFC,Midwest,59705.01985122974,15.920143029701581,False,False
2022-10-03,39,KFC,West,88194.44964062257,14.969229412624541,False,False
2022-10-03,39,KFC,Southwest,44308.19663505982,14.969229412624541,False,False
2022-10-03,39,Dominos,Northeast,39453.86636941197,9.768641015198977,False,False
2022-10-03,39,Dominos,South,43914.80601025026,9.768641015198977,False,False
2022-10-03,39,Dominos,Midwest,31373.43198284927,9.768641015198977,False,False
2022-10-03,39,Dominos,West,22712.249647572276,9.572080838176023,False,False
2022-10-03,39,Dominos,Southwest,17277.97371973083,9.768641015198977,False,False
2022-10-03,39,PizzaHut,Northeast,63434.183165127026,11.057440185263237,False,False
2022-10-03,39,PizzaHut,South,37056.66192228752,11.057440185263237,False,False
2022-10-03,39,PizzaHut,Midwest,128107.71188820539,11.057440185263237,False,False
2022-10-03,39,PizzaHut,West,33438.96473721741,11.057440185263237,True,False
2022-10-03,39,PizzaHut,Southwest,12362.172806968449,11.057440185263237,False,False
2022-10-10,40,McDonalds,Northeast,66241.69731347411,10.309824267031935,False,False
2022-10-10,40,McDonalds,South,91529.91272441107,10.309824267031935,False,False
2022-10-10,40,McDonalds,Midwest,70665.37508762641,10.309824267031935,False,False
2022-10-10,40,McDonalds,West,38080.36736102603,10.309824267031935,False,False
2022-10-10,40,McDonalds,Southwest,50810.71435432006,10.309824267031935,False,False
2022-10-10,40,BurgerKing,Northeast,15473.493402005737,14.7353013664426,False,False
2022-10-10,40,BurgerKing,South,69360.01548597937,14.7353013664426,False,False
2022-10-10,40,BurgerKing,Midwest,15332.00742580738,14.7353013664426,False,False
2022-10-10,40,BurgerKing,West,64809.24344200696,14.7353013664426,False,False
2022-10-10,40,BurgerKing,Southwest,64894.86042980832,14.7353013664426,False,False
2022-10-10,40,Wendys,Northeast,63004.219986038384,14.310400957705244,False,False
2022-10-10,40,Wendys,South,10198.40933285427,14.310400957705244,False,False
2022-10-10,40,Wendys,Midwest,64146.26476778057,14.310400957705244,False,False
2022-10-10,40,Wendys,West,25951.323281001205,14.310400957705244,False,False
2022-10-10,40,Wendys,Southwest,27121.34610421008,15.727941805316078,False,False
2022-10-10,40,TacoBell,Northeast,114992.28164189296,9.892682647174594,False,False
2022-10-10,40,TacoBell,South,17616.705733058545,9.26549303393661,False,False
2022-10-10,40,TacoBell,Midwest,33918.31392597766,9.892682647174594,False,False
2022-10-10,40,TacoBell,West,14201.048467760527,9.892682647174594,False,False
2022-10-10,40,TacoBell,Southwest,75868.1827532781,9.892682647174594,False,False
2022-10-10,40,Subway,Northeast,71229.02389788724,13.624792437784993,True,False
2022-10-10,40,Subway,South,77547.23925374616,13.624792437784993,False,False
2022-10-10,40,Subway,Midwest,40729.02492362937,13.624792437784993,False,False
2022-10-10,40,Subway,West,112644.55711375183,13.624792437784993,False,False
2022-10-10,40,Subway,Southwest,68210.61084098625,13.624792437784993,False,False
2022-10-10,40,KFC,Northeast,46738.756409447225,14.969229412624541,False,False
2022-10-10,40,KFC,South,108390.24923308194,14.969229412624541,False,False
2022-10-10,40,KFC,Midwest,82040.84873514315,14.969229412624541,False,False
2022-10-10,40,KFC,West,124528.4120937891,13.07884738698196,True,False
2022-10-10,40,KFC,Southwest,39766.60020497269,14.969229412624541,False,False
2022-10-10,40,Dominos,Northeast,34877.9736726965,9.768641015198977,False,False
2022-10-10,40,Dominos,South,39378.877240117974,9.768641015198977,False,False
2022-10-10,40,Dominos,Midwest,27869.036246142914,10.137143056374672,True,False
2022-10-10,40,Dominos,West,20384.53846902853,9.768641015198977,True,False
2022-10-10,40,Dominos,Southwest,20050.135988825885,9.768641015198977,False,False
2022-10-10,40,PizzaHut,Northeast,71183.85156135661,11.057440185263237,False,False
2022-10-10,40,PizzaHut,South,34584.18553220942,11.057440185263237,False,False
2022-10-10,40,PizzaHut,Midwest,93351.21728516926,11.057440185263237,False,False
2022-10-10,40,PizzaHut,West,39710.28003128582,11.057440185263237,False,False
2022-10-10,40,PizzaHut,Southwest,10288.66009038539,11.057440185263237,False,False
2022-10-17,41,McDonalds,Northeast,72554.45465363975,10.309824267031935,False,False
2022-10-17,41,McDonalds,South,81715.55317013845,10.309824267031935,False,False
2022-10-17,41,McDonalds,Midwest,57929.920132964115,10.309824267031935,False,False
2022-10-17,41,McDonalds,West,38763.09675090233,10.309824267031935,False,False
2022-10-17,41,McDonalds,Southwest,48503.99542228769,10.309824267031935,False,False
2022-10-17,41,BurgerKing,Northeast,13679.118103400106,14.7353013664426,False,False
2022-10-17,41,BurgerKing,South,62124.53843779111,16.158916149386762,False,False
2022-10-17,41,BurgerKing,Midwest,15879.277535148121,14.7353013664426,False,False
2022-10-17,41,BurgerKing,West,71811.09132758358,14.7353013664426,False,False
2022-10-17,41,BurgerKing,Southwest,61055.23443527243,14.7353013664426,False,False
2022-10-17,41,Wendys,Northeast,51589.552181941806,14.310400957705244,False,False
2022-10-17,41,Wendys,South,9445.143815342344,14.310400957705244,False,False
2022-10-17,41,Wendys,Midwest,78678.80004173673,14.310400957705244,False,False
2022-10-17,41,Wendys,West,35077.272713301645,14.310400957705244,False,False
2022-10-17,41,Wendys,Southwest,31644.275497704766,14.310400957705244,False,False
2022-10-17,41,TacoBell,Northeast,159789.9539456122,9.892682647174594,True,False
2022-10-17,41,TacoBell,South,17640.917101716655,9.892682647174594,False,False
2022-10-17,41,TacoBell,Midwest,34281.810328471285,9.892682647174594,False,False
2022-10-17,41,TacoBell,West,14113.110439461663,9.892682647174594,False,False
2022-10-17,41,TacoBell,Southwest,53742.51524135529,9.892682647174594,False,False
2022-10-17,41,Subway,Northeast,63304.05808323804,13.624792437784993,False,False
2022-10-17,41,Subway,South,77460.6976702516,13.624792437784993,False,False
2022-10-17,41,Subway,Midwest,42477.32519776429,13.624792437784993,False,False
2022-10-17,41,Subway,West,85693.5764972057,13.624792437784993,False,False
2022-10-17,41,Subway,Southwest,70801.96967641401,13.624792437784993,False,False
2022-10-17,41,KFC,Northeast,41321.74860131695,14.969229412624541,False,False
2022-10-17,41,KFC,South,125669.88901625293,14.969229412624541,False,False
2022-10-17,41,KFC,Midwest,70342.91650570944,15.422640279924767,False,False
2022-10-17,41,KFC,West,81930.53784699496,14.969229412624541,False,False
2022-10-17,41,KFC,Southwest,39001.3996936587,14.969229412624541,False,False
2022-10-17,41,Dominos,Northeast,35705.26387463674,9.768641015198977,False,False
2022-10-17,41,Dominos,South,39984.12061344392,10.748793136495543,False,False
2022-10-17,41,Dominos,Midwest,26812.48081440041,9.768641015198977,False,False
2022-10-17,41,Dominos,West,21554.184081281564,9.768641015198977,True,False
2022-10-17,41,Dominos,Southwest,13272.277298710052,9.768641015198977,False,False
2022-10-17,41,PizzaHut,Northeast,76344.11054798288,11.057440185263237,False,False
2022-10-17,41,PizzaHut,South,32668.430083634426,11.057440185263237,False,False
2022-10-17,41,PizzaHut,Midwest,126660.74748375764,11.057440185263237,False,False
2022-10-17,41,PizzaHut,West,40880.22310516108,11.057440185263237,True,False
2022-10-17,41,PizzaHut,Southwest,12940.161039281742,11.057440185263237,False,False
2022-10-24,42,McDonalds,Northeast,70440.5868037946,10.309824267031935,False,False
2022-10-24,42,McDonalds,South,79566.47205985588,10.309824267031935,False,False
2022-10-24,42,McDonalds,Midwest,60872.672303369276,10.309824267031935,False,False
2022-10-24,42,McDonalds,West,44819.642869310555,10.309824267031935,True,False
2022-10-24,42,McDonalds,Southwest,55812.59609436027,10.309824267031935,False,False
2022-10-24,42,BurgerKing,Northeast,10732.229448750966,14.7353013664426,False,False
2022-10-24,42,BurgerKing,South,66569.39214503772,14.7353013664426,True,False
2022-10-24,42,BurgerKing,Midwest,15816.976929732202,14.7353013664426,False,False
2022-10-24,42,BurgerKing,West,65682.88801601378,14.7353013664426,False,False
2022-10-24,42,BurgerKing,Southwest,51188.86154654696,14.7353013664426,False,False
2022-10-24,42,Wendys,Northeast,67061.93901527126,14.310400957705244,False,False
2022-10-24,42,Wendys,South,11742.610518312878,14.310400957705244,True,False
2022-10-24,42,Wendys,Midwest,86695.32435442509,14.310400957705244,False,False
2022-10-24,42,Wendys,West,30833.873114964215,14.310400957705244,False,False
2022-10-24,42,Wendys,Southwest,39463.79292304242,14.310400957705244,False,False
2022-10-24,42,TacoBell,Northeast,134371.78862059358,9.892682647174594,False,False
2022-10-24,42,TacoBell,South,14736.87996178278,9.892682647174594,False,False
2022-10-24,42,TacoBell,Midwest,43098.5830865587,9.892682647174594,False,False
2022-10-24,42,TacoBell,West,16310.062763942931,9.892682647174594,False,False
2022-10-24,42,TacoBell,Southwest,64908.123912355586,9.892682647174594,False,False
2022-10-24,42,Subway,Northeast,64330.685035915914,13.624792437784993,False,False
2022-10-24,42,Subway,South,86684.2510308937,13.624792437784993,False,False
2022-10-24,42,Subway,Midwest,35069.68657916913,13.624792437784993,False,False
2022-10-24,42,Subway,West,143097.003441722,13.624792437784993,True,False
2022-10-24,42,Subway,Southwest,74325.68397243744,13.624792437784993,False,False
2022-10-24,42,KFC,Northeast,40195.13569842038,15.839159529123572,False,False
2022-10-24,42,KFC,South,137140.52132437727,14.969229412624541,True,False
2022-10-24,42,KFC,Midwest,68533.44785687127,14.969229412624541,False,False
2022-10-24,42,KFC,West,80593.87319657285,14.969229412624541,False,False
2022-10-24,42,KFC,Southwest,35008.61871969834,14.969229412624541,False,False
2022-10-24,42,Dominos,Northeast,37178.59912831115,9.768641015198977,False,False
2022-10-24,42,Dominos,South,50790.31074953947,9.768641015198977,True,False
2022-10-24,42,Dominos,Midwest,27891.55395777296,9.768641015198977,False,False
2022-10-24,42,Dominos,West,15200.682145819754,9.768641015198977,False,False
2022-10-24,42,Dominos,Southwest,11979.148298179492,9.768641015198977,False,False
2022-10-24,42,PizzaHut,Northeast,61483.54733900028,11.057440185263237,False,False
2022-10-24,42,PizzaHut,South,31398.86073400682,11.057440185263237,False,False
2022-10-24,42,PizzaHut,Midwest,106097.68634243199,11.057440185263237,False,False
2022-10-24,42,PizzaHut,West,34012.21229775747,11.057440185263237,False,False
2022-10-24,42,PizzaHut,Southwest,12697.471742624944,11.057440185263237,False,False
2022-10-31,43,McDonalds,Northeast,64011.94159146239,10.309824267031935,False,False
2022-10-31,43,McDonalds,South,67983.7825921911,10.309824267031935,False,False
2022-10-31,43,McDonalds,Midwest,58242.857984622104,10.309824267031935,False,False
2022-10-31,43,McDonalds,West,36690.60086542982,10.309824267031935,False,False
2022-10-31,43,McDonalds,Southwest,68345.27514652841,10.309824267031935,True,False
2022-10-31,43,BurgerKing,Northeast,13846.1828456133,14.7353013664426,False,False
2022-10-31,43,BurgerKing,South,70906.21900297944,14.7353013664426,False,False
2022-10-31,43,BurgerKing,Midwest,15423.634502582736,14.7353013664426,False,False
2022-10-31,43,BurgerKing,West,90749.2503208639,14.7353013664426,True,False
2022-10-31,43,BurgerKing,Southwest,61909.12413491157,14.7353013664426,False,False
2022-10-31,43,Wendys,Northeast,56403.08029202059,14.310400957705244,False,False
2022-10-31,43,Wendys,South,10638.552881088457,14.310400957705244,False,False
2022-10-31,43,Wendys,Midwest,95044.4310926008,14.310400957705244,False,False
2022-10-31,43,Wendys,West,39008.662365322714,14.198306372150446,True,False
2022-10-31,43,Wendys,Southwest,44703.93770951414,14.310400957705244,True,False
2022-10-31,43,TacoBell,Northeast,147659.49732964535,9.892682647174594,False,False
2022-10-31,43,TacoBell,South,18224.474597089476,9.892682647174594,False,False
2022-10-31,43,TacoBell,Midwest,37398.707056599924,9.892682647174594,False,False
2022-10-31,43,TacoBell,West,22741.97560566116,9.892682647174594,False,False
2022-10-31,43,TacoBell,Southwest,74839.9459576611,9.892682647174594,False,False
2022-10-31,43,Subway,Northeast,62049.731437544375,13.624792437784993,False,False
2022-10-31,43,Subway,South,75796.18961118368,13.624792437784993,False,False
2022-10-31,43,Subway,Midwest,45549.71201458022,13.624792437784993,True,False
2022-10-31,43,Subway,West,123418.38811054754,13.624792437784993,False,False
2022-10-31,43,Subway,Southwest,63933.612313593156,13.624792437784993,False,False
2022-10-31,43,KFC,Northeast,36922.917220366806,14.969229412624541,False,False
2022-10-31,43,KFC,South,113282.26233920471,14.969229412624541,False,False
2022-10-31,43,KFC,Midwest,73713.67463076414,14.969229412624541,False,False
2022-10-31,43,KFC,West,84715.87250140721,14.969229412624541,False,False
2022-10-31,43,KFC,Southwest,37186.69540614808,14.969229412624541,False,False
2022-10-31,43,Dominos,Northeast,32075.771243372612,9.768641015198977,False,False
2022-10-31,43,Dominos,South,39685.36894723364,9.768641015198977,False,False
2022-10-31,43,Dominos,Midwest,32788.471148883145,9.768641015198977,True,False
2022-10-31,43,Dominos,West,13401.015117612447,9.768641015198977,False,False
2022-10-31,43,Dominos,Southwest,12881.478165595248,9.768641015198977,False,False
2022-10-31,43,PizzaHut,Northeast,75927.75094496376,11.057440185263237,False,False
2022-10-31,43,PizzaHut,South,33963.87452008863,11.057440185263237,False,False
2022-10-31,43,PizzaHut,Midwest,157260.15006607343,11.057440185263237,True,False
2022-10-31,43,PizzaHut,West,40251.09882664163,10.555781517786212,False,False
2022-10-31,43,PizzaHut,Southwest,16215.872103584903,11.057440185263237,False,False
2022-11-07,44,McDonalds,Northeast,76700.39646914885,10.309824267031935,False,False
2022-11-07,44,McDonalds,South,73358.7357360009,10.309824267031935,False,False
2022-11-07,44,McDonalds,Midwest,58565.9525297148,10.566069902652709,False,False
2022-11-07,44,McDonalds,West,31582.767303107892,10.309824267031935,False,False
2022-11-07,44,McDonalds,Southwest,50037.837726631566,10.309824267031935,False,False
2022-11-07,44,BurgerKing,Northeast,13042.165146285119,14.7353013664426,False,False
2022-11-07,44,BurgerKing,South,65486.360426690604,14.7353013664426,False,False
2022-11-07,44,BurgerKing,Midwest,16149.530686744532,14.7353013664426,False,False
2022-11-07,44,BurgerKing,West,52975.749713654564,14.7353013664426,False,False
2022-11-07,44,BurgerKing,Southwest,58242.502384209416,14.7353013664426,False,False
2022-11-07,44,Wendys,Northeast,61593.836693744764,14.310400957705244,False,False
2022-11-07,44,Wendys,South,9725.920822430851,14.310400957705244,False,False
2022-11-07,44,Wendys,Midwest,67605.456004544,14.310400957705244,False,False
2022-11-07,44,Wendys,West,35308.53607167771,14.310400957705244,False,False
2022-11-07,44,Wendys,Southwest,32827.2385153579,14.310400957705244,False,False
2022-11-07,44,TacoBell,Northeast,131742.2921419632,9.892682647174594,False,False
2022-11-07,44,TacoBell,South,21452.81964143287,9.892682647174594,False,False
2022-11-07,44,TacoBell,Midwest,48231.35817340526,9.892682647174594,False,False
2022-11-07,44,TacoBell,West,18251.50104290156,9.892682647174594,False,False
2022-11-07,44,TacoBell,Southwest,64580.58515791271,9.892682647174594,False,False
2022-11-07,44,Subway,Northeast,77721.02863628685,13.624792437784993,True,False
2022-11-07,44,Subway,South,75477.49791611837,13.624792437784993,False,False
2022-11-07,44,Subway,Midwest,36859.002701447265,13.624792437784993,False,False
2022-11-07,44,Subway,West,119240.74750041307,13.624792437784993,False,False
2022-11-07,44,Subway,Southwest,64022.10628548684,13.624792437784993,False,False
2022-11-07,44,KFC,Northeast,46942.21639076828,14.969229412624541,False,False
2022-11-07,44,KFC,South,112192.98555523714,14.969229412624541,False,False
2022-11-07,44,KFC,Midwest,102210.45844182852,12.700603084486145,False,False
2022-11-07,44,KFC,West,73641.32580068789,14.969229412624541,False,False
2022-11-07,44,KFC,Southwest,37064.68527888342,14.969229412624541,False,False
2022-11-07,44,Dominos,Northeast,27076.07433363187,9.768641015198977,False,False
2022-11-07,44,Dominos,South,34887.073362835305,9.768641015198977,False,False
2022-11-07,44,Dominos,Midwest,27133.46821493997,9.768641015198977,False,False
2022-11-07,44,Dominos,West,14859.855659677783,9.768641015198977,False,False
2022-11-07,44,Dominos,Southwest,14978.468259924026,9.768641015198977,False,False
2022-11-07,44,PizzaHut,Northeast,72697.38975151618,11.057440185263237,False,False
2022-11-07,44,PizzaHut,South,43347.20847251499,11.057440185263237,False,False
2022-11-07,44,PizzaHut,Midwest,148053.27184189882,11.057440185263237,False,False
2022-11-07,44,PizzaHut,West,35494.06059161736,11.057440185263237,False,False
2022-11-07,44,PizzaHut,Southwest,15412.2453213493,11.057440185263237,False,False
2022-11-14,45,McDonalds,Northeast,66133.62273837377,10.309824267031935,False,False
2022-11-14,45,McDonalds,South,63916.63469262692,10.309824267031935,False,False
2022-11-14,45,McDonalds,Midwest,61940.640359162266,10.309824267031935,False,False
2022-11-14,45,McDonalds,West,39436.8509363769,10.309824267031935,False,False
2022-11-14,45,McDonalds,Southwest,47487.766847130406,10.309824267031935,False,False
2022-11-14,45,BurgerKing,Northeast,15226.887328961186,14.7353013664426,False,False
2022-11-14,45,BurgerKing,South,70450.75900748234,14.7353013664426,False,False
2022-11-14,45,BurgerKing,Midwest,13064.362751087077,14.7353013664426,False,False
2022-11-14,45,BurgerKing,West,70196.53753457608,14.7353013664426,False,False
2022-11-14,45,BurgerKing,Southwest,62046.98236322894,14.7353013664426,False,False
2022-11-14,45,Wendys,Northeast,65490.708051598784,14.310400957705244,False,False
2022-11-14,45,Wendys,South,9909.321585385382,14.310400957705244,False,False
2022-11-14,45,Wendys,Midwest,85140.7215162718,14.310400957705244,False,False
2022-11-14,45,Wendys,West,40368.11412372519,14.310400957705244,False,False
2022-11-14,45,Wendys,Southwest,36298.57710463631,14.310400957705244,False,False
2022-11-14,45,TacoBell,Northeast,139189.37414013027,9.892682647174594,False,False
2022-11-14,45,TacoBell,South,18045.149461123405,10.362242435654778,False,False
2022-11-14,45,TacoBell,Midwest,56364.91985079904,9.892682647174594,False,False
2022-11-14,45,TacoBell,West,23324.08124723384,9.307879848540857,False,False
2022-11-14,45,TacoBell,Southwest,87198.69465407128,9.892682647174594,False,False
2022-11-14,45,Subway,Northeast,57652.91574929169,13.624792437784993,False,False
2022-11-14,45,Subway,South,74362.85720126085,13.624792437784993,False,False
2022-11-14,45,Subway,Midwest,33471.31776785079,13.624792437784993,False,False
2022-11-14,45,Subway,West,113415.51633514096,13.624792437784993,False,False
2022-11-14,45,Subway,Southwest,64085.648660966974,13.624792437784993,False,False
2022-11-14,45,KFC,Northeast,34967.29462485011,14.969229412624541,False,False
2022-11-14,45,KFC,South,106325.80064526646,14.969229412624541,False,False
2022-11-14,45,KFC,Midwest,69501.89959773251,14.969229412624541,False,False
2022-11-14,45,KFC,West,60224.84853607633,14.969229412624541,False,False
2022-11-14,45,KFC,Southwest,39954.49074235211,14.969229412624541,False,False
2022-11-14,45,Dominos,Northeast,26255.097560482263,9.768641015198977,False,False
2022-11-14,45,Dominos,South,34752.611686606564,9.768641015198977,False,False
2022-11-14,45,Dominos,Midwest,28639.99785673445,9.768641015198977,False,False
2022-11-14,45,Dominos,West,13796.157659590051,9.768641015198977,False,False
2022-11-14,45,Dominos,Southwest,12010.143272014906,11.683301999039013,True,False
2022-11-14,45,PizzaHut,Northeast,83199.61072371979,11.057440185263237,False,False
2022-11-14,45,PizzaHut,South,35201.17316436685,11.057440185263237,False,False
2022-11-14,45,PizzaHut,Midwest,123607.34923041135,11.057440185263237,False,False
2022-11-14,45,PizzaHut,West,33604.679914752574,11.057440185263237,False,False
2022-11-14,45,PizzaHut,Southwest,19525.61628340749,11.057440185263237,False,False
2022-11-21,46,McDonalds,Northeast,100420.0990407785,10.309824267031935,False,True
2022-11-21,46,McDonalds,South,96792.33975425511,10.309824267031935,True,True
2022-11-21,46,McDonalds,Midwest,79667.29864876899,10.309824267031935,True,True
2022-11-21,46,McDonalds,West,41530.74035769186,10.309824267031935,False,True
2022-11-21,46,McDonalds,Southwest,77515.4307953871,10.309824267031935,True,True
2022-11-21,46,BurgerKing,Northeast,18345.587196316133,14.7353013664426,False,True
2022-11-21,46,BurgerKing,South,80835.74161078395,14.7353013664426,False,True
2022-11-21,46,BurgerKing,Midwest,17476.361119678066,14.7353013664426,False,True
2022-11-21,46,BurgerKing,West,72311.84281535335,14.7353013664426,False,True
2022-11-21,46,BurgerKing,Southwest,87484.97961088085,14.7353013664426,False,True
2022-11-21,46,Wendys,Northeast,75566.45956087558,14.310400957705244,True,True
2022-11-21,46,Wendys,South,12081.419127000267,14.310400957705244,False,True
2022-11-21,46,Wendys,Midwest,85436.1624463819,14.310400957705244,False,True
2022-11-21,46,Wendys,West,37716.92265978892,14.310400957705244,False,True
2022-11-21,46,Wendys,Southwest,44797.12925527965,14.310400957705244,False,True
2022-11-21,46,TacoBell,Northeast,166556.0202011546,9.892682647174594,False,True
2022-11-21,46,TacoBell,South,24184.614460205656,9.892682647174594,False,True
2022-11-21,46,TacoBell,Midwest,52847.81137460004,9.892682647174594,False,True
2022-11-21,46,TacoBell,West,20343.215359546444,9.892682647174594,False,True
2022-11-21,46,TacoBell,Southwest,93154.20479362909,9.10109461799538,False,True
2022-11-21,46,Subway,Northeast,64012.87884570177,13.624792437784993,False,True
2022-11-21,46,Subway,South,109035.95720324549,13.624792437784993,False,True
2022-11-21,46,Subway,Midwest,41066.732917390844,13.624792437784993,False,True
2022-11-21,46,Subway,West,132295.38343779554,13.624792437784993,False,True
2022-11-21,46,Subway,Southwest,94951.17673253683,13.624792437784993,False,True
2022-11-21,46,KFC,Northeast,46099.017284165355,14.969229412624541,False,True
2022-11-21,46,KFC,South,113327.27870599357,14.969229412624541,False,True
2022-11-21,46,KFC,Midwest,67196.27730408144,14.969229412624541,False,True
2022-11-21,46,KFC,West,100656.92760414892,14.969229412624541,False,True
2022-11-21,46,KFC,Southwest,47438.58470665499,14.969229412624541,False,True
2022-11-21,46,Dominos,Northeast,36786.9323275228,9.768641015198977,False,True
2022-11-21,46,Dominos,South,42470.45155473353,9.768641015198977,False,True
2022-11-21,46,Dominos,Midwest,25593.8505949412,9.768641015198977,False,True
2022-11-21,46,Dominos,West,16483.91341364652,9.768641015198977,True,True
2022-11-21,46,Dominos,Southwest,13839.771023502783,9.768641015198977,False,True
2022-11-21,46,PizzaHut,Northeast,105210.53306835023,11.057440185263237,False,True
2022-11-21,46,PizzaHut,South,61629.55539296737,11.057440185263237,True,True
2022-11-21,46,PizzaHut,Midwest,210018.51885505367,11.057440185263237,True,True
2022-11-21,46,PizzaHut,West,40085.827543620726,11.057440185263237,False,True
2022-11-21,46,PizzaHut,Southwest,28876.532376188334,11.057440185263237,False,True
2022-11-28,47,McDonalds,Northeast,102708.15386081926,10.309824267031935,True,True
2022-11-28,47,McDonalds,South,79869.71137194573,10.309824267031935,True,True
2022-11-28,47,McDonalds,Midwest,76286.31876627792,10.309824267031935,True,True
2022-11-28,47,McDonalds,West,40072.488250435046,10.309824267031935,False,True
2022-11-28,47,McDonalds,Southwest,154721.26349973844,7.181834551855732,True,True
2022-11-28,47,BurgerKing,Northeast,17734.862080277846,14.7353013664426,False,True
2022-11-28,47,BurgerKing,South,92038.08538681218,14.7353013664426,False,True
2022-11-28,47,BurgerKing,Midwest,16113.167114193471,14.7353013664426,False,True
2022-11-28,47,BurgerKing,West,92172.1463694967,14.7353013664426,False,True
2022-11-28,47,BurgerKing,Southwest,98482.3590815092,14.7353013664426,False,True
2022-11-28,47,Wendys,Northeast,66768.34509230306,14.310400957705244,False,True
2022-11-28,47,Wendys,South,13809.09023230741,14.310400957705244,False,True
2022-11-28,47,Wendys,Midwest,130558.42953635132,14.310400957705244,True,True
2022-11-28,47,Wendys,West,42809.700225917135,14.310400957705244,False,True
2022-11-28,47,Wendys,Southwest,42871.20975035619,14.310400957705244,False,True
2022-11-28,47,TacoBell,Northeast,169015.14848195444,9.892682647174594,False,True
2022-11-28,47,TacoBell,South,30090.11376391206,8.177716635538252,False,True
2022-11-28,47,TacoBell,Midwest,61412.88584513749,9.892682647174594,False,True
2022-11-28,47,TacoBell,West,29792.47642885576,9.892682647174594,False,True
2022-11-28,47,TacoBell,Southwest,84736.23460695759,9.892682647174594,False,True
2022-11-28,47,Subway,Northeast,81056.02779837704,13.624792437784993,False,True
2022-11-28,47,Subway,South,110801.94158603584,13.624792437784993,False,True
2022-11-28,47,Subway,Midwest,36101.90713982945,13.624792437784993,False,True
2022-11-28,47,Subway,West,136931.33148117058,13.624792437784993,False,True
2022-11-28,47,Subway,Southwest,78460.29963380413,13.624792437784993,False,True
2022-11-28,47,KFC,Northeast,53821.86813417383,17.470363901569275,False,True
2022-11-28,47,KFC,South,115156.93030063043,14.969229412624541,False,True
2022-11-28,47,KFC,Midwest,68188.61626842515,14.969229412624541,False,True
2022-11-28,47,KFC,West,87553.01138704232,14.969229412624541,False,True
2022-11-28,47,KFC,Southwest,44223.73532364136,14.969229412624541,False,True
2022-11-28,47,Dominos,Northeast,31040.17787751816,9.768641015198977,False,True
2022-11-28,47,Dominos,South,34674.199680725025,9.768641015198977,False,True
2022-11-28,47,Dominos,Midwest,37124.657824604496,9.768641015198977,True,True
2022-11-28,47,Dominos,West,10763.07325449917,9.768641015198977,False,True
2022-11-28,47,Dominos,Southwest,13677.863714633315,9.768641015198977,False,True
2022-11-28,47,PizzaHut,Northeast,93789.66888034919,11.057440185263237,False,True
2022-11-28,47,PizzaHut,South,50111.83956491188,11.057440185263237,True,True
2022-11-28,47,PizzaHut,Midwest,167103.49534227495,11.057440185263237,False,True
2022-11-28,47,PizzaHut,West,49447.31259922995,11.057440185263237,False,True
2022-11-28,47,PizzaHut,Southwest,26464.87200016824,11.057440185263237,False,True
2022-12-05,48,McDonalds,Northeast,70833.86208053153,10.309824267031935,False,False
2022-12-05,48,McDonalds,South,51596.6536883945,10.309824267031935,False,False
2022-12-05,48,McDonalds,Midwest,62543.039357702524,10.309824267031935,False,False
2022-12-05,48,McDonalds,West,30226.59104938754,10.309824267031935,False,False
2022-12-05,48,McDonalds,Southwest,49242.72033136133,10.309824267031935,False,False
2022-12-05,48,BurgerKing,Northeast,13976.326476493812,14.7353013664426,False,False
2022-12-05,48,BurgerKing,South,66557.943578456,14.7353013664426,False,False
2022-12-05,48,BurgerKing,Midwest,13535.671964639732,14.7353013664426,False,False
2022-12-05,48,BurgerKing,West,86880.26824704428,14.7353013664426,False,False
2022-12-05,48,BurgerKing,Southwest,58623.615020895464,14.7353013664426,False,False
2022-12-05,48,Wendys,Northeast,58918.234196959726,14.310400957705244,False,False
2022-12-05,48,Wendys,South,12029.525721696522,14.310400957705244,False,False
2022-12-05,48,Wendys,Midwest,99451.89904499456,12.872597440672335,False,False
2022-12-05,48,Wendys,West,34034.31279932956,14.310400957705244,False,False
2022-12-05,48,Wendys,Southwest,38868.794746740256,14.310400957705244,False,False
2022-12-05,48,TacoBell,Northeast,167441.15710084932,9.300459042321798,False,False
2022-12-05,48,TacoBell,South,21985.10668523892,9.892682647174594,False,False
2022-12-05,48,TacoBell,Midwest,53499.188321582136,9.892682647174594,False,False
2022-12-05,48,TacoBell,West,19513.607483912176,9.892682647174594,False,False
2022-12-05,48,TacoBell,Southwest,94371.28356150111,9.892682647174594,False,False
2022-12-05,48,Subway,Northeast,56730.76294888722,13.624792437784993,False,False
2022-12-05,48,Subway,South,106714.48874118843,13.624792437784993,False,False
2022-12-05,48,Subway,Midwest,41543.46519525648,13.624792437784993,True,False
2022-12-05,48,Subway,West,134743.29255811853,13.624792437784993,True,False
2022-12-05,48,Subway,Southwest,69102.48515781626,13.624792437784993,False,False
2022-12-05,48,KFC,Northeast,46305.967368925405,14.969229412624541,True,False
2022-12-05,48,KFC,South,116347.27005689217,14.969229412624541,False,False
2022-12-05,48,KFC,Midwest,41080.23732783159,17.890808601395204,False,False
2022-12-05,48,KFC,West,68340.0045817951,14.969229412624541,False,False
2022-12-05,48,KFC,Southwest,29707.918414399024,14.969229412624541,False,False
2022-12-05,48,Dominos,Northeast,23644.21055691189,9.768641015198977,False,False
2022-12-05,48,Dominos,South,43584.66683934048,9.401410207450649,True,False
2022-12-05,48,Dominos,Midwest,23394.308735997445,9.768641015198977,False,False
2022-12-05,48,Dominos,West,12277.42533355466,9.768641015198977,False,False
2022-12-05,48,Dominos,Southwest,12682.513128261904,9.768641015198977,False,False
2022-12-05,48,PizzaHut,Northeast,92195.45442310709,11.057440185263237,False,False
2022-12-05,48,PizzaHut,South,40834.696047118974,11.057440185263237,False,False
2022-12-05,48,PizzaHut,Midwest,117161.15738266762,11.057440185263237,False,False
2022-12-05,48,PizzaHut,West,38135.62089331847,11.057440185263237,False,False
2022-12-05,48,PizzaHut,Southwest,19718.659874008856,11.057440185263237,False,False
2022-12-12,49,McDonalds,Northeast,51473.59325812679,10.67474131595224,False,False
2022-12-12,49,McDonalds,South,50947.85580881873,10.309824267031935,False,False
2022-12-12,49,McDonalds,Midwest,59363.339279722306,10.309824267031935,False,False
2022-12-12,49,McDonalds,West,25988.023580953173,10.309824267031935,False,False
2022-12-12,49,McDonalds,Southwest,51450.102358044285,10.309824267031935,False,False
2022-12-12,49,BurgerKing,Northeast,15218.112342297114,14.7353013664426,False,False
2022-12-12,49,BurgerKing,South,52885.697984284714,14.7353013664426,False,False
2022-12-12,49,BurgerKing,Midwest,16670.18308328287,14.7353013664426,True,False
2022-12-12,49,BurgerKing,West,69896.19505782312,14.7353013664426,False,False
2022-12-12,49,BurgerKing,Southwest,74833.93931454771,14.7353013664426,False,False
2022-12-12,49,Wendys,Northeast,64920.6357622677,14.310400957705244,False,False
2022-12-12,49,Wendys,South,14199.486986851949,14.310400957705244,False,False
2022-12-12,49,Wendys,Midwest,77182.98649369321,14.310400957705244,False,False
2022-12-12,49,Wendys,West,39791.36305867606,14.310400957705244,False,False
2022-12-12,49,Wendys,Southwest,42773.65821959054,14.310400957705244,False,False
2022-12-12,49,TacoBell,Northeast,155244.60107233297,9.892682647174594,False,False
2022-12-12,49,TacoBell,South,25032.551292531698,9.892682647174594,False,False
2022-12-12,49,TacoBell,Midwest,64077.89115091197,9.892682647174594,False,False
2022-12-12,49,TacoBell,West,22714.4417907524,9.892682647174594,False,False
2022-12-12,49,TacoBell,Southwest,79142.21673791729,9.892682647174594,False,False
2022-12-12,49,Subway,Northeast,55612.32974960171,13.624792437784993,False,False
2022-12-12,49,Subway,South,69328.29091126507,13.624792437784993,False,False
2022-12-12,49,Subway,Midwest,39884.66776295391,13.624792437784993,False,False
2022-12-12,49,Subway,West,121224.66372138605,13.624792437784993,False,False
2022-12-12,49,Subway,Southwest,70474.93003038938,13.624792437784993,True,False
2022-12-12,49,KFC,Northeast,38396.22531609436,14.969229412624541,False,False
2022-12-12,49,KFC,South,101667.5434304164,14.969229412624541,False,False
2022-12-12,49,KFC,Midwest,67860.78184645869,14.969229412624541,False,False
2022-12-12,49,KFC,West,63903.81386440337,14.969229412624541,False,False
2022-12-12,49,KFC,Southwest,32752.809011872225,14.969229412624541,False,False
2022-12-12,49,Dominos,Northeast,24335.191744810214,9.768641015198977,True,False
2022-12-12,49,Dominos,South,30864.942128896328,9.768641015198977,False,False
2022-12-12,49,Dominos,Midwest,28210.90280330579,9.768641015198977,False,False
2022-12-12,49,Dominos,West,12101.31317928966,9.768641015198977,False,False
2022-12-12,49,Dominos,Southwest,8890.719382289511,9.768641015198977,False,False
2022-12-12,49,PizzaHut,Northeast,98864.44196353463,11.057440185263237,False,False
2022-12-12,49,PizzaHut,South,43536.78258828081,11.057440185263237,False,False
2022-12-12,49,PizzaHut,Midwest,146284.70466933114,11.057440185263237,False,False
2022-12-12,49,PizzaHut,West,37055.67519117219,11.057440185263237,False,False
2022-12-12,49,PizzaHut,Southwest,32063.688821500644,11.057440185263237,False,False
2022-12-19,50,McDonalds,Northeast,54315.87234940051,10.309824267031935,False,False
2022-12-19,50,McDonalds,South,48588.6517756635,10.309824267031935,False,False
2022-12-19,50,McDonalds,Midwest,54388.54688110059,10.826087032554398,False,False
2022-12-19,50,McDonalds,West,23894.65046405705,10.309824267031935,False,False
2022-12-19,50,McDonalds,Southwest,65665.18368314099,10.309824267031935,True,False
2022-12-19,50,BurgerKing,Northeast,13666.116909261484,14.7353013664426,False,False
2022-12-19,50,BurgerKing,South,83512.76492430942,14.7353013664426,False,False
2022-12-19,50,BurgerKing,Midwest,16837.12902568733,14.7353013664426,False,False
2022-12-19,50,BurgerKing,West,81721.28788849893,14.401272082183167,True,False
2022-12-19,50,BurgerKing,Southwest,60277.12135469281,14.7353013664426,False,False
2022-12-19,50,Wendys,Northeast,67624.97658977736,14.310400957705244,False,False
2022-12-19,50,Wendys,South,18284.986831695693,14.310400957705244,True,False
2022-12-19,50,Wendys,Midwest,82119.10014579032,14.310400957705244,False,False
2022-12-19,50,Wendys,West,30788.269506146484,14.310400957705244,False,False
2022-12-19,50,Wendys,Southwest,44070.17735670498,14.310400957705244,True,False
2022-12-19,50,TacoBell,Northeast,160047.39749149553,9.892682647174594,False,False
2022-12-19,50,TacoBell,South,26282.996896442553,9.892682647174594,False,False
2022-12-19,50,TacoBell,Midwest,55471.92471271543,9.892682647174594,False,False
2022-12-19,50,TacoBell,West,24323.57151176536,9.892682647174594,False,False
2022-12-19,50,TacoBell,Southwest,88915.66613742468,9.892682647174594,False,False
2022-12-19,50,Subway,Northeast,69193.45230944047,13.624792437784993,True,False
2022-12-19,50,Subway,South,73618.33895352142,13.624792437784993,False,False
2022-12-19,50,Subway,Midwest,27214.922994741093,13.624792437784993,False,False
2022-12-19,50,Subway,West,118604.1989224109,13.624792437784993,False,False
2022-12-19,50,Subway,Southwest,54673.77956689219,13.624792437784993,False,False
2022-12-19,50,KFC,Northeast,42615.94186428735,14.969229412624541,False,False
2022-12-19,50,KFC,South,104777.89327072944,14.969229412624541,False,False
2022-12-19,50,KFC,Midwest,60929.68713344542,14.969229412624541,False,False
2022-12-19,50,KFC,West,59284.61071532108,14.969229412624541,False,False
2022-12-19,50,KFC,Southwest,31590.727576861842,14.969229412624541,False,False
2022-12-19,50,Dominos,Northeast,29628.754135248433,9.768641015198977,False,False
2022-12-19,50,Dominos,South,33085.18426753088,9.768641015198977,False,False
2022-12-19,50,Dominos,Midwest,21486.601800713852,9.768641015198977,False,False
2022-12-19,50,Dominos,West,13137.872223262002,9.768641015198977,False,False
2022-12-19,50,Dominos,Southwest,11182.279788397329,9.768641015198977,False,False
2022-12-19,50,PizzaHut,Northeast,135822.25178288072,11.057440185263237,True,False
2022-12-19,50,PizzaHut,South,35664.95956772782,11.057440185263237,False,False
2022-12-19,50,PizzaHut,Midwest,141430.70198025438,11.057440185263237,False,False
2022-12-19,50,PizzaHut,West,39441.658118490166,11.057440185263237,False,False
2022-12-19,50,PizzaHut,Southwest,30011.59463310073,11.057440185263237,False,False
2022-12-26,51,McDonalds,Northeast,57126.72774268052,10.309824267031935,False,True
2022-12-26,51,McDonalds,South,49734.79779356811,10.309824267031935,False,True
2022-12-26,51,McDonalds,Midwest,58639.393625019045,10.309824267031935,False,True
2022-12-26,51,McDonalds,West,33894.86117631481,10.839255774470129,False,True
2022-12-26,51,McDonalds,Southwest,60538.979378365766,10.309824267031935,False,True
2022-12-26,51,BurgerKing,Northeast,17025.570539371103,14.7353013664426,False,True
2022-12-26,51,BurgerKing,South,87254.6716700552,14.7353013664426,False,True
2022-12-26,51,BurgerKing,Midwest,21577.938828820254,14.7353013664426,False,True
2022-12-26,51,BurgerKing,West,95980.49401564863,14.7353013664426,False,True
2022-12-26,51,BurgerKing,Southwest,73783.50416161666,14.7353013664426,False,True
2022-12-26,51,Wendys,Northeast,76744.43660103306,14.310400957705244,False,True
2022-12-26,51,Wendys,South,20225.91981220735,14.310400957705244,False,True
2022-12-26,51,Wendys,Midwest,90609.7847627428,14.310400957705244,False,True
2022-12-26,51,Wendys,West,50664.98828623397,14.310400957705244,False,True
2022-12-26,51,Wendys,Southwest,48481.286780493945,14.310400957705244,False,True
2022-12-26,51,TacoBell,Northeast,193809.05965453162,11.144897510846638,True,True
2022-12-26,51,TacoBell,South,31302.97069568806,9.892682647174594,False,True
2022-12-26,51,TacoBell,Midwest,66781.0160081932,9.892682647174594,False,True
2022-12-26,51,TacoBell,West,32609.576123562583,9.892682647174594,False,True
2022-12-26,51,TacoBell,Southwest,105047.24067376171,9.892682647174594,False,True
2022-12-26,51,Subway,Northeast,70768.60119005511,13.624792437784993,True,True
2022-12-26,51,Subway,South,90285.7561025563,13.624792437784993,False,True
2022-12-26,51,Subway,Midwest,36377.00169618971,13.624792437784993,False,True
2022-12-26,51,Subway,West,111504.89558385809,13.624792437784993,False,True
2022-12-26,51,Subway,Southwest,66835.2815988281,13.624792437784993,False,True
2022-12-26,51,KFC,Northeast,38728.59286278668,14.969229412624541,False,True
2022-12-26,51,KFC,South,119135.10093996406,14.969229412624541,False,True
2022-12-26,51,KFC,Midwest,67722.23570412274,14.969229412624541,False,True
2022-12-26,51,KFC,West,65933.45588183335,14.969229412624541,False,True
2022-12-26,51,KFC,Southwest,34947.77263474816,14.969229412624541,False,True
2022-12-26,51,Dominos,Northeast,37625.544901667294,9.768641015198977,False,True
2022-12-26,51,Dominos,South,38321.684899496184,9.768641015198977,False,True
2022-12-26,51,Dominos,Midwest,29751.494437877256,9.768641015198977,False,True
2022-12-26,51,Dominos,West,12585.854392763302,9.768641015198977,False,True
2022-12-26,51,Dominos,Southwest,12204.32229168508,9.768641015198977,False,True
2022-12-26,51,PizzaHut,Northeast,130605.55526051387,11.057440185263237,False,True
2022-12-26,51,PizzaHut,South,50803.927686377916,11.057440185263237,False,True
2022-12-26,51,PizzaHut,Midwest,183941.35077757426,11.057440185263237,False,True
2022-12-26,51,PizzaHut,West,56332.20487110096,11.057440185263237,False,True
2022-12-26,51,PizzaHut,Southwest,37047.97920155438,11.057440185263237,False,True
2023-01-02,52,McDonalds,Northeast,67299.09025431176,10.309824267031935,False,True
2023-01-02,52,McDonalds,South,58213.22072141856,10.309824267031935,False,True
2023-01-02,52,McDonalds,Midwest,54081.33715732257,10.309824267031935,False,True
2023-01-02,52,McDonalds,West,26156.742503545174,10.309824267031935,False,True
2023-01-02,52,McDonalds,Southwest,53599.78813751058,10.309824267031935,False,True
2023-01-02,52,BurgerKing,Northeast,19100.864166273153,14.7353013664426,False,True
2023-01-02,52,BurgerKing,South,87454.27626078538,14.7353013664426,False,True
2023-01-02,52,BurgerKing,Midwest,21891.990266755845,14.7353013664426,False,True
2023-01-02,52,BurgerKing,West,104091.17913126593,14.7353013664426,False,True
2023-01-02,52,BurgerKing,Southwest,83186.92480559347,14.7353013664426,False,True
2023-01-02,52,Wendys,Northeast,66063.11272944116,14.310400957705244,False,True
2023-01-02,52,Wendys,South,16789.71117180577,14.310400957705244,False,True
2023-01-02,52,Wendys,Midwest,75323.59281441265,14.310400957705244,False,True
2023-01-02,52,Wendys,West,46104.35471786822,14.310400957705244,False,True
2023-01-02,52,Wendys,Southwest,43183.38297829243,14.310400957705244,False,True
2023-01-02,52,TacoBell,Northeast,194992.8875512134,9.892682647174594,False,True
2023-01-02,52,TacoBell,South,29860.540188210918,9.892682647174594,False,True
2023-01-02,52,TacoBell,Midwest,82170.75713931388,9.018245724453969,False,True
2023-01-02,52,TacoBell,West,33048.14862762093,9.892682647174594,False,True
2023-01-02,52,TacoBell,Southwest,99015.11091035996,9.892682647174594,False,True
2023-01-02,52,Subway,Northeast,55844.48556736578,13.624792437784993,False,True
2023-01-02,52,Subway,South,104957.64521725645,13.624792437784993,True,True
2023-01-02,52,Subway,Midwest,28534.442268083803,13.624792437784993,False,True
2023-01-02,52,Subway,West,129730.78759560133,13.624792437784993,False,True
2023-01-02,52,Subway,Southwest,59840.11607381416,13.624792437784993,False,True
2023-01-02,52,KFC,Northeast,38122.72499912599,14.969229412624541,False,True
2023-01-02,52,KFC,South,108855.20394884268,14.969229412624541,False,True
2023-01-02,52,KFC,Midwest,82696.38404100706,14.969229412624541,True,True
2023-01-02,52,KFC,West,62234.22778527173,14.969229412624541,False,True
2023-01-02,52,KFC,Southwest,36580.20114416499,14.969229412624541,False,True
2023-01-02,52,Dominos,Northeast,34462.69956697902,9.768641015198977,False,True
2023-01-02,52,Dominos,South,42998.30687325108,9.768641015198977,False,True
2023-01-02,52,Dominos,Midwest,29694.25684507989,9.768641015198977,False,True
2023-01-02,52,Dominos,West,17030.43767979628,9.768641015198977,False,True
2023-01-02,52,Dominos,Southwest,15856.48867574998,9.768641015198977,False,True
2023-01-02,52,PizzaHut,Northeast,141392.0136851602,11.057440185263237,False,True
2023-01-02,52,PizzaHut,South,41505.85524292989,11.057440185263237,False,True
2023-01-02,52,PizzaHut,Midwest,201920.2649953265,9.297650620951819,False,True
2023-01-02,52,PizzaHut,West,72238.37645760571,11.057440185263237,True,True
2023-01-02,52,PizzaHut,Southwest,53293.481228123834,10.292102724369256,False,True
2023-01-09,53,McDonalds,Northeast,70270.61668117186,10.309824267031935,True,False
2023-01-09,53,McDonalds,South,45301.74845556713,10.309824267031935,False,False
2023-01-09,53,McDonalds,Midwest,46739.20884573288,10.309824267031935,False,False
2023-01-09,53,McDonalds,West,18115.01476787435,10.309824267031935,False,False
2023-01-09,53,McDonalds,Southwest,40223.4397393964,10.309824267031935,False,False
2023-01-09,53,BurgerKing,Northeast,14908.296923166716,14.7353013664426,False,False
2023-01-09,53,BurgerKing,South,78414.89702300816,14.7353013664426,False,False
2023-01-09,53,BurgerKing,Midwest,21831.827101680152,14.7353013664426,True,False
2023-01-09,53,BurgerKing,West,76930.56032384832,14.7353013664426,False,False
2023-01-09,53,BurgerKing,Southwest,57709.00510993484,14.7353013664426,False,False
2023-01-09,53,Wendys,Northeast,57534.429810572314,14.310400957705244,False,False
2023-01-09,53,Wendys,South,20317.207470216803,14.310400957705244,True,False
2023-01-09,53,Wendys,Midwest,88405.23884967797,14.310400957705244,False,False
2023-01-09,53,Wendys,West,44982.099078884305,14.310400957705244,False,False
2023-01-09,53,Wendys,Southwest,44531.02407965886,14.310400957705244,False,False
2023-01-09,53,TacoBell,Northeast,220163.3444174082,9.892682647174594,True,False
2023-01-09,53,TacoBell,South,24268.3326125998,9.892682647174594,False,False
2023-01-09,53,TacoBell,Midwest,55821.7663241207,9.892682647174594,False,False
2023-01-09,53,TacoBell,West,26252.62553029077,9.892682647174594,False,False
2023-01-09,53,TacoBell,Southwest,88494.44460075072,9.892682647174594,False,False
2023-01-09,53,Subway,Northeast,45844.61264733359,13.624792437784993,False,False
2023-01-09,53,Subway,South,71173.29347601288,13.624792437784993,False,False
2023-01-09,53,Subway,Midwest,21679.873050223945,13.624792437784993,False,False
2023-01-09,53,Subway,West,99384.8352372319,13.624792437784993,False,False
2023-01-09,53,Subway,Southwest,54678.131821618386,13.624792437784993,False,False
2023-01-09,53,KFC,Northeast,33113.01491631692,14.969229412624541,False,False
2023-01-09,53,KFC,South,110256.41519867508,14.969229412624541,True,False
2023-01-09,53,KFC,Midwest,67004.83847337021,14.969229412624541,False,False
2023-01-09,53,KFC,West,69870.39797993899,14.969229412624541,True,False
2023-01-09,53,KFC,Southwest,31310.411656101125,14.969229412624541,False,False
2023-01-09,53,Dominos,Northeast,30758.77334003999,9.768641015198977,False,False
2023-01-09,53,Dominos,South,35236.2553789326,9.768641015198977,False,False
2023-01-09,53,Dominos,Midwest,25548.926871414675,9.768641015198977,False,False
2023-01-09,53,Dominos,West,12705.865686966185,9.768641015198977,False,False
2023-01-09,53,Dominos,Southwest,14123.243882297635,9.768641015198977,False,False
2023-01-09,53,PizzaHut,Northeast,112649.66639725234,11.057440185263237,False,False
2023-01-09,53,PizzaHut,South,40138.181578177355,12.819469815103822,False,False
2023-01-09,53,PizzaHut,Midwest,152556.74572803517,11.057440185263237,False,False
2023-01-09,53,PizzaHut,West,44536.69872137666,11.057440185263237,False,False
2023-01-09,53,PizzaHut,Southwest,40909.50702836893,11.057440185263237,False,False
2023-01-16,54,McDonalds,Northeast,39752.00550242556,11.516271999321477,False,False
2023-01-16,54,McDonalds,South,62153.89420203109,10.309824267031935,True,False
2023-01-16,54,McDonalds,Midwest,40066.69645295403,10.309824267031935,False,False
2023-01-16,54,McDonalds,West,19386.746816288236,9.106477812590317,False,False
2023-01-16,54,McDonalds,Southwest,56539.364108430826,10.309824267031935,False,False
2023-01-16,54,BurgerKing,Northeast,17349.082409037714,14.740013701990934,False,False
2023-01-16,54,BurgerKing,South,80454.08893826006,14.7353013664426,False,False
2023-01-16,54,BurgerKing,Midwest,16856.254417035063,14.7353013664426,False,False
2023-01-16,54,BurgerKing,West,110721.77290669185,14.7353013664426,True,False
2023-01-16,54,BurgerKing,Southwest,75387.52730055503,14.7353013664426,False,False
2023-01-16,54,Wendys,Northeast,53842.294456840515,14.310400957705244,False,False
2023-01-16,54,Wendys,South,19048.71088223328,14.310400957705244,False,False
2023-01-16,54,Wendys,Midwest,73725.80940478762,14.310400957705244,False,False
2023-01-16,54,Wendys,West,34087.09850906193,14.310400957705244,False,False
2023-01-16,54,Wendys,Southwest,40365.42069219621,14.310400957705244,False,False
2023-01-16,54,TacoBell,Northeast,186238.71435711143,9.892682647174594,False,False
2023-01-16,54,TacoBell,South,25249.216413411792,9.892682647174594,False,False
2023-01-16,54,TacoBell,Midwest,78096.32979830311,8.413531124573469,False,False
2023-01-16,54,TacoBell,West,25183.71439141779,9.892682647174594,False,False
2023-01-16,54,TacoBell,Southwest,95350.79373657874,10.620128653535458,True,False
2023-01-16,54,Subway,Northeast,53073.67318089564,12.12228251792549,False,False
2023-01-16,54,Subway,South,77050.87402110123,13.624792437784993,False,False
2023-01-16,54,Subway,Midwest,21497.378142339032,13.624792437784993,False,False
2023-01-16,54,Subway,West,94848.52119695254,13.624792437784993,False,False
2023-01-16,54,Subway,Southwest,63917.39907151699,13.624792437784993,False,False
2023-01-16,54,KFC,Northeast,30972.546796293384,14.969229412624541,False,False
2023-01-16,54,KFC,South,90135.8170175862,14.969229412624541,False,False
2023-01-16,54,KFC,Midwest,56507.29070141381,14.969229412624541,False,False
2023-01-16,54,KFC,West,55939.35279434585,14.969229412624541,False,False
2023-01-16,54,KFC,Southwest,27904.568240099874,14.969229412624541,False,False
2023-01-16,54,Dominos,Northeast,25913.74115184784,9.768641015198977,False,False
2023-01-16,54,Dominos,South,45464.75795857653,9.768641015198977,False,False
2023-01-16,54,Dominos,Midwest,26140.924134133096,9.768641015198977,False,False
2023-01-16,54,Dominos,West,12446.263264099274,9.768641015198977,False,False
2023-01-16,54,Dominos,Southwest,12132.056650246574,9.768641015198977,False,False
2023-01-16,54,PizzaHut,Northeast,131497.81915079892,11.057440185263237,False,False
2023-01-16,54,PizzaHut,South,43578.16244527229,11.057440185263237,False,False
2023-01-16,54,PizzaHut,Midwest,155202.95379974865,11.057440185263237,False,False
2023-01-16,54,PizzaHut,West,55402.43380516313,11.181045372719396,False,False
2023-01-16,54,PizzaHut,Southwest,51951.711954784325,11.057440185263237,True,False
2023-01-23,55,McDonalds,Northeast,66941.89462682842,10.309824267031935,True,False
2023-01-23,55,McDonalds,South,38961.649871778114,10.309824267031935,False,False
2023-01-23,55,McDonalds,Midwest,53216.92952210585,10.309824267031935,True,False
2023-01-23,55,McDonalds,West,18327.576709694404,10.309824267031935,False,False
2023-01-23,55,McDonalds,Southwest,55906.25729468123,10.309824267031935,False,False
2023-01-23,55,BurgerKing,Northeast,18054.975904607272,14.7353013664426,False,False
2023-01-23,55,BurgerKing,South,86358.59085827264,14.7353013664426,False,False
2023-01-23,55,BurgerKing,Midwest,20626.09683917682,14.7353013664426,False,False
2023-01-23,55,BurgerKing,West,89736.35371502997,14.7353013664426,False,False
2023-01-23,55,BurgerKing,Southwest,76890.19186051477,14.7353013664426,False,False
2023-01-23,55,Wendys,Northeast,51740.96838774705,14.310400957705244,False,False
2023-01-23,55,Wendys,South,26796.424218959593,14.310400957705244,False,False
2023-01-23,55,Wendys,Midwest,92556.33887098379,13.795166743198665,False,False
2023-01-23,55,Wendys,West,42936.978066225645,14.310400957705244,False,False
2023-01-23,55,Wendys,Southwest,45092.14602394607,14.310400957705244,False,False
2023-01-23,55,TacoBell,Northeast,175826.04978991524,9.892682647174594,False,False
2023-01-23,55,TacoBell,South,27804.50936505142,9.892682647174594,False,False
2023-01-23,55,TacoBell,Midwest,76782.49314309577,9.892682647174594,True,False
2023-01-23,55,TacoBell,West,28733.16101480833,9.892682647174594,True,False
2023-01-23,55,TacoBell,Southwest,109897.2626252771,9.892682647174594,True,False
2023-01-23,55,Subway,Northeast,44037.802611597115,13.624792437784993,False,False
2023-01-23,55,Subway,South,71994.28720996164,13.624792437784993,False,False
2023-01-23,55,Subway,Midwest,22761.445934992913,13.624792437784993,False,False
2023-01-23,55,Subway,West,94808.27101711559,13.624792437784993,False,False
2023-01-23,55,Subway,Southwest,56045.14799248344,13.624792437784993,False,False
2023-01-23,55,KFC,Northeast,38207.69460685179,14.969229412624541,False,False
2023-01-23,55,KFC,South,101956.3547173556,14.969229412624541,False,False
2023-01-23,55,KFC,Midwest,52782.759704303826,14.969229412624541,False,False
2023-01-23,55,KFC,West,46903.71152904215,14.969229412624541,False,False
2023-01-23,55,KFC,Southwest,27843.629066913185,14.440635714156151,False,False
2023-01-23,55,Dominos,Northeast,32403.595936477534,9.768641015198977,False,False
2023-01-23,55,Dominos,South,35720.77798110734,9.768641015198977,False,False
2023-01-23,55,Dominos,Midwest,22630.35471702112,9.768641015198977,False,False
2023-01-23,55,Dominos,West,11468.754881528008,9.768641015198977,False,False
2023-01-23,55,Dominos,Southwest,15414.199571662753,9.768641015198977,False,False
2023-01-23,55,PizzaHut,Northeast,96546.61460400443,11.057440185263237,False,False
2023-01-23,55,PizzaHut,South,56833.10661365474,11.057440185263237,False,False
2023-01-23,55,PizzaHut,Midwest,139529.2435761744,11.057440185263237,False,False
2023-01-23,55,PizzaHut,West,39569.026510667456,11.057440185263237,False,False
2023-01-23,55,PizzaHut,Southwest,42042.85254619145,11.057440185263237,False,False
2023-01-30,56,McDonalds,Northeast,52214.94657891799,10.309824267031935,False,False
2023-01-30,56,McDonalds,South,44195.412388436234,10.309824267031935,False,False
2023-01-30,56,McDonalds,Midwest,39652.713999814536,10.309824267031935,False,False
2023-01-30,56,McDonalds,West,22949.862203222594,10.309824267031935,False,False
2023-01-30,56,McDonalds,Southwest,48672.774363908786,10.309824267031935,False,False
2023-01-30,56,BurgerKing,Northeast,15902.40090821031,14.7353013664426,False,False
2023-01-30,56,BurgerKing,South,81511.73728472824,14.7353013664426,False,False
2023-01-30,56,BurgerKing,Midwest,17584.446155764283,14.7353013664426,False,False
2023-01-30,56,BurgerKing,West,94898.40061139916,14.7353013664426,False,False
2023-01-30,56,BurgerKing,Southwest,79575.43823630449,14.7353013664426,False,False
2023-01-30,56,Wendys,Northeast,64702.3227921822,14.310400957705244,True,False
2023-01-30,56,Wendys,South,30506.086970035092,14.310400957705244,False,False
2023-01-30,56,Wendys,Midwest,67197.46076225006,14.310400957705244,False,False
2023-01-30,56,Wendys,West,35196.23024694221,14.310400957705244,False,False
2023-01-30,56,Wendys,Southwest,50885.30591925516,14.310400957705244,False,False
2023-01-30,56,TacoBell,Northeast,245665.60201769107,9.892682647174594,True,False
2023-01-30,56,TacoBell,South,32308.20359457847,9.892682647174594,False,False
2023-01-30,56,TacoBell,Midwest,69128.28541056083,9.892682647174594,False,False
2023-01-30,56,TacoBell,West,23841.03295552098,9.892682647174594,False,False
2023-01-30,56,TacoBell,Southwest,95115.90541282055,9.892682647174594,False,False
2023-01-30,56,Subway,Northeast,47817.39101327083,13.624792437784993,False,False
2023-01-30,56,Subway,South,62613.67957517406,13.624792437784993,False,False
2023-01-30,56,Subway,Midwest,19078.42898085467,13.624792437784993,False,False
2023-01-30,56,Subway,West,83648.1581271211,13.624792437784993,False,False
2023-01-30,56,Subway,Southwest,47632.02461298457,13.624792437784993,False,False
2023-01-30,56,KFC,Northeast,33243.330600477064,14.969229412624541,False,False
2023-01-30,56,KFC,South,106756.86331960256,14.969229412624541,True,False
2023-01-30,56,KFC,Midwest,58890.65762236341,14.969229412624541,False,False
2023-01-30,56,KFC,West,65751.41736562508,14.969229412624541,False,False
2023-01-30,56,KFC,Southwest,26114.782474091404,14.969229412624541,False,False
2023-01-30,56,Dominos,Northeast,27232.02852748336,9.768641015198977,False,False
2023-01-30,56,Dominos,South,51392.758885674106,9.768641015198977,False,False
2023-01-30,56,Dominos,Midwest,27909.244605891046,9.768641015198977,True,False
2023-01-30,56,Dominos,West,14780.568529179283,9.768641015198977,True,False
2023-01-30,56,Dominos,Southwest,15881.105178142589,9.768641015198977,True,False
2023-01-30,56,PizzaHut,Northeast,151658.2301714062,11.057440185263237,False,False
2023-01-30,56,PizzaHut,South,58973.95774304441,11.057440185263237,False,False
2023-01-30,56,PizzaHut,Midwest,156635.48535694374,11.057440185263237,False,False
2023-01-30,56,PizzaHut,West,60453.24063401782,11.057440185263237,False,False
2023-01-30,56,PizzaHut,Southwest,52941.29542537112,11.057440185263237,False,False
2023-02-06,57,McDonalds,Northeast,45211.12088611546,10.309824267031935,False,False
2023-02-06,57,McDonalds,South,48782.039745255235,10.309824267031935,False,False
2023-02-06,57,McDonalds,Midwest,40803.831088272964,10.309824267031935,False,False
2023-02-06,57,McDonalds,West,18629.089622178555,10.415815842762497,False,False
2023-02-06,57,McDonalds,Southwest,42300.53670931983,10.309824267031935,False,False
2023-02-06,57,BurgerKing,Northeast,20024.776862281004,14.7353013664426,False,False
2023-02-06,57,BurgerKing,South,88019.2987237044,14.7353013664426,False,False
2023-02-06,57,BurgerKing,Midwest,23186.20193166372,14.7353013664426,False,False
2023-02-06,57,BurgerKing,West,86123.28198036132,14.7353013664426,False,False
2023-02-06,57,BurgerKing,Southwest,85724.1925674821,14.7353013664426,False,False
2023-02-06,57,Wendys,Northeast,62093.945732484404,14.310400957705244,True,False
2023-02-06,57,Wendys,South,28439.6258760938,14.310400957705244,False,False
2023-02-06,57,Wendys,Midwest,76143.09432089466,14.310400957705244,False,False
2023-02-06,57,Wendys,West,35574.33207734945,14.310400957705244,False,False
2023-02-06,57,Wendys,Southwest,60645.75463378821,14.310400957705244,True,False
2023-02-06,57,TacoBell,Northeast,191777.3748566075,9.892682647174594,False,False
2023-02-06,57,TacoBell,South,26947.048248922325,9.892682647174594,False,False
2023-02-06,57,TacoBell,Midwest,69445.5955043047,9.892682647174594,False,False
2023-02-06,57,TacoBell,West,24982.557448619773,9.892682647174594,True,False
2023-02-06,57,TacoBell,Southwest,89773.9460109854,9.892682647174594,False,False
2023-02-06,57,Subway,Northeast,40491.9319248707,13.624792437784993,True,False
2023-02-06,57,Subway,South,87336.45439404689,13.624792437784993,True,False
2023-02-06,57,Subway,Midwest,20877.171284723398,13.624792437784993,False,False
2023-02-06,57,Subway,West,75587.27837763246,13.624792437784993,False,False
2023-02-06,57,Subway,Southwest,41041.05197106848,13.624792437784993,False,False
2023-02-06,57,KFC,Northeast,26017.15715799586,17.373677426175263,False,False
2023-02-06,57,KFC,South,103556.61634251013,14.969229412624541,True,False
2023-02-06,57,KFC,Midwest,70080.82717601661,14.969229412624541,True,False
2023-02-06,57,KFC,West,57283.61804432054,14.969229412624541,False,False
2023-02-06,57,KFC,Southwest,26610.42849929275,14.969229412624541,False,False
2023-02-06,57,Dominos,Northeast,37708.22873999524,9.768641015198977,False,False
2023-02-06,57,Dominos,South,41527.32721655649,10.113512383403156,False,False
2023-02-06,57,Dominos,Midwest,23235.95995105356,9.768641015198977,False,False
2023-02-06,57,Dominos,West,15222.542610214761,9.768641015198977,False,False
2023-02-06,57,Dominos,Southwest,19899.72239393672,9.73126494188163,False,False
2023-02-06,57,PizzaHut,Northeast,133495.47235371952,11.057440185263237,False,False
2023-02-06,57,PizzaHut,South,47612.191464705815,11.057440185263237,False,False
2023-02-06,57,PizzaHut,Midwest,136176.5673382081,11.057440185263237,False,False
2023-02-06,57,PizzaHut,West,59373.61322305322,11.057440185263237,False,False
2023-02-06,57,PizzaHut,Southwest,55193.774028455024,11.057440185263237,False,False
2023-02-13,58,McDonalds,Northeast,47672.28000785062,10.309824267031935,False,False
2023-02-13,58,McDonalds,South,49340.94371041707,10.309824267031935,False,False
2023-02-13,58,McDonalds,Midwest,51156.76611015734,10.309824267031935,False,False
2023-02-13,58,McDonalds,West,17645.206316560176,10.309824267031935,False,False
2023-02-13,58,McDonalds,Southwest,48937.39209478914,10.309824267031935,False,False
2023-02-13,58,BurgerKing,Northeast,18210.400924741443,14.7353013664426,False,False
2023-02-13,58,BurgerKing,South,92423.76143025594,14.7353013664426,False,False
2023-02-13,58,BurgerKing,Midwest,24811.733584766946,14.7353013664426,False,False
2023-02-13,58,BurgerKing,West,106821.2300073652,14.7353013664426,False,False
2023-02-13,58,BurgerKing,Southwest,66931.81454947096,14.7353013664426,False,False
2023-02-13,58,Wendys,Northeast,58891.35076198014,14.310400957705244,False,False
2023-02-13,58,Wendys,South,26878.472733731192,14.310400957705244,False,False
2023-02-13,58,Wendys,Midwest,99085.9059460848,13.14364930126071,False,False
2023-02-13,58,Wendys,West,39678.71606324365,13.834618402589918,False,False
2023-02-13,58,Wendys,Southwest,62923.470695672564,14.310400957705244,True,False
2023-02-13,58,TacoBell,Northeast,154066.79734006297,9.892682647174594,False,False
2023-02-13,58,TacoBell,South,28160.928988251348,9.892682647174594,False,False
2023-02-13,58,TacoBell,Midwest,70881.59757326353,9.892682647174594,True,False
2023-02-13,58,TacoBell,West,27575.2758397607,9.892682647174594,False,False
2023-02-13,58,TacoBell,Southwest,106491.26525684676,9.354235511898638,False,False
2023-02-13,58,Subway,Northeast,35230.563771823814,13.624792437784993,False,False
2023-02-13,58,Subway,South,55785.81967470318,13.624792437784993,False,False
2023-02-13,58,Subway,Midwest,17773.6999834,13.624792437784993,False,False
2023-02-13,58,Subway,West,90987.86765478185,13.624792437784993,False,False
2023-02-13,58,Subway,Southwest,40672.83473945768,13.624792437784993,False,False
2023-02-13,58,KFC,Northeast,28422.65889275836,14.969229412624541,False,False
2023-02-13,58,KFC,South,80283.47048498208,14.969229412624541,False,False
2023-02-13,58,KFC,Midwest,53466.11285680217,14.969229412624541,False,False
2023-02-13,58,KFC,West,56100.74980280812,14.969229412624541,False,False
2023-02-13,58,KFC,Southwest,28947.19591058456,14.969229412624541,False,False
2023-02-13,58,Dominos,Northeast,39753.28832403302,9.768641015198977,False,False
2023-02-13,58,Dominos,South,50443.791107850244,9.768641015198977,False,False
2023-02-13,58,Dominos,Midwest,30423.479917011155,9.768641015198977,False,False
2023-02-13,58,Dominos,West,17171.954988572084,9.768641015198977,False,False
2023-02-13,58,Dominos,Southwest,20294.111089091006,9.768641015198977,False,False
2023-02-13,58,PizzaHut,Northeast,113727.09597425124,11.057440185263237,False,False
2023-02-13,58,PizzaHut,South,60048.080189845525,11.057440185263237,False,False
2023-02-13,58,PizzaHut,Midwest,111859.41698631523,12.797375857002658,False,False
2023-02-13,58,PizzaHut,West,50630.17035091921,11.057440185263237,False,False
2023-02-13,58,PizzaHut,Southwest,52658.447146417944,11.057440185263237,False,False
2023-02-20,59,McDonalds,Northeast,51024.273696081196,10.309824267031935,False,False
2023-02-20,59,McDonalds,South,46096.861217423706,10.309824267031935,False,False
2023-02-20,59,McDonalds,Midwest,40907.94763937298,10.309824267031935,False,False
2023-02-20,59,McDonalds,West,19720.29896297514,10.309824267031935,False,False
2023-02-20,59,McDonalds,Southwest,39802.5667148289,10.309824267031935,False,False
2023-02-20,59,BurgerKing,Northeast,20302.512979720243,14.7353013664426,False,False
2023-02-20,59,BurgerKing,South,90441.76264009751,14.7353013664426,False,False
2023-02-20,59,BurgerKing,Midwest,23877.3500582326,15.413416518548875,False,False
2023-02-20,59,BurgerKing,West,127168.06735288486,14.7353013664426,False,False
2023-02-20,59,BurgerKing,Southwest,69472.42572471732,14.7353013664426,False,False
2023-02-20,59,Wendys,Northeast,71444.6496923304,13.240290490337578,False,False
2023-02-20,59,Wendys,South,24375.457440579004,14.310400957705244,False,False
2023-02-20,59,Wendys,Midwest,105653.45836042822,14.310400957705244,True,False
2023-02-20,59,Wendys,West,41594.94377962792,14.310400957705244,False,False
2023-02-20,59,Wendys,Southwest,63812.02480125641,14.310400957705244,False,False
2023-02-20,59,TacoBell,Northeast,183654.42321625576,9.892682647174594,False,False
2023-02-20,59,TacoBell,South,21689.730771365907,9.892682647174594,False,False
2023-02-20,59,TacoBell,Midwest,58078.48486617992,10.042507395389004,False,False
2023-02-20,59,TacoBell,West,28828.877341978627,9.892682647174594,True,False
2023-02-20,59,TacoBell,Southwest,90512.88543742601,9.892682647174594,False,False
2023-02-20,59,Subway,Northeast,37891.04007931499,13.624792437784993,False,False
2023-02-20,59,Subway,South,54961.16729252923,13.624792437784993,False,False
2023-02-20,59,Subway,Midwest,18994.65462564827,13.624792437784993,False,False
2023-02-20,59,Subway,West,114451.34479757032,13.624792437784993,True,False
2023-02-20,59,Subway,Southwest,39150.426976599796,13.624792437784993,False,False
2023-02-20,59,KFC,Northeast,33214.69370702837,14.969229412624541,False,False
2023-02-20,59,KFC,South,85996.062597417,14.969229412624541,False,False
2023-02-20,59,KFC,Midwest,51226.55149588956,14.969229412624541,False,False
2023-02-20,59,KFC,West,57249.03357297452,14.969229412624541,True,False
2023-02-20,59,KFC,Southwest,26108.6269502576,14.969229412624541,False,False
2023-02-20,59,Dominos,Northeast,52321.701581069625,9.768641015198977,True,False
2023-02-20,59,Dominos,South,60226.288007692485,9.182864933968617,False,False
2023-02-20,59,Dominos,Midwest,28551.425724773195,9.768641015198977,False,False
2023-02-20,59,Dominos,West,16063.070484268408,9.768641015198977,False,False
2023-02-20,59,Dominos,Southwest,20502.16018365204,9.768641015198977,False,False
2023-02-20,59,PizzaHut,Northeast,148390.20495721663,11.057440185263237,False,False
2023-02-20,59,PizzaHut,South,63010.36509830899,11.057440185263237,True,False
2023-02-20,59,PizzaHut,Midwest,154416.44004904284,11.057440185263237,False,False
2023-02-20,59,PizzaHut,West,60037.22131062463,11.057440185263237,False,False
2023-02-20,59,PizzaHut,Southwest,48970.128532918076,11.057440185263237,False,False
2023-02-27,60,McDonalds,Northeast,47506.44147113345,10.309824267031935,False,False
2023-02-27,60,McDonalds,South,46643.77450707411,10.309824267031935,False,False
2023-02-27,60,McDonalds,Midwest,37477.10701134044,10.309824267031935,False,False
2023-02-27,60,McDonalds,West,18302.550685751496,10.309824267031935,True,False
2023-02-27,60,McDonalds,Southwest,44321.667521569674,10.309824267031935,False,False
2023-02-27,60,BurgerKing,Northeast,23430.676354495492,14.7353013664426,False,False
2023-02-27,60,BurgerKing,South,84975.96571203563,14.7353013664426,False,False
2023-02-27,60,BurgerKing,Midwest,26103.27004856025,14.7353013664426,False,False
2023-02-27,60,BurgerKing,West,124194.36269307417,14.7353013664426,False,False
2023-02-27,60,BurgerKing,Southwest,63676.996539529944,14.7353013664426,False,False
2023-02-27,60,Wendys,Northeast,67705.4114788138,14.310400957705244,True,False
2023-02-27,60,Wendys,South,33251.26441543624,14.310400957705244,True,False
2023-02-27,60,Wendys,Midwest,84520.09961391203,14.310400957705244,False,False
2023-02-27,60,Wendys,West,40571.64463201777,14.310400957705244,False,False
2023-02-27,60,Wendys,Southwest,49435.41051370101,14.310400957705244,False,False
2023-02-27,60,TacoBell,Northeast,161797.22609696205,9.892682647174594,False,False
2023-02-27,60,TacoBell,South,25485.623162960717,9.892682647174594,False,False
2023-02-27,60,TacoBell,Midwest,63524.55102409309,9.892682647174594,False,False
2023-02-27,60,TacoBell,West,28495.385738521007,9.892682647174594,False,False
2023-02-27,60,TacoBell,Southwest,78948.86308796497,9.892682647174594,False,False
2023-02-27,60,Subway,Northeast,34243.49734687409,13.624792437784993,False,False
2023-02-27,60,Subway,South,63955.57897456881,13.624792437784993,False,False
2023-02-27,60,Subway,Midwest,17292.406649494398,13.624792437784993,False,False
2023-02-27,60,Subway,West,68837.03067405631,13.624792437784993,False,False
2023-02-27,60,Subway,Southwest,38201.58466753868,13.624792437784993,False,False
2023-02-27,60,KFC,Northeast,32360.986385331325,14.969229412624541,False,False
2023-02-27,60,KFC,South,88784.5081137574,14.969229412624541,False,False
2023-02-27,60,KFC,Midwest,65426.716303927475,14.969229412624541,False,False
2023-02-27,60,KFC,West,84651.3223797753,14.969229412624541,True,False
2023-02-27,60,KFC,Southwest,25301.723200871776,14.969229412624541,False,False
2023-02-27,60,Dominos,Northeast,42428.61700686663,9.768641015198977,False,False
2023-02-27,60,Dominos,South,55971.273873958715,9.768641015198977,False,False
2023-02-27,60,Dominos,Midwest,27980.192437671565,9.768641015198977,False,False
2023-02-27,60,Dominos,West,26127.442062803053,9.54014470115902,False,False
2023-02-27,60,Dominos,Southwest,23980.47683611495,9.768641015198977,False,False
2023-02-27,60,PizzaHut,Northeast,137065.41307543282,11.057440185263237,False,False
2023-02-27,60,PizzaHut,South,65747.23528161085,11.057440185263237,True,False
2023-02-27,60,PizzaHut,Midwest,163602.8580554391,11.057440185263237,False,False
2023-02-27,60,PizzaHut,West,83857.41443002514,9.055582656025743,False,False
2023-02-27,60,PizzaHut,Southwest,54448.58553681271,11.057440185263237,False,False
2023-03-06,61,McDonalds,Northeast,49836.99725281341,10.309824267031935,False,False
2023-03-06,61,McDonalds,South,38900.09212977892,10.309824267031935,False,False
2023-03-06,61,McDonalds,Midwest,36134.24951501732,10.435091734946802,False,False
2023-03-06,61,McDonalds,West,14662.510027648015,11.530816168509109,False,False
2023-03-06,61,McDonalds,Southwest,42176.16807149686,10.309824267031935,False,False
2023-03-06,61,BurgerKing,Northeast,23798.529795283812,14.7353013664426,False,False
2023-03-06,61,BurgerKing,South,93410.66281254057,14.7353013664426,False,False
2023-03-06,61,BurgerKing,Midwest,29123.516974813687,14.7353013664426,False,False
2023-03-06,61,BurgerKing,West,119312.39883440894,14.7353013664426,False,False
2023-03-06,61,BurgerKing,Southwest,78108.88979123409,14.358385208935116,False,False
2023-03-06,61,Wendys,Northeast,62099.61128857291,14.310400957705244,False,False
2023-03-06,61,Wendys,South,29069.304808596742,13.532043862635081,False,False
2023-03-06,61,Wendys,Midwest,67845.68984672448,14.310400957705244,False,False
2023-03-06,61,Wendys,West,33027.57660127083,14.310400957705244,False,False
2023-03-06,61,Wendys,Southwest,57565.10099743816,14.310400957705244,False,False
2023-03-06,61,TacoBell,Northeast,232476.81700272445,9.892682647174594,True,False
2023-03-06,61,TacoBell,South,22388.187808951243,9.892682647174594,False,False
2023-03-06,61,TacoBell,Midwest,56614.12395332835,9.892682647174594,False,False
2023-03-06,61,TacoBell,West,25195.870361635527,9.892682647174594,False,False
2023-03-06,61,TacoBell,Southwest,93420.8191581939,9.892682647174594,False,False
2023-03-06,61,Subway,Northeast,31699.099497547668,13.624792437784993,False,False
2023-03-06,61,Subway,South,58629.431835282034,13.624792437784993,False,False
2023-03-06,61,Subway,Midwest,13942.984946431296,14.346259864734563,False,False
2023-03-06,61,Subway,West,72151.6714624346,13.624792437784993,False,False
2023-03-06,61,Subway,Southwest,34328.75236459974,13.624792437784993,False,False
2023-03-06,61,KFC,Northeast,29012.04809664952,14.969229412624541,False,False
2023-03-06,61,KFC,South,112601.12335309347,14.969229412624541,True,False
2023-03-06,61,KFC,Midwest,44947.71875882334,14.969229412624541,False,False
2023-03-06,61,KFC,West,49083.36609185852,14.969229412624541,False,False
2023-03-06,61,KFC,Southwest,27267.962675006514,14.969229412624541,False,False
2023-03-06,61,Dominos,Northeast,42226.96674921205,9.768641015198977,False,False
2023-03-06,61,Dominos,South,55773.09588418303,9.768641015198977,False,False
2023-03-06,61,Dominos,Midwest,28528.902084928042,9.768641015198977,False,False
2023-03-06,61,Dominos,West,20237.600226923867,9.768641015198977,False,False
2023-03-06,61,Dominos,Southwest,24853.524535691613,9.768641015198977,False,False
2023-03-06,61,PizzaHut,Northeast,129028.93655444111,11.057440185263237,False,False
2023-03-06,61,PizzaHut,South,52467.787589957225,11.057440185263237,False,False
2023-03-06,61,PizzaHut,Midwest,150250.17472668213,11.057440185263237,False,False
2023-03-06,61,PizzaHut,West,58137.74416384569,11.057440185263237,False,False
2023-03-06,61,PizzaHut,Southwest,53284.23289748393,11.057440185263237,False,False
2023-03-13,62,McDonalds,Northeast,50805.14710870562,10.309824267031935,False,False
2023-03-13,62,McDonalds,South,44566.48293644729,10.309824267031935,False,False
2023-03-13,62,McDonalds,Midwest,44827.28536396243,10.309824267031935,False,False
2023-03-13,62,McDonalds,West,18077.45078329139,10.309824267031935,False,False
2023-03-13,62,McDonalds,Southwest,39556.62355001586,10.309824267031935,False,False
2023-03-13,62,BurgerKing,Northeast,22675.406190706482,14.7353013664426,False,False
2023-03-13,62,BurgerKing,South,117045.86727399315,14.7353013664426,True,False
2023-03-13,62,BurgerKing,Midwest,23912.25744864967,14.7353013664426,False,False
2023-03-13,62,BurgerKing,West,101813.55691325715,14.7353013664426,False,False
2023-03-13,62,BurgerKing,Southwest,70655.64573691995,14.7353013664426,False,False
2023-03-13,62,Wendys,Northeast,63055.36339723018,14.310400957705244,False,False
2023-03-13,62,Wendys,South,22954.416235183417,14.310400957705244,False,False
2023-03-13,62,Wendys,Midwest,84103.77924292165,14.310400957705244,False,False
2023-03-13,62,Wendys,West,29968.406647269785,14.310400957705244,False,False
2023-03-13,62,Wendys,Southwest,44373.45255378223,14.310400957705244,False,False
2023-03-13,62,TacoBell,Northeast,145816.89930524206,9.892682647174594,False,False
2023-03-13,62,TacoBell,South,23331.48726185211,9.892682647174594,False,False
2023-03-13,62,TacoBell,Midwest,67690.21252093972,9.892682647174594,True,False
2023-03-13,62,TacoBell,West,25563.034747306465,9.892682647174594,False,False
2023-03-13,62,TacoBell,Southwest,93742.52221012794,9.241844551022021,False,False
2023-03-13,62,Subway,Northeast,34768.70426479584,13.624792437784993,False,False
2023-03-13,62,Subway,South,49086.19253236413,13.624792437784993,False,False
2023-03-13,62,Subway,Midwest,12839.746136983558,13.624792437784993,False,False
2023-03-13,62,Subway,West,99572.24528492043,13.624792437784993,False,False
2023-03-13,62,Subway,Southwest,47632.41657477106,13.624792437784993,True,False
2023-03-13,62,KFC,Northeast,30858.856754885834,14.969229412624541,False,False
2023-03-13,62,KFC,South,98429.178502904,14.969229412624541,True,False
2023-03-13,62,KFC,Midwest,58350.07336101478,14.969229412624541,False,False
2023-03-13,62,KFC,West,55584.70869781605,14.969229412624541,False,False
2023-03-13,62,KFC,Southwest,28734.223258251368,15.43306587192683,False,False
2023-03-13,62,Dominos,Northeast,57980.40842001562,9.768641015198977,False,False
2023-03-13,62,Dominos,South,72246.8311364357,9.768641015198977,False,False
2023-03-13,62,Dominos,Midwest,32341.178338785056,9.768641015198977,False,False
2023-03-13,62,Dominos,West,25702.226446214583,9.768641015198977,False,False
2023-03-13,62,Dominos,Southwest,26179.021042969347,9.768641015198977,False,False
2023-03-13,62,PizzaHut,Northeast,136342.76299998164,11.057440185263237,False,False
2023-03-13,62,PizzaHut,South,60457.63518113956,11.057440185263237,False,False
2023-03-13,62,PizzaHut,Midwest,146999.51504752162,11.057440185263237,False,False
2023-03-13,62,PizzaHut,West,59797.75859369724,11.057440185263237,False,False
2023-03-13,62,PizzaHut,Southwest,57622.473258179874,11.057440185263237,False,False
2023-03-20,63,McDonalds,Northeast,63893.99160362282,9.120815273255278,False,False
2023-03-20,63,McDonalds,South,58092.00852594237,10.309824267031935,True,False
2023-03-20,63,McDonalds,Midwest,43613.240396905574,10.309824267031935,False,False
2023-03-20,63,McDonalds,West,17605.965323248583,10.309824267031935,False,False
2023-03-20,63,McDonalds,Southwest,38629.53815304574,10.309824267031935,False,False
2023-03-20,63,BurgerKing,Northeast,32482.7265312233,14.7353013664426,False,False
2023-03-20,63,BurgerKing,South,91495.22257478694,14.7353013664426,False,False
2023-03-20,63,BurgerKing,Midwest,23941.69602377117,14.7353013664426,False,False
2023-03-20,63,BurgerKing,West,109786.06980607945,14.7353013664426,False,False
2023-03-20,63,BurgerKing,Southwest,72967.81802241046,14.7353013664426,False,False
2023-03-20,63,Wendys,Northeast,54499.747132768825,14.310400957705244,False,False
2023-03-20,63,Wendys,South,25456.962737181548,14.310400957705244,False,False
2023-03-20,63,Wendys,Midwest,87795.58970134651,14.310400957705244,False,False
2023-03-20,63,Wendys,West,40431.285991606244,14.310400957705244,False,False
2023-03-20,63,Wendys,Southwest,50394.4525119719,14.310400957705244,False,False
2023-03-20,63,TacoBell,Northeast,170989.5143570889,9.892682647174594,False,False
2023-03-20,63,TacoBell,South,16039.043640388469,9.892682647174594,False,False
2023-03-20,63,TacoBell,Midwest,61101.24322482202,9.892682647174594,False,False
2023-03-20,63,TacoBell,West,23435.18172069705,9.892682647174594,False,False
2023-03-20,63,TacoBell,Southwest,86294.77652360294,9.892682647174594,False,False
2023-03-20,63,Subway,Northeast,37789.242169297984,13.624792437784993,False,False
2023-03-20,63,Subway,South,61276.40570742661,13.624792437784993,False,False
2023-03-20,63,Subway,Midwest,11223.316484435707,13.624792437784993,False,False
2023-03-20,63,Subway,West,82635.67830596564,13.624792437784993,False,False
2023-03-20,63,Subway,Southwest,44372.579326113766,12.858951288401718,False,False
2023-03-20,63,KFC,Northeast,31118.58024954148,14.969229412624541,False,False
2023-03-20,63,KFC,South,90921.82880970648,14.969229412624541,False,False
2023-03-20,63,KFC,Midwest,65273.563261252646,14.969229412624541,False,False
2023-03-20,63,KFC,West,46624.44173271537,14.969229412624541,False,False
2023-03-20,63,KFC,Southwest,25180.409107663847,14.969229412624541,False,False
2023-03-20,63,Dominos,Northeast,42653.59577768466,9.768641015198977,False,False
2023-03-20,63,Dominos,South,49290.41260495222,9.768641015198977,False,False
2023-03-20,63,Dominos,Midwest,26343.77249636651,9.768641015198977,False,False
2023-03-20,63,Dominos,West,23858.888241671324,9.768641015198977,False,False
2023-03-20,63,Dominos,Southwest,31272.95815065331,9.768641015198977,False,False
2023-03-20,63,PizzaHut,Northeast,154304.51710563977,11.057440185263237,True,False
2023-03-20,63,PizzaHut,South,53471.06074840332,11.057440185263237,False,False
2023-03-20,63,PizzaHut,Midwest,177982.28914358508,11.057440185263237,True,False
2023-03-20,63,PizzaHut,West,65276.5775965964,11.057440185263237,False,False
2023-03-20,63,PizzaHut,Southwest,59493.40427409618,11.057440185263237,False,False
2023-03-27,64,McDonalds,Northeast,51570.950917745075,10.309824267031935,False,False
2023-03-27,64,McDonalds,South,46417.97863299714,10.309824267031935,False,False
2023-03-27,64,McDonalds,Midwest,44366.281515164424,10.309824267031935,False,False
2023-03-27,64,McDonalds,West,17631.71267448007,10.309824267031935,False,False
2023-03-27,64,McDonalds,Southwest,39952.648545335294,10.309824267031935,False,False
2023-03-27,64,BurgerKing,Northeast,29629.52194849027,14.7353013664426,False,False
2023-03-27,64,BurgerKing,South,79625.22560576274,14.7353013664426,False,False
2023-03-27,64,BurgerKing,Midwest,29655.34786915098,14.7353013664426,False,False
2023-03-27,64,BurgerKing,West,126871.55110375436,14.7353013664426,False,False
2023-03-27,64,BurgerKing,Southwest,83296.40836018536,14.7353013664426,False,False
2023-03-27,64,Wendys,Northeast,52446.452476779385,14.310400957705244,False,False
2023-03-27,64,Wendys,South,18109.569445905432,14.310400957705244,False,False
2023-03-27,64,Wendys,Midwest,86394.7393505539,14.310400957705244,False,False
2023-03-27,64,Wendys,West,35137.51282495994,14.310400957705244,False,False
2023-03-27,64,Wendys,Southwest,46874.75576682653,14.310400957705244,False,False
2023-03-27,64,TacoBell,Northeast,154960.4240814977,9.892682647174594,False,False
2023-03-27,64,TacoBell,South,16274.163869461312,9.892682647174594,False,False
2023-03-27,64,TacoBell,Midwest,65972.6364101256,9.892682647174594,False,False
2023-03-27,64,TacoBell,West,21406.706138857273,9.892682647174594,False,False
2023-03-27,64,TacoBell,Southwest,75490.1851275031,9.892682647174594,False,False
2023-03-27,64,Subway,Northeast,33533.83977763266,13.624792437784993,False,False
2023-03-27,64,Subway,South,60452.81802634425,13.624792437784993,False,False
2023-03-27,64,Subway,Midwest,14831.223374591467,12.922523133136826,False,False
2023-03-27,64,Subway,West,85264.07685009892,13.624792437784993,False,False
2023-03-27,64,Subway,Southwest,42302.305536631575,13.624792437784993,False,False
2023-03-27,64,KFC,Northeast,30986.354361841066,14.969229412624541,False,False
2023-03-27,64,KFC,South,111406.63695753175,14.969229412624541,True,False
2023-03-27,64,KFC,Midwest,58659.486620015574,14.969229412624541,False,False
2023-03-27,64,KFC,West,55922.7681955846,14.969229412624541,False,False
2023-03-27,64,KFC,Southwest,23512.525226660153,14.969229412624541,False,False
2023-03-27,64,Dominos,Northeast,45711.00880795522,9.768641015198977,False,False
2023-03-27,64,Dominos,South,74890.48662792107,9.14164491130361,False,False
2023-03-27,64,Dominos,Midwest,33171.365631774825,9.768641015198977,False,False
2023-03-27,64,Dominos,West,23988.887024951287,9.768641015198977,False,False
2023-03-27,64,Dominos,Southwest,36932.28071728616,9.768641015198977,False,False
2023-03-27,64,PizzaHut,Northeast,132626.8139843645,11.057440185263237,False,False
2023-03-27,64,PizzaHut,South,50952.92926842716,11.057440185263237,False,False
2023-03-27,64,PizzaHut,Midwest,159116.41117790955,11.057440185263237,False,False
2023-03-27,64,PizzaHut,West,74313.80438484279,11.057440185263237,False,False
2023-03-27,64,PizzaHut,Southwest,61432.547557524056,11.057440185263237,False,False
2023-04-03,65,McDonalds,Northeast,60142.96793539219,10.309824267031935,True,False
2023-04-03,65,McDonalds,South,44214.26561586386,10.309824267031935,False,False
2023-04-03,65,McDonalds,Midwest,32620.507431245624,10.309824267031935,False,False
2023-04-03,65,McDonalds,West,16667.559108716978,10.309824267031935,False,False
2023-04-03,65,McDonalds,Southwest,37623.97959910164,10.309824267031935,False,False
2023-04-03,65,BurgerKing,Northeast,28057.92030820113,14.7353013664426,False,False
2023-04-03,65,BurgerKing,South,98211.62759601785,14.7353013664426,False,False
2023-04-03,65,BurgerKing,Midwest,30060.624550844397,14.7353013664426,False,False
2023-04-03,65,BurgerKing,West,122895.58460945211,14.7353013664426,False,False
2023-04-03,65,BurgerKing,Southwest,90278.8789536434,14.7353013664426,False,False
2023-04-03,65,Wendys,Northeast,68048.16442574085,14.310400957705244,False,False
2023-04-03,65,Wendys,South,22999.994926337786,14.310400957705244,False,False
2023-04-03,65,Wendys,Midwest,68830.41655002617,14.310400957705244,False,False
2023-04-03,65,Wendys,West,34332.433919776995,14.310400957705244,False,False
2023-04-03,65,Wendys,Southwest,44835.339979415985,14.310400957705244,False,False
2023-04-03,65,TacoBell,Northeast,193127.5864183321,9.892682647174594,False,False
2023-04-03,65,TacoBell,South,19037.629549036243,9.892682647174594,False,False
2023-04-03,65,TacoBell,Midwest,56520.12695384632,9.892682647174594,False,False
2023-04-03,65,TacoBell,West,27566.28302629898,9.892682647174594,True,False
2023-04-03,65,TacoBell,Southwest,54331.88770880121,9.892682647174594,False,False
2023-04-03,65,Subway,Northeast,30986.87182418362,13.624792437784993,False,False
2023-04-03,65,Subway,South,58868.16122839509,13.624792437784993,False,False
2023-04-03,65,Subway,Midwest,11793.708991108299,13.624792437784993,False,False
2023-04-03,65,Subway,West,59976.97243531768,13.624792437784993,False,False
2023-04-03,65,Subway,Southwest,32102.382046695377,13.624792437784993,False,False
2023-04-03,65,KFC,Northeast,30683.981008125163,14.969229412624541,False,False
2023-04-03,65,KFC,South,88940.76319894848,14.969229412624541,False,False
2023-04-03,65,KFC,Midwest,69719.35335033588,14.969229412624541,True,False
2023-04-03,65,KFC,West,56583.04538354012,14.969229412624541,True,False
2023-04-03,65,KFC,Southwest,30759.36601664761,14.969229412624541,False,False
2023-04-03,65,Dominos,Northeast,51729.50168670347,9.768641015198977,False,False
2023-04-03,65,Dominos,South,63251.35647373809,9.768641015198977,False,False
2023-04-03,65,Dominos,Midwest,32183.694025137236,9.768641015198977,False,False
2023-04-03,65,Dominos,West,26562.904934406193,9.768641015198977,False,False
2023-04-03,65,Dominos,Southwest,34713.7614325587,9.768641015198977,False,False
2023-04-03,65,PizzaHut,Northeast,155985.64477348462,11.057440185263237,False,False
2023-04-03,65,PizzaHut,South,56222.186452224036,11.057440185263237,False,False
2023-04-03,65,PizzaHut,Midwest,119769.40977958527,11.18025237940214,False,False
2023-04-03,65,PizzaHut,West,64223.15872660976,11.057440185263237,False,False
2023-04-03,65,PizzaHut,Southwest,62906.79182533789,11.057440185263237,False,False
2023-04-10,66,McDonalds,Northeast,48948.61138204869,10.309824267031935,False,False
2023-04-10,66,McDonalds,South,48096.59728032116,10.309824267031935,False,False
2023-04-10,66,McDonalds,Midwest,51657.102297084835,10.309824267031935,True,False
2023-04-10,66,McDonalds,West,17669.986069189366,10.309824267031935,False,False
2023-04-10,66,McDonalds,Southwest,55122.73526406388,10.309824267031935,False,False
2023-04-10,66,BurgerKing,Northeast,35549.378250277136,14.7353013664426,False,False
2023-04-10,66,BurgerKing,South,96996.62994075485,14.7353013664426,False,False
2023-04-10,66,BurgerKing,Midwest,30886.62342286709,14.7353013664426,False,False
2023-04-10,66,BurgerKing,West,136837.3349342435,14.7353013664426,False,False
2023-04-10,66,BurgerKing,Southwest,82156.99617453327,14.7353013664426,False,False
2023-04-10,66,Wendys,Northeast,59755.8436012342,14.310400957705244,False,False
2023-04-10,66,Wendys,South,23788.259323608294,14.310400957705244,False,False
2023-04-10,66,Wendys,Midwest,98928.80429671591,14.310400957705244,False,False
2023-04-10,66,Wendys,West,33826.15126225339,14.310400957705244,False,False
2023-04-10,66,Wendys,Southwest,43453.60514845683,14.310400957705244,False,False
2023-04-10,66,TacoBell,Northeast,148093.4404691682,9.892682647174594,False,False
2023-04-10,66,TacoBell,South,16351.181800356384,9.892682647174594,False,False
2023-04-10,66,TacoBell,Midwest,55307.91609880521,9.892682647174594,False,False
2023-04-10,66,TacoBell,West,18590.164297875763,9.892682647174594,False,False
2023-04-10,66,TacoBell,Southwest,68125.40856755264,9.892682647174594,False,False
2023-04-10,66,Subway,Northeast,34169.047280549974,13.624792437784993,False,False
2023-04-10,66,Subway,South,58216.86397266915,13.624792437784993,False,False
2023-04-10,66,Subway,Midwest,12984.397626195625,13.624792437784993,False,False
2023-04-10,66,Subway,West,83216.05875425917,13.342273144382432,True,False
2023-04-10,66,Subway,Southwest,35602.15861854418,13.624792437784993,False,False
2023-04-10,66,KFC,Northeast,35408.028263196,14.969229412624541,False,False
2023-04-10,66,KFC,South,85267.320975582,14.969229412624541,False,False
2023-04-10,66,KFC,Midwest,57701.54289391862,14.969229412624541,False,False
2023-04-10,66,KFC,West,56656.78037465278,14.969229412624541,False,False
2023-04-10,66,KFC,Southwest,25338.759417123038,14.969229412624541,False,False
2023-04-10,66,Dominos,Northeast,63977.65647419137,9.768641015198977,False,False
2023-04-10,66,Dominos,South,77910.82542035739,9.768641015198977,True,False
2023-04-10,66,Dominos,Midwest,30741.89994961356,9.768641015198977,False,False
2023-04-10,66,Dominos,West,20847.40927461265,11.031913630425139,False,False
2023-04-10,66,Dominos,Southwest,39177.86333563769,9.768641015198977,False,False
2023-04-10,66,PizzaHut,Northeast,113651.25235517335,11.057440185263237,False,False
2023-04-10,66,PizzaHut,South,52831.68213715065,11.66287508466082,False,False
2023-04-10,66,PizzaHut,Midwest,156641.0192499028,11.057440185263237,False,False
2023-04-10,66,PizzaHut,West,75411.6198384958,11.057440185263237,False,False
2023-04-10,66,PizzaHut,Southwest,75792.66633056341,11.057440185263237,False,False
2023-04-17,67,McDonalds,Northeast,50643.219625507394,10.309824267031935,False,False
2023-04-17,67,McDonalds,South,40873.49922664405,10.262353986034913,False,False
2023-04-17,67,McDonalds,Midwest,38277.27971890637,10.309824267031935,False,False
2023-04-17,67,McDonalds,West,17243.21583701874,10.309824267031935,False,False
2023-04-17,67,McDonalds,Southwest,40773.55025350407,10.309824267031935,False,False
2023-04-17,67,BurgerKing,Northeast,29506.219796486657,14.7353013664426,False,False
2023-04-17,67,BurgerKing,South,69701.53775237672,14.7353013664426,False,False
2023-04-17,67,BurgerKing,Midwest,28458.020012101646,14.7353013664426,False,False
2023-04-17,67,BurgerKing,West,171893.36007168202,14.7353013664426,False,False
2023-04-17,67,BurgerKing,Southwest,88192.77010416225,14.7353013664426,False,False
2023-04-17,67,Wendys,Northeast,63003.96737479702,15.762973832883638,False,False
2023-04-17,67,Wendys,South,20803.83241530708,14.310400957705244,False,False
2023-04-17,67,Wendys,Midwest,83182.47850579358,14.310400957705244,False,False
2023-04-17,67,Wendys,West,31860.742535379934,14.310400957705244,False,False
2023-04-17,67,Wendys,Southwest,47670.0313407532,14.310400957705244,False,False
2023-04-17,67,TacoBell,Northeast,163853.60664381325,9.892682647174594,False,False
2023-04-17,67,TacoBell,South,18446.205360390548,9.892682647174594,False,False
2023-04-17,67,TacoBell,Midwest,55876.68385158493,9.892682647174594,False,False
2023-04-17,67,TacoBell,West,17960.864141961447,9.892682647174594,False,False
2023-04-17,67,TacoBell,Southwest,61638.65510508061,9.892682647174594,False,False
2023-04-17,67,Subway,Northeast,32375.948274756778,13.624792437784993,False,False
2023-04-17,67,Subway,South,55747.285778582,13.624792437784993,False,False
2023-04-17,67,Subway,Midwest,10745.364651258438,13.624792437784993,False,False
2023-04-17,67,Subway,West,60264.71064737007,13.624792437784993,False,False
2023-04-17,67,Subway,Southwest,25942.10655306396,13.624792437784993,False,False
2023-04-17,67,KFC,Northeast,34833.665849057696,14.969229412624541,False,False
2023-04-17,67,KFC,South,94635.57790459647,14.969229412624541,False,False
2023-04-17,67,KFC,Midwest,82743.77234821023,14.969229412624541,False,False
2023-04-17,67,KFC,West,59476.92394322272,14.969229412624541,False,False
2023-04-17,67,KFC,Southwest,24897.396163580335,14.969229412624541,False,False
2023-04-17,67,Dominos,Northeast,71213.17300679666,9.768641015198977,False,False
2023-04-17,67,Dominos,South,63154.52351558465,9.768641015198977,False,False
2023-04-17,67,Dominos,Midwest,33743.59459735875,9.768641015198977,False,False
2023-04-17,67,Dominos,West,34877.57222067138,9.768641015198977,True,False
2023-04-17,67,Dominos,Southwest,34286.735671015354,9.768641015198977,False,False
2023-04-17,67,PizzaHut,Northeast,124033.06584664267,11.057440185263237,False,False
2023-04-17,67,PizzaHut,South,54135.99912600739,11.057440185263237,False,False
2023-04-17,67,PizzaHut,Midwest,151373.71673886027,11.057440185263237,False,False
2023-04-17,67,PizzaHut,West,57008.12887454026,11.057440185263237,False,False
2023-04-17,67,PizzaHut,Southwest,57020.10753338383,11.057440185263237,False,False
2023-04-24,68,McDonalds,Northeast,64060.522282274345,10.309824267031935,False,False
2023-04-24,68,McDonalds,South,52508.54600840305,10.309824267031935,False,False
2023-04-24,68,McDonalds,Midwest,39659.542753542235,10.845408167146363,False,False
2023-04-24,68,McDonalds,West,19128.538042039774,10.309824267031935,False,False
2023-04-24,68,McDonalds,Southwest,47897.21937233667,9.502702652460767,False,False
2023-04-24,68,BurgerKing,Northeast,32518.115757433538,14.7353013664426,False,False
2023-04-24,68,BurgerKing,South,91026.62470991455,14.7353013664426,False,False
2023-04-24,68,BurgerKing,Midwest,30675.474038123466,14.7353013664426,False,False
2023-04-24,68,BurgerKing,West,119256.69862680453,14.7353013664426,False,False
2023-04-24,68,BurgerKing,Southwest,70385.82273170332,14.7353013664426,False,False
2023-04-24,68,Wendys,Northeast,58413.03532875248,14.310400957705244,False,False
2023-04-24,68,Wendys,South,24642.547606723772,14.310400957705244,False,False
2023-04-24,68,Wendys,Midwest,70751.46798193458,14.310400957705244,False,False
2023-04-24,68,Wendys,West,35988.8298958055,14.310400957705244,False,False
2023-04-24,68,Wendys,Southwest,44273.663853131,14.310400957705244,False,False
2023-04-24,68,TacoBell,Northeast,131490.29951319125,9.892682647174594,False,False
2023-04-24,68,TacoBell,South,15249.587072729857,9.892682647174594,False,False
2023-04-24,68,TacoBell,Midwest,40328.55660829223,9.892682647174594,False,False
2023-04-24,68,TacoBell,West,20470.813856221324,9.892682647174594,True,False
2023-04-24,68,TacoBell,Southwest,60304.32019031378,9.892682647174594,False,False
2023-04-24,68,Subway,Northeast,32016.699669174017,13.624792437784993,False,False
2023-04-24,68,Subway,South,58696.29036529374,13.624792437784993,False,False
2023-04-24,68,Subway,Midwest,12423.404222105479,13.624792437784993,False,False
2023-04-24,68,Subway,West,85022.40871575821,13.624792437784993,False,False
2023-04-24,68,Subway,Southwest,33095.015801073416,13.624792437784993,False,False
2023-04-24,68,KFC,Northeast,31382.923202071423,14.969229412624541,False,False
2023-04-24,68,KFC,South,106650.21825521246,14.969229412624541,True,False
2023-04-24,68,KFC,Midwest,61919.90541246155,14.969229412624541,False,False
2023-04-24,68,KFC,West,58397.75985904122,14.969229412624541,False,False
2023-04-24,68,KFC,Southwest,23092.172054052855,14.969229412624541,False,False
2023-04-24,68,Dominos,Northeast,63620.051179223425,9.768641015198977,False,False
2023-04-24,68,Dominos,South,64594.68622586636,9.768641015198977,False,False
2023-04-24,68,Dominos,Midwest,39306.81930648411,9.768641015198977,False,False
2023-04-24,68,Dominos,West,33386.38054802291,9.768641015198977,False,False
2023-04-24,68,Dominos,Southwest,36522.52379656581,9.768641015198977,False,False
2023-04-24,68,PizzaHut,Northeast,121676.70446687356,11.057440185263237,False,False
2023-04-24,68,PizzaHut,South,56613.002983627935,11.057440185263237,False,False
2023-04-24,68,PizzaHut,Midwest,136846.85898258793,11.057440185263237,False,False
2023-04-24,68,PizzaHut,West,60644.473384768375,11.057440185263237,False,False
2023-04-24,68,PizzaHut,Southwest,55345.88598224971,11.90216820167253,False,False
2023-05-01,69,McDonalds,Northeast,50518.56467366646,10.309824267031935,False,False
2023-05-01,69,McDonalds,South,47874.88685483868,10.16396478746222,False,False
2023-05-01,69,McDonalds,Midwest,37823.465196812365,10.309824267031935,False,False
2023-05-01,69,McDonalds,West,30532.382919707932,10.309824267031935,True,False
2023-05-01,69,McDonalds,Southwest,50680.52561666299,10.309824267031935,False,False
2023-05-01,69,BurgerKing,Northeast,38321.37028169537,14.7353013664426,True,False
2023-05-01,69,BurgerKing,South,99231.71614083512,14.7353013664426,False,False
2023-05-01,69,BurgerKing,Midwest,33302.21868090185,14.7353013664426,False,False
2023-05-01,69,BurgerKing,West,137535.9870266731,14.7353013664426,False,False
2023-05-01,69,BurgerKing,Southwest,94405.22177802828,14.7353013664426,False,False
2023-05-01,69,Wendys,Northeast,51174.8226995767,14.310400957705244,False,False
2023-05-01,69,Wendys,South,18726.252520987127,14.310400957705244,False,False
2023-05-01,69,Wendys,Midwest,96053.18786650141,14.310400957705244,False,False
2023-05-01,69,Wendys,West,39796.01659519438,14.310400957705244,True,False
2023-05-01,69,Wendys,Southwest,49013.7725923428,14.310400957705244,False,False
2023-05-01,69,TacoBell,Northeast,118044.49028423519,9.892682647174594,False,False
2023-05-01,69,TacoBell,South,11134.677003769288,9.892682647174594,False,False
2023-05-01,69,TacoBell,Midwest,45190.967310816646,9.892682647174594,False,False
2023-05-01,69,TacoBell,West,17900.901319586577,9.669752889979009,False,False
2023-05-01,69,TacoBell,Southwest,56428.08429475892,9.892682647174594,False,False
2023-05-01,69,Subway,Northeast,36023.60178266308,13.624792437784993,False,False
2023-05-01,69,Subway,South,50928.29154404382,13.624792437784993,False,False
2023-05-01,69,Subway,Midwest,12126.906012771355,13.624792437784993,False,False
2023-05-01,69,Subway,West,83154.00385452944,13.624792437784993,False,False
2023-05-01,69,Subway,Southwest,44127.644832712045,13.624792437784993,True,False
2023-05-01,69,KFC,Northeast,35737.10333610062,14.969229412624541,False,False
2023-05-01,69,KFC,South,103050.78997354816,14.969229412624541,False,False
2023-05-01,69,KFC,Midwest,70935.11034708135,14.969229412624541,False,False
2023-05-01,69,KFC,West,54646.47488293794,14.969229412624541,False,False
2023-05-01,69,KFC,Southwest,24450.56937738692,14.969229412624541,False,False
2023-05-01,69,Dominos,Northeast,53251.219585845385,9.768641015198977,False,False
2023-05-01,69,Dominos,South,70206.01554813705,9.768641015198977,False,False
2023-05-01,69,Dominos,Midwest,34286.64023608535,9.768641015198977,False,False
2023-05-01,69,Dominos,West,29919.04743232929,9.768641015198977,False,False
2023-05-01,69,Dominos,Southwest,36106.5872314209,9.768641015198977,False,False
2023-05-01,69,PizzaHut,Northeast,148164.59225339475,11.057440185263237,False,False
2023-05-01,69,PizzaHut,South,62776.76940827345,11.057440185263237,False,False
2023-05-01,69,PizzaHut,Midwest,158920.80344523618,11.057440185263237,False,False
2023-05-01,69,PizzaHut,West,68516.25280603018,11.057440185263237,False,False
2023-05-01,69,PizzaHut,Southwest,64227.255099600094,11.057440185263237,False,False
2023-05-08,70,McDonalds,Northeast,64048.146339894454,10.309824267031935,False,False
2023-05-08,70,McDonalds,South,75630.12763790267,10.309824267031935,True,False
2023-05-08,70,McDonalds,Midwest,44425.728660729226,10.309824267031935,False,False
2023-05-08,70,McDonalds,West,23980.16141889803,10.309824267031935,False,False
2023-05-08,70,McDonalds,Southwest,41398.348184917,10.309824267031935,False,False
2023-05-08,70,BurgerKing,Northeast,25426.54755527278,14.7353013664426,False,False
2023-05-08,70,BurgerKing,South,108645.39338698746,14.7353013664426,False,False
2023-05-08,70,BurgerKing,Midwest,32650.66389666827,14.7353013664426,False,False
2023-05-08,70,BurgerKing,West,103779.84717250853,14.7353013664426,False,False
2023-05-08,70,BurgerKing,Southwest,95125.0770121568,14.7353013664426,False,False
2023-05-08,70,Wendys,Northeast,61603.03710596749,14.310400957705244,False,False
2023-05-08,70,Wendys,South,23035.000375470063,14.310400957705244,False,False
2023-05-08,70,Wendys,Midwest,72401.17614125281,14.310400957705244,False,False
2023-05-08,70,Wendys,West,30966.77125072392,14.310400957705244,False,False
2023-05-08,70,Wendys,Southwest,53144.15148142512,14.310400957705244,False,False
2023-05-08,70,TacoBell,Northeast,101716.00812121519,12.278441754828153,False,False
2023-05-08,70,TacoBell,South,11248.811040528106,9.892682647174594,True,False
2023-05-08,70,TacoBell,Midwest,45490.751791498806,9.892682647174594,False,False
2023-05-08,70,TacoBell,West,13319.531598222084,9.892682647174594,False,False
2023-05-08,70,TacoBell,Southwest,65223.2902576714,9.892682647174594,True,False
2023-05-08,70,Subway,Northeast,31790.147305589493,13.624792437784993,False,False
2023-05-08,70,Subway,South,57544.85237010527,13.624792437784993,False,False
2023-05-08,70,Subway,Midwest,14280.279008270378,13.624792437784993,False,False
2023-05-08,70,Subway,West,85357.94007886686,13.624792437784993,False,False
2023-05-08,70,Subway,Southwest,31708.998309677245,13.624792437784993,False,False
2023-05-08,70,KFC,Northeast,41498.89107071631,14.969229412624541,False,False
2023-05-08,70,KFC,South,91814.02959156953,14.969229412624541,False,False
2023-05-08,70,KFC,Midwest,58090.27439031986,14.969229412624541,False,False
2023-05-08,70,KFC,West,54907.63632390324,14.969229412624541,False,False
2023-05-08,70,KFC,Southwest,25850.996506456493,14.969229412624541,False,False
2023-05-08,70,Dominos,Northeast,66520.18881756856,9.768641015198977,False,False
2023-05-08,70,Dominos,South,59441.29533332824,9.768641015198977,False,False
2023-05-08,70,Dominos,Midwest,33982.61996805791,9.768641015198977,False,False
2023-05-08,70,Dominos,West,41821.932122455015,9.768641015198977,True,False
2023-05-08,70,Dominos,Southwest,43812.10488218521,9.768641015198977,False,False
2023-05-08,70,PizzaHut,Northeast,138788.14293181206,11.057440185263237,False,False
2023-05-08,70,PizzaHut,South,54022.72899928301,11.057440185263237,False,False
2023-05-08,70,PizzaHut,Midwest,141678.07448546373,11.057440185263237,False,False
2023-05-08,70,PizzaHut,West,62409.96280714982,11.057440185263237,False,False
2023-05-08,70,PizzaHut,Southwest,55109.39117758927,11.057440185263237,False,False
2023-05-15,71,McDonalds,Northeast,68721.69603849234,10.309824267031935,True,False
2023-05-15,71,McDonalds,South,69444.50030785434,10.309824267031935,False,False
2023-05-15,71,McDonalds,Midwest,38162.78320198441,10.309824267031935,False,False
2023-05-15,71,McDonalds,West,24751.103234300634,10.309824267031935,False,False
2023-05-15,71,McDonalds,Southwest,51258.31211548344,10.309824267031935,False,False
2023-05-15,71,BurgerKing,Northeast,30647.92429606467,14.7353013664426,False,False
2023-05-15,71,BurgerKing,South,91764.50330239111,14.7353013664426,False,False
2023-05-15,71,BurgerKing,Midwest,28120.223020961213,14.7353013664426,False,False
2023-05-15,71,BurgerKing,West,115630.88001685761,14.7353013664426,False,False
2023-05-15,71,BurgerKing,Southwest,77816.60516615142,14.7353013664426,False,False
2023-05-15,71,Wendys,Northeast,58651.19964041435,14.310400957705244,False,False
2023-05-15,71,Wendys,South,21582.79629168965,14.310400957705244,False,False
2023-05-15,71,Wendys,Midwest,80026.9218170195,14.310400957705244,False,False
2023-05-15,71,Wendys,West,27748.567929537578,14.310400957705244,False,False
2023-05-15,71,Wendys,Southwest,46630.88868030973,14.310400957705244,False,False
2023-05-15,71,TacoBell,Northeast,140857.56316391664,9.892682647174594,False,False
2023-05-15,71,TacoBell,South,9443.379686490442,9.892682647174594,False,False
2023-05-15,71,TacoBell,Midwest,40457.80356077259,9.892682647174594,False,False
2023-05-15,71,TacoBell,West,13889.277494968092,11.020461612767146,True,False
2023-05-15,71,TacoBell,Southwest,57738.77426241138,9.892682647174594,False,False
2023-05-15,71,Subway,Northeast,32686.219462894005,13.624792437784993,False,False
2023-05-15,71,Subway,South,53660.191927066524,13.624792437784993,False,False
2023-05-15,71,Subway,Midwest,15105.199219972874,13.624792437784993,False,False
2023-05-15,71,Subway,West,66694.47169814173,13.624792437784993,False,False
2023-05-15,71,Subway,Southwest,51190.8743417522,13.624792437784993,True,False
2023-05-15,71,KFC,Northeast,37184.03929917216,14.969229412624541,False,False
2023-05-15,71,KFC,South,96228.23585664501,14.969229412624541,False,False
2023-05-15,71,KFC,Midwest,59539.17621909265,14.969229412624541,False,False
2023-05-15,71,KFC,West,59558.34447901389,14.969229412624541,False,False
2023-05-15,71,KFC,Southwest,31463.309026838844,13.555007194629301,False,False
2023-05-15,71,Dominos,Northeast,56865.7159917543,9.768641015198977,False,False
2023-05-15,71,Dominos,South,87841.56272381905,7.6956050657213755,False,False
2023-05-15,71,Dominos,Midwest,37075.81077508401,9.768641015198977,False,False
2023-05-15,71,Dominos,West,31535.815187048232,9.768641015198977,False,False
2023-05-15,71,Dominos,Southwest,45326.340338825816,9.768641015198977,False,False
2023-05-15,71,PizzaHut,Northeast,120974.0964710189,11.057440185263237,False,False
2023-05-15,71,PizzaHut,South,57390.77417445971,11.057440185263237,False,False
2023-05-15,71,PizzaHut,Midwest,139764.31947559718,11.057440185263237,False,False
2023-05-15,71,PizzaHut,West,52534.16338126695,11.057440185263237,False,False
2023-05-15,71,PizzaHut,Southwest,63864.077205970636,11.057440185263237,False,False
2023-05-22,72,McDonalds,Northeast,56848.07831303725,10.309824267031935,False,False
2023-05-22,72,McDonalds,South,55846.51841820194,10.309824267031935,False,False
2023-05-22,72,McDonalds,Midwest,45138.014087523006,10.309824267031935,False,False
2023-05-22,72,McDonalds,West,27373.898518093378,10.309824267031935,False,False
2023-05-22,72,McDonalds,Southwest,45125.013396709335,10.309824267031935,False,False
2023-05-22,72,BurgerKing,Northeast,32970.08736962021,14.7353013664426,False,False
2023-05-22,72,BurgerKing,South,99861.7351474447,14.7353013664426,False,False
2023-05-22,72,BurgerKing,Midwest,33438.49843136006,14.7353013664426,False,False
2023-05-22,72,BurgerKing,West,130224.85021700994,14.7353013664426,False,False
2023-05-22,72,BurgerKing,Southwest,79540.19726580569,14.7353013664426,False,False
2023-05-22,72,Wendys,Northeast,56317.84312797963,14.310400957705244,False,False
2023-05-22,72,Wendys,South,17565.274664541583,14.310400957705244,False,False
2023-05-22,72,Wendys,Midwest,109092.73502426046,12.25329900067375,False,False
2023-05-22,72,Wendys,West,28880.950245182583,14.310400957705244,False,False
2023-05-22,72,Wendys,Southwest,41911.63425556914,14.310400957705244,False,False
2023-05-22,72,TacoBell,Northeast,145476.42161334926,9.892682647174594,False,False
2023-05-22,72,TacoBell,South,10155.404316771766,9.892682647174594,False,False
2023-05-22,72,TacoBell,Midwest,53222.82056241889,9.892682647174594,False,False
2023-05-22,72,TacoBell,West,16549.194273867368,9.892682647174594,False,False
2023-05-22,72,TacoBell,Southwest,61330.70774685798,9.892682647174594,False,False
2023-05-22,72,Subway,Northeast,37225.53361393238,13.624792437784993,True,False
2023-05-22,72,Subway,South,51650.83289184057,13.624792437784993,False,False
2023-05-22,72,Subway,Midwest,14223.318204188481,13.624792437784993,False,False
2023-05-22,72,Subway,West,73061.48105944441,13.624792437784993,False,False
2023-05-22,72,Subway,Southwest,39625.372046168115,13.624792437784993,True,False
2023-05-22,72,KFC,Northeast,41669.09694902055,14.969229412624541,False,False
2023-05-22,72,KFC,South,83764.1954299846,14.969229412624541,False,False
2023-05-22,72,KFC,Midwest,70934.86021170401,14.969229412624541,False,False
2023-05-22,72,KFC,West,60329.157785905336,14.969229412624541,False,False
2023-05-22,72,KFC,Southwest,33402.10572787774,14.969229412624541,True,False
2023-05-22,72,Dominos,Northeast,68335.72229246955,9.768641015198977,False,False
2023-05-22,72,Dominos,South,71600.29280444446,9.768641015198977,False,False
2023-05-22,72,Dominos,Midwest,30190.202510514377,10.607379420984296,False,False
2023-05-22,72,Dominos,West,39784.8200015046,9.768641015198977,False,False
2023-05-22,72,Dominos,Southwest,42871.904875867745,9.768641015198977,False,False
2023-05-22,72,PizzaHut,Northeast,117929.17596045928,11.057440185263237,False,False
2023-05-22,72,PizzaHut,South,45434.264401190885,11.057440185263237,False,False
2023-05-22,72,PizzaHut,Midwest,142446.76328284224,11.057440185263237,False,False
2023-05-22,72,PizzaHut,West,51612.1769334382,11.057440185263237,False,False
2023-05-22,72,PizzaHut,Southwest,52325.59402874005,11.057440185263237,False,False
2023-05-29,73,McDonalds,Northeast,65657.49416613592,10.309824267031935,False,False
2023-05-29,73,McDonalds,South,74294.11255783807,10.309824267031935,False,False
2023-05-29,73,McDonalds,Midwest,43956.84301949699,10.309824267031935,False,False
2023-05-29,73,McDonalds,West,20639.554730353128,10.309824267031935,False,False
2023-05-29,73,McDonalds,Southwest,53514.78872272019,10.309824267031935,False,False
2023-05-29,73,BurgerKing,Northeast,30488.229067054537,14.7353013664426,False,False
2023-05-29,73,BurgerKing,South,78623.56362851917,14.7353013664426,False,False
2023-05-29,73,BurgerKing,Midwest,35148.477909862064,14.7353013664426,False,False
2023-05-29,73,BurgerKing,West,106366.32727693795,14.7353013664426,False,False
2023-05-29,73,BurgerKing,Southwest,81456.52917387974,14.7353013664426,False,False
2023-05-29,73,Wendys,Northeast,54639.147477931845,14.310400957705244,False,False
2023-05-29,73,Wendys,South,16794.5100590767,14.310400957705244,False,False
2023-05-29,73,Wendys,Midwest,79390.98552642546,14.310400957705244,False,False
2023-05-29,73,Wendys,West,27007.252048373393,14.310400957705244,False,False
2023-05-29,73,Wendys,Southwest,39215.175241555546,14.310400957705244,False,False
2023-05-29,73,TacoBell,Northeast,186808.29947963048,9.892682647174594,True,False
2023-05-29,73,TacoBell,South,6324.875820468733,9.892682647174594,False,False
2023-05-29,73,TacoBell,Midwest,50031.98233599601,9.892682647174594,False,False
2023-05-29,73,TacoBell,West,13683.162391015589,9.892682647174594,False,False
2023-05-29,73,TacoBell,Southwest,47530.02598953738,9.892682647174594,False,False
2023-05-29,73,Subway,Northeast,30701.286541177134,13.624792437784993,False,False
2023-05-29,73,Subway,South,54992.89164526066,13.624792437784993,False,False
2023-05-29,73,Subway,Midwest,13248.892438059831,13.301652375642064,False,False
2023-05-29,73,Subway,West,80599.12285045117,13.624792437784993,False,False
2023-05-29,73,Subway,Southwest,32335.365867726774,13.624792437784993,False,False
2023-05-29,73,KFC,Northeast,42738.96079729718,14.969229412624541,False,False
2023-05-29,73,KFC,South,89468.2588544911,14.969229412624541,False,False
2023-05-29,73,KFC,Midwest,87959.47155673198,14.969229412624541,True,False
2023-05-29,73,KFC,West,72370.26399490144,14.969229412624541,False,False
2023-05-29,73,KFC,Southwest,37144.28306280493,14.969229412624541,False,False
2023-05-29,73,Dominos,Northeast,71166.32134008077,9.768641015198977,False,False
2023-05-29,73,Dominos,South,57678.72318871899,9.768641015198977,False,False
2023-05-29,73,Dominos,Midwest,35806.766653147155,9.768641015198977,False,False
2023-05-29,73,Dominos,West,28250.794961174182,9.768641015198977,False,False
2023-05-29,73,Dominos,Southwest,40466.49952587962,9.768641015198977,False,False
2023-05-29,73,PizzaHut,Northeast,143879.66732259773,11.057440185263237,False,False
2023-05-29,73,PizzaHut,South,55051.90590802875,11.057440185263237,False,False
2023-05-29,73,PizzaHut,Midwest,135678.74707389856,11.057440185263237,False,False
2023-05-29,73,PizzaHut,West,54658.6434008229,11.057440185263237,False,False
2023-05-29,73,PizzaHut,Southwest,58138.035017717135,11.057440185263237,False,False
2023-06-05,74,McDonalds,Northeast,74111.03713487621,10.309824267031935,False,True
2023-06-05,74,McDonalds,South,75064.854200942,10.309824267031935,False,True
2023-06-05,74,McDonalds,Midwest,57987.92691633707,10.309824267031935,True,True
2023-06-05,74,McDonalds,West,26672.610927508944,10.309824267031935,False,True
2023-06-05,74,McDonalds,Southwest,42413.72572291418,10.309824267031935,False,True
2023-06-05,74,BurgerKing,Northeast,30597.53677876632,14.7353013664426,False,True
2023-06-05,74,BurgerKing,South,102945.78661434444,14.7353013664426,False,True
2023-06-05,74,BurgerKing,Midwest,27007.20160194534,14.7353013664426,False,True
2023-06-05,74,BurgerKing,West,148778.28580916495,14.7353013664426,False,True
2023-06-05,74,BurgerKing,Southwest,75389.2802641578,14.7353013664426,False,True
2023-06-05,74,Wendys,Northeast,52571.17129606639,14.310400957705244,False,True
2023-06-05,74,Wendys,South,19150.556653746145,14.310400957705244,False,True
2023-06-05,74,Wendys,Midwest,79450.28956969692,14.310400957705244,False,True
2023-06-05,74,Wendys,West,33063.21069018882,14.310400957705244,False,True
2023-06-05,74,Wendys,Southwest,43325.31337486213,14.310400957705244,False,True
2023-06-05,74,TacoBell,Northeast,146599.70760873478,9.892682647174594,False,True
2023-06-05,74,TacoBell,South,4771.839591199749,9.892682647174594,False,True
2023-06-05,74,TacoBell,Midwest,47223.997926133066,9.892682647174594,False,True
2023-06-05,74,TacoBell,West,15982.274626612962,9.892682647174594,False,True
2023-06-05,74,TacoBell,Southwest,47063.960111257686,9.892682647174594,False,True
2023-06-05,74,Subway,Northeast,32022.456732953236,13.624792437784993,False,True
2023-06-05,74,Subway,South,67086.20684778593,13.624792437784993,False,True
2023-06-05,74,Subway,Midwest,18206.559416831977,13.624792437784993,False,True
2023-06-05,74,Subway,West,84514.4919635933,13.624792437784993,False,True
2023-06-05,74,Subway,Southwest,30407.338791547812,13.624792437784993,False,True
2023-06-05,74,KFC,Northeast,45308.42403723346,14.969229412624541,False,True
2023-06-05,74,KFC,South,107610.61028130737,14.969229412624541,False,True
2023-06-05,74,KFC,Midwest,81930.6693810836,14.969229412624541,False,True
2023-06-05,74,KFC,West,70212.28594453608,14.969229412624541,False,True
2023-06-05,74,KFC,Southwest,38144.19545124992,14.969229412624541,True,True
2023-06-05,74,Dominos,Northeast,64867.770168461604,9.768641015198977,False,True
2023-06-05,74,Dominos,South,74756.06571215276,9.768641015198977,False,True
2023-06-05,74,Dominos,Midwest,43682.82141783953,9.768641015198977,False,True
2023-06-05,74,Dominos,West,31609.376792027586,9.768641015198977,False,True
2023-06-05,74,Dominos,Southwest,36938.607743563996,9.768641015198977,False,True
2023-06-05,74,PizzaHut,Northeast,131646.4468916057,11.057440185263237,False,True
2023-06-05,74,PizzaHut,South,49554.418232602016,11.057440185263237,False,True
2023-06-05,74,PizzaHut,Midwest,173220.09152927058,11.057440185263237,False,True
2023-06-05,74,PizzaHut,West,52854.94089459043,11.057440185263237,False,True
2023-06-05,74,PizzaHut,Southwest,62501.940038098306,11.057440185263237,True,True
2023-06-12,75,McDonalds,Northeast,69215.48390200017,10.309824267031935,False,True
2023-06-12,75,McDonalds,South,74639.6811960853,10.309824267031935,False,True
2023-06-12,75,McDonalds,Midwest,43822.42383336209,10.309824267031935,False,True
2023-06-12,75,McDonalds,West,30122.879394326697,10.309824267031935,False,True
2023-06-12,75,McDonalds,Southwest,52595.001046227,10.309824267031935,False,True
2023-06-12,75,BurgerKing,Northeast,25640.92455910878,14.7353013664426,False,True
2023-06-12,75,BurgerKing,South,98152.11126965654,14.7353013664426,False,True
2023-06-12,75,BurgerKing,Midwest,33135.6795343516,13.159924273784274,False,True
2023-06-12,75,BurgerKing,West,118868.53526963411,14.7353013664426,False,True
2023-06-12,75,BurgerKing,Southwest,82540.92102287101,14.7353013664426,False,True
2023-06-12,75,Wendys,Northeast,65164.08446010936,14.310400957705244,False,True
2023-06-12,75,Wendys,South,14620.106785326883,15.685258436236486,False,True
2023-06-12,75,Wendys,Midwest,73124.8921955581,14.310400957705244,False,True
2023-06-12,75,Wendys,West,32835.8103979029,14.310400957705244,False,True
2023-06-12,75,Wendys,Southwest,40764.764797694224,14.310400957705244,False,True
2023-06-12,75,TacoBell,Northeast,150765.35645549253,9.892682647174594,False,True
2023-06-12,75,TacoBell,South,2281.58500243024,9.892682647174594,False,True
2023-06-12,75,TacoBell,Midwest,39732.268424178365,9.892682647174594,False,True
2023-06-12,75,TacoBell,West,13083.90133135349,9.892682647174594,False,True
2023-06-12,75,TacoBell,Southwest,49373.364181684585,9.892682647174594,False,True
2023-06-12,75,Subway,Northeast,37487.6055091311,13.624792437784993,False,True
2023-06-12,75,Subway,South,66608.28373612044,13.624792437784993,False,True
2023-06-12,75,Subway,Midwest,16292.127770871344,13.624792437784993,False,True
2023-06-12,75,Subway,West,90372.65659079215,13.624792437784993,False,True
2023-06-12,75,Subway,Southwest,41553.59804169595,13.624792437784993,False,True
2023-06-12,75,KFC,Northeast,44482.14865367614,14.969229412624541,False,True
2023-06-12,75,KFC,South,133638.65515386505,14.969229412624541,True,True
2023-06-12,75,KFC,Midwest,72374.78352350173,14.969229412624541,False,True
2023-06-12,75,KFC,West,66040.66092330556,14.969229412624541,False,True
2023-06-12,75,KFC,Southwest,34477.10108312064,14.969229412624541,False,True
2023-06-12,75,Dominos,Northeast,73048.04672745285,9.768641015198977,False,True
2023-06-12,75,Dominos,South,74390.21414707889,9.768641015198977,False,True
2023-06-12,75,Dominos,Midwest,38717.97654347781,9.768641015198977,False,True
2023-06-12,75,Dominos,West,39903.73670086084,9.768641015198977,False,True
2023-06-12,75,Dominos,Southwest,39703.96064984767,9.768641015198977,False,True
2023-06-12,75,PizzaHut,Northeast,157231.36199500915,11.057440185263237,False,True
2023-06-12,75,PizzaHut,South,52282.76753384572,11.057440185263237,False,True
2023-06-12,75,PizzaHut,Midwest,122514.73875900869,11.057440185263237,False,True
2023-06-12,75,PizzaHut,West,45580.45367300661,11.057440185263237,False,True
2023-06-12,75,PizzaHut,Southwest,44001.52117913005,11.057440185263237,False,True
2023-06-19,76,McDonalds,Northeast,75502.99738897556,10.309824267031935,True,True
2023-06-19,76,McDonalds,South,83422.13758446404,10.309824267031935,False,True
2023-06-19,76,McDonalds,Midwest,50117.79643393299,10.309824267031935,False,True
2023-06-19,76,McDonalds,West,28132.204495199578,11.66569537656116,True,True
2023-06-19,76,McDonalds,Southwest,64061.31014176859,10.309824267031935,False,True
2023-06-19,76,BurgerKing,Northeast,27088.980545822626,14.7353013664426,False,True
2023-06-19,76,BurgerKing,South,98441.17759281179,14.7353013664426,False,True
2023-06-19,76,BurgerKing,Midwest,29409.34109893396,14.7353013664426,False,True
2023-06-19,76,BurgerKing,West,104411.20564375396,14.7353013664426,False,True
2023-06-19,76,BurgerKing,Southwest,87784.4569220818,14.7353013664426,False,True
2023-06-19,76,Wendys,Northeast,43725.10439554684,14.310400957705244,False,True
2023-06-19,76,Wendys,South,18503.964132504687,14.310400957705244,False,True
2023-06-19,76,Wendys,Midwest,96381.19133257415,14.310400957705244,True,True
2023-06-19,76,Wendys,West,31215.328353205856,14.310400957705244,False,True
2023-06-19,76,Wendys,Southwest,37105.888386963496,14.310400957705244,False,True
2023-06-19,76,TacoBell,Northeast,159280.4105531288,9.892682647174594,False,True
2023-06-19,76,TacoBell,South,2166.264423884101,9.892682647174594,False,True
2023-06-19,76,TacoBell,Midwest,50154.694716120495,9.892682647174594,True,True
2023-06-19,76,TacoBell,West,10531.241972952645,9.892682647174594,False,True
2023-06-19,76,TacoBell,Southwest,47382.34309821695,9.892682647174594,False,True
2023-06-19,76,Subway,Northeast,33597.05812451144,13.624792437784993,False,True
2023-06-19,76,Subway,South,69770.62695100458,13.624792437784993,False,True
2023-06-19,76,Subway,Midwest,20077.426258519477,13.624792437784993,True,True
2023-06-19,76,Subway,West,84029.65269950549,13.624792437784993,False,True
2023-06-19,76,Subway,Southwest,44913.08242443337,13.624792437784993,False,True
2023-06-19,76,KFC,Northeast,42854.19407772478,14.969229412624541,False,True
2023-06-19,76,KFC,South,114546.65554763807,14.969229412624541,False,True
2023-06-19,76,KFC,Midwest,82063.50646751902,14.969229412624541,False,True
2023-06-19,76,KFC,West,77987.75151140615,14.969229412624541,False,True
2023-06-19,76,KFC,Southwest,32635.401357371175,14.969229412624541,False,True
2023-06-19,76,Dominos,Northeast,58503.676112127985,9.768641015198977,False,True
2023-06-19,76,Dominos,South,59508.904314830645,9.457013522133481,False,True
2023-06-19,76,Dominos,Midwest,49318.095624839065,9.768641015198977,False,True
2023-06-19,76,Dominos,West,41008.03968010429,9.768641015198977,False,True
2023-06-19,76,Dominos,Southwest,38635.9584004957,9.768641015198977,False,True
2023-06-19,76,PizzaHut,Northeast,157049.18097527957,11.057440185263237,True,True
2023-06-19,76,PizzaHut,South,46617.98790347421,11.057440185263237,False,True
2023-06-19,76,PizzaHut,Midwest,148999.686063112,11.057440185263237,False,True
2023-06-19,76,PizzaHut,West,41754.69667450884,11.057440185263237,False,True
2023-06-19,76,PizzaHut,Southwest,54728.57431118143,11.12853386268333,False,True
2023-06-26,77,McDonalds,Northeast,66315.81925861182,10.309824267031935,False,True
2023-06-26,77,McDonalds,South,68444.78917043991,10.309824267031935,False,True
2023-06-26,77,McDonalds,Midwest,58032.08589883119,10.309824267031935,True,True
2023-06-26,77,McDonalds,West,33865.29633931352,10.309824267031935,False,True
2023-06-26,77,McDonalds,Southwest,58367.18626127018,10.309824267031935,False,True
2023-06-26,77,BurgerKing,Northeast,36635.24176212573,14.7353013664426,True,True
2023-06-26,77,BurgerKing,South,101239.66032384959,14.7353013664426,True,True
2023-06-26,77,BurgerKing,Midwest,28281.910020233954,14.7353013664426,False,True
2023-06-26,77,BurgerKing,West,138105.96283648777,14.7353013664426,False,True
2023-06-26,77,BurgerKing,Southwest,74026.39548879409,14.7353013664426,False,True
2023-06-26,77,Wendys,Northeast,74206.07779312131,14.310400957705244,True,True
2023-06-26,77,Wendys,South,19957.116581814982,14.310400957705244,False,True
2023-06-26,77,Wendys,Midwest,80249.59526072493,14.310400957705244,False,True
2023-06-26,77,Wendys,West,26240.85138506807,14.479801595988224,False,True
2023-06-26,77,Wendys,Southwest,35968.93176799514,14.310400957705244,False,True
2023-06-26,77,TacoBell,Northeast,113068.37555043427,9.892682647174594,False,True
2023-06-26,77,TacoBell,South,1014.4859295779709,9.892682647174594,False,True
2023-06-26,77,TacoBell,Midwest,42752.772935743764,10.084411748532931,False,True
2023-06-26,77,TacoBell,West,12129.44779148362,9.892682647174594,False,True
2023-06-26,77,TacoBell,Southwest,48488.94072126132,9.892682647174594,False,True
2023-06-26,77,Subway,Northeast,38070.76855292505,13.624792437784993,True,True
2023-06-26,77,Subway,South,63103.15934164203,13.624792437784993,False,True
2023-06-26,77,Subway,Midwest,23976.95578994595,13.624792437784993,False,True
2023-06-26,77,Subway,West,73722.1414317262,13.624792437784993,False,True
2023-06-26,77,Subway,Southwest,53563.793225857975,13.624792437784993,False,True
2023-06-26,77,KFC,Northeast,45099.80570151201,14.969229412624541,False,True
2023-06-26,77,KFC,South,120797.41023142381,14.969229412624541,False,True
2023-06-26,77,KFC,Midwest,67350.86567771307,16.12900547450653,False,True
2023-06-26,77,KFC,West,69174.65143341094,14.969229412624541,False,True
2023-06-26,77,KFC,Southwest,36499.35872752656,14.969229412624541,False,True
2023-06-26,77,Dominos,Northeast,58954.25084953326,9.768641015198977,False,True
2023-06-26,77,Dominos,South,53417.610801708775,9.768641015198977,False,True
2023-06-26,77,Dominos,Midwest,45605.323127941556,9.768641015198977,True,True
2023-06-26,77,Dominos,West,41496.184102351406,9.768641015198977,False,True
2023-06-26,77,Dominos,Southwest,32410.86429338256,9.768641015198977,False,True
2023-06-26,77,PizzaHut,Northeast,125326.66708782109,11.057440185263237,False,True
2023-06-26,77,PizzaHut,South,40124.68598610656,11.057440185263237,False,True
2023-06-26,77,PizzaHut,Midwest,162433.65607487023,11.438308122190524,False,True
2023-06-26,77,PizzaHut,West,42024.5695490015,11.057440185263237,False,True
2023-06-26,77,PizzaHut,Southwest,45866.076913723315,11.057440185263237,False,True
2023-07-03,78,McDonalds,Northeast,62940.74061016272,10.309824267031935,False,True
2023-07-03,78,McDonalds,South,90724.27736276333,10.309824267031935,False,True
2023-07-03,78,McDonalds,Midwest,59304.25019032981,10.309824267031935,False,True
2023-07-03,78,McDonalds,West,33716.049847109,10.309824267031935,False,True
2023-07-03,78,McDonalds,Southwest,54008.53007107662,10.309824267031935,False,True
2023-07-03,78,BurgerKing,Northeast,32417.88830888517,14.7353013664426,False,True
2023-07-03,78,BurgerKing,South,86992.35702763546,14.7353013664426,False,True
2023-07-03,78,BurgerKing,Midwest,25741.231651199498,14.7353013664426,False,True
2023-07-03,78,BurgerKing,West,150762.50776253638,14.7353013664426,False,True
2023-07-03,78,BurgerKing,Southwest,68937.56258946237,14.7353013664426,False,True
2023-07-03,78,Wendys,Northeast,65497.77413754916,14.310400957705244,True,True
2023-07-03,78,Wendys,South,18938.20863722736,14.310400957705244,False,True
2023-07-03,78,Wendys,Midwest,67594.46141034963,14.310400957705244,False,True
2023-07-03,78,Wendys,West,30070.782730606974,14.310400957705244,False,True
2023-07-03,78,Wendys,Southwest,39488.52936516049,14.310400957705244,False,True
2023-07-03,78,TacoBell,Northeast,150012.0019585935,9.892682647174594,False,True
2023-07-03,78,TacoBell,South,769.0207822960854,9.892682647174594,False,True
2023-07-03,78,TacoBell,Midwest,41751.20885476755,9.892682647174594,False,True
2023-07-03,78,TacoBell,West,9600.009506442935,9.892682647174594,False,True
2023-07-03,78,TacoBell,Southwest,53854.65647416232,10.051930598334668,False,True
2023-07-03,78,Subway,Northeast,35616.62526495826,13.624792437784993,False,True
2023-07-03,78,Subway,South,58148.56794201499,13.624792437784993,False,True
2023-07-03,78,Subway,Midwest,23616.325061202886,13.624792437784993,False,True
2023-07-03,78,Subway,West,73190.28895711813,13.624792437784993,False,True
2023-07-03,78,Subway,Southwest,49606.38760269182,13.624792437784993,False,True
2023-07-03,78,KFC,Northeast,42747.517734268644,14.969229412624541,False,True
2023-07-03,78,KFC,South,108944.93054723428,14.969229412624541,False,True
2023-07-03,78,KFC,Midwest,75513.60860468601,14.969229412624541,False,True
2023-07-03,78,KFC,West,67870.80179173907,14.969229412624541,False,True
2023-07-03,78,KFC,Southwest,32910.888714331595,14.969229412624541,False,True
2023-07-03,78,Dominos,Northeast,62991.971564440144,9.768641015198977,False,True
2023-07-03,78,Dominos,South,88045.34187048524,9.768641015198977,True,True
2023-07-03,78,Dominos,Midwest,38103.79573946277,9.768641015198977,False,True
2023-07-03,78,Dominos,West,40114.15243133101,9.768641015198977,False,True
2023-07-03,78,Dominos,Southwest,41438.8020837302,9.398169302248908,False,True
2023-07-03,78,PizzaHut,Northeast,104450.4484034111,11.057440185263237,False,True
2023-07-03,78,PizzaHut,South,48335.80136973632,11.057440185263237,False,True
2023-07-03,78,PizzaHut,Midwest,172176.13432449722,11.057440185263237,False,True
2023-07-03,78,PizzaHut,West,46670.465315450005,11.057440185263237,True,True
2023-07-03,78,PizzaHut,Southwest,38772.78206040874,11.057440185263237,False,True
2023-07-10,79,McDonalds,Northeast,79744.60564403384,8.676352796978804,False,True
2023-07-10,79,McDonalds,South,95343.57183492894,10.309824267031935,False,True
2023-07-10,79,McDonalds,Midwest,58837.54060374322,10.309824267031935,False,True
2023-07-10,79,McDonalds,West,32458.36265697436,10.309824267031935,False,True
2023-07-10,79,McDonalds,Southwest,56262.75367491821,10.309824267031935,False,True
2023-07-10,79,BurgerKing,Northeast,32932.00067480745,14.7353013664426,False,True
2023-07-10,79,BurgerKing,South,89397.42983006749,14.7353013664426,False,True
2023-07-10,79,BurgerKing,Midwest,28714.93851709509,14.7353013664426,False,True
2023-07-10,79,BurgerKing,West,138165.79996744992,14.7353013664426,False,True
2023-07-10,79,BurgerKing,Southwest,83838.48440709575,14.7353013664426,False,True
2023-07-10,79,Wendys,Northeast,60604.07432958107,14.310400957705244,False,True
2023-07-10,79,Wendys,South,20704.31474552093,14.310400957705244,False,True
2023-07-10,79,Wendys,Midwest,80140.9222980891,14.310400957705244,True,True
2023-07-10,79,Wendys,West,34827.17359797597,14.310400957705244,True,True
2023-07-10,79,Wendys,Southwest,36215.19748376909,14.310400957705244,False,True
2023-07-10,79,TacoBell,Northeast,165596.75056012938,9.892682647174594,False,True
2023-07-10,79,TacoBell,South,928.4282032610791,9.892682647174594,False,True
2023-07-10,79,TacoBell,Midwest,41185.37578140816,9.892682647174594,False,True
2023-07-10,79,TacoBell,West,11844.463008516477,9.892682647174594,False,True
2023-07-10,79,TacoBell,Southwest,46673.62779947038,9.892682647174594,False,True
2023-07-10,79,Subway,Northeast,35225.70392367061,13.624792437784993,False,True
2023-07-10,79,Subway,South,64876.43586264886,13.624792437784993,False,True
2023-07-10,79,Subway,Midwest,23652.644107658078,13.624792437784993,False,True
2023-07-10,79,Subway,West,74913.56553630815,13.624792437784993,False,True
2023-07-10,79,Subway,Southwest,53462.803714146896,13.624792437784993,True,True
2023-07-10,79,KFC,Northeast,67230.0552135834,14.969229412624541,True,True
2023-07-10,79,KFC,South,104624.45189831976,14.969229412624541,False,True
2023-07-10,79,KFC,Midwest,94871.6182863921,14.969229412624541,False,True
2023-07-10,79,KFC,West,80675.75798277637,14.969229412624541,True,True
2023-07-10,79,KFC,Southwest,37595.56697385864,14.969229412624541,False,True
2023-07-10,79,Dominos,Northeast,64815.62522336253,9.768641015198977,False,True
2023-07-10,79,Dominos,South,63300.40194044861,9.768641015198977,False,True
2023-07-10,79,Dominos,Midwest,36757.819797811026,9.768641015198977,False,True
2023-07-10,79,Dominos,West,32821.75973863302,9.768641015198977,False,True
2023-07-10,79,Dominos,Southwest,43729.41516447765,9.768641015198977,False,True
2023-07-10,79,PizzaHut,Northeast,122081.54120219903,11.057440185263237,False,True
2023-07-10,79,PizzaHut,South,47883.56770409737,11.057440185263237,False,True
2023-07-10,79,PizzaHut,Midwest,160805.10873521183,11.057440185263237,False,True
2023-07-10,79,PizzaHut,West,36960.140456606394,11.057440185263237,False,True
2023-07-10,79,PizzaHut,Southwest,38361.14322974717,11.057440185263237,False,True
2023-07-17,80,McDonalds,Northeast,70359.54563007591,10.309824267031935,False,True
2023-07-17,80,McDonalds,South,97047.7080029711,10.309824267031935,False,True
2023-07-17,80,McDonalds,Midwest,58199.788699163706,10.309824267031935,False,True
2023-07-17,80,McDonalds,West,43286.96958050413,10.309824267031935,True,True
2023-07-17,80,McDonalds,Southwest,56009.00624164901,10.309824267031935,True,True
2023-07-17,80,BurgerKing,Northeast,28917.440062640348,14.7353013664426,False,True
2023-07-17,80,BurgerKing,South,82238.28910802679,16.929306784331622,False,True
2023-07-17,80,BurgerKing,Midwest,28851.802771398387,14.7353013664426,False,True
2023-07-17,80,BurgerKing,West,123380.05111579392,14.7353013664426,False,True
2023-07-17,80,BurgerKing,Southwest,78967.7426333935,14.7353013664426,False,True
2023-07-17,80,Wendys,Northeast,48642.7617381022,14.310400957705244,False,True
2023-07-17,80,Wendys,South,24643.84622458437,14.310400957705244,False,True
2023-07-17,80,Wendys,Midwest,74861.96773087498,14.310400957705244,True,True
2023-07-17,80,Wendys,West,28671.87677246394,14.310400957705244,False,True
2023-07-17,80,Wendys,Southwest,38303.49288061397,14.310400957705244,False,True
2023-07-17,80,TacoBell,Northeast,141652.0121753964,9.892682647174594,False,True
2023-07-17,80,TacoBell,South,878.5702108072848,9.892682647174594,False,True
2023-07-17,80,TacoBell,Midwest,40375.70267860639,9.892682647174594,True,True
2023-07-17,80,TacoBell,West,10457.502486781208,10.604969184387333,False,True
2023-07-17,80,TacoBell,Southwest,45732.39298065446,9.892682647174594,False,True
2023-07-17,80,Subway,Northeast,34459.716753164284,13.624792437784993,False,True
2023-07-17,80,Subway,South,65006.22268467034,13.624792437784993,False,True
2023-07-17,80,Subway,Midwest,21698.358150665386,13.624792437784993,False,True
2023-07-17,80,Subway,West,76937.6907603367,13.624792437784993,False,True
2023-07-17,80,Subway,Southwest,55419.7454377279,13.624792437784993,False,True
2023-07-17,80,KFC,Northeast,52231.483424717524,14.969229412624541,False,True
2023-07-17,80,KFC,South,138643.5857586786,14.969229412624541,False,True
2023-07-17,80,KFC,Midwest,93645.67628560911,14.969229412624541,False,True
2023-07-17,80,KFC,West,70074.94981974878,15.664635295982457,False,True
2023-07-17,80,KFC,Southwest,40121.75113556207,14.969229412624541,False,True
2023-07-17,80,Dominos,Northeast,63195.701210870255,9.768641015198977,False,True
2023-07-17,80,Dominos,South,75586.31983927093,9.768641015198977,False,True
2023-07-17,80,Dominos,Midwest,33010.50650990964,9.768641015198977,False,True
2023-07-17,80,Dominos,West,35296.60975714297,9.768641015198977,True,True
2023-07-17,80,Dominos,Southwest,33244.06682619757,9.768641015198977,False,True
2023-07-17,80,PizzaHut,Northeast,101626.96432881585,11.057440185263237,False,True
2023-07-17,80,PizzaHut,South,38401.2941745226,11.057440185263237,False,True
2023-07-17,80,PizzaHut,Midwest,172074.52862466997,11.057440185263237,False,True
2023-07-17,80,PizzaHut,West,61113.06592596395,11.057440185263237,True,True
2023-07-17,80,PizzaHut,Southwest,42479.64104548831,11.057440185263237,False,True
2023-07-24,81,McDonalds,Northeast,66651.8091579234,10.309824267031935,False,True
2023-07-24,81,McDonalds,South,76652.78341494406,10.309824267031935,False,True
2023-07-24,81,McDonalds,Midwest,56125.62196742371,10.309824267031935,False,True
2023-07-24,81,McDonalds,West,43240.171546413476,10.309824267031935,True,True
2023-07-24,81,McDonalds,Southwest,52944.82238285737,10.309824267031935,False,True
2023-07-24,81,BurgerKing,Northeast,33883.92309611333,14.7353013664426,False,True
2023-07-24,81,BurgerKing,South,115819.23973264614,14.7353013664426,True,True
2023-07-24,81,BurgerKing,Midwest,22656.740399178605,14.7353013664426,False,True
2023-07-24,81,BurgerKing,West,159173.68384121414,14.7353013664426,True,True
2023-07-24,81,BurgerKing,Southwest,83285.71592425628,14.7353013664426,False,True
2023-07-24,81,Wendys,Northeast,62003.252483672695,14.310400957705244,True,True
2023-07-24,81,Wendys,South,21069.57768317117,14.310400957705244,False,True
2023-07-24,81,Wendys,Midwest,69690.94353794598,14.310400957705244,False,True
2023-07-24,81,Wendys,West,28037.346489238593,14.310400957705244,False,True
2023-07-24,81,Wendys,Southwest,47215.77179068331,14.310400957705244,False,True
2023-07-24,81,TacoBell,Northeast,133069.50490746152,9.892682647174594,True,True
2023-07-24,81,TacoBell,South,681.4538913787522,11.235895814849256,False,True
2023-07-24,81,TacoBell,Midwest,40859.66881579399,9.892682647174594,False,True
2023-07-24,81,TacoBell,West,13087.90649315232,9.892682647174594,False,True
2023-07-24,81,TacoBell,Southwest,42923.45230562026,9.892682647174594,False,True
2023-07-24,81,Subway,Northeast,37169.016071651014,13.624792437784993,False,True
2023-07-24,81,Subway,South,66188.26069070263,13.624792437784993,False,True
2023-07-24,81,Subway,Midwest,26573.158711414424,13.624792437784993,False,True
2023-07-24,81,Subway,West,81606.57749439546,13.624792437784993,False,True
2023-07-24,81,Subway,Southwest,53915.19686995241,13.624792437784993,False,True
2023-07-24,81,KFC,Northeast,42885.189488519754,14.969229412624541,False,True
2023-07-24,81,KFC,South,154311.49293665006,14.969229412624541,False,True
2023-07-24,81,KFC,Midwest,75646.24083799374,14.969229412624541,False,True
2023-07-24,81,KFC,West,67444.23314324526,14.969229412624541,False,True
2023-07-24,81,KFC,Southwest,46743.79700665191,14.969229412624541,False,True
2023-07-24,81,Dominos,Northeast,58528.60778241813,9.768641015198977,False,True
2023-07-24,81,Dominos,South,79125.9221705324,9.768641015198977,False,True
2023-07-24,81,Dominos,Midwest,38899.19336962003,9.768641015198977,False,True
2023-07-24,81,Dominos,West,33043.666428531484,9.768641015198977,False,True
2023-07-24,81,Dominos,Southwest,38930.92093059501,9.768641015198977,False,True
2023-07-24,81,PizzaHut,Northeast,109832.50650431977,11.057440185263237,False,True
2023-07-24,81,PizzaHut,South,33022.81656528603,13.140452965029738,False,True
2023-07-24,81,PizzaHut,Midwest,148413.40083961986,11.057440185263237,False,True
2023-07-24,81,PizzaHut,West,35164.56014028702,11.057440185263237,False,True
2023-07-24,81,PizzaHut,Southwest,38528.76356474566,11.057440185263237,False,True
2023-07-31,82,McDonalds,Northeast,97988.38825804443,10.309824267031935,True,True
2023-07-31,82,McDonalds,South,82462.86113249093,10.309824267031935,False,True
2023-07-31,82,McDonalds,Midwest,69160.35950812249,10.309824267031935,False,True
2023-07-31,82,McDonalds,West,36129.588643914,10.309824267031935,False,True
2023-07-31,82,McDonalds,Southwest,44380.00093465066,10.309824267031935,False,True
2023-07-31,82,BurgerKing,Northeast,30289.940128935974,14.7353013664426,True,True
2023-07-31,82,BurgerKing,South,91411.9657307448,14.7353013664426,False,True
2023-07-31,82,BurgerKing,Midwest,24648.800265983155,14.7353013664426,False,True
2023-07-31,82,BurgerKing,West,90307.12239337648,15.02055763773431,False,True
2023-07-31,82,BurgerKing,Southwest,86914.5667604453,14.7353013664426,False,True
2023-07-31,82,Wendys,Northeast,60031.210910715745,14.310400957705244,True,True
2023-07-31,82,Wendys,South,19762.046910589226,14.310400957705244,False,True
2023-07-31,82,Wendys,Midwest,48504.71252732082,14.310400957705244,False,True
2023-07-31,82,Wendys,West,33341.19543722595,14.310400957705244,False,True
2023-07-31,82,Wendys,Southwest,45847.54143643249,14.310400957705244,False,True
2023-07-31,82,TacoBell,Northeast,145233.4143826752,9.892682647174594,False,True
2023-07-31,82,TacoBell,South,902.9950438407811,9.892682647174594,False,True
2023-07-31,82,TacoBell,Midwest,39064.38278772959,9.892682647174594,False,True
2023-07-31,82,TacoBell,West,15203.491719804055,9.892682647174594,True,True
2023-07-31,82,TacoBell,Southwest,46116.525047191215,9.892682647174594,False,True
2023-07-31,82,Subway,Northeast,38675.06748540658,13.624792437784993,False,True
2023-07-31,82,Subway,South,70315.51264847464,13.624792437784993,False,True
2023-07-31,82,Subway,Midwest,30632.95887075346,13.624792437784993,False,True
2023-07-31,82,Subway,West,83371.3437374329,13.624792437784993,False,True
2023-07-31,82,Subway,Southwest,68267.80258409015,13.624792437784993,False,True
2023-07-31,82,KFC,Northeast,61919.20970552366,11.37176463614983,False,True
2023-07-31,82,KFC,South,120317.50856581547,14.969229412624541,False,True
2023-07-31,82,KFC,Midwest,96487.39274425131,14.969229412624541,True,True
2023-07-31,82,KFC,West,61432.406302212854,14.969229412624541,False,True
2023-07-31,82,KFC,Southwest,39899.92477800903,14.969229412624541,False,True
2023-07-31,82,Dominos,Northeast,58896.68323393996,9.768641015198977,False,True
2023-07-31,82,Dominos,South,66196.06117321977,9.768641015198977,False,True
2023-07-31,82,Dominos,Midwest,33847.36680921999,9.768641015198977,False,True
2023-07-31,82,Dominos,West,28086.17426027086,9.768641015198977,False,True
2023-07-31,82,Dominos,Southwest,34546.2790090592,9.768641015198977,False,True
2023-07-31,82,PizzaHut,Northeast,104478.42601104778,11.057440185263237,False,True
2023-07-31,82,PizzaHut,South,42297.94494356257,11.057440185263237,False,True
2023-07-31,82,PizzaHut,Midwest,112870.83395091358,11.057440185263237,False,True
2023-07-31,82,PizzaHut,West,44523.81599531823,11.057440185263237,False,True
2023-07-31,82,PizzaHut,Southwest,43732.568732304295,11.057440185263237,False,True
2023-08-07,83,McDonalds,Northeast,66959.42127774915,10.309824267031935,False,True
2023-08-07,83,McDonalds,South,97682.37758881766,10.309824267031935,False,True
2023-08-07,83,McDonalds,Midwest,62693.03721401989,10.309824267031935,False,True
2023-08-07,83,McDonalds,West,28930.76178245904,10.309824267031935,False,True
2023-08-07,83,McDonalds,Southwest,48190.538766208,10.309824267031935,False,True
2023-08-07,83,BurgerKing,Northeast,26057.469371275092,14.7353013664426,False,True
2023-08-07,83,BurgerKing,South,94518.84103173354,14.7353013664426,False,True
2023-08-07,83,BurgerKing,Midwest,20281.31934455465,15.870548432924117,False,True
2023-08-07,83,BurgerKing,West,107782.94636777454,14.7353013664426,True,True
2023-08-07,83,BurgerKing,Southwest,79917.87379201024,14.7353013664426,False,True
2023-08-07,83,Wendys,Northeast,52325.96192186216,14.310400957705244,False,True
2023-08-07,83,Wendys,South,22431.338826765204,14.310400957705244,False,True
2023-08-07,83,Wendys,Midwest,54588.2129401481,14.310400957705244,False,True
2023-08-07,83,Wendys,West,30415.019357243575,14.310400957705244,True,True
2023-08-07,83,Wendys,Southwest,39897.44459729848,14.310400957705244,False,True
2023-08-07,83,TacoBell,Northeast,145526.85651200154,9.892682647174594,False,True
2023-08-07,83,TacoBell,South,999.1763411796328,9.892682647174594,False,True
2023-08-07,83,TacoBell,Midwest,41692.1413173089,9.892682647174594,False,True
2023-08-07,83,TacoBell,West,15006.534919912312,9.892682647174594,False,True
2023-08-07,83,TacoBell,Southwest,50645.02594340449,9.279074862743965,False,True
2023-08-07,83,Subway,Northeast,52999.856949272755,13.624792437784993,False,True
2023-08-07,83,Subway,South,76521.59106025101,13.624792437784993,False,True
2023-08-07,83,Subway,Midwest,25604.985199094852,13.624792437784993,False,True
2023-08-07,83,Subway,West,83605.50387088415,13.624792437784993,False,True
2023-08-07,83,Subway,Southwest,62227.8516024865,13.624792437784993,False,True
2023-08-07,83,KFC,Northeast,60927.47117491982,14.969229412624541,True,True
2023-08-07,83,KFC,South,104968.44772822052,14.969229412624541,False,True
2023-08-07,83,KFC,Midwest,75069.03227432417,14.969229412624541,False,True
2023-08-07,83,KFC,West,75001.83674886408,14.969229412624541,False,True
2023-08-07,83,KFC,Southwest,37164.867046121566,14.969229412624541,False,True
2023-08-07,83,Dominos,Northeast,59680.020562794525,9.768641015198977,False,True
2023-08-07,83,Dominos,South,61439.505747297095,9.768641015198977,False,True
2023-08-07,83,Dominos,Midwest,37946.82432132482,9.768641015198977,False,True
2023-08-07,83,Dominos,West,21481.74198123055,9.768641015198977,False,True
2023-08-07,83,Dominos,Southwest,34678.822433969086,9.768641015198977,False,True
2023-08-07,83,PizzaHut,Northeast,103085.32915920924,11.057440185263237,False,True
2023-08-07,83,PizzaHut,South,41011.761192111815,11.057440185263237,False,True
2023-08-07,83,PizzaHut,Midwest,135232.72030669844,11.057440185263237,False,True
2023-08-07,83,PizzaHut,West,45359.57842754514,11.057440185263237,False,True
2023-08-07,83,PizzaHut,Southwest,43265.54399169032,11.057440185263237,True,True
2023-08-14,84,McDonalds,Northeast,67673.27737623648,10.309824267031935,False,True
2023-08-14,84,McDonalds,South,105994.87756890658,10.309824267031935,False,True
2023-08-14,84,McDonalds,Midwest,60778.454954415065,10.309824267031935,False,True
2023-08-14,84,McDonalds,West,34314.53338881019,10.309824267031935,False,True
2023-08-14,84,McDonalds,Southwest,47788.85938931935,10.309824267031935,False,True
2023-08-14,84,BurgerKing,Northeast,22090.090053450233,14.7353013664426,False,True
2023-08-14,84,BurgerKing,South,91672.05121412168,14.7353013664426,False,True
2023-08-14,84,BurgerKing,Midwest,30392.66887936909,14.7353013664426,True,True
2023-08-14,84,BurgerKing,West,101001.42661399355,14.7353013664426,False,True
2023-08-14,84,BurgerKing,Southwest,76183.69365036525,14.7353013664426,False,True
2023-08-14,84,Wendys,Northeast,58887.438502254896,14.310400957705244,False,True
2023-08-14,84,Wendys,South,17345.5585264194,14.310400957705244,False,True
2023-08-14,84,Wendys,Midwest,60274.256371482086,14.310400957705244,False,True
2023-08-14,84,Wendys,West,37027.67153740957,14.310400957705244,True,True
2023-08-14,84,Wendys,Southwest,41521.72004142904,14.310400957705244,False,True
2023-08-14,84,TacoBell,Northeast,141416.06879877156,9.892682647174594,False,True
2023-08-14,84,TacoBell,South,814.0004466615056,9.892682647174594,False,True
2023-08-14,84,TacoBell,Midwest,35750.11717800099,9.892682647174594,False,True
2023-08-14,84,TacoBell,West,13441.586122753253,9.892682647174594,False,True
2023-08-14,84,TacoBell,Southwest,43892.65882609678,9.892682647174594,False,True
2023-08-14,84,Subway,Northeast,54893.61506126155,13.624792437784993,True,True
2023-08-14,84,Subway,South,89589.31649084072,13.624792437784993,True,True
2023-08-14,84,Subway,Midwest,31926.15442250746,13.624792437784993,False,True
2023-08-14,84,Subway,West,87488.26175358228,13.624792437784993,False,True
2023-08-14,84,Subway,Southwest,66199.3059170686,13.624792437784993,False,True
2023-08-14,84,KFC,Northeast,60723.804017309965,14.969229412624541,False,True
2023-08-14,84,KFC,South,110786.15254499656,14.969229412624541,False,True
2023-08-14,84,KFC,Midwest,100168.28914896249,14.969229412624541,False,True
2023-08-14,84,KFC,West,57759.98902911929,14.969229412624541,False,True
2023-08-14,84,KFC,Southwest,38200.776207257375,14.969229412624541,False,True
2023-08-14,84,Dominos,Northeast,50366.858809444464,9.768641015198977,False,True
2023-08-14,84,Dominos,South,48975.18956200277,9.768641015198977,False,True
2023-08-14,84,Dominos,Midwest,38257.64355038465,9.768641015198977,False,True
2023-08-14,84,Dominos,West,25434.793761730984,9.768641015198977,False,True
2023-08-14,84,Dominos,Southwest,25942.717335838308,9.768641015198977,False,True
2023-08-14,84,PizzaHut,Northeast,97847.95196517547,11.057440185263237,False,True
2023-08-14,84,PizzaHut,South,41368.39946464824,11.057440185263237,False,True
2023-08-14,84,PizzaHut,Midwest,141007.59179758708,11.057440185263237,False,True
2023-08-14,84,PizzaHut,West,44060.183492319426,11.057440185263237,False,True
2023-08-14,84,PizzaHut,Southwest,30026.230324450207,11.057440185263237,False,True
2023-08-21,85,McDonalds,Northeast,82118.1537130403,10.309824267031935,False,True
2023-08-21,85,McDonalds,South,85064.01924346632,10.309824267031935,False,True
2023-08-21,85,McDonalds,Midwest,69260.18872109185,10.309824267031935,False,True
2023-08-21,85,McDonalds,West,35507.36369562782,10.309824267031935,False,True
2023-08-21,85,McDonalds,Southwest,45172.42428262856,10.309824267031935,False,True
2023-08-21,85,BurgerKing,Northeast,30483.72469595697,14.7353013664426,True,True
2023-08-21,85,BurgerKing,South,91055.63076678442,14.7353013664426,False,True
2023-08-21,85,BurgerKing,Midwest,23599.86242122065,14.7353013664426,False,True
2023-08-21,85,BurgerKing,West,101241.19089536768,14.7353013664426,True,True
2023-08-21,85,BurgerKing,Southwest,62470.42905728926,16.3469980103547,False,True
2023-08-21,85,Wendys,Northeast,50303.63406889223,14.310400957705244,False,True
2023-08-21,85,Wendys,South,20290.919919851982,14.310400957705244,False,True
2023-08-21,85,Wendys,Midwest,62828.41161566744,14.310400957705244,False,True
2023-08-21,85,Wendys,West,32565.239621461187,14.310400957705244,False,True
2023-08-21,85,Wendys,Southwest,41764.513194603634,14.310400957705244,False,True
2023-08-21,85,TacoBell,Northeast,160660.54223661456,9.892682647174594,True,True
2023-08-21,85,TacoBell,South,803.2650529275909,9.892682647174594,False,True
2023-08-21,85,TacoBell,Midwest,36911.37812416287,9.892682647174594,False,True
2023-08-21,85,TacoBell,West,13086.54732458297,9.892682647174594,False,True
2023-08-21,85,TacoBell,Southwest,37925.90252356629,9.892682647174594,False,True
2023-08-21,85,Subway,Northeast,48572.81092275174,13.624792437784993,False,True
2023-08-21,85,Subway,South,69905.93651878263,13.624792437784993,False,True
2023-08-21,85,Subway,Midwest,37799.233477215326,13.624792437784993,True,True
2023-08-21,85,Subway,West,97695.3194076703,13.624792437784993,False,True
2023-08-21,85,Subway,Southwest,68579.75874532785,13.624792437784993,False,True
2023-08-21,85,KFC,Northeast,54565.88906959558,14.969229412624541,False,True
2023-08-21,85,KFC,South,180722.31056313805,13.522620657064857,True,True
2023-08-21,85,KFC,Midwest,89742.9996835332,14.969229412624541,False,True
2023-08-21,85,KFC,West,66215.2433977723,14.969229412624541,False,True
2023-08-21,85,KFC,Southwest,39452.06314731759,14.969229412624541,False,True
2023-08-21,85,Dominos,Northeast,50988.37992208524,9.768641015198977,False,True
2023-08-21,85,Dominos,South,57374.668458261825,9.768641015198977,False,True
2023-08-21,85,Dominos,Midwest,41058.34517893581,9.768641015198977,True,True
2023-08-21,85,Dominos,West,26582.946501441696,9.768641015198977,False,True
2023-08-21,85,Dominos,Southwest,27168.306078912556,9.768641015198977,False,True
2023-08-21,85,PizzaHut,Northeast,101344.02651228358,11.057440185263237,False,True
2023-08-21,85,PizzaHut,South,38318.39152053998,11.057440185263237,False,True
2023-08-21,85,PizzaHut,Midwest,119799.93369149075,11.057440185263237,False,True
2023-08-21,85,PizzaHut,West,37032.89483570594,11.057440185263237,False,True
2023-08-21,85,PizzaHut,Southwest,20232.482677375647,12.097344421484237,False,True
2023-08-28,86,McDonalds,Northeast,68194.95881799217,10.309824267031935,False,True
2023-08-28,86,McDonalds,South,103262.17010417022,10.309824267031935,False,True
2023-08-28,86,McDonalds,Midwest,55822.411976595475,10.309824267031935,False,True
2023-08-28,86,McDonalds,West,40025.418344731246,10.309824267031935,False,True
2023-08-28,86,McDonalds,Southwest,51571.82862092994,10.309824267031935,False,True
2023-08-28,86,BurgerKing,Northeast,30046.250785276774,14.7353013664426,True,True
2023-08-28,86,BurgerKing,South,117687.28488068042,14.7353013664426,False,True
2023-08-28,86,BurgerKing,Midwest,18912.151571268234,14.7353013664426,False,True
2023-08-28,86,BurgerKing,West,109643.03146164033,14.7353013664426,False,True
2023-08-28,86,BurgerKing,Southwest,68888.64481286585,14.7353013664426,False,True
2023-08-28,86,Wendys,Northeast,56934.0709793299,14.310400957705244,False,True
2023-08-28,86,Wendys,South,21779.534064146406,14.310400957705244,True,True
2023-08-28,86,Wendys,Midwest,72780.69282573622,14.310400957705244,False,True
2023-08-28,86,Wendys,West,29643.95605055557,14.310400957705244,False,True
2023-08-28,86,Wendys,Southwest,33230.87231834895,14.310400957705244,False,True
2023-08-28,86,TacoBell,Northeast,133783.79806327348,9.892682647174594,False,True
2023-08-28,86,TacoBell,South,971.8306759928961,9.892682647174594,False,True
2023-08-28,86,TacoBell,Midwest,43270.42370124323,9.892682647174594,False,True
2023-08-28,86,TacoBell,West,17379.676974178135,8.605710489609702,False,True
2023-08-28,86,TacoBell,Southwest,56128.45204478649,9.892682647174594,False,True
2023-08-28,86,Subway,Northeast,47868.32857882856,13.624792437784993,False,True
2023-08-28,86,Subway,South,71169.67733977607,13.624792437784993,False,True
2023-08-28,86,Subway,Midwest,34959.394191125924,14.583287760611583,False,True
2023-08-28,86,Subway,West,73989.70698266676,13.624792437784993,False,True
2023-08-28,86,Subway,Southwest,68449.78092125565,13.624792437784993,False,True
2023-08-28,86,KFC,Northeast,52513.098480115885,14.969229412624541,False,True
2023-08-28,86,KFC,South,139332.43341650662,14.969229412624541,False,True
2023-08-28,86,KFC,Midwest,88418.79641682025,14.969229412624541,False,True
2023-08-28,86,KFC,West,59987.578578462686,14.969229412624541,False,True
2023-08-28,86,KFC,Southwest,40968.437196529216,15.679674913028437,False,True
2023-08-28,86,Dominos,Northeast,38712.10588011276,9.768641015198977,False,True
2023-08-28,86,Dominos,South,55630.637841000476,9.768641015198977,False,True
2023-08-28,86,Dominos,Midwest,27745.259292198756,9.768641015198977,False,True
2023-08-28,86,Dominos,West,25291.11621358136,9.768641015198977,False,True
2023-08-28,86,Dominos,Southwest,24289.955162602404,9.768641015198977,False,True
2023-08-28,86,PizzaHut,Northeast,103290.75766505014,11.057440185263237,False,True
2023-08-28,86,PizzaHut,South,36475.086299710565,11.057440185263237,False,True
2023-08-28,86,PizzaHut,Midwest,129598.82267195205,11.057440185263237,False,True
2023-08-28,86,PizzaHut,West,32150.338776479268,11.057440185263237,False,True
2023-08-28,86,PizzaHut,Southwest,18882.84101142976,11.057440185263237,False,True
2023-09-04,87,McDonalds,Northeast,73647.79341320014,10.309824267031935,False,False
2023-09-04,87,McDonalds,South,111161.0636348361,10.309824267031935,False,False
2023-09-04,87,McDonalds,Midwest,62671.68840749945,10.309824267031935,False,False
2023-09-04,87,McDonalds,West,33769.78253541526,10.309824267031935,False,False
2023-09-04,87,McDonalds,Southwest,52208.97811826201,10.999629096559655,True,False
2023-09-04,87,BurgerKing,Northeast,20675.202188661082,14.7353013664426,False,False
2023-09-04,87,BurgerKing,South,95662.92982838006,14.7353013664426,False,False
2023-09-04,87,BurgerKing,Midwest,18026.34010423195,14.7353013664426,False,False
2023-09-04,87,BurgerKing,West,78801.65460334375,14.7353013664426,False,False
2023-09-04,87,BurgerKing,Southwest,73037.9609603212,14.7353013664426,False,False
2023-09-04,87,Wendys,Northeast,45392.64872554928,14.310400957705244,False,False
2023-09-04,87,Wendys,South,16080.54394545135,14.310400957705244,False,False
2023-09-04,87,Wendys,Midwest,68033.68502982438,14.310400957705244,False,False
2023-09-04,87,Wendys,West,29345.78573617173,14.310400957705244,False,False
2023-09-04,87,Wendys,Southwest,47220.2027576297,14.310400957705244,True,False
2023-09-04,87,TacoBell,Northeast,147238.2404643431,9.717903584792314,False,False
2023-09-04,87,TacoBell,South,1252.3239920378073,9.892682647174594,False,False
2023-09-04,87,TacoBell,Midwest,42739.256150080066,9.892682647174594,False,False
2023-09-04,87,TacoBell,West,14848.863492950948,9.892682647174594,False,False
2023-09-04,87,TacoBell,Southwest,41519.830136931436,9.892682647174594,False,False
2023-09-04,87,Subway,Northeast,64375.7183771013,13.624792437784993,True,False
2023-09-04,87,Subway,South,76899.62727014098,13.624792437784993,False,False
2023-09-04,87,Subway,Midwest,39012.37931558795,13.624792437784993,False,False
2023-09-04,87,Subway,West,107636.84094788239,13.624792437784993,False,False
2023-09-04,87,Subway,Southwest,60030.81893934689,13.624792437784993,False,False
2023-09-04,87,KFC,Northeast,61630.62079610146,14.969229412624541,True,False
2023-09-04,87,KFC,South,113056.97881928108,14.969229412624541,False,False
2023-09-04,87,KFC,Midwest,81738.94750549852,14.969229412624541,False,False
2023-09-04,87,KFC,West,63411.75198543247,14.969229412624541,False,False
2023-09-04,87,KFC,Southwest,38330.29446103155,14.969229412624541,False,False
2023-09-04,87,Dominos,Northeast,48470.218681877144,9.768641015198977,False,False
2023-09-04,87,Dominos,South,42074.970193373185,9.768641015198977,False,False
2023-09-04,87,Dominos,Midwest,25635.229750279956,9.768641015198977,False,False
2023-09-04,87,Dominos,West,22792.356141873828,9.768641015198977,False,False
2023-09-04,87,Dominos,Southwest,24243.604449872957,9.768641015198977,False,False
2023-09-04,87,PizzaHut,Northeast,90128.75868479087,11.057440185263237,False,False
2023-09-04,87,PizzaHut,South,45665.88754688645,9.327111765004286,False,False
2023-09-04,87,PizzaHut,Midwest,173060.63811895988,11.057440185263237,True,False
2023-09-04,87,PizzaHut,West,33859.50498652715,11.057440185263237,False,False
2023-09-04,87,PizzaHut,Southwest,21306.364395303306,11.057440185263237,False,False
2023-09-11,88,McDonalds,Northeast,64664.06195569825,10.309824267031935,False,False
2023-09-11,88,McDonalds,South,105288.67073313963,10.309824267031935,False,False
2023-09-11,88,McDonalds,Midwest,60061.19443954111,10.309824267031935,False,False
2023-09-11,88,McDonalds,West,35236.948520145546,10.309824267031935,False,False
2023-09-11,88,McDonalds,Southwest,48681.34546995796,10.309824267031935,False,False
2023-09-11,88,BurgerKing,Northeast,19628.605592538457,14.7353013664426,False,False
2023-09-11,88,BurgerKing,South,89756.15261612143,14.7353013664426,False,False
2023-09-11,88,BurgerKing,Midwest,24930.268484569202,14.7353013664426,False,False
2023-09-11,88,BurgerKing,West,80851.81453159929,14.7353013664426,False,False
2023-09-11,88,BurgerKing,Southwest,88076.81568404347,15.815765088412558,True,False
2023-09-11,88,Wendys,Northeast,49817.826181656026,16.314969405185444,False,False
2023-09-11,88,Wendys,South,27643.260468730747,13.160515933710036,True,False
2023-09-11,88,Wendys,Midwest,73629.15493407765,14.310400957705244,False,False
2023-09-11,88,Wendys,West,27182.667027821513,14.310400957705244,False,False
2023-09-11,88,Wendys,Southwest,46356.63412316393,14.310400957705244,True,False
2023-09-11,88,TacoBell,Northeast,151279.4693224311,9.892682647174594,False,False
2023-09-11,88,TacoBell,South,3386.078422456861,9.892682647174594,False,False
2023-09-11,88,TacoBell,Midwest,44123.338290021224,9.892682647174594,True,False
2023-09-11,88,TacoBell,West,17950.42204988321,9.892682647174594,False,False
2023-09-11,88,TacoBell,Southwest,54255.32730030422,9.892682647174594,False,False
2023-09-11,88,Subway,Northeast,48382.78324056901,13.624792437784993,False,False
2023-09-11,88,Subway,South,72924.1862570957,13.624792437784993,False,False
2023-09-11,88,Subway,Midwest,34618.45568741332,13.624792437784993,False,False
2023-09-11,88,Subway,West,106773.99176697247,13.624792437784993,False,False
2023-09-11,88,Subway,Southwest,67113.82806894025,13.624792437784993,False,False
2023-09-11,88,KFC,Northeast,36719.42411409045,14.969229412624541,False,False
2023-09-11,88,KFC,South,131614.39457906634,14.969229412624541,False,False
2023-09-11,88,KFC,Midwest,88937.25029717169,13.726432142857353,False,False
2023-09-11,88,KFC,West,68759.54199976892,14.969229412624541,False,False
2023-09-11,88,KFC,Southwest,37011.4824652651,14.969229412624541,False,False
2023-09-11,88,Dominos,Northeast,39462.910649601545,9.768641015198977,False,False
2023-09-11,88,Dominos,South,44640.90289837224,9.768641015198977,False,False
2023-09-11,88,Dominos,Midwest,27974.62797901778,9.768641015198977,False,False
2023-09-11,88,Dominos,West,33963.954987904945,9.768641015198977,True,False
2023-09-11,88,Dominos,Southwest,21088.938417741865,9.768641015198977,False,False
2023-09-11,88,PizzaHut,Northeast,89534.7633449655,11.057440185263237,False,False
2023-09-11,88,PizzaHut,South,33035.67687751712,11.057440185263237,False,False
2023-09-11,88,PizzaHut,Midwest,143039.22507397697,11.057440185263237,True,False
2023-09-11,88,PizzaHut,West,34093.68832472323,11.057440185263237,False,False
2023-09-11,88,PizzaHut,Southwest,18259.410614360833,12.079255956019136,False,False
2023-09-18,89,McDonalds,Northeast,78120.51888459387,10.309824267031935,False,False
2023-09-18,89,McDonalds,South,106243.42191840336,10.309824267031935,False,False
2023-09-18,89,McDonalds,Midwest,63529.05007148323,10.309824267031935,False,False
2023-09-18,89,McDonalds,West,38330.31726824077,10.309824267031935,False,False
2023-09-18,89,McDonalds,Southwest,50658.53251112399,10.309824267031935,False,False
2023-09-18,89,BurgerKing,Northeast,22606.382200895543,14.7353013664426,False,False
2023-09-18,89,BurgerKing,South,69830.73421225595,14.7353013664426,False,False
2023-09-18,89,BurgerKing,Midwest,20932.886116899594,14.7353013664426,False,False
2023-09-18,89,BurgerKing,West,82419.58073409693,14.7353013664426,False,False
2023-09-18,89,BurgerKing,Southwest,65258.5700231939,14.7353013664426,False,False
2023-09-18,89,Wendys,Northeast,52977.83543323262,14.310400957705244,False,False
2023-09-18,89,Wendys,South,12596.004119243633,14.310400957705244,False,False
2023-09-18,89,Wendys,Midwest,66171.43120395963,14.310400957705244,False,False
2023-09-18,89,Wendys,West,29654.68470349876,14.310400957705244,False,False
2023-09-18,89,Wendys,Southwest,40162.95239435044,14.310400957705244,False,False
2023-09-18,89,TacoBell,Northeast,120398.6368886257,9.892682647174594,False,False
2023-09-18,89,TacoBell,South,5511.83312285951,9.892682647174594,False,False
2023-09-18,89,TacoBell,Midwest,41765.71619262058,9.892682647174594,False,False
2023-09-18,89,TacoBell,West,18539.377808863428,9.892682647174594,False,False
2023-09-18,89,TacoBell,Southwest,52145.1717989053,9.892682647174594,False,False
2023-09-18,89,Subway,Northeast,56702.06922213678,13.624792437784993,False,False
2023-09-18,89,Subway,South,75787.8272532594,13.624792437784993,False,False
2023-09-18,89,Subway,Midwest,33774.45753474631,13.624792437784993,False,False
2023-09-18,89,Subway,West,106286.91896108666,13.624792437784993,False,False
2023-09-18,89,Subway,Southwest,69740.42609015078,14.121864090251538,False,False
2023-09-18,89,KFC,Northeast,47218.39627645321,14.969229412624541,False,False
2023-09-18,89,KFC,South,117722.67720572755,14.969229412624541,False,False
2023-09-18,89,KFC,Midwest,68936.63872242565,14.969229412624541,False,False
2023-09-18,89,KFC,West,61402.103843292316,14.969229412624541,False,False
2023-09-18,89,KFC,Southwest,37551.354652563285,14.969229412624541,False,False
2023-09-18,89,Dominos,Northeast,37119.34383433418,9.768641015198977,False,False
2023-09-18,89,Dominos,South,41006.69425159143,9.768641015198977,False,False
2023-09-18,89,Dominos,Midwest,26384.699117352837,9.768641015198977,False,False
2023-09-18,89,Dominos,West,23268.355546787374,9.768641015198977,False,False
2023-09-18,89,Dominos,Southwest,26900.392881926855,9.768641015198977,True,False
2023-09-18,89,PizzaHut,Northeast,84314.33735483242,11.057440185263237,False,False
2023-09-18,89,PizzaHut,South,38155.58376879989,11.057440185263237,False,False
2023-09-18,89,PizzaHut,Midwest,145911.186049196,11.057440185263237,False,False
2023-09-18,89,PizzaHut,West,34767.951554322106,11.057440185263237,False,False
2023-09-18,89,PizzaHut,Southwest,19437.80793443817,11.057440185263237,False,False
2023-09-25,90,McDonalds,Northeast,79971.78154413751,10.309824267031935,False,False
2023-09-25,90,McDonalds,South,104961.52081603893,10.309824267031935,False,False
2023-09-25,90,McDonalds,Midwest,69726.90881186651,10.309824267031935,False,False
2023-09-25,90,McDonalds,West,37595.519663058025,10.309824267031935,False,False
2023-09-25,90,McDonalds,Southwest,46217.0461181034,10.309824267031935,False,False
2023-09-25,90,BurgerKing,Northeast,19815.591325133122,14.7353013664426,True,False
2023-09-25,90,BurgerKing,South,83284.49326663572,14.7353013664426,False,False
2023-09-25,90,BurgerKing,Midwest,24430.80713922442,14.7353013664426,False,False
2023-09-25,90,BurgerKing,West,109865.27568011034,12.142938923405735,False,False
2023-09-25,90,BurgerKing,Southwest,59213.87408514735,14.7353013664426,False,False
2023-09-25,90,Wendys,Northeast,52272.94712085494,14.310400957705244,False,False
2023-09-25,90,Wendys,South,17303.086586916277,14.310400957705244,False,False
2023-09-25,90,Wendys,Midwest,63803.41909238809,14.310400957705244,False,False
2023-09-25,90,Wendys,West,34413.38703210101,14.310400957705244,False,False
2023-09-25,90,Wendys,Southwest,33452.74423419324,14.310400957705244,False,False
2023-09-25,90,TacoBell,Northeast,122375.21869680868,9.892682647174594,False,False
2023-09-25,90,TacoBell,South,5808.507501528642,9.52472702206379,False,False
2023-09-25,90,TacoBell,Midwest,40367.04359412292,9.892682647174594,False,False
2023-09-25,90,TacoBell,West,18961.245048083423,9.892682647174594,False,False
2023-09-25,90,TacoBell,Southwest,49730.932957021345,9.892682647174594,False,False
2023-09-25,90,Subway,Northeast,61616.0298344641,13.624792437784993,False,False
2023-09-25,90,Subway,South,76402.89885429405,13.624792437784993,False,False
2023-09-25,90,Subway,Midwest,32506.628241472314,13.624792437784993,False,False
2023-09-25,90,Subway,West,159714.18196548166,13.624792437784993,True,False
2023-09-25,90,Subway,Southwest,88134.41157680433,13.624792437784993,True,False
2023-09-25,90,KFC,Northeast,44572.015059798134,15.701426047689058,False,False
2023-09-25,90,KFC,South,123198.50852221962,14.969229412624541,False,False
2023-09-25,90,KFC,Midwest,64273.9850748317,14.969229412624541,False,False
2023-09-25,90,KFC,West,76285.90466903322,14.969229412624541,True,False
2023-09-25,90,KFC,Southwest,39136.14378646899,14.969229412624541,False,False
2023-09-25,90,Dominos,Northeast,35603.711423472065,9.768641015198977,False,False
2023-09-25,90,Dominos,South,36924.01921800141,9.768641015198977,False,False
2023-09-25,90,Dominos,Midwest,32150.785153480465,9.768641015198977,False,False
2023-09-25,90,Dominos,West,22336.085586557663,9.768641015198977,False,False
2023-09-25,90,Dominos,Southwest,15854.191899447234,9.768641015198977,False,False
2023-09-25,90,PizzaHut,Northeast,91145.61510437723,11.057440185263237,False,False
2023-09-25,90,PizzaHut,South,34499.76148573768,11.057440185263237,False,False
2023-09-25,90,PizzaHut,Midwest,115874.8238807431,11.057440185263237,False,False
2023-09-25,90,PizzaHut,West,30239.97041312405,11.057440185263237,False,False
2023-09-25,90,PizzaHut,Southwest,18827.52743002539,11.057440185263237,False,False
2023-10-02,91,McDonalds,Northeast,78119.61564671528,10.309824267031935,False,False
2023-10-02,91,McDonalds,South,85833.33157181478,10.309824267031935,False,False
2023-10-02,91,McDonalds,Midwest,61409.9955025861,10.309824267031935,True,False
2023-10-02,91,McDonalds,West,30878.158574673354,10.309824267031935,False,False
2023-10-02,91,McDonalds,Southwest,54033.019433649446,10.309824267031935,False,False
2023-10-02,91,BurgerKing,Northeast,19924.139223982373,14.7353013664426,False,False
2023-10-02,91,BurgerKing,South,75056.9511015306,14.7353013664426,False,False
2023-10-02,91,BurgerKing,Midwest,17804.567703593904,14.7353013664426,False,False
2023-10-02,91,BurgerKing,West,85692.8616691384,14.7353013664426,False,False
2023-10-02,91,BurgerKing,Southwest,63585.84069511998,14.7353013664426,False,False
2023-10-02,91,Wendys,Northeast,51208.894941672195,14.310400957705244,False,False
2023-10-02,91,Wendys,South,15698.485849972845,14.310400957705244,False,False
2023-10-02,91,Wendys,Midwest,59729.657001309795,14.310400957705244,False,False
2023-10-02,91,Wendys,West,37607.63921606622,14.310400957705244,False,False
2023-10-02,91,Wendys,Southwest,42366.01745506734,14.310400957705244,False,False
2023-10-02,91,TacoBell,Northeast,136411.47542145962,9.892682647174594,False,False
2023-10-02,91,TacoBell,South,5338.822129665927,9.892682647174594,False,False
2023-10-02,91,TacoBell,Midwest,41116.7906560722,9.892682647174594,False,False
2023-10-02,91,TacoBell,West,19652.53475552215,9.892682647174594,False,False
2023-10-02,91,TacoBell,Southwest,59493.24651703526,9.892682647174594,False,False
2023-10-02,91,Subway,Northeast,71446.37302480346,13.624792437784993,True,False
2023-10-02,91,Subway,South,74567.82408780204,13.624792437784993,False,False
2023-10-02,91,Subway,Midwest,45426.74169957748,13.624792437784993,False,False
2023-10-02,91,Subway,West,101195.50155099753,13.624792437784993,False,False
2023-10-02,91,Subway,Southwest,77102.81586471635,13.624792437784993,False,False
2023-10-02,91,KFC,Northeast,52830.154844303965,14.969229412624541,True,False
2023-10-02,91,KFC,South,104283.36405809746,14.969229412624541,False,False
2023-10-02,91,KFC,Midwest,67058.29526866216,14.969229412624541,False,False
2023-10-02,91,KFC,West,63212.36281669516,14.969229412624541,False,False
2023-10-02,91,KFC,Southwest,36404.82996286072,14.969229412624541,False,False
2023-10-02,91,Dominos,Northeast,39982.00898727029,9.768641015198977,False,False
2023-10-02,91,Dominos,South,28758.84133086811,9.768641015198977,False,False
2023-10-02,91,Dominos,Midwest,24700.62685382683,9.768641015198977,False,False
2023-10-02,91,Dominos,West,21111.928070591206,9.768641015198977,False,False
2023-10-02,91,Dominos,Southwest,17691.790746523093,9.768641015198977,False,False
2023-10-02,91,PizzaHut,Northeast,87321.98389611782,11.057440185263237,False,False
2023-10-02,91,PizzaHut,South,40353.35718550835,11.057440185263237,False,False
2023-10-02,91,PizzaHut,Midwest,135191.99555070876,11.057440185263237,True,False
2023-10-02,91,PizzaHut,West,41523.60676009605,11.057440185263237,False,False
2023-10-02,91,PizzaHut,Southwest,13964.168932465842,11.057440185263237,False,False
2023-10-09,92,McDonalds,Northeast,67317.6882374776,10.309824267031935,False,False
2023-10-09,92,McDonalds,South,82152.11401440915,10.309824267031935,False,False
2023-10-09,92,McDonalds,Midwest,70412.58025614433,10.309824267031935,False,False
2023-10-09,92,McDonalds,West,34246.43361611882,10.309824267031935,False,False
2023-10-09,92,McDonalds,Southwest,50924.52543739702,10.309824267031935,False,False
2023-10-09,92,BurgerKing,Northeast,16757.361296932504,14.597338002190577,False,False
2023-10-09,92,BurgerKing,South,81049.98576625506,14.7353013664426,False,False
2023-10-09,92,BurgerKing,Midwest,18437.02116742606,14.7353013664426,False,False
2023-10-09,92,BurgerKing,West,82542.46542348863,14.7353013664426,False,False
2023-10-09,92,BurgerKing,Southwest,69713.22669506534,14.7353013664426,False,False
2023-10-09,92,Wendys,Northeast,58844.795572952484,14.310400957705244,False,False
2023-10-09,92,Wendys,South,15382.561545565582,14.310400957705244,False,False
2023-10-09,92,Wendys,Midwest,57425.39131473043,14.310400957705244,False,False
2023-10-09,92,Wendys,West,28968.157732898697,14.310400957705244,False,False
2023-10-09,92,Wendys,Southwest,42464.179925509285,14.310400957705244,False,False
2023-10-09,92,TacoBell,Northeast,158087.7065321407,9.892682647174594,False,False
2023-10-09,92,TacoBell,South,7506.957713847524,9.965722875270751,False,False
2023-10-09,92,TacoBell,Midwest,41344.4530706741,9.892682647174594,False,False
2023-10-09,92,TacoBell,West,20451.051369255227,9.892682647174594,False,False
2023-10-09,92,TacoBell,Southwest,46350.217104534335,9.892682647174594,False,False
2023-10-09,92,Subway,Northeast,54376.423726052875,13.624792437784993,False,False
2023-10-09,92,Subway,South,83689.60043036519,13.624792437784993,False,False
2023-10-09,92,Subway,Midwest,27407.068479606176,16.326960266230486,False,False
2023-10-09,92,Subway,West,95030.34858044231,13.624792437784993,False,False
2023-10-09,92,Subway,Southwest,80988.7808660145,14.142945749987625,False,False
2023-10-09,92,KFC,Northeast,51678.30424226509,14.969229412624541,False,False
2023-10-09,92,KFC,South,118342.35146112295,14.969229412624541,False,False
2023-10-09,92,KFC,Midwest,63617.40364675143,14.969229412624541,False,False
2023-10-09,92,KFC,West,66688.77126315665,14.969229412624541,False,False
2023-10-09,92,KFC,Southwest,45505.185968341284,14.969229412624541,False,False
2023-10-09,92,Dominos,Northeast,33472.81992329513,9.174280711428993,False,False
2023-10-09,92,Dominos,South,34720.31873078139,9.768641015198977,False,False
2023-10-09,92,Dominos,Midwest,25181.583038685316,9.768641015198977,False,False
2023-10-09,92,Dominos,West,16417.706589675265,9.768641015198977,False,False
2023-10-09,92,Dominos,Southwest,18905.076173137524,9.768641015198977,False,False
2023-10-09,92,PizzaHut,Northeast,80023.04125033127,11.057440185263237,True,False
2023-10-09,92,PizzaHut,South,37971.98447566793,11.057440185263237,True,False
2023-10-09,92,PizzaHut,Midwest,114869.79864244562,11.057440185263237,False,False
2023-10-09,92,PizzaHut,West,25345.33277553796,11.057440185263237,False,False
2023-10-09,92,PizzaHut,Southwest,17115.29064933787,11.057440185263237,False,False
2023-10-16,93,McDonalds,Northeast,96054.97733672798,10.309824267031935,True,False
2023-10-16,93,McDonalds,South,95344.24691679887,10.309824267031935,False,False
2023-10-16,93,McDonalds,Midwest,57491.00325661856,10.309824267031935,False,False
2023-10-16,93,McDonalds,West,41951.91379461899,10.309824267031935,True,False
2023-10-16,93,McDonalds,Southwest,54768.79063580673,10.309824267031935,False,False
2023-10-16,93,BurgerKing,Northeast,15580.821221937616,14.7353013664426,False,False
2023-10-16,93,BurgerKing,South,84662.41016188134,14.7353013664426,False,False
2023-10-16,93,BurgerKing,Midwest,18528.056592416237,14.7353013664426,False,False
2023-10-16,93,BurgerKing,West,81654.59596359008,14.7353013664426,False,False
2023-10-16,93,BurgerKing,Southwest,62789.98677891689,14.7353013664426,False,False
2023-10-16,93,Wendys,Northeast,49911.57152416825,14.310400957705244,False,False
2023-10-16,93,Wendys,South,18747.017349624264,14.310400957705244,False,False
2023-10-16,93,Wendys,Midwest,68459.67615103487,14.310400957705244,True,False
2023-10-16,93,Wendys,West,30300.283408104093,14.310400957705244,False,False
2023-10-16,93,Wendys,Southwest,48505.04749921408,14.310400957705244,True,False
2023-10-16,93,TacoBell,Northeast,145430.86833767395,9.892682647174594,False,False
2023-10-16,93,TacoBell,South,8413.75162134175,9.892682647174594,False,False
2023-10-16,93,TacoBell,Midwest,50648.09744156608,9.892682647174594,False,False
2023-10-16,93,TacoBell,West,21313.372250783148,9.892682647174594,False,False
2023-10-16,93,TacoBell,Southwest,68137.90353926932,9.892682647174594,True,False
2023-10-16,93,Subway,Northeast,59749.973062931225,13.624792437784993,False,False
2023-10-16,93,Subway,South,77442.18899208882,13.624792437784993,False,False
2023-10-16,93,Subway,Midwest,40878.37896186313,13.624792437784993,False,False
2023-10-16,93,Subway,West,117886.99528915032,13.624792437784993,False,False
2023-10-16,93,Subway,Southwest,64104.779006582765,13.624792437784993,False,False
2023-10-16,93,KFC,Northeast,41541.58081647619,14.969229412624541,False,False
2023-10-16,93,KFC,South,122365.62637889065,14.969229412624541,False,False
2023-10-16,93,KFC,Midwest,61941.728425092486,14.969229412624541,False,False
2023-10-16,93,KFC,West,49797.92984158626,14.969229412624541,False,False
2023-10-16,93,KFC,Southwest,31424.184203675017,14.969229412624541,False,False
2023-10-16,93,Dominos,Northeast,27600.95902136887,9.768641015198977,False,False
2023-10-16,93,Dominos,South,33070.75984535589,9.768641015198977,False,False
2023-10-16,93,Dominos,Midwest,25868.84512382955,9.768641015198977,False,False
2023-10-16,93,Dominos,West,16956.42528859564,9.768641015198977,False,False
2023-10-16,93,Dominos,Southwest,14822.886256609241,9.768641015198977,False,False
2023-10-16,93,PizzaHut,Northeast,68653.45789962226,11.057440185263237,False,False
2023-10-16,93,PizzaHut,South,32514.542964841283,11.057440185263237,False,False
2023-10-16,93,PizzaHut,Midwest,124825.66359455713,11.057440185263237,False,False
2023-10-16,93,PizzaHut,West,32905.27842812542,11.057440185263237,False,False
2023-10-16,93,PizzaHut,Southwest,15426.662123845193,11.057440185263237,False,False
2023-10-23,94,McDonalds,Northeast,71948.70084181793,10.309824267031935,False,False
2023-10-23,94,McDonalds,South,116640.51529196046,10.309824267031935,False,False
2023-10-23,94,McDonalds,Midwest,61827.34503076537,10.309824267031935,True,False
2023-10-23,94,McDonalds,West,32344.508410811133,10.309824267031935,False,False
2023-10-23,94,McDonalds,Southwest,63086.01448567994,10.309824267031935,False,False
2023-10-23,94,BurgerKing,Northeast,13793.007043133839,14.7353013664426,False,False
2023-10-23,94,BurgerKing,South,79864.93324417161,14.7353013664426,False,False
2023-10-23,94,BurgerKing,Midwest,18680.047503510028,14.7353013664426,False,False
2023-10-23,94,BurgerKing,West,90679.2155492252,14.7353013664426,True,False
2023-10-23,94,BurgerKing,Southwest,53309.92854020609,14.7353013664426,False,False
2023-10-23,94,Wendys,Northeast,47349.398095072815,14.310400957705244,False,False
2023-10-23,94,Wendys,South,14670.203658551214,14.310400957705244,False,False
2023-10-23,94,Wendys,Midwest,68272.26223445778,14.310400957705244,False,False
2023-10-23,94,Wendys,West,35305.75918539358,14.310400957705244,True,False
2023-10-23,94,Wendys,Southwest,48695.75051029815,14.310400957705244,False,False
2023-10-23,94,TacoBell,Northeast,149955.65186732967,9.892682647174594,False,False
2023-10-23,94,TacoBell,South,9449.896752187507,9.892682647174594,False,False
2023-10-23,94,TacoBell,Midwest,49779.327643910176,9.892682647174594,False,False
2023-10-23,94,TacoBell,West,21620.567782122747,9.892682647174594,False,False
2023-10-23,94,TacoBell,Southwest,54807.993641192785,10.222111085921865,False,False
2023-10-23,94,Subway,Northeast,57749.689685149264,13.624792437784993,False,False
2023-10-23,94,Subway,South,114563.43818347204,13.624792437784993,True,False
2023-10-23,94,Subway,Midwest,43395.015684421305,13.624792437784993,False,False
2023-10-23,94,Subway,West,115040.15954081241,13.624792437784993,False,False
2023-10-23,94,Subway,Southwest,75914.20445762825,13.624792437784993,False,False
2023-10-23,94,KFC,Northeast,41736.258499387455,16.314406081991145,False,False
2023-10-23,94,KFC,South,94511.64150167465,14.969229412624541,False,False
2023-10-23,94,KFC,Midwest,70908.32062304816,14.969229412624541,False,False
2023-10-23,94,KFC,West,45273.29014688993,14.969229412624541,False,False
2023-10-23,94,KFC,Southwest,29662.788190453488,14.969229412624541,False,False
2023-10-23,94,Dominos,Northeast,29455.359960148468,9.768641015198977,False,False
2023-10-23,94,Dominos,South,29269.006386334288,9.768641015198977,False,False
2023-10-23,94,Dominos,Midwest,27987.263902428058,9.768641015198977,True,False
2023-10-23,94,Dominos,West,14334.567635925745,9.768641015198977,False,False
2023-10-23,94,Dominos,Southwest,13269.245684084926,9.768641015198977,False,False
2023-10-23,94,PizzaHut,Northeast,71685.53781538265,11.057440185263237,False,False
2023-10-23,94,PizzaHut,South,36040.73493536365,11.057440185263237,False,False
2023-10-23,94,PizzaHut,Midwest,105723.17712367416,11.439017171325476,False,False
2023-10-23,94,PizzaHut,West,36968.485131183355,11.057440185263237,False,False
2023-10-23,94,PizzaHut,Southwest,12062.417458512575,11.057440185263237,False,False
2023-10-30,95,McDonalds,Northeast,79842.91537510653,10.309824267031935,True,False
2023-10-30,95,McDonalds,South,86939.55794378075,11.992272992034547,True,False
2023-10-30,95,McDonalds,Midwest,58823.22177257053,10.309824267031935,False,False
2023-10-30,95,McDonalds,West,29675.62686308318,10.309824267031935,True,False
2023-10-30,95,McDonalds,Southwest,50034.18143625005,10.309824267031935,False,False
2023-10-30,95,BurgerKing,Northeast,15060.404373824358,14.7353013664426,False,False
2023-10-30,95,BurgerKing,South,78222.07810588824,14.7353013664426,False,False
2023-10-30,95,BurgerKing,Midwest,19229.889389216758,14.7353013664426,False,False
2023-10-30,95,BurgerKing,West,88015.608313842,14.7353013664426,False,False
2023-10-30,95,BurgerKing,Southwest,55116.11943137186,14.7353013664426,False,False
2023-10-30,95,Wendys,Northeast,65312.40754066342,14.310400957705244,True,False
2023-10-30,95,Wendys,South,18624.27758778406,14.310400957705244,False,False
2023-10-30,95,Wendys,Midwest,92131.47697445021,14.310400957705244,True,False
2023-10-30,95,Wendys,West,30968.23398944471,14.310400957705244,False,False
2023-10-30,95,Wendys,Southwest,61514.66532597166,14.310400957705244,False,False
2023-10-30,95,TacoBell,Northeast,153115.91546820075,9.892682647174594,False,False
2023-10-30,95,TacoBell,South,11428.411741780312,9.892682647174594,True,False
2023-10-30,95,TacoBell,Midwest,58576.23658115739,9.892682647174594,True,False
2023-10-30,95,TacoBell,West,22640.82244222634,9.892682647174594,False,False
2023-10-30,95,TacoBell,Southwest,53099.14052812013,9.892682647174594,False,False
2023-10-30,95,Subway,Northeast,54818.284827124255,13.624792437784993,False,False
2023-10-30,95,Subway,South,86692.07416825382,13.624792437784993,False,False
2023-10-30,95,Subway,Midwest,43823.65607396868,13.624792437784993,False,False
2023-10-30,95,Subway,West,92320.68722569212,13.624792437784993,False,False
2023-10-30,95,Subway,Southwest,73476.96723256107,13.624792437784993,False,False
2023-10-30,95,KFC,Northeast,41199.0570746776,14.969229412624541,False,False
2023-10-30,95,KFC,South,117832.54215441104,14.969229412624541,False,False
2023-10-30,95,KFC,Midwest,68981.07179425414,14.969229412624541,False,False
2023-10-30,95,KFC,West,41239.135756104726,14.969229412624541,False,False
2023-10-30,95,KFC,Southwest,33767.61458869852,14.969229412624541,False,False
2023-10-30,95,Dominos,Northeast,28813.966486986414,9.768641015198977,False,False
2023-10-30,95,Dominos,South,27971.050300221294,9.768641015198977,False,False
2023-10-30,95,Dominos,Midwest,24372.584849678726,9.768641015198977,False,False
2023-10-30,95,Dominos,West,14943.514610088896,9.768641015198977,False,False
2023-10-30,95,Dominos,Southwest,12818.581427903815,9.768641015198977,False,False
2023-10-30,95,PizzaHut,Northeast,114911.63892663871,11.057440185263237,True,False
2023-10-30,95,PizzaHut,South,38490.96579227942,11.057440185263237,False,False
2023-10-30,95,PizzaHut,Midwest,130726.63080921829,11.057440185263237,False,False
2023-10-30,95,PizzaHut,West,46636.58862399953,11.057440185263237,True,False
2023-10-30,95,PizzaHut,Southwest,12767.694998648289,11.057440185263237,False,False
2023-11-06,96,McDonalds,Northeast,60248.88532775164,10.309824267031935,False,False
2023-11-06,96,McDonalds,South,87158.28185461373,10.309824267031935,False,False
2023-11-06,96,McDonalds,Midwest,68345.22978629122,10.309824267031935,True,False
2023-11-06,96,McDonalds,West,31906.28014125358,10.309824267031935,True,False
2023-11-06,96,McDonalds,Southwest,57461.65403697992,10.309824267031935,False,False
2023-11-06,96,BurgerKing,Northeast,16722.405062332728,14.7353013664426,False,False
2023-11-06,96,BurgerKing,South,77819.79871139393,14.7353013664426,False,False
2023-11-06,96,BurgerKing,Midwest,17951.969464236474,14.7353013664426,False,False
2023-11-06,96,BurgerKing,West,76491.02374152282,14.53979076544174,False,False
2023-11-06,96,BurgerKing,Southwest,59953.85474981627,14.7353013664426,False,False
2023-11-06,96,Wendys,Northeast,53921.11487724592,14.310400957705244,False,False
2023-11-06,96,Wendys,South,18030.52953204774,14.310400957705244,False,False
2023-11-06,96,Wendys,Midwest,64034.62513296187,14.310400957705244,False,False
2023-11-06,96,Wendys,West,43384.308097878675,14.310400957705244,True,False
2023-11-06,96,Wendys,Southwest,44032.46571236248,14.310400957705244,False,False
2023-11-06,96,TacoBell,Northeast,189976.66354731933,9.892682647174594,True,False
2023-11-06,96,TacoBell,South,10727.472300546431,9.892682647174594,False,False
2023-11-06,96,TacoBell,Midwest,46896.17624024036,9.892682647174594,False,False
2023-11-06,96,TacoBell,West,27564.431912685344,9.892682647174594,False,False
2023-11-06,96,TacoBell,Southwest,57577.58449900201,9.892682647174594,False,False
2023-11-06,96,Subway,Northeast,69975.69785514109,13.624792437784993,True,False
2023-11-06,96,Subway,South,63117.53500741632,15.032470242014575,False,False
2023-11-06,96,Subway,Midwest,38251.43825057169,13.624792437784993,False,False
2023-11-06,96,Subway,West,98364.92185765284,13.624792437784993,False,False
2023-11-06,96,Subway,Southwest,78499.66403136209,13.624792437784993,False,False
2023-11-06,96,KFC,Northeast,40818.59572174581,14.969229412624541,False,False
2023-11-06,96,KFC,South,144815.1365358112,14.969229412624541,True,False
2023-11-06,96,KFC,Midwest,73133.26254557299,14.969229412624541,False,False
2023-11-06,96,KFC,West,47481.736572605674,14.969229412624541,False,False
2023-11-06,96,KFC,Southwest,33423.214445647165,14.969229412624541,False,False
2023-11-06,96,Dominos,Northeast,37540.893515264885,9.768641015198977,True,False
2023-11-06,96,Dominos,South,22144.19073594335,9.768641015198977,False,False
2023-11-06,96,Dominos,Midwest,22785.827548124224,9.768641015198977,False,False
2023-11-06,96,Dominos,West,8441.056457588247,9.768641015198977,False,False
2023-11-06,96,Dominos,Southwest,14702.033341327695,9.768641015198977,False,False
2023-11-06,96,PizzaHut,Northeast,81009.44672247065,11.057440185263237,False,False
2023-11-06,96,PizzaHut,South,37262.394662258645,11.057440185263237,False,False
2023-11-06,96,PizzaHut,Midwest,111209.3272328984,11.057440185263237,False,False
2023-11-06,96,PizzaHut,West,44374.49670524,11.057440185263237,True,False
2023-11-06,96,PizzaHut,Southwest,14971.444381139194,11.057440185263237,False,False
2023-11-13,97,McDonalds,Northeast,58798.61606016227,10.309824267031935,False,False
2023-11-13,97,McDonalds,South,71469.59642668035,11.941745777339744,False,False
2023-11-13,97,McDonalds,Midwest,73055.42836223713,10.309824267031935,True,False
2023-11-13,97,McDonalds,West,27090.536934380503,10.309824267031935,False,False
2023-11-13,97,McDonalds,Southwest,48791.21488975616,10.309824267031935,False,False
2023-11-13,97,BurgerKing,Northeast,16878.43647789961,14.7353013664426,False,False
2023-11-13,97,BurgerKing,South,76740.1366450361,14.7353013664426,False,False
2023-11-13,97,BurgerKing,Midwest,19548.778122608397,14.7353013664426,False,False
2023-11-13,97,BurgerKing,West,84030.89872047445,14.7353013664426,False,False
2023-11-13,97,BurgerKing,Southwest,55902.83349712636,14.7353013664426,False,False
2023-11-13,97,Wendys,Northeast,66960.45331508134,14.310400957705244,False,False
2023-11-13,97,Wendys,South,19146.347167268097,14.310400957705244,False,False
2023-11-13,97,Wendys,Midwest,65053.63764612619,14.310400957705244,False,False
2023-11-13,97,Wendys,West,31147.4546354998,14.310400957705244,False,False
2023-11-13,97,Wendys,Southwest,63577.12855207045,14.310400957705244,True,False
2023-11-13,97,TacoBell,Northeast,187123.97778501167,9.892682647174594,False,False
2023-11-13,97,TacoBell,South,10840.230448406357,9.892682647174594,False,False
2023-11-13,97,TacoBell,Midwest,56935.10531605909,9.39109567748061,False,False
2023-11-13,97,TacoBell,West,25140.738110024427,9.892682647174594,False,False
2023-11-13,97,TacoBell,Southwest,59415.16530161527,9.892682647174594,False,False
2023-11-13,97,Subway,Northeast,49729.598599498335,13.624792437784993,False,False
2023-11-13,97,Subway,South,71905.73446039484,13.624792437784993,False,False
2023-11-13,97,Subway,Midwest,42273.40896427146,13.624792437784993,False,False
2023-11-13,97,Subway,West,98018.96831367607,13.624792437784993,False,False
2023-11-13,97,Subway,Southwest,85444.892292436,13.624792437784993,False,False
2023-11-13,97,KFC,Northeast,34480.481381197744,14.969229412624541,False,False
2023-11-13,97,KFC,South,97505.05212498776,14.969229412624541,False,False
2023-11-13,97,KFC,Midwest,66802.12756070984,14.969229412624541,False,False
2023-11-13,97,KFC,West,60634.08929481761,13.922028110518077,True,False
2023-11-13,97,KFC,Southwest,31903.23631234939,14.969229412624541,False,False
2023-11-13,97,Dominos,Northeast,23558.084041020447,9.768641015198977,False,False
2023-11-13,97,Dominos,South,27597.82464862244,9.768641015198977,False,False
2023-11-13,97,Dominos,Midwest,21520.724691680767,9.768641015198977,False,False
2023-11-13,97,Dominos,West,7202.6994356584155,9.768641015198977,False,False
2023-11-13,97,Dominos,Southwest,11172.194130900178,9.768641015198977,False,False
2023-11-13,97,PizzaHut,Northeast,102066.84960283506,11.057440185263237,False,False
2023-11-13,97,PizzaHut,South,37372.164515486336,11.057440185263237,False,False
2023-11-13,97,PizzaHut,Midwest,110782.3846793304,11.057440185263237,False,False
2023-11-13,97,PizzaHut,West,43427.3786117772,11.057440185263237,False,False
2023-11-13,97,PizzaHut,Southwest,16709.857454772853,11.057440185263237,False,False
2023-11-20,98,McDonalds,Northeast,86195.28193314184,10.309824267031935,False,True
2023-11-20,98,McDonalds,South,128938.40408282238,10.309824267031935,True,True
2023-11-20,98,McDonalds,Midwest,81206.45636389252,10.309824267031935,True,True
2023-11-20,98,McDonalds,West,30997.686187210824,10.309824267031935,False,True
2023-11-20,98,McDonalds,Southwest,57046.30321137165,10.309824267031935,False,True
2023-11-20,98,BurgerKing,Northeast,15774.818217897307,14.7353013664426,False,True
2023-11-20,98,BurgerKing,South,98782.09155971228,14.7353013664426,False,True
2023-11-20,98,BurgerKing,Midwest,21981.548755339096,14.7353013664426,False,True
2023-11-20,98,BurgerKing,West,86692.27788209904,14.7353013664426,False,True
2023-11-20,98,BurgerKing,Southwest,67436.93759374239,14.7353013664426,False,True
2023-11-20,98,Wendys,Northeast,64256.42513971218,14.310400957705244,False,True
2023-11-20,98,Wendys,South,20276.4145801534,14.310400957705244,False,True
2023-11-20,98,Wendys,Midwest,89788.89843058313,14.310400957705244,False,True
2023-11-20,98,Wendys,West,42997.26922183212,14.310400957705244,False,True
2023-11-20,98,Wendys,Southwest,72462.84910804823,14.310400957705244,False,True
2023-11-20,98,TacoBell,Northeast,208472.0814314081,9.892682647174594,False,True
2023-11-20,98,TacoBell,South,17000.132656081147,9.978446835468512,False,True
2023-11-20,98,TacoBell,Midwest,67286.65759700643,9.892682647174594,False,True
2023-11-20,98,TacoBell,West,33872.94079593726,9.892682647174594,False,True
2023-11-20,98,TacoBell,Southwest,81959.1210960219,9.892682647174594,False,True
2023-11-20,98,Subway,Northeast,77461.15117649478,13.624792437784993,True,True
2023-11-20,98,Subway,South,108851.1757590258,13.624792437784993,False,True
2023-11-20,98,Subway,Midwest,45518.41509081967,13.624792437784993,False,True
2023-11-20,98,Subway,West,136651.58638550498,13.624792437784993,False,True
2023-11-20,98,Subway,Southwest,88585.6831847767,13.624792437784993,False,True
2023-11-20,98,KFC,Northeast,46544.40388179244,14.969229412624541,False,True
2023-11-20,98,KFC,South,104606.27951400187,14.969229412624541,False,True
2023-11-20,98,KFC,Midwest,77693.61167622003,14.969229412624541,False,True
2023-11-20,98,KFC,West,48030.66216240044,14.969229412624541,False,True
2023-11-20,98,KFC,Southwest,34362.3611229382,14.969229412624541,False,True
2023-11-20,98,Dominos,Northeast,25655.94035036342,9.768641015198977,False,True
2023-11-20,98,Dominos,South,32382.559344116613,9.768641015198977,False,True
2023-11-20,98,Dominos,Midwest,35344.09491127078,9.768641015198977,True,True
2023-11-20,98,Dominos,West,15900.216214388616,9.768641015198977,False,True
2023-11-20,98,Dominos,Southwest,12560.947734738354,9.768641015198977,False,True
2023-11-20,98,PizzaHut,Northeast,111415.1297317957,11.057440185263237,False,True
2023-11-20,98,PizzaHut,South,42521.75911520525,12.953888698497282,False,True
2023-11-20,98,PizzaHut,Midwest,156615.83053278158,11.057440185263237,False,True
2023-11-20,98,PizzaHut,West,43045.94699002876,11.057440185263237,False,True
2023-11-20,98,PizzaHut,Southwest,19123.20173891491,11.057440185263237,False,True
2023-11-27,99,McDonalds,Northeast,92902.94204195523,10.309824267031935,False,True
2023-11-27,99,McDonalds,South,128582.57024840607,10.309824267031935,True,True
2023-11-27,99,McDonalds,Midwest,64761.53579837111,10.309824267031935,False,True
2023-11-27,99,McDonalds,West,31765.074603691122,10.309824267031935,False,True
2023-11-27,99,McDonalds,Southwest,66749.4646976073,10.309824267031935,False,True
2023-11-27,99,BurgerKing,Northeast,20667.55570460331,14.7353013664426,False,True
2023-11-27,99,BurgerKing,South,95954.12660045094,14.7353013664426,False,True
2023-11-27,99,BurgerKing,Midwest,28401.478900175887,14.7353013664426,True,True
2023-11-27,99,BurgerKing,West,97825.77524271182,14.7353013664426,False,True
2023-11-27,99,BurgerKing,Southwest,75409.31557474454,14.7353013664426,False,True
2023-11-27,99,Wendys,Northeast,58297.88519245582,14.310400957705244,False,True
2023-11-27,99,Wendys,South,25814.633374192115,14.310400957705244,False,True
2023-11-27,99,Wendys,Midwest,89653.97579882307,14.310400957705244,False,True
2023-11-27,99,Wendys,West,37881.93947051422,14.310400957705244,False,True
2023-11-27,99,Wendys,Southwest,65287.53785900451,14.310400957705244,False,True
2023-11-27,99,TacoBell,Northeast,173570.70654817013,10.271321429990422,False,True
2023-11-27,99,TacoBell,South,15195.824793049485,9.892682647174594,False,True
2023-11-27,99,TacoBell,Midwest,69877.76367226866,9.892682647174594,False,True
2023-11-27,99,TacoBell,West,38449.2536614379,9.892682647174594,False,True
2023-11-27,99,TacoBell,Southwest,75065.16922869491,9.892682647174594,False,True
2023-11-27,99,Subway,Northeast,62295.45809153082,13.624792437784993,False,True
2023-11-27,99,Subway,South,99613.03976145659,13.624792437784993,False,True
2023-11-27,99,Subway,Midwest,43527.16436841384,13.624792437784993,False,True
2023-11-27,99,Subway,West,117440.20743123697,13.624792437784993,False,True
2023-11-27,99,Subway,Southwest,101327.63229106131,13.624792437784993,True,True
2023-11-27,99,KFC,Northeast,42228.918806474896,14.969229412624541,False,True
2023-11-27,99,KFC,South,124003.5918055783,14.969229412624541,False,True
2023-11-27,99,KFC,Midwest,74010.6459675622,14.969229412624541,False,True
2023-11-27,99,KFC,West,48824.72869089971,14.969229412624541,False,True
2023-11-27,99,KFC,Southwest,53494.38167497512,14.969229412624541,True,True
2023-11-27,99,Dominos,Northeast,32730.448092751605,9.768641015198977,False,True
2023-11-27,99,Dominos,South,37310.0146632419,9.768641015198977,False,True
2023-11-27,99,Dominos,Midwest,25592.096741030775,9.768641015198977,False,True
2023-11-27,99,Dominos,West,11202.377448990457,9.768641015198977,False,True
2023-11-27,99,Dominos,Southwest,13319.067653097925,9.768641015198977,False,True
2023-11-27,99,PizzaHut,Northeast,98468.90867870669,11.057440185263237,False,True
2023-11-27,99,PizzaHut,South,42792.25280341572,11.057440185263237,False,True
2023-11-27,99,PizzaHut,Midwest,179805.93392929682,11.057440185263237,False,True
2023-11-27,99,PizzaHut,West,49055.977479453126,11.057440185263237,False,True
2023-11-27,99,PizzaHut,Southwest,33188.23587333389,11.057440185263237,False,True
2023-12-04,100,McDonalds,Northeast,62105.40092630481,10.309824267031935,False,False
2023-12-04,100,McDonalds,South,82823.22042250789,10.309824267031935,False,False
2023-12-04,100,McDonalds,Midwest,47054.82095396994,10.309824267031935,False,False
2023-12-04,100,McDonalds,West,21396.883380610383,10.309824267031935,False,False
2023-12-04,100,McDonalds,Southwest,49720.22760180648,10.309824267031935,False,False
2023-12-04,100,BurgerKing,Northeast,13505.434225732768,14.7353013664426,False,False
2023-12-04,100,BurgerKing,South,59660.76724941049,16.541671087881745,False,False
2023-12-04,100,BurgerKing,Midwest,18737.107798387002,14.7353013664426,False,False
2023-12-04,100,BurgerKing,West,90989.49930322294,14.7353013664426,False,False
2023-12-04,100,BurgerKing,Southwest,58804.42208245605,14.7353013664426,False,False
2023-12-04,100,Wendys,Northeast,49991.6995829966,14.310400957705244,False,False
2023-12-04,100,Wendys,South,16458.428003089164,14.310400957705244,False,False
2023-12-04,100,Wendys,Midwest,66619.1081345247,14.310400957705244,False,False
2023-12-04,100,Wendys,West,34443.13540129525,14.310400957705244,False,False
2023-12-04,100,Wendys,Southwest,56108.27425031151,14.310400957705244,False,False
2023-12-04,100,TacoBell,Northeast,160093.97834143648,9.892682647174594,False,False
2023-12-04,100,TacoBell,South,15875.694342124065,9.892682647174594,False,False
2023-12-04,100,TacoBell,Midwest,53510.04684798889,9.892682647174594,False,False
2023-12-04,100,TacoBell,West,36568.95216919212,9.892682647174594,True,False
2023-12-04,100,TacoBell,Southwest,57157.24888821623,9.892682647174594,False,False
2023-12-04,100,Subway,Northeast,46517.62170837706,13.624792437784993,False,False
2023-12-04,100,Subway,South,84038.11716974074,13.624792437784993,False,False
2023-12-04,100,Subway,Midwest,38234.95469969934,13.624792437784993,False,False
2023-12-04,100,Subway,West,87220.00706514057,13.624792437784993,False,False
2023-12-04,100,Subway,Southwest,64691.667500209216,13.624792437784993,False,False
2023-12-04,100,KFC,Northeast,40527.88791146096,14.969229412624541,False,False
2023-12-04,100,KFC,South,119806.05554661811,14.969229412624541,True,False
2023-12-04,100,KFC,Midwest,60172.66677224459,15.33216242650218,False,False
2023-12-04,100,KFC,West,36012.9999828659,14.969229412624541,False,False
2023-12-04,100,KFC,Southwest,38072.5323816116,14.185661461745768,False,False
2023-12-04,100,Dominos,Northeast,22827.49819930378,9.768641015198977,False,False
2023-12-04,100,Dominos,South,30448.796515939288,10.06025908326592,False,False
2023-12-04,100,Dominos,Midwest,22863.115211614913,9.768641015198977,False,False
2023-12-04,100,Dominos,West,16042.92581951252,9.768641015198977,False,False
2023-12-04,100,Dominos,Southwest,11821.366877344333,9.768641015198977,False,False
2023-12-04,100,PizzaHut,Northeast,108888.06570203672,11.057440185263237,False,False
2023-12-04,100,PizzaHut,South,31182.768268881166,11.057440185263237,False,False
2023-12-04,100,PizzaHut,Midwest,137446.15831292927,11.057440185263237,False,False
2023-12-04,100,PizzaHut,West,43115.28843762843,11.057440185263237,False,False
2023-12-04,100,PizzaHut,Southwest,29068.239561752936,11.057440185263237,False,False
2023-12-11,101,McDonalds,Northeast,74052.93320831156,10.309824267031935,False,False
2023-12-11,101,McDonalds,South,73187.38142574076,10.309824267031935,False,False
2023-12-11,101,McDonalds,Midwest,54289.82240923368,10.309824267031935,False,False
2023-12-11,101,McDonalds,West,21165.54221386455,10.309824267031935,False,False
2023-12-11,101,McDonalds,Southwest,59136.16319501409,10.309824267031935,False,False
2023-12-11,101,BurgerKing,Northeast,16206.985305145337,14.79961158065743,False,False
2023-12-11,101,BurgerKing,South,85913.64767286606,14.7353013664426,False,False
2023-12-11,101,BurgerKing,Midwest,20943.01495466405,14.7353013664426,False,False
2023-12-11,101,BurgerKing,West,85253.60800199854,14.7353013664426,False,False
2023-12-11,101,BurgerKing,Southwest,52488.8251989362,14.7353013664426,False,False
2023-12-11,101,Wendys,Northeast,65912.2675162978,14.310400957705244,False,False
2023-12-11,101,Wendys,South,23204.187868946476,14.310400957705244,True,False
2023-12-11,101,Wendys,Midwest,81213.42884533705,14.310400957705244,False,False
2023-12-11,101,Wendys,West,33763.97616221048,14.310400957705244,False,False
2023-12-11,101,Wendys,Southwest,49880.53402416994,14.310400957705244,False,False
2023-12-11,101,TacoBell,Northeast,147557.6837941942,9.892682647174594,False,False
2023-12-11,101,TacoBell,South,17267.451918790706,9.892682647174594,True,False
2023-12-11,101,TacoBell,Midwest,55770.78126053248,9.892682647174594,False,False
2023-12-11,101,TacoBell,West,28238.54917044968,9.892682647174594,False,False
2023-12-11,101,TacoBell,Southwest,65515.32528546401,9.892682647174594,False,False
2023-12-11,101,Subway,Northeast,52507.64456589264,13.624792437784993,False,False
2023-12-11,101,Subway,South,63039.89183757605,13.624792437784993,False,False
2023-12-11,101,Subway,Midwest,45829.85768289814,13.624792437784993,False,False
2023-12-11,101,Subway,West,87044.3086690308,13.624792437784993,False,False
2023-12-11,101,Subway,Southwest,95347.1909758902,13.624792437784993,True,False
2023-12-11,101,KFC,Northeast,36407.61007151061,14.969229412624541,False,False
2023-12-11,101,KFC,South,74989.7759997555,14.969229412624541,False,False
2023-12-11,101,KFC,Midwest,52024.242818403705,14.969229412624541,False,False
2023-12-11,101,KFC,West,31286.803906078472,14.969229412624541,False,False
2023-12-11,101,KFC,Southwest,35073.2368059881,14.969229412624541,True,False
2023-12-11,101,Dominos,Northeast,24876.22341695517,9.768641015198977,False,False
2023-12-11,101,Dominos,South,23938.74937141939,9.768641015198977,False,False
2023-12-11,101,Dominos,Midwest,21565.10876386876,9.830362873059595,False,False
2023-12-11,101,Dominos,West,17702.601022790182,8.240726151332103,False,False
2023-12-11,101,Dominos,Southwest,11087.246548554594,9.768641015198977,False,False
2023-12-11,101,PizzaHut,Northeast,97793.8251693361,11.057440185263237,False,False
2023-12-11,101,PizzaHut,South,40679.85347249947,11.057440185263237,False,False
2023-12-11,101,PizzaHut,Midwest,136269.95730248804,11.057440185263237,False,False
2023-12-11,101,PizzaHut,West,40933.00967467587,11.057440185263237,False,False
2023-12-11,101,PizzaHut,Southwest,30314.01679853695,11.057440185263237,False,False
2023-12-18,102,McDonalds,Northeast,83070.93238619823,10.309824267031935,True,False
2023-12-18,102,McDonalds,South,91125.28382815693,10.309824267031935,False,False
2023-12-18,102,McDonalds,Midwest,52903.15868149913,10.309824267031935,False,False
2023-12-18,102,McDonalds,West,20797.36716337795,10.309824267031935,False,False
2023-12-18,102,McDonalds,Southwest,50181.71351855817,10.309824267031935,False,False
2023-12-18,102,BurgerKing,Northeast,17007.809365029305,14.7353013664426,False,False
2023-12-18,102,BurgerKing,South,79161.7247482889,14.7353013664426,False,False
2023-12-18,102,BurgerKing,Midwest,17983.81420262618,14.7353013664426,False,False
2023-12-18,102,BurgerKing,West,88611.33297240244,14.7353013664426,False,False
2023-12-18,102,BurgerKing,Southwest,60269.26289364944,14.7353013664426,False,False
2023-12-18,102,Wendys,Northeast,51173.7433238111,14.310400957705244,False,False
2023-12-18,102,Wendys,South,23649.344743326066,14.310400957705244,True,False
2023-12-18,102,Wendys,Midwest,80928.49018460732,14.310400957705244,False,False
2023-12-18,102,Wendys,West,42973.73691152521,14.310400957705244,False,False
2023-12-18,102,Wendys,Southwest,51879.12065259787,14.310400957705244,False,False
2023-12-18,102,TacoBell,Northeast,162822.748476808,9.892682647174594,False,False
2023-12-18,102,TacoBell,South,22059.821060048052,9.892682647174594,False,False
2023-12-18,102,TacoBell,Midwest,66758.53937867624,9.437451100919047,False,False
2023-12-18,102,TacoBell,West,29307.96542267711,9.892682647174594,False,False
2023-12-18,102,TacoBell,Southwest,65299.368162154205,9.892682647174594,False,False
2023-12-18,102,Subway,Northeast,42140.23129031411,13.624792437784993,False,False
2023-12-18,102,Subway,South,67905.6106396159,13.624792437784993,False,False
2023-12-18,102,Subway,Midwest,30201.64133041615,13.624792437784993,False,False
2023-12-18,102,Subway,West,104407.8667190486,13.624792437784993,False,False
2023-12-18,102,Subway,Southwest,68894.19276122231,13.624792437784993,False,False
2023-12-18,102,KFC,Northeast,35841.50081180425,14.969229412624541,False,False
2023-12-18,102,KFC,South,105274.14900018653,14.969229412624541,False,False
2023-12-18,102,KFC,Midwest,56634.243912717604,14.969229412624541,False,False
2023-12-18,102,KFC,West,36732.656590475424,14.969229412624541,False,False
2023-12-18,102,KFC,Southwest,28756.42512839645,14.969229412624541,False,False
2023-12-18,102,Dominos,Northeast,23995.287490338706,9.768641015198977,False,False
2023-12-18,102,Dominos,South,28207.374479388574,9.768641015198977,False,False
2023-12-18,102,Dominos,Midwest,21902.478786749492,9.768641015198977,False,False
2023-12-18,102,Dominos,West,8817.901781189916,9.768641015198977,False,False
2023-12-18,102,Dominos,Southwest,10589.59204521522,10.007003309100554,False,False
2023-12-18,102,PizzaHut,Northeast,84363.55127843557,11.057440185263237,False,False
2023-12-18,102,PizzaHut,South,48048.79663223267,11.057440185263237,False,False
2023-12-18,102,PizzaHut,Midwest,127633.75508250593,11.057440185263237,False,False
2023-12-18,102,PizzaHut,West,52042.02784686824,11.057440185263237,False,False
2023-12-18,102,PizzaHut,Southwest,36676.17796373723,11.057440185263237,True,False
2023-12-25,103,McDonalds,Northeast,73720.28660532451,10.309824267031935,False,True
2023-12-25,103,McDonalds,South,100876.71483315123,10.309824267031935,False,True
2023-12-25,103,McDonalds,Midwest,56123.89240867613,10.309824267031935,False,True
2023-12-25,103,McDonalds,West,20875.61820824148,10.309824267031935,False,True
2023-12-25,103,McDonalds,Southwest,53590.30073214094,10.309824267031935,False,True
2023-12-25,103,BurgerKing,Northeast,16347.44349854905,14.7353013664426,False,True
2023-12-25,103,BurgerKing,South,109918.37168757465,14.7353013664426,False,True
2023-12-25,103,BurgerKing,Midwest,27181.30878025927,14.7353013664426,False,True
2023-12-25,103,BurgerKing,West,93301.2641558618,14.7353013664426,False,True
2023-12-25,103,BurgerKing,Southwest,61128.12146375678,14.7353013664426,False,True
2023-12-25,103,Wendys,Northeast,52864.48201678236,14.310400957705244,False,True
2023-12-25,103,Wendys,South,26221.19013136785,14.310400957705244,True,True
2023-12-25,103,Wendys,Midwest,102535.41466961803,14.310400957705244,False,True
2023-12-25,103,Wendys,West,49701.090031668,14.310400957705244,False,True
2023-12-25,103,Wendys,Southwest,68312.74450738741,14.310400957705244,False,True
2023-12-25,103,TacoBell,Northeast,175944.65382467298,9.892682647174594,False,True
2023-12-25,103,TacoBell,South,29305.317185905937,8.315608313960016,False,True
2023-12-25,103,TacoBell,Midwest,66345.63107013488,9.892682647174594,False,True
2023-12-25,103,TacoBell,West,29159.877294541206,9.892682647174594,False,True
2023-12-25,103,TacoBell,Southwest,75563.40510404912,9.892682647174594,True,True
2023-12-25,103,Subway,Northeast,66385.65855597692,13.624792437784993,True,True
2023-12-25,103,Subway,South,80438.4994970458,13.624792437784993,False,True
2023-12-25,103,Subway,Midwest,43911.29660091663,13.624792437784993,False,True
2023-12-25,103,Subway,West,98866.9952429648,13.624792437784993,False,True
2023-12-25,103,Subway,Southwest,64082.52790211364,13.624792437784993,False,True
2023-12-25,103,KFC,Northeast,61336.813072107165,13.839001702713054,True,True
2023-12-25,103,KFC,South,98129.73454010769,14.969229412624541,False,True
2023-12-25,103,KFC,Midwest,67767.04138284069,14.969229412624541,False,True
2023-12-25,103,KFC,West,32917.24425943916,14.969229412624541,False,True
2023-12-25,103,KFC,Southwest,33250.66545079406,14.969229412624541,False,True
2023-12-25,103,Dominos,Northeast,31400.653290430168,9.768641015198977,False,True
2023-12-25,103,Dominos,South,29261.182428258748,9.768641015198977,False,True
2023-12-25,103,Dominos,Midwest,26551.78620298999,9.768641015198977,False,True
2023-12-25,103,Dominos,West,11899.645668975965,9.768641015198977,False,True
2023-12-25,103,Dominos,Southwest,15611.045404647059,9.768641015198977,False,True
2023-12-25,103,PizzaHut,Northeast,124480.11968190072,11.057440185263237,False,True
2023-12-25,103,PizzaHut,South,51974.83775137277,11.057440185263237,False,True
2023-12-25,103,PizzaHut,Midwest,157724.17940841455,11.057440185263237,False,True
2023-12-25,103,PizzaHut,West,56650.31490268465,11.057440185263237,False,True
2023-12-25,103,PizzaHut,Southwest,36811.275488572915,11.057440185263237,False,True
2024-01-01,104,McDonalds,Northeast,76423.9586816713,10.309824267031935,False,True
2024-01-01,104,McDonalds,South,85838.99060474744,10.309824267031935,False,True
2024-01-01,104,McDonalds,Midwest,51145.21693278981,10.309824267031935,False,True
2024-01-01,104,McDonalds,West,25568.164236688077,10.309824267031935,False,True
2024-01-01,104,McDonalds,Southwest,59620.37598157265,10.309824267031935,False,True
2024-01-01,104,BurgerKing,Northeast,16043.09947002673,14.7353013664426,False,True
2024-01-01,104,BurgerKing,South,107930.70097358042,14.7353013664426,True,True
2024-01-01,104,BurgerKing,Midwest,25955.125517898152,14.7353013664426,False,True
2024-01-01,104,BurgerKing,West,120947.35593358437,14.7353013664426,False,True
2024-01-01,104,BurgerKing,Southwest,66651.24102005873,14.7353013664426,False,True
2024-01-01,104,Wendys,Northeast,61343.42939279656,14.310400957705244,False,True
2024-01-01,104,Wendys,South,19288.997917365305,14.310400957705244,False,True
2024-01-01,104,Wendys,Midwest,91522.50095183348,14.310400957705244,False,True
2024-01-01,104,Wendys,West,49171.76438939176,14.310400957705244,True,True
2024-01-01,104,Wendys,Southwest,78184.53055324974,14.310400957705244,True,True
2024-01-01,104,TacoBell,Northeast,262069.18812056413,9.892682647174594,False,True
2024-01-01,104,TacoBell,South,24768.77274437804,9.892682647174594,False,True
2024-01-01,104,TacoBell,Midwest,67188.92699640352,9.892682647174594,False,True
2024-01-01,104,TacoBell,West,36505.07046246126,9.892682647174594,False,True
2024-01-01,104,TacoBell,Southwest,95415.79672523457,9.892682647174594,True,True
2024-01-01,104,Subway,Northeast,42285.89599022666,13.624792437784993,False,True
2024-01-01,104,Subway,South,77246.74268111233,14.530518349564503,True,True
2024-01-01,104,Subway,Midwest,31921.776951721804,13.624792437784993,False,True
2024-01-01,104,Subway,West,95851.9732922795,13.624792437784993,False,True
2024-01-01,104,Subway,Southwest,75648.1208843886,13.624792437784993,False,True
2024-01-01,104,KFC,Northeast,38831.18064751079,14.969229412624541,False,True
2024-01-01,104,KFC,South,98627.58804365917,14.969229412624541,False,True
2024-01-01,104,KFC,Midwest,63220.94821164109,14.969229412624541,False,True
2024-01-01,104,KFC,West,34044.019872617384,14.969229412624541,False,True
2024-01-01,104,KFC,Southwest,35084.25649078851,14.969229412624541,False,True
2024-01-01,104,Dominos,Northeast,28005.43505550875,9.768641015198977,False,True
2024-01-01,104,Dominos,South,45028.166890608205,9.11405358886927,True,True
2024-01-01,104,Dominos,Midwest,25480.48045762036,9.768641015198977,False,True
2024-01-01,104,Dominos,West,16644.55752514285,9.768641015198977,False,True
2024-01-01,104,Dominos,Southwest,14722.569489871052,9.768641015198977,False,True
2024-01-01,104,PizzaHut,Northeast,119195.6573051813,11.057440185263237,False,True
2024-01-01,104,PizzaHut,South,44038.2003599091,11.057440185263237,False,True
2024-01-01,104,PizzaHut,Midwest,161012.500256792,11.057440185263237,False,True
2024-01-01,104,PizzaHut,West,63771.12762670855,11.057440185263237,False,True
2024-01-01,104,PizzaHut,Southwest,41529.100013973446,11.057440185263237,False,True
2024-01-08,105,McDonalds,Northeast,66718.65983912132,10.309824267031935,False,False
2024-01-08,105,McDonalds,South,65651.18055975228,10.309824267031935,False,False
2024-01-08,105,McDonalds,Midwest,45875.59705488927,10.309824267031935,False,False
2024-01-08,105,McDonalds,West,17754.532962629262,9.865528781834978,False,False
2024-01-08,105,McDonalds,Southwest,50547.029844528006,10.309824267031935,False,False
2024-01-08,105,BurgerKing,Northeast,16015.313481531637,14.7353013664426,False,False
2024-01-08,105,BurgerKing,South,90383.01850174776,14.7353013664426,False,False
2024-01-08,105,BurgerKing,Midwest,24983.79530198265,14.7353013664426,False,False
2024-01-08,105,BurgerKing,West,79970.95730045979,14.7353013664426,False,False
2024-01-08,105,BurgerKing,Southwest,68349.61262666865,14.7353013664426,False,False
2024-01-08,105,Wendys,Northeast,48282.47367695566,14.310400957705244,False,False
2024-01-08,105,Wendys,South,18135.143521180893,14.310400957705244,False,False
2024-01-08,105,Wendys,Midwest,71784.63298824955,14.310400957705244,False,False
2024-01-08,105,Wendys,West,43873.044266754776,14.310400957705244,False,False
2024-01-08,105,Wendys,Southwest,52369.89097421999,14.310400957705244,False,False
2024-01-08,105,TacoBell,Northeast,185136.7845925457,9.892682647174594,False,False
2024-01-08,105,TacoBell,South,18582.15401928413,9.892682647174594,False,False
2024-01-08,105,TacoBell,Midwest,68401.67643183786,9.892682647174594,False,False
2024-01-08,105,TacoBell,West,29218.98527412915,9.892682647174594,False,False
2024-01-08,105,TacoBell,Southwest,87159.74051448457,9.892682647174594,True,False
2024-01-08,105,Subway,Northeast,36961.23343499393,13.624792437784993,False,False
2024-01-08,105,Subway,South,74866.8963188105,13.624792437784993,False,False
2024-01-08,105,Subway,Midwest,35447.333617872355,13.624792437784993,True,False
2024-01-08,105,Subway,West,88624.10239812284,13.624792437784993,False,False
2024-01-08,105,Subway,Southwest,55005.19902837376,13.624792437784993,False,False
2024-01-08,105,KFC,Northeast,44660.46202997441,14.969229412624541,True,False
2024-01-08,105,KFC,South,83055.41699117546,14.969229412624541,False,False
2024-01-08,105,KFC,Midwest,52423.49681522131,14.969229412624541,False,False
2024-01-08,105,KFC,West,31464.56227356797,14.969229412624541,False,False
2024-01-08,105,KFC,Southwest,28785.54276184598,14.969229412624541,True,False
2024-01-08,105,Dominos,Northeast,20999.09942135305,9.768641015198977,False,False
2024-01-08,105,Dominos,South,26753.525014350405,9.768641015198977,False,False
2024-01-08,105,Dominos,Midwest,22419.45318980657,9.768641015198977,False,False
2024-01-08,105,Dominos,West,16103.340183014974,9.768641015198977,False,False
2024-01-08,105,Dominos,Southwest,16557.237379680537,9.768641015198977,False,False
2024-01-08,105,PizzaHut,Northeast,119267.63477160434,11.057440185263237,False,False
2024-01-08,105,PizzaHut,South,38870.82787847635,11.057440185263237,False,False
2024-01-08,105,PizzaHut,Midwest,156085.20056799086,11.057440185263237,False,False
2024-01-08,105,PizzaHut,West,48340.116982477746,11.057440185263237,False,False
2024-01-08,105,PizzaHut,Southwest,37125.903184435585,11.057440185263237,False,False
2024-01-15,106,McDonalds,Northeast,50314.3444529524,10.309824267031935,False,False
2024-01-15,106,McDonalds,South,69818.3987374037,10.309824267031935,False,False
2024-01-15,106,McDonalds,Midwest,41575.649193574325,10.309824267031935,False,False
2024-01-15,106,McDonalds,West,20713.43449681325,9.088274986228242,False,False
2024-01-15,106,McDonalds,Southwest,47890.92775018409,10.309824267031935,False,False
2024-01-15,106,BurgerKing,Northeast,16204.942875405084,14.7353013664426,False,False
2024-01-15,106,BurgerKing,South,97184.22002122577,14.7353013664426,False,False
2024-01-15,106,BurgerKing,Midwest,26087.93123877082,14.7353013664426,False,False
2024-01-15,106,BurgerKing,West,104850.70297627588,14.7353013664426,True,False
2024-01-15,106,BurgerKing,Southwest,73739.81427351621,14.7353013664426,False,False
2024-01-15,106,Wendys,Northeast,51661.773147643304,14.310400957705244,False,False
2024-01-15,106,Wendys,South,16951.019545787178,14.310400957705244,False,False
2024-01-15,106,Wendys,Midwest,80861.4051527178,14.310400957705244,False,False
2024-01-15,106,Wendys,West,29951.510163948933,14.310400957705244,False,False
2024-01-15,106,Wendys,Southwest,56575.843783335724,14.310400957705244,False,False
2024-01-15,106,TacoBell,Northeast,169727.92152335052,9.892682647174594,False,False
2024-01-15,106,TacoBell,South,15135.417541542327,9.892682647174594,False,False
2024-01-15,106,TacoBell,Midwest,63071.0026368858,9.892682647174594,False,False
2024-01-15,106,TacoBell,West,25384.148999847635,9.892682647174594,False,False
2024-01-15,106,TacoBell,Southwest,59653.34847062308,9.892682647174594,False,False
2024-01-15,106,Subway,Northeast,31194.08394486843,13.624792437784993,False,False
2024-01-15,106,Subway,South,60122.262613799685,13.624792437784993,False,False
2024-01-15,106,Subway,Midwest,32635.31393266984,13.624792437784993,True,False
2024-01-15,106,Subway,West,73032.82700032849,13.624792437784993,False,False
2024-01-15,106,Subway,Southwest,59298.229846751354,13.624792437784993,False,False
2024-01-15,106,KFC,Northeast,38690.90354809118,14.969229412624541,False,False
2024-01-15,106,KFC,South,95216.71397495392,14.969229412624541,False,False
2024-01-15,106,KFC,Midwest,53311.12539879083,14.969229412624541,False,False
2024-01-15,106,KFC,West,30397.02104321662,14.969229412624541,False,False
2024-01-15,106,KFC,Southwest,26342.278172841692,14.969229412624541,False,False
2024-01-15,106,Dominos,Northeast,24578.827683188316,9.768641015198977,False,False
2024-01-15,106,Dominos,South,29535.66218937423,9.768641015198977,False,False
2024-01-15,106,Dominos,Midwest,29358.93938399137,9.768641015198977,False,False
2024-01-15,106,Dominos,West,18770.514143509252,9.768641015198977,False,False
2024-01-15,106,Dominos,Southwest,16083.823340426372,9.768641015198977,False,False
2024-01-15,106,PizzaHut,Northeast,112880.4936515214,11.057440185263237,False,False
2024-01-15,106,PizzaHut,South,51521.03935224754,11.057440185263237,False,False
2024-01-15,106,PizzaHut,Midwest,136541.62676370368,11.057440185263237,False,False
2024-01-15,106,PizzaHut,West,54263.934136751326,11.057440185263237,False,False
2024-01-15,106,PizzaHut,Southwest,47898.19232108991,11.057440185263237,False,False
2024-01-22,107,McDonalds,Northeast,55514.929029688,10.309824267031935,False,False
2024-01-22,107,McDonalds,South,68433.9265327107,10.309824267031935,False,False
2024-01-22,107,McDonalds,Midwest,42172.6999483138,10.309824267031935,False,False
2024-01-22,107,McDonalds,West,20779.351816793565,10.309824267031935,True,False
2024-01-22,107,McDonalds,Southwest,56899.99348260652,10.309824267031935,False,False
2024-01-22,107,BurgerKing,Northeast,16900.538970148693,14.7353013664426,False,False
2024-01-22,107,BurgerKing,South,99215.06777469693,14.7353013664426,False,False
2024-01-22,107,BurgerKing,Midwest,26453.43049647974,14.7353013664426,False,False
2024-01-22,107,BurgerKing,West,105947.60763527962,14.7353013664426,False,False
2024-01-22,107,BurgerKing,Southwest,67400.16555860243,14.7353013664426,False,False
2024-01-22,107,Wendys,Northeast,60691.840817062504,14.310400957705244,False,False
2024-01-22,107,Wendys,South,20187.578636370003,14.310400957705244,False,False
2024-01-22,107,Wendys,Midwest,73976.367148214,14.310400957705244,False,False
2024-01-22,107,Wendys,West,33741.30392978974,14.310400957705244,False,False
2024-01-22,107,Wendys,Southwest,55882.40704208584,14.310400957705244,False,False
2024-01-22,107,TacoBell,Northeast,173792.76775131034,9.892682647174594,False,False
2024-01-22,107,TacoBell,South,18069.317547586532,9.892682647174594,False,False
2024-01-22,107,TacoBell,Midwest,70074.61675252387,9.892682647174594,False,False
2024-01-22,107,TacoBell,West,25407.08637978413,9.892682647174594,False,False
2024-01-22,107,TacoBell,Southwest,63224.1614327578,9.892682647174594,False,False
2024-01-22,107,Subway,Northeast,37549.86115559695,13.624792437784993,False,False
2024-01-22,107,Subway,South,51405.97340213833,13.624792437784993,False,False
2024-01-22,107,Subway,Midwest,23524.46947133309,13.624792437784993,False,False
2024-01-22,107,Subway,West,74075.01879130422,13.624792437784993,False,False
2024-01-22,107,Subway,Southwest,61982.66223158509,13.624792437784993,False,False
2024-01-22,107,KFC,Northeast,36160.70437846457,14.969229412624541,False,False
2024-01-22,107,KFC,South,99413.46898772409,14.969229412624541,False,False
2024-01-22,107,KFC,Midwest,54380.735509446546,14.969229412624541,False,False
2024-01-22,107,KFC,West,28489.456767204305,14.969229412624541,False,False
2024-01-22,107,KFC,Southwest,23597.64267188004,14.969229412624541,False,False
2024-01-22,107,Dominos,Northeast,23821.365074443227,9.768641015198977,False,False
2024-01-22,107,Dominos,South,41672.46164183594,9.768641015198977,True,False
2024-01-22,107,Dominos,Midwest,29829.25854866763,9.768641015198977,True,False
2024-01-22,107,Dominos,West,17088.018742675362,9.768641015198977,False,False
2024-01-22,107,Dominos,Southwest,17721.96226453106,9.768641015198977,False,False
2024-01-22,107,PizzaHut,Northeast,103685.42271331971,11.057440185263237,False,False
2024-01-22,107,PizzaHut,South,49011.99056570842,11.057440185263237,False,False
2024-01-22,107,PizzaHut,Midwest,144392.7628767478,11.057440185263237,False,False
2024-01-22,107,PizzaHut,West,51835.29956409505,11.057440185263237,False,False
2024-01-22,107,PizzaHut,Southwest,44043.10928274963,11.057440185263237,False,False
2024-01-29,108,McDonalds,Northeast,59346.88729462636,10.309824267031935,False,False
2024-01-29,108,McDonalds,South,54216.68488128733,10.309824267031935,False,False
2024-01-29,108,McDonalds,Midwest,38344.14648977938,10.309824267031935,True,False
2024-01-29,108,McDonalds,West,13556.258094792393,10.309824267031935,False,False
2024-01-29,108,McDonalds,Southwest,43248.86532020656,10.309824267031935,False,False
2024-01-29,108,BurgerKing,Northeast,20764.456894193732,14.7353013664426,True,False
2024-01-29,108,BurgerKing,South,103923.14480671902,14.7353013664426,False,False
2024-01-29,108,BurgerKing,Midwest,24200.766396353705,14.7353013664426,False,False
2024-01-29,108,BurgerKing,West,113442.26265733017,14.7353013664426,False,False
2024-01-29,108,BurgerKing,Southwest,80544.38751330409,14.7353013664426,False,False
2024-01-29,108,Wendys,Northeast,57718.31575184789,14.310400957705244,False,False
2024-01-29,108,Wendys,South,17713.428558641706,14.310400957705244,False,False
2024-01-29,108,Wendys,Midwest,74395.15391055861,14.310400957705244,False,False
2024-01-29,108,Wendys,West,34005.39804654956,14.310400957705244,False,False
2024-01-29,108,Wendys,Southwest,53213.93098443095,14.859426679802418,False,False
2024-01-29,108,TacoBell,Northeast,190103.19671058666,9.892682647174594,False,False
2024-01-29,108,TacoBell,South,15834.470555303013,9.892682647174594,False,False
2024-01-29,108,TacoBell,Midwest,60138.52227517109,9.892682647174594,False,False
2024-01-29,108,TacoBell,West,32741.026683742297,9.892682647174594,False,False
2024-01-29,108,TacoBell,Southwest,63307.351124352055,9.892682647174594,False,False
2024-01-29,108,Subway,Northeast,34447.775767080326,13.624792437784993,False,False
2024-01-29,108,Subway,South,67236.62361969946,13.624792437784993,False,False
2024-01-29,108,Subway,Midwest,28037.59537149127,13.624792437784993,False,False
2024-01-29,108,Subway,West,81320.98571921162,13.624792437784993,False,False
2024-01-29,108,Subway,Southwest,53071.249805927044,13.624792437784993,False,False
2024-01-29,108,KFC,Northeast,42155.73868587746,14.969229412624541,False,False
2024-01-29,108,KFC,South,81563.98960218305,14.628560708529871,False,False
2024-01-29,108,KFC,Midwest,49310.2580002317,14.969229412624541,False,False
2024-01-29,108,KFC,West,25874.826638370785,14.969229412624541,False,False
2024-01-29,108,KFC,Southwest,26431.558135593757,14.969229412624541,False,False
2024-01-29,108,Dominos,Northeast,34968.50521417083,9.768641015198977,True,False
2024-01-29,108,Dominos,South,40338.678713233174,9.768641015198977,False,False
2024-01-29,108,Dominos,Midwest,23748.03342821238,9.768641015198977,False,False
2024-01-29,108,Dominos,West,17760.98527168716,9.768641015198977,False,False
2024-01-29,108,Dominos,Southwest,18379.414537444416,9.768641015198977,False,False
2024-01-29,108,PizzaHut,Northeast,147927.1248445877,11.057440185263237,False,False
2024-01-29,108,PizzaHut,South,52405.58789062794,11.057440185263237,False,False
2024-01-29,108,PizzaHut,Midwest,140160.58093851956,11.057440185263237,False,False
2024-01-29,108,PizzaHut,West,55911.293867703236,11.057440185263237,False,False
2024-01-29,108,PizzaHut,Southwest,45028.031344459916,11.057440185263237,False,False
2024-02-05,109,McDonalds,Northeast,64047.14755061262,10.309824267031935,False,False
2024-02-05,109,McDonalds,South,54541.92020400006,10.309824267031935,False,False
2024-02-05,109,McDonalds,Midwest,36338.979144412115,10.309824267031935,False,False
2024-02-05,109,McDonalds,West,15944.770118430211,10.309824267031935,True,False
2024-02-05,109,McDonalds,Southwest,60878.59603593186,10.309824267031935,True,False
2024-02-05,109,BurgerKing,Northeast,17121.610307800685,14.7353013664426,False,False
2024-02-05,109,BurgerKing,South,87564.67443669567,14.7353013664426,False,False
2024-02-05,109,BurgerKing,Midwest,28166.11649742615,14.7353013664426,False,False
2024-02-05,109,BurgerKing,West,94798.43246523713,14.7353013664426,False,False
2024-02-05,109,BurgerKing,Southwest,74068.94108912392,14.7353013664426,False,False
2024-02-05,109,Wendys,Northeast,49013.57736493643,14.310400957705244,False,False
2024-02-05,109,Wendys,South,18688.420161507147,14.310400957705244,False,False
2024-02-05,109,Wendys,Midwest,87696.1139714943,14.310400957705244,False,False
2024-02-05,109,Wendys,West,25827.283289542323,14.310400957705244,False,False
2024-02-05,109,Wendys,Southwest,67887.56201292132,14.310400957705244,False,False
2024-02-05,109,TacoBell,Northeast,190875.53280522182,9.892682647174594,False,False
2024-02-05,109,TacoBell,South,20253.676921941846,9.892682647174594,False,False
2024-02-05,109,TacoBell,Midwest,65119.39404737652,9.892682647174594,False,False
2024-02-05,109,TacoBell,West,27820.46006062071,9.892682647174594,False,False
2024-02-05,109,TacoBell,Southwest,59341.51997614242,9.892682647174594,False,False
2024-02-05,109,Subway,Northeast,28892.48372155031,13.624792437784993,False,False
2024-02-05,109,Subway,South,59859.28249874304,13.624792437784993,False,False
2024-02-05,109,Subway,Midwest,32208.012204828876,13.624792437784993,False,False
2024-02-05,109,Subway,West,66085.35126429738,13.624792437784993,False,False
2024-02-05,109,Subway,Southwest,52202.45765419443,13.624792437784993,False,False
2024-02-05,109,KFC,Northeast,38074.15760888499,14.969229412624541,False,False
2024-02-05,109,KFC,South,74642.3350697726,14.969229412624541,False,False
2024-02-05,109,KFC,Midwest,56712.30042676083,14.969229412624541,False,False
2024-02-05,109,KFC,West,21481.88938199573,14.969229412624541,False,False
2024-02-05,109,KFC,Southwest,22716.14585437013,16.095568423464588,False,False
2024-02-05,109,Dominos,Northeast,31124.845965545606,9.768641015198977,False,False
2024-02-05,109,Dominos,South,34866.93238751965,9.768641015198977,False,False
2024-02-05,109,Dominos,Midwest,26375.224746878415,9.768641015198977,False,False
2024-02-05,109,Dominos,West,28358.98148057468,9.768641015198977,True,False
2024-02-05,109,Dominos,Southwest,26796.302838038966,9.768641015198977,False,False
2024-02-05,109,PizzaHut,Northeast,143858.3720104909,11.057440185263237,False,False
2024-02-05,109,PizzaHut,South,44068.872311670246,11.057440185263237,False,False
2024-02-05,109,PizzaHut,Midwest,149183.78853847145,11.057440185263237,False,False
2024-02-05,109,PizzaHut,West,55781.203682483065,11.057440185263237,False,False
2024-02-05,109,PizzaHut,Southwest,53517.69599144443,11.057440185263237,False,False
2024-02-12,110,McDonalds,Northeast,58467.90939910551,10.309824267031935,False,False
2024-02-12,110,McDonalds,South,61375.148930916075,10.309824267031935,True,False
2024-02-12,110,McDonalds,Midwest,27006.57205893196,11.267802376063669,False,False
2024-02-12,110,McDonalds,West,12613.917391796562,10.309824267031935,False,False
2024-02-12,110,McDonalds,Southwest,46414.618350387354,10.309824267031935,False,False
2024-02-12,110,BurgerKing,Northeast,19237.845855840438,14.7353013664426,False,False
2024-02-12,110,BurgerKing,South,137315.93125308125,14.7353013664426,True,False
2024-02-12,110,BurgerKing,Midwest,25950.201610804856,14.7353013664426,False,False
2024-02-12,110,BurgerKing,West,145971.06891371612,14.7353013664426,True,False
2024-02-12,110,BurgerKing,Southwest,75691.83574536815,14.7353013664426,False,False
2024-02-12,110,Wendys,Northeast,54649.95397911134,14.310400957705244,False,False
2024-02-12,110,Wendys,South,19099.78587285628,14.310400957705244,False,False
2024-02-12,110,Wendys,Midwest,87205.17841545309,14.310400957705244,False,False
2024-02-12,110,Wendys,West,35336.943651082125,14.310400957705244,False,False
2024-02-12,110,Wendys,Southwest,56099.33147761831,14.310400957705244,False,False
2024-02-12,110,TacoBell,Northeast,171446.97252495235,9.892682647174594,False,False
2024-02-12,110,TacoBell,South,13151.122992000253,9.892682647174594,False,False
2024-02-12,110,TacoBell,Midwest,54213.493774982635,9.892682647174594,False,False
2024-02-12,110,TacoBell,West,33349.386190020225,9.892682647174594,False,False
2024-02-12,110,TacoBell,Southwest,51493.011707001286,9.892682647174594,False,False
2024-02-12,110,Subway,Northeast,28231.700458945572,13.624792437784993,False,False
2024-02-12,110,Subway,South,52488.467485229805,13.624792437784993,False,False
2024-02-12,110,Subway,Midwest,23947.5424456055,13.624792437784993,False,False
2024-02-12,110,Subway,West,60433.75061937315,13.624792437784993,False,False
2024-02-12,110,Subway,Southwest,47716.087741319585,13.624792437784993,False,False
2024-02-12,110,KFC,Northeast,46429.99681601576,14.969229412624541,True,False
2024-02-12,110,KFC,South,83545.18524330147,14.969229412624541,False,False
2024-02-12,110,KFC,Midwest,41674.122156025725,14.969229412624541,False,False
2024-02-12,110,KFC,West,22925.076351563665,14.969229412624541,False,False
2024-02-12,110,KFC,Southwest,27500.910728248404,14.969229412624541,False,False
2024-02-12,110,Dominos,Northeast,32873.87739475859,9.768641015198977,False,False
2024-02-12,110,Dominos,South,38088.71472664136,9.768641015198977,False,False
2024-02-12,110,Dominos,Midwest,26663.388400608463,9.768641015198977,True,False
2024-02-12,110,Dominos,West,23697.965701551664,9.768641015198977,False,False
2024-02-12,110,Dominos,Southwest,27705.001469469924,9.768641015198977,False,False
2024-02-12,110,PizzaHut,Northeast,125689.05005260426,11.057440185263237,False,False
2024-02-12,110,PizzaHut,South,64301.41831425512,11.057440185263237,True,False
2024-02-12,110,PizzaHut,Midwest,160825.3720726837,11.057440185263237,False,False
2024-02-12,110,PizzaHut,West,57358.27665505646,11.057440185263237,False,False
2024-02-12,110,PizzaHut,Southwest,41958.593566149204,11.057440185263237,False,False
2024-02-19,111,McDonalds,Northeast,50358.59412134103,10.309824267031935,False,False
2024-02-19,111,McDonalds,South,65320.99047944407,10.309824267031935,False,False
2024-02-19,111,McDonalds,Midwest,37424.425020592476,10.309824267031935,True,False
2024-02-19,111,McDonalds,West,11951.948925442359,10.309824267031935,False,False
2024-02-19,111,McDonalds,Southwest,52878.768157125014,10.309824267031935,False,False
2024-02-19,111,BurgerKing,Northeast,18315.166442326736,14.7353013664426,False,False
2024-02-19,111,BurgerKing,South,96768.60090877002,14.7353013664426,False,False
2024-02-19,111,BurgerKing,Midwest,43506.500736871785,14.7353013664426,True,False
2024-02-19,111,BurgerKing,West,110968.35801041473,14.7353013664426,False,False
2024-02-19,111,BurgerKing,Southwest,106793.38708431597,14.7353013664426,True,False
2024-02-19,111,Wendys,Northeast,40273.9435395684,14.310400957705244,False,False
2024-02-19,111,Wendys,South,18916.892992656154,14.310400957705244,False,False
2024-02-19,111,Wendys,Midwest,96489.69921858513,14.310400957705244,True,False
2024-02-19,111,Wendys,West,39220.76612559569,14.310400957705244,True,False
2024-02-19,111,Wendys,Southwest,56320.55609486822,14.310400957705244,False,False
2024-02-19,111,TacoBell,Northeast,168036.33868897744,9.892682647174594,False,False
2024-02-19,111,TacoBell,South,17417.922519247113,9.892682647174594,False,False
2024-02-19,111,TacoBell,Midwest,67410.28421727387,9.892682647174594,False,False
2024-02-19,111,TacoBell,West,29098.244046926866,9.892682647174594,False,False
2024-02-19,111,TacoBell,Southwest,56910.64455738014,9.892682647174594,False,False
2024-02-19,111,Subway,Northeast,25469.65649511885,13.624792437784993,False,False
2024-02-19,111,Subway,South,59920.95020595611,13.624792437784993,False,False
2024-02-19,111,Subway,Midwest,21851.179789746588,13.624792437784993,False,False
2024-02-19,111,Subway,West,90091.3574449994,13.624792437784993,True,False
2024-02-19,111,Subway,Southwest,45786.40519853646,13.624792437784993,False,False
2024-02-19,111,KFC,Northeast,35947.92000652516,14.969229412624541,False,False
2024-02-19,111,KFC,South,85494.9923678666,14.969229412624541,False,False
2024-02-19,111,KFC,Midwest,52099.31367289375,14.969229412624541,False,False
2024-02-19,111,KFC,West,20101.547837831487,14.969229412624541,False,False
2024-02-19,111,KFC,Southwest,31547.692332420116,14.969229412624541,False,False
2024-02-19,111,Dominos,Northeast,32541.146929410053,9.768641015198977,False,False
2024-02-19,111,Dominos,South,48004.91750788785,9.768641015198977,True,False
2024-02-19,111,Dominos,Midwest,24081.244566892554,9.768641015198977,False,False
2024-02-19,111,Dominos,West,23961.077171160723,9.768641015198977,False,False
2024-02-19,111,Dominos,Southwest,26791.866730066715,9.768641015198977,False,False
2024-02-19,111,PizzaHut,Northeast,148439.09237976448,11.057440185263237,True,False
2024-02-19,111,PizzaHut,South,45768.405346209336,11.057440185263237,False,False
2024-02-19,111,PizzaHut,Midwest,134132.30624406374,11.057440185263237,False,False
2024-02-19,111,PizzaHut,West,54182.072749412764,11.057440185263237,False,False
2024-02-19,111,PizzaHut,Southwest,45939.37024584712,11.057440185263237,False,False
2024-02-26,112,McDonalds,Northeast,62654.25131919017,10.309824267031935,False,False
2024-02-26,112,McDonalds,South,56265.18731823901,10.309824267031935,False,False
2024-02-26,112,McDonalds,Midwest,33336.13233980537,10.309824267031935,False,False
2024-02-26,112,McDonalds,West,11872.501663710605,10.309824267031935,False,False
2024-02-26,112,McDonalds,Southwest,36580.790991474874,10.309824267031935,False,False
2024-02-26,112,BurgerKing,Northeast,21606.384627770778,14.7353013664426,False,False
2024-02-26,112,BurgerKing,South,87564.21666447366,14.7353013664426,False,False
2024-02-26,112,BurgerKing,Midwest,32288.392643696916,14.7353013664426,False,False
2024-02-26,112,BurgerKing,West,97577.64385208015,14.7353013664426,False,False
2024-02-26,112,BurgerKing,Southwest,87426.96408688687,14.7353013664426,False,False
2024-02-26,112,Wendys,Northeast,56019.768220099075,14.310400957705244,False,False
2024-02-26,112,Wendys,South,22592.928688840475,14.310400957705244,False,False
2024-02-26,112,Wendys,Midwest,97905.79267126211,14.310400957705244,False,False
2024-02-26,112,Wendys,West,50099.35421146039,14.310400957705244,False,False
2024-02-26,112,Wendys,Southwest,69852.6382708245,14.310400957705244,False,False
2024-02-26,112,TacoBell,Northeast,154365.03404526043,9.892682647174594,False,False
2024-02-26,112,TacoBell,South,15676.24493142642,9.892682647174594,False,False
2024-02-26,112,TacoBell,Midwest,64937.70172630609,9.892682647174594,False,False
2024-02-26,112,TacoBell,West,29050.70801951255,9.892682647174594,False,False
2024-02-26,112,TacoBell,Southwest,46903.92820838128,9.154546360345332,False,False
2024-02-26,112,Subway,Northeast,25377.724130160903,13.624792437784993,False,False
2024-02-26,112,Subway,South,55954.09031296848,13.624792437784993,False,False
2024-02-26,112,Subway,Midwest,24211.159665656334,13.624792437784993,False,False
2024-02-26,112,Subway,West,74884.7643621547,13.624792437784993,False,False
2024-02-26,112,Subway,Southwest,38950.0422358774,13.624792437784993,False,False
2024-02-26,112,KFC,Northeast,37365.65183129653,14.969229412624541,False,False
2024-02-26,112,KFC,South,88782.83421603983,14.969229412624541,False,False
2024-02-26,112,KFC,Midwest,49891.20748567719,14.969229412624541,False,False
2024-02-26,112,KFC,West,23261.651210679353,14.969229412624541,False,False
2024-02-26,112,KFC,Southwest,33708.07001808557,14.969229412624541,False,False
2024-02-26,112,Dominos,Northeast,33093.2943545025,9.768641015198977,False,False
2024-02-26,112,Dominos,South,47083.35045474759,9.768641015198977,False,False
2024-02-26,112,Dominos,Midwest,29707.691584880697,9.768641015198977,False,False
2024-02-26,112,Dominos,West,24916.978166115972,9.768641015198977,False,False
2024-02-26,112,Dominos,Southwest,32036.785888107122,9.768641015198977,False,False
2024-02-26,112,PizzaHut,Northeast,157838.6267579911,11.057440185263237,False,False
2024-02-26,112,PizzaHut,South,46601.16400977763,11.057440185263237,False,False
2024-02-26,112,PizzaHut,Midwest,158819.71991875247,11.057440185263237,False,False
2024-02-26,112,PizzaHut,West,75931.09458850749,11.057440185263237,False,False
2024-02-26,112,PizzaHut,Southwest,49100.22127109536,11.057440185263237,False,False
2024-03-04,113,McDonalds,Northeast,55369.54448812289,10.309824267031935,False,False
2024-03-04,113,McDonalds,South,54105.577953272346,10.309824267031935,False,False
2024-03-04,113,McDonalds,Midwest,29338.70547731793,10.309824267031935,False,False
2024-03-04,113,McDonalds,West,10628.450441905408,10.309824267031935,False,False
2024-03-04,113,McDonalds,Southwest,35469.7514180494,11.253402026906802,False,False
2024-03-04,113,BurgerKing,Northeast,25206.63252578972,14.7353013664426,False,False
2024-03-04,113,BurgerKing,South,117584.34627056643,14.7353013664426,True,False
2024-03-04,113,BurgerKing,Midwest,33745.59999659877,14.001007448029792,False,False
2024-03-04,113,BurgerKing,West,113077.25144991657,14.7353013664426,False,False
2024-03-04,113,BurgerKing,Southwest,78777.25538387857,14.7353013664426,False,False
2024-03-04,113,Wendys,Northeast,61868.28721424428,14.155369447350605,False,False
2024-03-04,113,Wendys,South,20781.17816640789,14.310400957705244,False,False
2024-03-04,113,Wendys,Midwest,69202.02543856388,14.310400957705244,False,False
2024-03-04,113,Wendys,West,34437.266815143346,14.310400957705244,False,False
2024-03-04,113,Wendys,Southwest,61207.15676084875,14.310400957705244,False,False
2024-03-04,113,TacoBell,Northeast,210926.6649892714,9.892682647174594,False,False
2024-03-04,113,TacoBell,South,12607.695082191172,9.892682647174594,False,False
2024-03-04,113,TacoBell,Midwest,81452.88626801722,9.892682647174594,True,False
2024-03-04,113,TacoBell,West,24089.409906877474,9.892682647174594,False,False
2024-03-04,113,TacoBell,Southwest,52424.00308003641,9.892682647174594,False,False
2024-03-04,113,Subway,Northeast,21311.368681606637,13.624792437784993,False,False
2024-03-04,113,Subway,South,64874.85918324501,13.624792437784993,True,False
2024-03-04,113,Subway,Midwest,20289.992037815795,13.624792437784993,False,False
2024-03-04,113,Subway,West,57609.18681588352,13.624792437784993,False,False
2024-03-04,113,Subway,Southwest,40771.158211771086,13.624792437784993,False,False
2024-03-04,113,KFC,Northeast,28107.39196443042,14.969229412624541,False,False
2024-03-04,113,KFC,South,65036.49872011339,14.969229412624541,False,False
2024-03-04,113,KFC,Midwest,48603.31194129201,14.969229412624541,False,False
2024-03-04,113,KFC,West,23124.083073659134,14.969229412624541,False,False
2024-03-04,113,KFC,Southwest,30405.551683861504,14.969229412624541,False,False
2024-03-04,113,Dominos,Northeast,49660.53974572397,9.768641015198977,True,False
2024-03-04,113,Dominos,South,46003.700454265796,9.768641015198977,False,False
2024-03-04,113,Dominos,Midwest,24364.8730069574,9.768641015198977,False,False
2024-03-04,113,Dominos,West,24583.7229413424,9.768641015198977,False,False
2024-03-04,113,Dominos,Southwest,31048.298202891943,9.768641015198977,False,False
2024-03-04,113,PizzaHut,Northeast,133173.21802258742,11.057440185263237,False,False
2024-03-04,113,PizzaHut,South,49332.237452704336,11.057440185263237,False,False
2024-03-04,113,PizzaHut,Midwest,173628.31515744748,11.057440185263237,True,False
2024-03-04,113,PizzaHut,West,76362.00625032386,11.057440185263237,True,False
2024-03-04,113,PizzaHut,Southwest,56059.066308037516,11.057440185263237,False,False
2024-03-11,114,McDonalds,Northeast,51164.700027804014,10.309824267031935,False,False
2024-03-11,114,McDonalds,South,60718.94442790516,10.309824267031935,False,False
2024-03-11,114,McDonalds,Midwest,31497.344357295537,10.309824267031935,False,False
2024-03-11,114,McDonalds,West,6994.441009812693,10.309824267031935,False,False
2024-03-11,114,McDonalds,Southwest,41620.64639807755,10.309824267031935,False,False
2024-03-11,114,BurgerKing,Northeast,22243.08727394568,14.7353013664426,False,False
2024-03-11,114,BurgerKing,South,91585.32319376511,14.7353013664426,False,False
2024-03-11,114,BurgerKing,Midwest,33858.12238203094,14.7353013664426,False,False
2024-03-11,114,BurgerKing,West,121510.27008197321,14.7353013664426,False,False
2024-03-11,114,BurgerKing,Southwest,82183.66608945005,14.7353013664426,False,False
2024-03-11,114,Wendys,Northeast,58474.27796057733,14.310400957705244,False,False
2024-03-11,114,Wendys,South,18422.226065126903,14.310400957705244,False,False
2024-03-11,114,Wendys,Midwest,100409.48663479234,14.310400957705244,True,False
2024-03-11,114,Wendys,West,34784.5938383369,14.310400957705244,False,False
2024-03-11,114,Wendys,Southwest,60981.65863252145,14.310400957705244,False,False
2024-03-11,114,TacoBell,Northeast,143408.30515266926,9.892682647174594,False,False
2024-03-11,114,TacoBell,South,11160.198645958228,9.892682647174594,False,False
2024-03-11,114,TacoBell,Midwest,51642.077953753644,9.892682647174594,False,False
2024-03-11,114,TacoBell,West,42941.13435089633,8.313950992597599,False,False
2024-03-11,114,TacoBell,Southwest,43824.25112338395,9.892682647174594,False,False
2024-03-11,114,Subway,Northeast,22716.295661351876,13.624792437784993,False,False
2024-03-11,114,Subway,South,54748.182915025674,13.624792437784993,False,False
2024-03-11,114,Subway,Midwest,18236.21611632465,13.624792437784993,False,False
2024-03-11,114,Subway,West,73513.55860667878,13.624792437784993,False,False
2024-03-11,114,Subway,Southwest,49961.38084043666,13.624792437784993,False,False
2024-03-11,114,KFC,Northeast,37058.75895144964,14.969229412624541,True,False
2024-03-11,114,KFC,South,81488.37273792233,14.969229412624541,False,False
2024-03-11,114,KFC,Midwest,61884.04704258882,14.969229412624541,False,False
2024-03-11,114,KFC,West,30992.052372266317,14.969229412624541,False,False
2024-03-11,114,KFC,Southwest,33942.01744909181,14.969229412624541,False,False
2024-03-11,114,Dominos,Northeast,40685.721229224866,9.046637094620449,False,False
2024-03-11,114,Dominos,South,43857.072707928906,9.768641015198977,False,False
2024-03-11,114,Dominos,Midwest,28161.57639338891,9.768641015198977,False,False
2024-03-11,114,Dominos,West,23580.19016675408,9.768641015198977,False,False
2024-03-11,114,Dominos,Southwest,29152.153245974878,9.768641015198977,False,False
2024-03-11,114,PizzaHut,Northeast,128215.38008998698,11.057440185263237,False,False
2024-03-11,114,PizzaHut,South,53959.36163003498,11.057440185263237,False,False
2024-03-11,114,PizzaHut,Midwest,184401.53988360858,11.057440185263237,False,False
2024-03-11,114,PizzaHut,West,67254.84060476662,11.057440185263237,False,False
2024-03-11,114,PizzaHut,Southwest,59612.429956337306,11.057440185263237,False,False
2024-03-18,115,McDonalds,Northeast,53197.64433099258,10.309824267031935,False,False
2024-03-18,115,McDonalds,South,77438.11660000889,10.309824267031935,False,False
2024-03-18,115,McDonalds,Midwest,40811.717983699455,10.309824267031935,True,False
2024-03-18,115,McDonalds,West,10455.61780958327,10.309824267031935,False,False
2024-03-18,115,McDonalds,Southwest,63764.28817317991,10.309824267031935,True,False
2024-03-18,115,BurgerKing,Northeast,28211.50349517574,14.7353013664426,True,False
2024-03-18,115,BurgerKing,South,120762.46465137714,14.7353013664426,False,False
2024-03-18,115,BurgerKing,Midwest,31011.124552578265,14.7353013664426,False,False
2024-03-18,115,BurgerKing,West,132073.93789186628,14.7353013664426,False,False
2024-03-18,115,BurgerKing,Southwest,85059.88758127394,14.7353013664426,False,False
2024-03-18,115,Wendys,Northeast,48054.38787751744,14.310400957705244,False,False
2024-03-18,115,Wendys,South,20561.965854411843,14.310400957705244,False,False
2024-03-18,115,Wendys,Midwest,91508.23018858893,14.310400957705244,False,False
2024-03-18,115,Wendys,West,34389.3236080939,14.310400957705244,False,False
2024-03-18,115,Wendys,Southwest,61863.67382160093,14.310400957705244,False,False
2024-03-18,115,TacoBell,Northeast,146891.2268681755,9.892682647174594,False,False
2024-03-18,115,TacoBell,South,9747.674116769736,9.892682647174594,False,False
2024-03-18,115,TacoBell,Midwest,61524.55791831992,9.892682647174594,False,False
2024-03-18,115,TacoBell,West,24285.277790115553,9.892682647174594,False,False
2024-03-18,115,TacoBell,Southwest,44073.01110652342,9.892682647174594,False,False
2024-03-18,115,Subway,Northeast,22766.602995111556,13.624792437784993,False,False
2024-03-18,115,Subway,South,47811.325621197495,13.624792437784993,False,False
2024-03-18,115,Subway,Midwest,23218.12460762322,13.624792437784993,False,False
2024-03-18,115,Subway,West,93205.7333012687,13.624792437784993,True,False
2024-03-18,115,Subway,Southwest,38774.998518012995,13.624792437784993,False,False
2024-03-18,115,KFC,Northeast,27199.80128183538,14.969229412624541,False,False
2024-03-18,115,KFC,South,72049.98362475443,14.969229412624541,False,False
2024-03-18,115,KFC,Midwest,56672.022727986456,14.969229412624541,False,False
2024-03-18,115,KFC,West,26088.470432073012,14.969229412624541,False,False
2024-03-18,115,KFC,Southwest,25873.052930364796,14.969229412624541,False,False
2024-03-18,115,Dominos,Northeast,37888.497817618416,9.768641015198977,False,False
2024-03-18,115,Dominos,South,44343.58143196711,9.768641015198977,False,False
2024-03-18,115,Dominos,Midwest,22558.047466832424,9.768641015198977,False,False
2024-03-18,115,Dominos,West,26927.572107628275,9.768641015198977,False,False
2024-03-18,115,Dominos,Southwest,33678.44636213609,9.768641015198977,False,False
2024-03-18,115,PizzaHut,Northeast,120585.70486074005,11.057440185263237,False,False
2024-03-18,115,PizzaHut,South,62647.898705665044,11.057440185263237,False,False
2024-03-18,115,PizzaHut,Midwest,140978.3405060074,11.057440185263237,False,False
2024-03-18,115,PizzaHut,West,65822.72561672646,11.057440185263237,False,False
2024-03-18,115,PizzaHut,Southwest,69525.65503750408,11.057440185263237,True,False
2024-03-25,116,McDonalds,Northeast,57129.86433027562,10.309824267031935,False,False
2024-03-25,116,McDonalds,South,79321.82771716446,10.309824267031935,False,False
2024-03-25,116,McDonalds,Midwest,28433.648489220093,10.309824267031935,False,False
2024-03-25,116,McDonalds,West,9850.380835909713,10.309824267031935,False,False
2024-03-25,116,McDonalds,Southwest,39082.85511540389,10.309824267031935,False,False
2024-03-25,116,BurgerKing,Northeast,22185.6608264593,14.7353013664426,False,False
2024-03-25,116,BurgerKing,South,108917.82195932906,14.7353013664426,True,False
2024-03-25,116,BurgerKing,Midwest,30389.850439721224,14.7353013664426,False,False
2024-03-25,116,BurgerKing,West,107759.74203904158,14.7353013664426,False,False
2024-03-25,116,BurgerKing,Southwest,91727.9922572847,14.7353013664426,False,False
2024-03-25,116,Wendys,Northeast,60383.848280126345,14.310400957705244,False,False
2024-03-25,116,Wendys,South,17992.003045944504,14.310400957705244,False,False
2024-03-25,116,Wendys,Midwest,89234.01160539966,14.310400957705244,False,False
2024-03-25,116,Wendys,West,31805.076542301587,14.310400957705244,False,False
2024-03-25,116,Wendys,Southwest,60343.73170021341,14.310400957705244,False,False
2024-03-25,116,TacoBell,Northeast,157944.13974950128,9.892682647174594,False,False
2024-03-25,116,TacoBell,South,11537.073628120452,9.892682647174594,False,False
2024-03-25,116,TacoBell,Midwest,53747.66384900955,9.892682647174594,False,False
2024-03-25,116,TacoBell,West,30504.561316751184,9.892682647174594,False,False
2024-03-25,116,TacoBell,Southwest,55628.82317553105,9.892682647174594,True,False
2024-03-25,116,Subway,Northeast,15840.678235020203,13.624792437784993,False,False
2024-03-25,116,Subway,South,52307.72062256485,14.20174562550897,False,False
2024-03-25,116,Subway,Midwest,19457.411434561083,13.624792437784993,False,False
2024-03-25,116,Subway,West,68994.41183568265,13.624792437784993,False,False
2024-03-25,116,Subway,Southwest,40867.761807922296,13.624792437784993,False,False
2024-03-25,116,KFC,Northeast,31239.915954310985,14.969229412624541,False,False
2024-03-25,116,KFC,South,92300.12226918168,14.969229412624541,True,False
2024-03-25,116,KFC,Midwest,55902.62311092771,14.969229412624541,False,False
2024-03-25,116,KFC,West,28175.283111807377,14.969229412624541,False,False
2024-03-25,116,KFC,Southwest,29325.235663878277,14.969229412624541,False,False
2024-03-25,116,Dominos,Northeast,42201.14306183491,9.768641015198977,False,False
2024-03-25,116,Dominos,South,54836.247948149154,9.768641015198977,False,False
2024-03-25,116,Dominos,Midwest,27410.46236253097,9.768641015198977,False,False
2024-03-25,116,Dominos,West,31607.558328903404,9.768641015198977,False,False
2024-03-25,116,Dominos,Southwest,34754.87587955634,9.768641015198977,False,False
2024-03-25,116,PizzaHut,Northeast,127307.56525081921,11.057440185263237,False,False
2024-03-25,116,PizzaHut,South,48330.58536772166,11.057440185263237,False,False
2024-03-25,116,PizzaHut,Midwest,128536.3663499824,11.057440185263237,False,False
2024-03-25,116,PizzaHut,West,65730.87778078576,11.057440185263237,False,False
2024-03-25,116,PizzaHut,Southwest,55556.44770160096,11.057440185263237,False,False
2024-04-01,117,McDonalds,Northeast,56985.866186033076,10.309824267031935,False,False
2024-04-01,117,McDonalds,South,56949.911276288614,10.82455099204908,False,False
2024-04-01,117,McDonalds,Midwest,34200.91764588731,10.309824267031935,False,False
2024-04-01,117,McDonalds,West,10113.433613182755,10.309824267031935,False,False
2024-04-01,117,McDonalds,Southwest,40123.29880545025,10.309824267031935,False,False
2024-04-01,117,BurgerKing,Northeast,27793.659961874815,14.7353013664426,True,False
2024-04-01,117,BurgerKing,South,99242.583060516,14.7353013664426,False,False
2024-04-01,117,BurgerKing,Midwest,28146.404576783243,14.7353013664426,False,False
2024-04-01,117,BurgerKing,West,132609.23382190868,14.7353013664426,True,False
2024-04-01,117,BurgerKing,Southwest,98494.07996305617,14.7353013664426,False,False
2024-04-01,117,Wendys,Northeast,67020.17286981698,14.310400957705244,False,False
2024-04-01,117,Wendys,South,18089.383127559468,14.310400957705244,False,False
2024-04-01,117,Wendys,Midwest,78931.9879459896,14.310400957705244,False,False
2024-04-01,117,Wendys,West,31737.379937663667,14.310400957705244,False,False
2024-04-01,117,Wendys,Southwest,55983.75234714369,14.310400957705244,False,False
2024-04-01,117,TacoBell,Northeast,171288.10941075787,9.892682647174594,False,False
2024-04-01,117,TacoBell,South,7354.00326026085,10.461208187804992,False,False
2024-04-01,117,TacoBell,Midwest,45919.085902982006,9.892682647174594,False,False
2024-04-01,117,TacoBell,West,28170.500639956845,9.892682647174594,False,False
2024-04-01,117,TacoBell,Southwest,43181.7700392533,9.892682647174594,False,False
2024-04-01,117,Subway,Northeast,17913.318041136707,13.624792437784993,False,False
2024-04-01,117,Subway,South,49632.02933702022,13.624792437784993,False,False
2024-04-01,117,Subway,Midwest,17116.9079319881,13.624792437784993,False,False
2024-04-01,117,Subway,West,68683.55715001318,13.624792437784993,False,False
2024-04-01,117,Subway,Southwest,35232.28551835952,13.624792437784993,False,False
2024-04-01,117,KFC,Northeast,34422.30892955563,14.969229412624541,False,False
2024-04-01,117,KFC,South,85368.10930143969,14.969229412624541,False,False
2024-04-01,117,KFC,Midwest,80061.17742238694,14.969229412624541,True,False
2024-04-01,117,KFC,West,24524.21121330682,14.969229412624541,False,False
2024-04-01,117,KFC,Southwest,30264.948336290283,14.969229412624541,False,False
2024-04-01,117,Dominos,Northeast,39700.59144848449,9.768641015198977,False,False
2024-04-01,117,Dominos,South,41011.2087129429,9.768641015198977,False,False
2024-04-01,117,Dominos,Midwest,34160.79076370186,9.768641015198977,True,False
2024-04-01,117,Dominos,West,43853.353789801426,9.768641015198977,False,False
2024-04-01,117,Dominos,Southwest,35924.8685251596,9.768641015198977,False,False
2024-04-01,117,PizzaHut,Northeast,128981.59326368144,11.057440185263237,False,False
2024-04-01,117,PizzaHut,South,46281.02431544906,11.057440185263237,False,False
2024-04-01,117,PizzaHut,Midwest,148382.37870029663,11.057440185263237,True,False
2024-04-01,117,PizzaHut,West,55137.19880157983,11.057440185263237,False,False
2024-04-01,117,PizzaHut,Southwest,53607.124708480245,11.057440185263237,False,False
2024-04-08,118,McDonalds,Northeast,56969.249903966556,10.309824267031935,False,False
2024-04-08,118,McDonalds,South,65162.62584620378,10.309824267031935,False,False
2024-04-08,118,McDonalds,Midwest,32459.420472286278,10.309824267031935,False,False
2024-04-08,118,McDonalds,West,10586.599960222318,10.309824267031935,False,False
2024-04-08,118,McDonalds,Southwest,41090.936053846905,10.309824267031935,False,False
2024-04-08,118,BurgerKing,Northeast,21108.162141835415,14.7353013664426,False,False
2024-04-08,118,BurgerKing,South,95273.51644222096,14.7353013664426,False,False
2024-04-08,118,BurgerKing,Midwest,34685.591741713746,14.7353013664426,False,False
2024-04-08,118,BurgerKing,West,131062.22757940377,14.7353013664426,False,False
2024-04-08,118,BurgerKing,Southwest,75265.07397757843,14.7353013664426,False,False
2024-04-08,118,Wendys,Northeast,61432.41845485646,14.310400957705244,False,False
2024-04-08,118,Wendys,South,17315.23669323478,14.310400957705244,False,False
2024-04-08,118,Wendys,Midwest,70394.20940488503,14.310400957705244,False,False
2024-04-08,118,Wendys,West,30311.44718924845,14.310400957705244,False,False
2024-04-08,118,Wendys,Southwest,69572.07037106692,14.310400957705244,True,False
2024-04-08,118,TacoBell,Northeast,151728.7835424197,9.892682647174594,False,False
2024-04-08,118,TacoBell,South,7591.441465903284,9.892682647174594,False,False
2024-04-08,118,TacoBell,Midwest,45252.79381071411,9.892682647174594,False,False
2024-04-08,118,TacoBell,West,23863.632047218172,9.892682647174594,False,False
2024-04-08,118,TacoBell,Southwest,41317.95326917694,9.892682647174594,False,False
2024-04-08,118,Subway,Northeast,13584.569223019322,13.624792437784993,False,False
2024-04-08,118,Subway,South,55439.88528155207,13.624792437784993,False,False
2024-04-08,118,Subway,Midwest,23659.811962634445,13.624792437784993,False,False
2024-04-08,118,Subway,West,69275.21340323196,13.624792437784993,True,False
2024-04-08,118,Subway,Southwest,38291.246991047614,13.624792437784993,False,False
2024-04-08,118,KFC,Northeast,41912.37417165113,14.969229412624541,False,False
2024-04-08,118,KFC,South,80796.8615936024,14.969229412624541,False,False
2024-04-08,118,KFC,Midwest,40101.23847880096,15.748051566861326,False,False
2024-04-08,118,KFC,West,35836.16029068414,14.969229412624541,False,False
2024-04-08,118,KFC,Southwest,29257.25254546522,14.969229412624541,False,False
2024-04-08,118,Dominos,Northeast,44171.828173760434,9.768641015198977,False,False
2024-04-08,118,Dominos,South,52904.026402533236,9.768641015198977,False,False
2024-04-08,118,Dominos,Midwest,28008.4677595065,9.768641015198977,False,False
2024-04-08,118,Dominos,West,36377.12338892008,9.768641015198977,False,False
2024-04-08,118,Dominos,Southwest,35745.90455721082,9.768641015198977,False,False
2024-04-08,118,PizzaHut,Northeast,143350.5891639219,11.057440185263237,False,False
2024-04-08,118,PizzaHut,South,52388.597523983255,11.057440185263237,False,False
2024-04-08,118,PizzaHut,Midwest,154252.16285360372,11.057440185263237,False,False
2024-04-08,118,PizzaHut,West,77221.52401100071,11.057440185263237,False,False
2024-04-08,118,PizzaHut,Southwest,61032.14781650472,11.057440185263237,False,False
2024-04-15,119,McDonalds,Northeast,57299.64961468528,10.309824267031935,False,False
2024-04-15,119,McDonalds,South,70037.18138009998,10.309824267031935,False,False
2024-04-15,119,McDonalds,Midwest,39850.02217797365,10.309824267031935,True,False
2024-04-15,119,McDonalds,West,9818.064656733146,10.309824267031935,False,False
2024-04-15,119,McDonalds,Southwest,37083.34218961469,11.191509152588878,False,False
2024-04-15,119,BurgerKing,Northeast,23833.3584386235,14.7353013664426,False,False
2024-04-15,119,BurgerKing,South,89832.88808735799,14.7353013664426,False,False
2024-04-15,119,BurgerKing,Midwest,36619.85918492309,14.7353013664426,False,False
2024-04-15,119,BurgerKing,West,119211.70427806117,14.7353013664426,False,False
2024-04-15,119,BurgerKing,Southwest,92134.4332763931,14.7353013664426,False,False
2024-04-15,119,Wendys,Northeast,77952.46705053665,14.310400957705244,True,False
2024-04-15,119,Wendys,South,14471.79816884602,14.310400957705244,False,False
2024-04-15,119,Wendys,Midwest,90978.70944313076,14.310400957705244,False,False
2024-04-15,119,Wendys,West,32922.69582681253,14.310400957705244,False,False
2024-04-15,119,Wendys,Southwest,56421.65523838466,14.310400957705244,False,False
2024-04-15,119,TacoBell,Northeast,142447.71548942366,9.892682647174594,False,False
2024-04-15,119,TacoBell,South,7903.417832756757,9.892682647174594,False,False
2024-04-15,119,TacoBell,Midwest,41928.8892362023,9.892682647174594,False,False
2024-04-15,119,TacoBell,West,23316.114065848524,9.945622620462382,False,False
2024-04-15,119,TacoBell,Southwest,45370.26849104173,9.892682647174594,False,False
2024-04-15,119,Subway,Northeast,12318.333706094887,13.624792437784993,False,False
2024-04-15,119,Subway,South,51420.61079519409,13.624792437784993,False,False
2024-04-15,119,Subway,Midwest,16203.872644761863,13.624792437784993,False,False
2024-04-15,119,Subway,West,57418.1176499804,13.624792437784993,False,False
2024-04-15,119,Subway,Southwest,34594.69584434309,13.624792437784993,False,False
2024-04-15,119,KFC,Northeast,42365.647291657915,14.969229412624541,False,False
2024-04-15,119,KFC,South,89961.97313673906,14.969229412624541,False,False
2024-04-15,119,KFC,Midwest,60936.60175221355,14.969229412624541,False,False
2024-04-15,119,KFC,West,24757.807307025967,14.969229412624541,False,False
2024-04-15,119,KFC,Southwest,31489.63525819138,14.969229412624541,False,False
2024-04-15,119,Dominos,Northeast,42803.05456164769,9.768641015198977,False,False
2024-04-15,119,Dominos,South,43132.85449995084,9.768641015198977,False,False
2024-04-15,119,Dominos,Midwest,20888.33758626566,9.768641015198977,False,False
2024-04-15,119,Dominos,West,36530.468468708066,9.768641015198977,False,False
2024-04-15,119,Dominos,Southwest,35531.286717070165,9.768641015198977,False,False
2024-04-15,119,PizzaHut,Northeast,200886.91126077628,11.057440185263237,True,False
2024-04-15,119,PizzaHut,South,61730.49145629232,11.057440185263237,True,False
2024-04-15,119,PizzaHut,Midwest,151878.033575908,11.057440185263237,False,False
2024-04-15,119,PizzaHut,West,74235.1239854171,11.057440185263237,False,False
2024-04-15,119,PizzaHut,Southwest,58198.221340004195,11.057440185263237,False,False
2024-04-22,120,McDonalds,Northeast,76808.05944895947,10.309824267031935,False,False
2024-04-22,120,McDonalds,South,78855.0544973087,10.309824267031935,False,False
2024-04-22,120,McDonalds,Midwest,41849.58561255335,10.309824267031935,False,False
2024-04-22,120,McDonalds,West,11355.258155143465,10.309824267031935,False,False
2024-04-22,120,McDonalds,Southwest,38472.33512519088,10.309824267031935,False,False
2024-04-22,120,BurgerKing,Northeast,22219.533781253358,14.7353013664426,False,False
2024-04-22,120,BurgerKing,South,103706.56243114732,14.7353013664426,False,False
2024-04-22,120,BurgerKing,Midwest,36437.89581045891,14.7353013664426,False,False
2024-04-22,120,BurgerKing,West,116212.695022044,14.7353013664426,False,False
2024-04-22,120,BurgerKing,Southwest,85241.62871903575,14.7353013664426,False,False
2024-04-22,120,Wendys,Northeast,54070.4039391036,14.310400957705244,False,False
2024-04-22,120,Wendys,South,23152.158133944296,14.310400957705244,True,False
2024-04-22,120,Wendys,Midwest,75653.63309392703,14.310400957705244,False,False
2024-04-22,120,Wendys,West,34872.20382276928,14.310400957705244,False,False
2024-04-22,120,Wendys,Southwest,52774.156766646,14.310400957705244,False,False
2024-04-22,120,TacoBell,Northeast,137715.5142726418,10.046853196747001,False,False
2024-04-22,120,TacoBell,South,7547.54993691799,9.892682647174594,False,False
2024-04-22,120,TacoBell,Midwest,46464.104932654074,9.892682647174594,False,False
2024-04-22,120,TacoBell,West,20080.50135792631,9.892682647174594,False,False
2024-04-22,120,TacoBell,Southwest,36783.393338958995,9.892682647174594,False,False
2024-04-22,120,Subway,Northeast,11641.815888088331,13.624792437784993,False,False
2024-04-22,120,Subway,South,50231.921126453526,13.624792437784993,False,False
2024-04-22,120,Subway,Midwest,18740.758593807506,13.624792437784993,False,False
2024-04-22,120,Subway,West,71833.17339444069,13.624792437784993,True,False
2024-04-22,120,Subway,Southwest,31551.096391167386,13.624792437784993,False,False
2024-04-22,120,KFC,Northeast,34928.84530293198,14.969229412624541,False,False
2024-04-22,120,KFC,South,75599.91108098863,14.969229412624541,False,False
2024-04-22,120,KFC,Midwest,65469.276572289826,14.969229412624541,False,False
2024-04-22,120,KFC,West,31920.94856021852,14.969229412624541,False,False
2024-04-22,120,KFC,Southwest,26736.270828345423,14.836893828873439,False,False
2024-04-22,120,Dominos,Northeast,59963.7154626351,9.768641015198977,False,False
2024-04-22,120,Dominos,South,54949.42325354282,9.768641015198977,False,False
2024-04-22,120,Dominos,Midwest,31779.435514320754,9.768641015198977,False,False
2024-04-22,120,Dominos,West,37094.64169061089,9.768641015198977,False,False
2024-04-22,120,Dominos,Southwest,40402.74160313616,9.768641015198977,False,False
2024-04-22,120,PizzaHut,Northeast,127634.59955720502,11.057440185263237,False,False
2024-04-22,120,PizzaHut,South,50003.55767949011,11.057440185263237,False,False
2024-04-22,120,PizzaHut,Midwest,179145.86399364768,11.057440185263237,False,False
2024-04-22,120,PizzaHut,West,59376.00646630931,11.057440185263237,False,False
2024-04-22,120,PizzaHut,Southwest,59687.713744626715,11.057440185263237,False,False
2024-04-29,121,McDonalds,Northeast,45580.66574668591,11.540269243689183,False,False
2024-04-29,121,McDonalds,South,76771.1102074271,10.309824267031935,False,False
2024-04-29,121,McDonalds,Midwest,39547.34039316994,10.309824267031935,True,False
2024-04-29,121,McDonalds,West,16603.1548532446,10.309824267031935,False,False
2024-04-29,121,McDonalds,Southwest,52859.60825015821,10.309824267031935,True,False
2024-04-29,121,BurgerKing,Northeast,24178.541258355956,14.7353013664426,False,False
2024-04-29,121,BurgerKing,South,97613.20361990812,14.7353013664426,False,False
2024-04-29,121,BurgerKing,Midwest,32352.009715557677,14.7353013664426,False,False
2024-04-29,121,BurgerKing,West,100184.3348559285,14.7353013664426,False,False
2024-04-29,121,BurgerKing,Southwest,102047.20714572757,14.7353013664426,False,False
2024-04-29,121,Wendys,Northeast,58895.14421213726,14.310400957705244,False,False
2024-04-29,121,Wendys,South,17422.179559601063,14.310400957705244,False,False
2024-04-29,121,Wendys,Midwest,70264.68910609462,14.310400957705244,False,False
2024-04-29,121,Wendys,West,31215.082322684066,14.310400957705244,False,False
2024-04-29,121,Wendys,Southwest,56823.71768535494,14.310400957705244,False,False
2024-04-29,121,TacoBell,Northeast,162819.25085986947,9.892682647174594,False,False
2024-04-29,121,TacoBell,South,5339.398350452638,9.892682647174594,False,False
2024-04-29,121,TacoBell,Midwest,45595.60051967777,9.892682647174594,False,False
2024-04-29,121,TacoBell,West,24220.831334992447,9.892682647174594,False,False
2024-04-29,121,TacoBell,Southwest,32081.443170004895,9.892682647174594,False,False
2024-04-29,121,Subway,Northeast,13882.967960377226,13.624792437784993,False,False
2024-04-29,121,Subway,South,47648.388742277006,13.624792437784993,False,False
2024-04-29,121,Subway,Midwest,21024.431055615787,13.624792437784993,False,False
2024-04-29,121,Subway,West,57930.04572561664,13.624792437784993,False,False
2024-04-29,121,Subway,Southwest,43199.33396212531,13.624792437784993,False,False
2024-04-29,121,KFC,Northeast,42735.61834882308,14.969229412624541,False,False
2024-04-29,121,KFC,South,95813.14590629732,14.969229412624541,False,False
2024-04-29,121,KFC,Midwest,66792.97984404727,14.969229412624541,False,False
2024-04-29,121,KFC,West,41638.03124056503,14.969229412624541,False,False
2024-04-29,121,KFC,Southwest,28537.000814445793,14.969229412624541,False,False
2024-04-29,121,Dominos,Northeast,50754.71906970296,9.768641015198977,False,False
2024-04-29,121,Dominos,South,49971.43966742856,9.768641015198977,False,False
2024-04-29,121,Dominos,Midwest,27335.179002416535,9.768641015198977,False,False
2024-04-29,121,Dominos,West,42111.056818412886,9.768641015198977,False,False
2024-04-29,121,Dominos,Southwest,50947.311128795285,9.768641015198977,False,False
2024-04-29,121,PizzaHut,Northeast,109417.55632429296,11.057440185263237,False,False
2024-04-29,121,PizzaHut,South,50875.794688109876,11.057440185263237,False,False
2024-04-29,121,PizzaHut,Midwest,160553.7773512404,11.057440185263237,False,False
2024-04-29,121,PizzaHut,West,67464.53562409326,11.057440185263237,False,False
2024-04-29,121,PizzaHut,Southwest,64305.86891225718,11.057440185263237,True,False
2024-05-06,122,McDonalds,Northeast,62214.879968632675,10.309824267031935,False,False
2024-05-06,122,McDonalds,South,72369.29988464309,10.309824267031935,False,False
2024-05-06,122,McDonalds,Midwest,38218.077158970256,10.309824267031935,False,False
2024-05-06,122,McDonalds,West,13814.867759743342,10.309824267031935,False,False
2024-05-06,122,McDonalds,Southwest,40796.087396898714,10.309824267031935,False,False
2024-05-06,122,BurgerKing,Northeast,22491.022903246736,17.656594112092364,False,False
2024-05-06,122,BurgerKing,South,96963.82705313647,14.7353013664426,False,False
2024-05-06,122,BurgerKing,Midwest,36247.56121616541,14.7353013664426,False,False
2024-05-06,122,BurgerKing,West,108741.92504475701,14.7353013664426,False,False
2024-05-06,122,BurgerKing,Southwest,99751.36723601233,14.7353013664426,False,False
2024-05-06,122,Wendys,Northeast,67482.52601434216,14.310400957705244,False,False
2024-05-06,122,Wendys,South,16397.918581813785,14.310400957705244,False,False
2024-05-06,122,Wendys,Midwest,86385.31157320378,14.310400957705244,False,False
2024-05-06,122,Wendys,West,33684.49756511999,14.310400957705244,False,False
2024-05-06,122,Wendys,Southwest,68481.18212741018,14.310400957705244,False,False
2024-05-06,122,TacoBell,Northeast,150451.89170949388,9.892682647174594,False,False
2024-05-06,122,TacoBell,South,3071.368426201996,9.892682647174594,False,False
2024-05-06,122,TacoBell,Midwest,47793.873382049635,9.892682647174594,True,False
2024-05-06,122,TacoBell,West,16015.616075365691,9.892682647174594,False,False
2024-05-06,122,TacoBell,Southwest,31361.140049047746,9.892682647174594,False,False
2024-05-06,122,Subway,Northeast,16607.3587720312,13.624792437784993,True,False
2024-05-06,122,Subway,South,42354.483787721874,13.624792437784993,False,False
2024-05-06,122,Subway,Midwest,17183.248130147927,14.604228926020832,True,False
2024-05-06,122,Subway,West,65157.02476441632,13.624792437784993,False,False
2024-05-06,122,Subway,Southwest,32415.43502765668,13.624792437784993,False,False
2024-05-06,122,KFC,Northeast,40131.64478292436,14.969229412624541,False,False
2024-05-06,122,KFC,South,89784.54571191194,14.969229412624541,False,False
2024-05-06,122,KFC,Midwest,59013.75595345613,14.969229412624541,False,False
2024-05-06,122,KFC,West,34556.19257859657,14.969229412624541,False,False
2024-05-06,122,KFC,Southwest,38242.472285095326,14.969229412624541,False,False
2024-05-06,122,Dominos,Northeast,62958.98354252237,9.768641015198977,False,False
2024-05-06,122,Dominos,South,49610.06633721553,9.768641015198977,False,False
2024-05-06,122,Dominos,Midwest,25144.50126729148,9.768641015198977,False,False
2024-05-06,122,Dominos,West,42620.38941769325,9.768641015198977,False,False
2024-05-06,122,Dominos,Southwest,37807.11344935614,9.768641015198977,False,False
2024-05-06,122,PizzaHut,Northeast,139924.50059984127,11.057440185263237,False,False
2024-05-06,122,PizzaHut,South,50392.11386822595,11.057440185263237,False,False
2024-05-06,122,PizzaHut,Midwest,166646.85087011088,11.80931146914877,False,False
2024-05-06,122,PizzaHut,West,58507.41431714432,11.057440185263237,False,False
2024-05-06,122,PizzaHut,Southwest,52564.74454729509,11.057440185263237,False,False
2024-05-13,123,McDonalds,Northeast,68155.66749922656,10.309824267031935,False,False
2024-05-13,123,McDonalds,South,65442.850594342744,10.309824267031935,False,False
2024-05-13,123,McDonalds,Midwest,36063.23311638371,10.309824267031935,False,False
2024-05-13,123,McDonalds,West,14744.5442574931,10.309824267031935,False,False
2024-05-13,123,McDonalds,Southwest,48921.52086558977,10.309824267031935,False,False
2024-05-13,123,BurgerKing,Northeast,24160.479149090115,14.7353013664426,False,False
2024-05-13,123,BurgerKing,South,83400.2107969212,15.840134140530786,False,False
2024-05-13,123,BurgerKing,Midwest,32812.37671969122,14.7353013664426,False,False
2024-05-13,123,BurgerKing,West,125414.25921662146,14.7353013664426,False,False
2024-05-13,123,BurgerKing,Southwest,81430.75376745276,14.7353013664426,False,False
2024-05-13,123,Wendys,Northeast,59467.30367411276,14.310400957705244,False,False
2024-05-13,123,Wendys,South,20498.5549852021,14.310400957705244,False,False
2024-05-13,123,Wendys,Midwest,75386.25004850786,14.310400957705244,False,False
2024-05-13,123,Wendys,West,27663.686340750188,14.310400957705244,False,False
2024-05-13,123,Wendys,Southwest,59017.72992084151,14.310400957705244,False,False
2024-05-13,123,TacoBell,Northeast,127622.93522347386,9.892682647174594,False,False
2024-05-13,123,TacoBell,South,669.8712548580482,9.892682647174594,False,False
2024-05-13,123,TacoBell,Midwest,47497.789028150575,9.363555087757117,False,False
2024-05-13,123,TacoBell,West,16424.119370915483,9.892682647174594,False,False
2024-05-13,123,TacoBell,Southwest,29676.147187372637,9.892682647174594,False,False
2024-05-13,123,Subway,Northeast,15509.790388116642,13.624792437784993,False,False
2024-05-13,123,Subway,South,48612.57573792026,13.624792437784993,False,False
2024-05-13,123,Subway,Midwest,19509.840042997763,13.624792437784993,False,False
2024-05-13,123,Subway,West,70105.65599628128,13.624792437784993,False,False
2024-05-13,123,Subway,Southwest,46319.376045137666,13.624792437784993,False,False
2024-05-13,123,KFC,Northeast,47016.81749869739,14.969229412624541,True,False
2024-05-13,123,KFC,South,89917.76032594121,14.969229412624541,False,False
2024-05-13,123,KFC,Midwest,53491.127584477974,14.969229412624541,False,False
2024-05-13,123,KFC,West,36814.59764488972,14.969229412624541,False,False
2024-05-13,123,KFC,Southwest,29309.985599405456,14.969229412624541,False,False
2024-05-13,123,Dominos,Northeast,53357.256800834766,9.768641015198977,False,False
2024-05-13,123,Dominos,South,54419.416711993916,9.768641015198977,False,False
2024-05-13,123,Dominos,Midwest,26533.68087136637,9.768641015198977,False,False
2024-05-13,123,Dominos,West,51740.57655176808,9.768641015198977,False,False
2024-05-13,123,Dominos,Southwest,51680.521431049805,9.768641015198977,False,False
2024-05-13,123,PizzaHut,Northeast,132396.5439135422,11.057440185263237,False,False
2024-05-13,123,PizzaHut,South,50291.53953310587,11.057440185263237,False,False
2024-05-13,123,PizzaHut,Midwest,150500.79341608426,11.057440185263237,False,False
2024-05-13,123,PizzaHut,West,65692.92208857734,11.057440185263237,False,False
2024-05-13,123,PizzaHut,Southwest,66619.07062845632,11.057440185263237,True,False
2024-05-20,124,McDonalds,Northeast,71844.45609177528,10.309824267031935,False,False
2024-05-20,124,McDonalds,South,86139.9388849789,9.3887248898504,False,False
2024-05-20,124,McDonalds,Midwest,42515.57933118991,10.309824267031935,False,False
2024-05-20,124,McDonalds,West,20477.040608975523,10.309824267031935,False,False
2024-05-20,124,McDonalds,Southwest,45572.31929332232,10.309824267031935,False,False
2024-05-20,124,BurgerKing,Northeast,27757.43909925901,14.7353013664426,True,False
2024-05-20,124,BurgerKing,South,91004.71637698116,14.7353013664426,False,False
2024-05-20,124,BurgerKing,Midwest,40926.800357549735,10.797723254060731,False,False
2024-05-20,124,BurgerKing,West,107569.2563540069,14.7353013664426,False,False
2024-05-20,124,BurgerKing,Southwest,73089.15581594623,14.7353013664426,False,False
2024-05-20,124,Wendys,Northeast,59688.47320800849,14.310400957705244,False,False
2024-05-20,124,Wendys,South,16420.513842623346,14.310400957705244,False,False
2024-05-20,124,Wendys,Midwest,108264.82825297286,14.310400957705244,True,False
2024-05-20,124,Wendys,West,35785.42993199839,14.310400957705244,False,False
2024-05-20,124,Wendys,Southwest,76049.32235716042,14.310400957705244,True,False
2024-05-20,124,TacoBell,Northeast,152620.198475271,9.892682647174594,False,False
2024-05-20,124,TacoBell,South,1013.9736839483874,9.892682647174594,False,False
2024-05-20,124,TacoBell,Midwest,44416.44284752913,9.892682647174594,False,False
2024-05-20,124,TacoBell,West,19890.093002361773,9.892682647174594,False,False
2024-05-20,124,TacoBell,Southwest,29175.434771814493,9.892682647174594,True,False
2024-05-20,124,Subway,Northeast,15130.077216240252,13.624792437784993,True,False
2024-05-20,124,Subway,South,54528.990738892906,13.624792437784993,False,False
2024-05-20,124,Subway,Midwest,21274.330647370127,13.624792437784993,False,False
2024-05-20,124,Subway,West,82156.92305401759,13.624792437784993,False,False
2024-05-20,124,Subway,Southwest,45662.840944160045,13.624792437784993,True,False
2024-05-20,124,KFC,Northeast,45649.75655321192,14.969229412624541,False,False
2024-05-20,124,KFC,South,77055.82631287265,14.969229412624541,False,False
2024-05-20,124,KFC,Midwest,76028.08778201435,14.969229412624541,True,False
2024-05-20,124,KFC,West,39697.6555155339,14.969229412624541,False,False
2024-05-20,124,KFC,Southwest,28564.79485182454,14.969229412624541,False,False
2024-05-20,124,Dominos,Northeast,49667.399596289884,9.768641015198977,False,False
2024-05-20,124,Dominos,South,66785.79795492286,9.768641015198977,False,False
2024-05-20,124,Dominos,Midwest,30613.041909696054,9.768641015198977,False,False
2024-05-20,124,Dominos,West,46837.72229113217,9.768641015198977,False,False
2024-05-20,124,Dominos,Southwest,38236.32220284405,9.768641015198977,False,False
2024-05-20,124,PizzaHut,Northeast,138437.54025059557,11.057440185263237,False,False
2024-05-20,124,PizzaHut,South,54619.96563713441,11.057440185263237,False,False
2024-05-20,124,PizzaHut,Midwest,162835.6832592429,11.057440185263237,False,False
2024-05-20,124,PizzaHut,West,69772.95526745504,11.057440185263237,False,False
2024-05-20,124,PizzaHut,Southwest,56769.78815763869,11.057440185263237,False,False
2024-05-27,125,McDonalds,Northeast,61367.40734154181,10.309824267031935,False,False
2024-05-27,125,McDonalds,South,78187.32618634118,10.309824267031935,False,False
2024-05-27,125,McDonalds,Midwest,38938.65049887897,10.309824267031935,False,False
2024-05-27,125,McDonalds,West,21973.517812862603,10.309824267031935,False,False
2024-05-27,125,McDonalds,Southwest,44342.377084241794,10.309824267031935,False,False
2024-05-27,125,BurgerKing,Northeast,20562.448102060473,14.7353013664426,False,False
2024-05-27,125,BurgerKing,South,77660.66438593468,14.7353013664426,False,False
2024-05-27,125,BurgerKing,Midwest,32196.028601993385,14.7353013664426,False,False
2024-05-27,125,BurgerKing,West,113201.44713338604,14.7353013664426,False,False
2024-05-27,125,BurgerKing,Southwest,76863.44235967695,14.7353013664426,False,False
2024-05-27,125,Wendys,Northeast,57386.76004397968,14.310400957705244,False,False
2024-05-27,125,Wendys,South,16295.67382512274,14.310400957705244,False,False
2024-05-27,125,Wendys,Midwest,70370.26800213823,14.310400957705244,False,False
2024-05-27,125,Wendys,West,30821.035183360553,14.310400957705244,False,False
2024-05-27,125,Wendys,Southwest,58578.74079901883,14.310400957705244,False,False
2024-05-27,125,TacoBell,Northeast,139188.13515950233,9.892682647174594,False,False
2024-05-27,125,TacoBell,South,1013.5147052516965,9.892682647174594,False,False
2024-05-27,125,TacoBell,Midwest,51537.639457097364,9.892682647174594,False,False
2024-05-27,125,TacoBell,West,23739.764202173872,9.892682647174594,False,False
2024-05-27,125,TacoBell,Southwest,24310.475080061824,9.892682647174594,False,False
2024-05-27,125,Subway,Northeast,13959.97161449912,13.624792437784993,False,False
2024-05-27,125,Subway,South,51837.93374358785,13.624792437784993,False,False
2024-05-27,125,Subway,Midwest,21072.590534062285,13.624792437784993,False,False
2024-05-27,125,Subway,West,89209.30709690208,13.624792437784993,False,False
2024-05-27,125,Subway,Southwest,49013.8225597827,13.624792437784993,False,False
2024-05-27,125,KFC,Northeast,42607.155647480264,14.969229412624541,False,False
2024-05-27,125,KFC,South,103923.36194184398,14.969229412624541,False,False
2024-05-27,125,KFC,Midwest,51436.30804693041,14.969229412624541,False,False
2024-05-27,125,KFC,West,41010.46183527731,14.969229412624541,True,False
2024-05-27,125,KFC,Southwest,33065.94697551481,14.969229412624541,False,False
2024-05-27,125,Dominos,Northeast,60408.48675507212,9.768641015198977,False,False
2024-05-27,125,Dominos,South,64546.75244492724,9.768641015198977,False,False
2024-05-27,125,Dominos,Midwest,29927.368056000763,9.768641015198977,False,False
2024-05-27,125,Dominos,West,50504.922586054905,9.768641015198977,False,False
2024-05-27,125,Dominos,Southwest,40906.8532367868,9.768641015198977,False,False
2024-05-27,125,PizzaHut,Northeast,124647.27930055124,11.057440185263237,False,False
2024-05-27,125,PizzaHut,South,47619.474848508085,11.057440185263237,False,False
2024-05-27,125,PizzaHut,Midwest,127318.48109836795,11.057440185263237,False,False
2024-05-27,125,PizzaHut,West,88444.62050118849,11.057440185263237,True,False
2024-05-27,125,PizzaHut,Southwest,47804.84735863155,11.057440185263237,False,False
2024-06-03,126,McDonalds,Northeast,79218.37187570195,8.615642770044456,False,True
2024-06-03,126,McDonalds,South,99777.04821623611,10.309824267031935,False,True
2024-06-03,126,McDonalds,Midwest,47094.63684748562,10.309824267031935,True,True
2024-06-03,126,McDonalds,West,22176.980058965793,10.309824267031935,False,True
2024-06-03,126,McDonalds,Southwest,50779.53551344912,10.309824267031935,False,True
2024-06-03,126,BurgerKing,Northeast,25128.888931486705,14.7353013664426,False,True
2024-06-03,126,BurgerKing,South,133880.44792593602,14.7353013664426,True,True
2024-06-03,126,BurgerKing,Midwest,46201.75578077274,14.7353013664426,False,True
2024-06-03,126,BurgerKing,West,133169.9714200705,14.7353013664426,False,True
2024-06-03,126,BurgerKing,Southwest,80634.93190105067,14.7353013664426,False,True
2024-06-03,126,Wendys,Northeast,54769.10868615768,14.310400957705244,False,True
2024-06-03,126,Wendys,South,15605.316827513465,14.310400957705244,False,True
2024-06-03,126,Wendys,Midwest,72747.22785531245,14.310400957705244,False,True
2024-06-03,126,Wendys,West,32631.879385839467,14.310400957705244,False,True
2024-06-03,126,Wendys,Southwest,64344.045862692336,14.310400957705244,False,True
2024-06-03,126,TacoBell,Northeast,158673.08728368298,9.892682647174594,False,True
2024-06-03,126,TacoBell,South,800.3684321974345,9.892682647174594,False,True
2024-06-03,126,TacoBell,Midwest,49080.30857732874,9.892682647174594,False,True
2024-06-03,126,TacoBell,West,22779.94014617178,9.892682647174594,True,True
2024-06-03,126,TacoBell,Southwest,21932.878275249164,9.892682647174594,False,True
2024-06-03,126,Subway,Northeast,17945.149233228596,13.624792437784993,False,True
2024-06-03,126,Subway,South,63802.36915064252,13.624792437784993,True,True
2024-06-03,126,Subway,Midwest,30703.747219341152,13.624792437784993,False,True
2024-06-03,126,Subway,West,88621.4728172957,13.624792437784993,False,True
2024-06-03,126,Subway,Southwest,57058.52518194343,13.624792437784993,True,True
2024-06-03,126,KFC,Northeast,46248.84992701001,14.969229412624541,False,True
2024-06-03,126,KFC,South,97050.89176514182,14.969229412624541,False,True
2024-06-03,126,KFC,Midwest,100581.10966577986,14.969229412624541,True,True
2024-06-03,126,KFC,West,37078.268772523064,14.969229412624541,False,True
2024-06-03,126,KFC,Southwest,45769.05424383499,14.969229412624541,True,True
2024-06-03,126,Dominos,Northeast,58402.86087328604,9.768641015198977,False,True
2024-06-03,126,Dominos,South,71616.09014550276,9.768641015198977,False,True
2024-06-03,126,Dominos,Midwest,25553.599220851185,9.768641015198977,False,True
2024-06-03,126,Dominos,West,54086.995273786946,9.768641015198977,False,True
2024-06-03,126,Dominos,Southwest,42862.53124674824,9.768641015198977,False,True
2024-06-03,126,PizzaHut,Northeast,99443.30015646642,11.057440185263237,False,True
2024-06-03,126,PizzaHut,South,51115.91578081053,11.057440185263237,False,True
2024-06-03,126,PizzaHut,Midwest,161000.22769127158,11.057440185263237,False,True
2024-06-03,126,PizzaHut,West,64972.28984297209,11.057440185263237,False,True
2024-06-03,126,PizzaHut,Southwest,42175.470650276984,11.057440185263237,False,True
2024-06-10,127,McDonalds,Northeast,68480.7473295681,10.309824267031935,False,True
2024-06-10,127,McDonalds,South,93804.08615563161,10.309824267031935,False,True
2024-06-10,127,McDonalds,Midwest,54825.082801841636,10.309824267031935,False,True
2024-06-10,127,McDonalds,West,26928.439075887993,10.309824267031935,False,True
2024-06-10,127,McDonalds,Southwest,47391.57066382669,10.309824267031935,False,True
2024-06-10,127,BurgerKing,Northeast,31758.4191889243,14.7353013664426,True,True
2024-06-10,127,BurgerKing,South,95770.40240746539,14.7353013664426,False,True
2024-06-10,127,BurgerKing,Midwest,36020.81471662639,14.7353013664426,False,True
2024-06-10,127,BurgerKing,West,111745.04584856919,14.7353013664426,False,True
2024-06-10,127,BurgerKing,Southwest,71798.21580549103,14.59565392517301,False,True
2024-06-10,127,Wendys,Northeast,70517.43017843753,14.310400957705244,False,True
2024-06-10,127,Wendys,South,11250.183848512088,14.310400957705244,False,True
2024-06-10,127,Wendys,Midwest,73213.84825032251,14.310400957705244,False,True
2024-06-10,127,Wendys,West,30801.455176478023,14.310400957705244,False,True
2024-06-10,127,Wendys,Southwest,55031.68963524586,14.310400957705244,False,True
2024-06-10,127,TacoBell,Northeast,143808.78643637165,9.892682647174594,False,True
2024-06-10,127,TacoBell,South,953.2555758319444,9.892682647174594,False,True
2024-06-10,127,TacoBell,Midwest,34105.10275702509,9.892682647174594,False,True
2024-06-10,127,TacoBell,West,20718.484967806493,9.892682647174594,False,True
2024-06-10,127,TacoBell,Southwest,17558.185076602007,9.892682647174594,False,True
2024-06-10,127,Subway,Northeast,15880.593125782721,13.624792437784993,False,True
2024-06-10,127,Subway,South,56222.77023625706,13.624792437784993,False,True
2024-06-10,127,Subway,Midwest,40041.47485919974,13.624792437784993,True,True
2024-06-10,127,Subway,West,75250.01267232189,13.217867042285155,False,True
2024-06-10,127,Subway,Southwest,49399.883226333906,13.624792437784993,True,True
2024-06-10,127,KFC,Northeast,47190.5178179603,14.969229412624541,False,True
2024-06-10,127,KFC,South,115906.43686492021,14.969229412624541,False,True
2024-06-10,127,KFC,Midwest,69043.82702509097,14.969229412624541,False,True
2024-06-10,127,KFC,West,47464.6677444911,14.969229412624541,False,True
2024-06-10,127,KFC,Southwest,37553.1501143586,14.969229412624541,False,True
2024-06-10,127,Dominos,Northeast,71503.65405925992,9.768641015198977,False,True
2024-06-10,127,Dominos,South,72741.0722744049,9.768641015198977,False,True
2024-06-10,127,Dominos,Midwest,23681.159044360746,9.768641015198977,False,True
2024-06-10,127,Dominos,West,58441.74536392434,9.768641015198977,False,True
2024-06-10,127,Dominos,Southwest,47234.48125028878,9.768641015198977,False,True
2024-06-10,127,PizzaHut,Northeast,122468.0037915565,11.057440185263237,False,True
2024-06-10,127,PizzaHut,South,43103.64862276467,11.057440185263237,False,True
2024-06-10,127,PizzaHut,Midwest,150379.529348507,11.057440185263237,False,True
2024-06-10,127,PizzaHut,West,76260.99117368809,11.057440185263237,True,True
2024-06-10,127,PizzaHut,Southwest,41042.08572036669,11.057440185263237,False,True
2024-06-17,128,McDonalds,Northeast,60523.0466409726,10.309824267031935,False,True
2024-06-17,128,McDonalds,South,95218.88523666332,10.309824267031935,False,True
2024-06-17,128,McDonalds,Midwest,49218.41362804067,10.309824267031935,False,True
2024-06-17,128,McDonalds,West,23314.99544672784,10.309824267031935,False,True
2024-06-17,128,McDonalds,Southwest,48927.37938060495,10.309824267031935,False,True
2024-06-17,128,BurgerKing,Northeast,17816.766167205562,14.7353013664426,False,True
2024-06-17,128,BurgerKing,South,90089.20552115954,14.7353013664426,False,True
2024-06-17,128,BurgerKing,Midwest,37573.88339748125,14.7353013664426,False,True
2024-06-17,128,BurgerKing,West,126485.309594725,14.7353013664426,False,True
2024-06-17,128,BurgerKing,Southwest,73698.55561291252,14.7353013664426,False,True
2024-06-17,128,Wendys,Northeast,73538.03587321284,14.310400957705244,True,True
2024-06-17,128,Wendys,South,13467.672902527336,14.310400957705244,False,True
2024-06-17,128,Wendys,Midwest,73220.43353672599,14.310400957705244,False,True
2024-06-17,128,Wendys,West,29243.427029448176,14.310400957705244,True,True
2024-06-17,128,Wendys,Southwest,51842.55432774655,14.310400957705244,False,True
2024-06-17,128,TacoBell,Northeast,137788.94288367973,9.755904938976908,False,True
2024-06-17,128,TacoBell,South,818.5199262928952,9.892682647174594,False,True
2024-06-17,128,TacoBell,Midwest,44639.44275824855,9.892682647174594,False,True
2024-06-17,128,TacoBell,West,22347.15912558093,9.892682647174594,False,True
2024-06-17,128,TacoBell,Southwest,15542.924080638108,11.616845135636943,True,True
2024-06-17,128,Subway,Northeast,16368.914805700968,13.624792437784993,False,True
2024-06-17,128,Subway,South,60082.52762395443,13.624792437784993,False,True
2024-06-17,128,Subway,Midwest,31455.27281117104,13.624792437784993,False,True
2024-06-17,128,Subway,West,81052.78133464053,13.624792437784993,False,True
2024-06-17,128,Subway,Southwest,44623.324553000224,13.624792437784993,False,True
2024-06-17,128,KFC,Northeast,44233.05094022953,14.969229412624541,False,True
2024-06-17,128,KFC,South,118113.22457702261,14.969229412624541,False,True
2024-06-17,128,KFC,Midwest,65046.04314930386,14.969229412624541,False,True
2024-06-17,128,KFC,West,46914.83375889803,14.969229412624541,False,True
2024-06-17,128,KFC,Southwest,37251.812033625145,14.969229412624541,False,True
2024-06-17,128,Dominos,Northeast,57576.9318687332,9.768641015198977,False,True
2024-06-17,128,Dominos,South,66845.67323890208,9.768641015198977,False,True
2024-06-17,128,Dominos,Midwest,25403.723966683367,9.768641015198977,False,True
2024-06-17,128,Dominos,West,49411.10217972319,9.768641015198977,False,True
2024-06-17,128,Dominos,Southwest,44589.51533058659,9.768641015198977,False,True
2024-06-17,128,PizzaHut,Northeast,123738.07682580802,11.502131238156897,False,True
2024-06-17,128,PizzaHut,South,64832.15191760292,10.445248896593073,True,True
2024-06-17,128,PizzaHut,Midwest,157239.70416211887,11.057440185263237,False,True
2024-06-17,128,PizzaHut,West,54335.89353541025,11.057440185263237,False,True
2024-06-17,128,PizzaHut,Southwest,39412.74664934528,11.057440185263237,False,True
2024-06-24,129,McDonalds,Northeast,67837.8031426339,10.309824267031935,False,True
2024-06-24,129,McDonalds,South,73682.72316002718,10.309824267031935,False,True
2024-06-24,129,McDonalds,Midwest,47233.397358144764,10.309824267031935,False,True
2024-06-24,129,McDonalds,West,19076.318853407192,11.065389308584036,False,True
2024-06-24,129,McDonalds,Southwest,57954.13700899228,10.309824267031935,False,True
2024-06-24,129,BurgerKing,Northeast,21648.882573862986,14.7353013664426,True,True
2024-06-24,129,BurgerKing,South,109895.59686041801,14.7353013664426,False,True
2024-06-24,129,BurgerKing,Midwest,29725.80497417875,14.7353013664426,False,True
2024-06-24,129,BurgerKing,West,119129.60686349381,14.7353013664426,False,True
2024-06-24,129,BurgerKing,Southwest,76455.23756713017,14.7353013664426,False,True
2024-06-24,129,Wendys,Northeast,60858.489902136236,14.310400957705244,False,True
2024-06-24,129,Wendys,South,11358.085871920634,14.310400957705244,False,True
2024-06-24,129,Wendys,Midwest,74143.17369143863,14.310400957705244,False,True
2024-06-24,129,Wendys,West,29563.40736038786,14.310400957705244,False,True
2024-06-24,129,Wendys,Southwest,47783.71226180649,14.310400957705244,False,True
2024-06-24,129,TacoBell,Northeast,138016.48908499803,9.892682647174594,False,True
2024-06-24,129,TacoBell,South,797.7580779650068,9.892682647174594,False,True
2024-06-24,129,TacoBell,Midwest,41570.20342641336,9.892682647174594,False,True
2024-06-24,129,TacoBell,West,24313.844265754567,9.892682647174594,False,True
2024-06-24,129,TacoBell,Southwest,19193.573997295418,9.892682647174594,False,True
2024-06-24,129,Subway,Northeast,19134.21865910361,13.624792437784993,False,True
2024-06-24,129,Subway,South,60713.91300038481,13.624792437784993,False,True
2024-06-24,129,Subway,Midwest,34066.14378103428,13.624792437784993,True,True
2024-06-24,129,Subway,West,75923.56447459014,13.624792437784993,False,True
2024-06-24,129,Subway,Southwest,56754.02439014811,13.624792437784993,False,True
2024-06-24,129,KFC,Northeast,51796.24305238498,14.969229412624541,False,True
2024-06-24,129,KFC,South,133573.35715099025,14.969229412624541,True,True
2024-06-24,129,KFC,Midwest,59721.70085784344,14.969229412624541,False,True
2024-06-24,129,KFC,West,51743.226952437726,14.969229412624541,False,True
2024-06-24,129,KFC,Southwest,41209.59895464658,14.969229412624541,False,True
2024-06-24,129,Dominos,Northeast,78887.06563008287,9.768641015198977,False,True
2024-06-24,129,Dominos,South,64419.92172165492,9.768641015198977,False,True
2024-06-24,129,Dominos,Midwest,34412.0846303472,9.768641015198977,False,True
2024-06-24,129,Dominos,West,45357.59546966283,9.768641015198977,False,True
2024-06-24,129,Dominos,Southwest,48268.701751870365,9.768641015198977,False,True
2024-06-24,129,PizzaHut,Northeast,131173.89878520416,11.057440185263237,False,True
2024-06-24,129,PizzaHut,South,55701.128338726805,10.377928044263168,False,True
2024-06-24,129,PizzaHut,Midwest,155072.0667420598,11.057440185263237,False,True
2024-06-24,129,PizzaHut,West,58931.949791307634,11.057440185263237,False,True
2024-06-24,129,PizzaHut,Southwest,35145.103016361936,11.057440185263237,False,True
2024-07-01,130,McDonalds,Northeast,80169.36103593446,10.309824267031935,False,True
2024-07-01,130,McDonalds,South,89984.79536093542,10.309824267031935,False,True
2024-07-01,130,McDonalds,Midwest,66215.136115133,10.309824267031935,True,True
2024-07-01,130,McDonalds,West,27751.167344646754,10.309824267031935,False,True
2024-07-01,130,McDonalds,Southwest,44344.05276890483,11.261579148554809,False,True
2024-07-01,130,BurgerKing,Northeast,19174.957955346246,14.7353013664426,False,True
2024-07-01,130,BurgerKing,South,81624.59568581237,14.7353013664426,False,True
2024-07-01,130,BurgerKing,Midwest,37342.872068534605,14.7353013664426,False,True
2024-07-01,130,BurgerKing,West,98055.52127138256,14.7353013664426,False,True
2024-07-01,130,BurgerKing,Southwest,83472.79579958179,14.7353013664426,False,True
2024-07-01,130,Wendys,Northeast,57823.78568284578,14.310400957705244,False,True
2024-07-01,130,Wendys,South,11702.48871801085,14.310400957705244,False,True
2024-07-01,130,Wendys,Midwest,68853.63733105495,14.310400957705244,False,True
2024-07-01,130,Wendys,West,32391.853249887186,14.310400957705244,False,True
2024-07-01,130,Wendys,Southwest,49054.609844878214,14.310400957705244,False,True
2024-07-01,130,TacoBell,Northeast,135924.31865739948,9.892682647174594,False,True
2024-07-01,130,TacoBell,South,848.7824312305107,9.892682647174594,False,True
2024-07-01,130,TacoBell,Midwest,48944.60850840859,9.892682647174594,False,True
2024-07-01,130,TacoBell,West,16365.52581464824,9.892682647174594,False,True
2024-07-01,130,TacoBell,Southwest,16179.380187902138,9.892682647174594,False,True
2024-07-01,130,Subway,Northeast,21363.888101575674,13.624792437784993,False,True
2024-07-01,130,Subway,South,55589.70991359478,13.624792437784993,False,True
2024-07-01,130,Subway,Midwest,23839.064829655188,13.624792437784993,False,True
2024-07-01,130,Subway,West,92431.93506959616,13.624792437784993,False,True
2024-07-01,130,Subway,Southwest,44395.717984124196,13.624792437784993,False,True
2024-07-01,130,KFC,Northeast,46228.81846905967,14.969229412624541,False,True
2024-07-01,130,KFC,South,96792.26968247865,14.969229412624541,False,True
2024-07-01,130,KFC,Midwest,65230.53083288096,14.969229412624541,False,True
2024-07-01,130,KFC,West,68180.9341861358,14.969229412624541,True,True
2024-07-01,130,KFC,Southwest,42811.86892426183,14.969229412624541,False,True
2024-07-01,130,Dominos,Northeast,68192.65400569016,9.768641015198977,False,True
2024-07-01,130,Dominos,South,57590.623770195976,9.768641015198977,False,True
2024-07-01,130,Dominos,Midwest,27597.799220850688,9.768641015198977,False,True
2024-07-01,130,Dominos,West,46064.76864662329,9.768641015198977,False,True
2024-07-01,130,Dominos,Southwest,43288.03666153628,9.768641015198977,False,True
2024-07-01,130,PizzaHut,Northeast,111838.24270208144,11.057440185263237,False,True
2024-07-01,130,PizzaHut,South,38069.8166061594,11.057440185263237,False,True
2024-07-01,130,PizzaHut,Midwest,123831.00873393452,11.057440185263237,False,True
2024-07-01,130,PizzaHut,West,50056.04357384336,11.057440185263237,False,True
2024-07-01,130,PizzaHut,Southwest,24932.069194076783,11.057440185263237,False,True
2024-07-08,131,McDonalds,Northeast,72559.63109435313,10.309824267031935,False,True
2024-07-08,131,McDonalds,South,112532.72080756558,10.309824267031935,False,True
2024-07-08,131,McDonalds,Midwest,48839.92820799507,10.309824267031935,False,True
2024-07-08,131,McDonalds,West,30328.69607684773,10.309824267031935,False,True
2024-07-08,131,McDonalds,Southwest,64835.29010496853,10.309824267031935,False,True
2024-07-08,131,BurgerKing,Northeast,19743.21006611004,14.7353013664426,False,True
2024-07-08,131,BurgerKing,South,115884.89632583805,14.7353013664426,False,True
2024-07-08,131,BurgerKing,Midwest,25631.808398908688,14.7353013664426,False,True
2024-07-08,131,BurgerKing,West,122268.27135253385,14.7353013664426,False,True
2024-07-08,131,BurgerKing,Southwest,59781.89907449722,17.471110548674687,False,True
2024-07-08,131,Wendys,Northeast,74926.42350357454,14.310400957705244,True,True
2024-07-08,131,Wendys,South,11880.09662394978,14.310400957705244,False,True
2024-07-08,131,Wendys,Midwest,66624.98000628133,14.310400957705244,False,True
2024-07-08,131,Wendys,West,29771.849709220234,14.310400957705244,False,True
2024-07-08,131,Wendys,Southwest,41287.90209874626,14.310400957705244,False,True
2024-07-08,131,TacoBell,Northeast,181240.85591744582,9.892682647174594,True,True
2024-07-08,131,TacoBell,South,952.1551558451029,9.892682647174594,False,True
2024-07-08,131,TacoBell,Midwest,43006.370363476824,9.892682647174594,False,True
2024-07-08,131,TacoBell,West,16434.04614333063,9.892682647174594,False,True
2024-07-08,131,TacoBell,Southwest,16581.153131735377,9.892682647174594,False,True
2024-07-08,131,Subway,Northeast,20387.260390998345,13.624792437784993,False,True
2024-07-08,131,Subway,South,67204.8197932523,13.624792437784993,False,True
2024-07-08,131,Subway,Midwest,31236.30464636595,13.624792437784993,True,True
2024-07-08,131,Subway,West,84999.88669350056,13.624792437784993,False,True
2024-07-08,131,Subway,Southwest,49538.80601284989,13.624792437784993,False,True
2024-07-08,131,KFC,Northeast,47763.59853553584,14.969229412624541,False,True
2024-07-08,131,KFC,South,89443.61073115835,14.969229412624541,False,True
2024-07-08,131,KFC,Midwest,66011.6652719331,14.969229412624541,False,True
2024-07-08,131,KFC,West,60916.92611614929,14.969229412624541,False,True
2024-07-08,131,KFC,Southwest,40436.20315281054,14.969229412624541,False,True
2024-07-08,131,Dominos,Northeast,68718.8349506329,9.768641015198977,False,True
2024-07-08,131,Dominos,South,71089.0421477175,9.768641015198977,False,True
2024-07-08,131,Dominos,Midwest,26731.52722707899,9.768641015198977,False,True
2024-07-08,131,Dominos,West,49262.778730578386,9.768641015198977,False,True
2024-07-08,131,Dominos,Southwest,45820.99258571026,9.768641015198977,False,True
2024-07-08,131,PizzaHut,Northeast,133447.23904349623,11.057440185263237,False,True
2024-07-08,131,PizzaHut,South,39509.57029702536,11.057440185263237,False,True
2024-07-08,131,PizzaHut,Midwest,150218.86905229287,11.057440185263237,True,True
2024-07-08,131,PizzaHut,West,54143.34398098058,11.057440185263237,True,True
2024-07-08,131,PizzaHut,Southwest,27652.051819145767,11.057440185263237,False,True
2024-07-15,132,McDonalds,Northeast,67729.57708951089,10.309824267031935,False,True
2024-07-15,132,McDonalds,South,99700.48869334332,10.309824267031935,False,True
2024-07-15,132,McDonalds,Midwest,59928.22492559305,10.309824267031935,True,True
2024-07-15,132,McDonalds,West,25215.616776338706,10.309824267031935,False,True
2024-07-15,132,McDonalds,Southwest,52319.461634909065,10.309824267031935,False,True
2024-07-15,132,BurgerKing,Northeast,17509.74984604999,14.7353013664426,False,True
2024-07-15,132,BurgerKing,South,92542.13034152023,14.7353013664426,False,True
2024-07-15,132,BurgerKing,Midwest,32162.183600975153,14.7353013664426,False,True
2024-07-15,132,BurgerKing,West,108175.40070122403,14.7353013664426,False,True
2024-07-15,132,BurgerKing,Southwest,83799.7810794834,14.7353013664426,False,True
2024-07-15,132,Wendys,Northeast,65486.33775866527,14.310400957705244,False,True
2024-07-15,132,Wendys,South,12639.054312256269,14.310400957705244,True,True
2024-07-15,132,Wendys,Midwest,85649.01259725967,14.310400957705244,False,True
2024-07-15,132,Wendys,West,34538.23369434876,12.90819454713985,False,True
2024-07-15,132,Wendys,Southwest,43706.04914818205,14.310400957705244,False,True
2024-07-15,132,TacoBell,Northeast,131618.78035398087,9.892682647174594,False,True
2024-07-15,132,TacoBell,South,847.3779757533615,9.892682647174594,False,True
2024-07-15,132,TacoBell,Midwest,47723.74151101913,9.892682647174594,False,True
2024-07-15,132,TacoBell,West,16980.658480904596,9.892682647174594,False,True
2024-07-15,132,TacoBell,Southwest,19578.775380878156,9.892682647174594,False,True
2024-07-15,132,Subway,Northeast,29703.387753258907,13.624792437784993,True,True
2024-07-15,132,Subway,South,60506.42471461238,13.624792437784993,False,True
2024-07-15,132,Subway,Midwest,31685.280909523306,13.624792437784993,False,True
2024-07-15,132,Subway,West,95124.92776201149,13.624792437784993,True,True
2024-07-15,132,Subway,Southwest,48156.79488035452,13.624792437784993,False,True
2024-07-15,132,KFC,Northeast,56036.89375094216,14.969229412624541,False,True
2024-07-15,132,KFC,South,93935.39350741603,14.969229412624541,False,True
2024-07-15,132,KFC,Midwest,74135.6623638224,14.969229412624541,False,True
2024-07-15,132,KFC,West,65929.66248080331,14.969229412624541,True,True
2024-07-15,132,KFC,Southwest,42678.0071984274,14.969229412624541,False,True
2024-07-15,132,Dominos,Northeast,77484.633108558,9.768641015198977,False,True
2024-07-15,132,Dominos,South,59580.08735707252,9.768641015198977,False,True
2024-07-15,132,Dominos,Midwest,26999.671438638252,9.768641015198977,False,True
2024-07-15,132,Dominos,West,51621.141400342414,9.768641015198977,True,True
2024-07-15,132,Dominos,Southwest,47676.92920482561,9.768641015198977,False,True
2024-07-15,132,PizzaHut,Northeast,127847.6379019835,11.057440185263237,False,True
2024-07-15,132,PizzaHut,South,46631.20252727378,11.057440185263237,True,True
2024-07-15,132,PizzaHut,Midwest,189097.45071082513,11.057440185263237,False,True
2024-07-15,132,PizzaHut,West,50529.42415355406,11.057440185263237,False,True
2024-07-15,132,PizzaHut,Southwest,23426.918622746743,11.057440185263237,False,True
2024-07-22,133,McDonalds,Northeast,63237.237315049744,10.309824267031935,False,True
2024-07-22,133,McDonalds,South,101069.736506012,10.309824267031935,False,True
2024-07-22,133,McDonalds,Midwest,57966.019916715704,10.309824267031935,False,True
2024-07-22,133,McDonalds,West,26884.797496588217,10.309824267031935,False,True
2024-07-22,133,McDonalds,Southwest,48695.315841074625,10.309824267031935,False,True
2024-07-22,133,BurgerKing,Northeast,19207.913291691864,14.7353013664426,False,True
2024-07-22,133,BurgerKing,South,100652.89254210537,14.7353013664426,False,True
2024-07-22,133,BurgerKing,Midwest,27090.06265661874,14.563207647349373,False,True
2024-07-22,133,BurgerKing,West,102281.28586746649,14.7353013664426,False,True
2024-07-22,133,BurgerKing,Southwest,72021.1754579046,14.7353013664426,False,True
2024-07-22,133,Wendys,Northeast,49152.7770969574,14.310400957705244,False,True
2024-07-22,133,Wendys,South,12105.315569606388,14.189568530872469,False,True
2024-07-22,133,Wendys,Midwest,62807.43659947102,14.310400957705244,False,True
2024-07-22,133,Wendys,West,25397.700753082092,14.310400957705244,False,True
2024-07-22,133,Wendys,Southwest,35952.48872277262,14.310400957705244,False,True
2024-07-22,133,TacoBell,Northeast,140236.556630889,9.892682647174594,False,True
2024-07-22,133,TacoBell,South,697.582702929493,9.892682647174594,False,True
2024-07-22,133,TacoBell,Midwest,41830.713906149926,9.892682647174594,False,True
2024-07-22,133,TacoBell,West,18849.626909268824,9.892682647174594,False,True
2024-07-22,133,TacoBell,Southwest,15127.090548728254,9.892682647174594,False,True
2024-07-22,133,Subway,Northeast,23929.148757498966,13.624792437784993,False,True
2024-07-22,133,Subway,South,71399.82512033239,13.624792437784993,False,True
2024-07-22,133,Subway,Midwest,31757.830240496718,13.624792437784993,False,True
2024-07-22,133,Subway,West,95151.92846706146,13.624792437784993,False,True
2024-07-22,133,Subway,Southwest,51474.951301292545,13.624792437784993,False,True
2024-07-22,133,KFC,Northeast,51299.8279197636,14.969229412624541,False,True
2024-07-22,133,KFC,South,103351.40904090094,14.969229412624541,False,True
2024-07-22,133,KFC,Midwest,66458.09874550175,14.969229412624541,False,True
2024-07-22,133,KFC,West,68359.84714819418,14.969229412624541,False,True
2024-07-22,133,KFC,Southwest,36852.2409530211,14.969229412624541,False,True
2024-07-22,133,Dominos,Northeast,76224.75612141572,9.768641015198977,False,True
2024-07-22,133,Dominos,South,55422.993701361396,9.768641015198977,False,True
2024-07-22,133,Dominos,Midwest,27106.46408376225,9.768641015198977,False,True
2024-07-22,133,Dominos,West,40539.696879680065,9.768641015198977,False,True
2024-07-22,133,Dominos,Southwest,36724.84119780765,9.768641015198977,False,True
2024-07-22,133,PizzaHut,Northeast,112334.22534274904,11.057440185263237,False,True
2024-07-22,133,PizzaHut,South,47102.55520234606,11.057440185263237,False,True
2024-07-22,133,PizzaHut,Midwest,109649.78846365896,11.057440185263237,False,True
2024-07-22,133,PizzaHut,West,57953.11136673922,9.934828845227297,False,True
2024-07-22,133,PizzaHut,Southwest,21143.40450338079,11.057440185263237,False,True
2024-07-29,134,McDonalds,Northeast,81804.29898237939,10.309824267031935,True,True
2024-07-29,134,McDonalds,South,96455.58097533937,10.309824267031935,False,True
2024-07-29,134,McDonalds,Midwest,55212.024966848214,10.309824267031935,False,True
2024-07-29,134,McDonalds,West,27012.320095612944,10.309824267031935,False,True
2024-07-29,134,McDonalds,Southwest,53974.13351263278,10.309824267031935,False,True
2024-07-29,134,BurgerKing,Northeast,15047.802838845702,14.7353013664426,False,True
2024-07-29,134,BurgerKing,South,93877.43058496265,14.7353013664426,False,True
2024-07-29,134,BurgerKing,Midwest,36024.14590941742,14.7353013664426,True,True
2024-07-29,134,BurgerKing,West,102911.37885211202,14.7353013664426,False,True
2024-07-29,134,BurgerKing,Southwest,81773.26281643055,14.7353013664426,False,True
2024-07-29,134,Wendys,Northeast,68091.09344543086,14.343547546477996,False,True
2024-07-29,134,Wendys,South,13230.36986112459,14.310400957705244,False,True
2024-07-29,134,Wendys,Midwest,69530.55728400194,14.310400957705244,False,True
2024-07-29,134,Wendys,West,29316.523642000015,14.310400957705244,False,True
2024-07-29,134,Wendys,Southwest,35184.863410579885,13.687313262692593,False,True
2024-07-29,134,TacoBell,Northeast,117140.25511948255,9.892682647174594,False,True
2024-07-29,134,TacoBell,South,972.8796989213281,9.892682647174594,False,True
2024-07-29,134,TacoBell,Midwest,49129.935508680865,9.892682647174594,False,True
2024-07-29,134,TacoBell,West,18572.39062701212,9.892682647174594,False,True
2024-07-29,134,TacoBell,Southwest,15373.616928524842,10.396876185329495,False,True
2024-07-29,134,Subway,Northeast,24470.113742449204,13.624792437784993,False,True
2024-07-29,134,Subway,South,80545.14539825718,13.624792437784993,False,True
2024-07-29,134,Subway,Midwest,44395.3334529158,13.624792437784993,True,True
2024-07-29,134,Subway,West,114590.37863995085,13.624792437784993,False,True
2024-07-29,134,Subway,Southwest,52129.234357757254,13.624792437784993,False,True
2024-07-29,134,KFC,Northeast,54594.18088069949,14.969229412624541,False,True
2024-07-29,134,KFC,South,92140.44254789493,14.969229412624541,False,True
2024-07-29,134,KFC,Midwest,75762.36412806908,14.969229412624541,False,True
2024-07-29,134,KFC,West,53478.8894035538,14.969229412624541,False,True
2024-07-29,134,KFC,Southwest,40047.46890850898,14.969229412624541,False,True
2024-07-29,134,Dominos,Northeast,68419.15303667393,9.768641015198977,False,True
2024-07-29,134,Dominos,South,46845.55927710472,9.768641015198977,False,True
2024-07-29,134,Dominos,Midwest,24529.55140583911,9.768641015198977,False,True
2024-07-29,134,Dominos,West,49478.76067349429,9.768641015198977,False,True
2024-07-29,134,Dominos,Southwest,34885.44436306824,9.768641015198977,False,True
2024-07-29,134,PizzaHut,Northeast,104716.27055973076,11.057440185263237,False,True
2024-07-29,134,PizzaHut,South,34227.290777576716,11.057440185263237,False,True
2024-07-29,134,PizzaHut,Midwest,113294.28966096563,11.057440185263237,False,True
2024-07-29,134,PizzaHut,West,48798.98714323257,11.057440185263237,False,True
2024-07-29,134,PizzaHut,Southwest,21632.547034009993,11.057440185263237,True,True
2024-08-05,135,McDonalds,Northeast,69238.78540299977,10.564360323894903,False,True
2024-08-05,135,McDonalds,South,104358.03756043095,10.309824267031935,False,True
2024-08-05,135,McDonalds,Midwest,58012.35281823208,10.309824267031935,False,True
2024-08-05,135,McDonalds,West,28642.04885401766,10.309824267031935,False,True
2024-08-05,135,McDonalds,Southwest,53661.23028518519,10.309824267031935,True,True
2024-08-05,135,BurgerKing,Northeast,16628.45508191496,15.569981113116405,False,True
2024-08-05,135,BurgerKing,South,119657.11243314271,14.7353013664426,False,True
2024-08-05,135,BurgerKing,Midwest,27847.457772307785,14.7353013664426,False,True
2024-08-05,135,BurgerKing,West,98627.103532649,14.7353013664426,False,True
2024-08-05,135,BurgerKing,Southwest,65195.53984345675,14.7353013664426,False,True
2024-08-05,135,Wendys,Northeast,56298.06199152074,14.310400957705244,False,True
2024-08-05,135,Wendys,South,11525.325157074567,14.310400957705244,False,True
2024-08-05,135,Wendys,Midwest,82655.17924463016,14.310400957705244,False,True
2024-08-05,135,Wendys,West,28097.972517114144,14.310400957705244,False,True
2024-08-05,135,Wendys,Southwest,33954.08373078633,14.310400957705244,False,True
2024-08-05,135,TacoBell,Northeast,125747.98358417247,9.892682647174594,False,True
2024-08-05,135,TacoBell,South,1181.0112930979626,9.892682647174594,True,True
2024-08-05,135,TacoBell,Midwest,37717.40705978532,10.764306463335318,False,True
2024-08-05,135,TacoBell,West,20524.719682598563,9.892682647174594,False,True
2024-08-05,135,TacoBell,Southwest,16436.386047471766,9.892682647174594,False,True
2024-08-05,135,Subway,Northeast,23706.72526630987,13.624792437784993,False,True
2024-08-05,135,Subway,South,65055.57012276439,13.624792437784993,False,True
2024-08-05,135,Subway,Midwest,36113.0314687972,13.624792437784993,False,True
2024-08-05,135,Subway,West,116952.54554397718,13.624792437784993,False,True
2024-08-05,135,Subway,Southwest,48969.59546577982,13.624792437784993,False,True
2024-08-05,135,KFC,Northeast,48909.87740551705,14.969229412624541,False,True
2024-08-05,135,KFC,South,156019.86779390686,14.969229412624541,True,True
2024-08-05,135,KFC,Midwest,106596.01923381008,14.969229412624541,True,True
2024-08-05,135,KFC,West,64761.50488540237,14.969229412624541,False,True
2024-08-05,135,KFC,Southwest,32052.575332505654,14.969229412624541,False,True
2024-08-05,135,Dominos,Northeast,55970.35099137489,9.768641015198977,False,True
2024-08-05,135,Dominos,South,54180.13474077903,9.768641015198977,False,True
2024-08-05,135,Dominos,Midwest,20768.280856816036,9.768641015198977,False,True
2024-08-05,135,Dominos,West,56610.15312309773,9.768641015198977,True,True
2024-08-05,135,Dominos,Southwest,44296.15253704573,9.768641015198977,True,True
2024-08-05,135,PizzaHut,Northeast,89830.80999159193,11.057440185263237,False,True
2024-08-05,135,PizzaHut,South,29445.985169873096,11.057440185263237,False,True
2024-08-05,135,PizzaHut,Midwest,101553.56922938657,11.057440185263237,False,True
2024-08-05,135,PizzaHut,West,46322.389802347956,11.057440185263237,False,True
2024-08-05,135,PizzaHut,Southwest,19453.701543797317,11.057440185263237,False,True
2024-08-12,136,McDonalds,Northeast,77410.83026074416,10.309824267031935,False,True
2024-08-12,136,McDonalds,South,130049.34283325155,10.309824267031935,False,True
2024-08-12,136,McDonalds,Midwest,66943.54918621483,8.86165179369883,False,True
2024-08-12,136,McDonalds,West,28513.518986963092,10.309824267031935,False,True
2024-08-12,136,McDonalds,Southwest,58426.59058999701,10.309824267031935,True,True
2024-08-12,136,BurgerKing,Northeast,14972.7619727496,14.7353013664426,False,True
2024-08-12,136,BurgerKing,South,102960.40522617815,14.7353013664426,False,True
2024-08-12,136,BurgerKing,Midwest,29604.98197149736,14.7353013664426,False,True
2024-08-12,136,BurgerKing,West,99328.08169257749,14.7353013664426,False,True
2024-08-12,136,BurgerKing,Southwest,79853.65432222033,14.7353013664426,False,True
2024-08-12,136,Wendys,Northeast,64069.9471890254,14.310400957705244,False,True
2024-08-12,136,Wendys,South,13777.73167027696,14.310400957705244,False,True
2024-08-12,136,Wendys,Midwest,74015.94266185939,14.310400957705244,False,True
2024-08-12,136,Wendys,West,27431.310525100413,14.310400957705244,False,True
2024-08-12,136,Wendys,Southwest,28647.077523850945,14.310400957705244,False,True
2024-08-12,136,TacoBell,Northeast,130738.51516144813,9.892682647174594,False,True
2024-08-12,136,TacoBell,South,1116.550640377452,9.892682647174594,False,True
2024-08-12,136,TacoBell,Midwest,52301.85052496416,9.892682647174594,False,True
2024-08-12,136,TacoBell,West,17072.486953036983,9.892682647174594,False,True
2024-08-12,136,TacoBell,Southwest,19410.324105115356,9.892682647174594,False,True
2024-08-12,136,Subway,Northeast,24378.873121992976,13.624792437784993,False,True
2024-08-12,136,Subway,South,67627.22225899388,13.624792437784993,False,True
2024-08-12,136,Subway,Midwest,44140.05219448333,13.624792437784993,False,True
2024-08-12,136,Subway,West,111259.7420678948,13.624792437784993,False,True
2024-08-12,136,Subway,Southwest,51826.93172868127,13.624792437784993,False,True
2024-08-12,136,KFC,Northeast,55582.7498722437,14.969229412624541,False,True
2024-08-12,136,KFC,South,119247.58898910484,14.969229412624541,False,True
2024-08-12,136,KFC,Midwest,75177.43427538876,14.969229412624541,False,True
2024-08-12,136,KFC,West,55943.658564647616,14.969229412624541,False,True
2024-08-12,136,KFC,Southwest,39787.46766714453,14.969229412624541,False,True
2024-08-12,136,Dominos,Northeast,67068.52482767821,9.768641015198977,False,True
2024-08-12,136,Dominos,South,41624.931414987645,9.768641015198977,False,True
2024-08-12,136,Dominos,Midwest,25993.51439670102,9.768641015198977,False,True
2024-08-12,136,Dominos,West,51542.475787042924,9.768641015198977,False,True
2024-08-12,136,Dominos,Southwest,36118.25056448052,9.768641015198977,False,True
2024-08-12,136,PizzaHut,Northeast,87845.73345622605,11.057440185263237,False,True
2024-08-12,136,PizzaHut,South,33267.16734805059,11.057440185263237,False,True
2024-08-12,136,PizzaHut,Midwest,102138.24636896457,11.057440185263237,False,True
2024-08-12,136,PizzaHut,West,40355.38778910926,11.057440185263237,False,True
2024-08-12,136,PizzaHut,Southwest,13691.902149827396,11.057440185263237,False,True
2024-08-19,137,McDonalds,Northeast,90716.79932164049,10.309824267031935,True,True
2024-08-19,137,McDonalds,South,110105.71933800675,10.309824267031935,False,True
2024-08-19,137,McDonalds,Midwest,55504.036197388414,10.309824267031935,False,True
2024-08-19,137,McDonalds,West,27357.72168309531,10.471194118926798,False,True
2024-08-19,137,McDonalds,Southwest,55245.41182017251,10.309824267031935,False,True
2024-08-19,137,BurgerKing,Northeast,17045.63481752977,14.7353013664426,False,True
2024-08-19,137,BurgerKing,South,109513.81855222,14.7353013664426,True,True
2024-08-19,137,BurgerKing,Midwest,33436.72575749257,14.7353013664426,True,True
2024-08-19,137,BurgerKing,West,100485.60136825376,14.7353013664426,False,True
2024-08-19,137,BurgerKing,Southwest,68752.3536228477,14.7353013664426,False,True
2024-08-19,137,Wendys,Northeast,59600.3507870014,14.310400957705244,True,True
2024-08-19,137,Wendys,South,10855.648546360366,14.310400957705244,False,True
2024-08-19,137,Wendys,Midwest,66986.33529447646,14.310400957705244,False,True
2024-08-19,137,Wendys,West,23569.997733526376,14.310400957705244,False,True
2024-08-19,137,Wendys,Southwest,33462.14374149217,14.310400957705244,False,True
2024-08-19,137,TacoBell,Northeast,152722.7251543627,9.892682647174594,True,True
2024-08-19,137,TacoBell,South,769.1392500242438,9.892682647174594,False,True
2024-08-19,137,TacoBell,Midwest,48227.2242448609,9.892682647174594,False,True
2024-08-19,137,TacoBell,West,15931.725571360592,9.892682647174594,False,True
2024-08-19,137,TacoBell,Southwest,16535.261521015054,10.556651172871636,False,True
2024-08-19,137,Subway,Northeast,35502.669160793885,13.108127324217056,False,True
2024-08-19,137,Subway,South,80936.83284349919,13.624792437784993,False,True
2024-08-19,137,Subway,Midwest,45962.20023649722,13.624792437784993,True,True
2024-08-19,137,Subway,West,121009.07288737562,13.624792437784993,False,True
2024-08-19,137,Subway,Southwest,58339.30594220974,13.624792437784993,False,True
2024-08-19,137,KFC,Northeast,61186.67688295937,14.969229412624541,False,True
2024-08-19,137,KFC,South,134626.97216010315,14.969229412624541,True,True
2024-08-19,137,KFC,Midwest,78875.05379744877,14.969229412624541,False,True
2024-08-19,137,KFC,West,62212.34153396847,14.969229412624541,False,True
2024-08-19,137,KFC,Southwest,47001.412151804936,14.969229412624541,False,True
2024-08-19,137,Dominos,Northeast,46890.86660937814,10.664972255027937,False,True
2024-08-19,137,Dominos,South,56744.6127643675,9.768641015198977,False,True
2024-08-19,137,Dominos,Midwest,25259.896444444887,9.768641015198977,False,True
2024-08-19,137,Dominos,West,39236.80635435084,9.768641015198977,False,True
2024-08-19,137,Dominos,Southwest,38591.96947961871,9.768641015198977,False,True
2024-08-19,137,PizzaHut,Northeast,93036.90993827839,11.057440185263237,False,True
2024-08-19,137,PizzaHut,South,35682.56120290173,11.057440185263237,False,True
2024-08-19,137,PizzaHut,Midwest,112889.17114955002,11.057440185263237,False,True
2024-08-19,137,PizzaHut,West,42738.422365146995,11.057440185263237,False,True
2024-08-19,137,PizzaHut,Southwest,11487.78940564392,11.057440185263237,False,True
2024-08-26,138,McDonalds,Northeast,63053.30355227899,10.309824267031935,False,True
2024-08-26,138,McDonalds,South,110468.8698694782,10.309824267031935,False,True
2024-08-26,138,McDonalds,Midwest,62522.68406798812,10.309824267031935,False,True
2024-08-26,138,McDonalds,West,29173.420115176137,11.506449724579856,True,True
2024-08-26,138,McDonalds,Southwest,60858.098821606116,9.960586174727098,False,True
2024-08-26,138,BurgerKing,Northeast,12378.928724329695,14.7353013664426,False,True
2024-08-26,138,BurgerKing,South,94908.91446902427,14.7353013664426,False,True
2024-08-26,138,BurgerKing,Midwest,27395.219091795643,13.166916543055112,False,True
2024-08-26,138,BurgerKing,West,89752.58011042036,14.7353013664426,False,True
2024-08-26,138,BurgerKing,Southwest,58307.79132345769,14.7353013664426,False,True
2024-08-26,138,Wendys,Northeast,75940.87671860548,14.310400957705244,True,True
2024-08-26,138,Wendys,South,9982.965701843432,14.310400957705244,False,True
2024-08-26,138,Wendys,Midwest,63805.61606368305,14.310400957705244,False,True
2024-08-26,138,Wendys,West,23848.55841259719,14.310400957705244,False,True
2024-08-26,138,Wendys,Southwest,32151.257772905574,14.310400957705244,False,True
2024-08-26,138,TacoBell,Northeast,183843.8657209293,9.892682647174594,False,True
2024-08-26,138,TacoBell,South,1013.851538355014,9.892682647174594,False,True
2024-08-26,138,TacoBell,Midwest,52926.75711467295,9.892682647174594,False,True
2024-08-26,138,TacoBell,West,29623.23626791066,8.059904583367578,False,True
2024-08-26,138,TacoBell,Southwest,16849.443485905595,10.015034625171308,False,True
2024-08-26,138,Subway,Northeast,35672.0172345414,13.624792437784993,False,True
2024-08-26,138,Subway,South,95307.74271602239,13.624792437784993,False,True
2024-08-26,138,Subway,Midwest,45970.55556640685,13.624792437784993,False,True
2024-08-26,138,Subway,West,104296.36764116844,13.624792437784993,False,True
2024-08-26,138,Subway,Southwest,55312.3557545905,13.624792437784993,False,True
2024-08-26,138,KFC,Northeast,67591.50058002477,14.969229412624541,True,True
2024-08-26,138,KFC,South,115537.38686275587,14.969229412624541,False,True
2024-08-26,138,KFC,Midwest,63515.183073136744,14.969229412624541,False,True
2024-08-26,138,KFC,West,68031.87316203126,14.969229412624541,False,True
2024-08-26,138,KFC,Southwest,45755.5816963686,14.718550677745856,False,True
2024-08-26,138,Dominos,Northeast,57536.057486285856,9.768641015198977,False,True
2024-08-26,138,Dominos,South,43644.1317374021,9.768641015198977,False,True
2024-08-26,138,Dominos,Midwest,19652.90331203972,9.768641015198977,False,True
2024-08-26,138,Dominos,West,42766.97440814877,9.768641015198977,False,True
2024-08-26,138,Dominos,Southwest,36832.764732776785,9.768641015198977,False,True
2024-08-26,138,PizzaHut,Northeast,85079.46137477811,11.057440185263237,False,True
2024-08-26,138,PizzaHut,South,35992.10885966206,11.057440185263237,False,True
2024-08-26,138,PizzaHut,Midwest,130536.06456832624,9.54971855989984,False,True
2024-08-26,138,PizzaHut,West,38986.26878526134,11.057440185263237,False,True
2024-08-26,138,PizzaHut,Southwest,13965.769486298736,11.057440185263237,True,True
2024-09-02,139,McDonalds,Northeast,75648.13105670385,10.309824267031935,False,False
2024-09-02,139,McDonalds,South,105770.57833331128,10.309824267031935,False,False
2024-09-02,139,McDonalds,Midwest,71779.47609717697,10.309824267031935,False,False
2024-09-02,139,McDonalds,West,27736.426201109065,10.309824267031935,False,False
2024-09-02,139,McDonalds,Southwest,57950.54619605131,10.309824267031935,False,False
2024-09-02,139,BurgerKing,Northeast,10555.448499554037,14.7353013664426,False,False
2024-09-02,139,BurgerKing,South,71677.38141173766,14.7353013664426,False,False
2024-09-02,139,BurgerKing,Midwest,19789.634101981697,14.7353013664426,False,False
2024-09-02,139,BurgerKing,West,93566.66307337444,14.7353013664426,True,False
2024-09-02,139,BurgerKing,Southwest,61301.090543420745,14.7353013664426,False,False
2024-09-02,139,Wendys,Northeast,53034.30056662866,14.310400957705244,False,False
2024-09-02,139,Wendys,South,10402.139478408286,14.310400957705244,False,False
2024-09-02,139,Wendys,Midwest,81474.18973062039,14.310400957705244,False,False
2024-09-02,139,Wendys,West,23301.865930474305,14.310400957705244,False,False
2024-09-02,139,Wendys,Southwest,28852.099976811227,14.310400957705244,False,False
2024-09-02,139,TacoBell,Northeast,130365.61805516662,9.892682647174594,False,False
2024-09-02,139,TacoBell,South,695.21022286923,9.892682647174594,False,False
2024-09-02,139,TacoBell,Midwest,51408.349797578,9.892682647174594,False,False
2024-09-02,139,TacoBell,West,14644.632686367078,9.892682647174594,False,False
2024-09-02,139,TacoBell,Southwest,24651.460303324566,9.892682647174594,False,False
2024-09-02,139,Subway,Northeast,33716.63847912749,13.624792437784993,False,False
2024-09-02,139,Subway,South,79222.81144537819,13.624792437784993,False,False
2024-09-02,139,Subway,Midwest,40831.95621555102,13.624792437784993,False,False
2024-09-02,139,Subway,West,117065.29339309798,13.624792437784993,False,False
2024-09-02,139,Subway,Southwest,64384.63103539294,13.624792437784993,True,False
2024-09-02,139,KFC,Northeast,54311.44672417261,14.969229412624541,False,False
2024-09-02,139,KFC,South,112630.69388120151,12.025322477066013,False,False
2024-09-02,139,KFC,Midwest,74147.61347515276,14.969229412624541,False,False
2024-09-02,139,KFC,West,54676.76880295387,14.969229412624541,False,False
2024-09-02,139,KFC,Southwest,44216.45579064153,14.969229412624541,False,False
2024-09-02,139,Dominos,Northeast,56273.00952599066,9.768641015198977,False,False
2024-09-02,139,Dominos,South,54456.09908639361,9.768641015198977,True,False
2024-09-02,139,Dominos,Midwest,21510.567910386144,9.768641015198977,False,False
2024-09-02,139,Dominos,West,42741.491952747696,9.768641015198977,True,False
2024-09-02,139,Dominos,Southwest,36714.0421859105,9.768641015198977,False,False
2024-09-02,139,PizzaHut,Northeast,90055.44328088783,11.057440185263237,False,False
2024-09-02,139,PizzaHut,South,30521.149892352325,11.057440185263237,False,False
2024-09-02,139,PizzaHut,Midwest,118672.28017137444,11.057440185263237,True,False
2024-09-02,139,PizzaHut,West,37025.127556173466,11.057440185263237,False,False
2024-09-02,139,PizzaHut,Southwest,5843.25901161576,11.057440185263237,False,False
2024-09-09,140,McDonalds,Northeast,70921.51682152975,10.309824267031935,False,False
2024-09-09,140,McDonalds,South,107905.94550509196,10.309824267031935,False,False
2024-09-09,140,McDonalds,Midwest,50900.89160746496,10.983332717372448,False,False
2024-09-09,140,McDonalds,West,26181.962812953258,10.309824267031935,False,False
2024-09-09,140,McDonalds,Southwest,56670.59003134687,10.309824267031935,False,False
2024-09-09,140,BurgerKing,Northeast,11943.16301661307,14.7353013664426,True,False
2024-09-09,140,BurgerKing,South,107272.60073573106,14.7353013664426,False,False
2024-09-09,140,BurgerKing,Midwest,21382.94755805034,14.7353013664426,True,False
2024-09-09,140,BurgerKing,West,82374.1812137329,14.7353013664426,False,False
2024-09-09,140,BurgerKing,Southwest,55162.418251774456,14.7353013664426,False,False
2024-09-09,140,Wendys,Northeast,55725.04384650401,14.310400957705244,False,False
2024-09-09,140,Wendys,South,6715.273099736972,14.310400957705244,False,False
2024-09-09,140,Wendys,Midwest,68935.41730814513,14.310400957705244,False,False
2024-09-09,140,Wendys,West,23112.549330484802,14.310400957705244,False,False
2024-09-09,140,Wendys,Southwest,23429.913753433386,14.310400957705244,False,False
2024-09-09,140,TacoBell,Northeast,157634.9542119995,9.892682647174594,False,False
2024-09-09,140,TacoBell,South,1081.8517904623009,9.892682647174594,True,False
2024-09-09,140,TacoBell,Midwest,53852.60280648861,9.892682647174594,False,False
2024-09-09,140,TacoBell,West,17239.75056713974,9.892682647174594,False,False
2024-09-09,140,TacoBell,Southwest,27704.03731037587,9.892682647174594,False,False
2024-09-09,140,Subway,Northeast,34701.09791795083,13.624792437784993,False,False
2024-09-09,140,Subway,South,75918.86231401472,13.624792437784993,False,False
2024-09-09,140,Subway,Midwest,37570.994762532,13.624792437784993,False,False
2024-09-09,140,Subway,West,108081.96619795893,13.624792437784993,False,False
2024-09-09,140,Subway,Southwest,57965.857249652516,13.624792437784993,False,False
2024-09-09,140,KFC,Northeast,51247.795513259145,14.969229412624541,False,False
2024-09-09,140,KFC,South,91953.23542681405,14.969229412624541,False,False
2024-09-09,140,KFC,Midwest,70988.54008226527,14.969229412624541,False,False
2024-09-09,140,KFC,West,57949.926019488375,14.49427834315885,True,False
2024-09-09,140,KFC,Southwest,39499.912512553405,14.969229412624541,False,False
2024-09-09,140,Dominos,Northeast,48678.20312604529,9.768641015198977,False,False
2024-09-09,140,Dominos,South,29490.53623491117,9.768641015198977,False,False
2024-09-09,140,Dominos,Midwest,17607.06163870082,9.768641015198977,False,False
2024-09-09,140,Dominos,West,36931.49589405933,9.768641015198977,False,False
2024-09-09,140,Dominos,Southwest,29890.720094764747,9.768641015198977,False,False
2024-09-09,140,PizzaHut,Northeast,93481.73853873785,11.057440185263237,False,False
2024-09-09,140,PizzaHut,South,31432.115004399784,11.057440185263237,False,False
2024-09-09,140,PizzaHut,Midwest,106890.89148751964,11.057440185263237,False,False
2024-09-09,140,PizzaHut,West,33742.69463640194,11.057440185263237,False,False
2024-09-09,140,PizzaHut,Southwest,3827.404352023742,11.057440185263237,False,False
2024-09-16,141,McDonalds,Northeast,73776.23068464728,10.309824267031935,False,False
2024-09-16,141,McDonalds,South,130416.2593458478,10.309824267031935,False,False
2024-09-16,141,McDonalds,Midwest,59092.81564834366,10.309824267031935,False,False
2024-09-16,141,McDonalds,West,35167.71887034603,10.309824267031935,True,False
2024-09-16,141,McDonalds,Southwest,52141.92111218009,10.309824267031935,False,False
2024-09-16,141,BurgerKing,Northeast,11965.465621869918,14.7353013664426,True,False
2024-09-16,141,BurgerKing,South,97773.51212814226,14.7353013664426,False,False
2024-09-16,141,BurgerKing,Midwest,25514.534248930267,14.7353013664426,True,False
2024-09-16,141,BurgerKing,West,93666.13134897532,14.7353013664426,False,False
2024-09-16,141,BurgerKing,Southwest,76129.8513113321,14.7353013664426,True,False
2024-09-16,141,Wendys,Northeast,48060.40369375683,14.310400957705244,False,False
2024-09-16,141,Wendys,South,6889.2021242215,14.310400957705244,False,False
2024-09-16,141,Wendys,Midwest,91596.93115528038,14.310400957705244,True,False
2024-09-16,141,Wendys,West,24976.661050268696,14.310400957705244,False,False
2024-09-16,141,Wendys,Southwest,27036.533918115187,14.310400957705244,False,False
2024-09-16,141,TacoBell,Northeast,140684.03811678916,9.892682647174594,False,False
2024-09-16,141,TacoBell,South,1365.2959117484415,9.892682647174594,False,False
2024-09-16,141,TacoBell,Midwest,53025.074521470604,9.892682647174594,False,False
2024-09-16,141,TacoBell,West,22631.89505230802,9.892682647174594,True,False
2024-09-16,141,TacoBell,Southwest,27364.341731433564,9.892682647174594,False,False
2024-09-16,141,Subway,Northeast,32723.873786940396,13.624792437784993,False,False
2024-09-16,141,Subway,South,74737.5255350187,13.624792437784993,False,False
2024-09-16,141,Subway,Midwest,43937.75480558515,13.624792437784993,False,False
2024-09-16,141,Subway,West,142598.25261226014,12.494659866035379,False,False
2024-09-16,141,Subway,Southwest,66336.63482759698,13.624792437784993,False,False
2024-09-16,141,KFC,Northeast,54768.80229562698,14.969229412624541,False,False
2024-09-16,141,KFC,South,111958.79603198747,14.969229412624541,False,False
2024-09-16,141,KFC,Midwest,75931.50047156672,14.969229412624541,False,False
2024-09-16,141,KFC,West,64675.955577552966,14.969229412624541,True,False
2024-09-16,141,KFC,Southwest,33256.25859287815,14.969229412624541,False,False
2024-09-16,141,Dominos,Northeast,45653.01520857338,9.768641015198977,False,False
2024-09-16,141,Dominos,South,29418.41891073188,9.768641015198977,False,False
2024-09-16,141,Dominos,Midwest,17171.39727384118,9.768641015198977,False,False
2024-09-16,141,Dominos,West,32290.417083571458,9.768641015198977,False,False
2024-09-16,141,Dominos,Southwest,35832.815813755136,9.768641015198977,True,False
2024-09-16,141,PizzaHut,Northeast,87556.09694707507,11.057440185263237,False,False
2024-09-16,141,PizzaHut,South,35417.664615644164,11.057440185263237,False,False
2024-09-16,141,PizzaHut,Midwest,92176.59257723087,11.057440185263237,False,False
2024-09-16,141,PizzaHut,West,34534.41314222037,11.057440185263237,False,False
2024-09-16,141,PizzaHut,Southwest,1866.5106568897647,11.057440185263237,False,False
2024-09-23,142,McDonalds,Northeast,68886.65197761262,10.309824267031935,False,False
2024-09-23,142,McDonalds,South,96291.61389502612,10.309824267031935,False,False
2024-09-23,142,McDonalds,Midwest,64990.64119115227,10.309824267031935,False,False
2024-09-23,142,McDonalds,West,35365.50787813742,10.309824267031935,False,False
2024-09-23,142,McDonalds,Southwest,55257.178303569126,10.309824267031935,False,False
2024-09-23,142,BurgerKing,Northeast,8674.894357920246,14.7353013664426,False,False
2024-09-23,142,BurgerKing,South,97628.73983901882,14.7353013664426,False,False
2024-09-23,142,BurgerKing,Midwest,18699.65249343127,14.7353013664426,False,False
2024-09-23,142,BurgerKing,West,86224.72437714731,14.7353013664426,False,False
2024-09-23,142,BurgerKing,Southwest,64996.1945942911,14.7353013664426,False,False
2024-09-23,142,Wendys,Northeast,66620.09233554661,14.310400957705244,True,False
2024-09-23,142,Wendys,South,9607.308037700253,14.310400957705244,False,False
2024-09-23,142,Wendys,Midwest,101130.63744946294,14.310400957705244,True,False
2024-09-23,142,Wendys,West,24147.860695989395,14.310400957705244,False,False
2024-09-23,142,Wendys,Southwest,23879.745389897947,14.310400957705244,False,False
2024-09-23,142,TacoBell,Northeast,138861.6981243966,9.892682647174594,False,False
2024-09-23,142,TacoBell,South,1260.7724628168585,9.892682647174594,False,False
2024-09-23,142,TacoBell,Midwest,41959.01615724033,9.892682647174594,False,False
2024-09-23,142,TacoBell,West,20005.91224604942,11.774696153774979,True,False
2024-09-23,142,TacoBell,Southwest,26965.62444304788,9.892682647174594,False,False
2024-09-23,142,Subway,Northeast,38574.71868150844,13.624792437784993,False,False
2024-09-23,142,Subway,South,78447.10347338575,13.624792437784993,False,False
2024-09-23,142,Subway,Midwest,38552.17978804523,13.624792437784993,False,False
2024-09-23,142,Subway,West,99598.45321460803,13.624792437784993,False,False
2024-09-23,142,Subway,Southwest,56168.03630164498,13.624792437784993,False,False
2024-09-23,142,KFC,Northeast,47826.3884819145,14.969229412624541,False,False
2024-09-23,142,KFC,South,95675.76077775282,14.969229412624541,False,False
2024-09-23,142,KFC,Midwest,78802.24894245077,14.969229412624541,False,False
2024-09-23,142,KFC,West,50634.522227431095,14.969229412624541,False,False
2024-09-23,142,KFC,Southwest,45310.54231075257,14.969229412624541,True,False
2024-09-23,142,Dominos,Northeast,50199.008271757084,9.768641015198977,False,False
2024-09-23,142,Dominos,South,35082.01986925075,9.768641015198977,False,False
2024-09-23,142,Dominos,Midwest,13307.554737053222,9.768641015198977,False,False
2024-09-23,142,Dominos,West,30366.134513255263,9.768641015198977,False,False
2024-09-23,142,Dominos,Southwest,28972.491716973836,9.768641015198977,False,False
2024-09-23,142,PizzaHut,Northeast,83080.16607417309,11.057440185263237,False,False
2024-09-23,142,PizzaHut,South,36235.027205135026,11.057440185263237,False,False
2024-09-23,142,PizzaHut,Midwest,106133.73898682767,11.057440185263237,False,False
2024-09-23,142,PizzaHut,West,34947.74746504612,11.057440185263237,False,False
2024-09-23,142,PizzaHut,Southwest,1726.83609001159,11.057440185263237,False,False
2024-09-30,143,McDonalds,Northeast,69752.28365810224,10.309824267031935,False,False
2024-09-30,143,McDonalds,South,101818.19488633613,10.309824267031935,False,False
2024-09-30,143,McDonalds,Midwest,60394.33073161772,10.309824267031935,False,False
2024-09-30,143,McDonalds,West,34553.4303688126,10.279432848471982,False,False
2024-09-30,143,McDonalds,Southwest,55225.08317318958,10.309824267031935,True,False
2024-09-30,143,BurgerKing,Northeast,7410.650933292924,14.7353013664426,False,False
2024-09-30,143,BurgerKing,South,93827.09658776272,14.7353013664426,False,False
2024-09-30,143,BurgerKing,Midwest,20570.408799986602,14.7353013664426,False,False
2024-09-30,143,BurgerKing,West,83512.60125645342,14.7353013664426,True,False
2024-09-30,143,BurgerKing,Southwest,51106.95489332346,14.7353013664426,False,False
2024-09-30,143,Wendys,Northeast,64631.390558645864,14.310400957705244,True,False
2024-09-30,143,Wendys,South,6474.2476054365325,14.310400957705244,False,False
2024-09-30,143,Wendys,Midwest,79990.22317759643,14.310400957705244,False,False
2024-09-30,143,Wendys,West,23642.023915760135,14.310400957705244,False,False
2024-09-30,143,Wendys,Southwest,32211.71453971072,14.310400957705244,True,False
2024-09-30,143,TacoBell,Northeast,169884.85307165122,9.892682647174594,False,False
2024-09-30,143,TacoBell,South,1980.932616735931,9.892682647174594,False,False
2024-09-30,143,TacoBell,Midwest,50672.76464743186,9.892682647174594,False,False
2024-09-30,143,TacoBell,West,23535.02541279744,9.892682647174594,False,False
2024-09-30,143,TacoBell,Southwest,34510.90316114597,9.892682647174594,False,False
2024-09-30,143,Subway,Northeast,32816.77748449954,13.624792437784993,False,False
2024-09-30,143,Subway,South,73637.37246464127,13.624792437784993,False,False
2024-09-30,143,Subway,Midwest,39471.12318166391,13.624792437784993,False,False
2024-09-30,143,Subway,West,91788.93797395361,13.624792437784993,False,False
2024-09-30,143,Subway,Southwest,67425.07946985056,13.624792437784993,True,False
2024-09-30,143,KFC,Northeast,50112.549078006385,14.969229412624541,False,False
2024-09-30,143,KFC,South,107601.02330795329,14.969229412624541,False,False
2024-09-30,143,KFC,Midwest,63841.87197337436,14.969229412624541,False,False
2024-09-30,143,KFC,West,52915.298654584076,14.969229412624541,False,False
2024-09-30,143,KFC,Southwest,40461.18593516833,14.969229412624541,False,False
2024-09-30,143,Dominos,Northeast,43122.56618305756,9.768641015198977,False,False
2024-09-30,143,Dominos,South,28161.743973141653,9.768641015198977,False,False
2024-09-30,143,Dominos,Midwest,12803.712008827219,9.768641015198977,False,False
2024-09-30,143,Dominos,West,27611.438472013324,9.768641015198977,False,False
2024-09-30,143,Dominos,Southwest,31840.417722268077,9.768641015198977,True,False
2024-09-30,143,PizzaHut,Northeast,73266.86343351545,11.057440185263237,False,False
2024-09-30,143,PizzaHut,South,34132.83294179045,11.057440185263237,False,False
2024-09-30,143,PizzaHut,Midwest,138428.57701372774,9.113303356442556,False,False
2024-09-30,143,PizzaHut,West,39357.474691516465,11.057440185263237,False,False
2024-09-30,143,PizzaHut,Southwest,1835.1723688134348,11.057440185263237,False,False
2024-10-07,144,McDonalds,Northeast,64606.67707290906,10.309824267031935,False,False
2024-10-07,144,McDonalds,South,89814.2482004254,10.309824267031935,False,False
2024-10-07,144,McDonalds,Midwest,49677.11600041763,10.309824267031935,False,False
2024-10-07,144,McDonalds,West,27299.062923073332,10.309824267031935,False,False
2024-10-07,144,McDonalds,Southwest,48390.1761838016,10.309824267031935,False,False
2024-10-07,144,BurgerKing,Northeast,8983.410812061658,14.7353013664426,True,False
2024-10-07,144,BurgerKing,South,84699.03052513425,14.7353013664426,False,False
2024-10-07,144,BurgerKing,Midwest,18276.72294178177,14.7353013664426,False,False
2024-10-07,144,BurgerKing,West,70844.39514047107,14.7353013664426,False,False
2024-10-07,144,BurgerKing,Southwest,58119.53806759008,14.7353013664426,False,False
2024-10-07,144,Wendys,Northeast,58194.51465328765,14.310400957705244,False,False
2024-10-07,144,Wendys,South,5754.190885198096,14.310400957705244,False,False
2024-10-07,144,Wendys,Midwest,70738.75414775586,14.310400957705244,False,False
2024-10-07,144,Wendys,West,25357.330720104328,14.310400957705244,False,False
2024-10-07,144,Wendys,Southwest,24097.086992244127,14.310400957705244,False,False
2024-10-07,144,TacoBell,Northeast,156952.09324060607,9.892682647174594,False,False
2024-10-07,144,TacoBell,South,3746.966333489769,9.892682647174594,False,False
2024-10-07,144,TacoBell,Midwest,43885.204606818246,9.892682647174594,False,False
2024-10-07,144,TacoBell,West,26103.75072553199,9.892682647174594,False,False
2024-10-07,144,TacoBell,Southwest,41610.59019061174,9.892682647174594,False,False
2024-10-07,144,Subway,Northeast,31758.38611408373,13.624792437784993,False,False
2024-10-07,144,Subway,South,89595.36526130464,13.624792437784993,False,False
2024-10-07,144,Subway,Midwest,44560.74939627466,13.624792437784993,False,False
2024-10-07,144,Subway,West,109161.43663737964,13.624792437784993,False,False
2024-10-07,144,Subway,Southwest,64280.87345795672,13.624792437784993,False,False
2024-10-07,144,KFC,Northeast,61631.411575586906,14.969229412624541,False,False
2024-10-07,144,KFC,South,93557.79060279277,14.969229412624541,False,False
2024-10-07,144,KFC,Midwest,67623.87210425035,14.969229412624541,False,False
2024-10-07,144,KFC,West,41960.62290699706,14.969229412624541,False,False
2024-10-07,144,KFC,Southwest,35909.82263913546,14.969229412624541,False,False
2024-10-07,144,Dominos,Northeast,37373.01437546585,9.768641015198977,False,False
2024-10-07,144,Dominos,South,24042.892023991164,9.768641015198977,False,False
2024-10-07,144,Dominos,Midwest,15728.199026829567,9.768641015198977,False,False
2024-10-07,144,Dominos,West,22915.431155796912,9.768641015198977,False,False
2024-10-07,144,Dominos,Southwest,21278.240364366477,9.768641015198977,False,False
2024-10-07,144,PizzaHut,Northeast,75932.55541985705,11.057440185263237,False,False
2024-10-07,144,PizzaHut,South,30064.009173711,11.057440185263237,False,False
2024-10-07,144,PizzaHut,Midwest,107309.74983703782,11.057440185263237,False,False
2024-10-07,144,PizzaHut,West,40166.18184889922,11.057440185263237,False,False
2024-10-07,144,PizzaHut,Southwest,1637.436007224883,11.057440185263237,False,False
2024-10-14,145,McDonalds,Northeast,65571.87964821258,10.309824267031935,False,False
2024-10-14,145,McDonalds,South,91312.94493133633,10.309824267031935,False,False
2024-10-14,145,McDonalds,Midwest,49566.30902610123,10.309824267031935,False,False
2024-10-14,145,McDonalds,West,31790.828411320294,10.309824267031935,False,False
2024-10-14,145,McDonalds,Southwest,59007.64982984724,10.309824267031935,False,False
2024-10-14,145,BurgerKing,Northeast,8897.792097895901,14.7353013664426,False,False
2024-10-14,145,BurgerKing,South,73303.59595400907,14.7353013664426,False,False
2024-10-14,145,BurgerKing,Midwest,17019.78950751199,14.7353013664426,False,False
2024-10-14,145,BurgerKing,West,79767.87403608646,14.7353013664426,False,False
2024-10-14,145,BurgerKing,Southwest,58317.125050278,14.7353013664426,False,False
2024-10-14,145,Wendys,Northeast,55842.07643831221,14.310400957705244,False,False
2024-10-14,145,Wendys,South,7715.979171649022,14.310400957705244,False,False
2024-10-14,145,Wendys,Midwest,65626.31215670693,14.310400957705244,False,False
2024-10-14,145,Wendys,West,32523.615407519457,14.310400957705244,True,False
2024-10-14,145,Wendys,Southwest,24823.46277048811,14.310400957705244,False,False
2024-10-14,145,TacoBell,Northeast,187504.21565555205,9.892682647174594,False,False
2024-10-14,145,TacoBell,South,4541.529187271254,10.3007323994407,False,False
2024-10-14,145,TacoBell,Midwest,49951.03994185542,9.892682647174594,False,False
2024-10-14,145,TacoBell,West,25330.51339655364,9.892682647174594,False,False
2024-10-14,145,TacoBell,Southwest,44832.973058930715,9.892682647174594,False,False
2024-10-14,145,Subway,Northeast,44176.61857435354,13.624792437784993,False,False
2024-10-14,145,Subway,South,90743.87406293879,13.898876376421924,False,False
2024-10-14,145,Subway,Midwest,39968.118772343885,13.624792437784993,False,False
2024-10-14,145,Subway,West,101216.5618894991,13.624792437784993,False,False
2024-10-14,145,Subway,Southwest,63607.56826704472,13.624792437784993,False,False
2024-10-14,145,KFC,Northeast,48234.73471560722,14.969229412624541,False,False
2024-10-14,145,KFC,South,85269.41035161886,14.969229412624541,False,False
2024-10-14,145,KFC,Midwest,73064.65759976642,14.969229412624541,False,False
2024-10-14,145,KFC,West,42337.681616171925,14.969229412624541,False,False
2024-10-14,145,KFC,Southwest,50573.94941607632,14.969229412624541,True,False
2024-10-14,145,Dominos,Northeast,33540.88426802782,9.768641015198977,False,False
2024-10-14,145,Dominos,South,24544.999875520272,9.768641015198977,False,False
2024-10-14,145,Dominos,Midwest,15095.1120702413,9.768641015198977,False,False
2024-10-14,145,Dominos,West,26577.898335471,9.523626142000623,False,False
2024-10-14,145,Dominos,Southwest,24682.218521846655,9.768641015198977,False,False
2024-10-14,145,PizzaHut,Northeast,63953.63370346164,11.057440185263237,False,False
2024-10-14,145,PizzaHut,South,31084.07628518968,11.057440185263237,False,False
2024-10-14,145,PizzaHut,Midwest,92615.56697954894,11.057440185263237,False,False
2024-10-14,145,PizzaHut,West,32598.96346081728,11.057440185263237,False,False
2024-10-14,145,PizzaHut,Southwest,1620.137868257799,11.057440185263237,False,False
2024-10-21,146,McDonalds,Northeast,82272.50637693027,10.309824267031935,False,False
2024-10-21,146,McDonalds,South,100534.63436189617,10.309824267031935,False,False
2024-10-21,146,McDonalds,Midwest,57616.64327539933,10.309824267031935,False,False
2024-10-21,146,McDonalds,West,30318.215984847175,10.309824267031935,False,False
2024-10-21,146,McDonalds,Southwest,52630.245614201216,10.309824267031935,False,False
2024-10-21,146,BurgerKing,Northeast,9799.056603025778,14.7353013664426,False,False
2024-10-21,146,BurgerKing,South,81539.31342908402,14.7353013664426,False,False
2024-10-21,146,BurgerKing,Midwest,17569.74122423905,14.7353013664426,False,False
2024-10-21,146,BurgerKing,West,66681.82273516683,14.7353013664426,False,False
2024-10-21,146,BurgerKing,Southwest,52266.39111914603,14.7353013664426,True,False
2024-10-21,146,Wendys,Northeast,62583.122530886,14.310400957705244,False,False
2024-10-21,146,Wendys,South,9871.315657073961,14.310400957705244,True,False
2024-10-21,146,Wendys,Midwest,63373.09743751196,14.310400957705244,False,False
2024-10-21,146,Wendys,West,27247.805116541807,14.310400957705244,False,False
2024-10-21,146,Wendys,Southwest,28776.828133254166,14.310400957705244,False,False
2024-10-21,146,TacoBell,Northeast,178987.48043419007,9.892682647174594,False,False
2024-10-21,146,TacoBell,South,9904.89416792761,9.892682647174594,True,False
2024-10-21,146,TacoBell,Midwest,51676.7195438441,9.892682647174594,False,False
2024-10-21,146,TacoBell,West,28367.202957339836,9.892682647174594,False,False
2024-10-21,146,TacoBell,Southwest,40659.759117072266,9.892682647174594,False,False
2024-10-21,146,Subway,Northeast,41544.65156631034,13.624792437784993,False,False
2024-10-21,146,Subway,South,76150.48690307298,13.624792437784993,False,False
2024-10-21,146,Subway,Midwest,38396.739085833324,13.624792437784993,False,False
2024-10-21,146,Subway,West,107805.03577673419,13.624792437784993,False,False
2024-10-21,146,Subway,Southwest,59409.090095735475,13.624792437784993,False,False
2024-10-21,146,KFC,Northeast,38302.870407347604,14.969229412624541,False,False
2024-10-21,146,KFC,South,93708.26435788668,14.969229412624541,False,False
2024-10-21,146,KFC,Midwest,71183.62829586446,14.969229412624541,False,False
2024-10-21,146,KFC,West,36127.23076775479,14.969229412624541,False,False
2024-10-21,146,KFC,Southwest,34210.86954087022,14.969229412624541,False,False
2024-10-21,146,Dominos,Northeast,37030.50837889632,9.768641015198977,False,False
2024-10-21,146,Dominos,South,34590.7441882755,9.768641015198977,True,False
2024-10-21,146,Dominos,Midwest,13124.577452134447,9.768641015198977,False,False
2024-10-21,146,Dominos,West,35350.58532804197,9.768641015198977,True,False
2024-10-21,146,Dominos,Southwest,24282.90392159068,9.768641015198977,False,False
2024-10-21,146,PizzaHut,Northeast,75365.93508607942,11.057440185263237,False,False
2024-10-21,146,PizzaHut,South,34530.68158594756,11.057440185263237,False,False
2024-10-21,146,PizzaHut,Midwest,114266.42796345887,11.057440185263237,False,False
2024-10-21,146,PizzaHut,West,40420.926041075756,11.057440185263237,False,False
2024-10-21,146,PizzaHut,Southwest,1599.4578312100255,11.057440185263237,False,False
2024-10-28,147,McDonalds,Northeast,79127.20873762156,10.309824267031935,False,False
2024-10-28,147,McDonalds,South,98022.42358005724,10.309824267031935,True,False
2024-10-28,147,McDonalds,Midwest,56331.76688581834,10.309824267031935,False,False
2024-10-28,147,McDonalds,West,31606.813354906826,10.309824267031935,False,False
2024-10-28,147,McDonalds,Southwest,43923.69377565731,10.309824267031935,False,False
2024-10-28,147,BurgerKing,Northeast,7827.823152855936,14.7353013664426,False,False
2024-10-28,147,BurgerKing,South,83054.23669775634,14.7353013664426,False,False
2024-10-28,147,BurgerKing,Midwest,17251.512684430963,14.7353013664426,False,False
2024-10-28,147,BurgerKing,West,77340.95224633648,14.7353013664426,False,False
2024-10-28,147,BurgerKing,Southwest,68956.4856232912,14.7353013664426,False,False
2024-10-28,147,Wendys,Northeast,55223.0456987716,14.310400957705244,False,False
2024-10-28,147,Wendys,South,7201.864311635845,14.310400957705244,False,False
2024-10-28,147,Wendys,Midwest,82142.11420853772,14.310400957705244,False,False
2024-10-28,147,Wendys,West,32118.247206311647,14.310400957705244,True,False
2024-10-28,147,Wendys,Southwest,28532.69916798639,14.310400957705244,False,False
2024-10-28,147,TacoBell,Northeast,174675.84336725908,9.892682647174594,False,False
2024-10-28,147,TacoBell,South,9431.69150736422,9.892682647174594,True,False
2024-10-28,147,TacoBell,Midwest,55208.055546585776,9.892682647174594,False,False
2024-10-28,147,TacoBell,West,25857.50668954952,9.892682647174594,False,False
2024-10-28,147,TacoBell,Southwest,45445.421934322956,9.892682647174594,False,False
2024-10-28,147,Subway,Northeast,46886.93039473176,13.624792437784993,False,False
2024-10-28,147,Subway,South,74776.41035397028,13.624792437784993,False,False
2024-10-28,147,Subway,Midwest,41675.10624268547,13.624792437784993,False,False
2024-10-28,147,Subway,West,90496.0761470779,13.624792437784993,False,False
2024-10-28,147,Subway,Southwest,55032.41258206066,13.624792437784993,False,False
2024-10-28,147,KFC,Northeast,52964.484573528964,14.969229412624541,False,False
2024-10-28,147,KFC,South,87869.0647077536,14.969229412624541,False,False
2024-10-28,147,KFC,Midwest,79266.34385912538,14.969229412624541,False,False
2024-10-28,147,KFC,West,36423.88895076558,14.969229412624541,False,False
2024-10-28,147,KFC,Southwest,37124.812953995446,14.969229412624541,False,False
2024-10-28,147,Dominos,Northeast,30455.16322449067,9.768641015198977,False,False
2024-10-28,147,Dominos,South,23899.295999247188,9.768641015198977,False,False
2024-10-28,147,Dominos,Midwest,14315.019297538887,9.768641015198977,False,False
2024-10-28,147,Dominos,West,20824.593595576865,9.768641015198977,False,False
2024-10-28,147,Dominos,Southwest,26822.976352042704,9.768641015198977,False,False
2024-10-28,147,PizzaHut,Northeast,70217.87704597496,11.057440185263237,False,False
2024-10-28,147,PizzaHut,South,34241.333342561804,11.057440185263237,False,False
2024-10-28,147,PizzaHut,Midwest,157274.18233177142,11.057440185263237,False,False
2024-10-28,147,PizzaHut,West,38351.872880133706,11.258863571049421,False,False
2024-10-28,147,PizzaHut,Southwest,1701.0719324350966,11.057440185263237,False,False
2024-11-04,148,McDonalds,Northeast,70670.55970918846,10.309824267031935,False,False
2024-11-04,148,McDonalds,South,82988.07879760533,10.309824267031935,False,False
2024-11-04,148,McDonalds,Midwest,51815.29275369352,10.309824267031935,False,False
2024-11-04,148,McDonalds,West,24869.645238116467,10.309824267031935,False,False
2024-11-04,148,McDonalds,Southwest,46899.01662180846,10.309824267031935,False,False
2024-11-04,148,BurgerKing,Northeast,7651.315999377714,15.847020505654092,False,False
2024-11-04,148,BurgerKing,South,85272.92438908792,14.7353013664426,False,False
2024-11-04,148,BurgerKing,Midwest,19573.101029386402,14.7353013664426,False,False
2024-11-04,148,BurgerKing,West,76037.17038824917,14.7353013664426,False,False
2024-11-04,148,BurgerKing,Southwest,46633.73464531728,14.7353013664426,False,False
2024-11-04,148,Wendys,Northeast,54947.281159361664,14.310400957705244,False,False
2024-11-04,148,Wendys,South,7433.585041340905,14.310400957705244,False,False
2024-11-04,148,Wendys,Midwest,65793.54417251392,14.310400957705244,False,False
2024-11-04,148,Wendys,West,24985.67171826564,13.774540960709238,False,False
2024-11-04,148,Wendys,Southwest,24035.043813150653,14.310400957705244,False,False
2024-11-04,148,TacoBell,Northeast,171424.78490425865,9.892682647174594,False,False
2024-11-04,148,TacoBell,South,8411.591326031155,9.892682647174594,False,False
2024-11-04,148,TacoBell,Midwest,58238.458206063304,9.892682647174594,False,False
2024-11-04,148,TacoBell,West,26484.33765866443,9.892682647174594,False,False
2024-11-04,148,TacoBell,Southwest,41506.34408410695,9.892682647174594,False,False
2024-11-04,148,Subway,Northeast,33893.94713637458,13.624792437784993,False,False
2024-11-04,148,Subway,South,77663.71848899225,13.624792437784993,False,False
2024-11-04,148,Subway,Midwest,46367.920688452235,13.624792437784993,False,False
2024-11-04,148,Subway,West,106105.99529019563,13.624792437784993,False,False
2024-11-04,148,Subway,Southwest,66459.02838009052,13.624792437784993,False,False
2024-11-04,148,KFC,Northeast,52131.16772285168,12.079191790850814,False,False
2024-11-04,148,KFC,South,86800.23905437448,14.969229412624541,False,False
2024-11-04,148,KFC,Midwest,72691.87182190198,14.969229412624541,False,False
2024-11-04,148,KFC,West,39881.56476208753,14.969229412624541,False,False
2024-11-04,148,KFC,Southwest,28162.405862036365,14.969229412624541,False,False
2024-11-04,148,Dominos,Northeast,31855.575992044152,9.768641015198977,False,False
2024-11-04,148,Dominos,South,23248.127290488,9.768641015198977,False,False
2024-11-04,148,Dominos,Midwest,13755.971318338914,9.768641015198977,False,False
2024-11-04,148,Dominos,West,20926.721693328607,9.768641015198977,False,False
2024-11-04,148,Dominos,Southwest,23880.581172727074,9.768641015198977,True,False
2024-11-04,148,PizzaHut,Northeast,81508.93064995499,11.057440185263237,False,False
2024-11-04,148,PizzaHut,South,38273.98756383109,11.057440185263237,False,False
2024-11-04,148,PizzaHut,Midwest,103683.27106240428,11.057440185263237,False,False
2024-11-04,148,PizzaHut,West,38352.93045147841,11.54513313235557,False,False
2024-11-04,148,PizzaHut,Southwest,2070.140523371347,11.057440185263237,False,False
2024-11-11,149,McDonalds,Northeast,75386.51280935203,10.309824267031935,False,False
2024-11-11,149,McDonalds,South,91959.2219493384,10.309824267031935,False,False
2024-11-11,149,McDonalds,Midwest,56963.12150000244,10.309824267031935,False,False
2024-11-11,149,McDonalds,West,25648.77708973804,10.309824267031935,False,False
2024-11-11,149,McDonalds,Southwest,50218.40256301149,10.309824267031935,False,False
2024-11-11,149,BurgerKing,Northeast,10243.62200886461,14.7353013664426,True,False
2024-11-11,149,BurgerKing,South,74679.53667594654,14.7353013664426,False,False
2024-11-11,149,BurgerKing,Midwest,19814.35181728489,14.7353013664426,False,False
2024-11-11,149,BurgerKing,West,71866.64128812595,14.7353013664426,False,False
2024-11-11,149,BurgerKing,Southwest,54602.873817457534,14.7353013664426,False,False
2024-11-11,149,Wendys,Northeast,50173.055779124996,14.310400957705244,False,False
2024-11-11,149,Wendys,South,8165.030375977775,14.310400957705244,False,False
2024-11-11,149,Wendys,Midwest,64966.45149845582,14.310400957705244,False,False
2024-11-11,149,Wendys,West,23532.350484655526,14.310400957705244,False,False
2024-11-11,149,Wendys,Southwest,26379.47722319453,14.310400957705244,False,False
2024-11-11,149,TacoBell,Northeast,189877.83763923706,9.892682647174594,False,False
2024-11-11,149,TacoBell,South,11887.115182707043,9.892682647174594,False,False
2024-11-11,149,TacoBell,Midwest,68602.00803100737,9.892682647174594,False,False
2024-11-11,149,TacoBell,West,25632.587460205224,9.892682647174594,False,False
2024-11-11,149,TacoBell,Southwest,58682.45233434813,9.892682647174594,False,False
2024-11-11,149,Subway,Northeast,41908.08124292332,13.624792437784993,False,False
2024-11-11,149,Subway,South,71854.23262116252,14.337662685566773,False,False
2024-11-11,149,Subway,Midwest,42666.02112582953,13.624792437784993,False,False
2024-11-11,149,Subway,West,125546.9274388721,13.624792437784993,False,False
2024-11-11,149,Subway,Southwest,55450.60141175703,13.624792437784993,False,False
2024-11-11,149,KFC,Northeast,38003.55092548981,14.969229412624541,False,False
2024-11-11,149,KFC,South,102761.6666765056,14.969229412624541,False,False
2024-11-11,149,KFC,Midwest,72106.82718499111,14.969229412624541,False,False
2024-11-11,149,KFC,West,45007.674536496495,14.969229412624541,False,False
2024-11-11,149,KFC,Southwest,30332.939489785113,16.452384938223197,False,False
2024-11-11,149,Dominos,Northeast,29940.113450060802,9.768641015198977,False,False
2024-11-11,149,Dominos,South,22102.983638098285,9.768641015198977,False,False
2024-11-11,149,Dominos,Midwest,13071.784636090973,9.768641015198977,False,False
2024-11-11,149,Dominos,West,20145.26734141909,9.768641015198977,False,False
2024-11-11,149,Dominos,Southwest,24536.157698880295,9.768641015198977,False,False
2024-11-11,149,PizzaHut,Northeast,78089.09328293937,9.61685740107204,False,False
2024-11-11,149,PizzaHut,South,48374.04445316739,11.057440185263237,False,False
2024-11-11,149,PizzaHut,Midwest,125167.4438958392,11.057440185263237,False,False
2024-11-11,149,PizzaHut,West,36476.729025906054,11.057440185263237,False,False
2024-11-11,149,PizzaHut,Southwest,1821.1936980556277,11.057440185263237,False,False
2024-11-18,150,McDonalds,Northeast,66975.39956816463,10.309824267031935,False,False
2024-11-18,150,McDonalds,South,97630.82897334947,10.309824267031935,False,False
2024-11-18,150,McDonalds,Midwest,58531.82297145715,10.309824267031935,False,False
2024-11-18,150,McDonalds,West,24793.097507621755,10.309824267031935,False,False
2024-11-18,150,McDonalds,Southwest,47297.77296679665,10.309824267031935,False,False
2024-11-18,150,BurgerKing,Northeast,11943.970388937614,14.7353013664426,False,False
2024-11-18,150,BurgerKing,South,92815.78286466621,14.7353013664426,False,False
2024-11-18,150,BurgerKing,Midwest,20410.22491375284,14.7353013664426,False,False
2024-11-18,150,BurgerKing,West,102666.19044780692,14.7353013664426,True,False
2024-11-18,150,BurgerKing,Southwest,63345.824279657594,14.7353013664426,False,False
2024-11-18,150,Wendys,Northeast,68253.6304030828,14.310400957705244,True,False
2024-11-18,150,Wendys,South,10115.238888014292,15.2106434093918,False,False
2024-11-18,150,Wendys,Midwest,94875.67049864345,14.310400957705244,True,False
2024-11-18,150,Wendys,West,25772.50612477692,14.310400957705244,False,False
2024-11-18,150,Wendys,Southwest,32186.860538706453,14.310400957705244,False,False
2024-11-18,150,TacoBell,Northeast,157638.0876083442,9.892682647174594,False,False
2024-11-18,150,TacoBell,South,14843.958900245463,9.892682647174594,True,False
2024-11-18,150,TacoBell,Midwest,50949.988230460105,9.892682647174594,False,False
2024-11-18,150,TacoBell,West,34618.3431794299,9.892682647174594,False,False
2024-11-18,150,TacoBell,Southwest,46043.63232916525,9.892682647174594,False,False
2024-11-18,150,Subway,Northeast,40768.19768298083,13.624792437784993,False,False
2024-11-18,150,Subway,South,66100.46439989796,13.624792437784993,False,False
2024-11-18,150,Subway,Midwest,47165.73522908189,13.624792437784993,False,False
2024-11-18,150,Subway,West,99325.42858830851,13.624792437784993,False,False
2024-11-18,150,Subway,Southwest,59124.850844593886,13.624792437784993,False,False
2024-11-18,150,KFC,Northeast,39955.58247362742,14.969229412624541,False,False
2024-11-18,150,KFC,South,86854.17870785587,14.969229412624541,False,False
2024-11-18,150,KFC,Midwest,58918.67411354818,14.969229412624541,False,False
2024-11-18,150,KFC,West,35962.15517633262,14.969229412624541,False,False
2024-11-18,150,KFC,Southwest,30743.61065964336,14.969229412624541,False,False
2024-11-18,150,Dominos,Northeast,30607.852010482366,9.224708667247286,False,False
2024-11-18,150,Dominos,South,21011.488327807514,9.768641015198977,False,False
2024-11-18,150,Dominos,Midwest,14290.151584995958,8.510739154684613,False,False
2024-11-18,150,Dominos,West,23235.327492811582,9.768641015198977,False,False
2024-11-18,150,Dominos,Southwest,15199.286987972615,9.768641015198977,False,False
2024-11-18,150,PizzaHut,Northeast,75856.38465880654,11.057440185263237,False,False
2024-11-18,150,PizzaHut,South,37411.7864273916,11.057440185263237,False,False
2024-11-18,150,PizzaHut,Midwest,77406.798411521,13.409909785338481,False,False
2024-11-18,150,PizzaHut,West,42297.16514594406,11.057440185263237,False,False
2024-11-18,150,PizzaHut,Southwest,2174.8684296498104,11.057440185263237,False,False
2024-11-25,151,McDonalds,Northeast,81839.11514546584,10.309824267031935,False,True
2024-11-25,151,McDonalds,South,102231.08372571411,10.309824267031935,False,True
2024-11-25,151,McDonalds,Midwest,54666.983458979565,10.309824267031935,False,True
2024-11-25,151,McDonalds,West,23448.228964577465,10.309824267031935,False,True
2024-11-25,151,McDonalds,Southwest,58725.37125380148,10.309824267031935,False,True
2024-11-25,151,BurgerKing,Northeast,14304.569230209536,14.7353013664426,False,True
2024-11-25,151,BurgerKing,South,102337.65184507087,14.7353013664426,False,True
2024-11-25,151,BurgerKing,Midwest,22793.483446290506,14.7353013664426,False,True
2024-11-25,151,BurgerKing,West,92351.33503612032,14.7353013664426,False,True
2024-11-25,151,BurgerKing,Southwest,67453.42163438055,14.7353013664426,False,True
2024-11-25,151,Wendys,Northeast,68757.26811094757,14.310400957705244,False,True
2024-11-25,151,Wendys,South,11721.159379745523,15.176914225069831,False,True
2024-11-25,151,Wendys,Midwest,97202.69223200344,14.310400957705244,False,True
2024-11-25,151,Wendys,West,31324.472376739173,14.310400957705244,False,True
2024-11-25,151,Wendys,Southwest,37263.018588540086,14.310400957705244,False,True
2024-11-25,151,TacoBell,Northeast,211446.68161172952,9.892682647174594,False,True
2024-11-25,151,TacoBell,South,18621.296812666667,9.892682647174594,False,True
2024-11-25,151,TacoBell,Midwest,76662.2068812245,9.892682647174594,False,True
2024-11-25,151,TacoBell,West,32846.78999567534,9.892682647174594,False,True
2024-11-25,151,TacoBell,Southwest,60883.86917670432,9.892682647174594,False,True
2024-11-25,151,Subway,Northeast,60041.12228427522,13.624792437784993,True,True
2024-11-25,151,Subway,South,98557.83174020296,13.624792437784993,False,True
2024-11-25,151,Subway,Midwest,58581.053715379705,13.624792437784993,False,True
2024-11-25,151,Subway,West,106788.57349799195,13.624792437784993,False,True
2024-11-25,151,Subway,Southwest,67861.57450126932,13.624792437784993,False,True
2024-11-25,151,KFC,Northeast,56735.42614642725,14.969229412624541,True,True
2024-11-25,151,KFC,South,122048.81865888144,14.969229412624541,True,True
2024-11-25,151,KFC,Midwest,81005.22411887438,14.969229412624541,False,True
2024-11-25,151,KFC,West,37014.15555074663,14.969229412624541,False,True
2024-11-25,151,KFC,Southwest,40628.87238482932,14.969229412624541,False,True
2024-11-25,151,Dominos,Northeast,37823.38222652967,9.768641015198977,False,True
2024-11-25,151,Dominos,South,21914.124995537226,9.768641015198977,False,True
2024-11-25,151,Dominos,Midwest,17634.838334312586,9.768641015198977,False,True
2024-11-25,151,Dominos,West,24920.822873279925,9.768641015198977,False,True
2024-11-25,151,Dominos,Southwest,24387.716856810566,9.768641015198977,False,True
2024-11-25,151,PizzaHut,Northeast,121434.36307567763,9.814713532453268,True,True
2024-11-25,151,PizzaHut,South,44482.02873429158,11.057440185263237,False,True
2024-11-25,151,PizzaHut,Midwest,139465.86872189527,11.057440185263237,True,True
2024-11-25,151,PizzaHut,West,48229.296341087356,11.057440185263237,False,True
2024-11-25,151,PizzaHut,Southwest,2310.3085014035655,11.057440185263237,False,True
2024-12-02,152,McDonalds,Northeast,63499.49410993994,10.309824267031935,False,False
2024-12-02,152,McDonalds,South,67780.81274380271,10.309824267031935,False,False
2024-12-02,152,McDonalds,Midwest,50462.9222362723,10.309824267031935,False,False
2024-12-02,152,McDonalds,West,21175.659093623242,10.309824267031935,False,False
2024-12-02,152,McDonalds,Southwest,56601.77665729342,10.309824267031935,False,False
2024-12-02,152,BurgerKing,Northeast,11917.96759658706,14.7353013664426,False,False
2024-12-02,152,BurgerKing,South,81361.05045598756,14.7353013664426,False,False
2024-12-02,152,BurgerKing,Midwest,22908.542265664917,13.35837519212359,False,False
2024-12-02,152,BurgerKing,West,74646.85215696742,14.7353013664426,False,False
2024-12-02,152,BurgerKing,Southwest,68094.73469253471,14.7353013664426,False,False
2024-12-02,152,Wendys,Northeast,60031.867143114934,14.310400957705244,False,False
2024-12-02,152,Wendys,South,10219.68841438028,14.310400957705244,False,False
2024-12-02,152,Wendys,Midwest,91980.84898887694,14.310400957705244,False,False
2024-12-02,152,Wendys,West,31290.828668114147,14.310400957705244,False,False
2024-12-02,152,Wendys,Southwest,37869.75487998368,14.310400957705244,True,False
2024-12-02,152,TacoBell,Northeast,182928.3471105036,9.892682647174594,False,False
2024-12-02,152,TacoBell,South,21589.698298260366,9.892682647174594,True,False
2024-12-02,152,TacoBell,Midwest,71449.99724837628,9.892682647174594,True,False
2024-12-02,152,TacoBell,West,26645.859837655353,9.892682647174594,False,False
2024-12-02,152,TacoBell,Southwest,47222.38441237993,9.892682647174594,False,False
2024-12-02,152,Subway,Northeast,38447.98908736044,13.624792437784993,False,False
2024-12-02,152,Subway,South,71193.5603230958,13.624792437784993,False,False
2024-12-02,152,Subway,Midwest,47721.326508033315,13.624792437784993,False,False
2024-12-02,152,Subway,West,125858.4869967972,11.811965718433028,False,False
2024-12-02,152,Subway,Southwest,57928.61041313613,13.624792437784993,False,False
2024-12-02,152,KFC,Northeast,37750.49710332211,14.969229412624541,False,False
2024-12-02,152,KFC,South,80257.38193007301,14.969229412624541,False,False
2024-12-02,152,KFC,Midwest,56323.78624266535,14.969229412624541,False,False
2024-12-02,152,KFC,West,30744.226303160798,14.969229412624541,False,False
2024-12-02,152,KFC,Southwest,36548.76201940419,14.969229412624541,False,False
2024-12-02,152,Dominos,Northeast,31087.40971367744,9.768641015198977,False,False
2024-12-02,152,Dominos,South,24134.277706518216,9.768641015198977,True,False
2024-12-02,152,Dominos,Midwest,12091.119049763733,9.768641015198977,False,False
2024-12-02,152,Dominos,West,20507.569653845047,9.768641015198977,False,False
2024-12-02,152,Dominos,Southwest,15965.305019470274,9.768641015198977,False,False
2024-12-02,152,PizzaHut,Northeast,92478.63168650543,11.057440185263237,True,False
2024-12-02,152,PizzaHut,South,56440.65436791327,11.057440185263237,True,False
2024-12-02,152,PizzaHut,Midwest,120197.2113574597,11.057440185263237,True,False
2024-12-02,152,PizzaHut,West,44988.33376721922,11.057440185263237,False,False
2024-12-02,152,PizzaHut,Southwest,1912.7991848926135,11.057440185263237,False,False
2024-12-09,153,McDonalds,Northeast,61446.41849710958,10.309824267031935,False,False
2024-12-09,153,McDonalds,South,85483.02582629304,10.309824267031935,False,False
2024-12-09,153,McDonalds,Midwest,51220.67797913047,10.309824267031935,False,False
2024-12-09,153,McDonalds,West,14209.641789428952,10.309824267031935,False,False
2024-12-09,153,McDonalds,Southwest,47403.20693747761,10.309824267031935,False,False
2024-12-09,153,BurgerKing,Northeast,11862.871380940676,14.7353013664426,False,False
2024-12-09,153,BurgerKing,South,92419.69178699727,14.7353013664426,True,False
2024-12-09,153,BurgerKing,Midwest,22073.786693903938,14.7353013664426,True,False
2024-12-09,153,BurgerKing,West,81080.13658230827,14.7353013664426,False,False
2024-12-09,153,BurgerKing,Southwest,53718.79727469971,14.7353013664426,False,False
2024-12-09,153,Wendys,Northeast,61447.30343530899,14.310400957705244,False,False
2024-12-09,153,Wendys,South,12696.296684582057,14.310400957705244,True,False
2024-12-09,153,Wendys,Midwest,78592.18614628361,14.310400957705244,False,False
2024-12-09,153,Wendys,West,29350.13276879789,14.310400957705244,False,False
2024-12-09,153,Wendys,Southwest,33120.33323366819,14.310400957705244,False,False
2024-12-09,153,TacoBell,Northeast,174808.16767452878,9.892682647174594,False,False
2024-12-09,153,TacoBell,South,20027.273507908296,9.892682647174594,True,False
2024-12-09,153,TacoBell,Midwest,61496.41363400064,9.892682647174594,False,False
2024-12-09,153,TacoBell,West,31006.148234672113,9.892682647174594,False,False
2024-12-09,153,TacoBell,Southwest,42527.887289805745,9.892682647174594,False,False
2024-12-09,153,Subway,Northeast,28483.611431307476,13.624792437784993,False,False
2024-12-09,153,Subway,South,68115.0101664074,13.624792437784993,False,False
2024-12-09,153,Subway,Midwest,38948.238146250056,13.624792437784993,False,False
2024-12-09,153,Subway,West,86286.94404009801,13.624792437784993,False,False
2024-12-09,153,Subway,Southwest,57620.30853283656,13.624792437784993,False,False
2024-12-09,153,KFC,Northeast,42110.452035513175,14.969229412624541,False,False
2024-12-09,153,KFC,South,88905.45774007909,14.969229412624541,True,False
2024-12-09,153,KFC,Midwest,55849.15977138873,14.969229412624541,False,False
2024-12-09,153,KFC,West,40156.60156931914,15.62469027173903,False,False
2024-12-09,153,KFC,Southwest,32872.66660956078,14.969229412624541,False,False
2024-12-09,153,Dominos,Northeast,28889.87487811602,9.768641015198977,False,False
2024-12-09,153,Dominos,South,20474.96190776432,9.768641015198977,False,False
2024-12-09,153,Dominos,Midwest,17173.329668257582,9.768641015198977,True,False
2024-12-09,153,Dominos,West,22673.831850788923,9.768641015198977,False,False
2024-12-09,153,Dominos,Southwest,14543.46726397584,9.768641015198977,False,False
2024-12-09,153,PizzaHut,Northeast,81885.31812484431,11.057440185263237,False,False
2024-12-09,153,PizzaHut,South,42117.99928404913,11.057440185263237,False,False
2024-12-09,153,PizzaHut,Midwest,114598.52058476582,11.057440185263237,False,False
2024-12-09,153,PizzaHut,West,48249.18490590716,11.057440185263237,False,False
2024-12-09,153,PizzaHut,Southwest,1551.0441567981202,11.057440185263237,False,False
2024-12-16,154,McDonalds,Northeast,63458.5701867995,10.309824267031935,False,False
2024-12-16,154,McDonalds,South,81262.89975543733,10.309824267031935,False,False
2024-12-16,154,McDonalds,Midwest,54120.44036605778,10.309824267031935,False,False
2024-12-16,154,McDonalds,West,17928.671992372147,10.309824267031935,False,False
2024-12-16,154,McDonalds,Southwest,48096.49536208619,10.309824267031935,False,False
2024-12-16,154,BurgerKing,Northeast,13633.897588284708,14.7353013664426,False,False
2024-12-16,154,BurgerKing,South,78149.1647630326,14.7353013664426,False,False
2024-12-16,154,BurgerKing,Midwest,19193.29192458648,14.7353013664426,False,False
2024-12-16,154,BurgerKing,West,92266.47410736351,14.7353013664426,False,False
2024-12-16,154,BurgerKing,Southwest,59181.36401070805,14.7353013664426,False,False
2024-12-16,154,Wendys,Northeast,52923.13657460359,14.310400957705244,False,False
2024-12-16,154,Wendys,South,10373.599149640626,14.310400957705244,False,False
2024-12-16,154,Wendys,Midwest,76893.01787689638,14.310400957705244,False,False
2024-12-16,154,Wendys,West,30247.47124761651,14.310400957705244,False,False
2024-12-16,154,Wendys,Southwest,37090.72822005498,14.310400957705244,False,False
2024-12-16,154,TacoBell,Northeast,191490.9557419176,9.892682647174594,False,False
2024-12-16,154,TacoBell,South,21140.835308091308,9.892682647174594,False,False
2024-12-16,154,TacoBell,Midwest,58173.864469454704,9.892682647174594,False,False
2024-12-16,154,TacoBell,West,27312.183824762084,9.892682647174594,False,False
2024-12-16,154,TacoBell,Southwest,50363.49310977614,9.892682647174594,False,False
2024-12-16,154,Subway,Northeast,29750.08517521533,13.624792437784993,False,False
2024-12-16,154,Subway,South,84633.5040088912,13.624792437784993,False,False
2024-12-16,154,Subway,Midwest,43512.95445686378,13.624792437784993,True,False
2024-12-16,154,Subway,West,96689.44329706613,13.624792437784993,False,False
2024-12-16,154,Subway,Southwest,54947.52384099159,13.624792437784993,False,False
2024-12-16,154,KFC,Northeast,41255.49052625666,14.969229412624541,False,False
2024-12-16,154,KFC,South,77963.7052175902,14.969229412624541,False,False
2024-12-16,154,KFC,Midwest,62355.58051903323,14.969229412624541,False,False
2024-12-16,154,KFC,West,44675.81255527513,14.969229412624541,True,False
2024-12-16,154,KFC,Southwest,36582.22667454023,14.969229412624541,False,False
2024-12-16,154,Dominos,Northeast,38371.037280717916,9.768641015198977,False,False
2024-12-16,154,Dominos,South,21622.030033943203,9.768641015198977,False,False
2024-12-16,154,Dominos,Midwest,10280.884229175677,9.768641015198977,False,False
2024-12-16,154,Dominos,West,23398.69300005898,9.768641015198977,False,False
2024-12-16,154,Dominos,Southwest,18041.0376400265,9.768641015198977,True,False
2024-12-16,154,PizzaHut,Northeast,101358.45574243512,11.057440185263237,False,False
2024-12-16,154,PizzaHut,South,42532.777394538294,11.057440185263237,False,False
2024-12-16,154,PizzaHut,Midwest,134547.01621108738,11.057440185263237,False,False
2024-12-16,154,PizzaHut,West,48682.912773967066,11.057440185263237,False,False
2024-12-16,154,PizzaHut,Southwest,2829.418475797231,11.057440185263237,False,False
2024-12-23,155,McDonalds,Northeast,78012.74990753237,10.309824267031935,False,True
2024-12-23,155,McDonalds,South,84223.04071540257,10.309824267031935,False,True
2024-12-23,155,McDonalds,Midwest,54454.27511658885,10.309824267031935,False,True
2024-12-23,155,McDonalds,West,14376.63180500389,10.309824267031935,False,True
2024-12-23,155,McDonalds,Southwest,58420.73970860977,10.309824267031935,True,True
2024-12-23,155,BurgerKing,Northeast,18462.808179577216,14.7353013664426,False,True
2024-12-23,155,BurgerKing,South,97925.36481350468,14.7353013664426,False,True
2024-12-23,155,BurgerKing,Midwest,26270.65919454951,14.7353013664426,False,True
2024-12-23,155,BurgerKing,West,112291.58855563383,14.7353013664426,False,True
2024-12-23,155,BurgerKing,Southwest,73346.36138879781,14.7353013664426,False,True
2024-12-23,155,Wendys,Northeast,61556.86842280651,14.310400957705244,False,True
2024-12-23,155,Wendys,South,13722.697575001921,14.310400957705244,False,True
2024-12-23,155,Wendys,Midwest,96927.75010256264,14.310400957705244,False,True
2024-12-23,155,Wendys,West,28728.80531221047,14.310400957705244,False,True
2024-12-23,155,Wendys,Southwest,41672.03497916725,14.310400957705244,False,True
2024-12-23,155,TacoBell,Northeast,227978.12264001343,9.892682647174594,False,True
2024-12-23,155,TacoBell,South,20910.711683978003,9.892682647174594,False,True
2024-12-23,155,TacoBell,Midwest,81463.74640748119,9.892682647174594,False,True
2024-12-23,155,TacoBell,West,30214.61819736922,9.892682647174594,False,True
2024-12-23,155,TacoBell,Southwest,75206.00232353176,9.892682647174594,False,True
2024-12-23,155,Subway,Northeast,35830.10973604734,13.624792437784993,False,True
2024-12-23,155,Subway,South,84241.09301988869,13.624792437784993,False,True
2024-12-23,155,Subway,Midwest,47156.40789841514,13.624792437784993,False,True
2024-12-23,155,Subway,West,104062.7673870398,13.624792437784993,False,True
2024-12-23,155,Subway,Southwest,70963.54971782998,13.624792437784993,True,True
2024-12-23,155,KFC,Northeast,60019.40297461616,14.969229412624541,False,True
2024-12-23,155,KFC,South,128654.26385350923,14.969229412624541,True,True
2024-12-23,155,KFC,Midwest,67337.13038977796,15.889903787222087,True,True
2024-12-23,155,KFC,West,37057.69700782606,14.969229412624541,False,True
2024-12-23,155,KFC,Southwest,37701.45446244679,14.969229412624541,False,True
2024-12-23,155,Dominos,Northeast,42760.531989540716,9.768641015198977,False,True
2024-12-23,155,Dominos,South,20045.2214566843,9.768641015198977,False,True
2024-12-23,155,Dominos,Midwest,13842.988859603962,9.768641015198977,False,True
2024-12-23,155,Dominos,West,39418.22414190291,9.768641015198977,True,True
2024-12-23,155,Dominos,Southwest,23996.640300400464,9.768641015198977,False,True
2024-12-23,155,PizzaHut,Northeast,130229.58465878594,11.057440185263237,False,True
2024-12-23,155,PizzaHut,South,47607.248503701085,11.057440185263237,False,True
2024-12-23,155,PizzaHut,Midwest,159132.38411438788,11.057440185263237,False,True
2024-12-23,155,PizzaHut,West,67394.11158410132,11.057440185263237,False,True
2024-12-23,155,PizzaHut,Southwest,8406.207846016094,11.057440185263237,False,True
2024-12-30,156,McDonalds,Northeast,68023.9696702162,10.309824267031935,False,True
2024-12-30,156,McDonalds,South,88716.23760249853,10.309824267031935,False,True
2024-12-30,156,McDonalds,Midwest,43731.289740894324,10.309824267031935,False,True
2024-12-30,156,McDonalds,West,15931.92510507288,10.309824267031935,True,True
2024-12-30,156,McDonalds,Southwest,52986.974378307685,10.309824267031935,False,True
2024-12-30,156,BurgerKing,Northeast,16719.90079378152,14.7353013664426,False,True
2024-12-30,156,BurgerKing,South,122271.36436850025,14.7353013664426,False,True
2024-12-30,156,BurgerKing,Midwest,28163.152864133808,14.7353013664426,False,True
2024-12-30,156,BurgerKing,West,110684.7203311882,14.7353013664426,False,True
2024-12-30,156,BurgerKing,Southwest,80909.29946976512,13.46888219892881,False,True
2024-12-30,156,Wendys,Northeast,60314.92711051605,14.310400957705244,False,True
2024-12-30,156,Wendys,South,14534.292180085118,14.310400957705244,False,True
2024-12-30,156,Wendys,Midwest,89358.98736646173,14.310400957705244,False,True
2024-12-30,156,Wendys,West,31064.507874531035,14.310400957705244,False,True
2024-12-30,156,Wendys,Southwest,36737.52043212692,14.310400957705244,False,True
2024-12-30,156,TacoBell,Northeast,200300.20277210392,9.092091662724751,False,True
2024-12-30,156,TacoBell,South,27069.590755621546,9.892682647174594,False,True
2024-12-30,156,TacoBell,Midwest,69483.26781248662,9.892682647174594,False,True
2024-12-30,156,TacoBell,West,29002.85198277329,9.892682647174594,False,True
2024-12-30,156,TacoBell,Southwest,67160.19946165892,9.892682647174594,False,True
2024-12-30,156,Subway,Northeast,32793.9495390469,13.624792437784993,False,True
2024-12-30,156,Subway,South,73287.83961889349,13.624792437784993,False,True
2024-12-30,156,Subway,Midwest,49862.19263822117,13.624792437784993,True,True
2024-12-30,156,Subway,West,91507.88243067484,13.624792437784993,False,True
2024-12-30,156,Subway,Southwest,54271.87570624007,13.624792437784993,False,True
2024-12-30,156,KFC,Northeast,45538.33222532999,14.969229412624541,False,True
2024-12-30,156,KFC,South,91207.87512727387,14.969229412624541,False,True
2024-12-30,156,KFC,Midwest,58381.91282548041,14.969229412624541,False,True
2024-12-30,156,KFC,West,37814.06304617379,14.969229412624541,False,True
2024-12-30,156,KFC,Southwest,41115.307297006075,14.969229412624541,False,True
2024-12-30,156,Dominos,Northeast,47045.39951274114,9.768641015198977,False,True
2024-12-30,156,Dominos,South,24213.611281410587,9.768641015198977,False,True
2024-12-30,156,Dominos,Midwest,13804.105233434324,9.768641015198977,False,True
2024-12-30,156,Dominos,West,19527.964037825946,9.768641015198977,False,True
2024-12-30,156,Dominos,Southwest,28343.167283028957,9.768641015198977,False,True
2024-12-30,156,PizzaHut,Northeast,118059.40982062872,11.057440185263237,False,True
2024-12-30,156,PizzaHut,South,43852.87696746775,11.057440185263237,False,True
2024-12-30,156,PizzaHut,Midwest,157854.11397815868,11.057440185263237,False,True
2024-12-30,156,PizzaHut,West,62098.68426902973,11.057440185263237,False,True
2024-12-30,156,PizzaHut,Southwest,12386.494310772334,11.057440185263237,False,True
