,0,1,2,3,4,5,6,7,8,9,10,11,12,13,14,15,16,17,18,19,20,21,22,23,24,25,26,27,28,29,30,31,32,33,34,35,36,37,38,39,40,41,42,43,44,45,46,47,48,49,50,51,52,53,54,55,56,57,58,59,60,61,62,63,64,65,66,67,68,69,70,71,72,73,74,75,76,77,78,79,80,81,82,83,84,85,86,87,88,89,90,91,92,93,94,95,96,97,98,99,100,101,102,103,104,105,106,107,108,109,110,111,112,113,114,115,116,117,118,119,120,121,122,123,124,125,126,127
prod_000,0.017271455,0.0042859875,-0.0069698947,0.043343477,0.03019283,-0.095063426,-0.011612302,0.0081184665,-0.011802064,0.03003644,-0.011979168,0.002078295,0.035041142,-0.017107373,-0.19921337,0.007730202,-0.03503022,-0.02342491,-0.021734934,0.0022676259,-0.014837877,-0.037811324,0.01226271,0.24883133,-0.0027982541,0.037631936,-0.028564362,-0.004876541,-0.010728738,-0.051991686,0.024714049,0.1731664,0.115367465,-0.020317813,-0.020961981,-0.2837364,0.038207483,0.1724754,-0.06392957,-0.025199471,0.3165761,-0.04315022,-0.017081732,-0.0371465,-0.01916177,0.009393955,0.010506849,0.101076305,-0.018958276,-0.0018971266,-0.044422984,0.105800584,0.019336281,-0.0017589036,0.0009948941,-0.1445521,0.010398044,-0.029403534,0.13426834,0.031245476,0.015149349,0.014623216,-0.037724193,0.031689532,-0.0011203567,0.24805912,-0.035622988,-0.0057968884,0.0004514417,0.034581244,-0.008335691,-0.30940524,0.00087246014,-0.03803708,-0.019010765,-0.042374365,-0.009322509,0.0008057215,-0.31239757,0.045100097,0.045568857,-0.027154753,0.011776276,0.022535548,-0.0106537435,0.13135591,-0.0037033593,-0.020611335,-0.010958643,-0.09729756,-0.12388702,-0.028234733,-0.004007494,-0.1383974,-0.07347814,0.009416788,0.019420447,-0.13948417,0.021742376,0.01928586,0.061290894,-0.049197104,0.04571554,-0.065242715,0.32122248,-0.01953139,-0.038800597,0.040030006,-0.036060303,-0.06390053,-0.054033708,-0.000302983,0.012356345,-0.006629686,0.112302944,-0.02099075,0.025910452,-0.038642164,-0.0422313,0.006393148,-0.014441791,-0.03196845,0.19154777,-0.0096294675,0.010198982,0.041896608,0.0026749852,0.024706848
prod_001,-0.021037128,-0.080864586,0.055305462,-0.032771517,-0.012832822,0.11357068,0.24850689,-0.18819799,0.029933246,-0.033723176,-0.0011144291,-0.028731927,-0.041056626,-0.23116367,0.087657936,0.029442385,0.053938963,0.023037326,0.074871466,-0.18153748,-0.003892374,0.19532761,0.15037404,0.0001896919,-0.044007476,-0.007200645,0.1038779,0.013567406,0.03431922,0.006354588,-0.05807025,-0.079120256,0.0558345,-0.09315865,0.08106516,-0.14663048,-0.035211135,-0.058649264,0.04427057,0.016141336,0.12823313,0.040947612,0.009256629,0.0521912,0.033040598,-0.190462,0.081794724,-0.08649172,0.06055121,0.13557449,0.019654011,-0.0827516,0.15369456,0.044203367,-0.09181459,-0.020637043,-0.030415595,0.07012474,-0.08799859,-0.020886581,-0.12948233,-0.09680503,0.047209173,-0.087722115,-0.10229345,0.013278242,0.05497639,0.087421805,0.009237183,-0.046321373,-0.02363802,-0.13453849,-0.13628316,0.026266541,0.05727949,0.04751734,-0.020611653,-0.007402486,-0.15785119,0.08080489,-0.13168775,0.051483735,-0.022611378,-0.027765404,0.06611716,-0.04037026,0.18905774,0.061568145,-0.15821801,0.06216248,-0.0053552752,0.04107508,-0.1578466,-0.07294382,0.1358218,-0.021809079,-0.017350385,0.038429126,-0.120776355,-0.049908556,-0.042493746,-0.026752852,-0.004208154,0.03368088,0.15959212,0.0195897,0.0596328,-0.044986315,0.08460367,0.0144077325,0.050933108,-0.01025406,0.00034780268,0.1815684,-0.026743291,0.029479848,-0.011560134,0.10665108,0.011502919,-0.124877505,0.03550207,0.020329172,-0.080736615,0.17424725,-0.012995064,-0.051282056,-0.125775,-0.1549066
prod_002,-0.033817105,-0.07176115,0.045636117,0.0045945547,0.010711719,0.042554233,0.19646393,-0.15935382,0.0015342814,0.014377104,-0.003244777,-0.00089590054,-0.0002915882,-0.2187645,-0.0034497066,0.031273533,0.0048171664,0.0017527026,0.06923245,-0.15549856,0.0022203494,0.15038426,0.13771842,0.10580122,-0.020753257,0.016564175,0.07107719,-0.023600355,0.0050581386,-0.02123622,-0.021924924,-0.009929015,0.108099855,-0.10057991,0.06700633,-0.25425407,-0.017885651,0.02645131,0.006477313,0.0012121117,0.25005206,0.002788147,-0.0009826008,0.007206635,0.006003519,-0.14679718,0.092719726,-0.027207239,0.045917943,0.1220709,-0.0048991,-0.021787455,0.15631384,0.06644207,-0.080940545,-0.08451935,-0.010441374,0.04887655,-0.022353336,-0.005679468,-0.11165014,-0.079957426,-0.0023584734,-0.06502551,-0.09095373,0.13334188,0.006318672,0.10085816,0.017985793,-0.0011678104,-0.008095448,-0.2656429,-0.11089696,-0.009392202,0.04410949,-0.0022836972,0.002727772,-0.0048036873,-0.26356822,0.11815099,-0.10568624,0.01114509,-0.0020973405,0.0052943053,0.059406813,0.0117391255,0.17351949,0.019493358,-0.15742292,0.013289006,-0.055923413,0.008571177,-0.14934658,-0.14282407,0.08211825,-0.0004362405,0.026229259,-0.042579684,-0.08773847,-0.049467277,-0.007902417,-0.030573096,0.008254671,0.0073704664,0.2662098,0.0101621365,0.005161861,-0.020089002,0.050285675,0.01121332,0.011272272,-0.001403684,0.0039002453,0.16473342,0.033041574,-0.00676054,0.013593849,0.07561235,-0.020044737,-0.11524997,0.019448467,-0.010615804,0.021512857,0.15432727,0.01857891,-0.0034688471,-0.10101163,-0.12853348
prod_003,0.041694567,0.054251894,-0.06560544,-0.030351637,0.012702775,-0.05743212,-0.116990834,0.09763661,0.018286498,-0.031038458,0.011654655,-0.025744544,-0.054273557,0.13143772,-0.21196884,-0.091082215,0.03537115,0.009491509,-0.08670002,0.08662386,-0.038689896,-0.103417605,-0.09099147,0.19577666,-0.030144151,0.00202525,-0.07409538,0.06353712,0.009180115,-0.00012664667,-0.0073191863,0.22023612,0.04009635,0.076688655,-0.057642426,-0.16236946,0.0998913,0.1448392,-0.08312017,-0.005064176,0.164596,0.008954807,0.016662804,0.008405996,0.0495488,0.064924784,-0.077865474,0.15174638,-0.04919922,-0.07791177,0.002881792,0.16641882,-0.110951126,-0.077889204,0.08350683,-0.08161895,0.0005145783,-0.08754622,0.11170024,0.015991142,0.13040277,0.03776497,0.0010167081,0.115164705,0.0699036,0.16159783,0.012468661,-0.12958492,-0.08472044,-0.03673054,-0.07951507,-0.18315513,0.08809985,0.007150985,-0.087811284,0.0153723275,-0.098095246,-0.03723195,-0.19277586,-0.046336845,0.122054555,-0.007927103,-0.005901032,-0.017873771,-0.060667764,0.093986265,-0.15187848,0.009706577,0.12353807,-0.1397442,-0.08398197,0.016969128,0.11841962,-0.047260426,-0.1303641,0.017028624,-0.06347615,-0.09582238,0.059564646,0.09047542,0.00042803359,-0.014806021,0.0033405973,-0.09125417,0.19395366,-0.070031926,0.03470946,0.06534555,-0.03297216,-0.15364517,0.027216539,-0.042360105,0.0057400395,-0.08742517,0.0966528,0.009777119,-0.06356621,-0.10832415,0.010663014,0.08185903,-0.04696029,0.018700436,0.15500678,-0.120017074,-0.047179606,-0.01774102,0.06828769,0.09629881
prod_004,0.020950966,0.0010720121,-0.0072783846,0.036218893,0.026139906,-0.091405414,-0.0034665705,0.0021737912,-0.008515841,0.030780496,-0.018513847,-0.0029171384,0.02308335,-0.025338428,-0.1955256,0.011664326,-0.026366083,-0.018793074,-0.018904291,-0.002426165,-0.02024837,-0.03589507,0.0153172305,0.25061166,-0.0026096897,0.02927137,-0.017841488,-0.0073889424,-0.0075726733,-0.046488818,0.01830667,0.17065716,0.121348016,-0.02737694,-0.02784537,-0.28317842,0.033632267,0.17576891,-0.060740802,-0.020638933,0.325078,-0.037252594,-0.021582847,-0.03520616,-0.018673,0.0043567726,0.014134235,0.092599675,-0.011444132,0.0018017283,-0.04129597,0.105821826,0.021405209,-0.0035368009,-0.0030830456,-0.14243169,0.0035825693,-0.030637885,0.12965018,0.02843148,0.009674567,0.0090344995,-0.034283496,0.02921917,-0.010052905,0.24660642,-0.0365644,0.0011739682,0.003064828,0.03725451,-0.0040098955,-0.31261158,-0.006370105,-0.03370695,-0.0118497405,-0.04012309,-0.012894835,-0.0026939476,-0.32127056,0.04738451,0.04390026,-0.023671176,0.011188429,0.025101239,-0.004242242,0.13151899,0.0061715962,-0.012374549,-0.015634,-0.09267628,-0.123747714,-0.024564749,-0.00840207,-0.14261055,-0.069233544,0.00245253,0.018478265,-0.14085661,0.021076182,0.010620639,0.060327347,-0.0488804,0.04352444,-0.06198704,0.32115564,-0.01805722,-0.03840191,0.039249204,-0.03337788,-0.059140082,-0.049713116,-0.0005234,0.012957865,-0.0054512965,0.11450709,-0.019487562,0.028747283,-0.030034095,-0.041663352,0.00013533626,-0.015999418,-0.03173427,0.19261515,-0.0062887035,0.012053161,0.034145918,-0.00030159697,0.022200482
prod_005,-0.033608187,-0.073355995,0.056456674,-0.01484002,0.0035645866,0.076271445,0.21665646,-0.17284015,0.02530839,-0.018332457,-0.0050894073,-0.012382203,-0.026326928,-0.23113717,0.040771656,0.02486069,0.039441038,0.030670002,0.078892015,-0.16954824,-0.017491192,0.17398325,0.14731465,0.056571007,-0.026988013,-3.9908726e-05,0.08326414,-0.005099109,0.020231457,0.012827434,-0.03732456,-0.043736,0.09418821,-0.089675106,0.079170175,-0.20796794,-0.031972993,-0.0014726471,0.021642948,0.027229093,0.19387582,0.022220278,0.014070017,0.025750766,0.028991388,-0.16973478,0.08406342,-0.04839691,0.06432756,0.12711762,0.015055903,-0.047431182,0.16218641,0.067248195,-0.08905968,-0.062072843,-0.03360772,0.06413478,-0.056314167,-0.030002676,-0.12291813,-0.098312564,0.024794271,-0.07629164,-0.100606516,0.07781685,0.02905656,0.10641723,0.015435891,-0.025887532,-0.020537352,-0.22032057,-0.11253661,0.0020535039,0.047009956,0.019669065,-0.029324863,-0.021668052,-0.21695803,0.11637425,-0.123849146,0.03583032,-0.011784418,0.0011410359,0.07584471,-0.021486111,0.18456914,0.03370825,-0.16101441,0.036567576,-0.02980799,0.029643213,-0.15343867,-0.11493889,0.10609079,-0.010316377,0.0077241403,-0.01074244,-0.100283094,-0.052065693,-0.028274173,-0.015691914,-0.0005237452,0.023272945,0.21696232,0.012260332,0.037282005,-0.041944347,0.08835609,0.01987403,0.04058049,-0.0051826783,0.006514395,0.18021359,0.016163243,-0.002471202,-0.014713577,0.09319901,0.005210597,-0.12751082,0.018066647,0.0036634828,-0.028103903,0.17141426,0.010912247,-0.030552726,-0.115827225,-0.15592012
prod_006,-0.027861321,-0.07991378,0.05633653,-0.021160072,-0.007655945,0.099329874,0.23340897,-0.17921335,0.024631126,-0.02565749,-0.008675975,-0.019132227,-0.03408178,-0.23900555,0.06478058,0.030085487,0.04808143,0.027441785,0.0762844,-0.17771372,-0.012449609,0.1892976,0.14743234,0.030303609,-0.034947842,-0.009871143,0.094221205,0.0029848563,0.029697936,0.007197544,-0.04704793,-0.06452732,0.075446345,-0.08981844,0.08175343,-0.18103997,-0.030810013,-0.030311061,0.03416452,0.02635929,0.15999173,0.029498177,0.006733536,0.039840844,0.031405292,-0.17992623,0.081585035,-0.064838216,0.06407532,0.13058262,0.016971627,-0.064850345,0.16101249,0.056957033,-0.08932744,-0.041939843,-0.029179323,0.06687501,-0.0744932,-0.02910177,-0.12411237,-0.098732196,0.03775346,-0.080108754,-0.10454128,0.050271526,0.04183995,0.095579416,0.0077568092,-0.037289657,-0.023813346,-0.18263029,-0.12752354,0.01739543,0.0521218,0.033456787,-0.022116302,-0.012447873,-0.18830487,0.099585555,-0.12490635,0.04595817,-0.01648397,-0.012918031,0.07441201,-0.03287484,0.18556015,0.047602247,-0.16130014,0.048830908,-0.017464595,0.036876176,-0.15408015,-0.09747293,0.12416847,-0.013123882,-0.0005411135,0.00947345,-0.113743775,-0.052647818,-0.03749721,-0.022954851,-0.0071512777,0.024597304,0.19150075,0.016814083,0.050923984,-0.04512905,0.08742164,0.015377407,0.04663887,-0.00858008,0.00037792485,0.1815529,-0.00655574,0.014482341,-0.010481405,0.10181196,0.010902462,-0.13020499,0.02760258,0.013582821,-0.052950803,0.17460229,0.00012857934,-0.040124442,-0.12084921,-0.1568965
prod_007,-0.010527173,-0.037884697,0.022036424,0.038385835,0.028017053,-0.04617668,0.09350223,-0.084559806,-0.017177591,0.044918567,-0.0048043784,0.013101585,0.042911537,-0.1320898,-0.10621246,0.02945537,-0.045002244,-0.024518203,0.029979786,-0.08664285,0.010456033,0.057405517,0.08878973,0.20122716,0.0016386183,0.035234768,0.02343066,-0.028629499,-0.016576601,-0.040499806,0.017372392,0.08782697,0.13280697,-0.06916548,0.016683362,-0.30809218,-0.0024988726,0.11277116,-0.02400934,-0.021163322,0.33250558,-0.036357228,-0.004951193,-0.032392014,-0.032988966,-0.06687713,0.06780033,0.043589614,0.0109479735,0.06461148,-0.031987835,0.047957573,0.100997195,0.048353583,-0.047038548,-0.12907264,0.01340559,0.011239552,0.072764024,0.018220944,-0.060922172,-0.028211867,-0.039579436,-0.022152334,-0.05130845,0.22152682,-0.03632439,0.0660716,0.02859465,0.041535612,0.01382095,-0.3356806,-0.062521175,-0.03593256,0.020953998,-0.040067945,0.027097045,0.00032727275,-0.32770044,0.100298226,-0.038759366,-0.014956681,0.008267276,0.031369533,0.02367562,0.07908496,0.099419266,-0.014489848,-0.100570045,-0.035573862,-0.089214474,-0.017406754,-0.09320498,-0.17153502,-0.0030900214,0.008495537,0.03921107,-0.10541793,-0.027977977,-0.025970507,0.043645065,-0.040376462,0.036275335,-0.025428718,0.3233218,-0.0044893427,-0.05067219,0.0152060585,-0.0042375242,-0.009634565,-0.05350901,0.0116253765,0.010035806,0.084436566,0.08607078,-0.0110358745,0.036444187,0.024401538,-0.05451826,-0.057679802,0.007798986,-0.029770758,0.12517413,0.08310406,0.030037079,0.04006657,-0.046949852,-0.058584917
prod_008,-0.018146727,-0.04231478,0.023124263,0.03828614,0.032251302,-0.03861441,0.10165252,-0.088557504,-0.02115508,0.04835857,-0.010141497,0.010740818,0.034770213,-0.14132944,-0.101733126,0.03193433,-0.035595372,-0.02085955,0.036299326,-0.093409084,0.001002622,0.06698509,0.09115899,0.19993289,-0.0010170271,0.029450858,0.024861215,-0.030951954,-0.01376771,-0.04062584,0.014174966,0.078454435,0.13321029,-0.07593568,0.02374808,-0.30794927,0.0005243108,0.10886475,-0.028094843,-0.01762849,0.32315695,-0.035275377,-0.009309949,-0.028309757,-0.021601649,-0.07259826,0.06987279,0.044187363,0.009956304,0.07207052,-0.03280307,0.044088338,0.10695783,0.053034786,-0.04788184,-0.12992597,0.0077172443,0.013646239,0.06222945,0.008143775,-0.06555725,-0.03292913,-0.038189612,-0.020042542,-0.060143,0.2162784,-0.033977006,0.07387954,0.02543154,0.040502083,0.008559848,-0.3320735,-0.06070452,-0.03654342,0.02085284,-0.037658364,0.022544453,-0.00037704394,-0.3275909,0.104690894,-0.044936847,-0.020316038,0.0045782267,0.028162526,0.03228088,0.07826104,0.101195574,-0.0141985295,-0.10891196,-0.03567396,-0.09101142,-0.01598552,-0.0978527,-0.1689447,0.0039807204,0.011147175,0.043231256,-0.11048521,-0.03622822,-0.028740974,0.035916682,-0.037076138,0.033691473,-0.025399193,0.32000017,-0.0070941607,-0.045017414,0.014510263,0.0019142277,-0.0076171774,-0.04032457,0.0075504095,0.0041449806,0.09173913,0.084864564,-0.02062722,0.034529425,0.02304333,-0.044400312,-0.06566368,-0.00074102695,-0.031531956,0.11871305,0.08960275,0.033261713,0.043287553,-0.05471069,-0.06298674
prod_009,0.04864047,0.04234028,-0.063204356,-0.037221275,0.0039674756,-0.047064804,-0.09748422,0.077958435,0.02678739,-0.03787203,-0.006752226,-0.022531731,-0.06136717,0.10414384,-0.22995713,-0.07066768,0.03980682,0.015625492,-0.070387706,0.07933253,-0.05475079,-0.09796579,-0.07728964,0.2180892,-0.034174107,-0.013541348,-0.053597182,0.048164427,0.012889274,0.009126859,-0.023577964,0.21481176,0.04694088,0.052529696,-0.068874896,-0.1705597,0.082349606,0.1722978,-0.08607301,0.0092530325,0.2117786,0.014990607,0.031862125,0.007735798,0.03212521,0.06330309,-0.06922414,0.13886453,-0.032172114,-0.0757154,0.004830832,0.14729548,-0.080726095,-0.07082716,0.07380493,-0.096059896,-0.020413838,-0.091961235,0.1163192,0.012558873,0.10217134,0.049354818,0.021059569,0.08905769,0.06173678,0.19014436,0.0027282585,-0.107707456,-0.066103,-0.037401542,-0.06110468,-0.22378546,0.060123425,0.0037823073,-0.08314725,0.015081773,-0.10125814,-0.040858056,-0.22439578,-0.051542453,0.114070244,0.0057487236,-0.006260773,-0.024084873,-0.048179023,0.10071101,-0.11143778,0.014492905,0.10408713,-0.14112706,-0.08473773,0.027425108,0.10260237,-0.06385371,-0.13132966,0.0017125303,-0.06562575,-0.09304159,0.07045197,0.06116755,0.0013299271,-0.01663477,0.0030728213,-0.08408694,0.22975957,-0.055752184,0.04176221,0.06478815,-0.042566724,-0.14545614,0.027413668,-0.025058834,0.011407152,-0.07596201,0.10272234,0.01106083,-0.060365457,-0.09159447,0.012655271,0.0831399,-0.042213254,0.03302824,0.18368144,-0.10513599,-0.041328054,-0.023055207,0.05867704,0.08847939
prod_010,0.03435425,0.03027123,-0.03143009,-0.013686491,-0.017412988,-0.04996552,-0.07456205,0.04607629,0.036527593,-0.026167175,-0.02683223,-0.047599945,-0.07199738,0.07098042,-0.22646144,-0.04173754,0.056658007,0.017164646,-0.05631817,0.057188068,-0.07024641,-0.09268701,-0.044703566,0.24913529,-0.015326685,-0.017801924,-0.033181034,0.04123567,0.02610481,-0.0064525623,-0.029084306,0.19919704,0.09079663,0.0383837,-0.05442378,-0.19844595,0.06856414,0.19772787,-0.084351,0.027978927,0.2478947,0.004452186,0.0026913525,-0.004239491,0.0302954,0.042613834,-0.04133145,0.11934912,-0.015829468,-0.055145405,0.012674922,0.14575817,-0.0401139,-0.05681446,0.06291971,-0.11796886,-0.042686272,-0.068939604,0.14621387,0.0142114265,0.08083738,0.01985564,0.031231882,0.066737674,0.035508636,0.21696685,-0.0041851113,-0.08717635,-0.038880374,-0.038274866,-0.0647863,-0.25215822,0.043616816,0.0015252883,-0.058057953,-0.0060164845,-0.11363663,-0.03585301,-0.2660252,-0.009670204,0.09290181,0.0048605236,-0.010714199,-0.003089447,-0.021039644,0.10394405,-0.07652818,0.021672565,0.072796404,-0.13120204,-0.11187759,0.022921823,0.078195944,-0.09572765,-0.09340266,-0.0150145255,-0.061936766,-0.11463678,0.05955606,0.03942487,0.010167761,-0.02532669,0.02531592,-0.08993409,0.25655028,-0.059354648,0.046347253,0.04849797,-0.01296127,-0.13570148,0.036525298,-0.017416883,0.010212347,-0.057217687,0.12758033,-0.0053496645,-0.048605364,-0.060732972,0.032991175,0.055902973,-0.05824944,0.009562276,0.19289581,-0.07483931,-0.009484887,-0.053160936,0.023482589,0.07380208
prod_011,0.04121641,0.017530212,-0.014452928,-0.013063816,0.004027803,-0.060514268,-0.029368328,0.019224592,0.016299542,-0.02113972,-0.0151284905,-0.012441456,-0.028155478,0.026302768,-0.21708515,-0.025145574,0.018100122,0.008086318,-0.022454355,0.027768929,-0.05123827,-0.062687784,-0.015765706,0.24223208,-0.027553601,0.0038484463,-0.027142636,0.017957706,0.00933438,-0.008596423,-0.018105693,0.19495086,0.091758855,-0.00082458725,-0.062470004,-0.24315464,0.043391373,0.19337308,-0.08115148,0.010695685,0.3092839,0.0007462535,0.02394611,-0.01569657,0.0014329143,0.027707445,-0.02512449,0.110845804,-0.0063941623,-0.019626223,-0.008290942,0.1155595,-0.020951083,-0.021621177,0.03365214,-0.12732577,-0.017599804,-0.055536505,0.12325415,0.015464237,0.040163405,0.031092716,0.02840045,0.03741722,0.014039561,0.2486281,-0.01643508,-0.039049942,-0.020907445,-0.01168873,-0.036833093,-0.30970737,0.00742824,-0.0032384251,-0.04583308,-0.010256592,-0.06217304,-0.034084488,-0.3184993,0.008027622,0.062401123,0.013261277,-0.0012157325,0.002198447,-0.012326685,0.11732568,-0.03165731,0.009402435,0.031616867,-0.121422105,-0.10270915,0.025165059,0.035653852,-0.13068713,-0.0916741,-0.0060822032,-0.033928968,-0.105410054,0.07124625,0.027385695,0.021230403,-0.035832174,0.020071726,-0.07128102,0.31216937,-0.037614018,0.011921046,0.045223467,-0.033479564,-0.103728265,-0.0013462445,0.0059804283,0.026542425,-0.029112613,0.11437185,0.012592695,-0.017224846,-0.04904644,-0.0061536403,0.042782627,-0.027686361,0.023498336,0.20858365,-0.03764503,-0.021230517,-0.025465138,0.016752431,0.055369254
prod_012,-0.039237697,-0.07251525,0.044011872,0.02147156,0.02138819,0.024677811,0.1818783,-0.15375629,-0.0075953174,0.03138774,-0.0008496509,0.010014935,0.02381576,-0.21084644,-0.009813148,0.036415156,-0.015479828,-0.008300927,0.06738011,-0.15490054,0.015536285,0.14458275,0.13836057,0.1132526,-0.010487344,0.029993223,0.058683876,-0.031168068,-0.0039368607,-0.02663572,-0.0055687446,-0.002655044,0.113605745,-0.0960564,0.07309877,-0.2669607,-0.0153774,0.026705919,0.0040453793,-0.014800872,0.25803682,-0.0133703,0.0003131329,-0.0020626357,-0.0019334404,-0.13732582,0.09529337,-0.017416876,0.0370922,0.11695633,-0.017225951,-0.018198349,0.15467563,0.07546603,-0.08058931,-0.092239365,0.0023195671,0.050509658,-0.010353634,-0.009721334,-0.110205,-0.06938856,-0.022137595,-0.06044631,-0.08265299,0.14152174,-0.0042072907,0.104678914,0.027787235,0.015082714,0.004070843,-0.2746581,-0.101656415,-0.022870626,0.04034158,-0.0126149915,0.020652633,0.0020229989,-0.2667079,0.12312099,-0.106213786,0.0015499694,-0.0007204118,0.012413614,0.054504253,0.021393556,0.16536051,0.00093385257,-0.15644047,0.014305046,-0.056767765,-0.0037787866,-0.1476924,-0.14630798,0.07202784,0.007585431,0.041187976,-0.05505594,-0.091144785,-0.046393912,0.0039500277,-0.029929154,0.015215131,0.0035720237,0.26730585,0.0134462025,-0.017828975,-0.014698981,0.03932982,0.02139072,-0.009794296,0.0040927446,-0.00015629154,0.1567869,0.038489316,-0.013087518,0.024362603,0.065571286,-0.03199072,-0.11193781,0.019350726,-0.018441943,0.028130414,0.15086357,0.024983589,0.020642314,-0.09591862,-0.12688914
prod_013,0.021654325,-0.005002457,0.00038083893,0.013062681,0.009717921,-0.0726895,0.01804826,-0.016094478,0.003123859,0.013264393,-0.016241929,-0.004725135,0.005560996,-0.039686278,-0.18454643,0.00083672814,-0.009303075,-0.009631796,-0.0049809585,-0.012128109,-0.028711779,-0.027681129,0.023575509,0.24445081,-0.0047381166,0.014195514,0.0008214246,-0.006131436,-0.0018464302,-0.024182204,0.007107677,0.16722964,0.115937546,-0.033581033,-0.04452794,-0.28124174,0.019741524,0.17985621,-0.057895698,0.0003469344,0.34702322,-0.017838482,0.0022040925,-0.030414432,-0.02406555,-0.009317683,0.022049297,0.0858859,-0.0007289599,0.007997578,-0.018898081,0.10047551,0.029845342,0.0043831416,0.0037132904,-0.13641186,-0.008733099,-0.032457188,0.11976838,0.026742542,-0.0008466389,0.0049076355,-0.005508315,0.012522189,-0.01390496,0.2592279,-0.034564458,0.00806767,0.006249728,0.020514185,-0.0050887372,-0.3354584,-0.023911973,-0.015286127,-0.0085689025,-0.034312997,-0.022400098,-0.018296061,-0.3407667,0.050083134,0.030992148,-0.0064437645,0.0025215587,0.021859525,0.0031363515,0.1125842,0.028069513,0.005210402,-0.031111125,-0.09064044,-0.10378584,0.0053476663,-0.016032888,-0.15343742,-0.06012935,-0.006882011,-0.0026613246,-0.12087703,0.035732485,0.0023273132,0.041271422,-0.03991251,0.033157628,-0.0471503,0.32740688,-0.024616608,-0.024763234,0.03858845,-0.026814533,-0.06423874,-0.034980528,0.006342325,0.01962991,0.010099763,0.11485696,-0.0022337276,0.015039428,-0.013359453,-0.034739614,0.0027519197,-0.015814586,-0.0075169187,0.19361629,0.011928776,0.01204218,0.0053689256,-0.00661658,0.0104380315
prod_014,0.037473213,0.03537994,-0.04470244,-0.013872009,-0.001643913,-0.05877459,-0.09573443,0.06607018,0.02373787,-0.018930241,-0.0115377465,-0.037509155,-0.05221753,0.090947546,-0.22952533,-0.065031044,0.044734787,0.009411875,-0.07715204,0.06785673,-0.04952777,-0.095777735,-0.060267307,0.23165986,-0.020226732,0.0037157654,-0.06330465,0.052753173,0.017694214,-0.018528746,-0.017013084,0.21082202,0.06950938,0.061435983,-0.0477761,-0.19324401,0.090981536,0.17010897,-0.083743416,0.0028500552,0.20993887,-0.004777114,-0.0054312316,0.00486819,0.042443752,0.053232882,-0.05490153,0.13925558,-0.03190704,-0.06258968,0.0017543313,0.16751009,-0.073069744,-0.05737144,0.07337968,-0.1066478,-0.0040961234,-0.07509498,0.13192472,0.021291468,0.1112863,0.016313627,0.0032918835,0.08885893,0.047603674,0.19639741,0.006565648,-0.11081789,-0.059755437,-0.03861953,-0.07493026,-0.22652614,0.065449215,-0.0021630684,-0.077303596,0.0009006566,-0.102999955,-0.03262537,-0.23362616,-0.018493453,0.105390266,-0.0037399945,-0.008735129,-0.011059757,-0.03875328,0.10517747,-0.11320317,0.0052940906,0.09511506,-0.14151531,-0.109199725,0.0016749939,0.09620305,-0.08096699,-0.110209435,0.0028757106,-0.05857577,-0.11064143,0.05178927,0.072661005,0.007412508,-0.030738473,0.014994156,-0.0968605,0.24305876,-0.06373073,0.034788866,0.049912523,-0.02791029,-0.15150462,0.02760638,-0.034029122,0.007454714,-0.06920605,0.11830903,-0.0061149895,-0.049013566,-0.083136976,0.013318846,0.060755804,-0.045825947,0.0061242827,0.17435461,-0.0893301,-0.020912265,-0.03439332,0.044178635,0.08311626
prod_015,-0.005503716,-0.030324757,0.02013196,0.03724365,0.028947845,-0.059048425,0.07167554,-0.066963084,-0.011122582,0.044278055,-0.008848779,0.0072469297,0.03505082,-0.10857494,-0.1289207,0.027492758,-0.040585443,-0.01991372,0.02384208,-0.06704961,-0.0010131411,0.032700542,0.0719067,0.21423586,-0.0029789354,0.032409847,0.013264993,-0.02533092,-0.012596128,-0.037691444,0.01386609,0.10640597,0.13109487,-0.06005415,0.0051871757,-0.30711862,0.0034063642,0.13264026,-0.03844914,-0.01852016,0.34060115,-0.034052502,-0.0053372295,-0.03251341,-0.027209625,-0.048611175,0.055642813,0.057253525,0.00921319,0.052226923,-0.034756992,0.06283877,0.08250519,0.039176345,-0.033647846,-0.13450634,0.009115544,0.004000245,0.08714962,0.012405072,-0.047190603,-0.019545976,-0.034131378,-0.009237636,-0.044878293,0.2372695,-0.04013874,0.051980652,0.024723481,0.03915332,0.00798001,-0.3396149,-0.050222337,-0.035939377,0.008489126,-0.041395765,0.016786331,-0.0042329836,-0.34008732,0.091742285,-0.020101303,-0.014311947,0.007930515,0.033578746,0.021164663,0.09449749,0.076872155,-0.018381687,-0.082895495,-0.050168086,-0.097503245,-0.019204605,-0.07429645,-0.17244981,-0.01693808,0.010072888,0.03264566,-0.11671429,-0.0127923265,-0.016092988,0.040991236,-0.0400617,0.03902955,-0.03500932,0.32705018,-0.012544587,-0.045740068,0.01924183,-0.00999662,-0.01981118,-0.048402432,0.013548232,0.012856406,0.065015145,0.096386366,-0.013772033,0.031633172,0.00956743,-0.047459453,-0.042773966,-0.0037124038,-0.028985182,0.14600582,0.062671304,0.026748963,0.0361112,-0.041011795,-0.043256976
prod_016,-0.035886426,-0.07325096,0.049551915,0.002566058,0.012816634,0.052284345,0.19969942,-0.16247565,0.0091453055,0.0028920544,-0.007066793,-0.0028769204,-0.005371415,-0.22489624,0.011782336,0.03193891,0.016045354,0.013165007,0.07405276,-0.16160406,-0.0056298347,0.15963195,0.14340587,0.09097132,-0.021683497,0.0111265965,0.07043357,-0.01677201,0.00947887,-0.0040522213,-0.025393087,-0.021666693,0.1076595,-0.09406112,0.07475733,-0.24063218,-0.025586346,0.016705753,0.011331632,0.010502923,0.22923426,0.00492564,0.004287673,0.0135037275,0.013413757,-0.15719013,0.08723753,-0.030300666,0.050471302,0.123982064,-0.00024612478,-0.032994222,0.16158669,0.072516985,-0.08704782,-0.07805123,-0.01791498,0.05431924,-0.035081126,-0.021073041,-0.11651577,-0.08312049,0.0037339611,-0.06677972,-0.09784483,0.1136973,0.014467123,0.105979264,0.019885156,-0.009040673,-0.0117168585,-0.25454268,-0.10688363,-0.009648915,0.043006867,0.004210104,-0.009196132,-0.011090456,-0.24716598,0.1214782,-0.11627111,0.019277917,-0.008098465,0.0070460527,0.068355374,-0.0003974074,0.1767215,0.020129327,-0.16176508,0.023372084,-0.04569591,0.01681822,-0.15310937,-0.13370983,0.090003856,-0.002498865,0.022974797,-0.03428927,-0.09584099,-0.051443614,-0.012911086,-0.023246871,0.008411835,0.013240751,0.2489619,0.010255149,0.014876749,-0.02903472,0.06905797,0.01931892,0.016838536,-0.0028099373,0.0040068147,0.16981907,0.029830376,-0.009502371,0.00072204304,0.080600426,-0.009752986,-0.121827096,0.019167492,-0.0065649883,0.0032362128,0.16173299,0.017467499,-0.006413746,-0.107951865,-0.1434213
prod_017,-0.034336828,-0.07480269,0.05618971,-0.015392443,0.006338765,0.07773008,0.21896201,-0.17442161,0.020578222,-0.017114086,-0.006069104,-0.009412542,-0.024117341,-0.23130882,0.044771224,0.025140798,0.037212085,0.027073205,0.0788937,-0.17300953,-0.013754663,0.17789195,0.14727825,0.05213143,-0.026689116,8.935816e-05,0.082452066,-0.0058074696,0.020423597,0.009895605,-0.03581129,-0.04600319,0.092056416,-0.091837786,0.08188163,-0.20594926,-0.032578062,-0.007145665,0.024384657,0.02530511,0.18927965,0.021310115,0.012022132,0.025841752,0.028344922,-0.17263672,0.086205415,-0.04988615,0.06170636,0.1293785,0.0132873645,-0.051431295,0.16359636,0.06859068,-0.09035572,-0.058682505,-0.02999806,0.06397379,-0.058832735,-0.029640902,-0.12352025,-0.09612698,0.022668513,-0.07433096,-0.10174584,0.07193009,0.030546712,0.107742555,0.015760332,-0.025170444,-0.019265847,-0.21501859,-0.112395406,0.0016797422,0.048306145,0.01999981,-0.025231646,-0.019243771,-0.2127007,0.11623827,-0.12699594,0.036326863,-0.01239836,-0.0007578249,0.07492124,-0.021803845,0.18606885,0.032904312,-0.16408744,0.039824046,-0.026486725,0.030477576,-0.15420985,-0.112442575,0.10865632,-0.010102758,0.010522616,-0.0075515723,-0.10375619,-0.05293061,-0.02921522,-0.016997682,-0.0014054321,0.024791772,0.21321565,0.013567863,0.034475513,-0.041760344,0.08793952,0.020784883,0.037733767,-0.0045161024,0.0065771323,0.18191737,0.013772789,-0.00056685007,-0.013119767,0.091363095,0.003610031,-0.12900928,0.021521304,0.004544624,-0.03439426,0.17160667,0.009456555,-0.027547577,-0.11502137,-0.15363841
prod_018,-0.0069348076,-0.022509322,0.011486108,0.053151235,0.040457457,-0.074824266,0.057822373,-0.052506384,-0.02219796,0.06413722,-0.002080261,0.014681865,0.06326845,-0.09637928,-0.13142544,0.03477208,-0.061046332,-0.040436435,0.015251593,-0.057963036,0.016575009,0.026838394,0.06866125,0.21744677,0.007985075,0.046883516,0.0039256187,-0.030208293,-0.0260189,-0.051617865,0.03312741,0.11148357,0.12880921,-0.06137967,0.010447792,-0.30297998,0.006911278,0.12358666,-0.03367782,-0.035954725,0.33032057,-0.054291233,-0.01383499,-0.040545575,-0.04456023,-0.039744724,0.057338193,0.06469317,-0.005851211,0.04471324,-0.047653843,0.06262541,0.07808313,0.040749237,-0.034408733,-0.14001821,0.023780776,-0.0012224951,0.09687298,0.026625099,-0.036634844,-0.0074802674,-0.057313364,-0.0069506653,-0.037909795,0.23185942,-0.045772213,0.05413035,0.02968523,0.056501526,0.018329825,-0.32479632,-0.043919597,-0.047047142,0.012843178,-0.052318186,0.042045843,0.011146479,-0.32130775,0.09132325,-0.017109942,-0.031075979,0.009782275,0.03372936,0.013529142,0.10075716,0.064342156,-0.030690359,-0.07842902,-0.051305,-0.09906262,-0.034324273,-0.075121194,-0.1629887,-0.02805889,0.017132355,0.04863782,-0.12530029,-0.017787296,-0.013148625,0.058827728,-0.04613074,0.04615726,-0.036627818,0.31882665,-0.006435812,-0.06779023,0.028583309,-0.024372384,-0.011998721,-0.07692631,0.009580109,0.00421875,0.04999334,0.09255237,-0.023844985,0.04771556,0.0015612585,-0.06608027,-0.037256893,0.005651662,-0.044158,0.14889087,0.056570146,0.031103771,0.06382951,-0.032089856,-0.035375
prod_019,0.02997016,0.02041599,-0.027169682,-0.012883078,-0.024512189,-0.045612976,-0.06719292,0.036159027,0.040989995,-0.02543385,-0.032243606,-0.055720713,-0.08080355,0.05807455,-0.22421293,-0.041159928,0.06355603,0.020554073,-0.050205193,0.049660735,-0.074464515,-0.085652165,-0.033469565,0.2524442,-0.014139117,-0.020687498,-0.03231776,0.04251946,0.032368388,-0.005668002,-0.0356355,0.19198054,0.09761879,0.03630423,-0.047185704,-0.20520282,0.06706532,0.19928694,-0.08208386,0.032194298,0.25108913,0.0058272844,-0.0042684004,-2.3314991e-05,0.035561927,0.03416123,-0.03694672,0.11397946,-0.012195465,-0.04812581,0.017583622,0.14582554,-0.030397065,-0.052193724,0.060821727,-0.12014005,-0.046693504,-0.0693572,0.14360534,0.0094360635,0.0761737,0.010668948,0.03060697,0.063197196,0.028463915,0.21782379,-0.0029869017,-0.085327774,-0.036832977,-0.040911514,-0.066623494,-0.26118025,0.040493198,0.0011273723,-0.054310318,-0.0043389355,-0.11689395,-0.037464052,-0.2747778,0.00031399747,0.08827144,0.007816291,-0.012787111,-0.00016224044,-0.014277221,0.10198682,-0.06779766,0.023462523,0.064845234,-0.12837909,-0.116383485,0.025215542,0.070088334,-0.10607738,-0.0833081,-0.017327214,-0.06361715,-0.11606678,0.052927703,0.03619166,0.0031223304,-0.026844967,0.027350172,-0.09110769,0.261259,-0.06455057,0.052444026,0.043062054,-0.007816018,-0.13349386,0.047760036,-0.017169908,0.008094497,-0.04809189,0.12899601,-0.009461941,-0.052425608,-0.055002388,0.036025945,0.049863763,-0.06506407,0.006614114,0.19008055,-0.068334766,-0.000286873,-0.06276099,0.01490816,0.066316746
prod_020,0.020492457,0.0056760334,-0.0060032727,0.040655762,0.031582903,-0.09326722,-0.012515821,0.008699518,-0.012191818,0.028551128,-0.010601805,0.0031063482,0.034629535,-0.015745673,-0.20160164,0.006916569,-0.035687063,-0.021362003,-0.019889979,0.00085578114,-0.016080808,-0.03755169,0.01274979,0.24588536,-0.006896832,0.037280682,-0.030403877,-0.0069054123,-0.010376073,-0.049782917,0.023633242,0.17255895,0.11297286,-0.022913603,-0.022827731,-0.28317332,0.0381906,0.17250115,-0.06137938,-0.025740864,0.31821263,-0.042316277,-0.016407995,-0.035762228,-0.019282252,0.011098394,0.007700519,0.10033149,-0.017756864,-0.0008894544,-0.047171842,0.10255965,0.01713904,-0.0023359752,5.818311e-05,-0.14334539,0.011382723,-0.030571828,0.13068691,0.031045785,0.014748365,0.018450163,-0.037079748,0.033134315,-0.0022256444,0.24924318,-0.03447053,-0.005558933,6.5703894e-06,0.034170177,-0.007950392,-0.3098286,-0.00049533334,-0.038485814,-0.020350058,-0.039810248,-0.008277323,-0.0011993945,-0.3125922,0.041596357,0.04741082,-0.02342934,0.013901494,0.02121966,-0.010182693,0.13377342,-0.0038225784,-0.021280203,-0.010050008,-0.09802989,-0.12392783,-0.028054394,-0.0042678863,-0.13848905,-0.07549714,0.009136914,0.018556155,-0.13666208,0.024938216,0.018353708,0.060856525,-0.050952174,0.04382641,-0.06522694,0.323658,-0.017563647,-0.038886182,0.040075116,-0.03946592,-0.06311497,-0.05435417,0.0009247855,0.013483736,-0.008022001,0.11134247,-0.018777331,0.026992626,-0.039673097,-0.045020327,0.008232809,-0.011598379,-0.029407324,0.1937537,-0.010578775,0.007298393,0.04232899,0.0054983553,0.026325436
prod_021,-0.026198838,-0.0775127,0.05536863,-0.025773024,-0.0043343506,0.09960208,0.23953609,-0.1833094,0.020891016,-0.026270185,-0.0037012112,-0.01985519,-0.032557514,-0.23421364,0.07210046,0.027596442,0.04986368,0.025754187,0.07912769,-0.18242204,-0.0057932627,0.19113882,0.14848961,0.023568682,-0.03676471,-0.007846024,0.096522205,0.00296007,0.030247185,0.007639832,-0.046701945,-0.066317156,0.06998445,-0.09379303,0.081079565,-0.17294241,-0.034753904,-0.037245896,0.03861263,0.02404582,0.1541826,0.031872038,0.0069987117,0.041990772,0.031305026,-0.18371822,0.08407072,-0.07246045,0.06347176,0.13434766,0.017616946,-0.06953786,0.15947951,0.053587526,-0.093328245,-0.036859635,-0.030605994,0.069205895,-0.07505792,-0.023039406,-0.12703568,-0.09818115,0.036992293,-0.08129373,-0.10096722,0.037879396,0.042039096,0.098446175,0.008688138,-0.03739395,-0.020779138,-0.17090113,-0.12896793,0.01836049,0.055330366,0.035754982,-0.01956275,-0.012669672,-0.18063784,0.09522399,-0.12895553,0.043904718,-0.01736115,-0.016216168,0.07146639,-0.034813624,0.18988708,0.05183929,-0.15996984,0.05336622,-0.013906592,0.03599095,-0.15634727,-0.09193156,0.124930225,-0.016029088,-0.0038784817,0.0170978,-0.11397315,-0.05168878,-0.036544718,-0.01929392,-0.0052706487,0.030571962,0.18238886,0.018428696,0.05026366,-0.042656485,0.0876261,0.016292173,0.046757456,-0.007792863,0.0026341877,0.18553704,-0.011817579,0.01646792,-0.0105176885,0.10176449,0.007072374,-0.12905821,0.029229123,0.0158867,-0.06126568,0.1758718,-0.0016263298,-0.039004676,-0.122701965,-0.15351404
prod_022,0.042745866,0.018561939,-0.017734827,-0.0040139197,0.0072632916,-0.066513516,-0.02631743,0.021088291,0.012647059,-0.016600024,-0.014124204,-0.00721761,-0.012094132,0.018508926,-0.22289522,-0.021596061,0.007396247,0.0048430404,-0.02408685,0.029183008,-0.03868726,-0.06391736,-0.013785433,0.24534681,-0.022062745,0.0090424055,-0.029211292,0.014835022,0.006168893,-0.013408885,-0.010684603,0.19691646,0.091469266,0.001259567,-0.060134675,-0.24689868,0.04431659,0.19097196,-0.07436641,0.00077191315,0.30820203,-0.0044777407,0.018194692,-0.020422203,-0.0076842187,0.024597256,-0.021327835,0.11332786,-0.013279346,-0.026810639,-0.01158939,0.113165535,-0.014245069,-0.021135438,0.030077096,-0.12922135,-0.010398818,-0.05302074,0.127484,0.022635521,0.04003501,0.032475706,0.016199855,0.03428354,0.018827345,0.2528396,-0.01663626,-0.03806955,-0.013902693,-0.0019772074,-0.02884795,-0.31233943,0.008376424,-0.005224339,-0.04174015,-0.014161038,-0.05589772,-0.031400736,-0.31209654,0.011598006,0.064036705,0.0064204084,0.00053195836,0.002658445,-0.0168268,0.11973124,-0.028617496,0.008820173,0.031677864,-0.120127566,-0.106103525,0.01591734,0.034359388,-0.12712191,-0.094236985,-0.007536698,-0.025326675,-0.11221534,0.064062476,0.02853509,0.029787773,-0.03960881,0.022260875,-0.06879043,0.31679875,-0.02618265,0.0037109414,0.04503145,-0.04116019,-0.09758914,-0.014574835,-0.0004931636,0.023823787,-0.027819391,0.11048579,0.0070757736,-0.0124597065,-0.04711333,-0.018762957,0.04229411,-0.022183355,0.01951812,0.21081229,-0.037080858,-0.01553381,-0.011203846,0.019303773,0.052600995
prod_023,-0.022431007,-0.093945585,0.05370762,-0.020668568,-0.014448141,0.087151155,0.22535478,-0.18275742,0.019248037,-0.012432562,-0.0054877284,-0.017440837,-0.02210119,-0.21443993,0.03426302,0.026887152,0.028475843,0.006285816,0.068087205,-0.17403378,-0.004385938,0.1575855,0.14719702,0.06486476,-0.034163516,0.017453058,0.09560594,-0.009856441,0.0152731575,-0.021867054,-0.038144033,-0.043517124,0.09503891,-0.101985514,0.065655656,-0.22943047,-0.009298393,-0.015919277,0.020742286,0.0049620084,0.21987909,0.020574074,0.005783195,0.029048955,0.010095415,-0.15471464,0.10136594,-0.0661322,0.06384258,0.12687199,0.0015736388,-0.048825536,0.146507,0.060683955,-0.08515338,-0.0507426,-0.014359108,0.065904714,-0.057829555,-0.010183883,-0.124038145,-0.098308474,0.01725208,-0.07866614,-0.09280127,0.09462493,0.031723477,0.092643425,0.028628772,-0.013629288,-0.0091163805,-0.22356087,-0.12964514,0.0051899897,0.040979695,0.023387114,-0.02215351,0.003837049,-0.2375953,0.09764365,-0.1172592,0.043121547,-0.006742015,-0.0129993465,0.052864652,0.0049292,0.18719329,0.046406463,-0.15952647,0.034928918,-0.04081148,0.023758754,-0.15426245,-0.12978628,0.10493242,-0.024589028,0.0014636881,-0.0014194635,-0.09494149,-0.04389501,-0.017250473,-0.03850828,-0.014358641,0.0087773595,0.23146124,0.021304972,0.022967063,-0.025310002,0.047587667,0.0018677516,0.0317386,5.5752243e-05,0.014685865,0.17500882,0.013368976,0.029658861,0.019215073,0.0879441,-0.003158439,-0.114026606,0.031179875,0.0047801686,-0.007637372,0.15735091,-0.006542639,-0.047420528,-0.10771219,-0.13161086
prod_024,-0.033801265,-0.073267505,0.055044416,-0.011790089,0.005845394,0.07446793,0.21690378,-0.1723489,0.022908913,-0.015066915,-0.005927288,-0.008974194,-0.022347448,-0.2331866,0.04082809,0.026572514,0.035879783,0.027089674,0.0770399,-0.16921584,-0.013534815,0.17432263,0.14817469,0.05627796,-0.025239892,0.002314755,0.082137756,-0.0075236014,0.017951697,0.009188804,-0.034550413,-0.044059433,0.09496089,-0.08990056,0.08035399,-0.20977548,-0.03235239,-0.0037762315,0.022071145,0.024475163,0.19338343,0.019748626,0.010935691,0.024262603,0.026453657,-0.17085832,0.08556963,-0.0479439,0.062225316,0.12801775,0.011160859,-0.048336077,0.16386288,0.068294235,-0.08942323,-0.062140364,-0.029511763,0.06393181,-0.055841986,-0.028651774,-0.12310361,-0.09708918,0.018967256,-0.074835755,-0.10191187,0.07800399,0.0280662,0.10693528,0.01681227,-0.023838881,-0.01918516,-0.2219476,-0.111779064,0.00037418434,0.046783064,0.018568447,-0.025958393,-0.019632455,-0.21585199,0.117193624,-0.123705536,0.033406805,-0.012701975,0.0007326653,0.075057305,-0.019960722,0.18582927,0.030981192,-0.1632375,0.036681905,-0.030494068,0.02736608,-0.1556609,-0.11482412,0.10668552,-0.009847028,0.011278733,-0.012564331,-0.10317191,-0.05231256,-0.027265694,-0.01741804,-0.00037735284,0.022767842,0.21718565,0.013349681,0.03407482,-0.040486902,0.08605563,0.022159211,0.037058968,-0.0067318347,0.004785082,0.1801656,0.015080725,-0.0032817323,-0.011927481,0.09302973,0.0033412208,-0.12842475,0.019221611,0.0017642763,-0.027600922,0.17087269,0.010755127,-0.025090778,-0.11611852,-0.15432614
prod_025,0.03296077,0.03345045,-0.030586932,-0.0100394655,-0.021780184,-0.04990292,-0.08199291,0.045831434,0.038385186,-0.022934584,-0.025888588,-0.056520835,-0.07917916,0.079107635,-0.22431378,-0.04621401,0.060283653,0.01749657,-0.06053204,0.060430795,-0.071118504,-0.09620266,-0.049253732,0.24964732,-0.014887692,-0.014966652,-0.037593998,0.0469078,0.030159222,-0.010802507,-0.029335063,0.19982302,0.09772679,0.04395817,-0.04629358,-0.1916176,0.07536979,0.19470169,-0.082615465,0.02400163,0.23584317,0.0028076142,-0.006229215,-0.002037124,0.03858945,0.048273794,-0.044793714,0.11605855,-0.015687013,-0.056532074,0.012062539,0.15385702,-0.048013613,-0.05896982,0.06502005,-0.11485773,-0.042782564,-0.06749933,0.1477353,0.0123532545,0.08938055,0.011817709,0.027730107,0.07573863,0.036924303,0.21117495,-0.0011746576,-0.09564085,-0.044738505,-0.042102553,-0.07405357,-0.23479372,0.050897688,0.00031364794,-0.056758743,-0.008411585,-0.11597662,-0.032579858,-0.25621742,-0.0066381027,0.098598965,0.005312556,-0.009032582,1.8133782e-05,-0.01937114,0.100631475,-0.08516163,0.02267443,0.08187262,-0.13435778,-0.112236895,0.01907086,0.081611894,-0.09420429,-0.08703269,-0.009807432,-0.061400406,-0.11677718,0.054477546,0.044345263,0.008407494,-0.023546632,0.030030169,-0.09689935,0.2462964,-0.06788685,0.046036985,0.04767943,-0.0070770145,-0.14045659,0.043690387,-0.019550491,0.008041725,-0.060018804,0.13535899,-0.010161423,-0.04979139,-0.06535022,0.03574804,0.055620614,-0.061759952,-0.0038932506,0.18518291,-0.08102389,-0.011293371,-0.06212476,0.02561645,0.0776763
prod_026,-0.020995228,-0.049094874,0.026032288,0.03772545,0.030829268,-0.023433737,0.12576741,-0.103374906,-0.019329388,0.0483193,-0.004262562,0.010131976,0.041061014,-0.1650273,-0.075658575,0.037649166,-0.03872805,-0.028401269,0.04098359,-0.10929951,0.011773814,0.08961665,0.10713766,0.17939666,-0.0035315368,0.03524884,0.03456633,-0.03122468,-0.0129873855,-0.041969,0.012513242,0.05522736,0.12880078,-0.084389456,0.041827556,-0.30255654,-0.004495955,0.08327928,-0.015987251,-0.019833704,0.30870748,-0.03593351,-0.013707999,-0.022254398,-0.023425825,-0.09401779,0.07584871,0.026894132,0.016699892,0.086228125,-0.035324696,0.024134975,0.12204741,0.05711962,-0.062884584,-0.12470199,0.010995324,0.024112875,0.043551892,0.012008663,-0.07564815,-0.041594412,-0.039644983,-0.033790767,-0.06772672,0.19872743,-0.02855115,0.0826734,0.025441613,0.03794517,0.011606435,-0.31774032,-0.076341376,-0.03703896,0.029346053,-0.029825553,0.032225206,0.0079221865,-0.31176212,0.11123826,-0.060643267,-0.015787467,0.0068485755,0.02522128,0.035407186,0.06583482,0.11896691,-0.011021147,-0.12450152,-0.020865131,-0.08641414,-0.018802518,-0.11897985,-0.16595368,0.023678167,0.011346487,0.048619583,-0.0948506,-0.054623336,-0.033632725,0.036209006,-0.045544453,0.031654924,-0.020012971,0.31439146,0.00056893245,-0.040513713,0.00641854,0.007472565,0.0014327465,-0.04147421,0.0047089146,0.0010802184,0.10924327,0.0706564,-0.02067292,0.03681116,0.036245476,-0.051478047,-0.07997274,0.013522864,-0.03303434,0.09883518,0.10783537,0.030906934,0.04394512,-0.06801654,-0.08352984
prod_027,-0.03341498,-0.06630311,0.0508237,0.0007771461,0.007473603,0.040033344,0.17207795,-0.14780648,0.016485885,0.0018320417,-0.015445058,-0.016932905,-0.025442403,-0.20070724,-0.028842997,0.026895337,0.027417744,0.026437186,0.06871635,-0.14193922,-0.027920354,0.13224797,0.1326776,0.13047278,-0.020084754,0.0024214494,0.06611125,-0.010593198,0.012471716,-0.00025207098,-0.032797247,0.008206375,0.12669016,-0.08250684,0.056542628,-0.26645872,-0.016626032,0.05610621,-0.0057892445,0.021433251,0.26821533,0.0047717183,0.008962282,0.011918307,0.015972512,-0.13390024,0.07921265,-0.0057429443,0.05062804,0.10680396,0.008392719,-0.004887019,0.14797443,0.06456634,-0.06901938,-0.096964866,-0.026097678,0.039581075,-0.0049229353,-0.026114883,-0.10188865,-0.08098017,0.011383778,-0.055615194,-0.08944713,0.15068315,0.008298706,0.09310997,0.022471411,-0.011679931,-0.01782182,-0.29311186,-0.097226605,-0.011818059,0.03312558,-0.0030586256,-0.031392787,-0.022438958,-0.28870875,0.1218916,-0.09702708,0.01895991,-0.010006502,0.014780644,0.06965003,0.016170342,0.15838712,0.017599382,-0.1397284,0.0027325219,-0.06291918,0.021114616,-0.13021637,-0.15274538,0.06847512,-0.0077883727,0.012763332,-0.061151076,-0.073198184,-0.04595823,-0.010226849,-0.018089835,0.01160703,-0.0026947078,0.28178778,-0.0037980324,0.020926772,-0.018235821,0.06731143,-0.0015572449,0.028272275,-0.0020308108,0.00856311,0.1495966,0.05488622,-0.012561304,-0.008047736,0.067213334,0.0028622076,-0.10651139,-0.004918412,-0.009025365,0.0429952,0.14255136,0.023789864,-0.018373622,-0.10180784,-0.1271629
prod_028,0.03270575,0.013808082,-0.012545877,0.0053424067,0.012398164,-0.07110799,-0.013056011,0.0073303394,0.009343972,-0.0019255064,-0.011200943,-0.0050714915,-0.00048793817,-0.0017637173,-0.21445635,-0.0102057615,-0.0062603094,-0.0035644416,-0.017766895,0.015197988,-0.028486077,-0.051158484,0.00094445184,0.247222,-0.015913052,0.015327929,-0.02204765,0.0062656966,-0.0010461827,-0.01750077,-0.003883417,0.18649822,0.09971102,-0.010345464,-0.05114269,-0.26054025,0.03663748,0.18739486,-0.066818036,-0.0028080447,0.32379842,-0.012525062,0.014091661,-0.025390662,-0.017936671,0.016824367,-0.008432147,0.10795709,-0.00958194,-0.012884632,-0.015396243,0.109970525,0.00475916,-0.011822002,0.019680688,-0.13513438,-0.006362919,-0.049425453,0.12782475,0.024542004,0.0289129,0.0255572,0.004976054,0.028746814,0.008974471,0.25899202,-0.023022994,-0.023403214,-0.0072299447,0.00606595,-0.023484735,-0.32327855,-0.0017059792,-0.0101880375,-0.033403568,-0.023262288,-0.04012688,-0.025522633,-0.32358155,0.02732758,0.05154172,0.0015512276,0.002120126,0.0073237238,-0.009808248,0.11589288,-0.014391266,0.0017562264,0.013098094,-0.11228499,-0.10421732,0.007274234,0.014995716,-0.13791591,-0.08391784,-0.0014226473,-0.015946267,-0.1160315,0.053319078,0.021844452,0.034225006,-0.0402083,0.027987879,-0.06505738,0.3233184,-0.026039802,-0.0083407,0.045287974,-0.037700444,-0.084146775,-0.028444808,0.0035718959,0.022683457,-0.017114976,0.11300803,0.0043726955,-0.0034496211,-0.038096003,-0.028587315,0.028332174,-0.018906206,0.006761507,0.20682229,-0.022374207,-0.0063469526,0.00025167395,0.0088921655,0.037648443
prod_029,-0.016982652,-0.043178324,0.030010404,0.0078068194,0.0037696124,-0.0030649288,0.100709476,-0.09624326,0.013372891,0.007664434,-0.027754115,-0.02312434,-0.03808127,-0.1340951,-0.11490868,0.015046067,0.024660198,0.02092164,0.039863795,-0.089875974,-0.046000496,0.06280816,0.089213796,0.20800939,-0.0140364785,-0.0052598487,0.037575547,-0.007471424,0.011881199,-0.01203774,-0.026214752,0.08143213,0.14361459,-0.061600007,0.017061751,-0.30024245,0.0075639826,0.12898038,-0.0388635,0.021717282,0.32441282,-0.0064676977,0.0027352641,-0.0072462778,0.010983047,-0.07670677,0.057945978,0.04455482,0.030725207,0.061735075,0.00390427,0.054365408,0.105385296,0.03631087,-0.031807162,-0.12796172,-0.02850853,0.0040460173,0.061575126,-0.017897556,-0.05674643,-0.050298214,0.005194476,-0.017276345,-0.06184034,0.21716836,-0.010218968,0.053750895,0.014576164,0.00069504784,-0.018975941,-0.34548303,-0.05987234,-0.018427618,0.009808845,-0.019904131,-0.04823533,-0.02553385,-0.3461991,0.0997231,-0.03946301,0.007237166,-0.0063429093,0.023759875,0.048255708,0.06718643,0.100566104,0.009807211,-0.09089213,-0.04567942,-0.09895728,0.018355351,-0.07683776,-0.17135447,0.012660733,-0.009999405,0.001336389,-0.1065885,-0.027861746,-0.028836949,0.008100336,-0.022393567,0.021762246,-0.03626494,0.32498914,-0.023589656,0.010600922,0.009899945,0.03319079,-0.039269123,0.02366514,0.0021372363,0.011002223,0.090031944,0.09753007,-0.01622356,-0.009049583,0.025900412,0.0065731183,-0.061798483,-0.034213785,-0.011861963,0.12347062,0.08231717,0.025261037,-0.017484479,-0.06685822,-0.065711364
prod_030,0.029982883,0.011161062,-0.012243499,0.0076359445,0.016676696,-0.07824903,-0.014326576,0.009817373,0.0056042103,0.0096053565,-0.012025528,-0.0051086107,0.0033912943,-0.00095901854,-0.21042722,-0.008322896,-0.008923531,-0.006058522,-0.020100292,0.013947446,-0.029404791,-0.051717117,-0.0005030004,0.24660465,-0.013657153,0.017268123,-0.022082416,0.0018988793,-0.0020098796,-0.024887577,0.0005376386,0.18435764,0.10254244,-0.014145411,-0.04970178,-0.2661442,0.03598528,0.18476017,-0.07066461,-0.008663423,0.3229354,-0.017613884,0.0122860195,-0.03006211,-0.014727927,0.015890276,-0.00097151374,0.10827074,-0.014244384,-0.01212309,-0.020483844,0.10940411,0.0040873983,-0.010432716,0.019631816,-0.13697357,-0.006624026,-0.045341663,0.12856188,0.023798836,0.022490429,0.02318733,-0.000653657,0.0279053,0.0051342994,0.25771946,-0.027780179,-0.017855035,-0.0068895062,0.012680369,-0.019264253,-0.32078335,-0.00055324927,-0.016379885,-0.029781641,-0.025058407,-0.032753415,-0.022638762,-0.3269934,0.029308883,0.051670104,-0.0066645434,0.004721713,0.011050953,-0.009273498,0.1225249,-0.011955628,-0.0032399257,0.008291668,-0.1078189,-0.10927001,0.002863788,0.012991872,-0.13606028,-0.08377413,-0.0013313948,-0.007771472,-0.12198899,0.04927829,0.020039229,0.038407065,-0.04158689,0.03332856,-0.061996453,0.32173926,-0.02533687,-0.016066836,0.044079427,-0.04090221,-0.078752734,-0.03077433,0.0036976724,0.019260094,-0.014949578,0.112053454,-0.0035689657,6.3583095e-05,-0.040745042,-0.028202644,0.026357364,-0.022160374,0.00012870548,0.20443691,-0.022049591,-0.0027347165,0.007927521,0.010195329,0.036804337
prod_031,0.015946982,-0.01655462,0.012604844,0.005032297,0.012384985,-0.047816023,0.056191083,-0.04663696,0.0018243281,-0.0014432797,-0.01188482,0.0006970596,0.0029997446,-0.071853176,-0.16860369,-0.0028605307,-0.0075518615,-0.0017557591,0.017499039,-0.044513874,-0.020770514,0.007844152,0.04485532,0.23108731,-0.020652346,0.019101284,0.005765896,-0.008274468,-0.00031979676,-0.02216856,-0.00355149,0.14944765,0.11480046,-0.044984136,-0.025904093,-0.29738733,0.016001953,0.1620892,-0.049578022,-0.0021349324,0.3494869,-0.0093060285,0.010186445,-0.022776593,-0.016394453,-0.03207372,0.02799491,0.070773035,0.0073938905,0.02950279,-0.014106612,0.079506025,0.052122485,0.019057235,-0.011214968,-0.1319051,-0.004130245,-0.016518798,0.09457057,0.017846195,-0.018488204,-0.0041082487,0.0020021512,3.5598016e-05,-0.025981784,0.25690258,-0.021641435,0.021003084,0.006191176,0.013049267,-0.014417302,-0.35190028,-0.03838626,-0.013303044,-0.006417388,-0.02575902,-0.026564367,-0.02108293,-0.3483631,0.062765054,0.0029051823,0.005599098,0.0030400774,0.014206299,0.009745704,0.10190966,0.05633695,0.009046407,-0.0501148,-0.08396826,-0.097387634,0.013369979,-0.037917946,-0.16532318,-0.046320923,-0.00024117593,-0.0030687023,-0.103120394,0.022588069,0.0015025336,0.02859536,-0.038544297,0.027991813,-0.04259713,0.34572333,-0.019901982,-0.016648548,0.025771497,-0.015222068,-0.06288951,-0.020418804,0.011013841,0.027342882,0.04530788,0.10582399,0.0072879363,0.008296251,-0.0031471292,-0.034621187,-0.009632981,-0.004720663,0.008960933,0.17544243,0.03642262,0.0034843835,-0.004537265,-0.020627813,-0.008270607
prod_032,-0.028127143,-0.07456408,0.046341095,0.0038957847,0.0074374895,0.042480543,0.19567785,-0.16081631,0.0010155033,0.0115787,-0.0017581134,0.00228017,0.0017801333,-0.21319959,-0.004024273,0.031395163,-0.0003040069,-0.000341567,0.066132896,-0.15746073,0.003917566,0.1447658,0.13849853,0.10579269,-0.020706743,0.019721242,0.07141835,-0.02417665,0.004966502,-0.023641858,-0.018776786,-0.008133061,0.11160483,-0.09741216,0.062234584,-0.26183686,-0.018445695,0.02698902,0.008104424,-0.0014284707,0.257221,0.0016906172,0.0017988952,0.0040090024,0.0013325192,-0.14449437,0.0945466,-0.03046339,0.04871586,0.11954888,-0.00675329,-0.022130126,0.15239206,0.06592441,-0.08226313,-0.08228566,-0.0060991766,0.05394955,-0.019644061,-0.004197353,-0.11398334,-0.07902544,-0.004830701,-0.06510298,-0.0887702,0.13250096,0.0059864894,0.09743027,0.02389473,0.004518411,-0.0017596721,-0.27016485,-0.11030119,-0.010500942,0.04283643,-3.0070189e-05,0.0031634956,-0.004121159,-0.2680631,0.11417226,-0.104458205,0.017764095,0.00030738808,0.007595834,0.05400567,0.017872933,0.17550956,0.021736525,-0.15591903,0.016306091,-0.056718722,0.008416509,-0.14657106,-0.14585967,0.08052614,-0.006764808,0.025123172,-0.038079023,-0.08520897,-0.0459676,-0.001819981,-0.033583853,0.00763334,0.0062492457,0.26704425,0.014429166,0.00039925292,-0.020153252,0.044656806,0.009093162,0.0056640967,0.003586473,0.009209189,0.16503002,0.035155233,0.0034069528,0.018157994,0.07537111,-0.023280902,-0.11117346,0.024102677,-0.008137565,0.02282089,0.15022993,0.015633577,-0.005704339,-0.096557505,-0.123169206
prod_033,-0.03640426,-0.073649995,0.050815444,0.004264305,0.0143934665,0.04365954,0.193003,-0.16190459,0.006241032,0.009772369,-0.0051512374,-0.0005167066,-0.0015296333,-0.21812207,0.004880251,0.030279486,0.009188293,0.012569129,0.073767416,-0.15929192,-0.0030896387,0.15392344,0.14128853,0.09700832,-0.019150065,0.01411662,0.06563818,-0.020035945,0.009374617,-0.008214574,-0.022533204,-0.015071832,0.112305894,-0.09476468,0.07161892,-0.25000682,-0.025204929,0.022632625,0.007930226,0.0050348635,0.2404005,0.0017921971,0.007215633,0.007737868,0.01153287,-0.15039727,0.09072832,-0.027033348,0.048026085,0.12048143,-0.0013183699,-0.028014522,0.15848123,0.0756549,-0.08489357,-0.08054586,-0.013838375,0.054026857,-0.027339466,-0.019525005,-0.11790847,-0.08098105,-0.00074503827,-0.064879,-0.094528496,0.121583804,0.010907342,0.10615078,0.023518894,-0.002209265,-0.008092397,-0.26385197,-0.10446473,-0.014187909,0.041640922,-0.00063533225,-0.0040356596,-0.013126545,-0.25613248,0.12322407,-0.113087974,0.016795311,-0.0058920374,0.01088616,0.06744447,0.0069063464,0.17655076,0.014906318,-0.16018438,0.02171785,-0.049367998,0.013638509,-0.14807038,-0.13964781,0.086400665,-0.0013891887,0.026789993,-0.03977419,-0.09226604,-0.04882164,-0.009770871,-0.02250239,0.012168751,0.012623183,0.25512406,0.010129325,0.005290233,-0.026155446,0.06288626,0.017870208,0.0115473475,0.0026008293,0.0057991985,0.1682201,0.035057776,-0.0098236855,0.003251374,0.07562998,-0.014007821,-0.11750175,0.016862387,-0.0098292,0.008717104,0.15783954,0.019789144,-0.0030144695,-0.103182636,-0.13672487
prod_034,0.010604917,-0.010739356,0.004104544,-0.005675507,-0.022006672,-0.016631275,0.014980258,-0.034680076,0.038582385,-0.024177462,-0.03828579,-0.056541946,-0.08407238,-0.043776233,-0.18432297,-0.013973847,0.061043926,0.029085392,-0.0076772245,-0.017664397,-0.08400139,-0.015653765,0.031618975,0.25266272,-0.017531991,-0.025148116,0.010647317,0.02648146,0.026188744,0.0018849602,-0.041039437,0.1422383,0.1339705,-0.013282571,-0.017697906,-0.26612952,0.03969108,0.18469082,-0.06646307,0.044410832,0.31138018,0.006065464,0.005581301,0.0046659117,0.026137287,-0.021815771,0.010680127,0.08188902,0.017414602,0.0068947827,0.020246567,0.10836445,0.044303443,-0.015773367,0.019433206,-0.13709788,-0.054600056,-0.038002815,0.111675814,-0.008137151,0.0126821175,-0.02426296,0.033009443,0.01914282,-0.01752809,0.2375925,-0.00673019,-0.01919156,-0.0068832966,-0.036161654,-0.052821007,-0.32711646,-0.008306856,-0.008723418,-0.022381399,-0.007451028,-0.10720409,-0.041758712,-0.33697826,0.05501083,0.026939794,0.018811764,-0.016181614,0.010302821,0.023049135,0.086487114,0.02058687,0.022111043,-0.010878768,-0.09539982,-0.113692395,0.032836888,-0.0031626844,-0.15390009,-0.03619936,-0.019504305,-0.044381533,-0.119503856,0.018773085,0.002819285,-4.392744e-05,-0.020871336,0.023898007,-0.07295556,0.3125059,-0.052261136,0.048636407,0.024597973,0.027195567,-0.09572929,0.051766623,-0.005356623,0.00880229,0.021303453,0.13092655,-0.015685935,-0.042522848,-0.011147034,0.037069894,-0.0063005956,-0.06418607,-0.0025171735,0.17075637,0.0075430283,0.015881928,-0.06390125,-0.032547012,-0.0065497053
prod_035,0.019797254,0.0085384585,-0.006712994,-0.017356073,-0.038366564,-0.01253635,-0.026276639,-0.0053024464,0.056175098,-0.040174812,-0.041113485,-0.07356953,-0.110208325,0.0032965024,-0.19752803,-0.029152602,0.08478681,0.033035614,-0.029952291,0.018394042,-0.10096209,-0.051288813,0.0031452156,0.2534456,-0.019339515,-0.039723355,-0.004211078,0.045576744,0.03784438,0.013499391,-0.05306816,0.15471442,0.1222777,0.014658754,-0.028054575,-0.2269054,0.052537818,0.19236898,-0.074539535,0.058689114,0.27578956,0.012871292,0.007504391,0.016171034,0.0361313,0.0041303565,-0.017275738,0.08986885,0.018105177,-0.023286672,0.03213001,0.124748275,0.0096961185,-0.040227517,0.042854376,-0.13023905,-0.06893301,-0.054062955,0.12651518,-0.006151158,0.048270833,-0.014348673,0.049741406,0.037820928,0.005334336,0.22475396,-0.0019189246,-0.059603594,-0.018882586,-0.060643397,-0.070340626,-0.29375216,0.0149218235,-0.0020121306,-0.04057003,0.004189321,-0.13977404,-0.049778424,-0.3050046,0.027354015,0.059045475,0.027852667,-0.02549716,0.0045781,0.009188986,0.0842184,-0.019457057,0.031505093,0.03188159,-0.10787075,-0.112377815,0.04330787,0.034451973,-0.13333777,-0.049985293,-0.02864618,-0.07003374,-0.11112879,0.037305817,0.015917195,-0.007927969,-0.018069772,0.020266002,-0.08694336,0.28080907,-0.065525606,0.07426318,0.02957533,0.028287575,-0.12034447,0.071849585,-0.009618879,0.0057525896,-0.010839995,0.1372207,-0.011761509,-0.065104194,-0.02888664,0.05612097,0.021301731,-0.07658038,0.00343224,0.17819616,-0.031938225,0.008135728,-0.09219234,-0.021012392,0.02456051
prod_036,-0.002194546,-0.042285204,0.026823664,0.0072985403,0.0027070034,-0.009633497,0.11898405,-0.10054144,-0.0021487635,0.007815748,-0.008171953,-0.0066991854,0.006019392,-0.14457601,-0.11931083,0.024597548,-0.0082343295,-0.004430493,0.034307744,-0.09282046,-0.016235247,0.064376466,0.093711145,0.19912297,-0.018369352,0.022720056,0.03955078,-0.019426722,-0.00089527003,-0.026579676,-0.004097898,0.08625487,0.12004608,-0.07880728,0.009739579,-0.3013514,0.0068291505,0.1178679,-0.02281998,-2.3739069e-05,0.3417589,-0.00565278,-0.005729425,-0.009452936,-0.02519767,-0.07578561,0.061950255,0.028805304,0.024808541,0.067319565,-0.0131928865,0.049824823,0.10252841,0.036460087,-0.041353323,-0.12086305,-0.0060732868,0.013580905,0.053514343,0.01981897,-0.05319064,-0.045874316,-0.0069656493,-0.032977678,-0.0590198,0.22842625,-0.010199293,0.051147934,0.017466392,0.009827398,-0.0062796543,-0.3325915,-0.07630289,-0.009987793,0.01939911,-0.021094134,-0.016713299,-0.010870409,-0.33092165,0.09557204,-0.04636294,0.010400822,0.0027812456,0.013063452,0.032866426,0.0712775,0.10765711,0.013492839,-0.0987009,-0.056146555,-0.09307217,0.005290153,-0.092546925,-0.1709725,0.0073001734,-0.006742028,0.0052934797,-0.08488603,-0.019949304,-0.024379952,0.024573054,-0.047898915,0.014523672,-0.031019388,0.3428125,-0.007473372,-0.013041799,0.0065075266,-0.001657986,-0.034084123,-0.014915773,-0.0004833391,0.01670547,0.093181856,0.085655324,0.0011298307,0.023206543,0.03426297,-0.037290774,-0.060362536,0.009556696,-0.019821566,0.13154143,0.09434432,0.017403297,-0.01327544,-0.05427239,-0.06502467
prod_037,-0.031229714,-0.056785703,0.04324238,0.014414865,0.014308528,0.021226004,0.15759964,-0.13637398,0.0065383576,0.015082161,-0.008629763,-0.011232265,-0.0051387628,-0.19684225,-0.0383819,0.0331835,0.008285523,0.011938582,0.058917042,-0.13104194,-0.023788452,0.12376123,0.12505631,0.14850721,-0.012260251,0.01219304,0.0623594,-0.014297223,-0.0016608894,-0.0067554195,-0.018967837,0.019923681,0.13149302,-0.08512427,0.0561318,-0.27828002,-0.013028074,0.061334737,-0.010347543,0.00804918,0.28434622,-0.006086551,0.008912169,0.004033226,-9.2437e-05,-0.118172556,0.08074864,0.006782097,0.039498635,0.10044726,-0.0056194547,0.007549779,0.13976634,0.061326656,-0.06607078,-0.10899253,-0.018320743,0.03373584,0.006811978,-0.01705633,-0.09379702,-0.07219575,-0.00034535074,-0.051622674,-0.086382635,0.17121363,-0.00336159,0.09478004,0.026713746,-0.00056394946,-0.0136315245,-0.30088356,-0.09093582,-0.020992666,0.031987917,-0.013020207,-0.016410034,-0.015173265,-0.29798374,0.12457574,-0.09421875,0.008764245,-0.00869441,0.019484572,0.065266035,0.02587376,0.14633134,0.0055561764,-0.14045721,-0.007331716,-0.06508284,0.01122226,-0.1330024,-0.15775153,0.053907335,0.002136768,0.02399491,-0.07655626,-0.07144229,-0.04460096,0.006792623,-0.020793732,0.016742855,-0.008549276,0.29344368,-0.006330191,-0.0027353514,-0.011831915,0.056318667,0.0016734013,0.0060459967,0.00015200472,0.0039929226,0.1366123,0.064880684,-0.018934172,0.0059826644,0.059787404,-0.012238244,-0.10511259,-0.0006031082,-0.022412386,0.05991371,0.13761522,0.028993262,-0.0015517469,-0.09445504,-0.124997266
prod_038,0.056872796,0.035916213,-0.04023604,-0.021122055,0.0038015526,-0.059185483,-0.06690899,0.052400213,0.022666315,-0.032080293,-0.010391353,-0.014625674,-0.03697653,0.069784604,-0.23604359,-0.042116612,0.02271809,0.013796262,-0.046407837,0.06399406,-0.050428763,-0.09004924,-0.049850706,0.23509942,-0.031908657,-0.0017325048,-0.042372543,0.033482127,0.011341411,0.0017952162,-0.02363405,0.20852795,0.067942165,0.028744584,-0.07038838,-0.20246606,0.06122836,0.18991767,-0.086261064,0.004460218,0.26039636,0.0105023645,0.033069756,-0.008917759,0.010764838,0.05168097,-0.05312915,0.12849602,-0.021043923,-0.055946596,-0.006381238,0.12697859,-0.05137499,-0.050091863,0.053988036,-0.115986,-0.020948892,-0.07308054,0.12714121,0.019760473,0.07030244,0.05101753,0.029413333,0.056395706,0.044392828,0.22684751,-0.009160637,-0.07390157,-0.03574971,-0.018878032,-0.04459526,-0.26789576,0.037965186,-0.0023762512,-0.06687597,0.0040447153,-0.079157114,-0.038197786,-0.2722594,-0.024177996,0.09142575,0.010771798,-0.0024015263,-0.009669894,-0.032185707,0.11604106,-0.07276905,0.008959147,0.0786247,-0.13457404,-0.100034766,0.02418651,0.07565167,-0.09438577,-0.11818849,-0.006097522,-0.04669594,-0.09952685,0.0786274,0.04520798,0.017159607,-0.029379021,0.013043972,-0.07952904,0.27760637,-0.034660727,0.025384445,0.05295214,-0.047791023,-0.122144975,0.004242851,-0.004354641,0.02190051,-0.05955154,0.10619866,0.0064951363,-0.03670313,-0.06967038,-0.00028065278,0.07160009,-0.03142972,0.03580042,0.20661871,-0.07800499,-0.03247589,-0.02123707,0.040309437,0.07787361
prod_039,0.0070355884,-0.017104821,0.011115074,0.025177432,0.019246055,-0.064589046,0.040750027,-0.04283449,-0.0029830616,0.023580045,-0.0141287055,-0.00019081106,0.021386137,-0.07488863,-0.16331069,0.016591983,-0.026115004,-0.014629679,0.0064476654,-0.042225137,-0.013197473,0.0024331938,0.04894914,0.23131834,-0.0048506367,0.02154088,0.005872777,-0.0147607075,-0.009750605,-0.03218882,0.012635123,0.14114822,0.1249535,-0.042941514,-0.020927997,-0.2990294,0.009284126,0.15867841,-0.045848526,-0.005394456,0.34840992,-0.02932579,-0.002077245,-0.032568276,-0.03215326,-0.025282646,0.03829072,0.07325169,0.004865409,0.031192556,-0.022138065,0.084194206,0.06040879,0.02006821,-0.018244635,-0.13946027,0.0031477837,-0.016012365,0.1053906,0.018992145,-0.022383181,-0.0048581227,-0.019366879,0.0025511032,-0.031046938,0.25333497,-0.03704613,0.028152378,0.015750382,0.028705055,0.002188609,-0.34508872,-0.039179355,-0.02468897,0.0008354705,-0.041092124,-0.0060988693,-0.011755633,-0.3408073,0.070801616,0.0069911066,-0.0110148,0.003387556,0.026111456,0.012104807,0.10229033,0.05161448,-0.00692636,-0.05537605,-0.073433615,-0.099884555,-0.0064988523,-0.046655696,-0.16612974,-0.04143376,0.0010961156,0.010770707,-0.12116612,0.012672538,-0.0029583967,0.04567178,-0.03979333,0.03828723,-0.043197263,0.3311036,-0.017733082,-0.03347533,0.02819181,-0.016214715,-0.04479574,-0.046540383,0.008284951,0.017743884,0.037728194,0.10896011,-0.0009421696,0.020102553,-0.000115600495,-0.04215148,-0.019408219,-0.010565939,-0.018775126,0.1730551,0.03712331,0.019597525,0.01992844,-0.024904804,-0.01603864
prod_040,-0.016859474,-0.08175492,0.05187786,-0.01824359,-0.01022657,0.067329265,0.20495692,-0.16581887,0.013778755,-0.013418121,-0.0033680832,-0.012458393,-0.021478979,-0.20059732,-0.008390336,0.020228531,0.019952117,0.007595681,0.068113014,-0.15975353,-0.01064993,0.14282002,0.13448526,0.10567156,-0.033219423,0.015353951,0.08533247,-0.010380872,0.014045614,-0.017446414,-0.032464284,-0.0072945687,0.10748051,-0.09972717,0.051917605,-0.25795457,-0.008403863,0.025519924,0.00563965,0.008081164,0.26558164,0.021193344,0.010971793,0.016738096,0.0076553114,-0.14115609,0.08875217,-0.0428043,0.05653896,0.116083585,-2.7916709e-05,-0.025995176,0.13907933,0.05800596,-0.075253144,-0.074192844,-0.016148768,0.05642756,-0.033721052,-0.0021795216,-0.110971585,-0.08394047,0.018799204,-0.06857054,-0.08657618,0.1353938,0.021841705,0.08536915,0.02151424,-0.007296614,-0.011345895,-0.26461866,-0.11671417,0.0014802295,0.03581166,0.013974856,-0.022934657,-0.0017020146,-0.2740006,0.09988117,-0.10330835,0.036350705,-0.005000089,-0.0046447148,0.052335456,0.023613077,0.17682499,0.04172336,-0.15140748,0.008552064,-0.05718682,0.026376178,-0.13954687,-0.1483266,0.083551966,-0.01816535,-0.0018569536,-0.022217486,-0.07390455,-0.04056359,-0.0072030216,-0.03448128,-0.0052033863,0.00011765572,0.27372035,0.013313433,0.016439505,-0.01780254,0.044840276,-0.014494871,0.025990887,0.005718704,0.016978806,0.16154206,0.035882473,0.023370264,0.017892016,0.08056969,-0.008978654,-0.10080706,0.028306859,0.0071730255,0.030043263,0.14814475,-0.0016532169,-0.042884056,-0.09583693,-0.118539214
prod_041,-0.02737785,-0.08317898,0.054322056,-0.022960512,-0.010082964,0.103476584,0.24247943,-0.18566266,0.025146224,-0.022665542,-0.0019266859,-0.020115655,-0.032278616,-0.2333031,0.0732111,0.028926698,0.044596992,0.017771369,0.077441685,-0.18155241,-0.0021949434,0.18889935,0.15129137,0.02121712,-0.03811405,-0.0001405559,0.099131465,0.00257539,0.026662083,0.00046247448,-0.049313005,-0.06952343,0.068028964,-0.095182724,0.08254457,-0.17581496,-0.029290417,-0.042934794,0.035840258,0.014810633,0.15627125,0.03127179,0.009099229,0.044196818,0.029703736,-0.18105532,0.0880606,-0.07665911,0.06398923,0.13370697,0.014830241,-0.06814624,0.1583229,0.054767404,-0.09098217,-0.03435763,-0.026483743,0.07199383,-0.07627211,-0.020109352,-0.13094252,-0.09915475,0.034972332,-0.08338405,-0.09964207,0.040361356,0.043528654,0.09526421,0.013104265,-0.033463154,-0.020010779,-0.1700368,-0.13291067,0.016592108,0.05347267,0.03434104,-0.020988265,-0.006597123,-0.18387824,0.09338668,-0.12810627,0.04295343,-0.017126733,-0.01936468,0.06599527,-0.030225437,0.1919166,0.051070943,-0.1605395,0.05300061,-0.01612115,0.031590465,-0.15644792,-0.09236418,0.124415815,-0.016325343,-0.004265201,0.018951166,-0.115293466,-0.049535893,-0.036345396,-0.024625748,-0.007476313,0.027708763,0.18152823,0.021258822,0.045003556,-0.04012538,0.07757033,0.014228776,0.046128932,-0.0067846742,0.0024829153,0.1852474,-0.012487515,0.022170031,-0.0022701363,0.10207839,0.00665254,-0.12495246,0.030618718,0.0153182,-0.058225013,0.17185976,-0.0051915757,-0.041227967,-0.12328852,-0.15262713
prod_042,-0.0028927089,-0.03164606,0.018068084,0.03394301,0.028297879,-0.053351596,0.08186827,-0.07411238,-0.014416119,0.038630556,-0.0121635115,0.009290233,0.034640867,-0.11637432,-0.12197591,0.023203777,-0.03344789,-0.017577277,0.02357612,-0.07282376,0.00061434624,0.04082848,0.072475225,0.21533957,0.0018597785,0.02827198,0.020418745,-0.025726477,-0.013195348,-0.038541805,0.015535323,0.1057708,0.13128215,-0.06639048,0.0013872373,-0.30638063,0.0017771167,0.12786587,-0.032258336,-0.016757721,0.33993292,-0.033622373,-0.005636998,-0.031065963,-0.030860953,-0.054293297,0.0632909,0.05376607,0.006843217,0.051143024,-0.0314543,0.06143772,0.087003976,0.04145216,-0.03676969,-0.1299636,0.00751554,0.0023452528,0.08150911,0.017898524,-0.050581824,-0.027070707,-0.032556962,-0.014336879,-0.048870884,0.23381206,-0.037196983,0.058523368,0.02474601,0.04137047,0.010100836,-0.34082997,-0.05456168,-0.031865492,0.015597242,-0.043284297,0.016707052,-0.0042186882,-0.3365753,0.093325384,-0.023467652,-0.01848216,0.0052930713,0.030519566,0.022570483,0.088445604,0.08602018,-0.009780288,-0.0908839,-0.046656124,-0.09357655,-0.011852928,-0.080304295,-0.1727387,-0.015395052,0.006768715,0.03090929,-0.114234135,-0.014624833,-0.021930497,0.042397134,-0.03814539,0.033739824,-0.026218811,0.32658073,-0.0094696665,-0.047559384,0.021177355,-0.006255561,-0.020994069,-0.047024388,0.011810985,0.0128942495,0.07035521,0.09184839,-0.012229591,0.03551211,0.016167402,-0.048794262,-0.049325157,-0.00074732216,-0.026201159,0.1416739,0.07081473,0.027608784,0.034721453,-0.038999733,-0.044940535
prod_043,-0.026075872,-0.08269833,0.05466174,-0.029528419,-0.009307865,0.10930309,0.24426912,-0.18802345,0.027162597,-0.027481928,-0.0011717564,-0.024804825,-0.03744459,-0.2302022,0.08109111,0.026874447,0.049494497,0.022990867,0.07692163,-0.18383831,-0.0023147503,0.19436735,0.1494171,0.010408033,-0.04011981,-0.005190055,0.10211266,0.009042677,0.03214651,0.005269847,-0.053210307,-0.07543931,0.06346684,-0.09444679,0.082559496,-0.16170128,-0.03296725,-0.05074555,0.04106128,0.019424567,0.14258169,0.035996486,0.010795296,0.046906356,0.034295555,-0.18505695,0.08492986,-0.08256078,0.06293427,0.13593401,0.017567385,-0.074356385,0.15848082,0.05027458,-0.09312098,-0.026933683,-0.030203955,0.07050151,-0.08343805,-0.021466194,-0.13220772,-0.097902276,0.04073118,-0.08281962,-0.101623505,0.027009485,0.049718972,0.09249308,0.009070455,-0.03816307,-0.023069495,-0.15244468,-0.13424121,0.020285485,0.054063667,0.03907425,-0.020857003,-0.0081402045,-0.17025554,0.08756032,-0.12976831,0.046988092,-0.01834526,-0.023012152,0.068074696,-0.037711743,0.19071889,0.05418391,-0.15870732,0.05911835,-0.009678068,0.03639139,-0.15387078,-0.082588576,0.13152058,-0.016375178,-0.010611035,0.029345356,-0.11771957,-0.04976526,-0.03925074,-0.022337535,-0.0051666405,0.030206177,0.16914167,0.019567532,0.05187313,-0.041136794,0.083652444,0.014131875,0.047590118,-0.0072131217,0.003089616,0.18413432,-0.01673987,0.026553096,-0.008705628,0.1054663,0.010781357,-0.12558047,0.033337593,0.017317737,-0.07213354,0.17338307,-0.009689879,-0.04656096,-0.12459364,-0.15294716
prod_044,0.058665123,0.037305713,-0.046846706,-0.031763192,-0.0008346682,-0.04803193,-0.07983939,0.0596407,0.023956055,-0.044040307,-0.008324164,-0.02179464,-0.05529748,0.08584787,-0.23416193,-0.050420534,0.03243148,0.022233259,-0.0487766,0.07348461,-0.06393418,-0.093195714,-0.060447294,0.2261465,-0.039065655,-0.01127403,-0.041763328,0.038063947,0.014906328,0.012668472,-0.030411223,0.20902206,0.059576068,0.03318353,-0.076933615,-0.1852997,0.06796438,0.18699571,-0.0889193,0.015192147,0.24387006,0.018897464,0.039809547,-0.0011845613,0.019231772,0.058773756,-0.06593207,0.12779775,-0.018450398,-0.05838327,-0.0021789826,0.12946515,-0.06412974,-0.061265722,0.059059907,-0.1083494,-0.03034035,-0.081863016,0.12059563,0.011166434,0.07922813,0.056605246,0.039474264,0.06234608,0.05173549,0.21284714,-0.005446479,-0.08403658,-0.045322873,-0.028936222,-0.051304616,-0.24866979,0.04373379,0.0022752497,-0.073570296,0.012829471,-0.089221135,-0.040990386,-0.25937256,-0.040137973,0.096369445,0.017519519,-0.0014329834,-0.015442948,-0.03250775,0.1112703,-0.0830914,0.013533972,0.09277284,-0.14063442,-0.093379185,0.03441901,0.08678557,-0.082187936,-0.12327877,-0.0056282347,-0.058953255,-0.090607665,0.08412296,0.04858455,0.009360693,-0.021782711,0.007130398,-0.08462808,0.2590096,-0.045573495,0.036277443,0.056204516,-0.043956287,-0.13066526,0.018244646,-0.006606693,0.021088004,-0.06903028,0.10544377,0.011920634,-0.045555122,-0.07492304,0.013282383,0.07995603,-0.03726154,0.043742258,0.20128614,-0.08712285,-0.04200663,-0.02923844,0.047988936,0.08460197
prod_045,-0.027214803,-0.05335562,0.032840032,0.026522331,0.029623581,-0.019120637,0.12761466,-0.1110361,-0.014289329,0.041078974,-0.011321826,0.0058384156,0.02182061,-0.16300967,-0.0784927,0.028552255,-0.018783346,-0.0062216152,0.05122174,-0.11344556,-0.0007399528,0.09195749,0.10573591,0.17951535,-0.005303069,0.023607653,0.036068786,-0.030670615,-0.004718325,-0.031213684,0.00026075862,0.058547806,0.13344708,-0.083709374,0.034921024,-0.30136263,-0.0052111386,0.09011893,-0.021790016,-0.011136471,0.31122363,-0.02626275,-0.005833532,-0.02032638,-0.0100514935,-0.09645914,0.077692114,0.028618207,0.017596683,0.08624764,-0.021609522,0.028121991,0.123981096,0.06285153,-0.056350414,-0.118226506,0.00038738098,0.020638855,0.041219622,-0.003320158,-0.08170469,-0.048037857,-0.026392903,-0.029721411,-0.07166258,0.19833711,-0.019920956,0.084351406,0.026146153,0.03104684,0.0027173809,-0.3264982,-0.07515351,-0.02906497,0.025030356,-0.03189266,0.014411204,-0.0065184925,-0.3197683,0.113352,-0.06482139,-0.012598327,0.003097478,0.02408274,0.047272056,0.061642326,0.12525332,-0.0052285288,-0.12613371,-0.021583928,-0.08478827,-0.0053327275,-0.11050377,-0.16644146,0.02636488,0.009476528,0.038502347,-0.09747031,-0.052804627,-0.03764837,0.021160085,-0.030757813,0.031509295,-0.015114493,0.31200886,-0.005268037,-0.031985696,0.007542584,0.02096608,-0.0033870763,-0.022261351,0.0063613546,0.005968664,0.11316001,0.07334441,-0.01937885,0.024910234,0.037644833,-0.032871816,-0.0820758,6.905805e-05,-0.026571114,0.09425427,0.11024964,0.030439459,0.031629264,-0.06867548,-0.08275859
prod_046,0.041020505,0.03243046,-0.036497235,-0.017482484,-0.00872646,-0.053964615,-0.077339396,0.05197599,0.031909317,-0.02615435,-0.020501968,-0.037672255,-0.062165365,0.07821801,-0.23041344,-0.045134444,0.047511674,0.015639387,-0.05715474,0.059559584,-0.06419146,-0.09186912,-0.05138965,0.2447303,-0.018741803,-0.01268804,-0.03825804,0.040328033,0.020399034,-0.004826393,-0.025490718,0.20489682,0.08120866,0.03905119,-0.058379125,-0.19438794,0.070082836,0.19524641,-0.08480567,0.018001568,0.24829479,0.0057930504,0.01316637,-0.0045217555,0.028679566,0.049245443,-0.046903443,0.12482844,-0.01796475,-0.058272637,0.0054028584,0.1441914,-0.04922923,-0.05776809,0.061900068,-0.11863529,-0.037051123,-0.07257769,0.13839878,0.016399793,0.08199639,0.028614445,0.028283846,0.06868053,0.0413082,0.21632332,-0.0048743323,-0.0852102,-0.043169048,-0.03270695,-0.06130413,-0.24960978,0.04679511,-0.0024980463,-0.06384082,-0.0010053694,-0.10435421,-0.03531201,-0.26294312,-0.018441461,0.09532418,0.0052688746,-0.008542737,-0.007863593,-0.02621041,0.109417364,-0.08254835,0.016720364,0.07777158,-0.1348385,-0.107602656,0.020541405,0.080090284,-0.09129022,-0.104330674,-0.010911196,-0.05924513,-0.110643394,0.06419207,0.043583408,0.013147492,-0.024449987,0.021131258,-0.087479234,0.2594184,-0.05303933,0.038550127,0.052613083,-0.022981482,-0.13484845,0.026990404,-0.013990656,0.012362645,-0.06170224,0.12414065,-0.002410631,-0.045826934,-0.0671496,0.020741109,0.059949216,-0.04942901,0.017240983,0.19454831,-0.0796087,-0.016220316,-0.041039683,0.03198018,0.076904796
prod_047,-0.033558484,-0.06601504,0.040480033,0.024926618,0.028201934,0.009381588,0.16514756,-0.13822185,-0.008577079,0.039283004,-0.00413893,0.0066707935,0.025310421,-0.19854413,-0.024794573,0.035985176,-0.01808628,-0.009579304,0.06184003,-0.1403678,0.011268286,0.13188851,0.13114722,0.13509454,-0.009544724,0.030266685,0.051167384,-0.027950553,-0.003871459,-0.026632987,-0.005464428,0.012106495,0.12218162,-0.094782226,0.06470041,-0.27918905,-0.015230264,0.04533646,-0.0045941845,-0.0137576815,0.27116153,-0.01911677,-0.0021657068,-0.0076024514,-0.0024473274,-0.13017029,0.088985115,-0.0026461992,0.030077098,0.11079168,-0.020219453,-0.007636673,0.14667208,0.07330119,-0.07620049,-0.102448925,0.00042045003,0.040880293,0.0061547854,-0.0047647976,-0.10315203,-0.063827984,-0.025425436,-0.053615853,-0.08393735,0.15500207,-0.010366086,0.10461018,0.026026387,0.019999404,0.0019542407,-0.2903999,-0.092638426,-0.028990196,0.037936047,-0.01586056,0.022221679,0.00040972902,-0.2838841,0.124919355,-0.09629096,-0.005298119,0.00037634498,0.018879186,0.05417743,0.03278906,0.15284471,-0.0048839166,-0.14964347,0.0067684837,-0.06652878,-0.00594874,-0.14192298,-0.1560154,0.05831464,0.01015354,0.044356517,-0.06778547,-0.08172334,-0.047466677,0.009362106,-0.033690564,0.022874339,-0.0010973428,0.28497583,0.004665202,-0.02225727,-0.010116337,0.03775743,0.017342081,-0.014788855,0.003163976,-0.00041630675,0.144239,0.047755737,-0.022029392,0.022375563,0.058406528,-0.034207538,-0.10610348,0.014618368,-0.02298233,0.0450692,0.14132954,0.029020028,0.02717419,-0.09057694,-0.11914904
prod_048,-0.033491045,-0.06562873,0.045361277,0.0069494303,0.015491231,0.027745984,0.17045838,-0.14397003,0.004446578,0.010736736,-0.01062393,-0.0030064234,-0.0053992784,-0.2029325,-0.028475797,0.028668273,0.009565258,0.0147195,0.06585559,-0.1434383,-0.01520861,0.13133115,0.12895647,0.13221638,-0.017138077,0.01044886,0.059798002,-0.020125957,0.0052301777,-0.009054026,-0.019170303,0.012508447,0.124296874,-0.08941721,0.055920143,-0.27311945,-0.01825068,0.054793075,-0.0064665168,0.011015268,0.2739262,-0.002855158,0.006268842,0.0013244203,0.007233042,-0.13140114,0.084017195,-0.0047569736,0.042309202,0.10759603,-0.0016029024,-0.0032669373,0.14805111,0.068850026,-0.07509849,-0.09672097,-0.01615709,0.040893644,-0.0040225107,-0.018646155,-0.10475252,-0.07432491,0.00048792842,-0.052959036,-0.08966853,0.1555946,0.002898523,0.09760573,0.02255247,0.0014201099,-0.010424746,-0.29700658,-0.09445101,-0.016393008,0.0344291,-0.010067786,-0.01363246,-0.018357944,-0.28838205,0.12093118,-0.09718295,0.010663833,-0.005090784,0.015331836,0.06505099,0.02260185,0.15914755,0.011845345,-0.14861722,0.0024960374,-0.06230376,0.013416969,-0.13332795,-0.15235291,0.063798554,-0.0010212173,0.023195103,-0.062443513,-0.075345695,-0.04435311,-0.0006664186,-0.021642642,0.0152333435,0.0020144745,0.28311408,0.0009187158,0.0019245977,-0.016850716,0.05687776,0.0044467133,0.009320664,0.0012279671,0.008745661,0.15086998,0.05485053,-0.012263849,0.003060177,0.064913526,-0.011897688,-0.10721547,0.005621543,-0.011598957,0.044146392,0.14261974,0.024229221,-0.0013395821,-0.09445331,-0.122135565
prod_049,0.052538875,0.030558635,-0.027937505,-0.013348493,0.0033786476,-0.065553986,-0.056104854,0.04442591,0.02085758,-0.022683801,-0.011249719,-0.016240107,-0.03314656,0.05740021,-0.23249963,-0.029523065,0.018219003,0.010596579,-0.040644176,0.054797374,-0.05602107,-0.08508049,-0.04158801,0.23929004,-0.029621117,-0.0029150883,-0.035204116,0.027471814,0.0090627,-0.0020030064,-0.022300322,0.20458207,0.07727796,0.020691205,-0.06958153,-0.21496697,0.05490887,0.1978385,-0.08463684,0.005517695,0.27810168,0.006622966,0.028814143,-0.014437147,0.007934757,0.04387435,-0.044277348,0.12364313,-0.014690043,-0.04362841,-0.008575021,0.12525854,-0.039085872,-0.04469043,0.0498026,-0.12496254,-0.023731431,-0.064065024,0.13290349,0.019621134,0.06065525,0.04632433,0.028272064,0.048402686,0.0340179,0.23581052,-0.016713714,-0.062876895,-0.027453074,-0.014245343,-0.039626654,-0.27475515,0.03181327,-0.0033748876,-0.05711803,-0.0030530903,-0.07157884,-0.034409277,-0.28854766,-0.011512114,0.08347077,0.012467517,0.0015023437,-0.0033860726,-0.026988966,0.12067428,-0.05946216,0.0081467545,0.0665986,-0.13122937,-0.10569042,0.020561583,0.06378638,-0.101076715,-0.109253764,-0.009701695,-0.0394545,-0.10377938,0.07837859,0.036327325,0.021936167,-0.034935344,0.020133428,-0.078089386,0.28953865,-0.03391981,0.01970721,0.04706542,-0.040999405,-0.11131586,-0.00056147773,-0.0028498603,0.023625247,-0.05151988,0.11305607,0.0058540846,-0.02989833,-0.063264735,-0.002263354,0.06152782,-0.030211695,0.027247133,0.20796558,-0.067618825,-0.02393499,-0.022697438,0.034658,0.071267
prod_050,-0.00057615776,-0.01869102,0.021230329,-0.018385949,-0.028643325,0.019910622,0.05600859,-0.06928014,0.05019595,-0.033547338,-0.03886822,-0.06578083,-0.10431268,-0.085170776,-0.14334932,-0.006026135,0.08121622,0.042909347,0.012759376,-0.0484135,-0.09710744,0.021888077,0.06010206,0.23160051,-0.024538552,-0.03786787,0.036924843,0.030880207,0.031344082,0.020517828,-0.05859977,0.0991762,0.14382866,-0.024503915,-0.0008937645,-0.2682927,0.02304693,0.15956774,-0.05216154,0.06457819,0.30528012,0.016850622,0.013520179,0.019017836,0.03206592,-0.05011512,0.022134142,0.058849618,0.044789176,0.02856165,0.03546974,0.08232292,0.07260539,-0.0045525962,0.0042979806,-0.13136794,-0.06702864,-0.019598896,0.08291809,-0.020946408,-0.011271648,-0.049006175,0.04840811,0.000450216,-0.04091326,0.21977396,0.0016848507,0.0026059987,-0.0010572276,-0.05077697,-0.05548449,-0.33072284,-0.034314327,-0.006060803,-0.014374084,0.004651321,-0.12260782,-0.05058696,-0.3372536,0.072388925,-0.0057690646,0.03638024,-0.026505355,0.01484146,0.044272255,0.058094684,0.057756767,0.03166752,-0.035082843,-0.070672505,-0.10324016,0.047043413,-0.031715576,-0.16352944,-0.002607652,-0.028657177,-0.048875723,-0.10332817,0.0011897119,-0.012720004,-0.012670223,-0.012488153,0.013583055,-0.0631931,0.31252962,-0.04999752,0.07000602,0.011277174,0.054084923,-0.08506677,0.07336581,-0.004294871,0.009086998,0.056401826,0.121664785,-0.014359227,-0.05499086,0.011904779,0.053150423,-0.033530753,-0.063573815,0.0003074815,0.14365014,0.040425234,0.016968412,-0.08494724,-0.06310382,-0.043384776
prod_051,0.061205305,0.044975933,-0.067396246,-0.039321102,0.006014546,-0.043081723,-0.0978015,0.07726272,0.02247966,-0.051773433,-0.0031103548,-0.016039116,-0.05646965,0.10510609,-0.23429842,-0.06792794,0.029691871,0.021343807,-0.063271634,0.088475026,-0.05383074,-0.09904274,-0.074999,0.20908128,-0.0460179,-0.008050332,-0.056653287,0.04706907,0.011541972,0.016907642,-0.027976194,0.21315603,0.03907343,0.042411614,-0.07499769,-0.1664166,0.0786424,0.1707941,-0.089494504,0.00825587,0.20970455,0.0228958,0.044843636,0.008335498,0.02560399,0.067781635,-0.07822748,0.13319549,-0.031180553,-0.07072913,-0.000111270776,0.13110514,-0.0822948,-0.075220644,0.066865966,-0.09094704,-0.020423468,-0.09490078,0.109270595,0.008324374,0.096121304,0.0640973,0.026547607,0.08342997,0.06634254,0.19086964,0.0020537577,-0.10143279,-0.06356209,-0.031971753,-0.05829326,-0.22534582,0.06008057,0.0027424921,-0.086875685,0.025851995,-0.09564733,-0.046092704,-0.22389726,-0.05750703,0.110698394,0.016913759,-0.0030510565,-0.028009746,-0.04552307,0.10484394,-0.10871271,0.009273954,0.11190353,-0.14495994,-0.08302735,0.03564979,0.09986852,-0.06577491,-0.13723941,0.0068905423,-0.062311012,-0.085425824,0.08042887,0.06021482,-0.00065330294,-0.015985122,-0.004113252,-0.09038223,0.2311071,-0.047385357,0.042319037,0.0648787,-0.05279501,-0.1393295,0.023977268,-0.016925186,0.017080143,-0.080116756,0.09078179,0.014541026,-0.05732625,-0.09348366,0.008099739,0.09056661,-0.040596448,0.04584114,0.18942383,-0.10693119,-0.057634797,-0.022457257,0.061614953,0.093983434
prod_052,-0.007859134,-0.023016581,0.013488536,0.05233716,0.04287563,-0.0797131,0.052899994,-0.04693853,-0.021497555,0.061538566,-0.008824974,0.0142898625,0.057848163,-0.09276582,-0.13916129,0.031613283,-0.05600602,-0.03373699,0.01626999,-0.05341282,0.008801815,0.020621201,0.06285981,0.21817079,0.004705823,0.045664303,-0.0018249743,-0.028804585,-0.021664912,-0.055685434,0.031394724,0.1148275,0.12790486,-0.05740965,0.0082660075,-0.30446836,0.008878458,0.12858793,-0.040377263,-0.03544586,0.32697394,-0.05235439,-0.020127065,-0.039996784,-0.03533435,-0.035088807,0.05563393,0.067709304,-0.0073121977,0.04271569,-0.050023593,0.06520817,0.07208913,0.039849516,-0.031299356,-0.14039192,0.023643503,-0.0009039796,0.097176775,0.02117245,-0.03502221,-0.008877203,-0.057400547,-0.0014358644,-0.041119397,0.2347304,-0.04343276,0.048258495,0.025749672,0.056569964,0.016032925,-0.32615855,-0.040543042,-0.04685634,0.007998794,-0.052500404,0.03541939,0.009811645,-0.3248976,0.08816141,-0.009641094,-0.034413747,0.008647181,0.03761739,0.015658509,0.11003312,0.060427573,-0.031842448,-0.07615542,-0.053752832,-0.106979236,-0.035517648,-0.06687736,-0.16199149,-0.0292923,0.014980357,0.04723566,-0.13201992,-0.016562643,-0.006652608,0.057381168,-0.045835484,0.04728379,-0.03712903,0.32068187,-0.00719973,-0.063125305,0.025917666,-0.026518181,-0.015710544,-0.070725195,0.009248777,0.0064134453,0.04652356,0.09323956,-0.028247623,0.046930682,-0.003335208,-0.05880239,-0.033603016,-0.00061935885,-0.04389218,0.15256692,0.04888908,0.029372994,0.06480104,-0.03164236,-0.029482115
prod_053,0.012044993,-0.003344178,-0.0019719338,0.045456488,0.034753714,-0.09201385,0.010524944,-0.012144031,-0.017178183,0.04404099,-0.008128983,0.007451065,0.045123678,-0.04269006,-0.17969646,0.018950492,-0.048238672,-0.028706878,-0.005989666,-0.018031012,-0.005809195,-0.021402223,0.030220585,0.24007232,-0.0035309105,0.039716575,-0.018700164,-0.017775273,-0.017080728,-0.05096596,0.027012913,0.1534751,0.1196132,-0.039010186,-0.015998207,-0.29202348,0.023279943,0.15930645,-0.05386501,-0.032362435,0.32969365,-0.047774326,-0.014057208,-0.040154677,-0.032810908,-0.00276193,0.028031725,0.08930918,-0.013625053,0.011938139,-0.048755333,0.089126974,0.035818193,0.01371105,-0.011926044,-0.14439131,0.015207322,-0.02042682,0.12295979,0.02966313,-0.003941126,0.01309928,-0.042345904,0.01642456,-0.015227646,0.24731407,-0.042920604,0.016660554,0.012465088,0.044086188,0.006513452,-0.31853315,-0.017958736,-0.042664263,-0.007473792,-0.046003148,0.014492167,0.003707928,-0.3231067,0.057445195,0.02576867,-0.026833901,0.013374425,0.03114381,-0.0033573846,0.12677513,0.020817878,-0.02444487,-0.035647467,-0.0798511,-0.1165198,-0.031624556,-0.029594759,-0.15049346,-0.06236267,0.010611702,0.029193861,-0.13395746,0.015131234,0.008041156,0.06312852,-0.049751222,0.047969628,-0.05249634,0.32419088,-0.014065584,-0.052654803,0.035021152,-0.039117396,-0.041761268,-0.06589993,0.009016204,0.012153382,0.01075221,0.10603719,-0.021675717,0.03555109,-0.027185924,-0.054701623,-0.0046496657,-0.006069839,-0.033244137,0.18284023,0.010007776,0.016614871,0.052428234,-0.006497588,0.005288818
prod_054,-0.0015550832,-0.024370523,0.018322736,-0.007909299,-0.020326223,0.005065423,0.053684212,-0.063470185,0.037776135,-0.024567133,-0.03986531,-0.053081453,-0.0840704,-0.086337075,-0.15500014,-0.004413426,0.06500604,0.03626956,0.012689289,-0.048680607,-0.08233848,0.020125007,0.05983091,0.23503803,-0.019849544,-0.02608934,0.030057013,0.020216415,0.02838282,0.007534439,-0.045033447,0.11047621,0.14163409,-0.027557895,-0.0011962779,-0.28000274,0.027543962,0.16345616,-0.05491414,0.05268085,0.31480312,0.008379866,0.005207045,0.008280767,0.02704091,-0.050306324,0.026743291,0.06494042,0.031365853,0.029306803,0.023182148,0.086327575,0.07476338,0.0013798072,0.0013322259,-0.13499412,-0.054625817,-0.021228105,0.08888514,-0.017835064,-0.013906326,-0.041953623,0.033563275,0.0024892054,-0.037227165,0.22837633,-0.0016425526,0.005970331,0.0014282591,-0.035572376,-0.04748298,-0.34039867,-0.031818666,-0.008906729,-0.012774027,-0.0045606485,-0.10650312,-0.041647565,-0.34208158,0.07307794,-0.0023926767,0.022501523,-0.019513778,0.013552352,0.038344093,0.06992738,0.05760122,0.024556248,-0.04219835,-0.075862825,-0.109222494,0.037049446,-0.031128956,-0.16305946,-0.011474603,-0.023965187,-0.038371764,-0.11126458,0.0006234556,-0.011230896,-0.0047822488,-0.01866523,0.016036874,-0.061222717,0.31998062,-0.045734342,0.052414477,0.017409662,0.041265883,-0.08014529,0.05820431,-0.0070507852,0.009895609,0.053500537,0.11930728,-0.013637363,-0.040678144,0.009911793,0.041606903,-0.032348197,-0.059199627,-0.0016827341,0.15293194,0.04061266,0.019127736,-0.06130574,-0.05629665,-0.03750769
prod_055,-0.014985665,-0.0706997,0.061127245,-0.0368237,-0.015007696,0.11371162,0.24222615,-0.18130624,0.023765428,-0.040611383,-0.0045804116,-0.033316325,-0.043270823,-0.23965177,0.09259367,0.032236148,0.06378192,0.03759295,0.07030337,-0.17947654,-0.008468968,0.20269206,0.14901747,0.0014011528,-0.04785635,-0.019864343,0.10118871,0.020415833,0.04398571,0.016983738,-0.059815172,-0.08585392,0.055123076,-0.08838885,0.07750205,-0.14121321,-0.044663776,-0.059268963,0.05214341,0.029046228,0.11879652,0.047119543,0.0054182545,0.05201294,0.034050442,-0.18832615,0.07268358,-0.08627565,0.057635833,0.1317483,0.02673449,-0.07897445,0.15542059,0.036338437,-0.09181081,-0.023307765,-0.03287115,0.065705754,-0.08379452,-0.020475622,-0.12364766,-0.09552112,0.052760325,-0.085347556,-0.10387475,0.006558449,0.058796283,0.08377973,0.0034425308,-0.0557354,-0.031123886,-0.13048184,-0.13089772,0.028504103,0.060064875,0.052164357,-0.015631452,-0.01621989,-0.15173906,0.07667169,-0.13327551,0.055986002,-0.02919222,-0.026867254,0.07189985,-0.051110987,0.18645398,0.059833445,-0.15473585,0.06576965,-0.00406921,0.055229016,-0.14761947,-0.06946948,0.13489427,-0.021943266,-0.023388758,0.03951175,-0.1203674,-0.047973838,-0.045532815,-0.017781701,-0.0036560176,0.037940778,0.16121168,0.011799491,0.06650927,-0.055225104,0.091214195,0.0134119755,0.054221857,-0.0096744,-0.0013294311,0.17769814,-0.030384006,0.03109637,-0.021371923,0.1063293,0.014590958,-0.12551528,0.034144077,0.023933675,-0.09129389,0.17558186,-0.010008092,-0.059730027,-0.12659447,-0.15972665
prod_056,-0.0139136305,-0.07553125,0.05202467,-0.020334754,-0.007950806,0.07692748,0.22283444,-0.1659246,0.020987459,-0.030572584,0.0015967797,-0.015895015,-0.027762644,-0.21008703,-0.00088838924,0.021998646,0.028588725,0.0071745804,0.07683975,-0.16438471,-0.015424649,0.15709005,0.14043178,0.088702224,-0.042207506,0.0114357285,0.08522837,0.0011392444,0.017640313,-0.006152136,-0.03896205,-0.009400228,0.08895057,-0.09694482,0.060126092,-0.23824212,-0.01964103,0.017297776,0.012261786,0.0105054155,0.24708714,0.029523527,0.015127405,0.029210879,0.013828823,-0.15904339,0.07933432,-0.047134172,0.056029074,0.1260538,0.005821267,-0.038314898,0.14508662,0.05178735,-0.0790672,-0.07355249,-0.02274703,0.061011173,-0.04255447,-0.005541625,-0.113228306,-0.076926485,0.033737548,-0.07298427,-0.0936877,0.1169555,0.03338294,0.08171121,0.013525758,-0.025274433,-0.022702247,-0.2467893,-0.122763164,0.014102617,0.044974122,0.023966335,-0.029625084,-0.008021598,-0.2625474,0.094202876,-0.10936072,0.041364748,-0.011660716,-0.013574093,0.057918593,0.014288236,0.17891647,0.05094377,-0.15099293,0.006553773,-0.044674184,0.032105714,-0.14404416,-0.13055225,0.087943204,-0.017463878,-0.009797726,-0.009553739,-0.08196149,-0.035183974,-0.014890534,-0.032440715,0.0048063854,0.005497392,0.26282823,0.01301825,0.03237179,-0.025505535,0.059229355,-0.011693241,0.031640623,-0.00023524273,0.011584877,0.16650808,0.026548281,0.02738778,0.004859581,0.0899656,-0.0075389547,-0.09952843,0.030570464,0.016127516,0.013519989,0.15549895,-0.0048846295,-0.042537913,-0.10655098,-0.12787333
prod_057,0.054256834,0.031494066,-0.033170424,-0.02213259,-0.00073038414,-0.057347048,-0.0637686,0.04664939,0.024741733,-0.032410562,-0.013673498,-0.019751586,-0.04205881,0.066208236,-0.23283367,-0.037787218,0.027976926,0.016001798,-0.041614074,0.059795104,-0.057182226,-0.088702396,-0.045670524,0.2371094,-0.031068841,-0.0056259097,-0.036814883,0.033336796,0.015110314,0.002860135,-0.027301405,0.2054454,0.075088434,0.028385384,-0.07149214,-0.2054893,0.058148064,0.19370061,-0.08648504,0.011059472,0.26744157,0.011212133,0.030661117,-0.010052692,0.011026958,0.048628666,-0.0517299,0.12458786,-0.014026546,-0.050017487,-0.0039263987,0.12673405,-0.048078563,-0.047013737,0.05190194,-0.11867456,-0.025764931,-0.07109304,0.12795915,0.016255498,0.06604786,0.048105236,0.03642078,0.052422542,0.039491456,0.22928952,-0.01033576,-0.07022729,-0.030779587,-0.021249725,-0.045235954,-0.27214476,0.03127292,-0.00016165615,-0.06431244,0.0011925617,-0.08045979,-0.037410855,-0.28047785,-0.021845318,0.08641718,0.0142799625,-0.0034949265,-0.0058235833,-0.02644332,0.11445091,-0.06609834,0.011949983,0.07312777,-0.13226695,-0.10056944,0.02790936,0.07267352,-0.098841704,-0.11123999,-0.010454597,-0.049701117,-0.099267945,0.08006724,0.04176221,0.015971176,-0.029486513,0.014758189,-0.079938345,0.2810071,-0.03815377,0.028803457,0.050541554,-0.041708205,-0.121133685,0.0066309846,-0.0017969491,0.023217564,-0.056746814,0.11104909,0.008967365,-0.035597757,-0.06240519,0.0063665337,0.068162434,-0.03184159,0.035745915,0.20758386,-0.0720818,-0.029354816,-0.027317595,0.0342024,0.07523447
prod_058,-0.03267968,-0.06260484,0.042676464,0.013884964,0.020391257,0.017008143,0.16231382,-0.13636683,0.0010369252,0.017575784,-0.010767841,-0.0018893704,0.0031129108,-0.19874994,-0.037879676,0.029757768,0.002535174,0.009785409,0.06304059,-0.13639036,-0.011522365,0.12435835,0.12544543,0.1412264,-0.0144839715,0.015763124,0.054361157,-0.022854155,0.0020309256,-0.012561684,-0.01462839,0.020790292,0.12682815,-0.08895288,0.05421067,-0.2793638,-0.017304562,0.060443103,-0.008785547,0.005400957,0.28077897,-0.009129658,0.0025106496,-0.0025071343,0.0030321002,-0.12664232,0.08288216,0.0022390215,0.035969026,0.104411975,-0.008715835,0.004022338,0.14587742,0.06879901,-0.0727586,-0.10361003,-0.0124925915,0.036673453,0.0042291717,-0.014987824,-0.10088603,-0.06985398,-0.0077085323,-0.05021288,-0.08796876,0.1650996,-0.0019917146,0.096796416,0.024497468,0.008915744,-0.0076908967,-0.3026186,-0.08982106,-0.021418558,0.034396864,-0.0162344,-0.006726005,-0.0148707405,-0.29452413,0.12216579,-0.092367865,0.002965845,-0.0035318478,0.017098138,0.06194464,0.030672882,0.1534697,0.006168159,-0.14590049,-0.0033789142,-0.06776855,0.008723265,-0.13225706,-0.15533246,0.05528214,0.0020706886,0.028676422,-0.071514614,-0.07202918,-0.042408217,0.005388269,-0.024523277,0.019227706,-0.00089760346,0.29044053,-0.00058890996,-0.0064104083,-0.013388337,0.05022372,0.0066257087,0.002803515,-0.00017203661,0.007415729,0.14307685,0.058230985,-0.016039375,0.008201122,0.060252216,-0.018408723,-0.10380283,0.0051730666,-0.017070325,0.05572144,0.13729101,0.026785031,0.008777689,-0.09016545,-0.11861066
prod_059,0.017315064,0.0012147261,-0.0051719933,-0.01345538,-0.034304745,-0.012813485,-0.013250638,-0.012659215,0.050255574,-0.036708266,-0.042366877,-0.066998996,-0.10411441,-0.009871439,-0.19619659,-0.027081385,0.08049603,0.03200755,-0.024441557,0.0069247945,-0.09455796,-0.039544497,0.011149138,0.25423107,-0.017462365,-0.035344113,0.0003562218,0.04102292,0.037337925,0.008420781,-0.050434664,0.15423957,0.12531053,0.010554155,-0.024857396,-0.24075122,0.051375967,0.19097982,-0.07095954,0.05479923,0.28504863,0.009590335,0.0014768398,0.012090794,0.036071423,-0.0055231056,-0.008903101,0.09168936,0.01323297,-0.015017263,0.029727472,0.12287612,0.021081742,-0.03300408,0.037921704,-0.13100377,-0.06175877,-0.050478987,0.12332766,-0.0075053954,0.038417153,-0.01787729,0.044010263,0.03613729,-0.0026293893,0.22754571,8.854364e-06,-0.05153228,-0.017687758,-0.052710485,-0.06653931,-0.3057146,0.008461309,-0.0010229013,-0.035180967,-0.0005580106,-0.13147485,-0.04636907,-0.31456503,0.034976806,0.052004755,0.023489324,-0.02182716,0.0056370986,0.013322303,0.08385037,-0.009019502,0.032103606,0.019334827,-0.106506385,-0.114914276,0.03968722,0.026518598,-0.13847947,-0.0465531,-0.026357558,-0.062570706,-0.115088925,0.031296223,0.013239045,-0.0065227123,-0.02069908,0.0216261,-0.082524896,0.29107884,-0.06270608,0.06751512,0.030634122,0.028227579,-0.116556354,0.06805851,-0.011254499,0.0061814548,-0.0016046282,0.13488087,-0.011787093,-0.058030423,-0.02264336,0.05392943,0.013137192,-0.073513016,0.0028677734,0.17684278,-0.020497669,0.01027239,-0.08146266,-0.02294482,0.01654115
prod_060,-0.02956316,-0.07205306,0.05287286,-0.004781088,0.0034967617,0.07249092,0.21880992,-0.17302111,0.010551813,-0.008082731,-0.004477534,-0.008979726,-0.014286483,-0.23677702,0.03969845,0.034095462,0.028237952,0.018383473,0.075483866,-0.17099698,-0.0051862304,0.17835268,0.14803,0.06465392,-0.02911701,0.0037735342,0.08282415,-0.007236906,0.015512019,-0.0011026087,-0.03415326,-0.04255426,0.09225605,-0.094730906,0.08019312,-0.2151496,-0.030029034,-0.008426355,0.024564767,0.014162336,0.19922964,0.017523063,0.0032835694,0.024939727,0.017398493,-0.16784029,0.08646942,-0.04783755,0.05642419,0.12802371,0.0077879634,-0.04815138,0.16243652,0.0615058,-0.08828662,-0.06301482,-0.021280715,0.061885282,-0.05088632,-0.019305516,-0.11917277,-0.0896994,0.016802706,-0.074483626,-0.098836765,0.08394235,0.025784776,0.10347526,0.014288265,-0.022677217,-0.016240017,-0.2221492,-0.11790804,0.0022121465,0.049897347,0.016937522,-0.009120588,-0.009878796,-0.22086594,0.11166503,-0.12456057,0.030917918,-0.013761611,-0.0017412108,0.07174117,-0.016976459,0.18509372,0.032239974,-0.16331762,0.03420601,-0.033936534,0.02506961,-0.1567532,-0.117502995,0.105956875,-0.0059405025,0.013486026,-0.01468263,-0.10609741,-0.05293553,-0.022315627,-0.02048498,0.0033051716,0.01935168,0.22697243,0.013427314,0.027527515,-0.037646636,0.07528479,0.018755091,0.028677346,-0.004776019,0.00061208435,0.17646126,0.010502415,-0.00037210036,-0.0014821952,0.092248045,-0.0052941507,-0.1282988,0.0239885,0.00095867866,-0.025241222,0.17129797,0.010314951,-0.020055028,-0.11539633,-0.1525423
prod_061,0.030280124,0.024686977,-0.024198014,-0.014695703,-0.031688705,-0.03683924,-0.06902171,0.033928752,0.046802398,-0.034491338,-0.034126725,-0.061788786,-0.09375649,0.056575008,-0.2214424,-0.04138035,0.071129665,0.025193727,-0.05172057,0.051258553,-0.08515693,-0.085432485,-0.03345302,0.25124517,-0.01591196,-0.029514775,-0.028618125,0.04699121,0.034111314,0.001275818,-0.040575918,0.1856007,0.10106388,0.03542716,-0.046821628,-0.19773403,0.065921746,0.19904481,-0.08153325,0.042019956,0.24795316,0.009479135,0.0028993245,0.005652651,0.03558562,0.03494347,-0.03923917,0.10884801,-0.005550916,-0.049439073,0.023633875,0.14142984,-0.028770344,-0.05511068,0.06182467,-0.11938916,-0.054772053,-0.068958364,0.14308043,0.0066125644,0.07747337,0.010538135,0.04015173,0.059849847,0.029307969,0.21601988,-0.00062621763,-0.08775013,-0.03513221,-0.052200314,-0.07082985,-0.25725916,0.040260367,0.0022191252,-0.05325362,-0.0007703831,-0.12962037,-0.04188978,-0.27129692,-0.0010724075,0.08889047,0.015232694,-0.016884115,-0.0020766316,-0.011954803,0.096862905,-0.065380335,0.027920313,0.06720745,-0.1261735,-0.11099846,0.032423433,0.07079721,-0.104018286,-0.07788331,-0.022480033,-0.07147041,-0.11230631,0.05332992,0.034253366,0.0016964733,-0.02157558,0.025285065,-0.0920705,0.255149,-0.06585526,0.061994813,0.041341275,0.0026584426,-0.13451068,0.054481044,-0.014811764,0.0069873123,-0.04840106,0.13320379,-0.006934827,-0.0592439,-0.053110465,0.04530391,0.051003706,-0.06976892,0.007203422,0.18739742,-0.06882939,-0.0018120667,-0.07570242,0.01167309,0.06543215
prod_062,0.045052033,0.024143102,-0.022714753,-0.015646305,-0.0010408511,-0.061017618,-0.05046458,0.031739715,0.022941615,-0.022656519,-0.014599529,-0.018846735,-0.03888441,0.047349527,-0.22572325,-0.026887296,0.024708314,0.010286984,-0.03587039,0.04608062,-0.05739469,-0.07904409,-0.03243678,0.24151894,-0.0275967,-0.0049274266,-0.029460113,0.026172912,0.0114623755,-0.0020358586,-0.024841782,0.20001574,0.08664654,0.01538656,-0.06637395,-0.22319342,0.05043216,0.19729753,-0.08507036,0.011404057,0.2901163,0.0062285997,0.02752073,-0.014263031,0.0058808057,0.03946945,-0.036806967,0.11926576,-0.0088460175,-0.034456693,-0.004687692,0.124361075,-0.031815723,-0.03623545,0.04422126,-0.12628093,-0.024573658,-0.06479976,0.13135117,0.013991319,0.054399006,0.03996033,0.034280602,0.043600354,0.027341213,0.2391955,-0.016876057,-0.055912785,-0.024045682,-0.018475879,-0.039810102,-0.28681254,0.01950146,-0.00052274746,-0.05324135,-0.006560915,-0.07035518,-0.03413224,-0.30159652,-0.0039271833,0.07510118,0.014816688,-0.0014193715,-0.00095953513,-0.018053701,0.11637382,-0.052385643,0.010878875,0.053196,-0.12609737,-0.104546696,0.026227843,0.054502476,-0.114901125,-0.09832867,-0.0101640895,-0.04256553,-0.10477513,0.07651167,0.03227872,0.018739168,-0.0333096,0.019907922,-0.078609504,0.29590368,-0.03915073,0.022633243,0.048356973,-0.033503022,-0.11148631,0.0030618103,0.0026510854,0.024546644,-0.04600764,0.11633902,0.00975627,-0.028733682,-0.05569628,0.0033099742,0.054275196,-0.034832593,0.025786774,0.20867783,-0.05500302,-0.022537254,-0.028910127,0.02364913,0.06295378
prod_063,0.00057472155,-0.058603376,0.038842645,-0.0016375073,-0.0027343617,0.012997507,0.15186064,-0.12212782,0.008448579,-0.009515654,-0.0074742357,-0.0053490927,-0.001962001,-0.15849337,-0.08240005,0.010995044,0.0010653129,0.00036748915,0.053507064,-0.11809394,-0.01058932,0.088957846,0.104960956,0.17208037,-0.02215724,0.020587428,0.054405637,-0.01138027,0.008293802,-0.020261692,-0.014468447,0.06654368,0.11765564,-0.081237026,0.019126195,-0.29686317,-0.004502159,0.09118456,-0.011905496,-0.0012463332,0.33004454,0.0039814385,0.010441499,-0.0013261425,-0.011677894,-0.097610764,0.07153593,0.0037357647,0.03774294,0.0793939,-0.010749572,0.022035869,0.10865248,0.04873489,-0.053424645,-0.10764311,-0.006911968,0.03109959,0.028186778,0.00996092,-0.07926554,-0.054972928,0.0074832565,-0.045963973,-0.065203555,0.20595706,-0.0019710541,0.064702995,0.023701746,0.009418247,-0.0047028167,-0.3266808,-0.09252976,-0.005499368,0.026482293,-0.009164362,-0.018919758,-0.008089243,-0.3284515,0.094166405,-0.059756983,0.023225237,0.0003875436,0.011148392,0.034760572,0.06543279,0.13872695,0.028619315,-0.11967272,-0.031136353,-0.07721237,0.018209249,-0.10598295,-0.17421457,0.027297214,-0.011732687,0.0015113006,-0.06426743,-0.032605078,-0.0235077,0.017845616,-0.03941984,0.012994032,-0.016124206,0.32628164,0.0012489461,-0.009963055,-0.000178553,0.0185755,-0.032812603,-0.0012971455,0.013863032,0.024679735,0.11890046,0.071761236,0.019599527,0.02254106,0.052255247,-0.03270978,-0.064186215,0.017210763,0.0064826584,0.10521,0.110003255,0.007506521,-0.02250052,-0.06670429,-0.07962493
prod_064,-0.034934975,-0.069083475,0.046533145,0.008008715,0.010943272,0.046892792,0.19947691,-0.15902303,0.004554429,0.017183691,-0.000117488,-0.00058165425,0.006539378,-0.22603102,0.0047532804,0.040534243,0.00071934576,-0.0041853213,0.064913504,-0.15936588,0.009435378,0.15575336,0.14726196,0.09973862,-0.018568022,0.021387737,0.07587306,-0.023489015,0.002336107,-0.016577186,-0.018208353,-0.020104641,0.10674088,-0.095346995,0.07567715,-0.25010458,-0.019438334,0.015751466,0.012291963,-0.0033840572,0.2401101,0.00086535973,-0.001146256,0.0077952193,0.0010683306,-0.15143564,0.08825208,-0.029004034,0.04763016,0.12399996,-0.008167895,-0.024857426,0.16155744,0.0633172,-0.0839845,-0.088698216,-0.008092664,0.05259681,-0.024116464,-0.008317981,-0.111023016,-0.08024272,-0.009011025,-0.06374807,-0.09107683,0.12233805,0.0044961497,0.101855494,0.022336699,0.0021561345,-0.006150298,-0.2571737,-0.110299885,-0.013734753,0.04427757,0.003292241,0.0068919165,-0.00016713876,-0.2530699,0.11883193,-0.11220391,0.010313604,-0.0064199,0.0041891136,0.05903381,0.0063335784,0.17221811,0.015774265,-0.15773158,0.01920004,-0.053939793,0.007905792,-0.15469788,-0.13705547,0.08366739,-0.0006380337,0.028756721,-0.041189816,-0.09909212,-0.05359685,-0.0047319033,-0.032364633,0.008126587,0.0054159914,0.25636846,0.013597173,0.003436827,-0.02214414,0.051231395,0.015763665,0.002960076,-0.0036030293,-0.0015370151,0.16470899,0.028533991,-0.005712063,0.01645246,0.07880289,-0.022835152,-0.11917425,0.023293154,-0.014436438,0.015195865,0.15659285,0.017864468,0.0015712689,-0.107714266,-0.14016418
prod_065,0.03886886,0.014093412,-0.00942556,-0.00783465,0.008744739,-0.06131765,-0.011601467,0.007962499,0.008547523,-0.01856188,-0.012611459,-0.00578515,-0.014394756,0.004678671,-0.21281938,-0.022773452,0.0069850306,0.005463877,-0.013662441,0.012127128,-0.038940135,-0.04805846,-0.0040907282,0.2432272,-0.027081592,0.011111754,-0.023464184,0.009597511,0.0047438103,-0.01282519,-0.010816361,0.19112846,0.09436077,-0.012163324,-0.056431945,-0.2585176,0.038154714,0.18947335,-0.07009238,0.004928185,0.32171378,-0.0019082479,0.019469531,-0.019515026,-0.0060490486,0.016298117,-0.015507832,0.103591144,-0.0059183966,-0.0113405995,-0.010898539,0.106146775,-0.0057764677,-0.014444619,0.02327144,-0.13016474,-0.010802734,-0.048527375,0.118038066,0.021897675,0.031183861,0.027729828,0.01780193,0.029300429,0.00947524,0.2576558,-0.017907823,-0.024346448,-0.01535435,-0.003818429,-0.031289484,-0.3238651,0.00051616336,-0.0069921496,-0.0364906,-0.013360248,-0.052975245,-0.031849626,-0.32360435,0.018707331,0.0505959,0.011177279,0.0012903588,0.0017758291,-0.0110737365,0.1168262,-0.012152814,0.009061039,0.014570391,-0.118103005,-0.10080033,0.020420529,0.019625487,-0.13836886,-0.08855515,-0.0023632634,-0.024787921,-0.105316915,0.06246976,0.024587229,0.026275823,-0.038465973,0.021374706,-0.06451802,0.327052,-0.030993327,0.0017276811,0.041047353,-0.034384593,-0.09523012,-0.009606874,0.0057800836,0.028041001,-0.013197145,0.114050865,0.010703472,-0.0105763115,-0.040835623,-0.022668285,0.03287694,-0.017653242,0.02367253,0.20604366,-0.022040293,-0.015170388,-0.016632581,0.013230517,0.045021556
prod_066,-0.03188251,-0.06435719,0.041037377,0.013467101,0.020609358,0.0070709335,0.15554217,-0.13439323,-0.0060460204,0.026573792,-0.010496482,0.0028375213,0.006432987,-0.18770744,-0.048301045,0.026612654,-0.00567655,0.0052464223,0.06190203,-0.13496798,-0.004578613,0.11518903,0.12009354,0.1503847,-0.014282387,0.016854892,0.050006893,-0.026962057,0.0013881912,-0.022716833,-0.011435658,0.029750124,0.1285825,-0.08967734,0.045920398,-0.28756434,-0.014033328,0.06947403,-0.013338268,-0.00047260764,0.29304755,-0.010153024,0.0014107152,-0.010810297,0.0014206336,-0.11772653,0.084882855,0.0054176548,0.032293484,0.10219528,-0.010708009,0.008887121,0.13873062,0.06783165,-0.068413936,-0.10334468,-0.008670062,0.034714993,0.014125639,-0.010955307,-0.0995862,-0.06403956,-0.011429703,-0.04413353,-0.08094959,0.1733076,-0.008285942,0.09306391,0.022589866,0.015274424,-0.0019596615,-0.31039757,-0.08864791,-0.021715831,0.031445,-0.019661637,0.00377984,-0.010777948,-0.30623204,0.11665697,-0.08458704,0.00058791856,0.00036069113,0.020084657,0.055473037,0.040621843,0.1497025,0.00599821,-0.14216463,-0.0041337456,-0.07335783,0.0061594895,-0.12536807,-0.16007446,0.05215951,0.0018716283,0.029777948,-0.07486408,-0.06468664,-0.042687867,0.0070895585,-0.024519753,0.022819843,-0.002752745,0.29668584,-0.00034616553,-0.013845004,-0.0077512315,0.03814092,0.002188658,-0.0043019624,0.006865826,0.010027877,0.13936318,0.060316224,-0.01259769,0.014401366,0.05307287,-0.021365607,-0.09559065,0.0041013192,-0.016254652,0.06298577,0.12903729,0.024832355,0.012138417,-0.08291857,-0.10484077
prod_067,-0.020004623,-0.035768185,0.020754123,0.05109873,0.040891234,-0.061238717,0.078469075,-0.07202391,-0.02423958,0.06551608,-0.0063260538,0.015019919,0.05461413,-0.12076336,-0.112321146,0.03191613,-0.053236853,-0.031129003,0.0283164,-0.07728209,0.013347169,0.05069554,0.08043512,0.20472719,0.0059921155,0.04483934,0.012829672,-0.0331058,-0.02033345,-0.05443074,0.0282462,0.08974272,0.13338947,-0.07129572,0.024774479,-0.30692485,0.005710991,0.108196534,-0.034652553,-0.034765415,0.32102895,-0.048974738,-0.015045481,-0.037501477,-0.028446643,-0.05429376,0.06910809,0.05271052,-0.001988955,0.060951035,-0.046954066,0.05062353,0.09307746,0.053230595,-0.041894957,-0.13575809,0.02115384,0.009065484,0.07772732,0.0145317735,-0.05394008,-0.022815686,-0.055313475,-0.01253151,-0.05150108,0.22367759,-0.04100473,0.068008944,0.027777864,0.05685255,0.015859906,-0.3227408,-0.052897293,-0.048225194,0.015164511,-0.050332204,0.041346367,0.013513736,-0.32090616,0.10273852,-0.03314578,-0.034987204,0.007923448,0.035879403,0.026354112,0.0934719,0.085101455,-0.03022139,-0.10074455,-0.03893765,-0.09957337,-0.030637832,-0.08817523,-0.16585217,-0.00651066,0.019570947,0.052363895,-0.1244728,-0.035965182,-0.018888278,0.050235063,-0.03991167,0.043391585,-0.029780768,0.31562522,-0.006167145,-0.06344816,0.021701673,-0.013223425,-0.008169746,-0.06156175,0.011366955,0.0031921542,0.07204457,0.08674928,-0.030279025,0.047979422,0.010257413,-0.054223504,-0.053075388,0.0012194318,-0.043296862,0.12915166,0.07524486,0.03157268,0.061954618,-0.046326436,-0.052705348
prod_068,-0.03271496,-0.07258212,0.05467587,-0.012401068,0.003578344,0.0765658,0.21854314,-0.17177705,0.020585863,-0.015281531,-0.005534532,-0.0087750545,-0.021995729,-0.23569839,0.04291837,0.02967984,0.034031067,0.022097288,0.074954145,-0.17062795,-0.011653168,0.17714511,0.14980349,0.055362847,-0.027295966,0.0015078613,0.0816613,-0.0063648345,0.019085372,0.007057766,-0.03545133,-0.046062533,0.09233482,-0.09122435,0.0815955,-0.20838107,-0.03273098,-0.007322322,0.024062315,0.023012301,0.19151008,0.019690465,0.009099471,0.02542215,0.023998387,-0.17225207,0.08367013,-0.049401753,0.06113629,0.12955935,0.011836096,-0.051376384,0.16360497,0.06564106,-0.09075167,-0.061923034,-0.02704003,0.06341884,-0.056981713,-0.026280483,-0.12167665,-0.093661755,0.020534415,-0.07457454,-0.102611005,0.074626304,0.029185023,0.10463908,0.014943755,-0.026473647,-0.020522848,-0.21944383,-0.114436276,0.0018547621,0.0479618,0.021965608,-0.022276597,-0.01768621,-0.21448433,0.11336128,-0.12425431,0.035266157,-0.014491659,-0.0019465633,0.073901795,-0.020209175,0.18533596,0.033165663,-0.1641265,0.03798989,-0.029121103,0.028315874,-0.1559536,-0.112921715,0.1083946,-0.0098862415,0.010600334,-0.0096318275,-0.1059374,-0.05271539,-0.026875103,-0.02092106,0.00039746513,0.022064963,0.21705481,0.013397103,0.034905843,-0.041183386,0.08482467,0.020889744,0.03318087,-0.005579766,0.0022968857,0.18027098,0.012900992,0.00092218973,-0.010939916,0.09319204,0.0019305665,-0.12887958,0.023008205,0.002257548,-0.03066681,0.17078964,0.009100021,-0.025274485,-0.11736897,-0.15392114
prod_069,-0.00665973,-0.029400544,0.015037715,0.020204967,0.013787017,-0.040139265,0.058090746,-0.058481004,0.0038814212,0.020928424,-0.02572578,-0.01874759,-0.013911219,-0.093064435,-0.15318091,0.012863945,0.005841422,0.003405553,0.019293541,-0.055026434,-0.03670456,0.02383182,0.06039848,0.23460907,-0.006422423,0.0072616786,0.016801286,-0.009817949,0.0039950167,-0.024994489,-0.009218078,0.12200053,0.13764073,-0.049105644,0.0003131468,-0.3029462,0.02011666,0.15165125,-0.052972473,0.0034886806,0.33533072,-0.020214457,-0.004295369,-0.019543977,-0.0016315235,-0.046063207,0.045414243,0.0698723,0.006037347,0.03922833,-0.013558261,0.07962836,0.07727583,0.023871893,-0.016074775,-0.13963345,-0.019537343,-0.014884212,0.093653,-0.0009561503,-0.03257993,-0.023078185,-0.008577776,-0.00039063004,-0.041839924,0.24206561,-0.022471974,0.034255132,0.014498843,0.014879262,-0.015388904,-0.3463495,-0.038961805,-0.023847438,-0.00021011534,-0.03311639,-0.03508007,-0.016722826,-0.3497309,0.08292551,-0.008356892,-0.012328699,-0.0018807183,0.023159513,0.0303881,0.09509059,0.06365285,-0.0021498709,-0.06551222,-0.06888155,-0.11140526,0.003729316,-0.051401857,-0.1658492,-0.023731628,-0.0018887159,0.0056894366,-0.12726547,-0.009364191,-0.014676505,0.026079781,-0.031238807,0.034134366,-0.047779866,0.33200637,-0.027228551,-0.011853025,0.025923794,0.0064844936,-0.0480618,-0.0044398378,0.00075972994,0.007382281,0.05301192,0.10880013,-0.021192854,0.0047276397,0.004743063,-0.008274419,-0.03565414,-0.034055125,-0.019878404,0.1583995,0.04881926,0.026993392,0.0069224727,-0.042905837,-0.034540653
prod_070,0.009416449,-0.0119331395,0.008786891,-0.006665092,-0.02578543,-0.007352842,0.022743175,-0.040088937,0.0412146,-0.02864087,-0.041477993,-0.059728254,-0.08772417,-0.05341056,-0.17950161,-0.012705111,0.06868396,0.031866334,-0.006503391,-0.023452716,-0.085592255,-0.008670663,0.040540036,0.24913634,-0.017720392,-0.026324827,0.0155662475,0.02833915,0.030744806,0.004109324,-0.04499972,0.13433503,0.13783994,-0.012422172,-0.011189681,-0.26908812,0.039339524,0.17761599,-0.06173662,0.04903817,0.30858,0.003455812,0.0017450418,0.009610231,0.026636932,-0.029263506,0.012077723,0.07815604,0.021770542,0.009688779,0.024915552,0.10424503,0.05198679,-0.013810669,0.015850646,-0.13752212,-0.053362515,-0.034341503,0.10751577,-0.011472803,0.009673898,-0.031885784,0.033838075,0.016853431,-0.020964578,0.23330502,-0.0034341249,-0.01735352,-0.003981509,-0.03807295,-0.05393495,-0.3301556,-0.013925975,-0.009073389,-0.019391507,-0.0050523067,-0.11391102,-0.04293533,-0.33456513,0.059956845,0.023477398,0.021106204,-0.017723287,0.009772596,0.025934003,0.080027565,0.028893761,0.026712252,-0.013495189,-0.090352625,-0.11478761,0.034648962,-0.0076371646,-0.15624373,-0.03084571,-0.02389742,-0.044109702,-0.118845515,0.013970227,-0.00026151523,0.00026853554,-0.021531716,0.02102076,-0.07257487,0.3125074,-0.04996145,0.054309454,0.02359504,0.03508239,-0.09634631,0.05664234,-0.008281743,0.008514143,0.02818985,0.1277406,-0.013803923,-0.043833416,-0.0050344146,0.040850118,-0.012408634,-0.06497014,-0.004220923,0.16888918,0.01442214,0.01606757,-0.06822052,-0.039562892,-0.014373326
prod_071,0.060530294,0.043572128,-0.06433274,-0.03991996,0.0043605855,-0.04073033,-0.09465912,0.07380578,0.020424088,-0.051172998,-0.0029263657,-0.016893469,-0.05762008,0.10073825,-0.23541456,-0.0641658,0.029533299,0.023779547,-0.05937685,0.08817614,-0.05922673,-0.096922934,-0.073645115,0.2109359,-0.04677638,-0.010951582,-0.050856624,0.04381485,0.012421099,0.017454661,-0.030402683,0.2105884,0.041984633,0.03868631,-0.0758517,-0.17022544,0.07840015,0.17224328,-0.09080693,0.011870313,0.21612354,0.024027664,0.046250284,0.0069263657,0.024120625,0.068288796,-0.0785957,0.13286868,-0.026637187,-0.06777237,-0.0006680215,0.1294508,-0.07816349,-0.07410383,0.064282194,-0.09559493,-0.02349539,-0.095774956,0.11086253,0.00716977,0.09242322,0.06615572,0.032336205,0.07612757,0.066323295,0.19396405,-0.0007732185,-0.095926374,-0.06104706,-0.03143427,-0.05478707,-0.2291529,0.053842727,0.002664783,-0.08419649,0.024001954,-0.09393978,-0.044316016,-0.23121238,-0.05705005,0.108435676,0.016426293,-0.0005494682,-0.025944656,-0.04220076,0.10532618,-0.101870574,0.010601905,0.11097518,-0.14518562,-0.08531337,0.03612254,0.096904196,-0.066983104,-0.13625297,0.002339758,-0.06138661,-0.0862748,0.08189209,0.056324586,0.0011142694,-0.016905166,-0.0047850255,-0.09026026,0.23679867,-0.04821756,0.04102348,0.06542814,-0.052503616,-0.13873482,0.022768913,-0.0160463,0.017254421,-0.0775188,0.089724205,0.015084887,-0.05503305,-0.08991254,0.011191921,0.08935273,-0.041765667,0.04809013,0.1946908,-0.10283157,-0.05619165,-0.02044084,0.059322044,0.092411146
prod_072,-0.013464326,-0.035810996,0.020756831,0.04038407,0.035921212,-0.050604686,0.08569763,-0.07508161,-0.017295182,0.047949906,-0.00869054,0.012126163,0.043573864,-0.12554657,-0.11544979,0.031244293,-0.044534177,-0.024135305,0.03027111,-0.08114359,0.008442705,0.0534839,0.08262677,0.20447166,-0.0012729197,0.037120085,0.016852185,-0.02783787,-0.016862124,-0.042244345,0.017289324,0.09290853,0.12981504,-0.067174286,0.021245277,-0.30858937,0.003262664,0.115097396,-0.032779243,-0.022336422,0.32992744,-0.038753465,-0.010751771,-0.030927297,-0.028611686,-0.060734775,0.06364464,0.05335693,0.0034362222,0.06076176,-0.037057586,0.05176088,0.096029,0.047340013,-0.042815614,-0.13330597,0.016163977,0.007729177,0.07238413,0.012199357,-0.054432098,-0.02279923,-0.04153529,-0.014034528,-0.052178077,0.22734123,-0.035793517,0.062940486,0.026741412,0.042956483,0.009347981,-0.3362464,-0.055648133,-0.039813064,0.014558626,-0.043590263,0.024035744,0.0027901523,-0.32870468,0.1005006,-0.03433933,-0.022660678,0.0053157145,0.030431153,0.024757888,0.08620521,0.08788997,-0.022645833,-0.0975414,-0.044367615,-0.09417385,-0.022119189,-0.0876982,-0.1707805,-0.011006182,0.015102927,0.040334787,-0.11489199,-0.026491456,-0.020709775,0.04135463,-0.040330686,0.03581849,-0.029172214,0.32577235,-0.008224428,-0.049992897,0.017715814,-0.0060328674,-0.012080546,-0.04951918,0.007920975,0.007705166,0.07695015,0.08805401,-0.018902082,0.035711024,0.01589162,-0.05006032,-0.05382492,0.0023028152,-0.031166079,0.13356733,0.07627551,0.029833874,0.0467635,-0.048487376,-0.05532603
prod_073,-0.036115654,-0.06570028,0.046075024,0.009786885,0.014633287,0.02673247,0.17375003,-0.14747807,0.0060554664,0.017711576,-0.0066887415,-0.002160235,-0.0024422712,-0.2055325,-0.023571864,0.03203505,0.0027784694,0.008298128,0.065361105,-0.14462358,-0.010540913,0.1347836,0.13186745,0.12878373,-0.013958966,0.012768464,0.06308199,-0.021524746,0.002823576,-0.011720594,-0.018386407,0.0077794185,0.12397977,-0.09063662,0.059421025,-0.2696989,-0.017838111,0.05213686,-0.0032163921,0.006417725,0.27137604,-0.00268994,0.008408733,0.0005278532,0.0054793064,-0.13251351,0.08584784,-0.006859363,0.044867802,0.11114359,-0.0038429357,-0.0066065257,0.14933059,0.067500226,-0.07423711,-0.09841888,-0.014512484,0.04057273,-0.0036861214,-0.016938444,-0.10539124,-0.07470664,-0.0027227686,-0.05491896,-0.088117324,0.15215756,-0.0018696486,0.10000831,0.023083001,0.0023624478,-0.009083495,-0.2904526,-0.097002186,-0.017530229,0.036483753,-0.0071056755,-0.0072515667,-0.015822107,-0.2850254,0.122454,-0.098284945,0.011792768,-0.0052868505,0.014629202,0.06299474,0.020902649,0.15812223,0.009938437,-0.14880882,0.0048151105,-0.058767475,0.009106167,-0.13967367,-0.15263414,0.06761748,0.00075205404,0.027197579,-0.062458877,-0.07995091,-0.048279732,-0.0031724926,-0.024669329,0.013478724,-0.0004711702,0.27824908,0.0018200635,-0.00015427971,-0.014876657,0.05588545,0.008520697,0.0047996654,0.0022309646,0.0053746887,0.15281257,0.052059002,-0.011592623,0.005806587,0.06483846,-0.01628326,-0.111353844,0.0065956204,-0.015110746,0.0401504,0.14435439,0.0260629,0.00094675797,-0.09660688,-0.12293119
prod_074,0.060294136,0.04065085,-0.05562057,-0.036141567,0.0005079166,-0.043782406,-0.08648961,0.06558435,0.025627213,-0.04912948,-0.009368949,-0.021074587,-0.059543785,0.091892175,-0.2353959,-0.057750855,0.035171393,0.021290636,-0.0563731,0.07960266,-0.062032055,-0.09582353,-0.0665117,0.22116633,-0.042369936,-0.012402253,-0.046987683,0.041923456,0.014109191,0.014883682,-0.031354483,0.20978886,0.050551753,0.038719438,-0.07527286,-0.1743668,0.07437286,0.18147446,-0.08852872,0.014356847,0.22820143,0.021498803,0.03943293,0.0053619384,0.023045415,0.06143174,-0.07262372,0.12951753,-0.021609621,-0.0659806,3.0243125e-05,0.13125277,-0.06967009,-0.06867276,0.06274242,-0.10193111,-0.02916762,-0.08810609,0.1148619,0.01053489,0.0872135,0.05867298,0.03508993,0.07086032,0.05968504,0.20396128,-0.0015375799,-0.09325689,-0.051613465,-0.032936666,-0.053410254,-0.23919062,0.051592857,0.00039409872,-0.079577744,0.018862579,-0.09659239,-0.044698015,-0.24278525,-0.04841197,0.104496814,0.018109085,-0.0035071291,-0.023143334,-0.039298147,0.10859792,-0.092289105,0.013700218,0.10231346,-0.14259422,-0.089021884,0.033786993,0.09325922,-0.07456103,-0.1288748,-0.002782341,-0.062071055,-0.08744137,0.08081351,0.052766435,0.0026642103,-0.020205116,0.0024226261,-0.08672313,0.24782291,-0.045558803,0.041996337,0.058643438,-0.047779404,-0.13576628,0.023839705,-0.012323779,0.017920138,-0.073131174,0.101633325,0.010106449,-0.052906957,-0.081652045,0.012374222,0.08391231,-0.039294116,0.04501838,0.19702831,-0.09627929,-0.046967763,-0.029371802,0.052893054,0.0877825
prod_075,0.019336924,-0.0051225508,-0.0021311233,0.008768313,0.011509316,-0.06719902,0.014296026,-0.016339667,0.0032971217,0.009305912,-0.018155051,-0.0068360255,-0.003982746,-0.03594503,-0.1906316,-0.0042342837,-0.0025051157,-0.002187576,-0.0045374827,-0.009933115,-0.033849325,-0.027726524,0.016918248,0.24640733,-0.011980277,0.010455214,-0.0054530166,-0.0040914696,0.0016001953,-0.024297124,-0.0030497946,0.16915731,0.11355083,-0.028800337,-0.040555865,-0.2828285,0.027364662,0.17933224,-0.065885775,-0.0012141491,0.33727375,-0.014081346,0.0089669535,-0.029259922,-0.011790762,-0.0075220917,0.018235598,0.09197394,-0.0035015312,0.0057898946,-0.014787442,0.10126642,0.028302273,0.0017996711,0.008083124,-0.13873404,-0.014160957,-0.03327184,0.119018294,0.01758926,0.0019970634,0.007182733,0.0031215635,0.013476105,-0.00943335,0.25977665,-0.029666299,0.0034043835,0.00068218453,0.013770057,-0.013687106,-0.3371978,-0.016645838,-0.0148486225,-0.016994787,-0.02785015,-0.034833923,-0.021747394,-0.34229317,0.04665991,0.029605322,-0.006478263,0.0033320142,0.015831862,0.0015014369,0.115092754,0.022077685,0.004591024,-0.024117993,-0.094830304,-0.10906489,0.0080610905,-0.0092989765,-0.1498505,-0.06315637,-0.0045323926,-0.0045303074,-0.121671356,0.0342561,0.007585695,0.034086075,-0.038266137,0.032934684,-0.05255095,0.33045915,-0.025913494,-0.01507258,0.035697687,-0.023799984,-0.0707572,-0.01980409,0.0063202544,0.0205456,0.013551987,0.11330538,-0.005780792,0.0019085173,-0.022415783,-0.02403658,0.004364831,-0.024661072,0.0019528975,0.19217965,0.0054617547,0.008691613,0.0029616153,-0.0070936917,0.01366785
prod_076,-0.02889392,-0.059861813,0.036352567,0.023198266,0.02520693,-0.007110264,0.14116333,-0.12245641,-0.010812422,0.036112778,-0.010657588,0.0065655094,0.017492345,-0.17591846,-0.06389015,0.028101861,-0.01522201,-0.0015953641,0.055211633,-0.124182366,-0.00035472822,0.10293277,0.11343312,0.16543399,-0.009503132,0.022482771,0.04183766,-0.02854765,-0.0033011702,-0.029214378,-0.0038311859,0.043862686,0.1317595,-0.085954145,0.04096012,-0.29746893,-0.009907778,0.07845389,-0.018635029,-0.008269985,0.3027906,-0.020152338,-0.002062962,-0.016769573,-0.0052579376,-0.10664195,0.081811205,0.017470151,0.023624036,0.09306528,-0.017656544,0.019146454,0.13207565,0.06624459,-0.061855793,-0.111369915,-0.0003459427,0.029532034,0.028517865,-0.0065499023,-0.09145403,-0.05524057,-0.02254678,-0.037273157,-0.07627054,0.18659432,-0.01507298,0.08939997,0.02516972,0.027527114,0.0030337567,-0.3198738,-0.08081985,-0.028051497,0.028202603,-0.02697907,0.011356432,-0.0073517603,-0.3129053,0.11597627,-0.07462051,-0.007770855,0.0014050887,0.02282078,0.050255287,0.052808445,0.13790764,-0.0020831898,-0.13460045,-0.012381175,-0.08061376,-0.0013141828,-0.11800477,-0.16336025,0.03840171,0.0058795423,0.036141187,-0.08774053,-0.060005162,-0.039004326,0.016830305,-0.02789358,0.02766303,-0.009747367,0.30456296,-0.0007268955,-0.025938367,5.9235117e-05,0.027655624,-0.0007374636,-0.015889905,0.0062105604,0.007690318,0.12577999,0.06596633,-0.015906652,0.022060351,0.04583706,-0.029322006,-0.08778796,0.0023499432,-0.020904742,0.07931019,0.12022888,0.02790369,0.024084674,-0.07544532,-0.0938258
prod_077,-0.034849618,-0.06787229,0.04389421,0.016506633,0.022681357,0.021980066,0.17582361,-0.14653845,-0.0017047387,0.027902052,-0.004742818,0.0027503371,0.01385964,-0.20710371,-0.015564921,0.03383218,-0.0063502504,-0.00021172954,0.065534495,-0.1461138,0.0064993654,0.13868068,0.13326097,0.12382134,-0.01304067,0.024180535,0.058864087,-0.027017584,0.00013195137,-0.019827718,-0.012053541,0.003023787,0.119834736,-0.095550105,0.06555524,-0.26993757,-0.018506942,0.038806457,-0.0011249891,-0.004614974,0.2638795,-0.010075192,0.0008269868,-0.0024621724,0.0020094276,-0.13630016,0.09040117,-0.012558946,0.03812513,0.11431466,-0.013904894,-0.010403881,0.15220642,0.0721906,-0.079376005,-0.09660431,-0.0064704693,0.04453627,-0.0046845507,-0.00892122,-0.10781813,-0.0725964,-0.015615014,-0.0574128,-0.0879721,0.1468067,-0.0037046184,0.10458076,0.024397148,0.012469851,-0.0035739455,-0.28411603,-0.09777535,-0.022574915,0.03887883,-0.012455401,0.011067103,-0.004645346,-0.27709386,0.1241707,-0.101216644,0.00023287415,-0.0014295996,0.014530271,0.059673175,0.023529526,0.1618739,0.0030406301,-0.15278196,0.009335175,-0.06277782,0.0014876894,-0.14386569,-0.15260471,0.06705128,0.0065509747,0.03643288,-0.06069559,-0.08408031,-0.047318242,0.0021877906,-0.027812151,0.017063446,0.0029839242,0.27597895,0.0059419735,-0.01088997,-0.014684837,0.047666553,0.016351976,-0.0025451165,0.0022026189,0.0030235583,0.15277675,0.0433664,-0.016125094,0.016519966,0.06591053,-0.025362307,-0.11104667,0.013824079,-0.018480103,0.036415245,0.14627028,0.02540953,0.014671467,-0.09614725,-0.12561382
prod_078,0.05509733,0.035102703,-0.03745345,-0.01924467,0.0050032907,-0.061557543,-0.065461196,0.051501043,0.021997925,-0.029423444,-0.010253384,-0.013607744,-0.034667645,0.06761586,-0.23550783,-0.038983095,0.019561462,0.012717253,-0.045402307,0.06275419,-0.050147984,-0.08947036,-0.048031904,0.23551916,-0.031241864,-0.0009141947,-0.041760813,0.032448303,0.0104231695,0.00048449027,-0.022884449,0.20678228,0.070458785,0.027444933,-0.07066059,-0.20558085,0.05864788,0.19182515,-0.08608193,0.0047362493,0.2644406,0.008921537,0.03207145,-0.011439466,0.009068374,0.05083979,-0.052485045,0.12897223,-0.019851666,-0.052421883,-0.007865242,0.12634881,-0.048249345,-0.048362467,0.05217638,-0.117004015,-0.019557813,-0.0728755,0.12854917,0.019337218,0.06771756,0.051610503,0.028870247,0.055836614,0.041212294,0.22856607,-0.010895999,-0.0716381,-0.03407277,-0.017358346,-0.04406793,-0.27061567,0.03576601,-0.0032338945,-0.06500336,0.0013373863,-0.07550368,-0.037217673,-0.27666435,-0.022411095,0.08977277,0.010472551,-0.001678002,-0.007918033,-0.030575963,0.11588908,-0.07123071,0.0075070816,0.07524531,-0.13311091,-0.100455336,0.023448955,0.07258054,-0.09594285,-0.11642483,-0.0066384347,-0.045300156,-0.099879466,0.07986377,0.04301904,0.017788693,-0.030634226,0.014650516,-0.07875686,0.28021708,-0.036116805,0.023920732,0.052977033,-0.04724071,-0.119207725,0.000628815,-0.0029046016,0.022629753,-0.058279056,0.107273445,0.0076532243,-0.03494127,-0.06770073,-0.00068006996,0.07035695,-0.030610355,0.034357086,0.20738037,-0.07600617,-0.031204216,-0.019304002,0.038633056,0.07774333
prod_079,-0.026052337,-0.06814235,0.04555467,-0.003329643,-0.0010366227,0.058950447,0.20793492,-0.16211784,0.009039694,-0.006422982,-0.0023243525,-0.0047546453,-0.012603909,-0.22294196,-0.0038811776,0.02843644,0.013425697,0.0075882818,0.06955103,-0.16007462,-0.0013794323,0.15597942,0.13738231,0.1032509,-0.02933048,0.010906941,0.0805548,-0.009959298,0.007755385,-0.013133197,-0.03120888,-0.011116917,0.100053534,-0.096915655,0.06748067,-0.2485301,-0.020144092,0.023542052,0.011315388,0.007980385,0.25219628,0.01513697,0.008326096,0.014782175,0.0057277614,-0.14731301,0.08662103,-0.031217871,0.04942597,0.11845021,0.004887878,-0.018890258,0.15780674,0.05614527,-0.07682057,-0.082944706,-0.012050042,0.04985854,-0.024821987,-0.0065361043,-0.10748574,-0.079822354,0.016525887,-0.067799136,-0.09017831,0.12998961,0.017091278,0.091750145,0.012638931,-0.013048923,-0.01955552,-0.2612229,-0.11672399,0.002582652,0.04708035,0.0035856268,-0.011141784,-0.005674743,-0.26540628,0.11101195,-0.10994239,0.024796218,-0.0052469065,-0.003597277,0.056781314,0.0039938423,0.17375396,0.030753069,-0.15399301,0.009894894,-0.04775795,0.019803539,-0.14365824,-0.1389059,0.07920716,-0.0020762,0.009811856,-0.0313338,-0.08332654,-0.045503717,-0.010998106,-0.026269112,0.0038407876,0.0043381928,0.2655318,0.008391447,0.015183365,-0.023463018,0.060653824,-0.000529981,0.019749034,0.0011254816,0.010710514,0.16383724,0.029476784,0.013990263,0.008410682,0.08480517,-0.014210653,-0.1117284,0.023355337,0.0046707094,0.019939687,0.15614122,0.009110857,-0.023360018,-0.104043454,-0.13377231
prod_080,0.04585633,0.024495885,-0.023915814,-0.007943914,0.0046866084,-0.06618531,-0.04329437,0.032359947,0.017257113,-0.01849694,-0.013508205,-0.012669408,-0.022550326,0.039299145,-0.22818552,-0.022921477,0.013701697,0.008611296,-0.033031836,0.04162048,-0.046739444,-0.07644194,-0.027463641,0.24433427,-0.02480095,0.0026461154,-0.031121323,0.021340873,0.0075825257,-0.00818074,-0.016320633,0.20072739,0.08746055,0.010822748,-0.06580051,-0.23198609,0.0483353,0.19509163,-0.08041873,0.0034704187,0.2942021,-0.00029421897,0.023814753,-0.019007266,-0.0005904547,0.035861045,-0.031353947,0.119650334,-0.014147291,-0.035668973,-0.009415826,0.119951375,-0.026041837,-0.032637067,0.03824265,-0.1265286,-0.017578857,-0.060141478,0.13171892,0.019714316,0.04843732,0.03881531,0.024135571,0.04190942,0.02551698,0.24550144,-0.016123008,-0.049652625,-0.020789603,-0.008116441,-0.03462954,-0.2946417,0.01892758,-0.0034327768,-0.049385946,-0.009185045,-0.06411564,-0.032938913,-0.30291438,0.00021297035,0.073340565,0.0090003135,0.0003035097,-0.00019835665,-0.020257361,0.11983574,-0.04635311,0.008867554,0.048254173,-0.12457003,-0.10650701,0.017976396,0.04897632,-0.11560372,-0.10028986,-0.00819329,-0.033269297,-0.11022176,0.07091349,0.032627195,0.0273296,-0.036274333,0.022247111,-0.07454839,0.30265498,-0.02991477,0.011756551,0.048183307,-0.040714033,-0.104510464,-0.008574116,-0.00062341493,0.024260178,-0.041172996,0.11201702,0.007042802,-0.021035613,-0.055103555,-0.008610915,0.05015356,-0.028464716,0.02294985,0.21070336,-0.052530248,-0.019968856,-0.016685313,0.024833899,0.062131535
prod_081,-0.036036227,-0.07295609,0.05781905,-0.015161758,0.002228886,0.07321034,0.20856908,-0.16955987,0.026601272,-0.017845497,-0.008510574,-0.015433949,-0.03274739,-0.22675814,0.027768506,0.024131404,0.04057504,0.03260171,0.07812597,-0.16357751,-0.02397878,0.16622573,0.14482886,0.0692681,-0.02524444,-0.0017006416,0.08239731,-0.006142094,0.01864787,0.013483864,-0.03974624,-0.035722293,0.10207602,-0.08808565,0.07456575,-0.21671087,-0.029490637,0.011070632,0.015195392,0.029365707,0.20868051,0.022925163,0.016120777,0.024800057,0.029245226,-0.16321686,0.08242386,-0.040995102,0.06557728,0.12323126,0.01652056,-0.03970945,0.16058053,0.068083,-0.08476379,-0.06824167,-0.03558251,0.059329495,-0.048980895,-0.03171006,-0.11908744,-0.09842244,0.02718229,-0.07472681,-0.09860651,0.09098592,0.02588929,0.10375247,0.017256962,-0.02718546,-0.021631699,-0.23320088,-0.11010269,0.00049656007,0.044117752,0.015824853,-0.035075072,-0.023787916,-0.23190868,0.11924347,-0.1206772,0.03491532,-0.01172873,0.003830893,0.0762892,-0.016766228,0.18104306,0.031433184,-0.15693462,0.0313109,-0.03541449,0.030879732,-0.14824305,-0.123140365,0.10077598,-0.011103825,0.0063310806,-0.019786837,-0.09348446,-0.05182322,-0.027950829,-0.014194426,-0.00055220985,0.018476035,0.22965063,0.008351034,0.03860538,-0.03992739,0.08781509,0.0148754325,0.044004332,-0.0035754817,0.007966893,0.17511784,0.024399634,-0.0046559246,-0.01651021,0.08897863,0.00936725,-0.12509502,0.011680722,0.0024655783,-0.015217944,0.16641212,0.013589326,-0.033762567,-0.11428333,-0.15414488
prod_082,-0.012650032,-0.03703948,0.017267538,0.039498053,0.034618597,-0.059254672,0.07796861,-0.07267631,-0.01911702,0.05664985,-0.012196503,0.0054251216,0.03651599,-0.114563875,-0.117005914,0.02655846,-0.03690884,-0.018404271,0.027727634,-0.07265231,0.0021230076,0.04089969,0.07359421,0.21391815,0.00036832393,0.033273928,0.016661052,-0.029731443,-0.014051477,-0.043994036,0.013457251,0.099283434,0.13463753,-0.06892972,0.0082241865,-0.3088813,0.0049738106,0.122077726,-0.0395694,-0.026015738,0.33023882,-0.03858649,-0.00883958,-0.03433923,-0.021880109,-0.05380202,0.06583413,0.05586603,-7.1141316e-05,0.056139547,-0.036443062,0.059521623,0.08737425,0.046139862,-0.035709776,-0.13138172,0.0056337565,0.0020278485,0.082797475,0.012276249,-0.05541516,-0.02467221,-0.038816605,-0.01358288,-0.050183687,0.23024926,-0.039594144,0.06482014,0.026772652,0.047118224,0.010634294,-0.33322677,-0.051230386,-0.03821924,0.013225553,-0.045593355,0.025501339,0.0021768347,-0.33684292,0.09604554,-0.028447488,-0.027804144,0.0070274696,0.03354449,0.025692474,0.0928618,0.08340526,-0.018818568,-0.093352675,-0.04291828,-0.099485725,-0.018252568,-0.0819053,-0.16926764,-0.013885621,0.013792895,0.0397647,-0.120028146,-0.022615062,-0.021708336,0.040774625,-0.038442634,0.041566722,-0.028967634,0.32409447,-0.013874391,-0.052428592,0.021772275,-0.012111105,-0.013071068,-0.04280853,0.010393868,0.0075361584,0.069781244,0.09157479,-0.025390664,0.036256216,0.00996598,-0.04493856,-0.05033985,-0.0082666315,-0.031907853,0.1359618,0.06900723,0.031612612,0.04645724,-0.04362776,-0.048317444
prod_083,-0.03552839,-0.06845048,0.04906931,0.00250505,0.012879106,0.03359947,0.17364049,-0.14850545,0.008290604,0.0051148306,-0.012501596,-0.006514865,-0.013077342,-0.20470929,-0.023880862,0.027061047,0.017568048,0.020848589,0.06887922,-0.14558682,-0.018570604,0.1337472,0.13093361,0.12589961,-0.020401513,0.008060001,0.062050387,-0.018524311,0.0077041117,-0.0048626256,-0.025527915,0.008415984,0.12452684,-0.08828325,0.056198835,-0.26723805,-0.01955377,0.05145794,-0.0057297735,0.015695432,0.26896602,0.002406776,0.0066227424,0.005380957,0.01103275,-0.13556051,0.083553925,-0.009535526,0.04674919,0.11015596,0.0027254336,-0.0059054196,0.1503011,0.06966555,-0.07541644,-0.09205233,-0.019394454,0.04144846,-0.00892181,-0.022306249,-0.1063049,-0.07665259,0.0050356057,-0.054587305,-0.09036421,0.14922772,0.0069796853,0.097139515,0.023689454,-0.004206502,-0.012027594,-0.29258516,-0.0969982,-0.014042377,0.033848513,-0.009078761,-0.020207142,-0.020645393,-0.284723,0.12090247,-0.10101163,0.014794224,-0.0061252373,0.013928168,0.06735258,0.017622845,0.16343592,0.015576139,-0.1486967,0.005383102,-0.061128106,0.018177878,-0.1326088,-0.15090656,0.0679562,-0.0040932526,0.018693957,-0.057989743,-0.075285494,-0.04541172,-0.006578446,-0.018137187,0.01314,0.0035832007,0.27919963,0.00022055687,0.010037031,-0.019775068,0.0617937,0.0043577803,0.017526316,0.00018357582,0.011431051,0.15352318,0.052928794,-0.009952233,-0.0016384375,0.06739733,-0.005435443,-0.10820308,0.004061361,-0.009096341,0.038250722,0.14463401,0.022159453,-0.009801216,-0.097138144,-0.12587859
prod_084,0.04514041,0.021061843,-0.018945025,-0.010192981,0.0057468917,-0.06368216,-0.03224187,0.024523554,0.01319433,-0.021011336,-0.0132393995,-0.008754945,-0.019380985,0.02754033,-0.22365098,-0.027477324,0.012139555,0.008371733,-0.024833992,0.032733794,-0.042184267,-0.06643683,-0.01936468,0.24319862,-0.026422303,0.007034993,-0.03142217,0.017538227,0.008641943,-0.010623515,-0.015364201,0.19958356,0.08802405,0.0035094118,-0.063254066,-0.24117234,0.046581168,0.19186555,-0.07743026,0.0031296222,0.3023934,-0.00018512875,0.022530394,-0.01876173,-0.002285937,0.028840166,-0.02725411,0.11459471,-0.014002621,-0.028280227,-0.009204169,0.1141075,-0.022393057,-0.02402565,0.03460887,-0.12652068,-0.012927914,-0.056345787,0.12567575,0.021182239,0.04445309,0.03610261,0.022448463,0.036415447,0.02168916,0.2502058,-0.014237924,-0.04203292,-0.019006977,-0.0066204946,-0.033767145,-0.30758393,0.012033886,-0.0035972274,-0.045789957,-0.009883807,-0.060194094,-0.033118527,-0.30875352,0.0056434935,0.06573485,0.009611002,0.00084256666,7.706577e-05,-0.017981017,0.119165696,-0.034395754,0.010238174,0.037377596,-0.123688005,-0.10423301,0.02138702,0.040301383,-0.12436955,-0.09767071,-0.006259967,-0.030052483,-0.10710701,0.06947551,0.030675856,0.025821066,-0.038158927,0.020537028,-0.07054617,0.3136598,-0.030616842,0.008391368,0.04539424,-0.041004088,-0.103817485,-0.00706357,0.0013067432,0.025832416,-0.03131989,0.11129577,0.009251714,-0.017312,-0.051148172,-0.01460262,0.047833238,-0.023363627,0.025958216,0.21047477,-0.041920006,-0.020357678,-0.017551458,0.0228321,0.05828764
prod_085,-0.008403149,-0.031727992,0.017003499,0.0459679,0.033931796,-0.057983868,0.07859778,-0.07065779,-0.017881455,0.054349698,-0.0062314337,0.011651859,0.047080155,-0.11798648,-0.1184363,0.03385478,-0.04950718,-0.029587593,0.023775011,-0.071956195,0.007254599,0.043259796,0.0797112,0.2104513,0.005331351,0.03745129,0.015171102,-0.028916227,-0.019871062,-0.04361653,0.022684822,0.0976306,0.13234113,-0.06579828,0.013180733,-0.30647427,0.0018576687,0.122650996,-0.029221537,-0.024705943,0.3328637,-0.04204202,-0.009027942,-0.03365077,-0.03396118,-0.055036694,0.06308672,0.05416409,0.005417953,0.05553076,-0.040203776,0.056824535,0.091544814,0.044373848,-0.040889453,-0.13517162,0.014143735,0.006106657,0.08414795,0.019580951,-0.051086374,-0.022472786,-0.04672663,-0.015809745,-0.047103062,0.22670586,-0.041967988,0.060615636,0.029185927,0.046666935,0.014138334,-0.33217126,-0.05154312,-0.040712394,0.017820058,-0.04428713,0.029778691,0.0009521144,-0.32940844,0.09770715,-0.027972568,-0.021961244,0.0072690765,0.03217879,0.021230722,0.08963887,0.08170618,-0.023066549,-0.088073105,-0.044742648,-0.09491982,-0.025633827,-0.084492765,-0.169007,-0.013735618,0.010973484,0.044141058,-0.1171514,-0.022100214,-0.020486517,0.046859086,-0.043466877,0.037963804,-0.032139126,0.3237614,-0.0074353605,-0.055362906,0.020701954,-0.012020853,-0.009102289,-0.05857465,0.008338231,0.006117221,0.06918339,0.090996824,-0.020072745,0.03924345,0.013368737,-0.056735307,-0.050926622,0.0012195512,-0.037161257,0.13703287,0.07084807,0.03369418,0.050039344,-0.04167167,-0.04793301
prod_086,0.059289087,0.039708607,-0.05059905,-0.030995471,0.0022839867,-0.04936076,-0.0810226,0.061419096,0.024899974,-0.04224646,-0.009337483,-0.018014414,-0.050505243,0.08522856,-0.23598514,-0.053276807,0.02999005,0.017744627,-0.054041274,0.074613154,-0.05594816,-0.09412085,-0.060250722,0.22576132,-0.0378878,-0.0070055053,-0.045868523,0.039816633,0.01376031,0.009491599,-0.02831529,0.2103148,0.05780234,0.036389742,-0.07284945,-0.18639117,0.06929702,0.18327336,-0.08841313,0.009766925,0.24032143,0.01650677,0.03852157,0.00012581344,0.018441545,0.058127318,-0.064757325,0.13028944,-0.022511601,-0.062530175,-0.0022921464,0.12994665,-0.0643661,-0.061323203,0.060417496,-0.10698559,-0.023770139,-0.08287152,0.12015504,0.014168217,0.08104901,0.056255206,0.032714933,0.06642293,0.05422923,0.21197312,-0.004342703,-0.08680892,-0.046189398,-0.027537888,-0.0509193,-0.25124282,0.04596988,-0.0008141521,-0.07560598,0.013862321,-0.09028307,-0.04277828,-0.25429794,-0.039587766,0.10010768,0.014512598,-0.0038862554,-0.017747292,-0.03750211,0.110653825,-0.08636413,0.010888583,0.09420377,-0.13899237,-0.09264616,0.030174153,0.08767587,-0.08313081,-0.12599936,-0.0034395996,-0.056041706,-0.09303907,0.08005283,0.051129162,0.00832697,-0.023371227,0.0055640214,-0.08455353,0.2584991,-0.041427117,0.035410613,0.057831082,-0.04784203,-0.13212259,0.015156179,-0.008821731,0.019330444,-0.068320625,0.10242733,0.010333775,-0.046787642,-0.077596195,0.00782766,0.08009607,-0.03640499,0.041806135,0.20064317,-0.08999986,-0.04255416,-0.025131749,0.048222657,0.084243365
prod_087,0.020458106,-0.014043202,0.0033677418,0.020759387,0.015322337,-0.05852972,0.05214241,-0.039844748,-0.003936747,0.009604151,-0.0110218655,0.0024594143,0.017185882,-0.07518154,-0.17132333,0.0115541965,-0.020791901,-0.011376185,0.008503425,-0.040722277,-0.017321238,0.0024168564,0.041903682,0.23502737,-0.013679117,0.021915482,0.004143344,-0.012395037,-0.0070738117,-0.03115109,0.009066754,0.14883317,0.11864422,-0.049143106,-0.022202631,-0.297959,0.016100848,0.15998405,-0.047290605,-0.013896054,0.34710783,-0.01967172,-0.0015450605,-0.02737538,-0.02692623,-0.02467382,0.03408055,0.072864704,0.004703871,0.018968776,-0.028092898,0.080544665,0.049133502,0.014683579,-0.019191744,-0.1332201,0.0021959029,-0.010587837,0.096050836,0.021301363,-0.019540116,-0.0044263173,-0.01348117,0.0019289756,-0.02732168,0.25475678,-0.028189147,0.02512746,0.009269377,0.027741581,0.001170551,-0.3429291,-0.03537485,-0.022157462,0.00052655523,-0.030380882,-0.015156771,-0.013027589,-0.3411683,0.06608404,0.010575561,-0.0021049695,0.0075089727,0.021819733,0.008020115,0.11207246,0.05118078,0.004552575,-0.05312616,-0.08295293,-0.10467087,-0.0042568217,-0.043163266,-0.16281888,-0.046005346,-0.0006893559,0.013119022,-0.11742652,0.01527278,0.002372204,0.046723265,-0.04224324,0.030872589,-0.04365775,0.33972052,-0.008005373,-0.031886872,0.025842557,-0.026262,-0.05346045,-0.035473183,0.007975623,0.02050957,0.03838183,0.103757754,-0.0043829298,0.020550594,-0.0067586307,-0.048604533,-0.012822851,-0.0046083047,-0.009074933,0.17943923,0.034408983,0.010578622,0.013741773,-0.017832585,-0.0093342895
prod_088,-0.024766829,-0.07044195,0.045357905,0.0047635133,0.0070658014,0.04008415,0.19522686,-0.15926205,0.0012459202,0.009259493,-0.0034034776,0.0010739052,0.0012627628,-0.21303625,-0.007527885,0.03295233,0.0024294634,-0.0003139799,0.06345883,-0.15418693,0.0015104926,0.14427882,0.13642192,0.11372884,-0.019505776,0.017896844,0.07244581,-0.02107981,0.00499024,-0.0217105,-0.018793946,-0.0024219716,0.11351905,-0.09720865,0.05841625,-0.26281744,-0.019072725,0.031835973,0.0093079815,-0.0002266264,0.26211846,0.0026149135,0.0015506601,0.00497772,-0.0015718066,-0.14182474,0.09285103,-0.026215853,0.049452197,0.116472185,-0.0066529745,-0.01923636,0.15035295,0.06252507,-0.07960973,-0.08407497,-0.0073394445,0.049041875,-0.01469476,-0.0026451973,-0.1096458,-0.077864505,-0.0024244436,-0.062455826,-0.08917823,0.13700251,0.005296548,0.0966085,0.022546576,0.0013663863,-0.004153722,-0.2741292,-0.11031324,-0.008246374,0.04269801,0.0006181434,0.002147567,-0.005437245,-0.2732766,0.11336301,-0.10205219,0.020883853,-0.0028424945,0.0072261947,0.05468202,0.017561942,0.17158656,0.024116071,-0.15392731,0.013012575,-0.055193666,0.011090176,-0.14575991,-0.14903595,0.07749071,-0.0057372013,0.0243242,-0.041192837,-0.083034806,-0.04721646,-0.0027092919,-0.03323512,0.0073388745,0.0040122014,0.2723206,0.011511976,0.0009362575,-0.017486464,0.044479012,0.0071136784,0.003244303,0.0043544434,0.008492868,0.16070747,0.036765534,0.004655358,0.017748414,0.0741359,-0.023846125,-0.11252245,0.023595994,-0.009261424,0.026369961,0.14959979,0.0150303235,-0.007521285,-0.09615485,-0.12138764
prod_089,0.06201148,0.045170397,-0.06751503,-0.0367714,0.0075506875,-0.04337653,-0.09746442,0.07710112,0.021984266,-0.0526422,-0.0019926708,-0.014876089,-0.05337092,0.103510216,-0.23462623,-0.068794906,0.02778141,0.021146286,-0.06466374,0.087816365,-0.05180408,-0.09831247,-0.07552638,0.20938434,-0.04606102,-0.0063029476,-0.057930823,0.04841663,0.010500751,0.015762435,-0.026420476,0.21394047,0.039396845,0.04542033,-0.07354935,-0.1688591,0.08001131,0.16932532,-0.08675037,0.0066047795,0.20872723,0.021047305,0.043790925,0.00855222,0.024592051,0.06677939,-0.07738584,0.13554429,-0.032562904,-0.071958035,-0.001580609,0.13198291,-0.081733234,-0.07555648,0.06613475,-0.09134739,-0.017828275,-0.093495585,0.108866505,0.010358564,0.09619415,0.063222274,0.02436783,0.083788365,0.06734685,0.19231907,0.0033077186,-0.102372915,-0.06306794,-0.03257845,-0.05770579,-0.22545168,0.05992101,0.0019770667,-0.08589326,0.025724139,-0.09589681,-0.04633666,-0.22239509,-0.057593748,0.11233327,0.016019419,-0.0033431938,-0.028612688,-0.04764641,0.10425565,-0.10957133,0.009587835,0.11269016,-0.14484999,-0.08249466,0.033447456,0.09990586,-0.065393776,-0.13828169,0.0067801387,-0.06104693,-0.08608102,0.07955257,0.0621245,0.0013546074,-0.01680416,-0.0047303606,-0.0897902,0.2338435,-0.04516443,0.04162005,0.06518825,-0.052425332,-0.13896921,0.02177642,-0.019375043,0.016108403,-0.07944611,0.091712885,0.015464864,-0.056497563,-0.093946256,0.0062029166,0.08918136,-0.0387666,0.044199757,0.18847267,-0.10667007,-0.05713137,-0.018987065,0.063171126,0.09271058
prod_090,0.028089982,0.01935788,-0.018538907,-0.017507097,-0.036178667,-0.027399648,-0.053833753,0.02126391,0.0508641,-0.0363118,-0.03741284,-0.06840759,-0.104102306,0.038458165,-0.21276207,-0.037226386,0.0790845,0.026304387,-0.04444955,0.042758662,-0.094447985,-0.07659139,-0.02174836,0.25297377,-0.018032188,-0.03575491,-0.019525582,0.04677335,0.03624376,0.0060524736,-0.047913376,0.1742236,0.108507685,0.02773718,-0.04236001,-0.20570916,0.06126564,0.19720575,-0.08070414,0.05085137,0.25720242,0.012128108,0.0034901563,0.01010223,0.035214186,0.023940293,-0.03178022,0.10248114,0.0035005372,-0.039875057,0.02818926,0.13579716,-0.017312692,-0.051170327,0.05760108,-0.12389187,-0.06219202,-0.06369775,0.13686663,0.0015607853,0.06885004,0.002162502,0.046089873,0.051717076,0.020464078,0.21903674,-0.0026119181,-0.077954724,-0.02863932,-0.056487165,-0.07037765,-0.2695873,0.031714894,0.0014463185,-0.048192155,0.0023486072,-0.13450958,-0.045063775,-0.2860178,0.009178316,0.07919261,0.02061519,-0.02019146,0.000391391,-0.004779143,0.093182236,-0.04977428,0.032556508,0.05545455,-0.120270036,-0.111938365,0.03841501,0.05801772,-0.114666976,-0.06723252,-0.02740594,-0.07047117,-0.11221725,0.050670426,0.02708947,-0.0033472236,-0.020282643,0.023486342,-0.090647064,0.26272655,-0.06728385,0.06890202,0.03648131,0.011747944,-0.12979591,0.06435177,-0.013065396,0.005742602,-0.03573382,0.13508292,-0.009028973,-0.06269814,-0.04555021,0.051206503,0.043064598,-0.07484556,0.006004746,0.18622567,-0.05720359,0.0025872784,-0.085352875,-0.000253821,0.052413255
prod_091,0.04211459,0.049045116,-0.06102359,-0.017093332,0.026793264,-0.07321814,-0.104821086,0.09417536,0.0071356366,-0.016472574,0.009062377,-0.014678342,-0.023318438,0.115405425,-0.21947472,-0.0749448,0.008507314,3.8564685e-05,-0.07901066,0.07991152,-0.025836868,-0.099251494,-0.082020305,0.20850515,-0.02997619,0.015458027,-0.07305813,0.052404605,0.0036710731,-0.0122043835,0.0031508084,0.2218642,0.048961412,0.05867305,-0.055115547,-0.19400398,0.088521026,0.15319364,-0.08634352,-0.0153448265,0.20099153,-0.004668119,0.016600184,-0.003981407,0.03235332,0.065016724,-0.06750964,0.1506611,-0.052696947,-0.06849471,-0.013339115,0.15419832,-0.09629132,-0.06695256,0.07085861,-0.09346954,0.009983027,-0.07793768,0.12100476,0.01738964,0.11219078,0.04419903,-0.01289246,0.10759756,0.060082458,0.1878351,-0.0023811748,-0.1082412,-0.07246582,-0.014539431,-0.066385806,-0.2113255,0.07423605,-0.0044278014,-0.08147999,0.0041457275,-0.07349481,-0.026047893,-0.22070989,-0.03616942,0.11540396,-0.014624871,0.0005373821,-0.00944769,-0.05620748,0.10928262,-0.1356186,-0.0045864056,0.106844135,-0.13811101,-0.08939781,0.0074763563,0.097862795,-0.06371437,-0.13374606,0.022357639,-0.0438218,-0.10924124,0.060892917,0.08026735,0.018353775,-0.023389475,0.010922502,-0.0909617,0.22647128,-0.061455805,0.013829305,0.06569238,-0.04515437,-0.13742115,0.0013935062,-0.03377344,0.008920203,-0.0793302,0.098160125,0.006983575,-0.043163054,-0.10762275,-0.0074098646,0.08007586,-0.037013482,0.009547268,0.17438425,-0.10970227,-0.046695985,0.006951693,0.062888615,0.0914592
prod_092,-0.03702367,-0.07213417,0.047488913,0.009677912,0.019905437,0.03239892,0.18229303,-0.15345675,0.00079527334,0.019119292,-0.0071113063,0.00051741116,0.004723512,-0.2120639,-0.005369026,0.030424632,0.0031906946,0.008035158,0.07057915,-0.15242963,-0.0018695655,0.1469256,0.13643047,0.110616796,-0.014886037,0.01708461,0.060726624,-0.022923296,0.006286533,-0.013515829,-0.01756043,-0.005531281,0.11787256,-0.09625551,0.06879405,-0.26068386,-0.022116654,0.031212006,0.0023305353,0.0012599446,0.25160235,-0.004711759,0.0036651683,0.0032561673,0.009296197,-0.14384441,0.09188027,-0.01757235,0.040363356,0.11697406,-0.007926834,-0.019692956,0.15457623,0.076814815,-0.08217524,-0.08696598,-0.011009628,0.04778493,-0.017816188,-0.01667432,-0.1144482,-0.0771943,-0.007834205,-0.060081486,-0.093826875,0.13501745,0.0048866537,0.10673463,0.024482042,0.0049616266,-0.005923994,-0.27478608,-0.09969691,-0.019373963,0.039987046,-0.007861808,0.0026656594,-0.009887558,-0.26849514,0.12590764,-0.10791321,0.008205143,-0.0037005125,0.014543478,0.065597795,0.01591243,0.1693737,0.0075474917,-0.15888777,0.01640467,-0.055600826,0.00937965,-0.1452863,-0.1458789,0.0780848,0.0024985871,0.032776684,-0.05178332,-0.08850033,-0.048854467,-0.004262529,-0.024887852,0.014909021,0.009420751,0.26685998,0.0063771573,-0.0036332023,-0.021285342,0.055688363,0.017602991,0.005988605,0.0020692814,0.004591867,0.16077992,0.041161876,-0.016272038,0.008080374,0.06841995,-0.017607875,-0.11438142,0.014309884,-0.015228262,0.02158209,0.1520697,0.023613902,0.006497225,-0.09845553,-0.13122316
prod_093,-0.026270002,-0.07403943,0.05492028,-0.02422281,0.0014076598,0.09262038,0.23404051,-0.17848842,0.014444878,-0.023851074,-0.0076275324,-0.015901469,-0.029086683,-0.23751359,0.07039597,0.028988874,0.050401665,0.02451598,0.07476914,-0.18062875,-0.009425695,0.19285646,0.14591433,0.031610172,-0.034126546,-0.010271426,0.08978605,0.0006624991,0.031113155,0.008260487,-0.042982686,-0.062061183,0.07550403,-0.09574081,0.082745574,-0.18199722,-0.03596053,-0.0323269,0.037495654,0.02806213,0.1601937,0.025891354,0.0011093126,0.039208375,0.029900484,-0.18248723,0.082930915,-0.06676401,0.06244149,0.13331701,0.0155947935,-0.06648322,0.1597484,0.056606736,-0.09633942,-0.04106763,-0.0286801,0.06570924,-0.07251816,-0.025647126,-0.12310676,-0.09625386,0.03433333,-0.07679001,-0.1043868,0.042388525,0.040142268,0.100923195,0.0068214354,-0.036895625,-0.020742698,-0.18238269,-0.12688479,0.014130656,0.055918038,0.03356668,-0.015210385,-0.017817844,-0.18626258,0.09901621,-0.1265988,0.04431993,-0.015968865,-0.012089545,0.075770125,-0.03337504,0.18671209,0.0483574,-0.16332051,0.053673327,-0.016213747,0.036788955,-0.1548056,-0.09792527,0.12234399,-0.013170886,0.004933362,0.010969229,-0.11454787,-0.05378998,-0.035054926,-0.021196011,-0.003539506,0.030170867,0.19129562,0.01534126,0.04632274,-0.043218527,0.08904108,0.01782891,0.0422794,-0.005892976,0.0002993223,0.18351069,-0.007066602,0.012003311,-0.010985106,0.096974924,0.0035544536,-0.13403377,0.029254055,0.009489795,-0.057335768,0.17631252,0.0014701136,-0.033973128,-0.12090674,-0.15124728
prod_094,0.028470926,0.021688921,-0.019410674,0.022087682,0.009258494,-0.08333084,-0.045193087,0.025086915,0.004051978,0.012115692,-0.015179377,-0.022314968,-0.009903958,0.026761616,-0.22364286,-0.012382412,-0.0027008834,-0.007850523,-0.0411918,0.030954119,-0.03806396,-0.06963521,-0.016152807,0.25703815,-0.008911071,0.017570568,-0.03177377,0.012852837,0.0034660555,-0.038652524,0.004815553,0.19471604,0.11134026,0.0057590595,-0.03771666,-0.2519138,0.05479944,0.19080935,-0.07380433,-0.011425061,0.29807234,-0.027392847,-0.010787901,-0.02493377,0.00051719235,0.033094544,-0.013904678,0.110184364,-0.016782008,-0.02519156,-0.023552,0.13347217,-0.013037552,-0.029466463,0.028208435,-0.13837746,-0.0106905885,-0.043353785,0.14789762,0.025237149,0.048362475,0.012555499,-0.013102359,0.05194155,0.01645527,0.2443435,-0.026366895,-0.043762807,-0.018263059,0.009089999,-0.035200395,-0.28181225,0.022719322,-0.023426961,-0.03508245,-0.030456766,-0.049722478,-0.012082782,-0.2992557,0.025670586,0.07010471,-0.010869206,0.009861628,0.01630139,-0.015954927,0.1271743,-0.038717005,-0.004564694,0.034913983,-0.11899958,-0.123017974,-0.015290599,0.032053106,-0.12244328,-0.08449491,0.005329722,-0.0099069225,-0.13808416,0.038663886,0.0326405,0.047839414,-0.039440542,0.04328851,-0.085627146,0.3000298,-0.036726028,-0.0110970065,0.043647036,-0.027882863,-0.098033406,-0.021625968,-0.0057356902,0.014859863,-0.032679778,0.13051711,-0.017077006,-0.00062666356,-0.052318044,-0.017229944,0.028368104,-0.030673323,-0.025129288,0.1979829,-0.042393584,-0.0029910575,0.0016986605,0.017726365,0.048134476
prod_095,0.032875378,0.030790698,-0.03091638,-0.018683927,-0.034650274,-0.03301068,-0.083803155,0.04136054,0.04924505,-0.037697427,-0.03369005,-0.064999565,-0.09976104,0.07866967,-0.21807648,-0.049698945,0.08089355,0.023580736,-0.06289958,0.061693184,-0.083963394,-0.0949166,-0.04640451,0.24550714,-0.017771417,-0.030084286,-0.037109468,0.055475075,0.038026273,0.0012581535,-0.04517249,0.19045979,0.09344187,0.049090568,-0.04625061,-0.17858876,0.07549059,0.19314112,-0.08311377,0.03983758,0.22121854,0.01016472,-0.0023203203,0.010897674,0.043903507,0.04472508,-0.050597463,0.11213579,-0.009201622,-0.060135536,0.027136462,0.14903282,-0.045614675,-0.061614107,0.070950225,-0.107284315,-0.05293373,-0.073046155,0.14388746,0.0059039625,0.09401247,0.012565063,0.042641666,0.07188215,0.03875748,0.20057487,0.00430238,-0.10598343,-0.04382847,-0.060490888,-0.07896592,-0.23217037,0.051078394,0.0058629187,-0.06116295,0.0011467295,-0.1348807,-0.040649135,-0.24726175,-0.010600498,0.097956695,0.017767513,-0.017672822,-0.0052009462,-0.020388387,0.088968694,-0.08604132,0.031849228,0.0851412,-0.12917094,-0.10701354,0.034715794,0.08685315,-0.092931494,-0.08179188,-0.019070469,-0.07574606,-0.10360115,0.05803231,0.040544834,-0.005501591,-0.022192197,0.024266388,-0.097475275,0.23626271,-0.07313791,0.06899202,0.04215132,0.0003865527,-0.14667031,0.06434778,-0.018476592,0.0063593527,-0.060159896,0.13274758,-0.0058115264,-0.06650102,-0.062874064,0.05101316,0.06086991,-0.069604516,0.0080223605,0.17924573,-0.08195896,-0.010237595,-0.08674299,0.020167487,0.07785963
prod_096,-0.03759214,-0.0789063,0.055132266,-0.012506225,0.007260355,0.073499046,0.21780908,-0.1763337,0.017901516,-0.009754134,-0.005165842,-0.0066545997,-0.020084852,-0.22814721,0.038929325,0.024420649,0.030627659,0.024542991,0.08215976,-0.17434286,-0.007644249,0.17582868,0.14713873,0.05636721,-0.025443258,0.0039693643,0.08020671,-0.010205786,0.019066723,0.0055285497,-0.03427352,-0.042199448,0.09295275,-0.09315896,0.08130463,-0.21308309,-0.029179553,-0.0032483048,0.023264496,0.019697195,0.19748124,0.018751448,0.011245075,0.022153433,0.02777731,-0.16892627,0.08942134,-0.048639625,0.060206365,0.12916127,0.011266661,-0.048060168,0.16480291,0.071686625,-0.08993321,-0.059479084,-0.027814094,0.0634522,-0.054545365,-0.028896283,-0.12519969,-0.09470363,0.018617205,-0.07253351,-0.098333344,0.07975502,0.028231887,0.10716207,0.016886344,-0.018756276,-0.01585144,-0.2213846,-0.1129732,0.0008638068,0.046812218,0.015385748,-0.019613866,-0.016339844,-0.21937472,0.11675871,-0.12534426,0.033587966,-0.009070298,0.000395918,0.07360161,-0.01691823,0.18655284,0.030644832,-0.16328262,0.037454884,-0.030738913,0.025899181,-0.15213172,-0.116362065,0.10692884,-0.0074112792,0.0137849795,-0.010340532,-0.102747485,-0.05250051,-0.028767493,-0.017866956,0.0002808812,0.0229377,0.21864,0.014853573,0.027889866,-0.03696889,0.08011242,0.020909311,0.03462015,-0.0019703445,0.008090306,0.1818033,0.016467527,-0.00080312544,-0.008561037,0.08897648,-3.0058318e-05,-0.127785,0.020919057,0.0036632943,-0.02893948,0.16893956,0.010249047,-0.022092335,-0.11284871,-0.14962178
prod_097,-0.03473889,-0.07549016,0.055547,-0.016630176,0.002118086,0.081451625,0.21948436,-0.17292416,0.025462812,-0.020906469,-0.006354745,-0.011734162,-0.027584586,-0.23255938,0.04568681,0.024681577,0.041035384,0.029247144,0.07957353,-0.17210683,-0.018852862,0.17807502,0.14828251,0.05079886,-0.026818125,-0.0018267141,0.08401382,-0.0032818385,0.021871662,0.01234767,-0.037908692,-0.048040636,0.09020092,-0.09107393,0.08115414,-0.20199601,-0.030691102,-0.0066565447,0.023429077,0.02732838,0.18477371,0.022974102,0.014094429,0.028386729,0.032140512,-0.17312124,0.08494682,-0.050127525,0.061710954,0.12901378,0.015363692,-0.05204287,0.16182613,0.06821989,-0.08895121,-0.057238244,-0.03312009,0.06311116,-0.060942523,-0.031395365,-0.12406228,-0.09839373,0.027440686,-0.0768104,-0.103695184,0.07147093,0.032652147,0.1061663,0.013770873,-0.028496193,-0.022731243,-0.21224545,-0.112521484,0.005582705,0.047264818,0.023226658,-0.030941334,-0.02011942,-0.21112233,0.11471665,-0.12688106,0.03799974,-0.012769643,-0.0022631162,0.07400946,-0.024019273,0.18295586,0.03491835,-0.16438733,0.039254677,-0.024863772,0.031583026,-0.15546422,-0.10981301,0.10917694,-0.010505024,0.0056730337,-0.0052453214,-0.1033105,-0.053359058,-0.030763958,-0.019152576,-0.0044924966,0.024328588,0.21095352,0.012038601,0.039795235,-0.043462653,0.089150734,0.020586168,0.042998053,-0.0070274016,0.0053612897,0.18177927,0.011850419,-0.0006725797,-0.015688727,0.09294796,0.008014982,-0.12847921,0.020327615,0.007774249,-0.034788396,0.17357711,0.010245469,-0.03208197,-0.11574483,-0.15604609
prod_098,0.032629754,0.009884764,-0.01076331,0.0026139629,0.009328722,-0.07373593,-0.013683664,0.009648525,0.008932031,0.00019641138,-0.014190256,-0.0090771485,-0.006989063,0.0005966769,-0.21126375,-0.011600586,-0.0014363885,-0.00015375188,-0.018661888,0.015866607,-0.036312748,-0.054658707,-0.0032166177,0.2475521,-0.015898474,0.010631203,-0.019116301,0.0037758097,0.0026264777,-0.02044122,-0.0045018583,0.18693015,0.10152639,-0.011083674,-0.05468625,-0.26173753,0.035945576,0.18922827,-0.07227138,-0.0021144978,0.32324868,-0.010566608,0.015302584,-0.028125362,-0.011532958,0.01361371,-0.004255558,0.10552123,-0.009983334,-0.015421403,-0.014386836,0.10940845,0.0024839682,-0.014236514,0.0219457,-0.13644417,-0.012985616,-0.04356874,0.129354,0.021510731,0.024196504,0.022625662,0.008272245,0.024376856,0.008434833,0.25762424,-0.027136656,-0.021428198,-0.006977699,0.007492496,-0.01987454,-0.32087743,-3.7013964e-05,-0.012330548,-0.029743515,-0.020983592,-0.042357605,-0.026536057,-0.3277992,0.026273832,0.05206541,-0.0014397261,0.005360948,0.010299348,-0.010358852,0.12242221,-0.009369272,0.0033435791,0.01156713,-0.10861638,-0.109458044,0.008466363,0.018040048,-0.13498291,-0.08366635,-0.006369939,-0.014500068,-0.11870716,0.052617528,0.020202642,0.035750356,-0.0399307,0.032328956,-0.062251236,0.32045507,-0.026921168,-0.007710405,0.040008996,-0.035905395,-0.083564885,-0.021252697,0.0040962985,0.022115247,-0.01308861,0.11370462,-0.0013028451,-0.006744949,-0.03828723,-0.022452299,0.028762255,-0.025014717,0.008812855,0.20508309,-0.022623735,-0.0025878486,-0.0037533871,0.010724075,0.03793749
prod_099,0.03434236,0.032275863,-0.03020173,-0.016842829,-0.030981485,-0.035866126,-0.083789706,0.041648813,0.047823526,-0.03546703,-0.03161268,-0.06371962,-0.0950564,0.07777615,-0.21992917,-0.047638897,0.07540466,0.022979148,-0.061902415,0.061950132,-0.08203352,-0.094170555,-0.04715407,0.24605952,-0.017588379,-0.027863553,-0.03679349,0.05390931,0.036488432,0.0006675616,-0.04192403,0.19152747,0.09477082,0.04709343,-0.045629665,-0.18139786,0.07490809,0.19394451,-0.08374013,0.03710246,0.22578658,0.009595942,-0.00042881357,0.00869015,0.041891355,0.045414593,-0.049466636,0.11220549,-0.009186222,-0.059817694,0.023065861,0.14856082,-0.045416597,-0.061846018,0.06846005,-0.109408885,-0.05265578,-0.071373016,0.14420556,0.0076808776,0.091760784,0.013181751,0.040952433,0.071182914,0.038750436,0.20445238,0.0029025471,-0.10387231,-0.04329893,-0.05734143,-0.077359796,-0.23394367,0.051215764,0.0039968416,-0.060521185,0.00012757216,-0.13229977,-0.04008845,-0.25035146,-0.009625327,0.098428555,0.015589051,-0.016791038,-0.003935162,-0.019586157,0.092017606,-0.0848861,0.028494759,0.08526698,-0.13056074,-0.1079681,0.03177619,0.085143834,-0.09421964,-0.083014466,-0.017939052,-0.07365581,-0.10569519,0.057513256,0.040688645,-0.0017894848,-0.021235075,0.024829013,-0.09726715,0.23964794,-0.07056224,0.06393977,0.04325383,-0.0010371145,-0.14442825,0.05888622,-0.017958218,0.006330207,-0.060422964,0.13332434,-0.0066847503,-0.063662805,-0.062299255,0.04717081,0.059738703,-0.06798145,0.005490378,0.18113758,-0.0819364,-0.010230675,-0.08128617,0.020932348,0.077194676
