product_1,product_2,similarity
prod_051,prod_089,0.9998915
prod_000,prod_020,0.9998136
prod_038,prod_078,0.9998041
prod_024,prod_068,0.99977565
prod_005,prod_024,0.99975944
prod_095,prod_099,0.9997416
prod_017,prod_068,0.99972117
prod_017,prod_024,0.99969
prod_017,prod_097,0.9996681
prod_005,prod_017,0.9996517
prod_032,prod_088,0.99961984
prod_024,prod_096,0.99954927
prod_044,prod_086,0.99954903
prod_051,prod_071,0.9995102
prod_005,prod_097,0.99947375
prod_048,prod_073,0.99947095
prod_005,prod_068,0.99945486
prod_028,prod_098,0.999384
prod_068,prod_096,0.99935
prod_021,prod_041,0.99933815
prod_006,prod_093,0.9993345
prod_057,prod_078,0.9992785
prod_071,prod_089,0.99927574
prod_017,prod_096,0.99927497
prod_002,prod_032,0.9992706
prod_068,prod_097,0.99916744
prod_048,prod_083,0.9991181
prod_024,prod_097,0.9991022
prod_006,prod_021,0.99909496
prod_021,prod_093,0.99909365
prod_028,prod_030,0.99907446
prod_038,prod_057,0.999068
prod_005,prod_096,0.9990613
prod_022,prod_084,0.99904335
prod_018,prod_052,0.9990164
prod_011,prod_084,0.9990054
prod_030,prod_098,0.99894214
prod_015,prod_042,0.99888754
prod_060,prod_096,0.9988774
prod_034,prod_070,0.9988569
prod_002,prod_088,0.9988205
prod_060,prod_068,0.9988204
prod_016,prod_033,0.99880606
prod_072,prod_085,0.99877685
prod_037,prod_058,0.9986528
prod_082,prod_085,0.9986288
prod_027,prod_083,0.998616
prod_007,prod_072,0.99860424
prod_000,prod_004,0.99857557
prod_002,prod_064,0.9985747
prod_080,prod_084,0.9985225
prod_024,prod_060,0.99851215
prod_019,prod_061,0.99850625
prod_072,prod_082,0.99844
prod_074,prod_086,0.99843585
prod_073,prod_083,0.99839395
prod_004,prod_020,0.9983851
prod_042,prod_082,0.9983654
prod_006,prod_041,0.99836487
prod_001,prod_043,0.99833524
prod_005,prod_081,0.9983073
prod_013,prod_075,0.9982724
prod_012,prod_077,0.99827075
prod_002,prod_033,0.9982465
prod_041,prod_043,0.99824303
prod_010,prod_025,0.9982387
prod_048,prod_058,0.99821967
prod_010,prod_046,0.99821746
prod_096,prod_097,0.9982161
prod_007,prod_008,0.99821395
prod_002,prod_092,0.9981943
prod_071,prod_074,0.99817824
prod_049,prod_057,0.9981519
prod_021,prod_043,0.9981442
prod_062,prod_080,0.9981215
prod_011,prod_022,0.9980822
prod_044,prod_074,0.99805593
prod_010,prod_019,0.99803865
prod_015,prod_082,0.9980012
prod_049,prod_078,0.9979781
prod_039,prod_087,0.9979489
prod_041,prod_093,0.99794126
prod_058,prod_066,0.9979346
prod_001,prod_055,0.99792546
prod_049,prod_062,0.9978557
prod_033,prod_064,0.9978347
prod_035,prod_059,0.99782354
prod_017,prod_060,0.9978172
prod_024,prod_081,0.9977971
prod_009,prod_089,0.99772596
prod_009,prod_051,0.9976301
prod_033,prod_092,0.99757737
prod_067,prod_085,0.9975682
prod_058,prod_073,0.9975635
prod_005,prod_060,0.99755454
prod_032,prod_064,0.99754876
prod_073,prod_077,0.99751925
prod_042,prod_085,0.9974999
prod_077,prod_092,0.9974781
prod_032,prod_092,0.9974255
prod_042,prod_072,0.9974029
prod_047,prod_077,0.99730736
prod_015,prod_085,0.9972415
prod_037,prod_048,0.99720997
prod_088,prod_092,0.9971939
prod_065,prod_098,0.9971143
prod_081,prod_096,0.99711
prod_028,prod_065,0.9970773
prod_045,prod_076,0.9970594
prod_067,prod_072,0.9970469
prod_009,prod_071,0.99690354
prod_032,prod_033,0.9968697
prod_038,prod_049,0.99679345
prod_022,prod_065,0.99677056
prod_068,prod_081,0.9967653
prod_027,prod_048,0.9967213
prod_011,prod_080,0.9966988
prod_007,prod_085,0.9966959
prod_017,prod_081,0.99668366
prod_025,prod_099,0.99665564
prod_008,prod_072,0.996638
prod_061,prod_090,0.9966232
prod_051,prod_074,0.9966177
prod_016,prod_064,0.9965103
prod_060,prod_097,0.9963905
prod_073,prod_092,0.99638426
prod_064,prod_088,0.9963544
prod_064,prod_092,0.9963497
prod_081,prod_097,0.9963306
prod_074,prod_089,0.99632674
prod_002,prod_079,0.996301
prod_012,prod_092,0.9962592
prod_022,prod_080,0.9961952
prod_037,prod_073,0.99609464
prod_015,prod_072,0.99609375
prod_067,prod_082,0.9960864
prod_026,prod_045,0.9960565
prod_037,prod_066,0.99596745
prod_019,prod_025,0.99595845
prod_049,prod_080,0.9959112
prod_031,prod_087,0.99590164
prod_040,prod_079,0.9958114
prod_025,prod_046,0.9958005
prod_050,prod_054,0.99577725
prod_002,prod_016,0.99577147
prod_007,prod_042,0.9957639
prod_066,prod_076,0.9957425
prod_061,prod_099,0.9957418
prod_007,prod_082,0.9957329
prod_033,prod_088,0.995721
prod_009,prod_074,0.9956904
prod_012,prod_047,0.9956852
prod_060,prod_081,0.9956085
prod_048,prod_077,0.9956046
prod_011,prod_065,0.9955021
prod_032,prod_079,0.995491
prod_079,prod_088,0.9954794
prod_006,prod_043,0.9954762
prod_010,prod_061,0.99542826
prod_038,prod_086,0.9953494
prod_033,prod_079,0.9952998
prod_016,prod_079,0.99528706
prod_038,prod_044,0.9952209
prod_027,prod_073,0.995189
prod_077,prod_088,0.9951562
prod_058,prod_077,0.99512076
prod_073,prod_088,0.9951066
prod_043,prod_093,0.99508
prod_058,prod_083,0.9950219
prod_062,prod_084,0.9950099
prod_057,prod_062,0.99484664
prod_040,prod_056,0.99484265
prod_025,prod_095,0.9948032
prod_043,prod_055,0.99467474
prod_083,prod_092,0.9946702
prod_007,prod_067,0.9946283
prod_061,prod_095,0.9946097
prod_037,prod_083,0.99450195
prod_012,prod_032,0.99447626
prod_032,prod_077,0.9944718
prod_048,prod_092,0.9944311
prod_022,prod_098,0.9944193
prod_022,prod_028,0.9943831
prod_071,prod_086,0.99438024
prod_011,prod_062,0.9943582
prod_047,prod_058,0.99435455
prod_064,prod_079,0.9943296
prod_002,prod_077,0.9942523
prod_018,prod_085,0.9942044
prod_065,prod_084,0.9941732
prod_010,prod_099,0.9941505
prod_012,prod_088,0.99406904
prod_025,prod_061,0.99405134
prod_030,prod_065,0.99392414
prod_002,prod_012,0.9939129
prod_006,prod_097,0.99381196
prod_001,prod_021,0.99367076
prod_001,prod_041,0.99363667
prod_083,prod_088,0.99362344
prod_019,prod_099,0.993581
prod_078,prod_086,0.9934757
prod_044,prod_078,0.9934719
prod_016,prod_032,0.99345833
prod_002,prod_073,0.9934385
prod_027,prod_037,0.9934296
prod_047,prod_066,0.9934166
prod_032,prod_073,0.99339986
prod_016,prod_092,0.9933933
prod_044,prod_057,0.9933869
prod_056,prod_079,0.9933816
prod_093,prod_097,0.9933666
prod_019,prod_090,0.99333626
prod_012,prod_064,0.99331534
prod_044,prod_071,0.99327934
prod_048,prod_066,0.9932137
prod_019,prod_046,0.9932062
prod_048,prod_088,0.9931985
prod_008,prod_082,0.9931831
prod_077,prod_083,0.9931303
prod_062,prod_078,0.9929412
prod_046,prod_057,0.99285185
prod_031,prod_039,0.992772
prod_018,prod_067,0.99276084
prod_007,prod_015,0.9927168
prod_047,prod_073,0.9926871
prod_008,prod_085,0.9926596
prod_012,prod_073,0.99264723
prod_004,prod_053,0.99259543
prod_057,prod_086,0.9925069
prod_002,prod_083,0.9923759
prod_038,prod_046,0.9923093
prod_017,prod_093,0.99225193
prod_008,prod_067,0.9922449
prod_066,prod_073,0.992206
prod_006,prod_017,0.9921604
prod_044,prod_046,0.9920854
prod_051,prod_086,0.99193496
prod_040,prod_088,0.9919345
prod_086,prod_089,0.99189013
prod_052,prod_085,0.99188673
prod_032,prod_083,0.99188477
prod_008,prod_042,0.9918645
prod_016,prod_088,0.9918633
prod_008,prod_026,0.99186206
prod_042,prod_067,0.99183095
prod_010,prod_095,0.9917648
prod_027,prod_058,0.99174494
prod_009,prod_086,0.9916786
prod_019,prod_095,0.9915624
prod_032,prod_040,0.9915403
prod_064,prod_077,0.9915268
prod_046,prod_086,0.9914858
prod_023,prod_060,0.99144715
prod_079,prod_092,0.9914002
prod_015,prod_018,0.9913812
prod_046,prod_078,0.99129343
prod_015,prod_067,0.9912733
prod_068,prod_093,0.99127
prod_015,prod_052,0.9912305
prod_006,prod_068,0.9911753
prod_026,prod_076,0.99114317
prod_018,prod_082,0.9911267
prod_032,prod_048,0.9911138
prod_002,prod_048,0.9910589
prod_037,prod_077,0.991058
prod_022,prod_030,0.9910462
prod_038,prod_062,0.99102694
prod_000,prod_053,0.99094546
prod_016,prod_060,0.9909233
prod_033,prod_083,0.99081844
prod_023,prod_056,0.99072564
prod_047,prod_048,0.99064046
prod_020,prod_053,0.99063593
prod_033,prod_077,0.9905389
prod_022,prod_062,0.9904786
prod_012,prod_033,0.9904189
prod_066,prod_077,0.9904067
prod_033,prod_073,0.99037784
prod_005,prod_006,0.9903194
prod_049,prod_084,0.99031055
prod_023,prod_096,0.990274
prod_044,prod_051,0.9902314
prod_002,prod_040,0.9901871
prod_052,prod_082,0.99005944
prod_011,prod_098,0.9900579
prod_047,prod_092,0.9900199
prod_052,prod_067,0.9899985
prod_058,prod_092,0.98993975
prod_005,prod_093,0.9899181
prod_057,prod_080,0.98989606
prod_044,prod_089,0.989895
prod_009,prod_044,0.9897973
prod_016,prod_081,0.98977387
prod_021,prod_097,0.9897309
prod_008,prod_045,0.9896593
prod_037,prod_047,0.98963416
prod_079,prod_083,0.9895709
prod_046,prod_099,0.9895565
prod_021,prod_055,0.98950857
prod_006,prod_024,0.98947
prod_024,prod_093,0.9894158
prod_001,prod_006,0.98940444
prod_084,prod_098,0.9893953
prod_013,prod_087,0.98935306
prod_011,prod_028,0.9893449
prod_012,prod_048,0.9893041
prod_078,prod_080,0.9892502
prod_027,prod_092,0.98919696
prod_028,prod_084,0.9891473
prod_023,prod_068,0.9891444
prod_009,prod_014,0.9891211
prod_054,prod_070,0.9890721
prod_016,prod_096,0.9890707
prod_018,prod_072,0.98892105
prod_030,prod_075,0.988912
prod_004,prod_013,0.98890245
prod_046,prod_061,0.98888224
prod_001,prod_093,0.98886037
prod_058,prod_076,0.98878455
prod_035,prod_090,0.98874044
prod_064,prod_073,0.98870164
prod_023,prod_024,0.9886221
prod_038,prod_074,0.98856616
prod_027,prod_088,0.9885547
prod_041,prod_097,0.9885484
prod_018,prod_042,0.9885337
prod_012,prod_058,0.9883952
prod_014,prod_046,0.9883443
prod_022,prod_094,0.98825586
prod_093,prod_096,0.98821825
prod_003,prod_091,0.9880814
prod_058,prod_088,0.9880313
prod_033,prod_048,0.98801506
prod_066,prod_083,0.98800933
prod_017,prod_021,0.98800683
prod_006,prod_096,0.9879814
prod_005,prod_023,0.9879701
prod_046,prod_049,0.98794734
prod_075,prod_098,0.98791933
prod_041,prod_055,0.9878963
prod_008,prod_015,0.98784286
prod_010,prod_057,0.9878413
prod_017,prod_023,0.98782635
prod_033,prod_040,0.9876941
prod_023,prod_081,0.9876137
prod_031,prod_069,0.9876091
prod_030,prod_094,0.9875969
prod_039,prod_069,0.9875313
prod_016,prod_024,0.98742247
prod_013,prod_031,0.98737514
prod_065,prod_080,0.9873733
prod_011,prod_049,0.98730814
prod_046,prod_074,0.9873031
prod_073,prod_079,0.9872607
prod_042,prod_052,0.9872559
prod_002,prod_027,0.9872217
prod_094,prod_098,0.98720896
prod_028,prod_075,0.98700094
prod_017,prod_041,0.9869998
prod_014,prod_025,0.98699087
prod_047,prod_088,0.9869535
prod_060,prod_093,0.98695
prod_036,prod_063,0.9868972
prod_027,prod_079,0.9868781
prod_028,prod_094,0.98681813
prod_027,prod_077,0.9868123
prod_016,prod_040,0.98679155
prod_021,prod_068,0.98666906
prod_037,prod_076,0.98666364
prod_038,prod_080,0.98661673
prod_046,prod_095,0.98657656
prod_012,prod_083,0.9865729
prod_064,prod_083,0.98656005
prod_090,prod_099,0.9865397
prod_007,prod_026,0.9864963
prod_006,prod_060,0.9864899
prod_023,prod_097,0.9864734
prod_040,prod_083,0.98641104
prod_047,prod_076,0.98638546
prod_052,prod_072,0.9863606
prod_056,prod_081,0.9863392
prod_004,prod_075,0.9863141
prod_009,prod_091,0.9862904
prod_013,prod_039,0.9862889
prod_016,prod_056,0.98622644
prod_016,prod_068,0.9861724
prod_027,prod_032,0.9861583
prod_045,prod_066,0.9861433
prod_037,prod_092,0.98603433
prod_027,prod_033,0.9859617
prod_041,prod_068,0.98595804
prod_048,prod_079,0.98581356
prod_040,prod_064,0.98579776
prod_044,prod_049,0.9857871
prod_016,prod_083,0.9857669
prod_074,prod_078,0.98574054
prod_034,prod_059,0.9856978
prod_090,prod_095,0.9856779
prod_010,prod_090,0.9856663
prod_032,prod_047,0.9856134
prod_020,prod_030,0.98555845
prod_005,prod_016,0.9854885
prod_005,prod_021,0.98541933
prod_014,prod_091,0.9853905
prod_010,prod_038,0.9853372
prod_031,prod_075,0.9853315
prod_032,prod_058,0.98529565
prod_003,prod_009,0.98524237
prod_047,prod_083,0.9852375
prod_069,prod_087,0.985215
prod_048,prod_064,0.9850773
prod_004,prod_030,0.9850419
prod_027,prod_040,0.98501396
prod_049,prod_086,0.9850113
prod_006,prod_055,0.984998
prod_029,prod_036,0.9849417
prod_084,prod_094,0.98492986
prod_057,prod_074,0.98488915
prod_013,prod_030,0.98476785
prod_030,prod_084,0.98469025
prod_023,prod_040,0.9846637
prod_010,prod_044,0.9846575
prod_002,prod_058,0.98464257
prod_011,prod_030,0.98460513
prod_000,prod_030,0.98457247
prod_055,prod_093,0.98456806
prod_021,prod_024,0.9845608
prod_080,prod_094,0.9845271
prod_010,prod_078,0.98452234
prod_022,prod_049,0.98451686
prod_037,prod_088,0.9844616
prod_002,prod_047,0.9844562
prod_075,prod_087,0.9843285
prod_005,prod_041,0.9842585
prod_077,prod_079,0.9842421
prod_023,prod_079,0.9841561
prod_016,prod_023,0.98412275
prod_015,prod_039,0.98408264
prod_040,prod_092,0.98404586
prod_056,prod_060,0.9839917
prod_027,prod_066,0.98394895
prod_016,prod_017,0.9839466
prod_016,prod_073,0.98394334
prod_033,prod_060,0.98384905
prod_089,prod_091,0.98383355
prod_012,prod_016,0.98383117
prod_014,prod_086,0.98378086
prod_024,prod_041,0.9836798
prod_050,prod_070,0.983588
prod_079,prod_081,0.98356307
prod_016,prod_077,0.983507
prod_010,prod_014,0.98340946
prod_014,prod_074,0.9832671
prod_046,prod_062,0.9832628
prod_060,prod_079,0.9832597
prod_010,prod_086,0.9832137
prod_021,prod_096,0.9832113
prod_012,prod_066,0.98320574
prod_007,prod_018,0.983201
prod_010,prod_049,0.98303574
prod_033,prod_081,0.98302066
prod_039,prod_053,0.98292637
prod_034,prod_054,0.98290694
prod_033,prod_056,0.9828773
prod_041,prod_096,0.98280454
prod_011,prod_094,0.98269814
prod_080,prod_098,0.98267335
prod_012,prod_079,0.98256415
prod_025,prod_090,0.98256165
prod_057,prod_084,0.9825451
prod_012,prod_037,0.98254114
prod_040,prod_073,0.982525
prod_013,prod_020,0.98245305
prod_008,prod_036,0.98243296
prod_002,prod_056,0.98241174
prod_000,prod_013,0.9823076
prod_051,prod_091,0.98228776
prod_040,prod_048,0.9822851
prod_063,prod_076,0.9822085
prod_013,prod_098,0.9821954
prod_006,prod_081,0.98217034
prod_028,prod_080,0.98216784
prod_056,prod_096,0.98201984
prod_032,prod_056,0.98199666
prod_013,prod_028,0.98190355
prod_019,prod_057,0.98189783
prod_007,prod_045,0.9818412
prod_033,prod_096,0.98172617
prod_053,prod_087,0.9817027
prod_059,prod_070,0.98161477
prod_065,prod_094,0.9816113
prod_016,prod_027,0.9816006
prod_056,prod_088,0.9815934
prod_021,prod_060,0.9815088
prod_041,prod_060,0.9814981
prod_066,prod_092,0.9814836
prod_078,prod_084,0.98143035
prod_013,prod_053,0.98142666
prod_060,prod_064,0.9813561
prod_016,prod_048,0.98133165
prod_014,prod_044,0.98132515
prod_065,prod_075,0.98119754
prod_005,prod_056,0.9811857
prod_047,prod_064,0.98115486
prod_009,prod_046,0.9811364
prod_003,prod_089,0.98112726
prod_081,prod_093,0.98106325
prod_010,prod_062,0.98097533
prod_024,prod_056,0.9809185
prod_007,prod_036,0.98091495
prod_032,prod_037,0.9809013
prod_014,prod_089,0.98073345
prod_056,prod_068,0.980728
prod_002,prod_037,0.98071426
prod_045,prod_063,0.9806139
prod_066,prod_088,0.9805635
prod_016,prod_097,0.9805522
prod_020,prod_075,0.980518
prod_062,prod_065,0.9804583
prod_027,prod_064,0.9804278
prod_015,prod_069,0.98038197
prod_000,prod_075,0.9803113
prod_026,prod_072,0.9802983
prod_003,prod_051,0.9802587
prod_043,prod_097,0.9801153
prod_038,prod_071,0.9800721
prod_014,prod_051,0.9799694
prod_036,prod_045,0.97993755
prod_056,prod_064,0.9799371
prod_079,prod_096,0.9799018
prod_025,prod_044,0.9798422
prod_036,prod_042,0.9797418
prod_059,prod_090,0.97973907
prod_039,prod_075,0.9796777
prod_025,prod_057,0.97963554
prod_011,prod_057,0.9795956
prod_033,prod_058,0.9795301
prod_071,prod_091,0.9794938
prod_014,prod_071,0.9794362
prod_063,prod_066,0.9793997
prod_024,prod_033,0.97926134
prod_019,prod_062,0.9792285
prod_020,prod_028,0.97916985
prod_039,prod_042,0.97898513
prod_007,prod_052,0.97897285
prod_014,prod_099,0.9789638
prod_039,prod_052,0.9788827
prod_048,prod_076,0.9787338
prod_025,prod_086,0.97866166
prod_017,prod_056,0.978646
prod_004,prod_028,0.97863424
prod_010,prod_074,0.978615
prod_023,prod_033,0.97848636
prod_033,prod_047,0.9783639
prod_038,prod_084,0.97817314
prod_004,prod_098,0.9781311
prod_012,prod_027,0.9780177
prod_058,prod_064,0.97795063
prod_000,prod_028,0.97792923
prod_019,prod_049,0.977901
prod_024,prod_079,0.97784823
prod_020,prod_098,0.9777895
prod_042,prod_069,0.97777206
prod_025,prod_038,0.97775966
prod_017,prod_043,0.9776783
prod_006,prod_023,0.9776446
prod_046,prod_071,0.9775801
prod_033,prod_068,0.97756785
prod_027,prod_047,0.97752744
prod_015,prod_087,0.9775116
prod_023,prod_064,0.9774744
prod_030,prod_080,0.97742045
prod_044,prod_062,0.9773728
prod_056,prod_097,0.97735095
prod_019,prod_038,0.9772932
prod_073,prod_076,0.97728324
prod_040,prod_077,0.9772302
prod_002,prod_060,0.9772137
prod_032,prod_066,0.97714686
prod_003,prod_014,0.9771282
prod_011,prod_078,0.9771239
prod_076,prod_077,0.9769413
prod_005,prod_033,0.9769248
prod_064,prod_096,0.9769165
prod_019,prod_078,0.9768798
prod_068,prod_079,0.9768381
prod_036,prod_072,0.9768212
prod_009,prod_038,0.97674286
prod_000,prod_098,0.97671884
prod_014,prod_038,0.9766352
prod_014,prod_095,0.9765819
prod_005,prod_079,0.97654176
prod_071,prod_078,0.97653425
prod_040,prod_081,0.9763942
prod_023,prod_093,0.9763861
prod_025,prod_078,0.97636247
prod_062,prod_094,0.97629225
prod_026,prod_067,0.97628367
prod_008,prod_076,0.97624713
prod_026,prod_066,0.9762055
prod_064,prod_081,0.9761315
prod_038,prod_089,0.9760786
prod_058,prod_079,0.97598684
prod_023,prod_041,0.9759734
prod_043,prod_068,0.9759306
prod_038,prod_051,0.97582567
prod_025,prod_074,0.9757814
prod_033,prod_037,0.97566223
prod_046,prod_090,0.97565776
prod_002,prod_023,0.97565037
prod_062,prod_086,0.97558635
prod_074,prod_091,0.97556967
prod_045,prod_072,0.9753396
prod_023,prod_032,0.9753061
prod_021,prod_081,0.9752859
prod_045,prod_058,0.9752726
prod_034,prod_050,0.97515917
prod_002,prod_066,0.9751068
prod_057,prod_061,0.9750878
prod_003,prod_071,0.975075
prod_002,prod_081,0.97501284
prod_008,prod_018,0.97499853
prod_017,prod_033,0.9749721
prod_019,prod_044,0.9748262
prod_004,prod_087,0.97479707
prod_086,prod_091,0.974741
prod_049,prod_074,0.97448283
prod_029,prod_069,0.9744696
prod_046,prod_080,0.9744628
prod_044,prod_099,0.9744536
prod_022,prod_057,0.9744198
prod_053,prod_075,0.9743892
prod_057,prod_071,0.9743804
prod_018,prod_039,0.9743122
prod_005,prod_043,0.97424835
prod_056,prod_083,0.97420174
prod_046,prod_051,0.97417945
prod_012,prod_040,0.9741595
prod_024,prod_064,0.974136
prod_014,prod_019,0.97409564
prod_015,prod_036,0.9740717
prod_014,prod_078,0.9740558
prod_046,prod_089,0.9739932
prod_041,prod_081,0.9739758
prod_037,prod_079,0.97396445
prod_027,prod_056,0.97393554
prod_017,prod_079,0.9738732
prod_037,prod_045,0.9737989
prod_052,prod_053,0.9737363
prod_035,prod_061,0.97368044
prod_011,prod_038,0.97361845
prod_022,prod_078,0.97350234
prod_037,prod_064,0.97349125
prod_039,prod_082,0.9734377
prod_025,prod_049,0.97341245
prod_032,prod_060,0.9734005
prod_056,prod_092,0.97339284
prod_002,prod_096,0.97334766
prod_040,prod_060,0.9733287
prod_034,prod_035,0.9733086
prod_026,prod_036,0.97323376
prod_069,prod_082,0.973211
prod_013,prod_065,0.97321093
prod_064,prod_068,0.9731631
prod_024,prod_043,0.97309947
prod_062,prod_098,0.97300553
prod_036,prod_082,0.97297937
prod_009,prod_078,0.9729633
prod_009,prod_025,0.9727588
prod_026,prod_085,0.9727394
prod_029,prod_063,0.9726955
prod_004,prod_039,0.97268456
prod_037,prod_063,0.9726526
prod_021,prod_023,0.9726183
prod_045,prod_047,0.9726095
prod_019,prod_086,0.9726019
prod_042,prod_087,0.9724005
prod_014,prod_057,0.972385
prod_074,prod_099,0.9723207
prod_086,prod_099,0.9722745
prod_040,prod_058,0.9722439
prod_023,prod_088,0.9722182
prod_049,prod_094,0.9722092
prod_078,prod_089,0.9721994
prod_020,prod_094,0.97209114
prod_051,prod_078,0.9719219
prod_000,prod_094,0.97188777
prod_028,prod_062,0.9718686
prod_009,prod_010,0.9717537
prod_043,prod_096,0.97166324
prod_026,prod_082,0.97155154
prod_044,prod_095,0.97137135
prod_061,prod_062,0.9712985
prod_052,prod_087,0.9712713
prod_010,prod_080,0.9710888
prod_058,prod_063,0.97097033
prod_039,prod_085,0.9709512
prod_037,prod_040,0.97092825
prod_005,prod_064,0.9709276
prod_008,prod_052,0.9708625
prod_032,prod_081,0.97080016
prod_009,prod_057,0.97073895
prod_040,prod_096,0.97070575
prod_033,prod_097,0.9706768
prod_079,prod_097,0.97063136
prod_016,prod_058,0.9704048
prod_002,prod_024,0.9703126
prod_044,prod_061,0.9702679
prod_049,prod_065,0.9701827
prod_076,prod_083,0.9700479
prod_060,prod_088,0.97004247
prod_025,prod_062,0.97003686
prod_036,prod_076,0.9700362
prod_047,prod_079,0.9700143
prod_057,prod_099,0.9699971
prod_074,prod_095,0.96996164
prod_036,prod_085,0.9698746
prod_044,prod_091,0.96974397
prod_060,prod_092,0.9696119
prod_022,prod_038,0.9695716
prod_043,prod_060,0.9695588
prod_026,prod_063,0.969555
prod_017,prod_064,0.96945506
prod_038,prod_061,0.9694395
prod_032,prod_096,0.9694114
prod_026,prod_042,0.9692613
prod_051,prod_057,0.9691762
prod_057,prod_089,0.969144
prod_049,prod_061,0.96911204
prod_081,prod_092,0.9690816
prod_009,prod_099,0.9690775
prod_086,prod_095,0.9690277
prod_019,prod_080,0.96902084
prod_012,prod_076,0.9688339
prod_015,prod_031,0.96882004
prod_002,prod_068,0.9687903
prod_019,prod_035,0.9686645
prod_061,prod_078,0.9685774
prod_081,prod_088,0.9684348
prod_026,prod_047,0.968426
prod_004,prod_094,0.9684234
prod_001,prod_097,0.9683975
prod_016,prod_047,0.96831846
prod_024,prod_040,0.96823347
prod_035,prod_070,0.9680062
prod_045,prod_082,0.96785134
prod_044,prod_080,0.96784794
prod_056,prod_073,0.96763676
prod_022,prod_075,0.96761405
prod_005,prod_040,0.9676064
prod_014,prod_061,0.96759015
prod_002,prod_005,0.9675875
prod_033,prod_066,0.96749794
prod_009,prod_095,0.96735483
prod_013,prod_069,0.9673518
prod_061,prod_086,0.9671613
prod_048,prod_056,0.96708953
prod_040,prod_068,0.96704
prod_003,prod_074,0.9670209
prod_036,prod_069,0.9669715
prod_038,prod_099,0.96693504
prod_019,prod_074,0.96689165
prod_016,prod_037,0.9668747
prod_042,prod_045,0.9668694
prod_080,prod_086,0.96686375
prod_045,prod_067,0.96680427
prod_064,prod_066,0.96670276
prod_010,prod_071,0.96658367
prod_092,prod_096,0.9664332
prod_018,prod_053,0.96642673
prod_069,prod_072,0.9661907
prod_024,prod_032,0.96589243
prod_020,prod_087,0.9658248
prod_018,prod_087,0.9657795
prod_069,prod_085,0.96577525
prod_000,prod_087,0.9657663
prod_007,prod_076,0.96575415
prod_039,prod_072,0.96575195
prod_062,prod_090,0.9656511
prod_088,prod_096,0.9656154
prod_030,prod_062,0.9655215
prod_057,prod_095,0.9655159
prod_045,prod_085,0.9655
prod_082,prod_087,0.9653553
prod_002,prod_017,0.9652864
prod_031,prod_053,0.96526164
prod_027,prod_076,0.9650936
prod_001,prod_017,0.9650565
prod_069,prod_075,0.9650008
prod_029,prod_045,0.96492064
prod_027,prod_081,0.9649056
prod_023,prod_092,0.96485156
prod_025,prod_071,0.9648106
prod_081,prod_083,0.9647857
prod_078,prod_099,0.96467465
prod_064,prod_097,0.96459794
prod_014,prod_049,0.9644501
prod_031,prod_042,0.96444523
prod_032,prod_068,0.964428
prod_017,prod_040,0.96424174
prod_066,prod_079,0.9641201
prod_020,prod_065,0.96363324
prod_000,prod_039,0.96357286
prod_026,prod_058,0.9634471
prod_046,prod_084,0.96340334
prod_004,prod_065,0.9633537
prod_038,prod_091,0.96334696
prod_057,prod_090,0.96329194
prod_048,prod_063,0.9632349
prod_024,prod_092,0.9632283
prod_062,prod_074,0.9631559
prod_061,prod_074,0.9631324
prod_005,prod_032,0.9630379
prod_001,prod_068,0.96299523
prod_020,prod_039,0.96298563
prod_030,prod_053,0.9628426
prod_046,prod_091,0.9627934
prod_040,prod_047,0.9627818
prod_023,prod_043,0.9627349
prod_010,prod_051,0.9625684
prod_049,prod_098,0.9625654
prod_008,prod_063,0.9625228
prod_040,prod_066,0.96246946
prod_085,prod_087,0.9623429
prod_004,prod_031,0.96232325
prod_038,prod_095,0.9622734
prod_024,prod_088,0.96225506
prod_010,prod_089,0.9620895
prod_008,prod_029,0.96201676
prod_049,prod_071,0.9620153
prod_025,prod_051,0.96192926
prod_059,prod_061,0.9619197
prod_076,prod_092,0.9618511
prod_011,prod_019,0.96184754
prod_000,prod_065,0.9617843
prod_011,prod_075,0.96167463
prod_028,prod_049,0.9616481
prod_055,prod_097,0.9616451
prod_043,prod_081,0.9616114
prod_015,prod_026,0.96161133
prod_071,prod_099,0.9615203
prod_025,prod_089,0.9614445
prod_040,prod_097,0.961348
prod_045,prod_048,0.9611575
prod_056,prod_077,0.9610823
prod_075,prod_094,0.9610798
prod_001,prod_005,0.96099955
prod_011,prod_046,0.9609828
prod_068,prod_092,0.9609468
prod_052,prod_069,0.96088475
prod_017,prod_032,0.9607315
prod_068,prod_088,0.96070147
prod_010,prod_084,0.96062684
prod_002,prod_097,0.9605195
prod_076,prod_088,0.96049505
prod_019,prod_084,0.9604644
prod_006,prod_056,0.96046424
prod_078,prod_091,0.96039736
prod_026,prod_037,0.9602021
prod_005,prod_092,0.9601945
prod_049,prod_099,0.96018106
prod_010,prod_011,0.9599979
prod_036,prod_067,0.95997554
prod_078,prod_095,0.9597448
prod_029,prod_042,0.95972556
prod_078,prod_094,0.9595478
prod_005,prod_088,0.95953745
prod_001,prod_024,0.95944345
prod_007,prod_069,0.95944345
prod_071,prod_095,0.9593864
prod_045,prod_073,0.9589387
prod_012,prod_056,0.95884067
prod_019,prod_059,0.95872056
prod_051,prod_099,0.9587039
prod_049,prod_090,0.95867187
prod_057,prod_094,0.9586312
prod_063,prod_073,0.95855206
prod_025,prod_080,0.9585262
prod_061,prod_080,0.9584599
prod_015,prod_045,0.9584217
prod_045,prod_077,0.9584131
prod_056,prod_093,0.95840955
prod_003,prod_086,0.95840114
prod_013,prod_022,0.958273
prod_009,prod_049,0.9582175
prod_020,prod_022,0.9581353
prod_054,prod_069,0.95803267
prod_009,prod_019,0.957924
prod_057,prod_065,0.9578888
prod_062,prod_099,0.9577153
prod_089,prod_099,0.9575951
prod_017,prod_055,0.95759064
prod_007,prod_039,0.9575697
prod_017,prod_092,0.9575614
prod_075,prod_084,0.9574501
prod_001,prod_096,0.9573267
prod_016,prod_093,0.9573191
prod_072,prod_087,0.9573164
prod_060,prod_083,0.9572091
prod_008,prod_069,0.95696187
prod_017,prod_088,0.95678174
prod_027,prod_063,0.95676976
prod_051,prod_095,0.95675826
prod_006,prod_016,0.9567076
prod_063,prod_083,0.95665747
prod_039,prod_067,0.9566464
prod_007,prod_063,0.9565906
prod_073,prod_081,0.95650935
prod_029,prod_054,0.9564592
prod_000,prod_022,0.95632917
prod_072,prod_076,0.9563131
prod_049,prod_089,0.9563028
prod_049,prod_051,0.9560368
prod_044,prod_084,0.95598274
prod_032,prod_076,0.9559053
prod_015,prod_053,0.9558812
prod_047,prod_063,0.95575154
prod_029,prod_076,0.95571446
prod_023,prod_083,0.95568734
prod_018,prod_069,0.9556756
prod_016,prod_066,0.95562476
prod_065,prod_078,0.9556004
prod_032,prod_097,0.95557463
prod_089,prod_095,0.955501
prod_015,prod_029,0.95542693
prod_004,prod_022,0.9554036
prod_007,prod_029,0.95539737
prod_030,prod_049,0.95535016
prod_001,prod_060,0.9552461
prod_055,prod_068,0.95517397
prod_038,prod_094,0.9551539
prod_031,prod_082,0.95495266
prod_012,prod_060,0.95494163
prod_083,prod_096,0.9549107
prod_084,prod_086,0.9547406
prod_048,prod_081,0.954682
prod_049,prod_095,0.95466036
prod_038,prod_090,0.9546403
prod_078,prod_090,0.9544486
prod_036,prod_066,0.95425665
prod_041,prod_056,0.9541611
prod_030,prod_087,0.95389307
prod_029,prod_082,0.95389026
prod_003,prod_044,0.9538175
prod_028,prod_053,0.95379287
prod_029,prod_072,0.9537554
prod_009,prod_061,0.9537202
prod_027,prod_060,0.9536744
prod_005,prod_055,0.9536704
prod_013,prod_094,0.9536454
prod_034,prod_075,0.95351595
prod_022,prod_046,0.95344114
prod_014,prod_062,0.95337665
prod_057,prod_091,0.9533178
prod_010,prod_035,0.9530404
prod_031,prod_052,0.95297253
prod_044,prod_090,0.95291734
prod_008,prod_066,0.952706
prod_024,prod_083,0.95266926
prod_002,prod_076,0.952641
prod_080,prod_090,0.9526245
prod_023,prod_027,0.95258373
prod_021,prod_056,0.9525097
prod_056,prod_058,0.95249367
prod_060,prod_073,0.95228904
prod_062,prod_095,0.95227915
prod_030,prod_031,0.95223826
prod_025,prod_091,0.95223
prod_053,prod_098,0.95219684
prod_020,prod_031,0.9521809
prod_019,prod_071,0.9521702
prod_092,prod_097,0.9521584
prod_011,prod_090,0.95201874
prod_011,prod_061,0.9519947
prod_012,prod_023,0.9519722
prod_035,prod_099,0.95196474
prod_019,prod_022,0.95193774
prod_067,prod_069,0.9519258
prod_000,prod_031,0.9518584
prod_027,prod_096,0.9518473
prod_074,prod_080,0.9518088
prod_060,prod_077,0.95168316
prod_011,prod_044,0.9516353
prod_088,prod_097,0.95161974
prod_024,prod_055,0.95139
prod_037,prod_056,0.95138144
prod_010,prod_022,0.9511497
prod_005,prod_083,0.9511207
prod_035,prod_095,0.950948
prod_053,prod_069,0.9509391
prod_038,prod_065,0.95076543
prod_024,prod_027,0.95051324
prod_023,prod_073,0.95034915
prod_077,prod_081,0.9503089
prod_028,prod_031,0.95028126
prod_011,prod_013,0.95028
prod_031,prod_098,0.9502478
prod_026,prod_077,0.95012283
prod_045,prod_083,0.95000654
prod_063,prod_077,0.94983536
prod_005,prod_027,0.94982547
prod_012,prod_096,0.9496389
prod_031,prod_085,0.949504
prod_011,prod_086,0.9494507
prod_068,prod_083,0.9494493
prod_061,prod_084,0.9492897
prod_028,prod_087,0.94916564
prod_010,prod_091,0.9490807
prod_012,prod_081,0.94901115
prod_087,prod_098,0.94874907
prod_007,prod_087,0.94874585
prod_031,prod_036,0.94869506
prod_073,prod_096,0.94865227
prod_023,prod_077,0.94864285
prod_012,prod_045,0.9485054
prod_086,prod_090,0.94846123
prod_048,prod_060,0.9483978
prod_055,prod_096,0.94823074
prod_001,prod_023,0.9481908
prod_061,prod_071,0.94817215
prod_016,prod_041,0.9480559
prod_062,prod_071,0.9478624
prod_016,prod_021,0.94771606
prod_019,prod_051,0.94727343
prod_046,prod_094,0.9471898
prod_018,prod_031,0.9470936
prod_031,prod_072,0.9470775
prod_023,prod_048,0.94707173
prod_057,prod_098,0.9470674
prod_036,prod_039,0.9470639
prod_011,prod_059,0.94703734
prod_027,prod_068,0.9470232
prod_008,prod_039,0.9470162
prod_018,prod_026,0.94687194
prod_077,prod_096,0.9468453
prod_019,prod_089,0.9465423
prod_019,prod_094,0.946488
prod_030,prod_039,0.9464531
prod_026,prod_048,0.946434
prod_084,prod_090,0.946433
prod_067,prod_087,0.94637525
prod_026,prod_029,0.9463297
prod_076,prod_082,0.946262
prod_013,prod_084,0.94625735
prod_025,prod_084,0.9462311
prod_025,prod_035,0.9462184
prod_017,prod_083,0.9462135
prod_063,prod_072,0.9461793
prod_010,prod_094,0.9461727
prod_055,prod_060,0.94611365
prod_001,prod_081,0.94610924
prod_028,prod_057,0.94610053
prod_067,prod_076,0.9460652
prod_020,prod_084,0.94589734
prod_006,prod_079,0.94587874
prod_026,prod_073,0.94584763
prod_014,prod_090,0.94577736
prod_024,prod_073,0.9456533
prod_078,prod_098,0.94560057
prod_042,prod_063,0.9455581
prod_042,prod_076,0.9455548
prod_011,prod_025,0.9454771
prod_049,prod_091,0.94540256
prod_042,prod_053,0.9453358
prod_027,prod_045,0.9452674
prod_028,prod_078,0.94521105
prod_079,prod_093,0.945131
prod_048,prod_096,0.9451308
prod_034,prod_065,0.9451117
prod_012,prod_024,0.9449134
prod_003,prod_046,0.9447664
prod_035,prod_062,0.94473916
prod_063,prod_088,0.9447097
prod_054,prod_059,0.94462794
prod_029,prod_085,0.9445228
prod_031,prod_065,0.94440114
prod_053,prod_085,0.94434255
prod_036,prod_087,0.94425154
prod_053,prod_082,0.9441963
prod_070,prod_075,0.94418293
prod_017,prod_027,0.94400305
prod_011,prod_020,0.9439753
prod_014,prod_080,0.94388074
prod_011,prod_035,0.9438214
prod_029,prod_031,0.9438148
prod_000,prod_084,0.9438097
prod_075,prod_080,0.9437418
prod_009,prod_062,0.94371283
prod_076,prod_085,0.94365734
prod_029,prod_066,0.9435302
prod_004,prod_052,0.9435136
prod_022,prod_044,0.9434537
prod_033,prod_093,0.9434133
prod_012,prod_026,0.9432659
prod_051,prod_061,0.9431344
prod_005,prod_073,0.943116
prod_004,prod_069,0.94296604
prod_012,prod_068,0.9429505
prod_031,prod_054,0.9429048
prod_050,prod_059,0.9428785
prod_024,prod_077,0.94287294
prod_064,prod_076,0.94283205
prod_074,prod_090,0.9427014
prod_036,prod_037,0.9426959
prod_018,prod_036,0.9426949
prod_068,prod_073,0.9426444
prod_006,prod_033,0.9425398
prod_022,prod_086,0.94240165
prod_013,prod_015,0.94238687
prod_004,prod_084,0.9423855
prod_024,prod_048,0.94233805
prod_004,prod_011,0.9421934
prod_080,prod_099,0.94207877
prod_000,prod_011,0.94200915
prod_061,prod_089,0.94199795
prod_033,prod_076,0.9418246
prod_083,prod_097,0.94173485
prod_059,prod_062,0.9415457
prod_034,prod_098,0.9414635
prod_013,prod_034,0.94131005
prod_010,prod_059,0.9411848
prod_047,prod_056,0.9411486
prod_003,prod_025,0.9410913
prod_013,prod_052,0.94094026
prod_028,prod_039,0.94065595
prod_051,prod_062,0.94057506
prod_029,prod_050,0.940575
prod_062,prod_089,0.9405625
prod_031,prod_034,0.94048184
prod_027,prod_097,0.94043154
prod_005,prod_012,0.94035625
prod_068,prod_077,0.9402829
prod_005,prod_048,0.940168
prod_039,prod_098,0.9400791
prod_069,prod_070,0.93998766
prod_038,prod_098,0.9399737
prod_036,prod_052,0.93960303
prod_022,prod_061,0.9395655
prod_007,prod_031,0.9395494
prod_028,prod_038,0.9395106
prod_029,prod_037,0.93940836
prod_040,prod_063,0.9393624
prod_036,prod_058,0.9391124
prod_005,prod_077,0.9390632
prod_059,prod_065,0.93906116
prod_034,prod_069,0.9390497
prod_048,prod_068,0.9390332
prod_026,prod_052,0.9389349
prod_007,prod_066,0.9388755
prod_064,prod_093,0.93881893
prod_017,prod_073,0.9386352
prod_045,prod_092,0.93858993
prod_055,prod_081,0.9384102
prod_012,prod_017,0.93836397
prod_022,prod_090,0.938099
prod_030,prod_057,0.9380093
prod_043,prod_056,0.9379897
prod_011,prod_034,0.9378372
prod_030,prod_078,0.9377529
prod_032,prod_063,0.9377508
prod_006,prod_064,0.9377398
prod_035,prod_046,0.9377382
prod_008,prod_087,0.9376897
prod_056,prod_066,0.9376823
prod_074,prod_084,0.93766963
prod_065,prod_087,0.93760383
prod_063,prod_082,0.9376011
prod_091,prod_099,0.93746865
prod_041,prod_079,0.93736124
prod_076,prod_079,0.9371588
prod_045,prod_088,0.93714964
prod_031,prod_070,0.93701744
prod_028,prod_034,0.9369279
prod_012,prod_063,0.9368616
prod_000,prod_052,0.9366173
prod_019,prod_065,0.93658215
prod_006,prod_040,0.93649054
prod_059,prod_084,0.9363992
prod_034,prod_090,0.9362309
prod_040,prod_076,0.93611497
prod_058,prod_081,0.93610483
prod_025,prod_094,0.9360785
prod_003,prod_099,0.93597746
prod_029,prod_039,0.9359477
prod_021,prod_079,0.93590397
prod_017,prod_077,0.9358025
prod_020,prod_080,0.9357071
prod_022,prod_025,0.93569016
prod_071,prod_080,0.93567854
prod_080,prod_095,0.9355186
prod_063,prod_092,0.9354179
prod_023,prod_055,0.9352917
prod_059,prod_099,0.9352598
prod_037,prod_081,0.93525267
prod_017,prod_048,0.9351792
prod_020,prod_052,0.93516666
prod_003,prod_095,0.93505085
prod_015,prod_063,0.9350062
prod_015,prod_076,0.93480533
prod_040,prod_093,0.9345791
prod_008,prod_058,0.93429714
prod_022,prod_059,0.9341665
prod_003,prod_038,0.93394756
prod_018,prod_045,0.9338621
prod_053,prod_094,0.93377733
prod_000,prod_080,0.9336965
prod_035,prod_084,0.9336895
prod_013,prod_042,0.93362594
prod_091,prod_095,0.9335517
prod_063,prod_085,0.9335297
prod_059,prod_095,0.9334937
prod_053,prod_067,0.93348956
prod_035,prod_080,0.93348324
prod_053,prod_065,0.93334675
prod_008,prod_037,0.9333303
prod_008,prod_047,0.93332094
prod_033,prod_041,0.9333208
prod_059,prod_080,0.93323606
prod_073,prod_097,0.9331681
prod_046,prod_065,0.9329305
prod_026,prod_083,0.9326678
prod_053,prod_072,0.93261594
prod_021,prod_033,0.9325634
prod_003,prod_010,0.9325409
prod_004,prod_018,0.9324935
prod_029,prod_067,0.9323876
prod_010,prod_065,0.93234634
prod_025,prod_059,0.9323055
prod_011,prod_074,0.9321649
prod_013,prod_070,0.9320877
prod_029,prod_087,0.9319745
prod_030,prod_034,0.9319014
prod_013,prod_018,0.9317398
prod_002,prod_063,0.9316828
prod_030,prod_038,0.9316464
prod_002,prod_093,0.9316307
prod_012,prod_097,0.9313231
prod_013,prod_080,0.9313142
prod_029,prod_058,0.9313067
prod_032,prod_045,0.93120575
prod_065,prod_070,0.9311642
prod_009,prod_080,0.93114716
prod_004,prod_080,0.9310768
prod_061,prod_094,0.93107384
prod_015,prod_075,0.9310594
prod_019,prod_091,0.9309488
prod_002,prod_006,0.93093485
prod_058,prod_060,0.93042505
prod_031,prod_067,0.93038356
prod_035,prod_065,0.9301626
prod_041,prod_064,0.9301002
prod_048,prod_097,0.92991805
prod_059,prod_098,0.92985815
prod_050,prod_069,0.9298444
prod_035,prod_057,0.9298299
prod_011,prod_099,0.9298237
prod_062,prod_075,0.92982155
prod_008,prod_031,0.9297648
prod_022,prod_034,0.9294897
prod_000,prod_069,0.92939746
prod_023,prod_058,0.92936534
prod_077,prod_097,0.9292236
prod_035,prod_049,0.92905504
prod_022,prod_035,0.9290546
prod_016,prod_043,0.9290079
prod_040,prod_041,0.92895913
prod_014,prod_084,0.9289555
prod_084,prod_099,0.9289271
prod_009,prod_090,0.92879885
prod_080,prod_089,0.9286312
prod_003,prod_078,0.92845577
prod_065,prod_090,0.9284275
prod_047,prod_060,0.928364
prod_063,prod_079,0.9282001
prod_045,prod_069,0.9281687
prod_051,prod_080,0.9280972
prod_021,prod_064,0.92808956
prod_020,prod_069,0.9278664
prod_052,prod_075,0.9275683
prod_045,prod_052,0.9272601
prod_002,prod_045,0.9272438
prod_070,prod_098,0.92713404
prod_004,prod_015,0.92700255
prod_062,prod_091,0.9268973
prod_026,prod_092,0.926715
prod_037,prod_060,0.926713
prod_019,prod_098,0.92658603
prod_054,prod_075,0.92637515
prod_090,prod_094,0.92624843
prod_026,prod_088,0.92620414
prod_021,prod_040,0.9261939
prod_066,prod_072,0.9261928
prod_039,prod_065,0.9261365
prod_016,prod_076,0.92612803
prod_032,prod_093,0.9260487
prod_058,prod_096,0.9260103
prod_023,prod_037,0.92581207
prod_023,prod_047,0.92577034
prod_086,prod_094,0.9256013
prod_063,prod_067,0.9255918
prod_047,prod_081,0.9254517
prod_034,prod_084,0.92539805
prod_006,prod_032,0.92534417
prod_046,prod_059,0.92525834
prod_044,prod_094,0.92520833
prod_070,prod_090,0.9251814
prod_000,prod_018,0.925132
prod_026,prod_027,0.92499006
prod_013,prod_082,0.92488706
prod_028,prod_059,0.92474705
prod_035,prod_050,0.9246993
prod_061,prod_065,0.9244741
prod_071,prod_090,0.9241962
prod_018,prod_020,0.9236213
prod_035,prod_054,0.92358637
prod_036,prod_047,0.9233393
prod_036,prod_048,0.9233304
prod_049,prod_059,0.92332524
prod_011,prod_095,0.92326576
prod_022,prod_074,0.9232136
prod_011,prod_014,0.9230266
prod_003,prod_057,0.923022
prod_019,prod_028,0.92302054
prod_063,prod_069,0.9226797
prod_024,prod_058,0.9226047
prod_028,prod_070,0.9224535
prod_046,prod_098,0.92220277
prod_011,prod_070,0.9221658
prod_037,prod_096,0.9221611
prod_010,prod_098,0.9221503
prod_047,prod_096,0.922081
prod_002,prod_041,0.9220764
prod_084,prod_095,0.92203254
prod_042,prod_075,0.92136717
prod_057,prod_059,0.9210512
prod_044,prod_065,0.92093176
prod_001,prod_056,0.92076844
prod_088,prod_093,0.9206861
prod_080,prod_091,0.9206216
prod_014,prod_094,0.92059636
prod_026,prod_032,0.9205874
prod_034,prod_087,0.9205619
prod_002,prod_021,0.9203191
prod_054,prod_087,0.9201595
prod_006,prod_088,0.9200983
prod_028,prod_046,0.9200806
prod_013,prod_085,0.9199659
prod_071,prod_084,0.91977835
prod_005,prod_058,0.91970253
prod_024,prod_037,0.91962475
prod_061,prod_091,0.91960984
prod_022,prod_053,0.91942334
prod_010,prod_028,0.9191883
prod_092,prod_093,0.91895735
prod_035,prod_098,0.9189341
prod_058,prod_068,0.91892374
prod_065,prod_086,0.91887873
prod_059,prod_094,0.9188094
prod_029,prod_048,0.9185054
prod_059,prod_075,0.91845524
prod_026,prod_069,0.9183699
prod_022,prod_031,0.9183181
prod_027,prod_029,0.91816705
prod_007,prod_053,0.91801625
prod_007,prod_058,0.91801125
prod_006,prod_092,0.91774327
prod_007,prod_047,0.91773415
prod_030,prod_069,0.917677
prod_035,prod_078,0.9176423
prod_033,prod_063,0.91761476
prod_051,prod_090,0.9174923
prod_013,prod_054,0.9174663
prod_005,prod_037,0.9173819
prod_036,prod_073,0.91734946
prod_032,prod_041,0.9171641
prod_024,prod_047,0.91711617
prod_030,prod_070,0.9170526
prod_039,prod_054,0.91702765
prod_007,prod_037,0.91694206
prod_043,prod_079,0.9168533
prod_014,prod_022,0.91683805
prod_018,prod_075,0.91676974
prod_063,prod_064,0.91671246
prod_090,prod_098,0.91627717
prod_035,prod_038,0.9162606
prod_022,prod_099,0.91621464
prod_030,prod_059,0.91613984
prod_089,prod_090,0.915986
prod_037,prod_068,0.9157159
prod_070,prod_087,0.91559505
prod_045,prod_064,0.91556346
prod_020,prod_062,0.91553503
prod_002,prod_026,0.91551465
prod_034,prod_062,0.91532916
prod_000,prod_015,0.91520286
prod_013,prod_062,0.9150833
prod_034,prod_094,0.914922
prod_021,prod_032,0.91472965
prod_025,prod_065,0.9146616
prod_066,prod_081,0.91461337
prod_069,prod_098,0.9145573
prod_036,prod_054,0.91452134
prod_004,prod_042,0.91452056
prod_034,prod_080,0.9145185
prod_019,prod_030,0.914345
prod_017,prod_058,0.9142868
prod_047,prod_068,0.9142743
prod_034,prod_039,0.9141195
prod_009,prod_084,0.9141094
prod_042,prod_066,0.91406935
prod_015,prod_020,0.9138822
prod_033,prod_045,0.9137794
prod_066,prod_082,0.91374934
prod_003,prod_019,0.9136776
prod_022,prod_087,0.9136218
prod_028,prod_035,0.91355014
prod_000,prod_062,0.91348064
prod_022,prod_070,0.9132211
prod_035,prod_094,0.91295826
prod_011,prod_071,0.91294444
prod_027,prod_036,0.9129325
prod_028,prod_069,0.91281116
prod_075,prod_082,0.9125847
prod_008,prod_048,0.91257435
prod_066,prod_067,0.91245884
prod_061,prod_098,0.9123985
prod_029,prod_052,0.9123907
prod_005,prod_047,0.912324
prod_036,prod_083,0.9120152
prod_031,prod_050,0.9120066
prod_084,prod_089,0.91195065
prod_033,prod_043,0.91194206
prod_011,prod_031,0.9118777
prod_030,prod_046,0.911633
prod_023,prod_066,0.9115244
prod_018,prod_029,0.91150784
prod_028,prod_090,0.91141385
prod_051,prod_084,0.9113428
prod_004,prod_062,0.911326
prod_049,prod_075,0.9111842
prod_017,prod_037,0.9110961
prod_041,prod_088,0.9110214
prod_013,prod_072,0.91099715
prod_019,prod_034,0.91098535
prod_004,prod_082,0.9107193
prod_029,prod_083,0.9106263
prod_010,prod_030,0.91055244
prod_029,prod_070,0.9105374
prod_034,prod_061,0.9104226
prod_066,prod_085,0.91009897
prod_094,prod_099,0.9100901
prod_029,prod_073,0.91001534
prod_008,prod_077,0.90990806
prod_056,prod_063,0.9097497
prod_039,prod_070,0.9096027
prod_008,prod_073,0.9094591
prod_055,prod_056,0.9093816
prod_060,prod_066,0.90914696
prod_045,prod_079,0.90909743
prod_040,prod_045,0.9090813
prod_059,prod_078,0.9088649
prod_021,prod_088,0.90883666
prod_017,prod_047,0.90882784
prod_022,prod_095,0.9086806
prod_087,prod_094,0.9085866
prod_070,prod_084,0.9085233
prod_028,prod_061,0.9082894
prod_004,prod_085,0.9082551
prod_036,prod_077,0.9082294
prod_003,prod_061,0.9080557
prod_058,prod_097,0.90800023
prod_040,prod_043,0.90797883
prod_001,prod_016,0.9079146
prod_043,prod_064,0.9078905
prod_035,prod_044,0.9073623
prod_009,prod_011,0.9071607
prod_041,prod_092,0.9070249
prod_003,prod_049,0.90696037
prod_004,prod_034,0.9069325
prod_038,prod_059,0.90651494
prod_026,prod_064,0.9060062
prod_021,prod_092,0.9059567
prod_075,prod_085,0.90574616
prod_044,prod_098,0.9054849
prod_037,prod_097,0.90544575
prod_018,prod_076,0.90512997
prod_020,prod_049,0.90492135
prod_074,prod_094,0.90484387
prod_028,prod_044,0.90450007
prod_025,prod_098,0.9042495
prod_056,prod_076,0.9042176
prod_031,prod_084,0.90421426
prod_011,prod_089,0.9040884
prod_031,prod_094,0.9040552
prod_066,prod_096,0.9040551
prod_058,prod_072,0.90393573
prod_086,prod_098,0.9038956
prod_011,prod_051,0.90386474
prod_022,prod_071,0.9037964
prod_030,prod_035,0.9036128
prod_029,prod_047,0.90353996
prod_037,prod_072,0.9033818
prod_028,prod_086,0.9033788
prod_084,prod_091,0.90329957
prod_006,prod_083,0.90311074
prod_047,prod_072,0.9030705
prod_065,prod_069,0.9027826
prod_011,prod_087,0.90270716
prod_016,prod_063,0.9026851
prod_000,prod_049,0.90255284
prod_083,prod_093,0.9025072
prod_069,prod_076,0.90250176
prod_011,prod_053,0.90233725
prod_053,prod_084,0.90233666
prod_008,prod_053,0.90226394
prod_006,prod_027,0.9019552
prod_094,prod_095,0.90153086
prod_026,prod_039,0.9013515
prod_000,prod_042,0.9012557
prod_022,prod_039,0.9012548
prod_039,prod_045,0.9011999
prod_025,prod_028,0.90113443
prod_035,prod_086,0.90110356
prod_030,prod_090,0.90109473
prod_047,prod_097,0.9009164
prod_015,prod_066,0.9007532
prod_039,prod_094,0.9003908
prod_013,prod_059,0.9003193
prod_027,prod_093,0.9002335
prod_029,prod_034,0.90005434
prod_020,prod_042,0.89981055
prod_026,prod_033,0.8995715
prod_024,prod_066,0.8994519
prod_013,prod_067,0.8988811
prod_002,prod_043,0.89879405
prod_035,prod_075,0.89875335
prod_009,prod_022,0.89834756
prod_007,prod_013,0.8983156
prod_000,prod_082,0.8982844
prod_030,prod_061,0.8981407
prod_008,prod_012,0.8981166
prod_031,prod_063,0.89806885
prod_004,prod_049,0.8980012
prod_072,prod_075,0.8976362
prod_070,prod_094,0.89740354
prod_062,prod_070,0.8973575
prod_065,prod_074,0.8973331
prod_084,prod_087,0.8972286
prod_052,prod_076,0.89694256
prod_000,prod_085,0.89665914
prod_012,prod_093,0.8966481
prod_008,prod_083,0.8964956
prod_020,prod_082,0.89648783
prod_070,prod_080,0.89632565
prod_061,prod_070,0.89621896
prod_005,prod_066,0.8961195
prod_022,prod_089,0.8956729
prod_013,prod_049,0.89563125
prod_019,prod_070,0.89556646
prod_066,prod_068,0.8955196
prod_013,prod_036,0.89525753
prod_004,prod_072,0.8952509
prod_065,prod_099,0.8952315
prod_016,prod_045,0.8952137
prod_091,prod_094,0.8952049
prod_001,prod_079,0.8950758
prod_016,prod_055,0.8950405
prod_020,prod_085,0.89497125
prod_022,prod_051,0.8948011
prod_006,prod_012,0.89456844
prod_007,prod_048,0.8944204
prod_030,prod_044,0.89425254
prod_000,prod_034,0.8942475
prod_047,prod_067,0.8941028
prod_004,prod_070,0.89408743
prod_050,prod_075,0.8936953
prod_014,prod_035,0.8934995
prod_030,prod_086,0.89341664
prod_026,prod_079,0.8934055
prod_020,prod_034,0.89322376
prod_032,prod_043,0.893179
prod_073,prod_093,0.8929976
prod_029,prod_077,0.89285904
prod_006,prod_073,0.8928482
prod_018,prod_063,0.89281917
prod_036,prod_088,0.8927294
prod_011,prod_091,0.8925015
prod_025,prod_030,0.8923912
prod_044,prod_059,0.892277
prod_004,prod_067,0.89219075
prod_013,prod_029,0.89216113
prod_026,prod_040,0.8919621
prod_007,prod_077,0.89192307
prod_012,prod_036,0.89161533
prod_008,prod_027,0.89116144
prod_037,prod_042,0.891149
prod_007,prod_073,0.891128
prod_077,prod_093,0.89104867
prod_045,prod_087,0.89095867
prod_035,prod_074,0.89091855
prod_026,prod_087,0.89053243
prod_034,prod_049,0.8903675
prod_017,prod_066,0.8903124
prod_022,prod_091,0.89027023
prod_039,prod_063,0.89018255
prod_042,prod_058,0.8901243
prod_054,prod_065,0.89005697
prod_057,prod_075,0.8897717
prod_037,prod_082,0.8897479
prod_011,prod_039,0.889708
prod_029,prod_075,0.88960344
prod_006,prod_077,0.88959104
prod_058,prod_082,0.889544
prod_031,prod_045,0.8894046
prod_036,prod_050,0.88936114
prod_014,prod_065,0.8891793
prod_041,prod_083,0.88902664
prod_021,prod_083,0.8889378
prod_010,prod_034,0.8888142
prod_015,prod_054,0.88878727
prod_001,prod_033,0.888601
prod_058,prod_067,0.88848025
prod_006,prod_048,0.88843155
prod_048,prod_093,0.8882788
prod_090,prod_091,0.8876646
prod_054,prod_098,0.88765824
prod_063,prod_087,0.88750696
prod_065,prod_095,0.8874704
prod_021,prod_027,0.88702816
prod_009,prod_094,0.8869085
prod_047,prod_082,0.8868382
prod_042,prod_054,0.8867059
prod_027,prod_041,0.886577
prod_052,prod_063,0.8865062
prod_043,prod_088,0.8864279
prod_053,prod_080,0.8864099
prod_075,prod_078,0.8862591
prod_037,prod_067,0.8862446
prod_030,prod_052,0.886223
prod_001,prod_040,0.8861409
prod_047,prod_085,0.8861245
prod_059,prod_086,0.88603824
prod_036,prod_075,0.8858415
prod_058,prod_085,0.88578385
prod_012,prod_041,0.8855179
prod_003,prod_062,0.88542265
prod_037,prod_085,0.8853265
prod_071,prod_094,0.8849389
prod_001,prod_064,0.88468605
prod_036,prod_092,0.8845746
prod_042,prod_047,0.8839532
prod_007,prod_075,0.88359106
prod_067,prod_075,0.8835368
prod_039,prod_084,0.88348
prod_050,prod_087,0.8833991
prod_008,prod_013,0.8833927
prod_032,prod_036,0.88316846
prod_066,prod_097,0.8830342
prod_036,prod_053,0.8830339
prod_028,prod_054,0.8829073
prod_012,prod_021,0.8827523
prod_000,prod_072,0.88271326
prod_026,prod_031,0.8826442
prod_031,prod_059,0.8826119
prod_020,prod_078,0.8824228
prod_013,prod_050,0.8823175
prod_031,prod_080,0.8822474
prod_043,prod_092,0.8821875
prod_055,prod_079,0.88193977
prod_000,prod_067,0.8814913
prod_020,prod_072,0.88102776
prod_008,prod_092,0.880994
prod_098,prod_099,0.8809509
prod_054,prod_063,0.880783
prod_008,prod_088,0.8804912
prod_007,prod_012,0.8800466
prod_074,prod_098,0.87990147
prod_000,prod_070,0.8798836
prod_016,prod_026,0.87974185
prod_000,prod_078,0.8797265
prod_020,prod_057,0.87972265
prod_034,prod_057,0.87963533
prod_020,prod_067,0.8794267
prod_041,prod_073,0.87942207
prod_039,prod_050,0.87939847
prod_028,prod_074,0.879184
prod_030,prod_054,0.878848
prod_089,prod_094,0.8787901
prod_013,prod_035,0.87866807
prod_020,prod_070,0.878654
prod_038,prod_075,0.8785866
prod_021,prod_073,0.87858135
prod_036,prod_040,0.8784594
prod_048,prod_072,0.8783702
prod_041,prod_077,0.87821126
prod_004,prod_007,0.87787676
prod_014,prod_098,0.8776396
prod_015,prod_030,0.8774854
prod_014,prod_059,0.8774049
prod_051,prod_094,0.8772233
prod_000,prod_057,0.877147
prod_028,prod_099,0.87713766
prod_007,prod_083,0.87702864
prod_014,prod_028,0.87700343
prod_015,prod_037,0.87692195
prod_002,prod_036,0.8767709
prod_021,prod_077,0.87640274
prod_029,prod_088,0.87613004
prod_080,prod_087,0.8758959
prod_034,prod_053,0.8755015
prod_019,prod_075,0.8754305
prod_015,prod_058,0.8753668
prod_072,prod_077,0.87508166
prod_065,prod_071,0.8750683
prod_075,prod_090,0.8746809
prod_072,prod_073,0.8744575
prod_020,prod_038,0.87442183
prod_001,prod_002,0.8744046
prod_033,prod_055,0.87431604
prod_054,prod_082,0.8742687
prod_076,prod_081,0.8740967
prod_041,prod_048,0.8740814
prod_025,prod_034,0.8740579
prod_003,prod_090,0.873798
prod_021,prod_048,0.8736112
prod_029,prod_092,0.87360924
prod_028,prod_052,0.8735678
prod_004,prod_078,0.87329257
prod_059,prod_074,0.87282646
prod_023,prod_076,0.8728192
prod_022,prod_069,0.8726992
prod_008,prod_032,0.87248915
prod_018,prod_030,0.87230563
prod_095,prod_098,0.8722286
prod_004,prod_057,0.8722204
prod_045,prod_056,0.8719592
prod_013,prod_057,0.87195647
prod_034,prod_046,0.871854
prod_052,prod_098,0.87170106
prod_000,prod_038,0.87167954
prod_040,prod_055,0.87163574
prod_059,prod_069,0.871464
prod_003,prod_080,0.87126696
prod_007,prod_027,0.8711094
prod_010,prod_070,0.8711052
prod_066,prod_069,0.87074876
prod_034,prod_099,0.870306
prod_049,prod_070,0.8702858
prod_011,prod_054,0.8700219
prod_012,prod_029,0.86988276
prod_069,prod_094,0.8696829
prod_008,prod_075,0.8696692
prod_004,prod_059,0.8695762
prod_004,prod_054,0.8694975
prod_015,prod_047,0.8690486
prod_009,prod_035,0.86901206
prod_060,prod_076,0.86896163
prod_055,prod_064,0.868949
prod_013,prod_078,0.86889976
prod_014,prod_030,0.8688026
prod_039,prod_076,0.86832064
prod_001,prod_032,0.868308
prod_028,prod_095,0.8682284
prod_009,prod_065,0.86805683
prod_015,prod_028,0.8679802
prod_030,prod_074,0.86795926
prod_034,prod_078,0.8673392
prod_036,prod_079,0.8672984
prod_015,prod_098,0.8671782
prod_029,prod_040,0.86701626
prod_023,prod_063,0.8670148
prod_011,prod_069,0.8664412
prod_002,prod_008,0.866369
prod_034,prod_095,0.8662823
prod_035,prod_071,0.866027
prod_030,prod_099,0.86592036
prod_029,prod_032,0.8658893
prod_065,prod_089,0.8653656
prod_054,prod_072,0.8651761
prod_004,prod_038,0.8649699
prod_036,prod_070,0.86493486
prod_031,prod_062,0.8647595
prod_051,prod_065,0.8646598
prod_042,prod_048,0.8642411
prod_053,prod_070,0.8640683
prod_010,prod_075,0.86391187
prod_000,prod_007,0.8637197
prod_029,prod_053,0.86343974
prod_030,prod_042,0.86311275
prod_043,prod_083,0.8630044
prod_018,prod_066,0.86280495
prod_048,prod_082,0.8626551
prod_067,prod_077,0.8626339
prod_050,prod_063,0.8625418
prod_002,prod_029,0.8624186
prod_034,prod_038,0.8623174
prod_076,prod_096,0.86226374
prod_012,prod_072,0.862059
prod_007,prod_020,0.8620281
prod_007,prod_088,0.861974
prod_058,prod_093,0.8619619
prod_039,prod_080,0.8618636
prod_050,prod_065,0.8618516
prod_008,prod_054,0.8618391
prod_006,prod_058,0.8617289
prod_022,prod_054,0.86166364
prod_053,prod_062,0.86130166
prod_001,prod_088,0.861087
prod_027,prod_043,0.86108506
prod_004,prod_008,0.8610709
prod_054,prod_090,0.86075157
prod_061,prod_075,0.8604997
prod_013,prod_038,0.86048365
prod_048,prod_067,0.86039793
prod_007,prod_092,0.8603883
prod_063,prod_081,0.8600305
prod_000,prod_059,0.86002016
prod_072,prod_083,0.8599868
prod_018,prod_028,0.8596091
prod_046,prod_075,0.8596
prod_057,prod_070,0.859469
prod_054,prod_085,0.85942847
prod_007,prod_054,0.8594261
prod_020,prod_059,0.8592708
prod_036,prod_064,0.8588578
prod_042,prod_073,0.8588408
prod_031,prod_076,0.8588063
prod_006,prod_037,0.8585741
prod_002,prod_055,0.85856104
prod_050,prod_090,0.85851425
prod_059,prod_087,0.8584525
prod_048,prod_085,0.8581442
prod_047,prod_093,0.8580981
prod_073,prod_082,0.8579803
prod_012,prod_043,0.85794777
prod_037,prod_093,0.85785764
prod_076,prod_087,0.85777456
prod_067,prod_073,0.8577551
prod_015,prod_070,0.8577224
prod_015,prod_034,0.85746515
prod_077,prod_082,0.85744363
prod_033,prod_036,0.85739654
prod_018,prod_098,0.8571539
prod_065,prod_091,0.85706806
prod_024,prod_076,0.85673517
prod_030,prod_095,0.85644585
prod_035,prod_051,0.8564222
prod_034,prod_036,0.8562513
prod_071,prod_098,0.85624146
prod_029,prod_079,0.8561578
prod_025,prod_070,0.8560718
prod_028,prod_071,0.8560627
prod_042,prod_077,0.85601985
prod_006,prod_047,0.85595435
prod_001,prod_092,0.85574406
prod_050,prod_098,0.85564727
prod_077,prod_085,0.8555398
prod_069,prod_084,0.85543764
prod_037,prod_069,0.8552872
prod_031,prod_035,0.8547231
prod_035,prod_089,0.854678
prod_027,prod_072,0.85462785
prod_062,prod_087,0.8545474
prod_073,prod_085,0.8543727
prod_013,prod_019,0.85433644
prod_004,prod_036,0.85412705
prod_070,prod_099,0.8540744
prod_030,prod_082,0.85393137
prod_028,prod_042,0.8536957
prod_007,prod_032,0.85333633
prod_052,prod_066,0.85322654
prod_053,prod_054,0.85305876
prod_054,prod_084,0.85301554
prod_042,prod_098,0.85296375
prod_013,prod_090,0.852639
prod_005,prod_076,0.85246193
prod_019,prod_020,0.8523005
prod_068,prod_076,0.85225075
prod_046,prod_070,0.85219705
prod_008,prod_064,0.85217446
prod_026,prod_056,0.8521258
prod_000,prod_019,0.8519698
prod_012,prod_067,0.8519612
prod_043,prod_073,0.85178196
prod_032,prod_055,0.8515725
prod_042,prod_070,0.8511326
prod_000,prod_054,0.8510066
prod_009,prod_098,0.85094345
prod_004,prod_019,0.85047925
prod_009,prod_028,0.85047007
prod_070,prod_095,0.85044694
prod_020,prod_046,0.8502718
prod_028,prod_050,0.8500183
prod_043,prod_077,0.8500009
prod_034,prod_042,0.8495188
prod_020,prod_054,0.8494624
prod_015,prod_050,0.84938866
prod_003,prod_084,0.8491499
prod_000,prod_046,0.8489008
prod_004,prod_035,0.84881276
prod_045,prod_054,0.8485806
prod_009,prod_059,0.84847975
prod_010,prod_020,0.8482508
prod_039,prod_059,0.84821147
prod_042,prod_050,0.8481179
prod_030,prod_085,0.8480816
prod_029,prod_033,0.8480677
prod_015,prod_048,0.84800154
prod_015,prod_065,0.8479245
prod_028,prod_091,0.8477023
prod_008,prod_033,0.84769726
prod_060,prod_063,0.8475932
prod_000,prod_010,0.8475265
prod_052,prod_065,0.8471613
prod_058,prod_069,0.8469721
prod_028,prod_089,0.84673584
prod_041,prod_058,0.8465325
prod_089,prod_098,0.84642273
prod_091,prod_098,0.84628534
prod_043,prod_048,0.8462092
prod_070,prod_078,0.84601355
prod_042,prod_083,0.84599996
prod_017,prod_076,0.8459
prod_059,prod_071,0.8458263
prod_004,prod_029,0.8457436
prod_021,prod_058,0.8456676
prod_000,prod_008,0.84565616
prod_002,prod_007,0.8456328
prod_028,prod_051,0.84551
prod_011,prod_050,0.84548354
prod_008,prod_040,0.8454501
prod_051,prod_098,0.84542423
prod_026,prod_053,0.8452875
prod_049,prod_053,0.84490365
prod_055,prod_088,0.8447254
prod_030,prod_071,0.8444623
prod_041,prod_047,0.8439072
prod_004,prod_010,0.84380525
prod_082,prod_083,0.843758
prod_008,prod_020,0.84365106
prod_030,prod_050,0.8435752
prod_004,prod_046,0.8433099
prod_008,prod_079,0.84317285
prod_010,prod_013,0.8429132
prod_052,prod_054,0.84288645
prod_028,prod_082,0.8425976
prod_027,prod_042,0.8425756
prod_012,prod_082,0.8425669
prod_015,prod_073,0.8423847
prod_012,prod_085,0.84229535
prod_025,prod_075,0.8422605
prod_082,prod_098,0.84221923
prod_037,prod_041,0.8421213
prod_029,prod_064,0.8419386
prod_054,prod_094,0.8417394
prod_072,prod_088,0.8416954
prod_021,prod_037,0.8416058
prod_072,prod_092,0.8415808
prod_021,prod_047,0.8415043
prod_030,prod_091,0.8412352
prod_063,prod_096,0.84113365
prod_038,prod_070,0.8408778
prod_000,prod_035,0.84031844
prod_012,prod_042,0.8400781
prod_067,prod_083,0.8400088
prod_039,prod_062,0.83979934
prod_020,prod_035,0.8397783
prod_055,prod_092,0.8397092
prod_035,prod_069,0.8396112
prod_009,prod_030,0.839554
prod_027,prod_082,0.8393739
prod_015,prod_077,0.83923835
prod_003,prod_011,0.8389322
prod_013,prod_046,0.83884645
prod_036,prod_056,0.8387493
prod_083,prod_085,0.83834714
prod_031,prod_049,0.8382519
prod_018,prod_047,0.8380584
prod_013,prod_061,0.8380444
prod_070,prod_082,0.83746207
prod_016,prod_036,0.8374217
prod_076,prod_097,0.8371944
prod_028,prod_085,0.8366773
prod_024,prod_063,0.8364664
prod_034,prod_082,0.83625484
prod_045,prod_081,0.8358861
prod_004,prod_090,0.83554906
prod_001,prod_083,0.83525544
prod_030,prod_072,0.83524644
prod_051,prod_059,0.8352262
prod_085,prod_098,0.8352032
prod_030,prod_089,0.8351456
prod_005,prod_063,0.83485126
prod_000,prod_036,0.83481705
prod_045,prod_053,0.83478487
prod_052,prod_094,0.8347826
prod_023,prod_045,0.8345717
prod_034,prod_044,0.8343052
prod_054,prod_080,0.83427835
prod_044,prod_075,0.83400923
prod_042,prod_065,0.83398336
prod_020,prod_036,0.8338493
prod_001,prod_027,0.8338389
prod_030,prod_051,0.83378404
prod_059,prod_089,0.83377874
prod_050,prod_082,0.8337067
prod_054,prod_067,0.83364856
prod_018,prod_058,0.83361065
prod_018,prod_054,0.8335682
prod_066,prod_093,0.83334446
prod_006,prod_066,0.8328764
prod_027,prod_085,0.83267266
prod_022,prod_050,0.83262515
prod_032,prod_072,0.8325746
prod_018,prod_037,0.8325315
prod_020,prod_090,0.83242595
prod_000,prod_090,0.832415
prod_063,prod_068,0.832281
prod_027,prod_067,0.83215016
prod_018,prod_065,0.83213866
prod_054,prod_062,0.83213264
prod_069,prod_080,0.83209497
prod_003,prod_094,0.83179516
prod_075,prod_086,0.8312961
prod_007,prod_064,0.8308227
prod_003,prod_022,0.8307363
prod_029,prod_056,0.8301028
prod_049,prod_087,0.8300423
prod_020,prod_061,0.8299082
prod_020,prod_025,0.8298404
prod_016,prod_029,0.82972205
prod_001,prod_012,0.8296661
prod_000,prod_061,0.8296014
prod_045,prod_060,0.82947785
prod_000,prod_025,0.8294579
prod_004,prod_061,0.8293169
prod_054,prod_076,0.8292184
prod_035,prod_087,0.82910943
prod_015,prod_083,0.828996
prod_034,prod_086,0.8276149
prod_067,prod_092,0.8267409
prod_039,prod_066,0.8264655
prod_020,prod_086,0.8263721
prod_007,prod_040,0.8261804
prod_050,prod_084,0.8261107
prod_015,prod_027,0.82608074
prod_017,prod_063,0.8260641
prod_004,prod_050,0.8260577
prod_034,prod_052,0.8254854
prod_007,prod_033,0.82530963
prod_002,prod_072,0.82528764
prod_020,prod_044,0.8252781
prod_047,prod_052,0.82524014
prod_008,prod_050,0.82509345
prod_050,prod_072,0.82482153
prod_004,prod_025,0.8248049
prod_067,prod_088,0.8245443
prod_000,prod_029,0.82448715
prod_028,prod_072,0.8243584
prod_042,prod_088,0.8243573
prod_008,prod_016,0.8238405
prod_013,prod_045,0.8236808
prod_013,prod_063,0.82355815
prod_030,prod_067,0.82342905
prod_070,prod_072,0.8233009
prod_000,prod_086,0.82323337
prod_052,prod_058,0.8230999
prod_072,prod_098,0.8229516
prod_001,prod_073,0.8228747
prod_012,prod_015,0.822597
prod_082,prod_092,0.8225488
prod_020,prod_029,0.82249016
prod_037,prod_052,0.8224617
prod_048,prod_069,0.8224217
prod_070,prod_085,0.8222997
prod_007,prod_079,0.8222848
prod_082,prod_088,0.82226473
prod_054,prod_061,0.8221704
prod_000,prod_044,0.8220947
prod_047,prod_069,0.8220649
prod_031,prod_066,0.82186365
prod_045,prod_096,0.82175845
prod_042,prod_092,0.82170707
prod_052,prod_070,0.8214668
prod_019,prod_054,0.82132226
prod_034,prod_085,0.8212625
prod_027,prod_055,0.8210523
prod_055,prod_083,0.8210519
prod_001,prod_077,0.820842
prod_013,prod_026,0.8207361
prod_007,prod_050,0.82062227
prod_034,prod_072,0.8205802
prod_065,prod_082,0.820566
prod_013,prod_025,0.82018423
prod_085,prod_088,0.82015234
prod_053,prod_059,0.81992424
prod_035,prod_091,0.8197448
prod_045,prod_050,0.8195895
prod_085,prod_092,0.81954336
prod_063,prod_097,0.81946254
prod_026,prod_054,0.8192574
prod_022,prod_052,0.81881857
prod_035,prod_039,0.8176026
prod_041,prod_066,0.8175027
prod_023,prod_026,0.81740236
prod_018,prod_094,0.81712353
prod_050,prod_085,0.8170739
prod_075,prod_099,0.8169605
prod_001,prod_048,0.81694293
prod_015,prod_094,0.8167133
prod_050,prod_061,0.81670743
prod_007,prod_030,0.81615245
prod_032,prod_067,0.8161057
prod_066,prod_087,0.8160379
prod_053,prod_078,0.81594926
prod_021,prod_066,0.81593025
prod_029,prod_059,0.8158972
prod_043,prod_058,0.8158907
prod_024,prod_045,0.815731
prod_004,prod_086,0.8149057
prod_004,prod_044,0.81479394
prod_029,prod_030,0.8142543
prod_062,prod_069,0.81423795
prod_037,prod_054,0.81405306
prod_029,prod_098,0.8140183
prod_032,prod_042,0.8139047
prod_053,prod_057,0.813851
prod_039,prod_049,0.8137556
prod_027,prod_069,0.8135501
prod_063,prod_075,0.8134763
prod_063,prod_070,0.8132865
prod_015,prod_022,0.8130969
prod_031,prod_057,0.812645
prod_065,prod_085,0.81260693
prod_043,prod_047,0.81251675
prod_032,prod_082,0.8125082
prod_007,prod_070,0.8124156
prod_069,prod_073,0.8123346
prod_013,prod_044,0.8123018
prod_044,prod_070,0.81225556
prod_026,prod_081,0.81169724
prod_030,prod_036,0.8116329
prod_054,prod_066,0.8115609
prod_037,prod_043,0.8115377
prod_018,prod_034,0.81151634
prod_026,prod_060,0.8114824
prod_014,prod_034,0.8112474
prod_014,prod_020,0.8112017
prod_019,prod_050,0.8111996
prod_005,prod_045,0.81109154
prod_028,prod_029,0.8110608
prod_045,prod_068,0.810725
prod_050,prod_062,0.81058466
prod_032,prod_085,0.81049776
prod_045,prod_075,0.81034744
prod_012,prod_055,0.81026256
prod_000,prod_014,0.8100934
prod_028,prod_067,0.80986977
prod_008,prod_070,0.80979675
prod_013,prod_086,0.8097023
prod_064,prod_072,0.8096114
prod_002,prod_067,0.80866516
prod_031,prod_090,0.80849886
prod_067,prod_098,0.8082944
prod_018,prod_070,0.8082373
prod_007,prod_034,0.8082299
prod_050,prod_080,0.80818635
prod_050,prod_094,0.8076477
prod_075,prod_095,0.80742943
prod_028,prod_036,0.80716217
prod_069,prod_083,0.8071348
prod_036,prod_098,0.8070224
prod_031,prod_078,0.8069735
prod_055,prod_073,0.8067158
prod_034,prod_074,0.8065488
prod_038,prod_053,0.8059725
prod_002,prod_042,0.80578375
prod_029,prod_065,0.8057575
prod_007,prod_028,0.8055812
prod_000,prod_050,0.80546254
prod_015,prod_088,0.80526835
prod_070,prod_086,0.8051771
prod_002,prod_082,0.8051041
prod_050,prod_053,0.80501217
prod_053,prod_063,0.8049336
prod_026,prod_075,0.8043356
prod_007,prod_098,0.8042667
prod_040,prod_072,0.80425936
prod_033,prod_072,0.8041192
prod_050,prod_076,0.8039997
prod_020,prod_050,0.80388325
prod_008,prod_034,0.80387676
prod_017,prod_045,0.80359155
prod_015,prod_092,0.8032357
prod_014,prod_075,0.8029827
prod_055,prod_077,0.8027901
prod_002,prod_085,0.8024238
prod_059,prod_091,0.8020023
prod_018,prod_022,0.80197155
prod_065,prod_072,0.80191785
prod_037,prod_050,0.8016757
prod_037,prod_039,0.80152506
prod_074,prod_075,0.80148536
prod_048,prod_055,0.801441
prod_057,prod_087,0.8012177
prod_026,prod_096,0.8011363
prod_018,prod_077,0.8007745
prod_018,prod_048,0.8006662
prod_072,prod_079,0.800463
prod_031,prod_037,0.8002854
prod_007,prod_016,0.7998513
prod_034,prod_063,0.79908246
prod_004,prod_014,0.79871196
prod_011,prod_052,0.7986141
prod_008,prod_056,0.79854983
prod_019,prod_031,0.798479
prod_011,prod_015,0.79834044
prod_042,prod_094,0.7983009
prod_049,prod_054,0.79792726
prod_003,prod_035,0.797924
prod_078,prod_087,0.79774874
prod_031,prod_038,0.7976854
prod_069,prod_077,0.79723644
prod_022,prod_042,0.79696816
prod_008,prod_030,0.7968836
prod_018,prod_073,0.79687214
prod_036,prod_065,0.7967696
prod_027,prod_054,0.79640144
prod_054,prod_058,0.79632837
prod_039,prod_058,0.7958932
prod_020,prod_074,0.795106
prod_052,prod_084,0.79453456
prod_015,prod_032,0.7945112
prod_064,prod_067,0.79447114
prod_050,prod_052,0.7943791
prod_024,prod_026,0.794322
prod_045,prod_097,0.7940694
prod_004,prod_026,0.7937491
prod_035,prod_053,0.79306054
prod_031,prod_058,0.7929122
prod_020,prod_099,0.79280347
prod_050,prod_066,0.79257387
prod_067,prod_070,0.7925131
prod_027,prod_050,0.79245234
prod_003,prod_065,0.7924076
prod_000,prod_099,0.7923261
prod_013,prod_099,0.79224557
prod_000,prod_074,0.7917298
prod_053,prod_076,0.7915709
prod_034,prod_067,0.7912301
prod_040,prod_042,0.79098225
prod_037,prod_087,0.79092777
prod_010,prod_054,0.79085064
prod_082,prod_094,0.79056114
prod_026,prod_068,0.7900532
prod_015,prod_084,0.7898368
prod_020,prod_091,0.78981286
prod_048,prod_052,0.7894747
prod_014,prod_070,0.78928113
prod_004,prod_099,0.7891909
prod_050,prod_067,0.78857505
prod_005,prod_026,0.78822047
prod_004,prod_045,0.7880943
prod_038,prod_087,0.78792447
prod_012,prod_018,0.78784454
prod_064,prod_082,0.78762406
prod_000,prod_091,0.7875724
prod_052,prod_077,0.787397
prod_042,prod_064,0.7873886
prod_033,prod_067,0.78684807
prod_064,prod_085,0.78641754
prod_087,prod_090,0.7862443
prod_002,prod_015,0.7861434
prod_029,prod_081,0.7860549
prod_008,prod_028,0.78588885
prod_008,prod_098,0.7852285
prod_058,prod_087,0.78510535
prod_023,prod_036,0.7850923
prod_018,prod_050,0.78491956
prod_026,prod_050,0.7848234
prod_040,prod_082,0.7848229
prod_052,prod_073,0.78472817
prod_019,prod_053,0.78450406
prod_043,prod_066,0.78442705
prod_001,prod_058,0.78433627
prod_085,prod_094,0.784172
prod_031,prod_061,0.7838933
prod_022,prod_082,0.78379816
prod_070,prod_074,0.7837489
prod_042,prod_079,0.78348696
prod_039,prod_057,0.78348106
prod_033,prod_042,0.78344846
prod_007,prod_065,0.7834186
prod_033,prod_082,0.7831594
prod_013,prod_076,0.78298193
prod_065,prod_067,0.7829442
prod_004,prod_074,0.78287065
prod_054,prod_057,0.78283757
prod_048,prod_054,0.78275245
prod_049,prod_069,0.7824761
prod_019,prod_087,0.7823206
prod_011,prod_042,0.7821434
prod_013,prod_095,0.781984
prod_017,prod_026,0.7815849
prod_050,prod_058,0.7812008
prod_011,prod_018,0.78096867
prod_076,prod_093,0.7809044
prod_036,prod_081,0.78086823
prod_020,prod_095,0.78084946
prod_001,prod_047,0.78077465
prod_010,prod_031,0.78047264
prod_000,prod_095,0.7804128
prod_040,prod_067,0.7801866
prod_013,prod_014,0.7801216
prod_001,prod_037,0.7800841
prod_006,prod_076,0.7800838
prod_040,prod_085,0.780035
prod_033,prod_085,0.7799308
prod_039,prod_078,0.7799267
prod_045,prod_070,0.7796638
prod_069,prod_090,0.7795805
prod_079,prod_082,0.77931947
prod_029,prod_035,0.7785384
prod_010,prod_050,0.77850413
prod_067,prod_079,0.7784235
prod_039,prod_047,0.77837974
prod_013,prod_074,0.77789825
prod_016,prod_072,0.7776021
prod_004,prod_095,0.7775071
prod_018,prod_083,0.77733964
prod_054,prod_083,0.7768459
prod_007,prod_056,0.7767444
prod_018,prod_084,0.7767436
prod_046,prod_053,0.77646244
prod_010,prod_053,0.77626383
prod_000,prod_026,0.77612966
prod_022,prod_085,0.77607256
prod_079,prod_085,0.775744
prod_003,prod_028,0.77560824
prod_003,prod_098,0.7751491
prod_049,prod_050,0.77488923
prod_034,prod_071,0.7740017
prod_020,prod_026,0.77391607
prod_009,prod_034,0.773465
prod_031,prod_046,0.7733035
prod_042,prod_084,0.773066
prod_012,prod_052,0.7729378
prod_003,prod_059,0.77261484
prod_039,prod_090,0.7720791
prod_048,prod_050,0.77204806
prod_023,prod_029,0.7718507
prod_071,prod_075,0.7717513
prod_025,prod_054,0.77174056
prod_012,prod_069,0.77147084
prod_015,prod_040,0.77080053
prod_026,prod_097,0.77076113
prod_004,prod_091,0.7705034
prod_018,prod_027,0.7700949
prod_053,prod_090,0.7699257
prod_020,prod_071,0.76977605
prod_054,prod_099,0.76964533
prod_050,prod_083,0.76948285
prod_075,prod_076,0.76942176
prod_038,prod_039,0.76937085
prod_052,prod_080,0.76920456
prod_046,prod_054,0.7687847
prod_000,prod_045,0.7682297
prod_004,prod_063,0.7681264
prod_054,prod_073,0.76811975
prod_072,prod_094,0.76804554
prod_011,prod_082,0.7679273
prod_034,prod_045,0.767898
prod_019,prod_039,0.7675571
prod_054,prod_078,0.7674088
prod_069,prod_088,0.7673463
prod_015,prod_064,0.7673063
prod_055,prod_058,0.7672637
prod_009,prod_020,0.7672417
prod_031,prod_047,0.76654977
prod_015,prod_059,0.76644367
prod_010,prod_087,0.76629424
prod_052,prod_083,0.7660694
prod_009,prod_075,0.7660371
prod_000,prod_071,0.7660267
prod_031,prod_048,0.7660009
prod_036,prod_060,0.76593137
prod_020,prod_045,0.76590675
prod_050,prod_099,0.76576114
prod_054,prod_095,0.7655891
prod_047,prod_087,0.7654091
prod_003,prod_030,0.76535165
prod_006,prod_063,0.76519346
prod_039,prod_048,0.76514816
prod_000,prod_009,0.76447445
prod_061,prod_087,0.76444626
prod_008,prod_065,0.7644046
prod_069,prod_092,0.7643769
prod_037,prod_055,0.76409197
prod_041,prod_076,0.7634137
prod_050,prod_095,0.7633362
prod_015,prod_033,0.7633235
prod_050,prod_057,0.7632689
prod_015,prod_079,0.7628436
prod_022,prod_072,0.7628412
prod_063,prod_093,0.7627753
prod_022,prod_029,0.76223236
prod_015,prod_080,0.7616628
prod_020,prod_089,0.7616292
prod_021,prod_076,0.76119536
prod_025,prod_050,0.76098585
prod_011,prod_029,0.76089275
prod_046,prod_087,0.7608713
prod_019,prod_069,0.7607843
prod_038,prod_054,0.76065516
prod_047,prod_055,0.7606315
prod_075,prod_091,0.7605587
prod_034,prod_051,0.76046556
prod_053,prod_061,0.76032114
prod_027,prod_052,0.75987804
prod_036,prod_059,0.75984347
prod_034,prod_089,0.75948966
prod_067,prod_094,0.75933385
prod_075,prod_089,0.759333
prod_029,prod_060,0.7591103
prod_082,prod_084,0.7591053
prod_018,prod_088,0.7589894
prod_020,prod_051,0.7589415
prod_018,prod_092,0.7588056
prod_016,prod_067,0.7587629
prod_051,prod_075,0.75826174
prod_011,prod_085,0.75819814
prod_000,prod_089,0.75792545
prod_036,prod_096,0.7569386
prod_050,prod_073,0.7568307
prod_016,prod_042,0.7562034
prod_039,prod_073,0.7557477
prod_016,prod_082,0.7553751
prod_004,prod_071,0.75526845
prod_000,prod_051,0.75521505
prod_042,prod_059,0.7549071
prod_048,prod_087,0.7547482
prod_031,prod_073,0.75448763
prod_029,prod_096,0.7543454
prod_025,prod_031,0.75432324
prod_027,prod_031,0.7543042
prod_032,prod_069,0.7541472
prod_057,prod_069,0.7541418
prod_025,prod_053,0.7538304
prod_046,prod_050,0.75367
prod_004,prod_009,0.7529844
prod_056,prod_072,0.7529167
prod_008,prod_023,0.75228775
prod_024,prod_036,0.751974
prod_016,prod_085,0.751945
prod_024,prod_029,0.75160766
prod_026,prod_070,0.7515613
prod_022,prod_036,0.751432
prod_070,prod_076,0.75136924
prod_005,prod_029,0.7512668
prod_001,prod_066,0.7507358
prod_010,prod_039,0.7505811
prod_084,prod_085,0.7503882
prod_018,prod_080,0.7502059
prod_008,prod_081,0.7501577
prod_070,prod_071,0.74991006
prod_009,prod_070,0.7495192
prod_005,prod_036,0.74951255
prod_039,prod_061,0.7492829
prod_031,prod_083,0.74892884
prod_041,prod_063,0.74884695
prod_018,prod_032,0.7485484
prod_029,prod_094,0.7481331
prod_002,prod_069,0.74796313
prod_053,prod_086,0.7477576
prod_040,prod_069,0.7476559
prod_061,prod_069,0.7475791
prod_044,prod_053,0.7472279
prod_013,prod_071,0.74708015
prod_027,prod_039,0.74699396
prod_036,prod_068,0.7467464
prod_069,prod_078,0.74628085
prod_011,prod_072,0.74620366
prod_004,prod_089,0.74581826
prod_021,prod_063,0.74577385
prod_047,prod_054,0.7456934
prod_022,prod_067,0.7454762
prod_039,prod_077,0.74536127
prod_050,prod_078,0.7453566
prod_031,prod_044,0.74525136
prod_039,prod_083,0.7450413
prod_052,prod_092,0.7448839
prod_029,prod_068,0.7447354
prod_000,prod_063,0.74459827
prod_052,prod_088,0.74454653
prod_073,prod_087,0.74450856
prod_007,prod_094,0.744238
prod_039,prod_046,0.74388015
prod_020,prod_063,0.74374384
prod_004,prod_051,0.74347013
prod_042,prod_080,0.74340785
prod_008,prod_060,0.74335855
prod_011,prod_036,0.7432718
prod_029,prod_084,0.7431379
prod_007,prod_022,0.7417933
prod_031,prod_086,0.7413797
prod_026,prod_034,0.74129546
prod_009,prod_013,0.74121094
prod_004,prod_076,0.74118584
prod_025,prod_087,0.7403528
prod_038,prod_050,0.7394359
prod_002,prod_018,0.73927975
prod_013,prod_091,0.73923045
prod_059,prod_082,0.7390385
prod_017,prod_036,0.7387387
prod_017,prod_029,0.73860306
prod_031,prod_077,0.73850954
prod_042,prod_056,0.7382232
prod_052,prod_062,0.7377137
prod_027,prod_087,0.7375877
prod_072,prod_084,0.73718727
prod_036,prod_094,0.73696536
prod_052,prod_059,0.73694456
prod_034,prod_076,0.7366598
prod_053,prod_066,0.73613477
prod_038,prod_069,0.7361338
prod_010,prod_069,0.7360953
prod_051,prod_070,0.73586637
prod_054,prod_077,0.73572856
prod_015,prod_016,0.73500043
prod_013,prod_066,0.73495764
prod_083,prod_087,0.7349086
prod_070,prod_089,0.7348452
prod_013,prod_089,0.73450375
prod_015,prod_062,0.73406535
prod_069,prod_079,0.7338151
prod_032,prod_052,0.7337704
prod_008,prod_096,0.733233
prod_013,prod_051,0.7331931
prod_077,prod_087,0.7329438
prod_034,prod_091,0.73290133
prod_029,prod_097,0.7327481
prod_045,prod_093,0.73223245
prod_055,prod_066,0.73197174
prod_006,prod_045,0.7313047
prod_044,prod_087,0.7310512
prod_056,prod_082,0.7309203
prod_036,prod_097,0.730767
prod_040,prod_054,0.7300346
prod_080,prod_082,0.7295881
prod_031,prod_099,0.7293909
prod_036,prod_084,0.7291313
prod_086,prod_087,0.7284738
prod_040,prod_050,0.7282233
prod_007,prod_023,0.72805303
prod_014,prod_053,0.7272608
prod_015,prod_035,0.72706455
prod_043,prod_076,0.72635496
prod_008,prod_024,0.7261753
prod_056,prod_085,0.725935
prod_033,prod_069,0.72591156
prod_011,prod_067,0.72580975
prod_056,prod_067,0.72550666
prod_007,prod_011,0.72528344
prod_044,prod_054,0.72482926
prod_066,prod_070,0.7248012
prod_025,prod_039,0.7246148
prod_002,prod_052,0.7245712
prod_037,prod_070,0.7245305
prod_047,prod_050,0.7244175
prod_008,prod_094,0.7236926
prod_064,prod_069,0.72352606
prod_018,prod_064,0.72283953
prod_030,prod_063,0.722759
prod_046,prod_069,0.7224433
prod_007,prod_081,0.7224193
prod_066,prod_075,0.7220727
prod_012,prod_039,0.72191614
prod_059,prod_085,0.721897
prod_054,prod_088,0.72172296
prod_030,prod_045,0.7209208
prod_080,prod_085,0.72064775
prod_008,prod_022,0.7206271
prod_005,prod_008,0.72057027
prod_008,prod_068,0.720544
prod_050,prod_077,0.72002256
prod_063,prod_098,0.71992344
prod_031,prod_095,0.7195204
prod_000,prod_076,0.71933156
prod_028,prod_063,0.71928674
prod_059,prod_072,0.7187971
prod_018,prod_059,0.7185881
prod_026,prod_030,0.7184883
prod_035,prod_036,0.7184416
prod_067,prod_084,0.71833736
prod_018,prod_062,0.71769726
prod_020,prod_076,0.7169036
prod_015,prod_056,0.71653336
prod_054,prod_086,0.71648085
prod_007,prod_060,0.7160678
prod_007,prod_084,0.7154478
prod_042,prod_062,0.71530885
prod_054,prod_092,0.7147707
prod_035,prod_042,0.7140424
prod_018,prod_033,0.7137597
prod_053,prod_099,0.71334916
prod_041,prod_045,0.71297765
prod_043,prod_063,0.7129263
prod_029,prod_080,0.71282977
prod_063,prod_065,0.7128225
prod_018,prod_040,0.71249753
prod_012,prod_031,0.71214515
prod_050,prod_088,0.7118035
prod_008,prod_017,0.711738
prod_031,prod_088,0.71155167
prod_025,prod_069,0.71153694
prod_049,prod_052,0.711357
prod_045,prod_098,0.71109885
prod_053,prod_074,0.7110287
prod_028,prod_045,0.71095085
prod_039,prod_088,0.71089983
prod_021,prod_045,0.7106743
prod_039,prod_044,0.7102507
prod_087,prod_099,0.7097606
prod_026,prod_093,0.7097385
prod_044,prod_050,0.709267
prod_013,prod_037,0.7091075
prod_012,prod_087,0.7088553
prod_054,prod_079,0.7086503
prod_018,prod_079,0.70802087
prod_006,prod_026,0.7077111
prod_039,prod_086,0.7076076
prod_031,prod_074,0.7070361
prod_026,prod_028,0.7068635
prod_032,prod_054,0.7068324
prod_052,prod_064,0.7067563
prod_034,prod_066,0.7066666
prod_072,prod_080,0.70599455
prod_070,prod_091,0.7056958
prod_026,prod_098,0.7056844
prod_050,prod_079,0.7056036
prod_008,prod_011,0.7053264
prod_014,prod_031,0.7052508
prod_007,prod_096,0.7051182
prod_039,prod_092,0.7047631
prod_058,prod_070,0.7044033
prod_050,prod_092,0.7040074
prod_034,prod_037,0.70380586
prod_002,prod_054,0.70374924
prod_053,prod_091,0.7024651
prod_007,prod_059,0.7023443
prod_037,prod_053,0.7021955
prod_015,prod_049,0.7020123
prod_031,prod_092,0.7017648
prod_023,prod_072,0.70109004
prod_087,prod_088,0.7010594
prod_008,prod_097,0.7005368
prod_062,prod_082,0.70040613
prod_027,prod_070,0.7003865
prod_012,prod_054,0.7002523
prod_053,prod_095,0.7001885
prod_013,prod_058,0.7000015
prod_016,prod_069,0.6996636
prod_050,prod_086,0.6995883
prod_040,prod_052,0.69902575
prod_033,prod_052,0.69878715
prod_087,prod_095,0.6985053
prod_053,prod_058,0.6983675
prod_035,prod_052,0.69819486
prod_037,prod_075,0.69770855
prod_007,prod_024,0.69761676
prod_072,prod_081,0.697318
prod_050,prod_056,0.69730276
prod_035,prod_082,0.6972076
prod_029,prod_062,0.6970106
prod_056,prod_069,0.69694936
prod_032,prod_050,0.69687957
prod_003,prod_020,0.69686437
prod_031,prod_032,0.69685155
prod_032,prod_039,0.6968346
prod_031,prod_040,0.69676715
prod_014,prod_087,0.6958201
prod_036,prod_080,0.695482
prod_008,prod_059,0.6953655
prod_002,prod_050,0.6949592
prod_000,prod_003,0.6947032
prod_014,prod_054,0.69453245
prod_008,prod_084,0.6939938
prod_054,prod_056,0.6933374
prod_052,prod_079,0.69317275
prod_039,prod_099,0.69285405
prod_045,prod_065,0.6927068
prod_087,prod_092,0.69261587
prod_074,prod_087,0.6921469
prod_059,prod_063,0.6920681
prod_007,prod_068,0.692038
prod_005,prod_007,0.6918577
prod_026,prod_041,0.69123226
prod_054,prod_074,0.6908788
prod_029,prod_090,0.6905162
prod_018,prod_049,0.69034785
prod_062,prod_085,0.6897985
prod_047,prod_053,0.6897717
prod_060,prod_072,0.6897669
prod_001,prod_076,0.68936694
prod_067,prod_080,0.687676
prod_021,prod_026,0.687518
prod_069,prod_099,0.687496
prod_058,prod_075,0.687477
prod_002,prod_031,0.68726444
prod_033,prod_054,0.6871302
prod_002,prod_039,0.68710834
prod_032,prod_087,0.6866596
prod_048,prod_070,0.6863354
prod_059,prod_067,0.6863074
prod_026,prod_065,0.68414736
prod_004,prod_066,0.68402886
prod_034,prod_058,0.6838805
prod_039,prod_040,0.68325394
prod_003,prod_034,0.68276393
prod_007,prod_080,0.68273586
prod_007,prod_017,0.6826937
prod_012,prod_050,0.682685
prod_016,prod_018,0.6824546
prod_042,prod_049,0.6817513
prod_053,prod_071,0.6814704
prod_023,prod_042,0.68137383
prod_039,prod_095,0.68134534
prod_033,prod_050,0.6810712
prod_044,prod_069,0.67991674
prod_035,prod_085,0.6795545
prod_072,prod_096,0.67862016
prod_018,prod_035,0.6785639
prod_001,prod_063,0.67823344
prod_070,prod_083,0.6782152
prod_069,prod_095,0.6779294
prod_040,prod_087,0.67791367
prod_014,prod_039,0.67785877
prod_042,prod_081,0.6778246
prod_023,prod_067,0.67780256
prod_014,prod_050,0.67741346
prod_003,prod_004,0.67728144
prod_009,prod_053,0.67719954
prod_003,prod_075,0.67713314
prod_050,prod_074,0.676943
prod_023,prod_082,0.67684454
prod_031,prod_079,0.6767091
prod_002,prod_087,0.67641413
prod_027,prod_034,0.6759104
prod_062,prod_072,0.6757061
prod_035,prod_072,0.6753267
prod_069,prod_086,0.67524314
prod_054,prod_064,0.6751592
prod_081,prod_082,0.6741495
prod_013,prod_047,0.6732126
prod_043,prod_045,0.6730548
prod_023,prod_085,0.6728845
prod_052,prod_078,0.67280847
prod_052,prod_057,0.67257065
prod_036,prod_062,0.67255145
prod_031,prod_071,0.6725144
prod_030,prod_076,0.671803
prod_067,prod_081,0.6715512
prod_053,prod_089,0.6713417
prod_024,prod_072,0.6710876
prod_007,prod_097,0.67091864
prod_039,prod_074,0.6698503
prod_070,prod_073,0.6697068
prod_016,prod_054,0.66875774
prod_051,prod_053,0.66849554
prod_055,prod_076,0.668456
prod_039,prod_079,0.6683201
prod_060,prod_067,0.6680795
prod_081,prod_085,0.6678751
prod_049,prod_082,0.66711056
prod_016,prod_052,0.66693443
prod_013,prod_048,0.6668145
prod_050,prod_064,0.66630894
prod_042,prod_060,0.6662843
prod_016,prod_050,0.6658494
prod_006,prod_029,0.66547555
prod_006,prod_036,0.6654079
prod_015,prod_057,0.665286
prod_005,prod_072,0.66516256
prod_068,prod_072,0.66512555
prod_060,prod_082,0.6642562
prod_034,prod_048,0.66376656
prod_009,prod_031,0.6634644
prod_036,prod_093,0.66297483
prod_076,prod_098,0.6627435
prod_039,prod_064,0.66251767
prod_015,prod_090,0.66227436
prod_028,prod_076,0.66227037
prod_015,prod_078,0.6613572
prod_031,prod_033,0.66130453
prod_029,prod_093,0.6612064
prod_060,prod_085,0.66062665
prod_033,prod_039,0.6605563
prod_008,prod_080,0.66040313
prod_038,prod_052,0.66023535
prod_079,prod_087,0.659929
prod_031,prod_064,0.6597341
prod_000,prod_066,0.65945417
prod_048,prod_053,0.6592472
prod_055,prod_063,0.6592116
prod_022,prod_063,0.65906376
prod_031,prod_089,0.65794814
prod_071,prod_087,0.65788746
prod_007,prod_035,0.6577002
prod_049,prod_085,0.6572842
prod_015,prod_023,0.6572344
prod_020,prod_066,0.6569974
prod_047,prod_075,0.65698576
prod_031,prod_051,0.65676254
prod_003,prod_070,0.6563338
prod_067,prod_096,0.6560152
prod_017,prod_072,0.6555385
prod_042,prod_096,0.65547633
prod_048,prod_075,0.65507793
prod_029,prod_049,0.65506876
prod_062,prod_067,0.6547204
prod_015,prod_081,0.6545369
prod_034,prod_083,0.65429056
prod_013,prod_073,0.6542877
prod_031,prod_091,0.654
prod_011,prod_063,0.65369076
prod_082,prod_096,0.65342396
prod_054,prod_071,0.6526861
prod_018,prod_056,0.652612
prod_013,prod_027,0.6525778
prod_004,prod_037,0.6525012
prod_007,prod_062,0.6521428
prod_015,prod_019,0.6515282
prod_087,prod_091,0.6510218
prod_018,prod_078,0.65079087
prod_014,prod_069,0.65064895
prod_064,prod_087,0.65056986
prod_018,prod_057,0.65051615
prod_045,prod_059,0.6504198
prod_053,prod_073,0.6503635
prod_003,prod_013,0.65031576
prod_019,prod_029,0.6501674
prod_009,prod_054,0.6499293
prod_009,prod_087,0.64986527
prod_026,prod_043,0.6497149
prod_047,prod_070,0.6496618
prod_008,prod_035,0.64953977
prod_019,prod_052,0.6493724
prod_015,prod_038,0.64888173
prod_033,prod_087,0.6488797
prod_085,prod_096,0.6487742
prod_024,prod_042,0.64829725
prod_050,prod_081,0.64801425
prod_024,prod_067,0.64752036
prod_035,prod_063,0.64729977
prod_034,prod_073,0.64694124
prod_052,prod_090,0.6465677
prod_013,prod_083,0.64616084
prod_053,prod_077,0.6458993
prod_024,prod_082,0.6457469
prod_065,prod_076,0.64547896
prod_004,prod_058,0.6452406
prod_042,prod_090,0.64521766
prod_036,prod_041,0.64496976
prod_042,prod_057,0.64468634
prod_087,prod_089,0.644286
prod_031,prod_056,0.64418197
prod_027,prod_075,0.6437272
prod_072,prod_097,0.64361495
prod_005,prod_042,0.64328814
prod_029,prod_061,0.6431524
prod_051,prod_087,0.642438
prod_021,prod_036,0.64209664
prod_042,prod_068,0.641906
prod_015,prod_060,0.64189905
prod_035,prod_067,0.64177424
prod_067,prod_068,0.64156586
prod_073,prod_075,0.6415502
prod_049,prod_072,0.641365
prod_022,prod_045,0.6411743
prod_024,prod_085,0.6409998
prod_005,prod_067,0.6403358
prod_042,prod_078,0.64015913
prod_021,prod_029,0.64012194
prod_005,prod_082,0.6401136
prod_029,prod_041,0.6399424
prod_068,prod_082,0.6392132
prod_069,prod_074,0.63891876
prod_054,prod_081,0.6386806
prod_050,prod_071,0.6385771
prod_052,prod_056,0.63818836
prod_018,prod_038,0.63788366
prod_013,prod_077,0.63782895
prod_045,prod_094,0.63731086
prod_051,prod_054,0.63626546
prod_063,prod_084,0.6360793
prod_009,prod_050,0.6359444
prod_026,prod_094,0.6358953
prod_075,prod_083,0.63533753
prod_054,prod_089,0.635168
prod_068,prod_085,0.6348975
prod_005,prod_085,0.63477105
prod_039,prod_071,0.63455945
prod_070,prod_077,0.6345299
prod_069,prod_081,0.6344746
prod_063,prod_094,0.6342318
prod_022,prod_026,0.63402957
prod_001,prod_045,0.6336676
prod_053,prod_083,0.633503
prod_016,prod_031,0.63278824
prod_027,prod_053,0.6325472
prod_036,prod_049,0.6325059
prod_017,prod_042,0.6324925
prod_036,prod_090,0.63244396
prod_010,prod_052,0.6323456
prod_019,prod_042,0.6319925
prod_039,prod_091,0.6319901
prod_017,prod_067,0.63153964
prod_015,prod_061,0.631243
prod_015,prod_096,0.631045
prod_008,prod_062,0.6304191
prod_034,prod_047,0.62995905
prod_016,prod_039,0.6298348
prod_008,prod_093,0.62982404
prod_017,prod_082,0.62976784
prod_011,prod_045,0.62904334
prod_010,prod_015,0.6289845
prod_057,prod_082,0.6287416
prod_006,prod_008,0.628691
prod_082,prod_090,0.6284663
prod_009,prod_039,0.6280832
prod_046,prod_052,0.6276423
prod_038,prod_042,0.6275669
prod_004,prod_047,0.62718415
prod_029,prod_057,0.6265389
prod_000,prod_037,0.62627983
prod_040,prod_070,0.6258418
prod_018,prod_019,0.62560546
prod_039,prod_056,0.62540966
prod_023,prod_069,0.6249347
prod_078,prod_082,0.6249302
prod_017,prod_085,0.62485886
prod_052,prod_061,0.6239527
prod_012,prod_053,0.6239438
prod_018,prod_090,0.6238836
prod_015,prod_024,0.62375444
prod_020,prod_037,0.6234324
prod_075,prod_077,0.62270296
prod_050,prod_051,0.6221876
prod_049,prod_067,0.6219593
prod_042,prod_097,0.62103784
prod_056,prod_087,0.6209838
prod_039,prod_089,0.6206646
prod_050,prod_089,0.6203954
prod_026,prod_059,0.62007535
prod_015,prod_046,0.61987966
prod_000,prod_058,0.61940837
prod_039,prod_051,0.6188033
prod_005,prod_015,0.6187136
prod_016,prod_087,0.61847395
prod_067,prod_097,0.6183821
prod_023,prod_050,0.61806184
prod_082,prod_097,0.61785096
prod_011,prod_026,0.6177606
prod_057,prod_085,0.61769104
prod_015,prod_068,0.61717707
prod_019,prod_082,0.61711246
prod_070,prod_088,0.6167642
prod_020,prod_058,0.6167325
prod_007,prod_049,0.616075
prod_030,prod_066,0.6157499
prod_010,prod_029,0.6150976
prod_078,prod_085,0.6148411
prod_059,prod_076,0.6142458
prod_045,prod_084,0.61379784
prod_023,prod_054,0.6134422
prod_029,prod_078,0.613185
prod_085,prod_097,0.61239827
prod_034,prod_077,0.61223054
prod_042,prod_061,0.61213756
prod_038,prod_082,0.61206025
prod_045,prod_055,0.61173475
prod_085,prod_090,0.6114247
prod_001,prod_026,0.6098323
prod_008,prod_041,0.6086694
prod_012,prod_013,0.60859793
prod_066,prod_098,0.60857534
prod_010,prod_042,0.6083141
prod_070,prod_092,0.60822415
prod_010,prod_018,0.6082002
prod_028,prod_066,0.6075297
prod_015,prod_017,0.6074562
prod_060,prod_069,0.6073427
prod_004,prod_048,0.60610276
prod_025,prod_052,0.60551596
prod_008,prod_021,0.60546756
prod_026,prod_084,0.6049135
prod_005,prod_050,0.6046369
prod_018,prod_046,0.6035287
prod_036,prod_043,0.6035225
prod_013,prod_088,0.6033962
prod_000,prod_047,0.60337675
prod_054,prod_091,0.6029147
prod_029,prod_038,0.60243565
prod_072,prod_090,0.60235864
prod_057,prod_072,0.60224175
prod_019,prod_085,0.60198265
prod_038,prod_085,0.60170484
prod_035,prod_045,0.6014284
prod_019,prod_036,0.6011631
prod_029,prod_043,0.6005838
prod_070,prod_079,0.60055685
prod_020,prod_047,0.6005564
prod_015,prod_025,0.60052
prod_069,prod_071,0.6004637
prod_053,prod_088,0.6002882
prod_018,prod_061,0.6000573
prod_032,prod_070,0.59973055
prod_024,prod_050,0.59935796
prod_034,prod_040,0.5993102
prod_069,prod_096,0.59923834
prod_036,prod_057,0.59902537
prod_007,prod_093,0.5985877
prod_072,prod_078,0.59845155
prod_042,prod_046,0.59839827
prod_050,prod_060,0.59828836
prod_063,prod_080,0.59765327
prod_006,prod_007,0.5974233
prod_050,prod_096,0.5969805
prod_053,prod_092,0.59638304
prod_003,prod_053,0.5963767
prod_018,prod_023,0.5963104
prod_009,prod_069,0.59594613
prod_015,prod_097,0.595826
prod_061,prod_082,0.5958237
prod_002,prod_070,0.59558886
prod_012,prod_070,0.59529144
prod_024,prod_069,0.59473854
prod_004,prod_073,0.5946843
prod_005,prod_054,0.59461546
prod_013,prod_092,0.5940824
prod_065,prod_066,0.5939559
prod_029,prod_046,0.5938371
prod_010,prod_082,0.59325784
prod_054,prod_060,0.593177
prod_005,prod_069,0.5929195
prod_008,prod_049,0.5925499
prod_034,prod_088,0.5921162
prod_012,prod_075,0.5917757
prod_050,prod_068,0.5912712
prod_024,prod_054,0.5909733
prod_054,prod_096,0.59027296
prod_022,prod_076,0.59010196
prod_019,prod_072,0.58939606
prod_036,prod_078,0.58907324
prod_075,prod_088,0.58873975
prod_044,prod_052,0.58854693
prod_036,prod_061,0.5885317
prod_025,prod_029,0.58838594
prod_052,prod_086,0.58828014
prod_018,prod_081,0.58785903
prod_030,prod_037,0.58751196
prod_068,prod_069,0.58693826
prod_017,prod_050,0.58674175
prod_013,prod_032,0.58673894
prod_050,prod_097,0.58640385
prod_069,prod_091,0.5857854
prod_032,prod_053,0.58572954
prod_026,prod_055,0.5854627
prod_038,prod_072,0.58532405
prod_004,prod_027,0.58515024
prod_056,prod_070,0.5845142
prod_069,prod_089,0.5844493
prod_004,prod_077,0.5841323
prod_034,prod_092,0.58358765
prod_051,prod_069,0.58349365
prod_046,prod_082,0.5834201
prod_013,prod_040,0.5829527
prod_018,prod_060,0.5827964
prod_054,prod_068,0.5827451
prod_076,prod_094,0.58267146
prod_037,prod_098,0.58229625
prod_059,prod_066,0.5815973
prod_004,prod_083,0.5813614
prod_037,prod_059,0.5812744
prod_028,prod_037,0.58099794
prod_057,prod_067,0.5805966
prod_018,prod_025,0.58044434
prod_007,prod_090,0.5800324
prod_075,prod_092,0.57994246
prod_015,prod_044,0.5798324
prod_061,prod_085,0.57978296
prod_023,prod_052,0.5794181
prod_011,prod_076,0.5791858
prod_010,prod_085,0.5791654
prod_025,prod_042,0.57888395
prod_000,prod_048,0.5786978
prod_067,prod_078,0.5786614
prod_017,prod_069,0.5784909
prod_050,prod_091,0.5778639
prod_007,prod_041,0.57778233
prod_036,prod_038,0.5772629
prod_017,prod_054,0.57714987
prod_015,prod_086,0.5770885
prod_007,prod_057,0.57638097
prod_030,prod_058,0.5762625
prod_002,prod_013,0.5762123
prod_045,prod_080,0.57620066
prod_020,prod_048,0.5760434
prod_033,prod_070,0.5756176
prod_062,prod_063,0.5755294
prod_054,prod_097,0.5749556
prod_032,prod_034,0.5746167
prod_002,prod_053,0.5746031
prod_007,prod_021,0.5740053
prod_029,prod_099,0.5734677
prod_034,prod_079,0.5734376
prod_012,prod_034,0.57265764
prod_052,prod_081,0.5724726
prod_067,prod_090,0.57216084
prod_032,prod_075,0.57187104
prod_007,prod_078,0.57176995
prod_040,prod_075,0.5717051
prod_046,prod_085,0.57042503
prod_069,prod_097,0.5701838
prod_010,prod_036,0.5700183
prod_026,prod_035,0.570003
prod_002,prod_034,0.5699592
prod_058,prod_098,0.56988704
prod_037,prod_065,0.56972086
prod_018,prod_096,0.56916374
prod_028,prod_058,0.5687702
prod_072,prod_093,0.5683536
prod_061,prod_072,0.56814116
prod_006,prod_072,0.5674287
prod_000,prod_073,0.5673759
prod_026,prod_080,0.56732506
prod_008,prod_090,0.56679726
prod_014,prod_052,0.56649786
prod_029,prod_095,0.56584495
prod_052,prod_060,0.5652141
prod_015,prod_099,0.56520796
prod_038,prod_067,0.56511843
prod_019,prod_067,0.56476086
prod_010,prod_072,0.5647132
prod_020,prod_073,0.5646171
prod_018,prod_044,0.5645862
prod_025,prod_082,0.5645685
prod_001,prod_036,0.5643708
prod_018,prod_086,0.5643005
prod_007,prod_019,0.56379
prod_064,prod_070,0.5637705
prod_035,prod_076,0.56373024
prod_008,prod_043,0.56365883
prod_031,prod_081,0.56350005
prod_023,prod_031,0.5634601
prod_052,prod_099,0.5623965
prod_076,prod_084,0.5622504
prod_002,prod_075,0.5620073
prod_003,prod_031,0.5614546
prod_001,prod_029,0.56144893
prod_013,prod_079,0.5612094
prod_040,prod_053,0.5610102
prod_018,prod_024,0.5603877
prod_007,prod_038,0.55837387
prod_000,prod_077,0.55812484
prod_042,prod_044,0.5576044
prod_058,prod_059,0.5575153
prod_004,prod_012,0.5570361
prod_058,prod_065,0.5563332
prod_027,prod_059,0.55602
prod_000,prod_027,0.5559763
prod_034,prod_056,0.55565214
prod_020,prod_077,0.55528617
prod_046,prod_072,0.55482906
prod_042,prod_086,0.5545711
prod_016,prod_070,0.55448085
prod_018,prod_068,0.55417377
prod_036,prod_046,0.55412835
prod_020,prod_027,0.5532275
prod_005,prod_018,0.5531013
prod_000,prod_083,0.55284464
prod_008,prod_057,0.5527963
prod_015,prod_095,0.55265474
prod_052,prod_096,0.5519999
prod_003,prod_087,0.5511181
prod_023,prod_039,0.5503879
prod_020,prod_083,0.5501899
prod_053,prod_064,0.5501782
prod_025,prod_085,0.5500083
prod_039,prod_081,0.5497631
prod_075,prod_079,0.54901206
prod_033,prod_034,0.54870355
prod_052,prod_095,0.54829556
prod_014,prod_015,0.5478418
prod_045,prod_062,0.54778713
prod_008,prod_078,0.5471987
prod_013,prod_033,0.5467271
prod_053,prod_079,0.5466609
prod_008,prod_019,0.54664767
prod_041,prod_072,0.546587
prod_013,prod_064,0.5465591
prod_029,prod_055,0.5459809
prod_063,prod_090,0.5457603
prod_029,prod_044,0.5454004
prod_030,prod_047,0.5452853
prod_003,prod_054,0.54489917
prod_052,prod_074,0.5444703
prod_036,prod_055,0.5442542
prod_042,prod_099,0.54419374
prod_033,prod_053,0.5438009
prod_042,prod_093,0.5437045
prod_023,prod_087,0.543477
prod_006,prod_042,0.54346156
prod_024,prod_052,0.5433855
prod_007,prod_061,0.543382
prod_017,prod_018,0.5430604
prod_067,prod_093,0.5429795
prod_021,prod_072,0.5428766
prod_010,prod_067,0.5417783
prod_006,prod_067,0.54088587
prod_061,prod_067,0.5407024
prod_044,prod_082,0.54062814
prod_014,prod_018,0.54043394
prod_004,prod_088,0.540255
prod_082,prod_093,0.5401123
prod_081,prod_087,0.5400663
prod_025,prod_036,0.53982645
prod_030,prod_048,0.53942275
prod_006,prod_082,0.53937936
prod_082,prod_086,0.53796226
prod_029,prod_086,0.5378386
prod_007,prod_010,0.5378211
prod_048,prod_059,0.5374248
prod_034,prod_064,0.53719497
prod_018,prod_099,0.53690594
prod_052,prod_068,0.5367887
prod_031,prod_060,0.5366421
prod_005,prod_052,0.5363358
prod_085,prod_093,0.5354266
prod_026,prod_062,0.53534645
prod_025,prod_072,0.5351158
prod_028,prod_047,0.53485006
prod_047,prod_098,0.53477824
prod_048,prod_098,0.5345766
prod_022,prod_066,0.53445745
prod_004,prod_092,0.53434813
prod_006,prod_085,0.5341843
prod_015,prod_074,0.5341167
prod_008,prod_038,0.5337682
prod_046,prod_067,0.5333295
prod_033,prod_075,0.533111
prod_028,prod_048,0.53307444
prod_042,prod_095,0.53179
prod_000,prod_012,0.53172785
prod_007,prod_043,0.53169596
prod_052,prod_091,0.53162193
prod_035,prod_037,0.5316149
prod_064,prod_075,0.53113675
prod_035,prod_066,0.5304847
prod_003,prod_050,0.53030676
prod_049,prod_063,0.53011554
prod_003,prod_039,0.52933264
prod_018,prod_097,0.529212
prod_059,prod_083,0.5291093
prod_012,prod_020,0.52890927
prod_044,prod_085,0.528421
prod_039,prod_060,0.52827156
prod_082,prod_099,0.5277618
prod_031,prod_096,0.52758855
prod_008,prod_061,0.52720255
prod_007,prod_046,0.5270335
prod_027,prod_030,0.52648264
prod_085,prod_086,0.52641046
prod_011,prod_066,0.5263669
prod_016,prod_034,0.52602875
prod_017,prod_052,0.52574307
prod_030,prod_073,0.5247606
prod_027,prod_098,0.52475584
prod_004,prod_032,0.5239125
prod_014,prod_042,0.523743
prod_048,prod_065,0.52319837
prod_013,prod_056,0.52274984
prod_076,prod_080,0.5226244
prod_018,prod_095,0.52259564
prod_027,prod_028,0.52230865
prod_024,prod_031,0.5218893
prod_006,prod_050,0.52170914
prod_041,prod_042,0.52151024
prod_066,prod_094,0.5213672
prod_041,prod_067,0.5211431
prod_070,prod_081,0.5205652
prod_005,prod_031,0.5204743
prod_001,prod_008,0.5204188
prod_018,prod_074,0.5196178
prod_073,prod_098,0.51906294
prod_008,prod_010,0.5182772
prod_021,prod_042,0.5182401
prod_059,prod_073,0.51808447
prod_028,prod_073,0.51787555
prod_060,prod_087,0.5178691
prod_041,prod_082,0.5177496
prod_039,prod_096,0.5173421
prod_030,prod_083,0.51717114
prod_047,prod_065,0.5167005
prod_036,prod_099,0.5166657
prod_021,prod_067,0.5166615
prod_027,prod_065,0.516646
prod_006,prod_015,0.5162342
prod_015,prod_093,0.5161128
prod_082,prod_095,0.51499534
prod_031,prod_068,0.51462454
prod_013,prod_016,0.51441455
prod_021,prod_082,0.51418936
prod_083,prod_098,0.51364416
prod_041,prod_085,0.5132503
prod_025,prod_067,0.51312
prod_002,prod_004,0.5130252
prod_056,prod_075,0.5128986
prod_044,prod_072,0.5122874
prod_036,prod_044,0.51227796
prod_052,prod_097,0.5120912
prod_000,prod_088,0.5117964
prod_028,prod_083,0.5117547
prod_085,prod_099,0.51154256
prod_050,prod_093,0.51142603
prod_042,prod_074,0.51110977
prod_024,prod_039,0.51094747
prod_014,prod_082,0.5109079
prod_072,prod_086,0.5098926
prod_020,prod_088,0.50947315
prod_021,prod_085,0.5093177
prod_022,prod_037,0.5090773
prod_052,prod_071,0.50857353
prod_004,prod_040,0.5084262
prod_014,prod_029,0.5083898
prod_016,prod_053,0.5082533
prod_005,prod_039,0.5075512
prod_027,prod_035,0.5073186
prod_007,prod_025,0.5072199
prod_066,prod_084,0.5069636
prod_087,prod_096,0.50687236
prod_036,prod_095,0.50685614
prod_000,prod_092,0.50665337
prod_065,prod_073,0.50661045
prod_036,prod_086,0.5064186
prod_035,prod_058,0.5061591
prod_018,prod_091,0.50593764
prod_017,prod_031,0.5056184
prod_008,prod_046,0.5055926
prod_030,prod_077,0.50544894
prod_006,prod_054,0.5052141
prod_045,prod_049,0.5040867
prod_065,prod_083,0.50391805
prod_011,prod_037,0.5038179
prod_020,prod_092,0.50380635
prod_009,prod_052,0.5036503
prod_039,prod_068,0.5035868
prod_019,prod_063,0.502983
prod_045,prod_090,0.5024677
prod_016,prod_075,0.5013132
prod_029,prod_074,0.5008222
prod_024,prod_087,0.5005131
prod_043,prod_072,0.49933752
prod_014,prod_085,0.49903455
prod_015,prod_091,0.49841708
prod_072,prod_099,0.49839982
prod_085,prod_095,0.49824008
prod_005,prod_087,0.49757972
prod_057,prod_063,0.49721846
prod_077,prod_098,0.49703464
prod_031,prod_097,0.4968984
prod_028,prod_077,0.49655694
prod_008,prod_055,0.49615115
prod_054,prod_093,0.49610236
prod_052,prod_089,0.4959922
prod_000,prod_032,0.49547502
prod_023,prod_070,0.49522302
prod_015,prod_071,0.49510896
prod_022,prod_058,0.49492702
prod_062,prod_076,0.4946919
prod_047,prod_059,0.4946441
prod_053,prod_056,0.49452695
prod_037,prod_094,0.49428886
prod_026,prod_049,0.493884
prod_074,prod_082,0.49383113
prod_061,prod_063,0.49370992
prod_015,prod_041,0.4936054
prod_017,prod_039,0.49349043
prod_068,prod_087,0.49327466
prod_021,prod_050,0.49322724
prod_020,prod_032,0.49311805
prod_051,prod_052,0.49288344
prod_003,prod_069,0.49194568
prod_015,prod_021,0.49016675
prod_006,prod_069,0.49014395
prod_041,prod_050,0.48963377
prod_004,prod_079,0.4894583
prod_044,prod_067,0.4891623
prod_034,prod_081,0.48832288
prod_008,prod_025,0.48801398
prod_011,prod_058,0.4879914
prod_009,prod_015,0.48796427
prod_001,prod_007,0.4878464
prod_067,prod_086,0.48777673
prod_069,prod_093,0.48635846
prod_035,prod_048,0.48629797
prod_072,prod_095,0.48552725
prod_004,prod_064,0.4852291
prod_000,prod_002,0.48444134
prod_007,prod_044,0.48436305
prod_063,prod_078,0.48435834
prod_017,prod_087,0.483276
prod_018,prod_071,0.48325956
prod_039,prod_097,0.4828097
prod_037,prod_084,0.4824013
prod_014,prod_072,0.48197228
prod_002,prod_020,0.48183686
prod_065,prod_077,0.48166934
prod_074,prod_085,0.48147237
prod_007,prod_086,0.48142102
prod_004,prod_033,0.48119992
prod_058,prod_094,0.48024434
prod_015,prod_089,0.47996452
prod_035,prod_083,0.47852486
prod_015,prod_051,0.47775364
prod_000,prod_040,0.4776862
prod_009,prod_018,0.47768503
prod_059,prod_077,0.47734228
prod_020,prod_040,0.4761493
prod_021,prod_054,0.47597778
prod_040,prod_059,0.47493976
prod_026,prod_090,0.47484207
prod_042,prod_043,0.4739925
prod_041,prod_054,0.47349262
prod_087,prod_097,0.47308606
prod_012,prod_030,0.47287774
prod_043,prod_067,0.47272417
prod_038,prod_063,0.47237852
prod_005,prod_070,0.47226846
prod_042,prod_091,0.4720702
prod_067,prod_099,0.47166878
prod_007,prod_099,0.4715234
prod_042,prod_071,0.47127742
prod_060,prod_070,0.47086087
prod_018,prod_089,0.47046256
prod_014,prod_036,0.4703424
prod_043,prod_082,0.46974996
prod_019,prod_045,0.46970454
prod_024,prod_070,0.46813414
prod_030,prod_088,0.46753114
prod_058,prod_084,0.46738586
prod_018,prod_051,0.46724206
prod_070,prod_096,0.46722558
prod_010,prod_063,0.46703368
prod_035,prod_073,0.46628904
prod_066,prod_080,0.46556976
prod_036,prod_074,0.46556556
prod_072,prod_074,0.46503785
prod_045,prod_057,0.46488664
prod_043,prod_085,0.46486652
prod_014,prod_067,0.4646467
prod_009,prod_042,0.46400532
prod_023,prod_034,0.4638134
prod_012,prod_028,0.46311778
prod_007,prod_055,0.46296516
prod_012,prod_098,0.46291235
prod_041,prod_069,0.46245924
prod_088,prod_098,0.4617967
prod_021,prod_069,0.4613891
prod_082,prod_091,0.4612536
prod_028,prod_088,0.46118903
prod_008,prod_044,0.45999902
prod_022,prod_048,0.459758
prod_000,prod_079,0.45955393
prod_068,prod_070,0.45940474
prod_059,prod_088,0.45919484
prod_007,prod_095,0.45878947
prod_067,prod_095,0.45784858
prod_030,prod_092,0.4575681
prod_029,prod_071,0.45734417
prod_020,prod_079,0.45728022
prod_076,prod_090,0.4569221
prod_000,prod_064,0.45689383
prod_008,prod_086,0.45654193
prod_045,prod_078,0.455998
prod_043,prod_050,0.45586988
prod_042,prod_089,0.455713
prod_011,prod_048,0.4549514
prod_022,prod_047,0.4547962
prod_001,prod_072,0.45446813
prod_071,prod_082,0.45426157
prod_020,prod_064,0.45408657
prod_045,prod_061,0.4540608
prod_008,prod_099,0.45378283
prod_042,prod_051,0.4534937
prod_017,prod_070,0.45318368
prod_022,prod_027,0.45313427
prod_085,prod_091,0.45230746
prod_011,prod_027,0.4522678
prod_000,prod_033,0.45206267
prod_026,prod_057,0.45203683
prod_070,prod_097,0.45107272
prod_009,prod_029,0.45093042
prod_065,prod_088,0.4509136
prod_092,prod_098,0.45071918
prod_007,prod_014,0.45038724
prod_030,prod_040,0.44966644
prod_028,prod_092,0.44964087
prod_020,prod_033,0.44928876
prod_030,prod_032,0.44920266
prod_018,prod_093,0.44867742
prod_059,prod_092,0.44862202
prod_040,prod_098,0.44854423
prod_049,prod_076,0.44846866
prod_019,prod_026,0.4484678
prod_046,prod_063,0.4484625
prod_009,prod_082,0.44793364
prod_047,prod_094,0.447124
prod_028,prod_040,0.4469818
prod_006,prod_018,0.4467202
prod_012,prod_065,0.44628432
prod_004,prod_016,0.4459394
prod_026,prod_078,0.44556323
prod_015,prod_043,0.44527137
prod_040,prod_065,0.44486168
prod_059,prod_079,0.44453532
prod_011,prod_047,0.4432417
prod_032,prod_098,0.44318467
prod_022,prod_073,0.44263598
prod_038,prod_045,0.44242564
prod_028,prod_032,0.44242278
prod_004,prod_056,0.44212934
prod_071,prod_085,0.4420693
prod_067,prod_074,0.44156805
prod_008,prod_095,0.44148692
prod_037,prod_080,0.44139436
prod_048,prod_094,0.4409692
prod_035,prod_047,0.4402697
prod_032,prod_059,0.44004261
prod_062,prod_066,0.43968758
prod_022,prod_083,0.43946934
prod_005,prod_034,0.43897808
prod_082,prod_089,0.43886787
prod_034,prod_060,0.43869314
prod_002,prod_030,0.43816864
prod_029,prod_089,0.4381033
prod_029,prod_051,0.43800533
prod_065,prod_092,0.43750075
prod_011,prod_073,0.43703476
prod_013,prod_081,0.43680045
prod_051,prod_082,0.4366036
prod_011,prod_083,0.436436
prod_043,prod_054,0.43605348
prod_007,prod_074,0.4359281
prod_013,prod_023,0.43577892
prod_002,prod_059,0.4356744
prod_009,prod_085,0.4354101
prod_010,prod_045,0.4352081
prod_024,prod_034,0.43505907
prod_025,prod_063,0.4348
prod_034,prod_096,0.4347124
prod_012,prod_059,0.4331956
prod_056,prod_059,0.43318006
prod_048,prod_084,0.4328618
prod_002,prod_098,0.43223456
prod_072,prod_091,0.43195564
prod_032,prod_065,0.4318498
prod_026,prod_038,0.43151775
prod_002,prod_028,0.43140075
prod_027,prod_094,0.4301518
prod_052,prod_093,0.42976165
prod_026,prod_061,0.4296074
prod_055,prod_072,0.42930683
prod_001,prod_042,0.42898372
prod_006,prod_052,0.42826647
prod_027,prod_084,0.42820236
prod_008,prod_014,0.4277454
prod_075,prod_081,0.42738074
prod_085,prod_089,0.42730376
prod_001,prod_067,0.42683026
prod_034,prod_068,0.42616606
prod_018,prod_041,0.42583176
prod_073,prod_094,0.4254581
prod_058,prod_080,0.42530778
prod_035,prod_040,0.4251195
prod_071,prod_072,0.4250821
prod_047,prod_084,0.4246192
prod_051,prod_085,0.42460155
prod_030,prod_079,0.42430776
prod_001,prod_082,0.4241505
prod_035,prod_077,0.42331812
prod_023,prod_075,0.4231798
prod_029,prod_091,0.42304674
prod_036,prod_071,0.42261833
prod_001,prod_050,0.42192498
prod_079,prod_098,0.421407
prod_018,prod_021,0.42107847
prod_002,prod_065,0.4209506
prod_067,prod_091,0.42092896
prod_028,prod_079,0.4206223
prod_017,prod_034,0.41969654
prod_001,prod_085,0.41927075
prod_037,prod_062,0.41851974
prod_019,prod_076,0.41820642
prod_009,prod_072,0.41808435
prod_045,prod_046,0.4179872
prod_083,prod_094,0.41788188
prod_023,prod_053,0.41744033
prod_022,prod_077,0.41733986
prod_050,prod_055,0.4172722
prod_034,prod_097,0.41712967
prod_063,prod_099,0.4169191
prod_010,prod_026,0.4165507
prod_043,prod_069,0.41630062
prod_006,prod_031,0.41611898
prod_000,prod_016,0.41593936
prod_066,prod_090,0.41519707
prod_065,prod_079,0.41511354
prod_073,prod_084,0.41503528
prod_033,prod_059,0.41382685
prod_083,prod_084,0.41325927
prod_016,prod_020,0.41314098
prod_009,prod_036,0.41273287
prod_031,prod_093,0.4122222
prod_053,prod_081,0.41158968
prod_008,prod_074,0.41125578
prod_037,prod_090,0.4112216
prod_003,prod_052,0.4110615
prod_000,prod_056,0.4104298
prod_072,prod_089,0.40986606
prod_057,prod_076,0.40943366
prod_020,prod_056,0.4090147
prod_011,prod_077,0.40852308
prod_063,prod_095,0.4082442
prod_013,prod_060,0.40759838
prod_044,prod_063,0.40758508
prod_051,prod_072,0.4073129
prod_030,prod_033,0.40639797
prod_041,prod_052,0.40635318
prod_035,prod_088,0.40607572
prod_030,prod_064,0.40565398
prod_042,prod_055,0.4049027
prod_077,prod_094,0.4046217
prod_036,prod_089,0.4045597
prod_061,prod_076,0.40438864
prod_025,prod_045,0.40406582
prod_036,prod_051,0.40325874
prod_067,prod_071,0.4024362
prod_026,prod_046,0.40204746
prod_021,prod_052,0.40179956
prod_033,prod_098,0.401043
prod_058,prod_062,0.40045568
prod_063,prod_086,0.400181
prod_059,prod_064,0.40011543
prod_028,prod_033,0.39978033
prod_055,prod_067,0.39959285
prod_001,prod_015,0.3995514
prod_076,prod_078,0.39915535
prod_001,prod_054,0.3990719
prod_055,prod_082,0.39903367
prod_064,prod_098,0.39865753
prod_006,prod_039,0.39855632
prod_028,prod_064,0.3983948
prod_007,prod_091,0.3977816
prod_036,prod_091,0.39764288
prod_013,prod_096,0.39716017
prod_009,prod_067,0.39685285
prod_039,prod_093,0.3964066
prod_060,prod_075,0.3950489
prod_053,prod_060,0.39496684
prod_007,prod_071,0.3948528
prod_035,prod_092,0.39478368
prod_055,prod_085,0.39349446
prod_035,prod_079,0.39290848
prod_016,prod_059,0.39198947
prod_013,prod_024,0.39151743
prod_054,prod_055,0.39095426
prod_049,prod_066,0.3904878
prod_033,prod_065,0.3901299
prod_048,prod_080,0.39007685
prod_006,prod_087,0.38998482
prod_031,prod_041,0.38985726
prod_005,prod_013,0.3897469
prod_056,prod_098,0.3881051
prod_067,prod_089,0.38808116
prod_077,prod_084,0.38797012
prod_021,prod_031,0.38781276
prod_056,prod_065,0.38779765
prod_030,prod_056,0.3874186
prod_087,prod_093,0.3873456
prod_007,prod_009,0.38697
prod_028,prod_056,0.3866089
prod_032,prod_035,0.38639435
prod_027,prod_080,0.38636246
prod_064,prod_065,0.38606843
prod_058,prod_090,0.38570282
prod_075,prod_096,0.3856303
prod_038,prod_076,0.38553342
prod_051,prod_067,0.3851602
prod_025,prod_026,0.38508117
prod_022,prod_088,0.38433954
prod_035,prod_056,0.38425633
prod_003,prod_015,0.38389963
prod_013,prod_068,0.38345847
prod_003,prod_018,0.38331795
prod_002,prod_035,0.3820607
prod_053,prod_096,0.38138348
prod_047,prod_080,0.381258
prod_012,prod_022,0.38107017
prod_010,prod_076,0.38104412
prod_024,prod_075,0.38037887
prod_027,prod_090,0.38012046
prod_005,prod_075,0.37932926
prod_007,prod_089,0.37899646
prod_011,prod_088,0.3783137
prod_012,prod_035,0.37765512
prod_006,prod_070,0.3775058
prod_022,prod_040,0.3773518
prod_011,prod_040,0.37688923
prod_007,prod_051,0.37650764
prod_045,prod_099,0.37573615
prod_015,prod_055,0.37520263
prod_018,prod_043,0.3749994
prod_013,prod_017,0.37349156
prod_024,prod_053,0.373342
prod_039,prod_041,0.37255222
prod_016,prod_030,0.37218916
prod_001,prod_069,0.3721172
prod_068,prod_075,0.3720816
prod_073,prod_080,0.37191173
prod_022,prod_092,0.3710047
prod_008,prod_091,0.37067768
prod_011,prod_012,0.370352
prod_080,prod_083,0.37028003
prod_021,prod_039,0.36995113
prod_012,prod_094,0.36977354
prod_008,prod_071,0.369434
prod_044,prod_045,0.3691475
prod_019,prod_066,0.36827585
prod_005,prod_053,0.36794785
prod_016,prod_098,0.36773142
prod_037,prod_049,0.3674922
prod_070,prod_093,0.36747652
prod_027,prod_062,0.3674399
prod_048,prod_062,0.36699966
prod_016,prod_028,0.36645076
prod_053,prod_068,0.365868
prod_045,prod_095,0.36483368
prod_022,prod_032,0.3646918
prod_011,prod_092,0.3645005
prod_041,prod_087,0.3644174
prod_013,prod_097,0.3640293
prod_045,prod_086,0.3640207
prod_088,prod_094,0.3629539
prod_017,prod_075,0.3625623
prod_059,prod_081,0.3625376
prod_008,prod_009,0.36217996
prod_046,prod_076,0.36199564
prod_048,prod_090,0.36151528
prod_021,prod_087,0.36150387
prod_033,prod_035,0.36036474
prod_063,prod_074,0.35915807
prod_011,prod_032,0.3583865
prod_016,prod_065,0.3583131
prod_061,prod_066,0.35768422
prod_003,prod_042,0.3573082
prod_004,prod_023,0.35727784
prod_019,prod_037,0.3569465
prod_014,prod_063,0.35673332
prod_084,prod_088,0.35629192
prod_004,prod_081,0.35536104
prod_043,prod_052,0.35510647
prod_026,prod_044,0.35442623
prod_092,prod_094,0.354311
prod_017,prod_053,0.35422215
prod_075,prod_097,0.35390854
prod_002,prod_022,0.3535371
prod_055,prod_069,0.3532728
prod_008,prod_089,0.35297173
prod_057,prod_066,0.35280716
prod_040,prod_084,0.35275552
prod_047,prod_062,0.35180914
prod_026,prod_099,0.35177356
prod_083,prod_090,0.35122433
prod_026,prod_086,0.3507629
prod_008,prod_051,0.35072616
prod_012,prod_084,0.35055414
prod_037,prod_061,0.35013682
prod_049,prod_058,0.34983036
prod_025,prod_076,0.34936315
prod_062,prod_083,0.34885532
prod_062,prod_073,0.34804592
prod_002,prod_011,0.347773
prod_022,prod_079,0.34689945
prod_021,prod_070,0.34655485
prod_035,prod_064,0.34574676
prod_040,prod_094,0.34468392
prod_011,prod_079,0.34452176
prod_003,prod_082,0.3441096
prod_041,prod_070,0.34404838
prod_077,prod_080,0.34382847
prod_032,prod_094,0.34380892
prod_031,prod_043,0.34298185
prod_084,prod_092,0.3423343
prod_053,prod_097,0.34137434
prod_006,prod_034,0.34132496
prod_073,prod_090,0.34056023
prod_066,prod_078,0.34032997
prod_026,prod_095,0.33965084
prod_016,prod_035,0.3389122
prod_032,prod_084,0.33635136
prod_023,prod_059,0.3343474
prod_003,prod_029,0.3342559
prod_019,prod_058,0.3338513
prod_002,prod_094,0.33348587
prod_014,prod_045,0.33329198
prod_003,prod_085,0.3324247
prod_037,prod_057,0.3317893
prod_034,prod_093,0.33149707
prod_004,prod_060,0.33142954
prod_010,prod_066,0.3278521
prod_001,prod_018,0.32773936
prod_038,prod_066,0.3269168
prod_002,prod_084,0.32530823
prod_058,prod_061,0.3253046
prod_000,prod_023,0.32457098
prod_076,prod_099,0.3238712
prod_039,prod_043,0.32316294
prod_020,prod_023,0.3227232
prod_000,prod_081,0.32219696
prod_022,prod_033,0.32171407
prod_014,prod_026,0.32137975
prod_079,prod_084,0.3207671
prod_011,prod_056,0.32056233
prod_047,prod_090,0.32044584
prod_020,prod_081,0.31940728
prod_045,prod_074,0.31893194
prod_004,prod_096,0.3187848
prod_022,prod_056,0.3187433
prod_079,prod_094,0.31869027
prod_022,prod_064,0.3182602
prod_037,prod_078,0.31726158
prod_011,prod_033,0.31706816
prod_062,prod_077,0.31671095
prod_019,prod_027,0.31666866
prod_043,prod_087,0.31528997
prod_048,prod_049,0.3148257
prod_063,prod_071,0.31444436
prod_027,prod_061,0.31433386
prod_010,prod_037,0.31407785
prod_027,prod_049,0.31394586
prod_076,prod_095,0.31361815
prod_003,prod_072,0.31331113
prod_035,prod_081,0.31314808
prod_057,prod_058,0.31288397
prod_044,prod_076,0.3124398
prod_004,prod_024,0.31212908
prod_011,prod_064,0.311279
prod_080,prod_088,0.31118754
prod_005,prod_059,0.31077015
prod_021,prod_034,0.31001836
prod_004,prod_005,0.30831015
prod_040,prod_080,0.30785233
prod_034,prod_041,0.30770087
prod_001,prod_052,0.30745813
prod_076,prod_086,0.30664656
prod_046,prod_066,0.306189
prod_059,prod_060,0.30599123
prod_012,prod_080,0.30541614
prod_043,prod_070,0.30540916
prod_024,prod_059,0.3050516
prod_019,prod_048,0.30461413
prod_037,prod_038,0.30436635
prod_004,prod_068,0.3040707
prod_026,prod_074,0.3040098
prod_059,prod_096,0.3030997
prod_047,prod_049,0.3023461
prod_009,prod_063,0.30188614
prod_033,prod_094,0.30067098
prod_064,prod_094,0.30042988
prod_018,prod_055,0.30012977
prod_000,prod_060,0.29940146
prod_058,prod_078,0.29927358
prod_001,prod_031,0.29919225
prod_048,prod_061,0.298421
prod_077,prod_090,0.2980144
prod_080,prod_092,0.29745096
prod_003,prod_067,0.29739788
prod_020,prod_060,0.29669356
prod_025,prod_066,0.296046
prod_059,prod_068,0.29600394
prod_049,prod_073,0.29573205
prod_049,prod_083,0.29568195
prod_056,prod_084,0.29534942
prod_003,prod_036,0.2949476
prod_063,prod_089,0.29485524
prod_040,prod_090,0.29474127
prod_051,prod_063,0.2940125
prod_081,prod_098,0.29390562
prod_033,prod_084,0.29367733
prod_030,prod_081,0.29336733
prod_004,prod_017,0.29278642
prod_010,prod_058,0.29145154
prod_023,prod_030,0.291139
prod_028,prod_081,0.29108483
prod_032,prod_080,0.2908387
prod_019,prod_083,0.29070848
prod_065,prod_081,0.2904511
prod_017,prod_059,0.2900385
prod_023,prod_098,0.28989875
prod_037,prod_046,0.28957325
prod_059,prod_097,0.28948233
prod_064,prod_084,0.28908637
prod_016,prod_022,0.2890354
prod_040,prod_062,0.2884138
prod_023,prod_028,0.28826803
prod_023,prod_065,0.28658688
prod_062,prod_088,0.28652912
prod_000,prod_096,0.28634262
prod_061,prod_083,0.286337
prod_038,prod_058,0.28606278
prod_011,prod_016,0.28560153
prod_019,prod_073,0.283962
prod_020,prod_096,0.28364083
prod_025,prod_037,0.28357372
prod_023,prod_035,0.2834924
prod_027,prod_057,0.28167018
prod_004,prod_097,0.28143826
prod_056,prod_094,0.28045774
prod_052,prod_055,0.28018713
prod_031,prod_055,0.28000802
prod_002,prod_080,0.27991685
prod_048,prod_057,0.27935427
prod_000,prod_024,0.27932316
prod_003,prod_007,0.2786974
prod_006,prod_013,0.27747476
prod_063,prod_091,0.27731097
prod_061,prod_073,0.27728623
prod_088,prod_090,0.27703226
prod_001,prod_039,0.27701598
prod_020,prod_024,0.27651262
prod_012,prod_062,0.27638742
prod_079,prod_080,0.2755358
prod_066,prod_099,0.27550656
prod_000,prod_005,0.2751009
prod_019,prod_047,0.27473298
prod_045,prod_071,0.27470437
prod_014,prod_076,0.2744771
prod_013,prod_093,0.2736035
prod_005,prod_020,0.27234346
prod_062,prod_092,0.27226782
prod_000,prod_068,0.27133438
prod_010,prod_027,0.27025604
prod_001,prod_087,0.2700521
prod_020,prod_068,0.268613
prod_034,prod_043,0.26808435
prod_037,prod_099,0.26804605
prod_046,prod_058,0.26802856
prod_001,prod_070,0.2680045
prod_006,prod_075,0.26750237
prod_009,prod_045,0.26672247
prod_066,prod_095,0.26642552
prod_016,prod_094,0.26591378
prod_032,prod_062,0.2658095
prod_049,prod_077,0.2652273
prod_090,prod_092,0.264632
prod_045,prod_091,0.2644792
prod_048,prod_078,0.26430765
prod_027,prod_078,0.26428387
prod_075,prod_093,0.26274854
prod_047,prod_061,0.262144
prod_074,prod_076,0.26170504
prod_047,prod_057,0.2616942
prod_057,prod_083,0.261535
prod_016,prod_084,0.26146293
prod_055,prod_070,0.2607943
prod_026,prod_091,0.26072282
prod_026,prod_071,0.26070476
prod_005,prod_035,0.2606927
prod_010,prod_048,0.26048148
prod_079,prod_090,0.26014137
prod_037,prod_095,0.26002768
prod_025,prod_058,0.2599911
prod_030,prod_060,0.25988144
prod_000,prod_017,0.25976184
prod_057,prod_073,0.25935635
prod_060,prod_098,0.25747624
prod_017,prod_020,0.25703123
prod_045,prod_089,0.25655383
prod_032,prod_090,0.25627
prod_044,prod_066,0.25606433
prod_028,prod_060,0.25600296
prod_002,prod_062,0.2554996
prod_039,prod_055,0.25521767
prod_045,prod_051,0.2548706
prod_062,prod_079,0.2544823
prod_024,prod_035,0.2542123
prod_035,prod_060,0.25396204
prod_003,prod_008,0.2531132
prod_009,prod_026,0.2525681
prod_027,prod_038,0.25215593
prod_060,prod_065,0.25172722
prod_035,prod_096,0.25155348
prod_006,prod_053,0.25154927
prod_012,prod_090,0.25141126
prod_038,prod_048,0.2514056
prod_053,prod_093,0.2509665
prod_002,prod_090,0.25080425
prod_047,prod_078,0.2506826
prod_056,prod_090,0.25044823
prod_056,prod_080,0.25021866
prod_030,prod_096,0.24954885
prod_013,prod_041,0.24933444
prod_066,prod_086,0.24905132
prod_055,prod_087,0.2483032
prod_033,prod_080,0.24813668
prod_000,prod_097,0.24806517
prod_096,prod_098,0.24797606
prod_013,prod_021,0.24738166
prod_028,prod_096,0.2459375
prod_019,prod_077,0.24571662
prod_078,prod_083,0.24534717
prod_020,prod_097,0.24534559
prod_010,prod_083,0.24527717
prod_035,prod_068,0.24512392
prod_073,prod_078,0.24467643
prod_024,prod_030,0.2441107
prod_026,prod_089,0.24375084
prod_064,prod_080,0.24346884
prod_024,prod_098,0.24316062
prod_065,prod_096,0.24305901
prod_005,prod_030,0.24304456
prod_005,prod_098,0.24299611
prod_027,prod_046,0.24247359
prod_058,prod_099,0.24239781
prod_026,prod_051,0.24131607
prod_024,prod_028,0.24095242
prod_005,prod_028,0.24050546
prod_025,prod_027,0.24033459
prod_010,prod_073,0.2397795
prod_035,prod_097,0.23962697
prod_005,prod_065,0.23953806
prod_017,prod_035,0.239424
prod_024,prod_065,0.23866901
prod_041,prod_075,0.23841566
prod_021,prod_075,0.23692264
prod_037,prod_044,0.23680955
prod_038,prod_047,0.2366661
prod_061,prod_077,0.23617959
prod_030,prod_068,0.23576759
prod_046,prod_048,0.23551136
prod_068,prod_098,0.23469812
prod_040,prod_049,0.2344128
prod_058,prod_095,0.23398428
prod_010,prod_047,0.23395354
prod_049,prod_088,0.23358959
prod_056,prod_062,0.23310533
prod_028,prod_068,0.23275068
prod_038,prod_083,0.23272817
prod_027,prod_099,0.23238045
prod_038,prod_073,0.23156089
prod_065,prod_068,0.23050196
prod_001,prod_034,0.22989061
prod_019,prod_040,0.2293646
prod_025,prod_048,0.22917217
prod_037,prod_086,0.22882582
prod_040,prod_061,0.22768658
prod_057,prod_077,0.22645925
prod_027,prod_095,0.22634052
prod_041,prod_053,0.22624597
prod_033,prod_090,0.2260627
prod_017,prod_030,0.22557051
prod_012,prod_049,0.22514309
prod_017,prod_098,0.22496565
prod_033,prod_062,0.22464131
prod_011,prod_081,0.22272141
prod_017,prod_028,0.22270845
prod_021,prod_053,0.22222205
prod_034,prod_055,0.22205918
prod_017,prod_065,0.22132327
prod_022,prod_081,0.21970502
prod_049,prod_092,0.21920073
prod_046,prod_083,0.2189975
prod_019,prod_088,0.21873204
prod_062,prod_064,0.21808691
prod_097,prod_098,0.21697406
prod_030,prod_097,0.21672356
prod_006,prod_059,0.21663697
prod_071,prod_076,0.21659932
prod_044,prod_058,0.2164799
prod_011,prod_023,0.21598826
prod_016,prod_080,0.2158048
prod_022,prod_023,0.21552952
prod_048,prod_099,0.21525162
prod_046,prod_073,0.21500261
prod_014,prod_066,0.21487562
prod_028,prod_097,0.21449165
prod_065,prod_097,0.21439745
prod_025,prod_083,0.21432576
prod_077,prod_078,0.21350421
prod_046,prod_047,0.21303853
prod_064,prod_090,0.21278463
prod_032,prod_049,0.2127653
prod_061,prod_088,0.21238738
prod_058,prod_086,0.20901161
prod_025,prod_073,0.20847912
prod_009,prod_076,0.20790438
prod_048,prod_095,0.20774253
prod_019,prod_092,0.2067239
prod_066,prod_074,0.20532668
prod_059,prod_093,0.20483804
prod_083,prod_099,0.20330009
prod_040,prod_057,0.20308705
prod_010,prod_077,0.20260648
prod_016,prod_090,0.2022897
prod_002,prod_049,0.20208898
prod_025,prod_047,0.20200503
prod_076,prod_091,0.20109099
prod_012,prod_019,0.200751
prod_049,prod_079,0.2002519
prod_013,prod_043,0.20011985
prod_038,prod_077,0.1998922
prod_061,prod_092,0.1998061
prod_076,prod_089,0.19782431
prod_019,prod_032,0.19775411
prod_057,prod_088,0.19726335
prod_014,prod_037,0.19670731
prod_083,prod_095,0.19652879
prod_051,prod_076,0.1963337
prod_081,prod_084,0.19537051
prod_019,prod_079,0.1952806
prod_073,prod_099,0.19369505
prod_016,prod_062,0.19356784
prod_061,prod_079,0.19273017
prod_004,prod_006,0.19138485
prod_032,prod_061,0.1912741
prod_002,prod_019,0.19100136
prod_023,prod_084,0.1903079
prod_012,prod_061,0.18998629
prod_043,prod_075,0.18993425
prod_027,prod_044,0.18978809
prod_004,prod_093,0.18904778
prod_081,prod_094,0.18746513
prod_037,prod_074,0.18686023
prod_073,prod_095,0.18598084
prod_040,prod_078,0.1853224
prod_012,prod_057,0.18512641
prod_002,prod_061,0.18506537
prod_021,prod_059,0.1849209
prod_044,prod_048,0.18412489
prod_010,prod_040,0.18353046
prod_078,prod_088,0.18238997
prod_057,prod_092,0.18204887
prod_023,prod_094,0.18194886
prod_041,prod_059,0.18165879
prod_056,prod_061,0.18121044
prod_027,prod_086,0.18039462
prod_022,prod_060,0.18009172
prod_019,prod_056,0.17987445
prod_011,prod_060,0.17948942
prod_046,prod_077,0.17946647
prod_049,prod_056,0.17863055
prod_047,prod_099,0.17849813
prod_003,prod_063,0.17796436
prod_032,prod_057,0.17616224
prod_048,prod_086,0.17590772
prod_014,prod_058,0.17586659
prod_010,prod_088,0.17425342
prod_038,prod_040,0.17360294
prod_043,prod_053,0.17351766
prod_012,prod_078,0.17307785
prod_011,prod_096,0.17175986
prod_081,prod_090,0.17145716
prod_022,prod_096,0.17103313
prod_025,prod_077,0.17087956
prod_033,prod_049,0.17039673
prod_005,prod_011,0.17021014
prod_038,prod_088,0.16936652
prod_047,prod_095,0.16877908
prod_011,prod_024,0.16825645
prod_006,prod_035,0.16805527
prod_005,prod_022,0.16777073
prod_078,prod_092,0.1675498
prod_044,prod_083,0.16752435
prod_057,prod_079,0.16722107
prod_022,prod_024,0.16691455
prod_058,prod_074,0.1661397
prod_002,prod_057,0.16579933
prod_049,prod_064,0.16471602
prod_004,prod_041,0.16370834
prod_019,prod_033,0.1631923
prod_044,prod_073,0.16317934
prod_044,prod_047,0.161681
prod_010,prod_092,0.16154811
prod_032,prod_078,0.16135576
prod_004,prod_021,0.16070127
prod_011,prod_068,0.15985018
prod_066,prod_071,0.15933466
prod_012,prod_038,0.15924424
prod_033,prod_061,0.15875204
prod_083,prod_086,0.15870073
prod_022,prod_068,0.15860069
prod_010,prod_012,0.15815488
prod_040,prod_046,0.15754563
prod_000,prod_006,0.157039
prod_047,prod_086,0.15580648
prod_035,prod_093,0.15560153
prod_073,prod_086,0.15520412
prod_000,prod_093,0.15483697
prod_001,prod_013,0.15481257
prod_006,prod_020,0.1545793
prod_038,prod_092,0.15429552
prod_060,prod_084,0.15380244
prod_010,prod_032,0.15300186
prod_019,prod_064,0.1528986
prod_020,prod_093,0.15239765
prod_025,prod_040,0.15215752
prod_077,prod_099,0.15199399
prod_003,prod_045,0.1518699
prod_060,prod_094,0.1512048
prod_011,prod_017,0.15110195
prod_002,prod_078,0.15073475
prod_080,prod_081,0.15057978
prod_078,prod_079,0.15039474
prod_009,prod_066,0.14988722
prod_046,prod_088,0.14981535
prod_056,prod_057,0.14962417
prod_017,prod_022,0.14912081
prod_010,prod_079,0.14897834
prod_032,prod_038,0.14829531
prod_014,prod_027,0.14680606
prod_061,prod_064,0.1467251
prod_040,prod_099,0.14606562
prod_002,prod_010,0.14546245
prod_084,prod_096,0.14537773
prod_011,prod_097,0.14533675
prod_043,prod_059,0.14524251
prod_001,prod_075,0.14515258
prod_023,prod_090,0.14486568
prod_023,prod_080,0.14391881
prod_077,prod_095,0.14338644
prod_005,prod_084,0.14304642
prod_022,prod_097,0.14229144
prod_025,prod_088,0.14222087
prod_014,prod_048,0.14155412
prod_024,prod_084,0.14154205
prod_003,prod_026,0.14130454
prod_027,prod_074,0.14126839
prod_094,prod_096,0.14063556
prod_040,prod_095,0.14057067
prod_037,prod_071,0.14014564
prod_066,prod_089,0.13962367
prod_016,prod_049,0.13875596
prod_051,prod_066,0.13858785
prod_038,prod_079,0.13821796
prod_002,prod_038,0.13778226
prod_046,prod_092,0.13661137
prod_021,prod_035,0.13646868
prod_016,prod_019,0.13625464
prod_024,prod_094,0.13610986
prod_012,prod_046,0.13605742
prod_013,prod_055,0.13545002
prod_005,prod_094,0.1353528
prod_062,prod_081,0.13486366
prod_033,prod_057,0.1348432
prod_066,prod_091,0.1345406
prod_048,prod_074,0.13427204
prod_016,prod_061,0.13346474
prod_068,prod_084,0.13322859
prod_035,prod_041,0.13285673
prod_010,prod_056,0.13277256
prod_009,prod_037,0.13140404
prod_056,prod_078,0.13068254
prod_025,prod_092,0.13023947
prod_006,prod_065,0.1300651
prod_006,prod_098,0.1299469
prod_000,prod_041,0.12954438
prod_032,prod_046,0.12851647
prod_088,prod_099,0.12850323
prod_006,prod_030,0.12848802
prod_044,prod_077,0.1278324
prod_057,prod_064,0.1277379
prod_006,prod_028,0.12766302
prod_068,prod_094,0.127382
prod_020,prod_041,0.12722977
prod_055,prod_075,0.12699166
prod_000,prod_021,0.1262389
prod_012,prod_025,0.12605876
prod_001,prod_053,0.1254134
prod_023,prod_062,0.12524597
prod_014,prod_047,0.12495476
prod_017,prod_084,0.12412817
prod_093,prod_098,0.12404421
prod_014,prod_083,0.123928554
prod_020,prod_021,0.12386238
prod_065,prod_093,0.12346115
prod_030,prod_093,0.12340639
prod_046,prod_079,0.12262179
prod_028,prod_093,0.12191211
prod_014,prod_073,0.12137353
prod_088,prod_095,0.121169835
prod_025,prod_032,0.12098778
prod_077,prod_086,0.120912895
prod_002,prod_046,0.12016531
prod_037,prod_089,0.119912036
prod_058,prod_071,0.1197064
prod_038,prod_056,0.11959837
prod_037,prod_051,0.119185925
prod_033,prod_078,0.119041234
prod_074,prod_083,0.11817188
prod_084,prod_097,0.11793866
prod_025,prod_079,0.11766492
prod_005,prod_090,0.11749949
prod_017,prod_094,0.117069386
prod_010,prod_033,0.116517074
prod_092,prod_099,0.11545492
prod_002,prod_025,0.11403204
prod_064,prod_078,0.113103464
prod_073,prod_074,0.11308054
prod_040,prod_044,0.11262034
prod_060,prod_090,0.112282224
prod_004,prod_043,0.11205186
prod_024,prod_090,0.111182705
prod_009,prod_058,0.11049672
prod_047,prod_074,0.110429786
prod_001,prod_059,0.11036251
prod_079,prod_099,0.10999961
prod_090,prod_096,0.10905927
prod_094,prod_097,0.10868167
prod_037,prod_091,0.108349055
prod_092,prod_095,0.10789153
prod_060,prod_080,0.107580595
prod_010,prod_064,0.10728049
prod_032,prod_099,0.1071649
prod_055,prod_059,0.106801145
prod_033,prod_038,0.10618242
prod_046,prod_056,0.105690256
prod_012,prod_099,0.10545108
prod_016,prod_057,0.104397
prod_079,prod_095,0.10419631
prod_040,prod_086,0.102985725
prod_068,prod_090,0.10210933
prod_025,prod_056,0.10183985
prod_002,prod_099,0.10105605
prod_044,prod_088,0.10094624
prod_056,prod_099,0.10064779
prod_053,prod_055,0.10047538
prod_041,prod_065,0.100108676
prod_041,prod_098,0.10004281
prod_038,prod_064,0.10002268
prod_032,prod_095,0.09984854
prod_058,prod_089,0.09982311
prod_080,prod_096,0.09925261
prod_021,prod_065,0.0992102
prod_030,prod_041,0.09910465
prod_051,prod_058,0.09888422
prod_021,prod_098,0.098712176
prod_061,prod_081,0.0981413
prod_028,prod_041,0.0979856
prod_035,prod_043,0.09787616
prod_005,prod_080,0.09759688
prod_021,prod_030,0.09726675
prod_012,prod_095,0.096507944
prod_021,prod_028,0.096452124
prod_056,prod_095,0.09636461
prod_017,prod_090,0.095951594
prod_090,prod_097,0.0958653
prod_024,prod_080,0.09583328
prod_027,prod_071,0.094230406
prod_019,prod_081,0.094179146
prod_002,prod_095,0.094010904
prod_086,prod_088,0.09298929
prod_058,prod_091,0.09114023
prod_003,prod_076,0.09090623
prod_033,prod_046,0.09025557
prod_014,prod_077,0.088681765
prod_010,prod_016,0.08860972
prod_060,prod_062,0.08824699
prod_016,prod_078,0.08780046
prod_048,prod_071,0.08764038
prod_068,prod_080,0.0873944
prod_025,prod_033,0.08546502
prod_012,prod_044,0.085351445
prod_009,prod_027,0.08495006
prod_044,prod_092,0.08491394
prod_046,prod_064,0.08207807
prod_005,prod_062,0.08126461
prod_062,prod_096,0.08100833
prod_032,prod_044,0.079593055
prod_012,prod_086,0.07907197
prod_024,prod_062,0.078404315
prod_017,prod_080,0.07830741
prod_049,prod_081,0.078227974
prod_009,prod_048,0.07800478
prod_000,prod_043,0.07746665
prod_086,prod_092,0.07716948
prod_074,prod_077,0.077100486
prod_025,prod_064,0.0759877
prod_016,prod_038,0.07527023
prod_020,prod_043,0.0752517
prod_044,prod_079,0.07499362
prod_033,prod_099,0.07457284
prod_023,prod_061,0.073845245
prod_027,prod_089,0.07312474
prod_027,prod_051,0.07311535
prod_019,prod_023,0.07276113
prod_080,prod_097,0.072434805
prod_032,prod_086,0.071703754
prod_071,prod_083,0.071379624
prod_062,prod_068,0.06990163
prod_002,prod_044,0.06979376
prod_023,prod_049,0.0695676
prod_033,prod_095,0.067974865
prod_048,prod_089,0.067286804
prod_048,prod_051,0.06667578
prod_071,prod_073,0.06652362
prod_079,prod_086,0.0659933
prod_001,prod_004,0.064970925
prod_047,prod_071,0.06491424
prod_040,prod_074,0.06484435
prod_001,prod_035,0.064486034
prod_044,prod_056,0.06278816
prod_035,prod_055,0.0626105
prod_064,prod_099,0.06255118
prod_006,prod_011,0.062309064
prod_002,prod_086,0.06179499
prod_009,prod_083,0.06157768
prod_017,prod_062,0.061437946
prod_016,prod_046,0.061340146
prod_014,prod_040,0.06128405
prod_016,prod_025,0.057966672
prod_006,prod_022,0.057626456
prod_009,prod_073,0.056922447
prod_062,prod_097,0.05670123
prod_014,prod_088,0.056135386
prod_009,prod_047,0.055800974
prod_064,prod_095,0.055396818
prod_011,prod_093,0.054482054
prod_043,prod_065,0.05431395
prod_048,prod_091,0.052592423
prod_056,prod_086,0.05250354
prod_043,prod_098,0.052362386
prod_074,prod_088,0.05112539
prod_083,prod_089,0.050661776
prod_022,prod_093,0.050579503
prod_030,prod_043,0.050347153
prod_051,prod_083,0.05033975
prod_028,prod_043,0.05018472
prod_016,prod_099,0.049735345
prod_047,prod_091,0.04944165
prod_057,prod_081,0.049356878
prod_027,prod_091,0.049307205
prod_012,prod_014,0.047074832
prod_073,prod_089,0.046278767
prod_047,prod_089,0.046148993
prod_051,prod_073,0.045568828
prod_047,prod_051,0.044529535
prod_014,prod_092,0.044382542
prod_005,prod_061,0.04389756
prod_016,prod_095,0.043847594
prod_010,prod_081,0.04346703
prod_004,prod_055,0.042878717
prod_060,prod_061,0.04035738
prod_005,prod_019,0.03987431
prod_023,prod_057,0.039447546
prod_033,prod_044,0.03941655
prod_019,prod_060,0.03919658
prod_024,prod_061,0.0380208
prod_061,prod_096,0.03652444
prod_014,prod_032,0.035323422
prod_019,prod_024,0.03493601
prod_074,prod_092,0.034859672
prod_012,prod_074,0.034545474
prod_019,prod_096,0.034472957
prod_006,prod_084,0.03445687
prod_073,prod_091,0.033599813
prod_049,prod_060,0.032430127
prod_011,prod_041,0.031423885
prod_083,prod_091,0.03135281
prod_044,prod_064,0.031130547
prod_071,prod_077,0.031104108
prod_011,prod_021,0.031044953
prod_033,prod_086,0.031031854
prod_003,prod_066,0.030159654
prod_000,prod_001,0.030133557
prod_032,prod_074,0.029780814
prod_078,prod_081,0.029169923
prod_061,prod_068,0.029025635
prod_014,prod_079,0.028075036
prod_001,prod_020,0.028067289
prod_002,prod_014,0.027475957
prod_022,prod_041,0.02735965
prod_074,prod_079,0.026963055
prod_084,prod_093,0.02692087
prod_021,prod_022,0.026379071
prod_019,prod_068,0.025906395
prod_049,prod_096,0.02485263
prod_005,prod_049,0.024803676
prod_010,prod_023,0.02440721
prod_064,prod_086,0.023599427
prod_006,prod_090,0.023489228
prod_017,prod_061,0.022514326
prod_024,prod_049,0.022141667
prod_061,prod_097,0.021921057
prod_009,prod_077,0.021561356
prod_023,prod_078,0.020640412
prod_002,prod_074,0.02039466
prod_006,prod_094,0.020328112
prod_040,prod_071,0.019159364
prod_017,prod_019,0.01884882
prod_038,prod_081,0.018045641
prod_019,prod_097,0.017206572
prod_081,prod_099,0.016974337
prod_056,prod_074,0.01688309
prod_025,prod_081,0.014832134
prod_093,prod_094,0.0144863445
prod_049,prod_068,0.013715002
prod_081,prod_095,0.013676999
prod_001,prod_065,0.012619741
prod_046,prod_081,0.012466941
prod_077,prod_089,0.011634576
prod_090,prod_093,0.011092361
prod_003,prod_037,0.011068268
prod_016,prod_044,0.010585249
prod_051,prod_077,0.010443353
prod_014,prod_056,0.009467025
prod_023,prod_038,0.00935744
prod_001,prod_098,0.009043039
prod_000,prod_055,0.007655138
prod_077,prod_091,0.0069759428
prod_001,prod_028,0.006784391
prod_001,prod_030,0.0060446416
prod_009,prod_040,0.0058399932
prod_020,prod_055,0.005587046
prod_017,prod_049,0.005094374
prod_071,prod_088,0.005024654
prod_041,prod_084,0.004019166
prod_021,prod_084,0.0033486832
prod_016,prod_086,0.0018430417
prod_057,prod_060,0.0011657237
prod_049,prod_097,0.00023553868
prod_055,prod_065,-0.0016788712
prod_040,prod_089,-0.0018624612
prod_040,prod_051,-0.0018922243
prod_014,prod_033,-0.0030995277
prod_023,prod_046,-0.0036564572
prod_005,prod_057,-0.0041248132
prod_023,prod_025,-0.0054285363
prod_057,prod_096,-0.0055765333
prod_009,prod_088,-0.006218076
prod_023,prod_099,-0.0068994546
prod_055,prod_098,-0.0071301246
prod_024,prod_057,-0.0076414277
prod_021,prod_090,-0.008069187
prod_014,prod_064,-0.00917921
prod_003,prod_058,-0.009314181
prod_028,prod_055,-0.009615734
prod_033,prod_074,-0.009745217
prod_010,prod_060,-0.01022517
prod_041,prod_094,-0.010292773
prod_006,prod_080,-0.010801455
prod_005,prod_010,-0.010804415
prod_012,prod_071,-0.010848765
prod_023,prod_095,-0.010870978
prod_071,prod_092,-0.011281261
prod_041,prod_090,-0.01129199
prod_030,prod_055,-0.011566118
prod_021,prod_094,-0.011785467
prod_011,prod_043,-0.012588545
prod_088,prod_089,-0.015027013
prod_010,prod_024,-0.015448392
prod_010,prod_096,-0.015504493
prod_051,prod_088,-0.01587027
prod_057,prod_068,-0.01598076
prod_032,prod_071,-0.016188284
prod_060,prod_078,-0.017150503
prod_064,prod_074,-0.018037176
prod_022,prod_043,-0.018330554
prod_071,prod_079,-0.018579416
prod_080,prod_093,-0.018743537
prod_009,prod_012,-0.020665802
prod_009,prod_092,-0.020987205
prod_005,prod_078,-0.024009453
prod_017,prod_057,-0.024104299
prod_010,prod_068,-0.02433812
prod_006,prod_062,-0.024455782
prod_078,prod_096,-0.024456063
prod_002,prod_071,-0.025508514
prod_024,prod_078,-0.026961258
prod_009,prod_032,-0.027447259
prod_056,prod_071,-0.027900066
prod_057,prod_097,-0.027947573
prod_038,prod_060,-0.02876301
prod_012,prod_089,-0.029751033
prod_009,prod_079,-0.030272119
prod_088,prod_091,-0.030741157
prod_012,prod_091,-0.03086875
prod_089,prod_092,-0.031120263
prod_012,prod_051,-0.031273827
prod_010,prod_017,-0.031635128
prod_051,prod_092,-0.031956702
prod_014,prod_016,-0.031991918
prod_040,prod_091,-0.033173136
prod_062,prod_093,-0.03336751
prod_010,prod_097,-0.03369758
prod_005,prod_038,-0.035060063
prod_068,prod_078,-0.035199564
prod_038,prod_096,-0.035888374
prod_002,prod_009,-0.03601262
prod_032,prod_089,-0.0361754
prod_005,prod_099,-0.036836237
prod_032,prod_051,-0.037038174
prod_003,prod_027,-0.037137862
prod_044,prod_081,-0.03752561
prod_016,prod_074,-0.037627127
prod_024,prod_038,-0.038219552
prod_079,prod_089,-0.039063737
prod_046,prod_060,-0.03927224
prod_005,prod_025,-0.03928048
prod_051,prod_079,-0.03943705
prod_025,prod_060,-0.03953948
prod_005,prod_095,-0.03994688
prod_043,prod_084,-0.040481426
prod_060,prod_099,-0.041319042
prod_005,prod_046,-0.041479576
prod_041,prod_080,-0.04162401
prod_091,prod_092,-0.04177238
prod_009,prod_056,-0.04181677
prod_021,prod_080,-0.042066514
prod_003,prod_048,-0.042853575
prod_024,prod_099,-0.04312017
prod_017,prod_078,-0.04364945
prod_024,prod_025,-0.044149216
prod_025,prod_096,-0.044520874
prod_096,prod_099,-0.044875983
prod_046,prod_096,-0.04502299
prod_060,prod_095,-0.04541594
prod_002,prod_089,-0.04556404
prod_024,prod_046,-0.045707833
prod_043,prod_090,-0.04618313
prod_002,prod_051,-0.04631994
prod_038,prod_068,-0.04644374
prod_024,prod_095,-0.046554253
prod_078,prod_097,-0.048027206
prod_081,prod_086,-0.048247118
prod_051,prod_056,-0.048578467
prod_095,prod_096,-0.048600752
prod_056,prod_089,-0.04878192
prod_023,prod_044,-0.048881046
prod_032,prod_091,-0.051103503
prod_006,prod_061,-0.05115611
prod_068,prod_099,-0.051881738
prod_001,prod_011,-0.052613873
prod_025,prod_068,-0.0530734
prod_046,prod_068,-0.05439821
prod_017,prod_038,-0.054750223
prod_068,prod_095,-0.055244755
prod_021,prod_062,-0.055735245
prod_033,prod_071,-0.05573728
prod_041,prod_062,-0.05593528
prod_097,prod_099,-0.05808667
prod_017,prod_099,-0.058087125
prod_043,prod_094,-0.058110375
prod_006,prod_019,-0.058282007
prod_023,prod_086,-0.05860912
prod_038,prod_097,-0.05885155
prod_003,prod_047,-0.05939085
prod_001,prod_022,-0.059412282
prod_003,prod_083,-0.059916805
prod_017,prod_025,-0.060121857
prod_002,prod_091,-0.060589157
prod_095,prod_097,-0.060762767
prod_017,prod_095,-0.061214346
prod_025,prod_097,-0.061858166
prod_017,prod_046,-0.061936263
prod_003,prod_073,-0.063188225
prod_061,prod_093,-0.06319063
prod_064,prod_071,-0.063595004
prod_046,prod_097,-0.06455892
prod_079,prod_091,-0.06456874
prod_011,prod_055,-0.064708374
prod_009,prod_033,-0.06605969
prod_019,prod_093,-0.069527574
prod_022,prod_055,-0.07321827
prod_009,prod_064,-0.073781766
prod_033,prod_089,-0.07580044
prod_033,prod_051,-0.07637686
prod_001,prod_090,-0.0786852
prod_055,prod_090,-0.08030468
prod_001,prod_084,-0.08053022
prod_006,prod_049,-0.0806905
prod_021,prod_061,-0.08254714
prod_074,prod_081,-0.08280096
prod_014,prod_081,-0.082977444
prod_064,prod_089,-0.08318474
prod_016,prod_071,-0.08333752
prod_051,prod_064,-0.08416479
prod_041,prod_061,-0.08539579
prod_043,prod_080,-0.085456
prod_056,prod_091,-0.08731843
prod_044,prod_060,-0.087957375
prod_049,prod_093,-0.08943723
prod_019,prod_021,-0.08989879
prod_005,prod_044,-0.090382606
prod_019,prod_041,-0.09208814
prod_033,prod_091,-0.09270921
prod_055,prod_084,-0.09309237
prod_044,prod_096,-0.09362884
prod_009,prod_016,-0.093666874
prod_023,prod_074,-0.09451538
prod_024,prod_044,-0.09494665
prod_003,prod_077,-0.095522724
prod_064,prod_091,-0.09561704
prod_014,prod_023,-0.09689603
prod_060,prod_086,-0.0974985
prod_043,prod_062,-0.09785034
prod_005,prod_086,-0.1008439
prod_001,prod_094,-0.101615146
prod_044,prod_068,-0.103017606
prod_016,prod_089,-0.10344346
prod_086,prod_096,-0.10353506
prod_016,prod_051,-0.10388143
prod_024,prod_086,-0.105011016
prod_006,prod_057,-0.106118806
prod_006,prod_010,-0.1094435
prod_017,prod_044,-0.11036057
prod_021,prod_049,-0.111585915
prod_041,prod_049,-0.11163557
prod_044,prod_097,-0.11281595
prod_068,prod_086,-0.11299031
prod_057,prod_093,-0.11565027
prod_003,prod_040,-0.117142245
prod_055,prod_094,-0.11765836
prod_010,prod_093,-0.12028229
prod_043,prod_061,-0.120468974
prod_017,prod_086,-0.120591365
prod_086,prod_097,-0.12333436
prod_016,prod_091,-0.12397134
prod_001,prod_080,-0.124826714
prod_003,prod_088,-0.12626685
prod_006,prod_078,-0.12698926
prod_071,prod_081,-0.12800732
prod_006,prod_099,-0.12811485
prod_019,prod_043,-0.12905613
prod_006,prod_095,-0.12943207
prod_014,prod_060,-0.13145126
prod_060,prod_074,-0.13357121
prod_005,prod_074,-0.13494863
prod_005,prod_014,-0.13519225
prod_001,prod_062,-0.13569166
prod_003,prod_012,-0.13569373
prod_078,prod_093,-0.13598363
prod_006,prod_025,-0.1362123
prod_055,prod_080,-0.13654242
prod_021,prod_057,-0.1366702
prod_006,prod_038,-0.13699527
prod_041,prod_057,-0.13713343
prod_014,prod_096,-0.13786547
prod_003,prod_092,-0.13837256
prod_009,prod_081,-0.13847682
prod_014,prod_024,-0.13866983
prod_023,prod_071,-0.13873114
prod_074,prod_096,-0.13889772
prod_024,prod_074,-0.13978876
prod_093,prod_099,-0.14041835
prod_010,prod_021,-0.1406392
prod_006,prod_046,-0.14086606
prod_093,prod_095,-0.14201468
prod_010,prod_041,-0.14252222
prod_055,prod_062,-0.14534153
prod_038,prod_093,-0.14618619
prod_003,prod_032,-0.14664459
prod_014,prod_068,-0.14686005
prod_025,prod_093,-0.1472558
prod_068,prod_074,-0.14762697
prod_051,prod_081,-0.14836662
prod_081,prod_089,-0.14892313
prod_003,prod_079,-0.15039934
prod_046,prod_093,-0.15114965
prod_009,prod_023,-0.15158261
prod_001,prod_061,-0.15287675
prod_043,prod_049,-0.15322424
prod_002,prod_003,-0.15433007
prod_014,prod_017,-0.15461832
prod_017,prod_074,-0.15473257
prod_055,prod_061,-0.15483782
prod_074,prod_097,-0.1565739
prod_014,prod_097,-0.1572487
prod_021,prod_078,-0.15739806
prod_041,prod_078,-0.15753667
prod_021,prod_099,-0.15876038
prod_023,prod_051,-0.15901351
prod_023,prod_089,-0.15910631
prod_021,prod_095,-0.15989932
prod_041,prod_099,-0.16164774
prod_041,prod_095,-0.162979
prod_001,prod_019,-0.16301782
prod_003,prod_056,-0.16306065
prod_019,prod_055,-0.16693105
prod_021,prod_038,-0.16723315
prod_021,prod_025,-0.16730246
prod_038,prod_041,-0.1674289
prod_025,prod_041,-0.16931272
prod_021,prod_046,-0.1716423
prod_041,prod_046,-0.17306907
prod_043,prod_057,-0.1766667
prod_060,prod_071,-0.17779349
prod_005,prod_071,-0.17926753
prod_010,prod_043,-0.17954203
prod_071,prod_096,-0.18307795
prod_003,prod_033,-0.18352309
prod_024,prod_071,-0.18408553
prod_081,prod_091,-0.18532407
prod_006,prod_044,-0.18625392
prod_009,prod_060,-0.1886467
prod_003,prod_064,-0.18980832
prod_005,prod_009,-0.18987587
prod_001,prod_049,-0.19035421
prod_068,prod_071,-0.19164515
prod_023,prod_091,-0.1928428
prod_009,prod_096,-0.19379929
prod_043,prod_099,-0.19448371
prod_009,prod_024,-0.19452234
prod_043,prod_095,-0.19494607
prod_044,prod_093,-0.19648029
prod_006,prod_086,-0.19700418
prod_043,prod_078,-0.19764437
prod_060,prod_089,-0.19774893
prod_051,prod_060,-0.19781543
prod_017,prod_071,-0.19861487
prod_005,prod_051,-0.19920644
prod_005,prod_089,-0.19963339
prod_049,prod_055,-0.19984446
prod_071,prod_097,-0.20028724
prod_009,prod_068,-0.20226707
prod_051,prod_096,-0.20298979
prod_089,prod_096,-0.20318009
prod_024,prod_051,-0.20396033
prod_024,prod_089,-0.2042095
prod_025,prod_043,-0.20518593
prod_086,prod_093,-0.20697692
prod_038,prod_043,-0.20699084
prod_009,prod_017,-0.20921107
prod_003,prod_016,-0.21044016
prod_043,prod_046,-0.21048935
prod_009,prod_097,-0.21083586
prod_051,prod_068,-0.21143286
prod_068,prod_089,-0.21164107
prod_001,prod_057,-0.21202058
prod_001,prod_010,-0.21330379
prod_021,prod_044,-0.21562913
prod_041,prod_044,-0.21667571
prod_010,prod_055,-0.21763152
prod_017,prod_051,-0.21834706
prod_017,prod_089,-0.21868798
prod_055,prod_057,-0.21957557
prod_051,prod_097,-0.21995758
prod_089,prod_097,-0.2204529
prod_055,prod_095,-0.22395882
prod_001,prod_095,-0.22432747
prod_001,prod_099,-0.22467291
prod_055,prod_099,-0.22508353
prod_021,prod_086,-0.22633786
prod_060,prod_091,-0.22680813
prod_041,prod_086,-0.2270779
prod_006,prod_074,-0.22727932
prod_006,prod_014,-0.23054998
prod_001,prod_078,-0.23334675
prod_091,prod_096,-0.23441517
prod_005,prod_091,-0.23523574
prod_024,prod_091,-0.23714724
prod_074,prod_093,-0.23773487
prod_001,prod_025,-0.23811679
prod_014,prod_093,-0.24042231
prod_025,prod_055,-0.24161606
prod_055,prod_078,-0.24165308
prod_001,prod_038,-0.24212016
prod_001,prod_046,-0.24438758
prod_068,prod_091,-0.24470192
prod_046,prod_055,-0.249597
prod_038,prod_055,-0.24998513
prod_043,prod_044,-0.25252035
prod_017,prod_091,-0.25294942
prod_003,prod_081,-0.25472903
prod_021,prod_074,-0.25599548
prod_041,prod_074,-0.25717965
prod_091,prod_097,-0.25733787
prod_014,prod_021,-0.26065013
prod_014,prod_041,-0.26144686
prod_043,prod_086,-0.26327345
prod_003,prod_023,-0.26801357
prod_006,prod_071,-0.26894397
prod_071,prod_093,-0.27923352
prod_006,prod_009,-0.27992007
prod_001,prod_044,-0.284453
prod_006,prod_051,-0.28792313
prod_006,prod_089,-0.28859797
prod_044,prod_055,-0.28915527
prod_009,prod_093,-0.29007623
prod_043,prod_074,-0.29120523
prod_001,prod_086,-0.29535243
prod_021,prod_071,-0.29687476
prod_014,prod_043,-0.2972953
prod_041,prod_071,-0.29799575
prod_051,prod_093,-0.29809964
prod_089,prod_093,-0.29865852
prod_055,prod_086,-0.30053872
prod_003,prod_060,-0.30166274
prod_003,prod_005,-0.30320844
prod_003,prod_096,-0.30671325
prod_003,prod_024,-0.30732343
prod_009,prod_021,-0.30814692
prod_009,prod_041,-0.30951557
prod_003,prod_068,-0.31458968
prod_021,prod_051,-0.3155702
prod_021,prod_089,-0.31626958
prod_041,prod_051,-0.3166805
prod_041,prod_089,-0.31728348
prod_003,prod_017,-0.3211542
prod_001,prod_074,-0.32129422
prod_003,prod_097,-0.32261732
prod_055,prod_074,-0.32475436
prod_001,prod_014,-0.3293613
prod_043,prod_071,-0.33071354
prod_006,prod_091,-0.33078972
prod_014,prod_055,-0.33389628
prod_091,prod_093,-0.338322
prod_009,prod_043,-0.34216338
prod_043,prod_051,-0.34882712
prod_043,prod_089,-0.34966195
prod_041,prod_091,-0.35882643
prod_021,prod_091,-0.3589286
prod_001,prod_071,-0.3595361
prod_055,prod_071,-0.3624521
prod_001,prod_009,-0.37118492
prod_009,prod_055,-0.37377098
prod_001,prod_051,-0.3771011
prod_001,prod_089,-0.37808147
prod_051,prod_055,-0.37971693
prod_055,prod_089,-0.38091797
prod_003,prod_006,-0.38706365
prod_043,prod_091,-0.39471373
prod_003,prod_093,-0.3963116
prod_003,prod_021,-0.4134737
prod_003,prod_041,-0.4148404
prod_001,prod_091,-0.4266063
prod_055,prod_091,-0.4331715
prod_003,prod_043,-0.4441926
prod_001,prod_003,-0.47025025
prod_003,prod_055,-0.4712549
