agent_id,segment_id,timestamp,time_step,product_id,context_id,intent_value,outcome,product_category,price,season,inflation_regime
0,seg_01,2024-01-01,0,prod_019,ctx_010,0.6547240018844604,0.6547240018844604,energy_drink,2.44,winter,normal
1,seg_04,2024-01-01,0,prod_032,ctx_090,0.5825411081314087,0.5825411081314087,sports_drink,4.47,winter,normal
2,seg_04,2024-01-01,0,prod_025,ctx_071,0.6320250630378723,0.6320250630378723,tea,2.29,winter,normal
3,seg_00,2024-01-01,0,prod_032,ctx_090,0.5740141272544861,0.5740141272544861,sports_drink,4.47,winter,normal
4,seg_00,2024-01-01,0,prod_017,ctx_052,0.5615227818489075,0.5615227818489075,energy_drink,2.64,winter,normal
5,seg_02,2024-01-01,0,prod_045,ctx_061,0.627956748008728,0.627956748008728,coffee_drink,3.31,winter,normal
6,seg_00,2024-01-01,0,prod_045,ctx_016,0.5431186556816101,0.5431186556816101,coffee_drink,3.31,winter,normal
7,seg_00,2024-01-01,0,prod_039,ctx_066,0.5315962433815002,0.5315962433815002,water_enhanced,3.94,winter,normal
8,seg_00,2024-01-01,0,prod_003,ctx_083,0.5802271962165833,0.5802271962165833,water_enhanced,2.2,winter,normal
9,seg_04,2024-01-01,0,prod_013,ctx_027,0.6386509537696838,0.6386509537696838,sports_drink,4.03,winter,normal
10,seg_01,2024-01-01,0,prod_045,ctx_066,0.557467520236969,0.557467520236969,coffee_drink,3.31,winter,normal
11,seg_01,2024-01-01,0,prod_037,ctx_010,0.7075756788253784,0.7075756788253784,tea,4.48,winter,normal
12,seg_03,2024-01-01,0,prod_048,ctx_069,0.5430188179016113,0.5430188179016113,energy_drink,4.06,winter,normal
13,seg_03,2024-01-01,0,prod_045,ctx_032,0.5320075750350952,0.5320075750350952,coffee_drink,3.31,winter,normal
14,seg_03,2024-01-01,0,prod_032,ctx_061,0.598577082157135,0.598577082157135,sports_drink,4.47,winter,normal
15,seg_01,2024-01-01,0,prod_025,ctx_062,0.7276226878166199,0.7276226878166199,tea,2.29,winter,normal
16,seg_01,2024-01-01,0,prod_048,ctx_025,0.541456937789917,0.541456937789917,energy_drink,4.06,winter,normal
17,seg_00,2024-01-01,0,prod_047,ctx_057,0.6077448725700378,0.6077448725700378,tea,3.42,winter,normal
18,seg_00,2024-01-01,0,prod_016,ctx_074,0.6041963696479797,0.6041963696479797,coffee_drink,4.33,winter,normal
19,seg_01,2024-01-01,0,prod_013,ctx_013,0.603874921798706,0.603874921798706,sports_drink,4.03,winter,normal
20,seg_04,2024-01-01,0,prod_025,ctx_017,0.6444733142852783,0.6444733142852783,tea,2.29,winter,normal
21,seg_02,2024-01-01,0,prod_048,ctx_005,0.6820458769798279,0.6820458769798279,energy_drink,4.06,winter,normal
22,seg_02,2024-01-01,0,prod_037,ctx_012,0.7464946508407593,0.7464946508407593,tea,4.48,winter,normal
23,seg_01,2024-01-01,0,prod_039,ctx_065,0.6101106405258179,0.6101106405258179,water_enhanced,3.94,winter,normal
24,seg_00,2024-01-01,0,prod_039,ctx_096,0.5679681301116943,0.5679681301116943,water_enhanced,3.94,winter,normal
25,seg_01,2024-01-01,0,prod_039,ctx_059,0.6333165168762207,0.6333165168762207,water_enhanced,3.94,winter,normal
26,seg_00,2024-01-01,0,prod_048,ctx_014,0.5769677758216858,0.5769677758216858,energy_drink,4.06,winter,normal
27,seg_04,2024-01-01,0,prod_048,ctx_038,0.5913025140762329,0.5913025140762329,energy_drink,4.06,winter,normal
28,seg_00,2024-01-01,0,prod_004,ctx_099,0.545825719833374,0.545825719833374,water_enhanced,1.55,winter,normal
29,seg_04,2024-01-01,0,prod_045,ctx_010,0.6450443863868713,0.6450443863868713,coffee_drink,3.31,winter,normal
30,seg_00,2024-01-01,0,prod_045,ctx_010,0.6178537011146545,0.6178537011146545,coffee_drink,3.31,winter,normal
31,seg_02,2024-01-01,0,prod_013,ctx_038,0.5775485038757324,0.5775485038757324,sports_drink,4.03,winter,normal
32,seg_02,2024-01-01,0,prod_032,ctx_062,0.6053193807601929,0.6053193807601929,sports_drink,4.47,winter,normal
33,seg_01,2024-01-01,0,prod_003,ctx_013,0.5802828073501587,0.5802828073501587,water_enhanced,2.2,winter,normal
34,seg_00,2024-01-01,0,prod_026,ctx_002,0.4958694577217102,0.4958694577217102,water_enhanced,2.69,winter,normal
35,seg_02,2024-01-01,0,prod_037,ctx_013,0.6425002813339233,0.6425002813339233,tea,4.48,winter,normal
36,seg_02,2024-01-01,0,prod_019,ctx_044,0.6168249249458313,0.6168249249458313,energy_drink,2.44,winter,normal
37,seg_03,2024-01-01,0,prod_012,ctx_001,0.5218474864959717,0.5218474864959717,water_enhanced,3.83,winter,normal
38,seg_04,2024-01-01,0,prod_004,ctx_062,0.6599631309509277,0.6599631309509277,water_enhanced,1.55,winter,normal
39,seg_00,2024-01-01,0,prod_030,ctx_061,0.622045636177063,0.622045636177063,sports_drink,1.86,winter,normal
40,seg_03,2024-01-01,0,prod_029,ctx_012,0.6680066585540771,0.6680066585540771,energy_drink,4.61,winter,normal
41,seg_02,2024-01-01,0,prod_026,ctx_094,0.6188486218452454,0.6188486218452454,water_enhanced,2.69,winter,normal
42,seg_01,2024-01-01,0,prod_032,ctx_045,0.6325830817222595,0.6325830817222595,sports_drink,4.47,winter,normal
43,seg_04,2024-01-01,0,prod_008,ctx_014,0.6132619380950928,0.6132619380950928,tea,4.86,winter,normal
44,seg_01,2024-01-01,0,prod_019,ctx_044,0.5995692610740662,0.5995692610740662,energy_drink,2.44,winter,normal
45,seg_02,2024-01-01,0,prod_013,ctx_090,0.6078073978424072,0.6078073978424072,sports_drink,4.03,winter,normal
46,seg_03,2024-01-01,0,prod_019,ctx_044,0.6010102033615112,0.6010102033615112,energy_drink,2.44,winter,normal
47,seg_02,2024-01-01,0,prod_026,ctx_010,0.6521502137184143,0.6521502137184143,water_enhanced,2.69,winter,normal
48,seg_00,2024-01-01,0,prod_003,ctx_096,0.5616356730461121,0.5616356730461121,water_enhanced,2.2,winter,normal
49,seg_03,2024-01-01,0,prod_004,ctx_061,0.599319577217102,0.599319577217102,water_enhanced,1.55,winter,normal
0,seg_01,2024-01-02,1,prod_026,ctx_004,0.5784379839897156,0.5784379839897156,water_enhanced,2.69,winter,normal
1,seg_04,2024-01-02,1,prod_017,ctx_065,0.5426155924797058,0.5426155924797058,energy_drink,2.64,winter,normal
2,seg_04,2024-01-02,1,prod_004,ctx_069,0.6428298354148865,0.6428298354148865,water_enhanced,1.55,winter,normal
3,seg_00,2024-01-02,1,prod_037,ctx_071,0.5345531105995178,0.5345531105995178,tea,4.48,winter,normal
4,seg_00,2024-01-02,1,prod_037,ctx_069,0.537078857421875,0.537078857421875,tea,4.48,winter,normal
5,seg_02,2024-01-02,1,prod_048,ctx_065,0.588651716709137,0.588651716709137,energy_drink,4.06,winter,normal
6,seg_00,2024-01-02,1,prod_026,ctx_087,0.6062850952148438,0.6062850952148438,water_enhanced,2.69,winter,normal
7,seg_00,2024-01-02,1,prod_003,ctx_069,0.727863073348999,0.727863073348999,water_enhanced,2.2,winter,normal
8,seg_00,2024-01-02,1,prod_032,ctx_044,0.5359450578689575,0.5359450578689575,sports_drink,4.47,winter,normal
9,seg_04,2024-01-02,1,prod_039,ctx_045,0.6832929849624634,0.6832929849624634,water_enhanced,3.94,winter,normal
10,seg_01,2024-01-02,1,prod_025,ctx_076,0.4928830862045288,0.4928830862045288,tea,2.29,winter,normal
11,seg_01,2024-01-02,1,prod_045,ctx_085,0.5962291359901428,0.5962291359901428,coffee_drink,3.31,winter,normal
12,seg_03,2024-01-02,1,prod_004,ctx_087,0.6259579062461853,0.6259579062461853,water_enhanced,1.55,winter,normal
13,seg_03,2024-01-02,1,prod_032,ctx_059,0.6074251532554626,0.6074251532554626,sports_drink,4.47,winter,normal
14,seg_03,2024-01-02,1,prod_032,ctx_048,0.5936549305915833,0.5936549305915833,sports_drink,4.47,winter,normal
15,seg_01,2024-01-02,1,prod_004,ctx_053,0.550743818283081,0.550743818283081,water_enhanced,1.55,winter,normal
16,seg_01,2024-01-02,1,prod_026,ctx_057,0.6175302267074585,0.6175302267074585,water_enhanced,2.69,winter,normal
17,seg_00,2024-01-02,1,prod_048,ctx_002,0.49110525846481323,0.49110525846481323,energy_drink,4.06,winter,normal
18,seg_00,2024-01-02,1,prod_008,ctx_044,0.5908695459365845,0.5908695459365845,tea,4.86,winter,normal
19,seg_01,2024-01-02,1,prod_004,ctx_069,0.5304841995239258,0.5304841995239258,water_enhanced,1.55,winter,normal
20,seg_04,2024-01-02,1,prod_032,ctx_027,0.6219292283058167,0.6219292283058167,sports_drink,4.47,winter,normal
21,seg_02,2024-01-02,1,prod_045,ctx_059,0.5522437691688538,0.5522437691688538,coffee_drink,3.31,winter,normal
22,seg_02,2024-01-02,1,prod_003,ctx_035,0.5701309442520142,0.5701309442520142,water_enhanced,2.2,winter,normal
23,seg_01,2024-01-02,1,prod_017,ctx_099,0.5521711707115173,0.5521711707115173,energy_drink,2.64,winter,normal
24,seg_00,2024-01-02,1,prod_048,ctx_057,0.7557073831558228,0.7557073831558228,energy_drink,4.06,winter,normal
25,seg_01,2024-01-02,1,prod_037,ctx_002,0.7413703203201294,0.7413703203201294,tea,4.48,winter,normal
26,seg_00,2024-01-02,1,prod_013,ctx_038,0.7031312584877014,0.7031312584877014,sports_drink,4.03,winter,normal
27,seg_04,2024-01-02,1,prod_017,ctx_094,0.5921380519866943,0.5921380519866943,energy_drink,2.64,winter,normal
28,seg_00,2024-01-02,1,prod_004,ctx_094,0.525712788105011,0.525712788105011,water_enhanced,1.55,winter,normal
29,seg_04,2024-01-02,1,prod_037,ctx_014,0.5698626637458801,0.5698626637458801,tea,4.48,winter,normal
30,seg_00,2024-01-02,1,prod_032,ctx_090,0.5644363760948181,0.5644363760948181,sports_drink,4.47,winter,normal
31,seg_02,2024-01-02,1,prod_013,ctx_063,0.621826171875,0.621826171875,sports_drink,4.03,winter,normal
32,seg_02,2024-01-02,1,prod_030,ctx_014,0.5999366641044617,0.5999366641044617,sports_drink,1.86,winter,normal
33,seg_01,2024-01-02,1,prod_003,ctx_002,0.4494839906692505,0.4494839906692505,water_enhanced,2.2,winter,normal
34,seg_00,2024-01-02,1,prod_004,ctx_045,0.6204171180725098,0.6204171180725098,water_enhanced,1.55,winter,normal
35,seg_02,2024-01-02,1,prod_039,ctx_083,0.6963224411010742,0.6963224411010742,water_enhanced,3.94,winter,normal
36,seg_02,2024-01-02,1,prod_048,ctx_061,0.6111823916435242,0.6111823916435242,energy_drink,4.06,winter,normal
37,seg_03,2024-01-02,1,prod_012,ctx_004,0.533298909664154,0.533298909664154,water_enhanced,3.83,winter,normal
38,seg_04,2024-01-02,1,prod_037,ctx_063,0.5487783551216125,0.5487783551216125,tea,4.48,winter,normal
39,seg_00,2024-01-02,1,prod_045,ctx_027,0.6190446019172668,0.6190446019172668,coffee_drink,3.31,winter,normal
40,seg_03,2024-01-02,1,prod_032,ctx_087,0.6145989298820496,0.6145989298820496,sports_drink,4.47,winter,normal
41,seg_02,2024-01-02,1,prod_013,ctx_005,0.8514621257781982,0.8514621257781982,sports_drink,4.03,winter,normal
42,seg_01,2024-01-02,1,prod_003,ctx_002,0.47046175599098206,0.47046175599098206,water_enhanced,2.2,winter,normal
43,seg_04,2024-01-02,1,prod_025,ctx_090,0.6747599244117737,0.6747599244117737,tea,2.29,winter,normal
44,seg_01,2024-01-02,1,prod_039,ctx_085,0.7010740637779236,0.7010740637779236,water_enhanced,3.94,winter,normal
45,seg_02,2024-01-02,1,prod_026,ctx_014,0.5411529541015625,0.5411529541015625,water_enhanced,2.69,winter,normal
46,seg_03,2024-01-02,1,prod_004,ctx_010,0.7323504686355591,0.7323504686355591,water_enhanced,1.55,winter,normal
47,seg_02,2024-01-02,1,prod_039,ctx_005,0.5259526968002319,0.5259526968002319,water_enhanced,3.94,winter,normal
48,seg_00,2024-01-02,1,prod_048,ctx_048,0.7338029742240906,0.7338029742240906,energy_drink,4.06,winter,normal
49,seg_03,2024-01-02,1,prod_045,ctx_014,0.6842861771583557,0.6842861771583557,coffee_drink,3.31,winter,normal
0,seg_01,2024-01-03,2,prod_037,ctx_076,0.4653066098690033,0.4653066098690033,tea,4.48,winter,normal
1,seg_04,2024-01-03,2,prod_013,ctx_001,0.5214164853096008,0.5214164853096008,sports_drink,4.03,winter,normal
2,seg_04,2024-01-03,2,prod_013,ctx_065,0.620029091835022,0.620029091835022,sports_drink,4.03,winter,normal
3,seg_00,2024-01-03,2,prod_045,ctx_065,0.7295551896095276,0.7295551896095276,coffee_drink,3.31,winter,normal
4,seg_00,2024-01-03,2,prod_045,ctx_062,0.681043803691864,0.681043803691864,coffee_drink,3.31,winter,normal
5,seg_02,2024-01-03,2,prod_030,ctx_085,0.6052533388137817,0.6052533388137817,sports_drink,1.86,winter,normal
6,seg_00,2024-01-03,2,prod_030,ctx_017,0.5753612518310547,0.5753612518310547,sports_drink,1.86,winter,normal
7,seg_00,2024-01-03,2,prod_019,ctx_090,0.6444016695022583,0.6444016695022583,energy_drink,2.44,winter,normal
8,seg_00,2024-01-03,2,prod_017,ctx_035,0.6372448205947876,0.6372448205947876,energy_drink,2.64,winter,normal
9,seg_04,2024-01-03,2,prod_008,ctx_048,0.7588143944740295,0.7588143944740295,tea,4.86,winter,normal
10,seg_01,2024-01-03,2,prod_032,ctx_052,0.5623371601104736,0.5623371601104736,sports_drink,4.47,winter,normal
11,seg_01,2024-01-03,2,prod_048,ctx_087,0.6302237510681152,0.6302237510681152,energy_drink,4.06,winter,normal
12,seg_03,2024-01-03,2,prod_037,ctx_083,0.7154160737991333,0.7154160737991333,tea,4.48,winter,normal
13,seg_03,2024-01-03,2,prod_032,ctx_004,0.6344069838523865,0.6344069838523865,sports_drink,4.47,winter,normal
14,seg_03,2024-01-03,2,prod_017,ctx_016,0.48020780086517334,0.48020780086517334,energy_drink,2.64,winter,normal
15,seg_01,2024-01-03,2,prod_025,ctx_096,0.5536327362060547,0.5536327362060547,tea,2.29,winter,normal
16,seg_01,2024-01-03,2,prod_003,ctx_076,0.46301043033599854,0.46301043033599854,water_enhanced,2.2,winter,normal
17,seg_00,2024-01-03,2,prod_025,ctx_052,0.6152199506759644,0.6152199506759644,tea,2.29,winter,normal
18,seg_00,2024-01-03,2,prod_009,ctx_090,0.5694104433059692,0.5694104433059692,coffee_drink,2.47,winter,normal
19,seg_01,2024-01-03,2,prod_021,ctx_069,0.7390480041503906,0.7390480041503906,sports_drink,3.63,winter,normal
20,seg_04,2024-01-03,2,prod_004,ctx_090,0.635901689529419,0.635901689529419,water_enhanced,1.55,winter,normal
21,seg_02,2024-01-03,2,prod_039,ctx_053,0.7538332343101501,0.7538332343101501,water_enhanced,3.94,winter,normal
22,seg_02,2024-01-03,2,prod_017,ctx_052,0.5154629349708557,0.5154629349708557,energy_drink,2.64,winter,normal
23,seg_01,2024-01-03,2,prod_008,ctx_059,0.5805636048316956,0.5805636048316956,tea,4.86,winter,normal
24,seg_00,2024-01-03,2,prod_037,ctx_062,0.700575590133667,0.700575590133667,tea,4.48,winter,normal
25,seg_01,2024-01-03,2,prod_012,ctx_069,0.5019675493240356,0.5019675493240356,water_enhanced,3.83,winter,normal
26,seg_00,2024-01-03,2,prod_013,ctx_027,0.635841429233551,0.635841429233551,sports_drink,4.03,winter,normal
27,seg_04,2024-01-03,2,prod_000,ctx_057,0.6444040536880493,0.6444040536880493,water_enhanced,1.85,winter,normal
28,seg_00,2024-01-03,2,prod_012,ctx_027,0.7638831734657288,0.7638831734657288,water_enhanced,3.83,winter,normal
29,seg_04,2024-01-03,2,prod_026,ctx_048,0.7559202909469604,0.7559202909469604,water_enhanced,2.69,winter,normal
30,seg_00,2024-01-03,2,prod_008,ctx_069,0.49719125032424927,0.49719125032424927,tea,4.86,winter,normal
31,seg_02,2024-01-03,2,prod_003,ctx_065,0.5633176565170288,0.5633176565170288,water_enhanced,2.2,winter,normal
32,seg_02,2024-01-03,2,prod_004,ctx_004,0.7222387790679932,0.7222387790679932,water_enhanced,1.55,winter,normal
33,seg_01,2024-01-03,2,prod_048,ctx_053,0.6842836737632751,0.6842836737632751,energy_drink,4.06,winter,normal
34,seg_00,2024-01-03,2,prod_012,ctx_010,0.720827043056488,0.720827043056488,water_enhanced,3.83,winter,normal
35,seg_02,2024-01-03,2,prod_019,ctx_016,0.8120554089546204,0.8120554089546204,energy_drink,2.44,winter,normal
36,seg_02,2024-01-03,2,prod_030,ctx_057,0.6159929633140564,0.6159929633140564,sports_drink,1.86,winter,normal
37,seg_03,2024-01-03,2,prod_019,ctx_096,0.5490926504135132,0.5490926504135132,energy_drink,2.44,winter,normal
38,seg_04,2024-01-03,2,prod_015,ctx_027,0.5986664295196533,0.5986664295196533,water_enhanced,3.39,winter,normal
39,seg_00,2024-01-03,2,prod_048,ctx_045,0.6532920598983765,0.6532920598983765,energy_drink,4.06,winter,normal
40,seg_03,2024-01-03,2,prod_045,ctx_010,0.6490965485572815,0.6490965485572815,coffee_drink,3.31,winter,normal
41,seg_02,2024-01-03,2,prod_003,ctx_090,0.5754162669181824,0.5754162669181824,water_enhanced,2.2,winter,normal
42,seg_01,2024-01-03,2,prod_004,ctx_016,0.48814263939857483,0.48814263939857483,water_enhanced,1.55,winter,normal
43,seg_04,2024-01-03,2,prod_037,ctx_083,0.5940271019935608,0.5940271019935608,tea,4.48,winter,normal
44,seg_01,2024-01-03,2,prod_004,ctx_035,0.66505366563797,0.66505366563797,water_enhanced,1.55,winter,normal
45,seg_02,2024-01-03,2,prod_032,ctx_014,0.7440754175186157,0.7440754175186157,sports_drink,4.47,winter,normal
46,seg_03,2024-01-03,2,prod_030,ctx_087,0.6154236793518066,0.6154236793518066,sports_drink,1.86,winter,normal
47,seg_02,2024-01-03,2,prod_004,ctx_071,0.7361449599266052,0.7361449599266052,water_enhanced,1.55,winter,normal
48,seg_00,2024-01-03,2,prod_039,ctx_061,0.5945111513137817,0.5945111513137817,water_enhanced,3.94,winter,normal
49,seg_03,2024-01-03,2,prod_003,ctx_016,0.4882064759731293,0.4882064759731293,water_enhanced,2.2,winter,normal
0,seg_01,2024-01-04,3,prod_019,ctx_025,0.55654376745224,0.55654376745224,energy_drink,2.44,winter,normal
1,seg_04,2024-01-04,3,prod_025,ctx_001,0.5130626559257507,0.5130626559257507,tea,2.29,winter,normal
2,seg_04,2024-01-04,3,prod_025,ctx_099,0.6917018294334412,0.6917018294334412,tea,2.29,winter,normal
3,seg_00,2024-01-04,3,prod_013,ctx_074,0.5971135497093201,0.5971135497093201,sports_drink,4.03,winter,normal
4,seg_00,2024-01-04,3,prod_019,ctx_083,0.5713071227073669,0.5713071227073669,energy_drink,2.44,winter,normal
5,seg_02,2024-01-04,3,prod_025,ctx_065,0.6600176692008972,0.6600176692008972,tea,2.29,winter,normal
6,seg_00,2024-01-04,3,prod_017,ctx_052,0.6097308397293091,0.6097308397293091,energy_drink,2.64,winter,normal
7,seg_00,2024-01-04,3,prod_036,ctx_099,0.5381397008895874,0.5381397008895874,sports_drink,2.66,winter,normal
8,seg_00,2024-01-04,3,prod_037,ctx_014,0.5583809018135071,0.5583809018135071,tea,4.48,winter,normal
9,seg_04,2024-01-04,3,prod_032,ctx_099,0.5393937826156616,0.5393937826156616,sports_drink,4.47,winter,normal
10,seg_01,2024-01-04,3,prod_045,ctx_045,0.667446494102478,0.667446494102478,coffee_drink,3.31,winter,normal
11,seg_01,2024-01-04,3,prod_037,ctx_059,0.5727403163909912,0.5727403163909912,tea,4.48,winter,normal
12,seg_03,2024-01-04,3,prod_026,ctx_074,0.6172531247138977,0.6172531247138977,water_enhanced,2.69,winter,normal
13,seg_03,2024-01-04,3,prod_039,ctx_017,0.5339656472206116,0.5339656472206116,water_enhanced,3.94,winter,normal
14,seg_03,2024-01-04,3,prod_026,ctx_013,0.5935847163200378,0.5935847163200378,water_enhanced,2.69,winter,normal
15,seg_01,2024-01-04,3,prod_026,ctx_062,0.7612320780754089,0.7612320780754089,water_enhanced,2.69,winter,normal
16,seg_01,2024-01-04,3,prod_045,ctx_099,0.5532981157302856,0.5532981157302856,coffee_drink,3.31,winter,normal
17,seg_00,2024-01-04,3,prod_045,ctx_094,0.6193117499351501,0.6193117499351501,coffee_drink,3.31,winter,normal
18,seg_00,2024-01-04,3,prod_048,ctx_063,0.5804166793823242,0.5804166793823242,energy_drink,4.06,winter,normal
19,seg_01,2024-01-04,3,prod_033,ctx_016,0.48693564534187317,0.48693564534187317,energy_drink,4.91,winter,normal
20,seg_04,2024-01-04,3,prod_048,ctx_052,0.49367955327033997,0.49367955327033997,energy_drink,4.06,winter,normal
21,seg_02,2024-01-04,3,prod_039,ctx_090,0.49079927802085876,0.49079927802085876,water_enhanced,3.94,winter,normal
22,seg_02,2024-01-04,3,prod_032,ctx_044,0.725820779800415,0.725820779800415,sports_drink,4.47,winter,normal
23,seg_01,2024-01-04,3,prod_039,ctx_085,0.6262518167495728,0.6262518167495728,water_enhanced,3.94,winter,normal
24,seg_00,2024-01-04,3,prod_019,ctx_053,0.5758050680160522,0.5758050680160522,energy_drink,2.44,winter,normal
25,seg_01,2024-01-04,3,prod_026,ctx_066,0.5555117130279541,0.5555117130279541,water_enhanced,2.69,winter,normal
26,seg_00,2024-01-04,3,prod_015,ctx_066,0.5211092829704285,0.5211092829704285,water_enhanced,3.39,winter,normal
27,seg_04,2024-01-04,3,prod_032,ctx_094,0.5555897355079651,0.5555897355079651,sports_drink,4.47,winter,normal
28,seg_00,2024-01-04,3,prod_026,ctx_005,0.603238582611084,0.603238582611084,water_enhanced,2.69,winter,normal
29,seg_04,2024-01-04,3,prod_039,ctx_057,0.5584067702293396,0.5584067702293396,water_enhanced,3.94,winter,normal
30,seg_00,2024-01-04,3,prod_045,ctx_087,0.6537131667137146,0.6537131667137146,coffee_drink,3.31,winter,normal
31,seg_02,2024-01-04,3,prod_045,ctx_066,0.5442851185798645,0.5442851185798645,coffee_drink,3.31,winter,normal
32,seg_02,2024-01-04,3,prod_026,ctx_059,0.5909876823425293,0.5909876823425293,water_enhanced,2.69,winter,normal
33,seg_01,2024-01-04,3,prod_030,ctx_010,0.6153817772865295,0.6153817772865295,sports_drink,1.86,winter,normal
34,seg_00,2024-01-04,3,prod_004,ctx_062,0.5168075561523438,0.5168075561523438,water_enhanced,1.55,winter,normal
35,seg_02,2024-01-04,3,prod_026,ctx_074,0.5736216902732849,0.5736216902732849,water_enhanced,2.69,winter,normal
36,seg_02,2024-01-04,3,prod_039,ctx_045,0.5755320191383362,0.5755320191383362,water_enhanced,3.94,winter,normal
37,seg_03,2024-01-04,3,prod_026,ctx_052,0.7365856170654297,0.7365856170654297,water_enhanced,2.69,winter,normal
38,seg_04,2024-01-04,3,prod_000,ctx_004,0.5507266521453857,0.5507266521453857,water_enhanced,1.85,winter,normal
39,seg_00,2024-01-04,3,prod_037,ctx_013,0.6319015622138977,0.6319015622138977,tea,4.48,winter,normal
40,seg_03,2024-01-04,3,prod_032,ctx_094,0.5928377509117126,0.5928377509117126,sports_drink,4.47,winter,normal
41,seg_02,2024-01-04,3,prod_012,ctx_066,0.45182937383651733,0.45182937383651733,water_enhanced,3.83,winter,normal
42,seg_01,2024-01-04,3,prod_019,ctx_071,0.5578311085700989,0.5578311085700989,energy_drink,2.44,winter,normal
43,seg_04,2024-01-04,3,prod_004,ctx_027,0.6237992644309998,0.6237992644309998,water_enhanced,1.55,winter,normal
44,seg_01,2024-01-04,3,prod_000,ctx_061,0.545928418636322,0.545928418636322,water_enhanced,1.85,winter,normal
45,seg_02,2024-01-04,3,prod_013,ctx_038,0.6210288405418396,0.6210288405418396,sports_drink,4.03,winter,normal
46,seg_03,2024-01-04,3,prod_013,ctx_057,0.6162821054458618,0.6162821054458618,sports_drink,4.03,winter,normal
47,seg_02,2024-01-04,3,prod_013,ctx_066,0.6579201221466064,0.6579201221466064,sports_drink,4.03,winter,normal
48,seg_00,2024-01-04,3,prod_004,ctx_025,0.7449280619621277,0.7449280619621277,water_enhanced,1.55,winter,normal
49,seg_03,2024-01-04,3,prod_032,ctx_063,0.6107544898986816,0.6107544898986816,sports_drink,4.47,winter,normal
0,seg_01,2024-01-05,4,prod_025,ctx_099,0.6969060301780701,0.6969060301780701,tea,2.29,winter,normal
1,seg_04,2024-01-05,4,prod_004,ctx_013,0.5659087896347046,0.5659087896347046,water_enhanced,1.55,winter,normal
2,seg_04,2024-01-05,4,prod_019,ctx_065,0.5788138508796692,0.5788138508796692,energy_drink,2.44,winter,normal
3,seg_00,2024-01-05,4,prod_039,ctx_053,0.5276389718055725,0.5276389718055725,water_enhanced,3.94,winter,normal
4,seg_00,2024-01-05,4,prod_039,ctx_027,0.6336336731910706,0.6336336731910706,water_enhanced,3.94,winter,normal
5,seg_02,2024-01-05,4,prod_003,ctx_014,0.6068707704544067,0.6068707704544067,water_enhanced,2.2,winter,normal
6,seg_00,2024-01-05,4,prod_034,ctx_061,0.6150751113891602,0.6150751113891602,coffee_drink,3.84,winter,normal
7,seg_00,2024-01-05,4,prod_037,ctx_087,0.5778528451919556,0.5778528451919556,tea,4.48,winter,normal
8,seg_00,2024-01-05,4,prod_009,ctx_048,0.7420085072517395,0.7420085072517395,coffee_drink,2.47,winter,normal
9,seg_04,2024-01-05,4,prod_025,ctx_032,0.49738094210624695,0.49738094210624695,tea,2.29,winter,normal
10,seg_01,2024-01-05,4,prod_037,ctx_059,0.5785554051399231,0.5785554051399231,tea,4.48,winter,normal
11,seg_01,2024-01-05,4,prod_029,ctx_057,0.6376632452011108,0.6376632452011108,energy_drink,4.61,winter,normal
12,seg_03,2024-01-05,4,prod_013,ctx_014,0.5905129313468933,0.5905129313468933,sports_drink,4.03,winter,normal
13,seg_03,2024-01-05,4,prod_012,ctx_074,0.6845839023590088,0.6845839023590088,water_enhanced,3.83,winter,normal
14,seg_03,2024-01-05,4,prod_048,ctx_027,0.6007612347602844,0.6007612347602844,energy_drink,4.06,winter,normal
15,seg_01,2024-01-05,4,prod_008,ctx_059,0.5565464496612549,0.5565464496612549,tea,4.86,winter,normal
16,seg_01,2024-01-05,4,prod_003,ctx_005,0.5672619342803955,0.5672619342803955,water_enhanced,2.2,winter,normal
17,seg_00,2024-01-05,4,prod_026,ctx_099,0.5113674402236938,0.5113674402236938,water_enhanced,2.69,winter,normal
18,seg_00,2024-01-05,4,prod_034,ctx_010,0.6936112642288208,0.6936112642288208,coffee_drink,3.84,winter,normal
19,seg_01,2024-01-05,4,prod_039,ctx_063,0.5720223188400269,0.5720223188400269,water_enhanced,3.94,winter,normal
20,seg_04,2024-01-05,4,prod_032,ctx_061,0.6972473859786987,0.6972473859786987,sports_drink,4.47,winter,normal
21,seg_02,2024-01-05,4,prod_003,ctx_071,0.8071312308311462,0.8071312308311462,water_enhanced,2.2,winter,normal
22,seg_02,2024-01-05,4,prod_045,ctx_087,0.6113935708999634,0.6113935708999634,coffee_drink,3.31,winter,normal
23,seg_01,2024-01-05,4,prod_037,ctx_045,0.6456220149993896,0.6456220149993896,tea,4.48,winter,normal
24,seg_00,2024-01-05,4,prod_017,ctx_059,0.5482696294784546,0.5482696294784546,energy_drink,2.64,winter,normal
25,seg_01,2024-01-05,4,prod_045,ctx_038,0.5375596880912781,0.5375596880912781,coffee_drink,3.31,winter,normal
26,seg_00,2024-01-05,4,prod_025,ctx_035,0.6812095046043396,0.6812095046043396,tea,2.29,winter,normal
27,seg_04,2024-01-05,4,prod_045,ctx_002,0.7432319521903992,0.7432319521903992,coffee_drink,3.31,winter,normal
28,seg_00,2024-01-05,4,prod_045,ctx_005,0.5418253540992737,0.5418253540992737,coffee_drink,3.31,winter,normal
29,seg_04,2024-01-05,4,prod_017,ctx_045,0.7776282429695129,0.7776282429695129,energy_drink,2.64,winter,normal
30,seg_00,2024-01-05,4,prod_019,ctx_016,0.48528414964675903,0.48528414964675903,energy_drink,2.44,winter,normal
31,seg_02,2024-01-05,4,prod_001,ctx_017,0.6053808927536011,0.6053808927536011,juice,4.78,winter,normal
32,seg_02,2024-01-05,4,prod_000,ctx_044,0.6032536625862122,0.6032536625862122,water_enhanced,1.85,winter,normal
33,seg_01,2024-01-05,4,prod_037,ctx_010,0.5668944120407104,0.5668944120407104,tea,4.48,winter,normal
34,seg_00,2024-01-05,4,prod_048,ctx_052,0.5156798362731934,0.5156798362731934,energy_drink,4.06,winter,normal
35,seg_02,2024-01-05,4,prod_032,ctx_052,0.5088010430335999,0.5088010430335999,sports_drink,4.47,winter,normal
36,seg_02,2024-01-05,4,prod_048,ctx_053,0.8183692693710327,0.8183692693710327,energy_drink,4.06,winter,normal
37,seg_03,2024-01-05,4,prod_032,ctx_076,0.5729738473892212,0.5729738473892212,sports_drink,4.47,winter,normal
38,seg_04,2024-01-05,4,prod_009,ctx_005,0.590940535068512,0.590940535068512,coffee_drink,2.47,winter,normal
39,seg_00,2024-01-05,4,prod_039,ctx_025,0.5852742195129395,0.5852742195129395,water_enhanced,3.94,winter,normal
40,seg_03,2024-01-05,4,prod_004,ctx_096,0.7371612191200256,0.7371612191200256,water_enhanced,1.55,winter,normal
41,seg_02,2024-01-05,4,prod_004,ctx_053,0.6918233633041382,0.6918233633041382,water_enhanced,1.55,winter,normal
42,seg_01,2024-01-05,4,prod_025,ctx_017,0.6497487425804138,0.6497487425804138,tea,2.29,winter,normal
43,seg_04,2024-01-05,4,prod_017,ctx_094,0.6465713381767273,0.6465713381767273,energy_drink,2.64,winter,normal
44,seg_01,2024-01-05,4,prod_012,ctx_035,0.6624939441680908,0.6624939441680908,water_enhanced,3.83,winter,normal
45,seg_02,2024-01-05,4,prod_013,ctx_061,0.6174719333648682,0.6174719333648682,sports_drink,4.03,winter,normal
46,seg_03,2024-01-05,4,prod_025,ctx_061,0.5825532078742981,0.5825532078742981,tea,2.29,winter,normal
47,seg_02,2024-01-05,4,prod_032,ctx_085,0.6149721741676331,0.6149721741676331,sports_drink,4.47,winter,normal
48,seg_00,2024-01-05,4,prod_026,ctx_059,0.6068490743637085,0.6068490743637085,water_enhanced,2.69,winter,normal
49,seg_03,2024-01-05,4,prod_044,ctx_025,0.5217848420143127,0.5217848420143127,juice,1.8,winter,normal
0,seg_01,2024-01-06,5,prod_034,ctx_044,0.5789816379547119,0.5789816379547119,coffee_drink,3.84,winter,low
1,seg_04,2024-01-06,5,prod_030,ctx_090,0.5466940999031067,0.5466940999031067,sports_drink,1.86,winter,low
2,seg_04,2024-01-06,5,prod_030,ctx_017,0.6105737686157227,0.6105737686157227,sports_drink,1.86,winter,low
3,seg_00,2024-01-06,5,prod_039,ctx_014,0.7150773406028748,0.7150773406028748,water_enhanced,3.94,winter,low
4,seg_00,2024-01-06,5,prod_017,ctx_005,0.647152304649353,0.647152304649353,energy_drink,2.64,winter,low
5,seg_02,2024-01-06,5,prod_012,ctx_014,0.7255248427391052,0.7255248427391052,water_enhanced,3.83,winter,low
6,seg_00,2024-01-06,5,prod_013,ctx_071,0.5713097453117371,0.5713097453117371,sports_drink,4.03,winter,low
7,seg_00,2024-01-06,5,prod_037,ctx_059,0.7263912558555603,0.7263912558555603,tea,4.48,winter,low
8,seg_00,2024-01-06,5,prod_017,ctx_017,0.5770217776298523,0.5770217776298523,energy_drink,2.64,winter,low
9,seg_04,2024-01-06,5,prod_048,ctx_053,0.6870701909065247,0.6870701909065247,energy_drink,4.06,winter,low
10,seg_01,2024-01-06,5,prod_008,ctx_096,0.5591015219688416,0.5591015219688416,tea,4.86,winter,low
11,seg_01,2024-01-06,5,prod_037,ctx_035,0.7561048865318298,0.7561048865318298,tea,4.48,winter,low
12,seg_03,2024-01-06,5,prod_003,ctx_074,0.716329038143158,0.716329038143158,water_enhanced,2.2,winter,low
13,seg_03,2024-01-06,5,prod_045,ctx_001,0.49445679783821106,0.49445679783821106,coffee_drink,3.31,winter,low
14,seg_03,2024-01-06,5,prod_012,ctx_061,0.5949833393096924,0.5949833393096924,water_enhanced,3.83,winter,low
15,seg_01,2024-01-06,5,prod_003,ctx_048,0.6408270597457886,0.6408270597457886,water_enhanced,2.2,winter,low
16,seg_01,2024-01-06,5,prod_025,ctx_032,0.6755514144897461,0.6755514144897461,tea,2.29,winter,low
17,seg_00,2024-01-06,5,prod_030,ctx_090,0.5379528999328613,0.5379528999328613,sports_drink,1.86,winter,low
18,seg_00,2024-01-06,5,prod_019,ctx_016,0.5011416673660278,0.5011416673660278,energy_drink,2.44,winter,low
19,seg_01,2024-01-06,5,prod_032,ctx_062,0.6414833068847656,0.6414833068847656,sports_drink,4.47,winter,low
20,seg_04,2024-01-06,5,prod_008,ctx_071,0.5397130846977234,0.5397130846977234,tea,4.86,winter,low
21,seg_02,2024-01-06,5,prod_008,ctx_016,0.4875591993331909,0.4875591993331909,tea,4.86,winter,low
22,seg_02,2024-01-06,5,prod_026,ctx_069,0.5594958662986755,0.5594958662986755,water_enhanced,2.69,winter,low
23,seg_01,2024-01-06,5,prod_004,ctx_035,0.6688169240951538,0.6688169240951538,water_enhanced,1.55,winter,low
24,seg_00,2024-01-06,5,prod_004,ctx_094,0.670302152633667,0.670302152633667,water_enhanced,1.55,winter,low
25,seg_01,2024-01-06,5,prod_013,ctx_065,0.6054639220237732,0.6054639220237732,sports_drink,4.03,winter,low
26,seg_00,2024-01-06,5,prod_026,ctx_099,0.55906742811203,0.55906742811203,water_enhanced,2.69,winter,low
27,seg_04,2024-01-06,5,prod_012,ctx_061,0.578881561756134,0.578881561756134,water_enhanced,3.83,winter,low
28,seg_00,2024-01-06,5,prod_003,ctx_032,0.6262091994285583,0.6262091994285583,water_enhanced,2.2,winter,low
29,seg_04,2024-01-06,5,prod_039,ctx_035,0.7300959229469299,0.7300959229469299,water_enhanced,3.94,winter,low
30,seg_00,2024-01-06,5,prod_017,ctx_063,0.5823560953140259,0.5823560953140259,energy_drink,2.64,winter,low
31,seg_02,2024-01-06,5,prod_036,ctx_048,0.5990512371063232,0.5990512371063232,sports_drink,2.66,winter,low
32,seg_02,2024-01-06,5,prod_004,ctx_062,0.7009936571121216,0.7009936571121216,water_enhanced,1.55,winter,low
33,seg_01,2024-01-06,5,prod_017,ctx_001,0.48619937896728516,0.48619937896728516,energy_drink,2.64,winter,low
34,seg_00,2024-01-06,5,prod_030,ctx_059,0.7238765954971313,0.7238765954971313,sports_drink,1.86,winter,low
35,seg_02,2024-01-06,5,prod_037,ctx_059,0.5726926922798157,0.5726926922798157,tea,4.48,winter,low
36,seg_02,2024-01-06,5,prod_004,ctx_017,0.5905589461326599,0.5905589461326599,water_enhanced,1.55,winter,low
37,seg_03,2024-01-06,5,prod_026,ctx_027,0.6147670149803162,0.6147670149803162,water_enhanced,2.69,winter,low
38,seg_04,2024-01-06,5,prod_003,ctx_085,0.6684789061546326,0.6684789061546326,water_enhanced,2.2,winter,low
39,seg_00,2024-01-06,5,prod_019,ctx_085,0.7405128479003906,0.7405128479003906,energy_drink,2.44,winter,low
40,seg_03,2024-01-06,5,prod_032,ctx_045,0.7530791759490967,0.7530791759490967,sports_drink,4.47,winter,low
41,seg_02,2024-01-06,5,prod_013,ctx_065,0.5861799716949463,0.5861799716949463,sports_drink,4.03,winter,low
42,seg_01,2024-01-06,5,prod_039,ctx_074,0.6300496459007263,0.6300496459007263,water_enhanced,3.94,winter,low
43,seg_04,2024-01-06,5,prod_048,ctx_048,0.610653817653656,0.610653817653656,energy_drink,4.06,winter,low
44,seg_01,2024-01-06,5,prod_037,ctx_004,0.5234386324882507,0.5234386324882507,tea,4.48,winter,low
45,seg_02,2024-01-06,5,prod_048,ctx_063,0.5784249901771545,0.5784249901771545,energy_drink,4.06,winter,low
46,seg_03,2024-01-06,5,prod_004,ctx_053,0.7792650461196899,0.7792650461196899,water_enhanced,1.55,winter,low
47,seg_02,2024-01-06,5,prod_026,ctx_002,0.4816882312297821,0.4816882312297821,water_enhanced,2.69,winter,low
48,seg_00,2024-01-06,5,prod_003,ctx_012,0.7504937648773193,0.7504937648773193,water_enhanced,2.2,winter,low
49,seg_03,2024-01-06,5,prod_026,ctx_010,0.6237103343009949,0.6237103343009949,water_enhanced,2.69,winter,low
0,seg_01,2024-01-07,6,prod_017,ctx_035,0.7335895895957947,0.7335895895957947,energy_drink,2.64,winter,low
1,seg_04,2024-01-07,6,prod_003,ctx_010,0.5218147039413452,0.5218147039413452,water_enhanced,2.2,winter,low
2,seg_04,2024-01-07,6,prod_037,ctx_014,0.6536031365394592,0.6536031365394592,tea,4.48,winter,low
3,seg_00,2024-01-07,6,prod_013,ctx_059,0.7772895097732544,0.7772895097732544,sports_drink,4.03,winter,low
4,seg_00,2024-01-07,6,prod_039,ctx_017,0.6142542958259583,0.6142542958259583,water_enhanced,3.94,winter,low
5,seg_02,2024-01-07,6,prod_019,ctx_048,0.6190152764320374,0.6190152764320374,energy_drink,2.44,winter,low
6,seg_00,2024-01-07,6,prod_025,ctx_061,0.6790328025817871,0.6790328025817871,tea,2.29,winter,low
7,seg_00,2024-01-07,6,prod_039,ctx_027,0.6208738684654236,0.6208738684654236,water_enhanced,3.94,winter,low
8,seg_00,2024-01-07,6,prod_019,ctx_016,0.5003986358642578,0.5003986358642578,energy_drink,2.44,winter,low
9,seg_04,2024-01-07,6,prod_026,ctx_025,0.5672801733016968,0.5672801733016968,water_enhanced,2.69,winter,low
10,seg_01,2024-01-07,6,prod_017,ctx_085,0.6156485080718994,0.6156485080718994,energy_drink,2.64,winter,low
11,seg_01,2024-01-07,6,prod_019,ctx_096,0.637538731098175,0.637538731098175,energy_drink,2.44,winter,low
12,seg_03,2024-01-07,6,prod_045,ctx_096,0.5316364169120789,0.5316364169120789,coffee_drink,3.31,winter,low
13,seg_03,2024-01-07,6,prod_000,ctx_045,0.596578061580658,0.596578061580658,water_enhanced,1.85,winter,low
14,seg_03,2024-01-07,6,prod_004,ctx_087,0.6192347407341003,0.6192347407341003,water_enhanced,1.55,winter,low
15,seg_01,2024-01-07,6,prod_026,ctx_076,0.5117176175117493,0.5117176175117493,water_enhanced,2.69,winter,low
16,seg_01,2024-01-07,6,prod_030,ctx_094,0.5884404182434082,0.5884404182434082,sports_drink,1.86,winter,low
17,seg_00,2024-01-07,6,prod_012,ctx_057,0.5250033736228943,0.5250033736228943,water_enhanced,3.83,winter,low
18,seg_00,2024-01-07,6,prod_036,ctx_071,0.5694896578788757,0.5694896578788757,sports_drink,2.66,winter,low
19,seg_01,2024-01-07,6,prod_025,ctx_012,0.5755620002746582,0.5755620002746582,tea,2.29,winter,low
20,seg_04,2024-01-07,6,prod_032,ctx_061,0.6247456073760986,0.6247456073760986,sports_drink,4.47,winter,low
21,seg_02,2024-01-07,6,prod_017,ctx_013,0.5690322518348694,0.5690322518348694,energy_drink,2.64,winter,low
22,seg_02,2024-01-07,6,prod_039,ctx_052,0.7074823379516602,0.7074823379516602,water_enhanced,3.94,winter,low
23,seg_01,2024-01-07,6,prod_004,ctx_059,0.5066803097724915,0.5066803097724915,water_enhanced,1.55,winter,low
24,seg_00,2024-01-07,6,prod_008,ctx_048,0.7523013949394226,0.7523013949394226,tea,4.86,winter,low
25,seg_01,2024-01-07,6,prod_037,ctx_063,0.6380521059036255,0.6380521059036255,tea,4.48,winter,low
26,seg_00,2024-01-07,6,prod_025,ctx_010,0.5744209289550781,0.5744209289550781,tea,2.29,winter,low
27,seg_04,2024-01-07,6,prod_013,ctx_096,0.5685176849365234,0.5685176849365234,sports_drink,4.03,winter,low
28,seg_00,2024-01-07,6,prod_045,ctx_012,0.5851883888244629,0.5851883888244629,coffee_drink,3.31,winter,low
29,seg_04,2024-01-07,6,prod_017,ctx_090,0.863764762878418,0.863764762878418,energy_drink,2.64,winter,low
30,seg_00,2024-01-07,6,prod_012,ctx_065,0.5911344885826111,0.5911344885826111,water_enhanced,3.83,winter,low
31,seg_02,2024-01-07,6,prod_025,ctx_013,0.6726790070533752,0.6726790070533752,tea,2.29,winter,low
32,seg_02,2024-01-07,6,prod_041,ctx_025,0.5887250900268555,0.5887250900268555,sports_drink,4.29,winter,low
33,seg_01,2024-01-07,6,prod_045,ctx_048,0.5810361504554749,0.5810361504554749,coffee_drink,3.31,winter,low
34,seg_00,2024-01-07,6,prod_025,ctx_010,0.7178234457969666,0.7178234457969666,tea,2.29,winter,low
35,seg_02,2024-01-07,6,prod_039,ctx_016,0.4833028316497803,0.4833028316497803,water_enhanced,3.94,winter,low
36,seg_02,2024-01-07,6,prod_012,ctx_001,0.5084191560745239,0.5084191560745239,water_enhanced,3.83,winter,low
37,seg_03,2024-01-07,6,prod_004,ctx_076,0.48423969745635986,0.48423969745635986,water_enhanced,1.55,winter,low
38,seg_04,2024-01-07,6,prod_006,ctx_001,0.5100255608558655,0.5100255608558655,water_enhanced,4.14,winter,low
39,seg_00,2024-01-07,6,prod_032,ctx_099,0.5353443026542664,0.5353443026542664,sports_drink,4.47,winter,low
40,seg_03,2024-01-07,6,prod_030,ctx_059,0.5985156893730164,0.5985156893730164,sports_drink,1.86,winter,low
41,seg_02,2024-01-07,6,prod_045,ctx_069,0.5220237374305725,0.5220237374305725,coffee_drink,3.31,winter,low
42,seg_01,2024-01-07,6,prod_048,ctx_004,0.8226764798164368,0.8226764798164368,energy_drink,4.06,winter,low
43,seg_04,2024-01-07,6,prod_013,ctx_074,0.5912383794784546,0.5912383794784546,sports_drink,4.03,winter,low
44,seg_01,2024-01-07,6,prod_045,ctx_038,0.5729650259017944,0.5729650259017944,coffee_drink,3.31,winter,low
45,seg_02,2024-01-07,6,prod_048,ctx_061,0.6385461688041687,0.6385461688041687,energy_drink,4.06,winter,low
46,seg_03,2024-01-07,6,prod_017,ctx_090,0.5283034443855286,0.5283034443855286,energy_drink,2.64,winter,low
47,seg_02,2024-01-07,6,prod_019,ctx_059,0.5335936546325684,0.5335936546325684,energy_drink,2.44,winter,low
48,seg_00,2024-01-07,6,prod_003,ctx_053,0.5319499373435974,0.5319499373435974,water_enhanced,2.2,winter,low
49,seg_03,2024-01-07,6,prod_030,ctx_016,0.5154796838760376,0.5154796838760376,sports_drink,1.86,winter,low
0,seg_01,2024-01-08,7,prod_032,ctx_087,0.6162359714508057,0.6162359714508057,sports_drink,4.345263509670842,winter,low
1,seg_04,2024-01-08,7,prod_030,ctx_061,0.6003844738006592,0.6003844738006592,sports_drink,1.8248998090247754,winter,low
2,seg_04,2024-01-08,7,prod_048,ctx_069,0.743142306804657,0.743142306804657,energy_drink,3.966998106769277,winter,low
3,seg_00,2024-01-08,7,prod_025,ctx_001,0.6311168074607849,0.6311168074607849,tea,2.3147754498104662,winter,low
4,seg_00,2024-01-08,7,prod_025,ctx_027,0.6257109045982361,0.6257109045982361,tea,2.3147754498104662,winter,low
5,seg_02,2024-01-08,7,prod_048,ctx_099,0.5653305649757385,0.5653305649757385,energy_drink,3.966998106769277,winter,low
6,seg_00,2024-01-08,7,prod_033,ctx_048,0.618751585483551,0.618751585483551,energy_drink,5.041821438072571,winter,low
7,seg_00,2024-01-08,7,prod_003,ctx_002,0.5127533674240112,0.5127533674240112,water_enhanced,2.168830126177715,winter,low
8,seg_00,2024-01-08,7,prod_039,ctx_001,0.5436457991600037,0.5436457991600037,water_enhanced,3.894881318085129,winter,low
9,seg_04,2024-01-08,7,prod_030,ctx_066,0.6864190697669983,0.6864190697669983,sports_drink,1.8248998090247754,winter,low
10,seg_01,2024-01-08,7,prod_013,ctx_057,0.5972593426704407,0.5972593426704407,sports_drink,4.074467852259146,winter,low
11,seg_01,2024-01-08,7,prod_030,ctx_090,0.6254199147224426,0.6254199147224426,sports_drink,1.8248998090247754,winter,low
12,seg_03,2024-01-08,7,prod_039,ctx_027,0.6902797818183899,0.6902797818183899,water_enhanced,3.894881318085129,winter,low
13,seg_03,2024-01-08,7,prod_048,ctx_005,0.6765201091766357,0.6765201091766357,energy_drink,3.966998106769277,winter,low
14,seg_03,2024-01-08,7,prod_003,ctx_035,0.7500289678573608,0.7500289678573608,water_enhanced,2.168830126177715,winter,low
15,seg_01,2024-01-08,7,prod_032,ctx_087,0.6106230616569519,0.6106230616569519,sports_drink,4.345263509670842,winter,low
16,seg_01,2024-01-08,7,prod_017,ctx_027,0.774733304977417,0.774733304977417,energy_drink,2.667474544311857,winter,low
17,seg_00,2024-01-08,7,prod_017,ctx_001,0.6356130838394165,0.6356130838394165,energy_drink,2.667474544311857,winter,low
18,seg_00,2024-01-08,7,prod_034,ctx_066,0.5263234376907349,0.5263234376907349,coffee_drink,3.848620949567445,winter,low
19,seg_01,2024-01-08,7,prod_037,ctx_094,0.5562853217124939,0.5562853217124939,tea,4.58873345552485,winter,low
20,seg_04,2024-01-08,7,prod_039,ctx_065,0.575562596321106,0.575562596321106,water_enhanced,3.894881318085129,winter,low
21,seg_02,2024-01-08,7,prod_012,ctx_069,0.5371044874191284,0.5371044874191284,water_enhanced,3.8537931655292597,winter,low
22,seg_02,2024-01-08,7,prod_045,ctx_090,0.7861942052841187,0.7861942052841187,coffee_drink,3.211054161482858,winter,low
23,seg_01,2024-01-08,7,prod_017,ctx_061,0.710418164730072,0.710418164730072,energy_drink,2.667474544311857,winter,low
24,seg_00,2024-01-08,7,prod_034,ctx_099,0.5838648676872253,0.5838648676872253,coffee_drink,3.848620949567445,winter,low
25,seg_01,2024-01-08,7,prod_004,ctx_069,0.545586884021759,0.545586884021759,water_enhanced,1.5393477188293476,winter,low
26,seg_00,2024-01-08,7,prod_048,ctx_096,0.5458393096923828,0.5458393096923828,energy_drink,3.966998106769277,winter,low
27,seg_04,2024-01-08,7,prod_003,ctx_052,0.5495785474777222,0.5495785474777222,water_enhanced,2.168830126177715,winter,low
28,seg_00,2024-01-08,7,prod_013,ctx_005,0.6021750569343567,0.6021750569343567,sports_drink,4.074467852259146,winter,low
29,seg_04,2024-01-08,7,prod_039,ctx_071,0.49105337262153625,0.49105337262153625,water_enhanced,3.894881318085129,winter,low
30,seg_00,2024-01-08,7,prod_036,ctx_083,0.6021307706832886,0.6021307706832886,sports_drink,2.6795120773428827,winter,low
31,seg_02,2024-01-08,7,prod_026,ctx_090,0.5548468828201294,0.5548468828201294,water_enhanced,2.6009300072242048,winter,low
32,seg_02,2024-01-08,7,prod_017,ctx_010,0.6208307147026062,0.6208307147026062,energy_drink,2.667474544311857,winter,low
33,seg_01,2024-01-08,7,prod_045,ctx_065,0.593503475189209,0.593503475189209,coffee_drink,3.211054161482858,winter,low
34,seg_00,2024-01-08,7,prod_019,ctx_071,0.5561302900314331,0.5561302900314331,energy_drink,2.4110353704390515,winter,low
35,seg_02,2024-01-08,7,prod_019,ctx_038,0.6091182231903076,0.6091182231903076,energy_drink,2.4110353704390515,winter,low
36,seg_02,2024-01-08,7,prod_008,ctx_010,0.5790994167327881,0.5790994167327881,tea,4.731054395960413,winter,low
37,seg_03,2024-01-08,7,prod_017,ctx_066,0.5342194437980652,0.5342194437980652,energy_drink,2.667474544311857,winter,low
38,seg_04,2024-01-08,7,prod_037,ctx_045,0.5789264440536499,0.5789264440536499,tea,4.58873345552485,winter,low
39,seg_00,2024-01-08,7,prod_017,ctx_065,0.5685423612594604,0.5685423612594604,energy_drink,2.667474544311857,winter,low
40,seg_03,2024-01-08,7,prod_001,ctx_025,0.5210286378860474,0.5210286378860474,juice,4.797990820307973,winter,low
41,seg_02,2024-01-08,7,prod_013,ctx_066,0.534281313419342,0.534281313419342,sports_drink,4.074467852259146,winter,low
42,seg_01,2024-01-08,7,prod_019,ctx_052,0.6342226266860962,0.6342226266860962,energy_drink,2.4110353704390515,winter,low
43,seg_04,2024-01-08,7,prod_019,ctx_013,0.5653399229049683,0.5653399229049683,energy_drink,2.4110353704390515,winter,low
44,seg_01,2024-01-08,7,prod_037,ctx_076,0.4826418161392212,0.4826418161392212,tea,4.58873345552485,winter,low
45,seg_02,2024-01-08,7,prod_004,ctx_013,0.5622108578681946,0.5622108578681946,water_enhanced,1.5393477188293476,winter,low
46,seg_03,2024-01-08,7,prod_003,ctx_096,0.5220388770103455,0.5220388770103455,water_enhanced,2.168830126177715,winter,low
47,seg_02,2024-01-08,7,prod_017,ctx_004,0.5170737504959106,0.5170737504959106,energy_drink,2.667474544311857,winter,low
48,seg_00,2024-01-08,7,prod_037,ctx_057,0.5610439777374268,0.5610439777374268,tea,4.58873345552485,winter,low
49,seg_03,2024-01-08,7,prod_025,ctx_052,0.5699949264526367,0.5699949264526367,tea,2.3147754498104662,winter,low
0,seg_01,2024-01-09,8,prod_037,ctx_074,0.6942356824874878,0.6942356824874878,tea,4.58873345552485,winter,low
1,seg_04,2024-01-09,8,prod_017,ctx_061,0.6638649702072144,0.6638649702072144,energy_drink,2.667474544311857,winter,low
2,seg_04,2024-01-09,8,prod_037,ctx_094,0.6594454646110535,0.6594454646110535,tea,4.58873345552485,winter,low
3,seg_00,2024-01-09,8,prod_004,ctx_004,0.5424972176551819,0.5424972176551819,water_enhanced,1.5393477188293476,winter,low
4,seg_00,2024-01-09,8,prod_045,ctx_099,0.6049618721008301,0.6049618721008301,coffee_drink,3.211054161482858,winter,low
5,seg_02,2024-01-09,8,prod_030,ctx_074,0.604158878326416,0.604158878326416,sports_drink,1.8248998090247754,winter,low
6,seg_00,2024-01-09,8,prod_019,ctx_025,0.5591908097267151,0.5591908097267151,energy_drink,2.4110353704390515,winter,low
7,seg_00,2024-01-09,8,prod_048,ctx_002,0.46903496980667114,0.46903496980667114,energy_drink,3.966998106769277,winter,low
8,seg_00,2024-01-09,8,prod_039,ctx_016,0.44323787093162537,0.44323787093162537,water_enhanced,3.894881318085129,winter,low
9,seg_04,2024-01-09,8,prod_025,ctx_048,0.5679338574409485,0.5679338574409485,tea,2.3147754498104662,winter,low
10,seg_01,2024-01-09,8,prod_037,ctx_017,0.5565197467803955,0.5565197467803955,tea,4.58873345552485,winter,low
11,seg_01,2024-01-09,8,prod_017,ctx_012,0.5714714527130127,0.5714714527130127,energy_drink,2.667474544311857,winter,low
12,seg_03,2024-01-09,8,prod_026,ctx_099,0.5314677357673645,0.5314677357673645,water_enhanced,2.6009300072242048,winter,low
13,seg_03,2024-01-09,8,prod_037,ctx_053,0.7482380867004395,0.7482380867004395,tea,4.58873345552485,winter,low
14,seg_03,2024-01-09,8,prod_025,ctx_076,0.47592222690582275,0.47592222690582275,tea,2.3147754498104662,winter,low
15,seg_01,2024-01-09,8,prod_045,ctx_094,0.6504392027854919,0.6504392027854919,coffee_drink,3.211054161482858,winter,low
16,seg_01,2024-01-09,8,prod_039,ctx_001,0.5271701812744141,0.5271701812744141,water_enhanced,3.894881318085129,winter,low
17,seg_00,2024-01-09,8,prod_032,ctx_076,0.5837571024894714,0.5837571024894714,sports_drink,4.345263509670842,winter,low
18,seg_00,2024-01-09,8,prod_016,ctx_063,0.5820778608322144,0.5820778608322144,coffee_drink,4.2963348889260295,winter,low
19,seg_01,2024-01-09,8,prod_017,ctx_087,0.739081859588623,0.739081859588623,energy_drink,2.667474544311857,winter,low
20,seg_04,2024-01-09,8,prod_030,ctx_002,0.5452376008033752,0.5452376008033752,sports_drink,1.8248998090247754,winter,low
21,seg_02,2024-01-09,8,prod_017,ctx_059,0.5490158200263977,0.5490158200263977,energy_drink,2.667474544311857,winter,low
22,seg_02,2024-01-09,8,prod_025,ctx_099,0.5407360196113586,0.5407360196113586,tea,2.3147754498104662,winter,low
23,seg_01,2024-01-09,8,prod_030,ctx_062,0.5783136487007141,0.5783136487007141,sports_drink,1.8248998090247754,winter,low
24,seg_00,2024-01-09,8,prod_030,ctx_032,0.5313645005226135,0.5313645005226135,sports_drink,1.8248998090247754,winter,low
25,seg_01,2024-01-09,8,prod_026,ctx_061,0.6171765327453613,0.6171765327453613,water_enhanced,2.6009300072242048,winter,low
26,seg_00,2024-01-09,8,prod_003,ctx_016,0.6756031513214111,0.6756031513214111,water_enhanced,2.168830126177715,winter,low
27,seg_04,2024-01-09,8,prod_048,ctx_001,0.550671398639679,0.550671398639679,energy_drink,3.966998106769277,winter,low
28,seg_00,2024-01-09,8,prod_000,ctx_002,0.6228304505348206,0.6228304505348206,water_enhanced,1.8226854280684244,winter,low
29,seg_04,2024-01-09,8,prod_025,ctx_005,0.8248995542526245,0.8248995542526245,tea,2.3147754498104662,winter,low
30,seg_00,2024-01-09,8,prod_019,ctx_063,0.5723158121109009,0.5723158121109009,energy_drink,2.4110353704390515,winter,low
31,seg_02,2024-01-09,8,prod_045,ctx_001,0.4743388593196869,0.4743388593196869,coffee_drink,3.211054161482858,winter,low
32,seg_02,2024-01-09,8,prod_025,ctx_014,0.5741526484489441,0.5741526484489441,tea,2.3147754498104662,winter,low
33,seg_01,2024-01-09,8,prod_019,ctx_062,0.7039960026741028,0.7039960026741028,energy_drink,2.4110353704390515,winter,low
34,seg_00,2024-01-09,8,prod_017,ctx_012,0.7148638367652893,0.7148638367652893,energy_drink,2.667474544311857,winter,low
35,seg_02,2024-01-09,8,prod_008,ctx_005,0.671427845954895,0.671427845954895,tea,4.731054395960413,winter,low
36,seg_02,2024-01-09,8,prod_004,ctx_059,0.5471839308738708,0.5471839308738708,water_enhanced,1.5393477188293476,winter,low
37,seg_03,2024-01-09,8,prod_025,ctx_085,0.5945087671279907,0.5945087671279907,tea,2.3147754498104662,winter,low
38,seg_04,2024-01-09,8,prod_026,ctx_069,0.7476280331611633,0.7476280331611633,water_enhanced,2.6009300072242048,winter,low
39,seg_00,2024-01-09,8,prod_026,ctx_094,0.5462669730186462,0.5462669730186462,water_enhanced,2.6009300072242048,winter,low
40,seg_03,2024-01-09,8,prod_046,ctx_001,0.530117928981781,0.530117928981781,tea,2.1833566865520675,winter,low
41,seg_02,2024-01-09,8,prod_048,ctx_062,0.5715063214302063,0.5715063214302063,energy_drink,3.966998106769277,winter,low
42,seg_01,2024-01-09,8,prod_003,ctx_016,0.47134605050086975,0.47134605050086975,water_enhanced,2.168830126177715,winter,low
43,seg_04,2024-01-09,8,prod_013,ctx_094,0.5318660736083984,0.5318660736083984,sports_drink,4.074467852259146,winter,low
44,seg_01,2024-01-09,8,prod_045,ctx_065,0.590476930141449,0.590476930141449,coffee_drink,3.211054161482858,winter,low
45,seg_02,2024-01-09,8,prod_008,ctx_094,0.5596039891242981,0.5596039891242981,tea,4.731054395960413,winter,low
46,seg_03,2024-01-09,8,prod_036,ctx_096,0.7450717687606812,0.7450717687606812,sports_drink,2.6795120773428827,winter,low
47,seg_02,2024-01-09,8,prod_004,ctx_045,0.6426653265953064,0.6426653265953064,water_enhanced,1.5393477188293476,winter,low
48,seg_00,2024-01-09,8,prod_013,ctx_074,0.7385020852088928,0.7385020852088928,sports_drink,4.074467852259146,winter,low
49,seg_03,2024-01-09,8,prod_045,ctx_027,0.7461209893226624,0.7461209893226624,coffee_drink,3.211054161482858,winter,low
0,seg_01,2024-01-10,9,prod_017,ctx_099,0.5465492010116577,0.5465492010116577,energy_drink,2.667474544311857,winter,low
1,seg_04,2024-01-10,9,prod_032,ctx_096,0.6444072723388672,0.6444072723388672,sports_drink,4.345263509670842,winter,low
2,seg_04,2024-01-10,9,prod_045,ctx_013,0.6550335884094238,0.6550335884094238,coffee_drink,3.211054161482858,winter,low
3,seg_00,2024-01-10,9,prod_008,ctx_069,0.514812171459198,0.514812171459198,tea,4.731054395960413,winter,low
4,seg_00,2024-01-10,9,prod_032,ctx_065,0.6181806921958923,0.6181806921958923,sports_drink,4.345263509670842,winter,low
5,seg_02,2024-01-10,9,prod_004,ctx_017,0.5836101174354553,0.5836101174354553,water_enhanced,1.5393477188293476,winter,low
6,seg_00,2024-01-10,9,prod_039,ctx_035,0.7306365966796875,0.7306365966796875,water_enhanced,3.894881318085129,winter,low
7,seg_00,2024-01-10,9,prod_037,ctx_004,0.5441606640815735,0.5441606640815735,tea,4.58873345552485,winter,low
8,seg_00,2024-01-10,9,prod_006,ctx_076,0.6388000249862671,0.6388000249862671,water_enhanced,4.087683121485977,winter,low
9,seg_04,2024-01-10,9,prod_026,ctx_010,0.6402661800384521,0.6402661800384521,water_enhanced,2.6009300072242048,winter,low
10,seg_01,2024-01-10,9,prod_039,ctx_010,0.7130212187767029,0.7130212187767029,water_enhanced,3.894881318085129,winter,low
11,seg_01,2024-01-10,9,prod_017,ctx_027,0.6070390939712524,0.6070390939712524,energy_drink,2.667474544311857,winter,low
12,seg_03,2024-01-10,9,prod_039,ctx_052,0.4889054298400879,0.4889054298400879,water_enhanced,3.894881318085129,winter,low
13,seg_03,2024-01-10,9,prod_003,ctx_071,0.5174394845962524,0.5174394845962524,water_enhanced,2.168830126177715,winter,low
14,seg_03,2024-01-10,9,prod_019,ctx_066,0.5738645195960999,0.5738645195960999,energy_drink,2.4110353704390515,winter,low
15,seg_01,2024-01-10,9,prod_016,ctx_087,0.6968173384666443,0.6968173384666443,coffee_drink,4.2963348889260295,winter,low
16,seg_01,2024-01-10,9,prod_012,ctx_014,0.5360243916511536,0.5360243916511536,water_enhanced,3.8537931655292597,winter,low
17,seg_00,2024-01-10,9,prod_017,ctx_052,0.5998727679252625,0.5998727679252625,energy_drink,2.667474544311857,winter,low
18,seg_00,2024-01-10,9,prod_004,ctx_066,0.5555956959724426,0.5555956959724426,water_enhanced,1.5393477188293476,winter,low
19,seg_01,2024-01-10,9,prod_008,ctx_010,0.6419103741645813,0.6419103741645813,tea,4.731054395960413,winter,low
20,seg_04,2024-01-10,9,prod_025,ctx_002,0.4677407145500183,0.4677407145500183,tea,2.3147754498104662,winter,low
21,seg_02,2024-01-10,9,prod_048,ctx_063,0.6010249257087708,0.6010249257087708,energy_drink,3.966998106769277,winter,low
22,seg_02,2024-01-10,9,prod_025,ctx_010,0.5824487209320068,0.5824487209320068,tea,2.3147754498104662,winter,low
23,seg_01,2024-01-10,9,prod_032,ctx_069,0.5893557071685791,0.5893557071685791,sports_drink,4.345263509670842,winter,low
24,seg_00,2024-01-10,9,prod_024,ctx_035,0.578985869884491,0.578985869884491,coffee_drink,2.560065036681424,winter,low
25,seg_01,2024-01-10,9,prod_030,ctx_032,0.4836199879646301,0.4836199879646301,sports_drink,1.8248998090247754,winter,low
26,seg_00,2024-01-10,9,prod_039,ctx_012,0.5856899619102478,0.5856899619102478,water_enhanced,3.894881318085129,winter,low
27,seg_04,2024-01-10,9,prod_004,ctx_016,0.47739285230636597,0.47739285230636597,water_enhanced,1.5393477188293476,winter,low
28,seg_00,2024-01-10,9,prod_004,ctx_032,0.48342427611351013,0.48342427611351013,water_enhanced,1.5393477188293476,winter,low
29,seg_04,2024-01-10,9,prod_017,ctx_013,0.6023688316345215,0.6023688316345215,energy_drink,2.667474544311857,winter,low
30,seg_00,2024-01-10,9,prod_045,ctx_085,0.553594172000885,0.553594172000885,coffee_drink,3.211054161482858,winter,low
31,seg_02,2024-01-10,9,prod_013,ctx_048,0.5972873568534851,0.5972873568534851,sports_drink,4.074467852259146,winter,low
32,seg_02,2024-01-10,9,prod_026,ctx_005,0.7745824456214905,0.7745824456214905,water_enhanced,2.6009300072242048,winter,low
33,seg_01,2024-01-10,9,prod_012,ctx_032,0.4745168685913086,0.4745168685913086,water_enhanced,3.8537931655292597,winter,low
34,seg_00,2024-01-10,9,prod_030,ctx_048,0.6226295232772827,0.6226295232772827,sports_drink,1.8248998090247754,winter,low
35,seg_02,2024-01-10,9,prod_032,ctx_069,0.536679744720459,0.536679744720459,sports_drink,4.345263509670842,winter,low
36,seg_02,2024-01-10,9,prod_008,ctx_085,0.7402822971343994,0.7402822971343994,tea,4.731054395960413,winter,low
37,seg_03,2024-01-10,9,prod_013,ctx_083,0.6051062345504761,0.6051062345504761,sports_drink,4.074467852259146,winter,low
38,seg_04,2024-01-10,9,prod_037,ctx_085,0.5706530809402466,0.5706530809402466,tea,4.58873345552485,winter,low
39,seg_00,2024-01-10,9,prod_019,ctx_045,0.8976629972457886,0.8976629972457886,energy_drink,2.4110353704390515,winter,low
40,seg_03,2024-01-10,9,prod_003,ctx_013,0.5687931776046753,0.5687931776046753,water_enhanced,2.168830126177715,winter,low
41,seg_02,2024-01-10,9,prod_030,ctx_013,0.6041080951690674,0.6041080951690674,sports_drink,1.8248998090247754,winter,low
42,seg_01,2024-01-10,9,prod_019,ctx_076,0.48172521591186523,0.48172521591186523,energy_drink,2.4110353704390515,winter,low
43,seg_04,2024-01-10,9,prod_048,ctx_045,0.8712744116783142,0.8712744116783142,energy_drink,3.966998106769277,winter,low
44,seg_01,2024-01-10,9,prod_017,ctx_057,0.6497042775154114,0.6497042775154114,energy_drink,2.667474544311857,winter,low
45,seg_02,2024-01-10,9,prod_004,ctx_063,0.7050431370735168,0.7050431370735168,water_enhanced,1.5393477188293476,winter,low
46,seg_03,2024-01-10,9,prod_013,ctx_014,0.6228312253952026,0.6228312253952026,sports_drink,4.074467852259146,winter,low
47,seg_02,2024-01-10,9,prod_039,ctx_005,0.7877612709999084,0.7877612709999084,water_enhanced,3.894881318085129,winter,low
48,seg_00,2024-01-10,9,prod_032,ctx_038,0.5910046100616455,0.5910046100616455,sports_drink,4.345263509670842,winter,low
49,seg_03,2024-01-10,9,prod_037,ctx_044,0.6219590306282043,0.6219590306282043,tea,4.58873345552485,winter,low
0,seg_01,2024-01-11,10,prod_045,ctx_044,0.5866526365280151,0.5866526365280151,coffee_drink,3.211054161482858,winter,low
1,seg_04,2024-01-11,10,prod_025,ctx_059,0.6335127949714661,0.6335127949714661,tea,2.3147754498104662,winter,low
2,seg_04,2024-01-11,10,prod_030,ctx_017,0.6066485047340393,0.6066485047340393,sports_drink,1.8248998090247754,winter,low
3,seg_00,2024-01-11,10,prod_004,ctx_052,0.543807327747345,0.543807327747345,water_enhanced,1.5393477188293476,winter,low
4,seg_00,2024-01-11,10,prod_048,ctx_045,0.6178897023200989,0.6178897023200989,energy_drink,3.966998106769277,winter,low
5,seg_02,2024-01-11,10,prod_039,ctx_017,0.5784122347831726,0.5784122347831726,water_enhanced,3.894881318085129,winter,low
6,seg_00,2024-01-11,10,prod_047,ctx_027,0.8578314781188965,0.8578314781188965,tea,3.390785015566016,winter,low
7,seg_00,2024-01-11,10,prod_017,ctx_083,0.622094452381134,0.622094452381134,energy_drink,2.667474544311857,winter,low
8,seg_00,2024-01-11,10,prod_008,ctx_061,0.5869958996772766,0.5869958996772766,tea,4.731054395960413,winter,low
9,seg_04,2024-01-11,10,prod_032,ctx_013,0.5950348377227783,0.5950348377227783,sports_drink,4.345263509670842,winter,low
10,seg_01,2024-01-11,10,prod_003,ctx_044,0.5057071447372437,0.5057071447372437,water_enhanced,2.168830126177715,winter,low
11,seg_01,2024-01-11,10,prod_003,ctx_002,0.4734728932380676,0.4734728932380676,water_enhanced,2.168830126177715,winter,low
12,seg_03,2024-01-11,10,prod_003,ctx_061,0.7496345043182373,0.7496345043182373,water_enhanced,2.168830126177715,winter,low
13,seg_03,2024-01-11,10,prod_039,ctx_012,0.7688559889793396,0.7688559889793396,water_enhanced,3.894881318085129,winter,low
14,seg_03,2024-01-11,10,prod_026,ctx_087,0.6039597988128662,0.6039597988128662,water_enhanced,2.6009300072242048,winter,low
15,seg_01,2024-01-11,10,prod_025,ctx_087,0.6755494475364685,0.6755494475364685,tea,2.3147754498104662,winter,low
16,seg_01,2024-01-11,10,prod_017,ctx_062,0.747471272945404,0.747471272945404,energy_drink,2.667474544311857,winter,low
17,seg_00,2024-01-11,10,prod_003,ctx_052,0.5500361919403076,0.5500361919403076,water_enhanced,2.168830126177715,winter,low
18,seg_00,2024-01-11,10,prod_013,ctx_005,0.6044834852218628,0.6044834852218628,sports_drink,4.074467852259146,winter,low
19,seg_01,2024-01-11,10,prod_012,ctx_032,0.4731489419937134,0.4731489419937134,water_enhanced,3.8537931655292597,winter,low
20,seg_04,2024-01-11,10,prod_017,ctx_069,0.5258488655090332,0.5258488655090332,energy_drink,2.667474544311857,winter,low
21,seg_02,2024-01-11,10,prod_045,ctx_071,0.5634114146232605,0.5634114146232605,coffee_drink,3.211054161482858,winter,low
22,seg_02,2024-01-11,10,prod_004,ctx_071,0.5171332955360413,0.5171332955360413,water_enhanced,1.5393477188293476,winter,low
23,seg_01,2024-01-11,10,prod_030,ctx_071,0.6200593709945679,0.6200593709945679,sports_drink,1.8248998090247754,winter,low
24,seg_00,2024-01-11,10,prod_004,ctx_045,0.7447694540023804,0.7447694540023804,water_enhanced,1.5393477188293476,winter,low
25,seg_01,2024-01-11,10,prod_030,ctx_012,0.6043345928192139,0.6043345928192139,sports_drink,1.8248998090247754,winter,low
26,seg_00,2024-01-11,10,prod_025,ctx_027,0.5580158233642578,0.5580158233642578,tea,2.3147754498104662,winter,low
27,seg_04,2024-01-11,10,prod_003,ctx_071,0.5076093673706055,0.5076093673706055,water_enhanced,2.168830126177715,winter,low
28,seg_00,2024-01-11,10,prod_003,ctx_074,0.531670868396759,0.531670868396759,water_enhanced,2.168830126177715,winter,low
29,seg_04,2024-01-11,10,prod_013,ctx_045,0.6139758825302124,0.6139758825302124,sports_drink,4.074467852259146,winter,low
30,seg_00,2024-01-11,10,prod_025,ctx_004,0.6011685729026794,0.6011685729026794,tea,2.3147754498104662,winter,low
31,seg_02,2024-01-11,10,prod_008,ctx_014,0.5902953147888184,0.5902953147888184,tea,4.731054395960413,winter,low
32,seg_02,2024-01-11,10,prod_012,ctx_059,0.5560277104377747,0.5560277104377747,water_enhanced,3.8537931655292597,winter,low
33,seg_01,2024-01-11,10,prod_032,ctx_087,0.6086390018463135,0.6086390018463135,sports_drink,4.345263509670842,winter,low
34,seg_00,2024-01-11,10,prod_026,ctx_014,0.5736932158470154,0.5736932158470154,water_enhanced,2.6009300072242048,winter,low
35,seg_02,2024-01-11,10,prod_006,ctx_076,0.4996962547302246,0.4996962547302246,water_enhanced,4.087683121485977,winter,low
36,seg_02,2024-01-11,10,prod_019,ctx_096,0.5536881685256958,0.5536881685256958,energy_drink,2.4110353704390515,winter,low
37,seg_03,2024-01-11,10,prod_008,ctx_017,0.5707156658172607,0.5707156658172607,tea,4.731054395960413,winter,low
38,seg_04,2024-01-11,10,prod_032,ctx_069,0.5588947534561157,0.5588947534561157,sports_drink,4.345263509670842,winter,low
39,seg_00,2024-01-11,10,prod_004,ctx_014,0.6443663835525513,0.6443663835525513,water_enhanced,1.5393477188293476,winter,low
40,seg_03,2024-01-11,10,prod_013,ctx_094,0.5167155861854553,0.5167155861854553,sports_drink,4.074467852259146,winter,low
41,seg_02,2024-01-11,10,prod_012,ctx_074,0.526947557926178,0.526947557926178,water_enhanced,3.8537931655292597,winter,low
42,seg_01,2024-01-11,10,prod_032,ctx_027,0.6185085773468018,0.6185085773468018,sports_drink,4.345263509670842,winter,low
43,seg_04,2024-01-11,10,prod_008,ctx_045,0.6621302366256714,0.6621302366256714,tea,4.731054395960413,winter,low
44,seg_01,2024-01-11,10,prod_004,ctx_087,0.6253713965415955,0.6253713965415955,water_enhanced,1.5393477188293476,winter,low
45,seg_02,2024-01-11,10,prod_017,ctx_062,0.6381585597991943,0.6381585597991943,energy_drink,2.667474544311857,winter,low
46,seg_03,2024-01-11,10,prod_048,ctx_032,0.5173693299293518,0.5173693299293518,energy_drink,3.966998106769277,winter,low
47,seg_02,2024-01-11,10,prod_030,ctx_062,0.8589087724685669,0.8589087724685669,sports_drink,1.8248998090247754,winter,low
48,seg_00,2024-01-11,10,prod_008,ctx_032,0.47991862893104553,0.47991862893104553,tea,4.731054395960413,winter,low
49,seg_03,2024-01-11,10,prod_017,ctx_005,0.7261646389961243,0.7261646389961243,energy_drink,2.667474544311857,winter,low
0,seg_01,2024-01-12,11,prod_019,ctx_099,0.6738778352737427,0.6738778352737427,energy_drink,2.4110353704390515,winter,low
1,seg_04,2024-01-12,11,prod_030,ctx_061,0.6231630444526672,0.6231630444526672,sports_drink,1.8248998090247754,winter,low
2,seg_04,2024-01-12,11,prod_039,ctx_059,0.633237361907959,0.633237361907959,water_enhanced,3.894881318085129,winter,low
3,seg_00,2024-01-12,11,prod_048,ctx_059,0.5464516878128052,0.5464516878128052,energy_drink,3.966998106769277,winter,low
4,seg_00,2024-01-12,11,prod_039,ctx_053,0.7271713018417358,0.7271713018417358,water_enhanced,3.894881318085129,winter,low
5,seg_02,2024-01-12,11,prod_003,ctx_045,0.6087627410888672,0.6087627410888672,water_enhanced,2.168830126177715,winter,low
6,seg_00,2024-01-12,11,prod_026,ctx_087,0.6370355486869812,0.6370355486869812,water_enhanced,2.6009300072242048,winter,low
7,seg_00,2024-01-12,11,prod_019,ctx_074,0.6818735599517822,0.6818735599517822,energy_drink,2.4110353704390515,winter,low
8,seg_00,2024-01-12,11,prod_012,ctx_052,0.5247579216957092,0.5247579216957092,water_enhanced,3.8537931655292597,winter,low
9,seg_04,2024-01-12,11,prod_026,ctx_004,0.5296369791030884,0.5296369791030884,water_enhanced,2.6009300072242048,winter,low
10,seg_01,2024-01-12,11,prod_017,ctx_090,0.7090027928352356,0.7090027928352356,energy_drink,2.667474544311857,winter,low
11,seg_01,2024-01-12,11,prod_037,ctx_087,0.6627185344696045,0.6627185344696045,tea,4.58873345552485,winter,low
12,seg_03,2024-01-12,11,prod_013,ctx_057,0.6258478760719299,0.6258478760719299,sports_drink,4.074467852259146,winter,low
13,seg_03,2024-01-12,11,prod_030,ctx_001,0.49439331889152527,0.49439331889152527,sports_drink,1.8248998090247754,winter,low
14,seg_03,2024-01-12,11,prod_012,ctx_065,0.5047696232795715,0.5047696232795715,water_enhanced,3.8537931655292597,winter,low
15,seg_01,2024-01-12,11,prod_009,ctx_062,0.6217588782310486,0.6217588782310486,coffee_drink,2.3727727997119126,winter,low
16,seg_01,2024-01-12,11,prod_019,ctx_052,0.5444004535675049,0.5444004535675049,energy_drink,2.4110353704390515,winter,low
17,seg_00,2024-01-12,11,prod_045,ctx_014,0.5696413516998291,0.5696413516998291,coffee_drink,3.211054161482858,winter,low
18,seg_00,2024-01-12,11,prod_019,ctx_069,0.509456217288971,0.509456217288971,energy_drink,2.4110353704390515,winter,low
19,seg_01,2024-01-12,11,prod_032,ctx_010,0.6013811826705933,0.6013811826705933,sports_drink,4.345263509670842,winter,low
20,seg_04,2024-01-12,11,prod_008,ctx_052,0.6340468525886536,0.6340468525886536,tea,4.731054395960413,winter,low
21,seg_02,2024-01-12,11,prod_025,ctx_057,0.6550012230873108,0.6550012230873108,tea,2.3147754498104662,winter,low
22,seg_02,2024-01-12,11,prod_045,ctx_074,0.7230445146560669,0.7230445146560669,coffee_drink,3.211054161482858,winter,low
23,seg_01,2024-01-12,11,prod_012,ctx_010,0.6402841806411743,0.6402841806411743,water_enhanced,3.8537931655292597,winter,low
24,seg_00,2024-01-12,11,prod_003,ctx_017,0.5575577616691589,0.5575577616691589,water_enhanced,2.168830126177715,winter,low
25,seg_01,2024-01-12,11,prod_039,ctx_094,0.5154582262039185,0.5154582262039185,water_enhanced,3.894881318085129,winter,low
26,seg_00,2024-01-12,11,prod_048,ctx_025,0.5320786833763123,0.5320786833763123,energy_drink,3.966998106769277,winter,low
27,seg_04,2024-01-12,11,prod_006,ctx_012,0.7686952352523804,0.7686952352523804,water_enhanced,4.087683121485977,winter,low
28,seg_00,2024-01-12,11,prod_008,ctx_016,0.657383918762207,0.657383918762207,tea,4.731054395960413,winter,low
29,seg_04,2024-01-12,11,prod_030,ctx_052,0.5743154287338257,0.5743154287338257,sports_drink,1.8248998090247754,winter,low
30,seg_00,2024-01-12,11,prod_012,ctx_066,0.5218950510025024,0.5218950510025024,water_enhanced,3.8537931655292597,winter,low
31,seg_02,2024-01-12,11,prod_003,ctx_061,0.6886065006256104,0.6886065006256104,water_enhanced,2.168830126177715,winter,low
32,seg_02,2024-01-12,11,prod_009,ctx_094,0.6380389928817749,0.6380389928817749,coffee_drink,2.3727727997119126,winter,low
33,seg_01,2024-01-12,11,prod_008,ctx_013,0.6493018269538879,0.6493018269538879,tea,4.731054395960413,winter,low
34,seg_00,2024-01-12,11,prod_045,ctx_012,0.7771608829498291,0.7771608829498291,coffee_drink,3.211054161482858,winter,low
35,seg_02,2024-01-12,11,prod_037,ctx_045,0.6657187938690186,0.6657187938690186,tea,4.58873345552485,winter,low
36,seg_02,2024-01-12,11,prod_012,ctx_085,0.742594838142395,0.742594838142395,water_enhanced,3.8537931655292597,winter,low
37,seg_03,2024-01-12,11,prod_039,ctx_013,0.6612139344215393,0.6612139344215393,water_enhanced,3.894881318085129,winter,low
38,seg_04,2024-01-12,11,prod_026,ctx_013,0.589232325553894,0.589232325553894,water_enhanced,2.6009300072242048,winter,low
39,seg_00,2024-01-12,11,prod_026,ctx_032,0.6502376198768616,0.6502376198768616,water_enhanced,2.6009300072242048,winter,low
40,seg_03,2024-01-12,11,prod_004,ctx_004,0.7331550717353821,0.7331550717353821,water_enhanced,1.5393477188293476,winter,low
41,seg_02,2024-01-12,11,prod_017,ctx_002,0.6641858816146851,0.6641858816146851,energy_drink,2.667474544311857,winter,low
42,seg_01,2024-01-12,11,prod_019,ctx_065,0.6121087074279785,0.6121087074279785,energy_drink,2.4110353704390515,winter,low
43,seg_04,2024-01-12,11,prod_017,ctx_012,0.7510310411453247,0.7510310411453247,energy_drink,2.667474544311857,winter,low
44,seg_01,2024-01-12,11,prod_048,ctx_057,0.6899782419204712,0.6899782419204712,energy_drink,3.966998106769277,winter,low
45,seg_02,2024-01-12,11,prod_012,ctx_099,0.5080709457397461,0.5080709457397461,water_enhanced,3.8537931655292597,winter,low
46,seg_03,2024-01-12,11,prod_012,ctx_002,0.45779159665107727,0.45779159665107727,water_enhanced,3.8537931655292597,winter,low
47,seg_02,2024-01-12,11,prod_048,ctx_057,0.5869293808937073,0.5869293808937073,energy_drink,3.966998106769277,winter,low
48,seg_00,2024-01-12,11,prod_048,ctx_094,0.5498169660568237,0.5498169660568237,energy_drink,3.966998106769277,winter,low
49,seg_03,2024-01-12,11,prod_032,ctx_074,0.5972035527229309,0.5972035527229309,sports_drink,4.345263509670842,winter,low
0,seg_01,2024-01-13,12,prod_013,ctx_062,0.6006700992584229,0.6006700992584229,sports_drink,4.074467852259146,winter,low
1,seg_04,2024-01-13,12,prod_030,ctx_027,0.6209427714347839,0.6209427714347839,sports_drink,1.8248998090247754,winter,low
2,seg_04,2024-01-13,12,prod_004,ctx_071,0.7399405241012573,0.7399405241012573,water_enhanced,1.5393477188293476,winter,low
3,seg_00,2024-01-13,12,prod_012,ctx_096,0.5572939515113831,0.5572939515113831,water_enhanced,3.8537931655292597,winter,low
4,seg_00,2024-01-13,12,prod_004,ctx_004,0.48767244815826416,0.48767244815826416,water_enhanced,1.5393477188293476,winter,low
5,seg_02,2024-01-13,12,prod_019,ctx_012,0.7515113949775696,0.7515113949775696,energy_drink,2.4110353704390515,winter,low
6,seg_00,2024-01-13,12,prod_002,ctx_066,0.5187170505523682,0.5187170505523682,soda,3.34,winter,low
7,seg_00,2024-01-13,12,prod_003,ctx_035,0.7005230784416199,0.7005230784416199,water_enhanced,2.168830126177715,winter,low
8,seg_00,2024-01-13,12,prod_011,ctx_066,0.5284076929092407,0.5284076929092407,juice,1.8563988290823545,winter,low
9,seg_04,2024-01-13,12,prod_003,ctx_048,0.5083610415458679,0.5083610415458679,water_enhanced,2.168830126177715,winter,low
10,seg_01,2024-01-13,12,prod_003,ctx_027,0.598922610282898,0.598922610282898,water_enhanced,2.168830126177715,winter,low
11,seg_01,2024-01-13,12,prod_030,ctx_096,0.5766143202781677,0.5766143202781677,sports_drink,1.8248998090247754,winter,low
12,seg_03,2024-01-13,12,prod_045,ctx_061,0.5834628939628601,0.5834628939628601,coffee_drink,3.211054161482858,winter,low
13,seg_03,2024-01-13,12,prod_030,ctx_061,0.6124773025512695,0.6124773025512695,sports_drink,1.8248998090247754,winter,low
14,seg_03,2024-01-13,12,prod_026,ctx_027,0.6148889064788818,0.6148889064788818,water_enhanced,2.6009300072242048,winter,low
15,seg_01,2024-01-13,12,prod_041,ctx_038,0.5900375843048096,0.5900375843048096,sports_drink,4.29986893934154,winter,low
16,seg_01,2024-01-13,12,prod_024,ctx_038,0.5874847769737244,0.5874847769737244,coffee_drink,2.560065036681424,winter,low
17,seg_00,2024-01-13,12,prod_026,ctx_074,0.6233899593353271,0.6233899593353271,water_enhanced,2.6009300072242048,winter,low
18,seg_00,2024-01-13,12,prod_027,ctx_069,0.5282427668571472,0.5282427668571472,energy_drink,4.713418248783019,winter,low
19,seg_01,2024-01-13,12,prod_034,ctx_053,0.5557247400283813,0.5557247400283813,coffee_drink,3.848620949567445,winter,low
20,seg_04,2024-01-13,12,prod_012,ctx_083,0.6229717135429382,0.6229717135429382,water_enhanced,3.8537931655292597,winter,low
21,seg_02,2024-01-13,12,prod_017,ctx_025,0.5527315139770508,0.5527315139770508,energy_drink,2.667474544311857,winter,low
22,seg_02,2024-01-13,12,prod_045,ctx_083,0.5729280114173889,0.5729280114173889,coffee_drink,3.211054161482858,winter,low
23,seg_01,2024-01-13,12,prod_019,ctx_014,0.5560179948806763,0.5560179948806763,energy_drink,2.4110353704390515,winter,low
24,seg_00,2024-01-13,12,prod_012,ctx_014,0.5840086340904236,0.5840086340904236,water_enhanced,3.8537931655292597,winter,low
25,seg_01,2024-01-13,12,prod_017,ctx_094,0.7429863810539246,0.7429863810539246,energy_drink,2.667474544311857,winter,low
26,seg_00,2024-01-13,12,prod_026,ctx_045,0.6229878664016724,0.6229878664016724,water_enhanced,2.6009300072242048,winter,low
27,seg_04,2024-01-13,12,prod_012,ctx_059,0.5403679609298706,0.5403679609298706,water_enhanced,3.8537931655292597,winter,low
28,seg_00,2024-01-13,12,prod_013,ctx_002,0.5204473733901978,0.5204473733901978,sports_drink,4.074467852259146,winter,low
29,seg_04,2024-01-13,12,prod_032,ctx_062,0.6382851004600525,0.6382851004600525,sports_drink,4.345263509670842,winter,low
30,seg_00,2024-01-13,12,prod_025,ctx_062,0.6255167126655579,0.6255167126655579,tea,2.3147754498104662,winter,low
31,seg_02,2024-01-13,12,prod_025,ctx_059,0.623465895652771,0.623465895652771,tea,2.3147754498104662,winter,low
32,seg_02,2024-01-13,12,prod_019,ctx_005,0.638809323310852,0.638809323310852,energy_drink,2.4110353704390515,winter,low
33,seg_01,2024-01-13,12,prod_025,ctx_090,0.5494690537452698,0.5494690537452698,tea,2.3147754498104662,winter,low
34,seg_00,2024-01-13,12,prod_017,ctx_085,0.5992792844772339,0.5992792844772339,energy_drink,2.667474544311857,winter,low
35,seg_02,2024-01-13,12,prod_025,ctx_012,0.7269200086593628,0.7269200086593628,tea,2.3147754498104662,winter,low
36,seg_02,2024-01-13,12,prod_039,ctx_002,0.45640406012535095,0.45640406012535095,water_enhanced,3.894881318085129,winter,low
37,seg_03,2024-01-13,12,prod_008,ctx_053,0.9061467051506042,0.9061467051506042,tea,4.731054395960413,winter,low
38,seg_04,2024-01-13,12,prod_026,ctx_038,0.537226676940918,0.537226676940918,water_enhanced,2.6009300072242048,winter,low
39,seg_00,2024-01-13,12,prod_008,ctx_027,0.6148028373718262,0.6148028373718262,tea,4.731054395960413,winter,low
40,seg_03,2024-01-13,12,prod_045,ctx_035,0.5909662246704102,0.5909662246704102,coffee_drink,3.211054161482858,winter,low
41,seg_02,2024-01-13,12,prod_013,ctx_065,0.6137174367904663,0.6137174367904663,sports_drink,4.074467852259146,winter,low
42,seg_01,2024-01-13,12,prod_017,ctx_074,0.6500111818313599,0.6500111818313599,energy_drink,2.667474544311857,winter,low
43,seg_04,2024-01-13,12,prod_039,ctx_063,0.5330146551132202,0.5330146551132202,water_enhanced,3.894881318085129,winter,low
44,seg_01,2024-01-13,12,prod_026,ctx_069,0.5520878434181213,0.5520878434181213,water_enhanced,2.6009300072242048,winter,low
45,seg_02,2024-01-13,12,prod_004,ctx_045,0.579742968082428,0.579742968082428,water_enhanced,1.5393477188293476,winter,low
46,seg_03,2024-01-13,12,prod_037,ctx_062,0.740832507610321,0.740832507610321,tea,4.58873345552485,winter,low
47,seg_02,2024-01-13,12,prod_037,ctx_002,0.5055474638938904,0.5055474638938904,tea,4.58873345552485,winter,low
48,seg_00,2024-01-13,12,prod_037,ctx_005,0.7176212072372437,0.7176212072372437,tea,4.58873345552485,winter,low
49,seg_03,2024-01-13,12,prod_019,ctx_012,0.5814583897590637,0.5814583897590637,energy_drink,2.4110353704390515,winter,low
0,seg_01,2024-01-14,13,prod_017,ctx_071,0.5320547819137573,0.5320547819137573,energy_drink,2.667474544311857,winter,low
1,seg_04,2024-01-14,13,prod_037,ctx_052,0.6973481178283691,0.6973481178283691,tea,4.58873345552485,winter,low
2,seg_04,2024-01-14,13,prod_013,ctx_053,0.6405543684959412,0.6405543684959412,sports_drink,4.074467852259146,winter,low
3,seg_00,2024-01-14,13,prod_017,ctx_016,0.5683590769767761,0.5683590769767761,energy_drink,2.667474544311857,winter,low
4,seg_00,2024-01-14,13,prod_005,ctx_048,0.5865508317947388,0.5865508317947388,energy_drink,3.0174059338845534,winter,low
5,seg_02,2024-01-14,13,prod_046,ctx_096,0.5573559403419495,0.5573559403419495,tea,2.1833566865520675,winter,low
6,seg_00,2024-01-14,13,prod_025,ctx_066,0.5730950236320496,0.5730950236320496,tea,2.3147754498104662,winter,low
7,seg_00,2024-01-14,13,prod_032,ctx_002,0.46650639176368713,0.46650639176368713,sports_drink,4.345263509670842,winter,low
8,seg_00,2024-01-14,13,prod_041,ctx_099,0.5468016862869263,0.5468016862869263,sports_drink,4.29986893934154,winter,low
9,seg_04,2024-01-14,13,prod_045,ctx_016,0.48595669865608215,0.48595669865608215,coffee_drink,3.211054161482858,winter,low
10,seg_01,2024-01-14,13,prod_008,ctx_094,0.5651043057441711,0.5651043057441711,tea,4.731054395960413,winter,low
11,seg_01,2024-01-14,13,prod_004,ctx_048,0.6019983291625977,0.6019983291625977,water_enhanced,1.5393477188293476,winter,low
12,seg_03,2024-01-14,13,prod_012,ctx_027,0.6160035729408264,0.6160035729408264,water_enhanced,3.8537931655292597,winter,low
13,seg_03,2024-01-14,13,prod_032,ctx_016,0.6086799502372742,0.6086799502372742,sports_drink,4.345263509670842,winter,low
14,seg_03,2024-01-14,13,prod_019,ctx_013,0.5714341998100281,0.5714341998100281,energy_drink,2.4110353704390515,winter,low
15,seg_01,2024-01-14,13,prod_027,ctx_063,0.5540387034416199,0.5540387034416199,energy_drink,4.713418248783019,winter,low
16,seg_01,2024-01-14,13,prod_013,ctx_035,0.6176573038101196,0.6176573038101196,sports_drink,4.074467852259146,winter,low
17,seg_00,2024-01-14,13,prod_030,ctx_005,0.608047366142273,0.608047366142273,sports_drink,1.8248998090247754,winter,low
18,seg_00,2024-01-14,13,prod_011,ctx_014,0.5768834352493286,0.5768834352493286,juice,1.8563988290823545,winter,low
19,seg_01,2024-01-14,13,prod_013,ctx_052,0.5331910848617554,0.5331910848617554,sports_drink,4.074467852259146,winter,low
20,seg_04,2024-01-14,13,prod_037,ctx_053,0.5748645663261414,0.5748645663261414,tea,4.58873345552485,winter,low
21,seg_02,2024-01-14,13,prod_026,ctx_010,0.6660355925559998,0.6660355925559998,water_enhanced,2.6009300072242048,winter,low
22,seg_02,2024-01-14,13,prod_004,ctx_025,0.5434356331825256,0.5434356331825256,water_enhanced,1.5393477188293476,winter,low
23,seg_01,2024-01-14,13,prod_039,ctx_016,0.6859527230262756,0.6859527230262756,water_enhanced,3.894881318085129,winter,low
24,seg_00,2024-01-14,13,prod_008,ctx_057,0.7329499125480652,0.7329499125480652,tea,4.731054395960413,winter,low
25,seg_01,2024-01-14,13,prod_048,ctx_010,0.6065464615821838,0.6065464615821838,energy_drink,3.966998106769277,winter,low
26,seg_00,2024-01-14,13,prod_037,ctx_048,0.5616298317909241,0.5616298317909241,tea,4.58873345552485,winter,low
27,seg_04,2024-01-14,13,prod_026,ctx_035,0.7400742769241333,0.7400742769241333,water_enhanced,2.6009300072242048,winter,low
28,seg_00,2024-01-14,13,prod_037,ctx_062,0.7181018590927124,0.7181018590927124,tea,4.58873345552485,winter,low
29,seg_04,2024-01-14,13,prod_030,ctx_032,0.5024676322937012,0.5024676322937012,sports_drink,1.8248998090247754,winter,low
30,seg_00,2024-01-14,13,prod_037,ctx_053,0.5781794786453247,0.5781794786453247,tea,4.58873345552485,winter,low
31,seg_02,2024-01-14,13,prod_013,ctx_083,0.596954882144928,0.596954882144928,sports_drink,4.074467852259146,winter,low
32,seg_02,2024-01-14,13,prod_013,ctx_052,0.5379968285560608,0.5379968285560608,sports_drink,4.074467852259146,winter,low
33,seg_01,2024-01-14,13,prod_008,ctx_099,0.6587721705436707,0.6587721705436707,tea,4.731054395960413,winter,low
34,seg_00,2024-01-14,13,prod_032,ctx_027,0.6207197308540344,0.6207197308540344,sports_drink,4.345263509670842,winter,low
35,seg_02,2024-01-14,13,prod_008,ctx_038,0.5264469385147095,0.5264469385147095,tea,4.731054395960413,winter,low
36,seg_02,2024-01-14,13,prod_025,ctx_071,0.8339985609054565,0.8339985609054565,tea,2.3147754498104662,winter,low
37,seg_03,2024-01-14,13,prod_026,ctx_085,0.6067073941230774,0.6067073941230774,water_enhanced,2.6009300072242048,winter,low
38,seg_04,2024-01-14,13,prod_008,ctx_087,0.5725634694099426,0.5725634694099426,tea,4.731054395960413,winter,low
39,seg_00,2024-01-14,13,prod_030,ctx_062,0.5693036317825317,0.5693036317825317,sports_drink,1.8248998090247754,winter,low
40,seg_03,2024-01-14,13,prod_048,ctx_052,0.5196154713630676,0.5196154713630676,energy_drink,3.966998106769277,winter,low
41,seg_02,2024-01-14,13,prod_048,ctx_016,0.49336883425712585,0.49336883425712585,energy_drink,3.966998106769277,winter,low
42,seg_01,2024-01-14,13,prod_045,ctx_035,0.6897076964378357,0.6897076964378357,coffee_drink,3.211054161482858,winter,low
43,seg_04,2024-01-14,13,prod_026,ctx_085,0.7508877515792847,0.7508877515792847,water_enhanced,2.6009300072242048,winter,low
44,seg_01,2024-01-14,13,prod_019,ctx_016,0.5185871124267578,0.5185871124267578,energy_drink,2.4110353704390515,winter,low
45,seg_02,2024-01-14,13,prod_012,ctx_017,0.7351593375205994,0.7351593375205994,water_enhanced,3.8537931655292597,winter,low
46,seg_03,2024-01-14,13,prod_026,ctx_052,0.5451847910881042,0.5451847910881042,water_enhanced,2.6009300072242048,winter,low
47,seg_02,2024-01-14,13,prod_045,ctx_038,0.5251479148864746,0.5251479148864746,coffee_drink,3.211054161482858,winter,low
48,seg_00,2024-01-14,13,prod_003,ctx_074,0.6227694153785706,0.6227694153785706,water_enhanced,2.168830126177715,winter,low
49,seg_03,2024-01-14,13,prod_019,ctx_059,0.5560248494148254,0.5560248494148254,energy_drink,2.4110353704390515,winter,low
0,seg_01,2024-01-15,14,prod_026,ctx_038,0.6936485171318054,0.6936485171318054,water_enhanced,2.635578137503645,winter,low
1,seg_04,2024-01-15,14,prod_045,ctx_053,0.6542415618896484,0.6542415618896484,coffee_drink,3.2417244952808453,winter,low
2,seg_04,2024-01-15,14,prod_019,ctx_001,0.5027192831039429,0.5027192831039429,energy_drink,2.4107592699159364,winter,low
3,seg_00,2024-01-15,14,prod_025,ctx_066,0.5518664121627808,0.5518664121627808,tea,2.254662592241325,winter,low
4,seg_00,2024-01-15,14,prod_030,ctx_071,0.5714733600616455,0.5714733600616455,sports_drink,1.8347464149047943,winter,low
5,seg_02,2024-01-15,14,prod_048,ctx_001,0.6809187531471252,0.6809187531471252,energy_drink,4.081235791508453,winter,low
6,seg_00,2024-01-15,14,prod_017,ctx_048,0.5937784314155579,0.5937784314155579,energy_drink,2.595593824301548,winter,low
7,seg_00,2024-01-15,14,prod_008,ctx_035,0.6953167915344238,0.6953167915344238,tea,4.72433246297033,winter,low
8,seg_00,2024-01-15,14,prod_003,ctx_002,0.4551731050014496,0.4551731050014496,water_enhanced,2.1707877439111978,winter,low
9,seg_04,2024-01-15,14,prod_003,ctx_096,0.5373721122741699,0.5373721122741699,water_enhanced,2.1707877439111978,winter,low
10,seg_01,2024-01-15,14,prod_032,ctx_027,0.6203771829605103,0.6203771829605103,sports_drink,4.414007229487187,winter,low
11,seg_01,2024-01-15,14,prod_039,ctx_063,0.6232683062553406,0.6232683062553406,water_enhanced,3.8988089734433626,winter,low
12,seg_03,2024-01-15,14,prod_013,ctx_071,0.5747908353805542,0.5747908353805542,sports_drink,3.905157823252153,winter,low
13,seg_03,2024-01-15,14,prod_039,ctx_063,0.5414361357688904,0.5414361357688904,water_enhanced,3.8988089734433626,winter,low
14,seg_03,2024-01-15,14,prod_026,ctx_045,0.6247147917747498,0.6247147917747498,water_enhanced,2.635578137503645,winter,low
15,seg_01,2024-01-15,14,prod_004,ctx_071,0.5331504940986633,0.5331504940986633,water_enhanced,1.529276579067372,winter,low
16,seg_01,2024-01-15,14,prod_008,ctx_085,0.5662123560905457,0.5662123560905457,tea,4.72433246297033,winter,low
17,seg_00,2024-01-15,14,prod_048,ctx_038,0.5118041634559631,0.5118041634559631,energy_drink,4.081235791508453,winter,low
18,seg_00,2024-01-15,14,prod_025,ctx_001,0.5521453619003296,0.5521453619003296,tea,2.254662592241325,winter,low
19,seg_01,2024-01-15,14,prod_048,ctx_052,0.5466143488883972,0.5466143488883972,energy_drink,4.081235791508453,winter,low
20,seg_04,2024-01-15,14,prod_019,ctx_035,0.5758302807807922,0.5758302807807922,energy_drink,2.4107592699159364,winter,low
21,seg_02,2024-01-15,14,prod_037,ctx_005,0.5677507519721985,0.5677507519721985,tea,4.465653320257216,winter,low
22,seg_02,2024-01-15,14,prod_039,ctx_090,0.6144899129867554,0.6144899129867554,water_enhanced,3.8988089734433626,winter,low
23,seg_01,2024-01-15,14,prod_029,ctx_032,0.527265191078186,0.527265191078186,energy_drink,4.569376607786005,winter,low
24,seg_00,2024-01-15,14,prod_004,ctx_099,0.5170474648475647,0.5170474648475647,water_enhanced,1.529276579067372,winter,low
25,seg_01,2024-01-15,14,prod_026,ctx_071,0.5773137211799622,0.5773137211799622,water_enhanced,2.635578137503645,winter,low
26,seg_00,2024-01-15,14,prod_008,ctx_087,0.6383949518203735,0.6383949518203735,tea,4.72433246297033,winter,low
27,seg_04,2024-01-15,14,prod_031,ctx_016,0.5127859115600586,0.5127859115600586,juice,5.050973734732342,winter,low
28,seg_00,2024-01-15,14,prod_039,ctx_090,0.5009140372276306,0.5009140372276306,water_enhanced,3.8988089734433626,winter,low
29,seg_04,2024-01-15,14,prod_027,ctx_035,0.5776513814926147,0.5776513814926147,energy_drink,5.109786876416965,winter,low
30,seg_00,2024-01-15,14,prod_044,ctx_076,0.5128242373466492,0.5128242373466492,juice,1.7644788769427764,winter,low
31,seg_02,2024-01-15,14,prod_008,ctx_066,0.4863874614238739,0.4863874614238739,tea,4.72433246297033,winter,low
32,seg_02,2024-01-15,14,prod_025,ctx_048,0.6486815810203552,0.6486815810203552,tea,2.254662592241325,winter,low
33,seg_01,2024-01-15,14,prod_003,ctx_087,0.579745352268219,0.579745352268219,water_enhanced,2.1707877439111978,winter,low
34,seg_00,2024-01-15,14,prod_026,ctx_016,0.48411795496940613,0.48411795496940613,water_enhanced,2.635578137503645,winter,low
35,seg_02,2024-01-15,14,prod_048,ctx_062,0.5787627696990967,0.5787627696990967,energy_drink,4.081235791508453,winter,low
36,seg_02,2024-01-15,14,prod_032,ctx_099,0.5206321477890015,0.5206321477890015,sports_drink,4.414007229487187,winter,low
37,seg_03,2024-01-15,14,prod_032,ctx_001,0.5176839232444763,0.5176839232444763,sports_drink,4.414007229487187,winter,low
38,seg_04,2024-01-15,14,prod_003,ctx_083,0.6887568235397339,0.6887568235397339,water_enhanced,2.1707877439111978,winter,low
39,seg_00,2024-01-15,14,prod_039,ctx_005,0.5396718382835388,0.5396718382835388,water_enhanced,3.8988089734433626,winter,low
40,seg_03,2024-01-15,14,prod_019,ctx_045,0.6504501104354858,0.6504501104354858,energy_drink,2.4107592699159364,winter,low
41,seg_02,2024-01-15,14,prod_031,ctx_016,0.5056984424591064,0.5056984424591064,juice,5.050973734732342,winter,low
42,seg_01,2024-01-15,14,prod_004,ctx_059,0.5723778009414673,0.5723778009414673,water_enhanced,1.529276579067372,winter,low
43,seg_04,2024-01-15,14,prod_030,ctx_074,0.5947051048278809,0.5947051048278809,sports_drink,1.8347464149047943,winter,low
44,seg_01,2024-01-15,14,prod_026,ctx_076,0.500341534614563,0.500341534614563,water_enhanced,2.635578137503645,winter,low
45,seg_02,2024-01-15,14,prod_037,ctx_010,0.6374053955078125,0.6374053955078125,tea,4.465653320257216,winter,low
46,seg_03,2024-01-15,14,prod_026,ctx_062,0.6032153964042664,0.6032153964042664,water_enhanced,2.635578137503645,winter,low
47,seg_02,2024-01-15,14,prod_030,ctx_076,0.5485436320304871,0.5485436320304871,sports_drink,1.8347464149047943,winter,low
48,seg_00,2024-01-15,14,prod_013,ctx_013,0.5782060623168945,0.5782060623168945,sports_drink,3.905157823252153,winter,low
49,seg_03,2024-01-15,14,prod_003,ctx_059,0.6780725717544556,0.6780725717544556,water_enhanced,2.1707877439111978,winter,low
0,seg_01,2024-01-16,15,prod_013,ctx_076,0.584899365901947,0.584899365901947,sports_drink,3.905157823252153,winter,low
1,seg_04,2024-01-16,15,prod_030,ctx_087,0.6198641657829285,0.6198641657829285,sports_drink,1.8347464149047943,winter,low
2,seg_04,2024-01-16,15,prod_013,ctx_059,0.5827879905700684,0.5827879905700684,sports_drink,3.905157823252153,winter,low
3,seg_00,2024-01-16,15,prod_026,ctx_016,0.4827868640422821,0.4827868640422821,water_enhanced,2.635578137503645,winter,low
4,seg_00,2024-01-16,15,prod_032,ctx_016,0.5061619877815247,0.5061619877815247,sports_drink,4.414007229487187,winter,low
5,seg_02,2024-01-16,15,prod_013,ctx_035,0.6131581664085388,0.6131581664085388,sports_drink,3.905157823252153,winter,low
6,seg_00,2024-01-16,15,prod_037,ctx_035,0.7139557600021362,0.7139557600021362,tea,4.465653320257216,winter,low
7,seg_00,2024-01-16,15,prod_008,ctx_099,0.5116697549819946,0.5116697549819946,tea,4.72433246297033,winter,low
8,seg_00,2024-01-16,15,prod_003,ctx_014,0.6564835906028748,0.6564835906028748,water_enhanced,2.1707877439111978,winter,low
9,seg_04,2024-01-16,15,prod_032,ctx_085,0.7712305188179016,0.7712305188179016,sports_drink,4.414007229487187,winter,low
10,seg_01,2024-01-16,15,prod_025,ctx_014,0.6895859837532043,0.6895859837532043,tea,2.254662592241325,winter,low
11,seg_01,2024-01-16,15,prod_017,ctx_014,0.5525597929954529,0.5525597929954529,energy_drink,2.595593824301548,winter,low
12,seg_03,2024-01-16,15,prod_019,ctx_016,0.4863177537918091,0.4863177537918091,energy_drink,2.4107592699159364,winter,low
13,seg_03,2024-01-16,15,prod_019,ctx_063,0.720008909702301,0.720008909702301,energy_drink,2.4107592699159364,winter,low
14,seg_03,2024-01-16,15,prod_008,ctx_005,0.5719269514083862,0.5719269514083862,tea,4.72433246297033,winter,low
15,seg_01,2024-01-16,15,prod_003,ctx_045,0.6320164799690247,0.6320164799690247,water_enhanced,2.1707877439111978,winter,low
16,seg_01,2024-01-16,15,prod_003,ctx_012,0.7201653122901917,0.7201653122901917,water_enhanced,2.1707877439111978,winter,low
17,seg_00,2024-01-16,15,prod_039,ctx_090,0.6861780881881714,0.6861780881881714,water_enhanced,3.8988089734433626,winter,low
18,seg_00,2024-01-16,15,prod_019,ctx_087,0.6213738918304443,0.6213738918304443,energy_drink,2.4107592699159364,winter,low
19,seg_01,2024-01-16,15,prod_026,ctx_061,0.6169688701629639,0.6169688701629639,water_enhanced,2.635578137503645,winter,low
20,seg_04,2024-01-16,15,prod_008,ctx_071,0.5223214030265808,0.5223214030265808,tea,4.72433246297033,winter,low
21,seg_02,2024-01-16,15,prod_037,ctx_085,0.7315937876701355,0.7315937876701355,tea,4.465653320257216,winter,low
22,seg_02,2024-01-16,15,prod_025,ctx_065,0.847139835357666,0.847139835357666,tea,2.254662592241325,winter,low
23,seg_01,2024-01-16,15,prod_030,ctx_076,0.582893967628479,0.582893967628479,sports_drink,1.8347464149047943,winter,low
24,seg_00,2024-01-16,15,prod_019,ctx_001,0.4957679510116577,0.4957679510116577,energy_drink,2.4107592699159364,winter,low
25,seg_01,2024-01-16,15,prod_013,ctx_010,0.7257489562034607,0.7257489562034607,sports_drink,3.905157823252153,winter,low
26,seg_00,2024-01-16,15,prod_012,ctx_085,0.5469342470169067,0.5469342470169067,water_enhanced,3.7448488511448903,winter,low
27,seg_04,2024-01-16,15,prod_039,ctx_005,0.5742927193641663,0.5742927193641663,water_enhanced,3.8988089734433626,winter,low
28,seg_00,2024-01-16,15,prod_011,ctx_053,0.7939950823783875,0.7939950823783875,juice,1.9397014866674778,winter,low
29,seg_04,2024-01-16,15,prod_004,ctx_061,0.7260589599609375,0.7260589599609375,water_enhanced,1.529276579067372,winter,low
30,seg_00,2024-01-16,15,prod_015,ctx_044,0.6161243319511414,0.6161243319511414,water_enhanced,3.2711775763750217,winter,low
31,seg_02,2024-01-16,15,prod_037,ctx_027,0.622588038444519,0.622588038444519,tea,4.465653320257216,winter,low
32,seg_02,2024-01-16,15,prod_008,ctx_052,0.646282434463501,0.646282434463501,tea,4.72433246297033,winter,low
33,seg_01,2024-01-16,15,prod_030,ctx_038,0.721903383731842,0.721903383731842,sports_drink,1.8347464149047943,winter,low
34,seg_00,2024-01-16,15,prod_025,ctx_016,0.5053679347038269,0.5053679347038269,tea,2.254662592241325,winter,low
35,seg_02,2024-01-16,15,prod_019,ctx_074,0.5672812461853027,0.5672812461853027,energy_drink,2.4107592699159364,winter,low
36,seg_02,2024-01-16,15,prod_030,ctx_016,0.5463988184928894,0.5463988184928894,sports_drink,1.8347464149047943,winter,low
37,seg_03,2024-01-16,15,prod_026,ctx_099,0.5326737761497498,0.5326737761497498,water_enhanced,2.635578137503645,winter,low
38,seg_04,2024-01-16,15,prod_013,ctx_014,0.5912612676620483,0.5912612676620483,sports_drink,3.905157823252153,winter,low
39,seg_00,2024-01-16,15,prod_032,ctx_096,0.7437003254890442,0.7437003254890442,sports_drink,4.414007229487187,winter,low
40,seg_03,2024-01-16,15,prod_026,ctx_002,0.5087526440620422,0.5087526440620422,water_enhanced,2.635578137503645,winter,low
41,seg_02,2024-01-16,15,prod_013,ctx_017,0.6140691041946411,0.6140691041946411,sports_drink,3.905157823252153,winter,low
42,seg_01,2024-01-16,15,prod_004,ctx_012,0.7517402768135071,0.7517402768135071,water_enhanced,1.529276579067372,winter,low
43,seg_04,2024-01-16,15,prod_025,ctx_016,0.5002761483192444,0.5002761483192444,tea,2.254662592241325,winter,low
44,seg_01,2024-01-16,15,prod_030,ctx_066,0.5447759628295898,0.5447759628295898,sports_drink,1.8347464149047943,winter,low
45,seg_02,2024-01-16,15,prod_008,ctx_076,0.5041705369949341,0.5041705369949341,tea,4.72433246297033,winter,low
46,seg_03,2024-01-16,15,prod_032,ctx_038,0.5481595396995544,0.5481595396995544,sports_drink,4.414007229487187,winter,low
47,seg_02,2024-01-16,15,prod_037,ctx_085,0.6008397340774536,0.6008397340774536,tea,4.465653320257216,winter,low
48,seg_00,2024-01-16,15,prod_004,ctx_062,0.5457404255867004,0.5457404255867004,water_enhanced,1.529276579067372,winter,low
49,seg_03,2024-01-16,15,prod_025,ctx_065,0.626977801322937,0.626977801322937,tea,2.254662592241325,winter,low
0,seg_01,2024-01-17,16,prod_048,ctx_004,0.5402832627296448,0.5402832627296448,energy_drink,4.081235791508453,winter,normal
1,seg_04,2024-01-17,16,prod_003,ctx_010,0.6200480461120605,0.6200480461120605,water_enhanced,2.1707877439111978,winter,normal
2,seg_04,2024-01-17,16,prod_012,ctx_066,0.5476551651954651,0.5476551651954651,water_enhanced,3.7448488511448903,winter,normal
3,seg_00,2024-01-17,16,prod_032,ctx_012,0.6088498830795288,0.6088498830795288,sports_drink,4.414007229487187,winter,normal
4,seg_00,2024-01-17,16,prod_032,ctx_066,0.583035409450531,0.583035409450531,sports_drink,4.414007229487187,winter,normal
5,seg_02,2024-01-17,16,prod_008,ctx_038,0.5021952390670776,0.5021952390670776,tea,4.72433246297033,winter,normal
6,seg_00,2024-01-17,16,prod_026,ctx_001,0.5510371327400208,0.5510371327400208,water_enhanced,2.635578137503645,winter,normal
7,seg_00,2024-01-17,16,prod_032,ctx_027,0.6271385550498962,0.6271385550498962,sports_drink,4.414007229487187,winter,normal
8,seg_00,2024-01-17,16,prod_045,ctx_052,0.7069666385650635,0.7069666385650635,coffee_drink,3.2417244952808453,winter,normal
9,seg_04,2024-01-17,16,prod_003,ctx_087,0.5831929445266724,0.5831929445266724,water_enhanced,2.1707877439111978,winter,normal
10,seg_01,2024-01-17,16,prod_045,ctx_002,0.7445786595344543,0.7445786595344543,coffee_drink,3.2417244952808453,winter,normal
11,seg_01,2024-01-17,16,prod_008,ctx_052,0.5795422196388245,0.5795422196388245,tea,4.72433246297033,winter,normal
12,seg_03,2024-01-17,16,prod_003,ctx_062,0.604399561882019,0.604399561882019,water_enhanced,2.1707877439111978,winter,normal
13,seg_03,2024-01-17,16,prod_019,ctx_005,0.6263939142227173,0.6263939142227173,energy_drink,2.4107592699159364,winter,normal
14,seg_03,2024-01-17,16,prod_030,ctx_001,0.5956500768661499,0.5956500768661499,sports_drink,1.8347464149047943,winter,normal
15,seg_01,2024-01-17,16,prod_037,ctx_010,0.7185346484184265,0.7185346484184265,tea,4.465653320257216,winter,normal
16,seg_01,2024-01-17,16,prod_003,ctx_065,0.5164523124694824,0.5164523124694824,water_enhanced,2.1707877439111978,winter,normal
17,seg_00,2024-01-17,16,prod_012,ctx_014,0.8590519428253174,0.8590519428253174,water_enhanced,3.7448488511448903,winter,normal
18,seg_00,2024-01-17,16,prod_008,ctx_090,0.5731645226478577,0.5731645226478577,tea,4.72433246297033,winter,normal
19,seg_01,2024-01-17,16,prod_030,ctx_062,0.5765272974967957,0.5765272974967957,sports_drink,1.8347464149047943,winter,normal
20,seg_04,2024-01-17,16,prod_048,ctx_048,0.6295710802078247,0.6295710802078247,energy_drink,4.081235791508453,winter,normal
21,seg_02,2024-01-17,16,prod_003,ctx_052,0.5134886503219604,0.5134886503219604,water_enhanced,2.1707877439111978,winter,normal
22,seg_02,2024-01-17,16,prod_045,ctx_066,0.5751007199287415,0.5751007199287415,coffee_drink,3.2417244952808453,winter,normal
23,seg_01,2024-01-17,16,prod_045,ctx_010,0.6603317856788635,0.6603317856788635,coffee_drink,3.2417244952808453,winter,normal
24,seg_00,2024-01-17,16,prod_026,ctx_025,0.5252655744552612,0.5252655744552612,water_enhanced,2.635578137503645,winter,normal
25,seg_01,2024-01-17,16,prod_045,ctx_052,0.5282486081123352,0.5282486081123352,coffee_drink,3.2417244952808453,winter,normal
26,seg_00,2024-01-17,16,prod_012,ctx_057,0.6441192626953125,0.6441192626953125,water_enhanced,3.7448488511448903,winter,normal
27,seg_04,2024-01-17,16,prod_001,ctx_002,0.7550857663154602,0.7550857663154602,juice,4.663527799695422,winter,normal
28,seg_00,2024-01-17,16,prod_017,ctx_044,0.5720458030700684,0.5720458030700684,energy_drink,2.595593824301548,winter,normal
29,seg_04,2024-01-17,16,prod_017,ctx_014,0.5439044833183289,0.5439044833183289,energy_drink,2.595593824301548,winter,normal
30,seg_00,2024-01-17,16,prod_019,ctx_065,0.6493896842002869,0.6493896842002869,energy_drink,2.4107592699159364,winter,normal
31,seg_02,2024-01-17,16,prod_013,ctx_038,0.559965968132019,0.559965968132019,sports_drink,3.905157823252153,winter,normal
32,seg_02,2024-01-17,16,prod_025,ctx_094,0.6932927370071411,0.6932927370071411,tea,2.254662592241325,winter,normal
33,seg_01,2024-01-17,16,prod_017,ctx_059,0.5825514197349548,0.5825514197349548,energy_drink,2.595593824301548,winter,normal
34,seg_00,2024-01-17,16,prod_032,ctx_014,0.5747689604759216,0.5747689604759216,sports_drink,4.414007229487187,winter,normal
35,seg_02,2024-01-17,16,prod_015,ctx_010,0.677430272102356,0.677430272102356,water_enhanced,3.2711775763750217,winter,normal
36,seg_02,2024-01-17,16,prod_004,ctx_048,0.5547971129417419,0.5547971129417419,water_enhanced,1.529276579067372,winter,normal
37,seg_03,2024-01-17,16,prod_030,ctx_066,0.5255434513092041,0.5255434513092041,sports_drink,1.8347464149047943,winter,normal
38,seg_04,2024-01-17,16,prod_019,ctx_005,0.6757974028587341,0.6757974028587341,energy_drink,2.4107592699159364,winter,normal
39,seg_00,2024-01-17,16,prod_025,ctx_010,0.7227338552474976,0.7227338552474976,tea,2.254662592241325,winter,normal
40,seg_03,2024-01-17,16,prod_045,ctx_057,0.5609976053237915,0.5609976053237915,coffee_drink,3.2417244952808453,winter,normal
41,seg_02,2024-01-17,16,prod_037,ctx_083,0.6443759799003601,0.6443759799003601,tea,4.465653320257216,winter,normal
42,seg_01,2024-01-17,16,prod_048,ctx_048,0.5787513852119446,0.5787513852119446,energy_drink,4.081235791508453,winter,normal
43,seg_04,2024-01-17,16,prod_032,ctx_002,0.48353254795074463,0.48353254795074463,sports_drink,4.414007229487187,winter,normal
44,seg_01,2024-01-17,16,prod_048,ctx_027,0.6030391454696655,0.6030391454696655,energy_drink,4.081235791508453,winter,normal
45,seg_02,2024-01-17,16,prod_030,ctx_053,0.6105895638465881,0.6105895638465881,sports_drink,1.8347464149047943,winter,normal
46,seg_03,2024-01-17,16,prod_019,ctx_016,0.480291485786438,0.480291485786438,energy_drink,2.4107592699159364,winter,normal
47,seg_02,2024-01-17,16,prod_017,ctx_012,0.7421494722366333,0.7421494722366333,energy_drink,2.595593824301548,winter,normal
48,seg_00,2024-01-17,16,prod_037,ctx_096,0.5510479211807251,0.5510479211807251,tea,4.465653320257216,winter,normal
49,seg_03,2024-01-17,16,prod_045,ctx_099,0.578464686870575,0.578464686870575,coffee_drink,3.2417244952808453,winter,normal
0,seg_01,2024-01-18,17,prod_013,ctx_087,0.6178309917449951,0.6178309917449951,sports_drink,3.905157823252153,winter,normal
1,seg_04,2024-01-18,17,prod_013,ctx_071,0.5815184116363525,0.5815184116363525,sports_drink,3.905157823252153,winter,normal
2,seg_04,2024-01-18,17,prod_025,ctx_085,0.5684168338775635,0.5684168338775635,tea,2.254662592241325,winter,normal
3,seg_00,2024-01-18,17,prod_029,ctx_062,0.5432010293006897,0.5432010293006897,energy_drink,4.569376607786005,winter,normal
4,seg_00,2024-01-18,17,prod_025,ctx_035,0.7662757635116577,0.7662757635116577,tea,2.254662592241325,winter,normal
5,seg_02,2024-01-18,17,prod_025,ctx_087,0.7118123173713684,0.7118123173713684,tea,2.254662592241325,winter,normal
6,seg_00,2024-01-18,17,prod_026,ctx_065,0.5895398855209351,0.5895398855209351,water_enhanced,2.635578137503645,winter,normal
7,seg_00,2024-01-18,17,prod_008,ctx_087,0.6029274463653564,0.6029274463653564,tea,4.72433246297033,winter,normal
8,seg_00,2024-01-18,17,prod_003,ctx_074,0.6042097806930542,0.6042097806930542,water_enhanced,2.1707877439111978,winter,normal
9,seg_04,2024-01-18,17,prod_037,ctx_035,0.6816087961196899,0.6816087961196899,tea,4.465653320257216,winter,normal
10,seg_01,2024-01-18,17,prod_039,ctx_099,0.49185964465141296,0.49185964465141296,water_enhanced,3.8988089734433626,winter,normal
11,seg_01,2024-01-18,17,prod_030,ctx_063,0.6142550706863403,0.6142550706863403,sports_drink,1.8347464149047943,winter,normal
12,seg_03,2024-01-18,17,prod_015,ctx_045,0.5798883438110352,0.5798883438110352,water_enhanced,3.2711775763750217,winter,normal
13,seg_03,2024-01-18,17,prod_019,ctx_002,0.4967634677886963,0.4967634677886963,energy_drink,2.4107592699159364,winter,normal
14,seg_03,2024-01-18,17,prod_017,ctx_014,0.5658270120620728,0.5658270120620728,energy_drink,2.595593824301548,winter,normal
15,seg_01,2024-01-18,17,prod_003,ctx_057,0.5698286294937134,0.5698286294937134,water_enhanced,2.1707877439111978,winter,normal
16,seg_01,2024-01-18,17,prod_039,ctx_090,0.584561288356781,0.584561288356781,water_enhanced,3.8988089734433626,winter,normal
17,seg_00,2024-01-18,17,prod_017,ctx_087,0.6640837788581848,0.6640837788581848,energy_drink,2.595593824301548,winter,normal
18,seg_00,2024-01-18,17,prod_025,ctx_001,0.5067578554153442,0.5067578554153442,tea,2.254662592241325,winter,normal
19,seg_01,2024-01-18,17,prod_037,ctx_066,0.49625787138938904,0.49625787138938904,tea,4.465653320257216,winter,normal
20,seg_04,2024-01-18,17,prod_048,ctx_002,0.47018519043922424,0.47018519043922424,energy_drink,4.081235791508453,winter,normal
21,seg_02,2024-01-18,17,prod_004,ctx_017,0.6249606609344482,0.6249606609344482,water_enhanced,1.529276579067372,winter,normal
22,seg_02,2024-01-18,17,prod_008,ctx_032,0.5049764513969421,0.5049764513969421,tea,4.72433246297033,winter,normal
23,seg_01,2024-01-18,17,prod_037,ctx_076,0.4925549030303955,0.4925549030303955,tea,4.465653320257216,winter,normal
24,seg_00,2024-01-18,17,prod_004,ctx_083,0.5857287645339966,0.5857287645339966,water_enhanced,1.529276579067372,winter,normal
25,seg_01,2024-01-18,17,prod_030,ctx_059,0.6840229034423828,0.6840229034423828,sports_drink,1.8347464149047943,winter,normal
26,seg_00,2024-01-18,17,prod_039,ctx_032,0.44876375794410706,0.44876375794410706,water_enhanced,3.8988089734433626,winter,normal
27,seg_04,2024-01-18,17,prod_045,ctx_085,0.58357173204422,0.58357173204422,coffee_drink,3.2417244952808453,winter,normal
28,seg_00,2024-01-18,17,prod_026,ctx_087,0.7530015110969543,0.7530015110969543,water_enhanced,2.635578137503645,winter,normal
29,seg_04,2024-01-18,17,prod_045,ctx_001,0.5824583768844604,0.5824583768844604,coffee_drink,3.2417244952808453,winter,normal
30,seg_00,2024-01-18,17,prod_012,ctx_014,0.5470935702323914,0.5470935702323914,water_enhanced,3.7448488511448903,winter,normal
31,seg_02,2024-01-18,17,prod_004,ctx_083,0.5709205865859985,0.5709205865859985,water_enhanced,1.529276579067372,winter,normal
32,seg_02,2024-01-18,17,prod_045,ctx_099,0.6261253356933594,0.6261253356933594,coffee_drink,3.2417244952808453,winter,normal
33,seg_01,2024-01-18,17,prod_012,ctx_002,0.5788241028785706,0.5788241028785706,water_enhanced,3.7448488511448903,winter,normal
34,seg_00,2024-01-18,17,prod_025,ctx_045,0.6540583968162537,0.6540583968162537,tea,2.254662592241325,winter,normal
35,seg_02,2024-01-18,17,prod_045,ctx_059,0.5600210428237915,0.5600210428237915,coffee_drink,3.2417244952808453,winter,normal
36,seg_02,2024-01-18,17,prod_032,ctx_012,0.6314080357551575,0.6314080357551575,sports_drink,4.414007229487187,winter,normal
37,seg_03,2024-01-18,17,prod_004,ctx_017,0.5925576686859131,0.5925576686859131,water_enhanced,1.529276579067372,winter,normal
38,seg_04,2024-01-18,17,prod_004,ctx_094,0.6041201949119568,0.6041201949119568,water_enhanced,1.529276579067372,winter,normal
39,seg_00,2024-01-18,17,prod_004,ctx_062,0.5435847640037537,0.5435847640037537,water_enhanced,1.529276579067372,winter,normal
40,seg_03,2024-01-18,17,prod_004,ctx_059,0.5903449654579163,0.5903449654579163,water_enhanced,1.529276579067372,winter,normal
41,seg_02,2024-01-18,17,prod_032,ctx_090,0.5433705449104309,0.5433705449104309,sports_drink,4.414007229487187,winter,normal
42,seg_01,2024-01-18,17,prod_025,ctx_013,0.6995216012001038,0.6995216012001038,tea,2.254662592241325,winter,normal
43,seg_04,2024-01-18,17,prod_025,ctx_027,0.6191185712814331,0.6191185712814331,tea,2.254662592241325,winter,normal
44,seg_01,2024-01-18,17,prod_016,ctx_032,0.5495728850364685,0.5495728850364685,coffee_drink,4.3731217915599405,winter,normal
45,seg_02,2024-01-18,17,prod_045,ctx_090,0.5253750681877136,0.5253750681877136,coffee_drink,3.2417244952808453,winter,normal
46,seg_03,2024-01-18,17,prod_019,ctx_014,0.6108243465423584,0.6108243465423584,energy_drink,2.4107592699159364,winter,normal
47,seg_02,2024-01-18,17,prod_000,ctx_017,0.5866709351539612,0.5866709351539612,water_enhanced,1.8300176530791445,winter,normal
48,seg_00,2024-01-18,17,prod_004,ctx_099,0.7289813160896301,0.7289813160896301,water_enhanced,1.529276579067372,winter,normal
49,seg_03,2024-01-18,17,prod_004,ctx_059,0.5807377696037292,0.5807377696037292,water_enhanced,1.529276579067372,winter,normal
0,seg_01,2024-01-19,18,prod_005,ctx_083,0.7097553014755249,0.7097553014755249,energy_drink,3.1680603019082882,winter,low
1,seg_04,2024-01-19,18,prod_013,ctx_083,0.6925135254859924,0.6925135254859924,sports_drink,3.905157823252153,winter,low
2,seg_04,2024-01-19,18,prod_046,ctx_063,0.6028378009796143,0.6028378009796143,tea,2.0888918909802254,winter,low
3,seg_00,2024-01-19,18,prod_039,ctx_057,0.529710590839386,0.529710590839386,water_enhanced,3.8988089734433626,winter,low
4,seg_00,2024-01-19,18,prod_037,ctx_096,0.5804885625839233,0.5804885625839233,tea,4.465653320257216,winter,low
5,seg_02,2024-01-19,18,prod_019,ctx_048,0.7195708155632019,0.7195708155632019,energy_drink,2.4107592699159364,winter,low
6,seg_00,2024-01-19,18,prod_003,ctx_012,0.7113206386566162,0.7113206386566162,water_enhanced,2.1707877439111978,winter,low
7,seg_00,2024-01-19,18,prod_039,ctx_096,0.6189132332801819,0.6189132332801819,water_enhanced,3.8988089734433626,winter,low
8,seg_00,2024-01-19,18,prod_013,ctx_001,0.48463308811187744,0.48463308811187744,sports_drink,3.905157823252153,winter,low
9,seg_04,2024-01-19,18,prod_025,ctx_004,0.5858274698257446,0.5858274698257446,tea,2.254662592241325,winter,low
10,seg_01,2024-01-19,18,prod_019,ctx_085,0.550224244594574,0.550224244594574,energy_drink,2.4107592699159364,winter,low
11,seg_01,2024-01-19,18,prod_004,ctx_014,0.5985761880874634,0.5985761880874634,water_enhanced,1.529276579067372,winter,low
12,seg_03,2024-01-19,18,prod_004,ctx_074,0.7257884740829468,0.7257884740829468,water_enhanced,1.529276579067372,winter,low
13,seg_03,2024-01-19,18,prod_036,ctx_032,0.4963975250720978,0.4963975250720978,sports_drink,2.5701661050735582,winter,low
14,seg_03,2024-01-19,18,prod_008,ctx_069,0.736078143119812,0.736078143119812,tea,4.72433246297033,winter,low
15,seg_01,2024-01-19,18,prod_004,ctx_061,0.7436507344245911,0.7436507344245911,water_enhanced,1.529276579067372,winter,low
16,seg_01,2024-01-19,18,prod_039,ctx_085,0.8672729134559631,0.8672729134559631,water_enhanced,3.8988089734433626,winter,low
17,seg_00,2024-01-19,18,prod_004,ctx_087,0.6389328241348267,0.6389328241348267,water_enhanced,1.529276579067372,winter,low
18,seg_00,2024-01-19,18,prod_012,ctx_096,0.5877499580383301,0.5877499580383301,water_enhanced,3.7448488511448903,winter,low
19,seg_01,2024-01-19,18,prod_030,ctx_069,0.5620585680007935,0.5620585680007935,sports_drink,1.8347464149047943,winter,low
20,seg_04,2024-01-19,18,prod_048,ctx_094,0.5953690409660339,0.5953690409660339,energy_drink,4.081235791508453,winter,low
21,seg_02,2024-01-19,18,prod_008,ctx_016,0.48448434472084045,0.48448434472084045,tea,4.72433246297033,winter,low
22,seg_02,2024-01-19,18,prod_026,ctx_045,0.6066749691963196,0.6066749691963196,water_enhanced,2.635578137503645,winter,low
23,seg_01,2024-01-19,18,prod_032,ctx_087,0.6116489171981812,0.6116489171981812,sports_drink,4.414007229487187,winter,low
24,seg_00,2024-01-19,18,prod_026,ctx_052,0.4940720498561859,0.4940720498561859,water_enhanced,2.635578137503645,winter,low
25,seg_01,2024-01-19,18,prod_025,ctx_035,0.7355279922485352,0.7355279922485352,tea,2.254662592241325,winter,low
26,seg_00,2024-01-19,18,prod_019,ctx_062,0.5515031814575195,0.5515031814575195,energy_drink,2.4107592699159364,winter,low
27,seg_04,2024-01-19,18,prod_003,ctx_044,0.6060339212417603,0.6060339212417603,water_enhanced,2.1707877439111978,winter,low
28,seg_00,2024-01-19,18,prod_003,ctx_035,0.5598273277282715,0.5598273277282715,water_enhanced,2.1707877439111978,winter,low
29,seg_04,2024-01-19,18,prod_012,ctx_016,0.47192975878715515,0.47192975878715515,water_enhanced,3.7448488511448903,winter,low
30,seg_00,2024-01-19,18,prod_048,ctx_013,0.7230355143547058,0.7230355143547058,energy_drink,4.081235791508453,winter,low
31,seg_02,2024-01-19,18,prod_048,ctx_071,0.6598671078681946,0.6598671078681946,energy_drink,4.081235791508453,winter,low
32,seg_02,2024-01-19,18,prod_026,ctx_017,0.6019192337989807,0.6019192337989807,water_enhanced,2.635578137503645,winter,low
33,seg_01,2024-01-19,18,prod_008,ctx_016,0.4765651226043701,0.4765651226043701,tea,4.72433246297033,winter,low
34,seg_00,2024-01-19,18,prod_013,ctx_059,0.6364665627479553,0.6364665627479553,sports_drink,3.905157823252153,winter,low
35,seg_02,2024-01-19,18,prod_039,ctx_045,0.6701151728630066,0.6701151728630066,water_enhanced,3.8988089734433626,winter,low
36,seg_02,2024-01-19,18,prod_032,ctx_035,0.6048116683959961,0.6048116683959961,sports_drink,4.414007229487187,winter,low
37,seg_03,2024-01-19,18,prod_003,ctx_045,0.6233325004577637,0.6233325004577637,water_enhanced,2.1707877439111978,winter,low
38,seg_04,2024-01-19,18,prod_025,ctx_038,0.8948567509651184,0.8948567509651184,tea,2.254662592241325,winter,low
39,seg_00,2024-01-19,18,prod_013,ctx_087,0.6044354438781738,0.6044354438781738,sports_drink,3.905157823252153,winter,low
40,seg_03,2024-01-19,18,prod_004,ctx_013,0.5809255838394165,0.5809255838394165,water_enhanced,1.529276579067372,winter,low
41,seg_02,2024-01-19,18,prod_045,ctx_069,0.5202998518943787,0.5202998518943787,coffee_drink,3.2417244952808453,winter,low
42,seg_01,2024-01-19,18,prod_003,ctx_012,0.7283298373222351,0.7283298373222351,water_enhanced,2.1707877439111978,winter,low
43,seg_04,2024-01-19,18,prod_017,ctx_074,0.6443960070610046,0.6443960070610046,energy_drink,2.595593824301548,winter,low
44,seg_01,2024-01-19,18,prod_047,ctx_002,0.46670442819595337,0.46670442819595337,tea,3.314873461380197,winter,low
45,seg_02,2024-01-19,18,prod_021,ctx_094,0.5216242074966431,0.5216242074966431,sports_drink,3.5160791890737566,winter,low
46,seg_03,2024-01-19,18,prod_004,ctx_085,0.7327426075935364,0.7327426075935364,water_enhanced,1.529276579067372,winter,low
47,seg_02,2024-01-19,18,prod_030,ctx_063,0.6114335060119629,0.6114335060119629,sports_drink,1.8347464149047943,winter,low
48,seg_00,2024-01-19,18,prod_048,ctx_062,0.5497525930404663,0.5497525930404663,energy_drink,4.081235791508453,winter,low
49,seg_03,2024-01-19,18,prod_039,ctx_061,0.7354095578193665,0.7354095578193665,water_enhanced,3.8988089734433626,winter,low
0,seg_01,2024-01-20,19,prod_013,ctx_005,0.6387346386909485,0.6387346386909485,sports_drink,3.905157823252153,winter,low
1,seg_04,2024-01-20,19,prod_008,ctx_002,0.47500869631767273,0.47500869631767273,tea,4.72433246297033,winter,low
2,seg_04,2024-01-20,19,prod_019,ctx_065,0.6137576699256897,0.6137576699256897,energy_drink,2.4107592699159364,winter,low
3,seg_00,2024-01-20,19,prod_045,ctx_052,0.7168464064598083,0.7168464064598083,coffee_drink,3.2417244952808453,winter,low
4,seg_00,2024-01-20,19,prod_017,ctx_045,0.73832106590271,0.73832106590271,energy_drink,2.595593824301548,winter,low
5,seg_02,2024-01-20,19,prod_019,ctx_005,0.6128050684928894,0.6128050684928894,energy_drink,2.4107592699159364,winter,low
6,seg_00,2024-01-20,19,prod_037,ctx_076,0.4806322753429413,0.4806322753429413,tea,4.465653320257216,winter,low
7,seg_00,2024-01-20,19,prod_011,ctx_052,0.7196044921875,0.7196044921875,juice,1.9397014866674778,winter,low
8,seg_00,2024-01-20,19,prod_030,ctx_065,0.6182124018669128,0.6182124018669128,sports_drink,1.8347464149047943,winter,low
9,seg_04,2024-01-20,19,prod_017,ctx_053,0.7124616503715515,0.7124616503715515,energy_drink,2.595593824301548,winter,low
10,seg_01,2024-01-20,19,prod_008,ctx_087,0.6440805196762085,0.6440805196762085,tea,4.72433246297033,winter,low
11,seg_01,2024-01-20,19,prod_025,ctx_016,0.6895189881324768,0.6895189881324768,tea,2.254662592241325,winter,low
12,seg_03,2024-01-20,19,prod_003,ctx_010,0.5296438932418823,0.5296438932418823,water_enhanced,2.1707877439111978,winter,low
13,seg_03,2024-01-20,19,prod_036,ctx_035,0.6113381385803223,0.6113381385803223,sports_drink,2.5701661050735582,winter,low
14,seg_03,2024-01-20,19,prod_003,ctx_087,0.6000381708145142,0.6000381708145142,water_enhanced,2.1707877439111978,winter,low
15,seg_01,2024-01-20,19,prod_045,ctx_035,0.5991779565811157,0.5991779565811157,coffee_drink,3.2417244952808453,winter,low
16,seg_01,2024-01-20,19,prod_032,ctx_061,0.6259870529174805,0.6259870529174805,sports_drink,4.414007229487187,winter,low
17,seg_00,2024-01-20,19,prod_026,ctx_052,0.5872907042503357,0.5872907042503357,water_enhanced,2.635578137503645,winter,low
18,seg_00,2024-01-20,19,prod_008,ctx_085,0.7372210621833801,0.7372210621833801,tea,4.72433246297033,winter,low
19,seg_01,2024-01-20,19,prod_019,ctx_085,0.5816684365272522,0.5816684365272522,energy_drink,2.4107592699159364,winter,low
20,seg_04,2024-01-20,19,prod_030,ctx_094,0.5477493405342102,0.5477493405342102,sports_drink,1.8347464149047943,winter,low
21,seg_02,2024-01-20,19,prod_013,ctx_057,0.5986572504043579,0.5986572504043579,sports_drink,3.905157823252153,winter,low
22,seg_02,2024-01-20,19,prod_003,ctx_045,0.6608182191848755,0.6608182191848755,water_enhanced,2.1707877439111978,winter,low
23,seg_01,2024-01-20,19,prod_019,ctx_045,0.6680544018745422,0.6680544018745422,energy_drink,2.4107592699159364,winter,low
24,seg_00,2024-01-20,19,prod_025,ctx_014,0.6211044192314148,0.6211044192314148,tea,2.254662592241325,winter,low
25,seg_01,2024-01-20,19,prod_045,ctx_061,0.6562139987945557,0.6562139987945557,coffee_drink,3.2417244952808453,winter,low
26,seg_00,2024-01-20,19,prod_012,ctx_048,0.5562886595726013,0.5562886595726013,water_enhanced,3.7448488511448903,winter,low
27,seg_04,2024-01-20,19,prod_017,ctx_013,0.7099649310112,0.7099649310112,energy_drink,2.595593824301548,winter,low
28,seg_00,2024-01-20,19,prod_004,ctx_038,0.4705851674079895,0.4705851674079895,water_enhanced,1.529276579067372,winter,low
29,seg_04,2024-01-20,19,prod_025,ctx_063,0.563815712928772,0.563815712928772,tea,2.254662592241325,winter,low
30,seg_00,2024-01-20,19,prod_013,ctx_066,0.5524339079856873,0.5524339079856873,sports_drink,3.905157823252153,winter,low
31,seg_02,2024-01-20,19,prod_013,ctx_035,0.7101378440856934,0.7101378440856934,sports_drink,3.905157823252153,winter,low
32,seg_02,2024-01-20,19,prod_025,ctx_057,0.7161172032356262,0.7161172032356262,tea,2.254662592241325,winter,low
33,seg_01,2024-01-20,19,prod_017,ctx_025,0.5421308875083923,0.5421308875083923,energy_drink,2.595593824301548,winter,low
34,seg_00,2024-01-20,19,prod_030,ctx_005,0.633628249168396,0.633628249168396,sports_drink,1.8347464149047943,winter,low
35,seg_02,2024-01-20,19,prod_037,ctx_001,0.7392772436141968,0.7392772436141968,tea,4.465653320257216,winter,low
36,seg_02,2024-01-20,19,prod_019,ctx_016,0.48206761479377747,0.48206761479377747,energy_drink,2.4107592699159364,winter,low
37,seg_03,2024-01-20,19,prod_004,ctx_032,0.501803457736969,0.501803457736969,water_enhanced,1.529276579067372,winter,low
38,seg_04,2024-01-20,19,prod_039,ctx_085,0.6332172751426697,0.6332172751426697,water_enhanced,3.8988089734433626,winter,low
39,seg_00,2024-01-20,19,prod_041,ctx_087,0.6810483932495117,0.6810483932495117,sports_drink,4.241736393454328,winter,low
40,seg_03,2024-01-20,19,prod_008,ctx_066,0.49955418705940247,0.49955418705940247,tea,4.72433246297033,winter,low
41,seg_02,2024-01-20,19,prod_032,ctx_053,0.6126217842102051,0.6126217842102051,sports_drink,4.414007229487187,winter,low
42,seg_01,2024-01-20,19,prod_048,ctx_062,0.5458546280860901,0.5458546280860901,energy_drink,4.081235791508453,winter,low
43,seg_04,2024-01-20,19,prod_019,ctx_094,0.6713613867759705,0.6713613867759705,energy_drink,2.4107592699159364,winter,low
44,seg_01,2024-01-20,19,prod_048,ctx_090,0.6431531310081482,0.6431531310081482,energy_drink,4.081235791508453,winter,low
45,seg_02,2024-01-20,19,prod_032,ctx_087,0.7703535556793213,0.7703535556793213,sports_drink,4.414007229487187,winter,low
46,seg_03,2024-01-20,19,prod_048,ctx_085,0.5660478472709656,0.5660478472709656,energy_drink,4.081235791508453,winter,low
47,seg_02,2024-01-20,19,prod_017,ctx_001,0.5797826051712036,0.5797826051712036,energy_drink,2.595593824301548,winter,low
48,seg_00,2024-01-20,19,prod_026,ctx_035,0.5762668251991272,0.5762668251991272,water_enhanced,2.635578137503645,winter,low
49,seg_03,2024-01-20,19,prod_039,ctx_005,0.8128708600997925,0.8128708600997925,water_enhanced,3.8988089734433626,winter,low
0,seg_01,2024-01-21,20,prod_037,ctx_096,0.5630496740341187,0.5630496740341187,tea,4.465653320257216,winter,low
1,seg_04,2024-01-21,20,prod_046,ctx_013,0.6210886836051941,0.6210886836051941,tea,2.0888918909802254,winter,low
2,seg_04,2024-01-21,20,prod_013,ctx_094,0.5469859838485718,0.5469859838485718,sports_drink,3.905157823252153,winter,low
3,seg_00,2024-01-21,20,prod_045,ctx_048,0.5803029537200928,0.5803029537200928,coffee_drink,3.2417244952808453,winter,low
4,seg_00,2024-01-21,20,prod_036,ctx_069,0.5692752003669739,0.5692752003669739,sports_drink,2.5701661050735582,winter,low
5,seg_02,2024-01-21,20,prod_017,ctx_059,0.5601766109466553,0.5601766109466553,energy_drink,2.595593824301548,winter,low
6,seg_00,2024-01-21,20,prod_037,ctx_032,0.5924257040023804,0.5924257040023804,tea,4.465653320257216,winter,low
7,seg_00,2024-01-21,20,prod_012,ctx_096,0.5459018349647522,0.5459018349647522,water_enhanced,3.7448488511448903,winter,low
8,seg_00,2024-01-21,20,prod_031,ctx_001,0.5214360952377319,0.5214360952377319,juice,5.050973734732342,winter,low
9,seg_04,2024-01-21,20,prod_045,ctx_087,0.600008487701416,0.600008487701416,coffee_drink,3.2417244952808453,winter,low
10,seg_01,2024-01-21,20,prod_019,ctx_052,0.5931176543235779,0.5931176543235779,energy_drink,2.4107592699159364,winter,low
11,seg_01,2024-01-21,20,prod_013,ctx_083,0.5900940299034119,0.5900940299034119,sports_drink,3.905157823252153,winter,low
12,seg_03,2024-01-21,20,prod_048,ctx_099,0.5146856307983398,0.5146856307983398,energy_drink,4.081235791508453,winter,low
13,seg_03,2024-01-21,20,prod_019,ctx_076,0.4768390655517578,0.4768390655517578,energy_drink,2.4107592699159364,winter,low
14,seg_03,2024-01-21,20,prod_004,ctx_066,0.5856147408485413,0.5856147408485413,water_enhanced,1.529276579067372,winter,low
15,seg_01,2024-01-21,20,prod_012,ctx_065,0.5630505084991455,0.5630505084991455,water_enhanced,3.7448488511448903,winter,low
16,seg_01,2024-01-21,20,prod_030,ctx_083,0.6011025309562683,0.6011025309562683,sports_drink,1.8347464149047943,winter,low
17,seg_00,2024-01-21,20,prod_012,ctx_066,0.4739375710487366,0.4739375710487366,water_enhanced,3.7448488511448903,winter,low
18,seg_00,2024-01-21,20,prod_013,ctx_057,0.5994992852210999,0.5994992852210999,sports_drink,3.905157823252153,winter,low
19,seg_01,2024-01-21,20,prod_012,ctx_004,0.5304005146026611,0.5304005146026611,water_enhanced,3.7448488511448903,winter,low
20,seg_04,2024-01-21,20,prod_032,ctx_013,0.7298499345779419,0.7298499345779419,sports_drink,4.414007229487187,winter,low
21,seg_02,2024-01-21,20,prod_012,ctx_012,0.6730771064758301,0.6730771064758301,water_enhanced,3.7448488511448903,winter,low
22,seg_02,2024-01-21,20,prod_019,ctx_099,0.7021732926368713,0.7021732926368713,energy_drink,2.4107592699159364,winter,low
23,seg_01,2024-01-21,20,prod_026,ctx_038,0.544579267501831,0.544579267501831,water_enhanced,2.635578137503645,winter,low
24,seg_00,2024-01-21,20,prod_012,ctx_076,0.7534760236740112,0.7534760236740112,water_enhanced,3.7448488511448903,winter,low
25,seg_01,2024-01-21,20,prod_030,ctx_074,0.5912241339683533,0.5912241339683533,sports_drink,1.8347464149047943,winter,low
26,seg_00,2024-01-21,20,prod_045,ctx_045,0.6057331562042236,0.6057331562042236,coffee_drink,3.2417244952808453,winter,low
27,seg_04,2024-01-21,20,prod_026,ctx_094,0.5243571996688843,0.5243571996688843,water_enhanced,2.635578137503645,winter,low
28,seg_00,2024-01-21,20,prod_032,ctx_094,0.5564836263656616,0.5564836263656616,sports_drink,4.414007229487187,winter,low
29,seg_04,2024-01-21,20,prod_039,ctx_059,0.5612751841545105,0.5612751841545105,water_enhanced,3.8988089734433626,winter,low
30,seg_00,2024-01-21,20,prod_003,ctx_085,0.5499356389045715,0.5499356389045715,water_enhanced,2.1707877439111978,winter,low
31,seg_02,2024-01-21,20,prod_008,ctx_002,0.47868695855140686,0.47868695855140686,tea,4.72433246297033,winter,low
32,seg_02,2024-01-21,20,prod_017,ctx_012,0.6766964793205261,0.6766964793205261,energy_drink,2.595593824301548,winter,low
33,seg_01,2024-01-21,20,prod_017,ctx_032,0.5015831589698792,0.5015831589698792,energy_drink,2.595593824301548,winter,low
34,seg_00,2024-01-21,20,prod_002,ctx_016,0.4988900125026703,0.4988900125026703,soda,3.2999186060697685,winter,low
35,seg_02,2024-01-21,20,prod_045,ctx_017,0.5733067393302917,0.5733067393302917,coffee_drink,3.2417244952808453,winter,low
36,seg_02,2024-01-21,20,prod_030,ctx_045,0.6193434596061707,0.6193434596061707,sports_drink,1.8347464149047943,winter,low
37,seg_03,2024-01-21,20,prod_037,ctx_069,0.5262113213539124,0.5262113213539124,tea,4.465653320257216,winter,low
38,seg_04,2024-01-21,20,prod_012,ctx_035,0.6605310440063477,0.6605310440063477,water_enhanced,3.7448488511448903,winter,low
39,seg_00,2024-01-21,20,prod_048,ctx_076,0.49267199635505676,0.49267199635505676,energy_drink,4.081235791508453,winter,low
40,seg_03,2024-01-21,20,prod_045,ctx_012,0.7382161617279053,0.7382161617279053,coffee_drink,3.2417244952808453,winter,low
41,seg_02,2024-01-21,20,prod_017,ctx_017,0.5693203806877136,0.5693203806877136,energy_drink,2.595593824301548,winter,low
42,seg_01,2024-01-21,20,prod_003,ctx_010,0.5405798554420471,0.5405798554420471,water_enhanced,2.1707877439111978,winter,low
43,seg_04,2024-01-21,20,prod_017,ctx_083,0.6840987801551819,0.6840987801551819,energy_drink,2.595593824301548,winter,low
44,seg_01,2024-01-21,20,prod_032,ctx_012,0.6036108136177063,0.6036108136177063,sports_drink,4.414007229487187,winter,low
45,seg_02,2024-01-21,20,prod_003,ctx_044,0.5520709156990051,0.5520709156990051,water_enhanced,2.1707877439111978,winter,low
46,seg_03,2024-01-21,20,prod_048,ctx_065,0.5802556276321411,0.5802556276321411,energy_drink,4.081235791508453,winter,low
47,seg_02,2024-01-21,20,prod_039,ctx_094,0.5343719124794006,0.5343719124794006,water_enhanced,3.8988089734433626,winter,low
48,seg_00,2024-01-21,20,prod_029,ctx_038,0.5040028095245361,0.5040028095245361,energy_drink,4.569376607786005,winter,low
49,seg_03,2024-01-21,20,prod_008,ctx_061,0.662030816078186,0.662030816078186,tea,4.72433246297033,winter,low
0,seg_01,2024-01-22,21,prod_045,ctx_065,0.7461155652999878,0.7461155652999878,coffee_drink,3.3408300585972106,winter,low
1,seg_04,2024-01-22,21,prod_004,ctx_038,0.5435132384300232,0.5435132384300232,water_enhanced,1.5405381286296043,winter,low
2,seg_04,2024-01-22,21,prod_019,ctx_096,0.8821921348571777,0.8821921348571777,energy_drink,2.382466025999956,winter,low
3,seg_00,2024-01-22,21,prod_027,ctx_087,0.6458893418312073,0.6458893418312073,energy_drink,4.799696481194843,winter,low
4,seg_00,2024-01-22,21,prod_013,ctx_062,0.6148168444633484,0.6148168444633484,sports_drink,4.014254699623839,winter,low
5,seg_02,2024-01-22,21,prod_032,ctx_012,0.6615279316902161,0.6615279316902161,sports_drink,4.424979789666951,winter,low
6,seg_00,2024-01-22,21,prod_039,ctx_014,0.5469933748245239,0.5469933748245239,water_enhanced,3.980187598414293,winter,low
7,seg_00,2024-01-22,21,prod_017,ctx_004,0.6639232635498047,0.6639232635498047,energy_drink,2.649768824177834,winter,low
8,seg_00,2024-01-22,21,prod_034,ctx_063,0.5823010802268982,0.5823010802268982,coffee_drink,3.7189857873446397,winter,low
9,seg_04,2024-01-22,21,prod_025,ctx_066,0.6549586057662964,0.6549586057662964,tea,2.2944113780831206,winter,low
10,seg_01,2024-01-22,21,prod_017,ctx_061,0.6322658658027649,0.6322658658027649,energy_drink,2.649768824177834,winter,low
11,seg_01,2024-01-22,21,prod_037,ctx_071,0.5445463061332703,0.5445463061332703,tea,4.546698643065129,winter,low
12,seg_03,2024-01-22,21,prod_013,ctx_025,0.5804606080055237,0.5804606080055237,sports_drink,4.014254699623839,winter,low
13,seg_03,2024-01-22,21,prod_019,ctx_045,0.6489974856376648,0.6489974856376648,energy_drink,2.382466025999956,winter,low
14,seg_03,2024-01-22,21,prod_003,ctx_063,0.5384579300880432,0.5384579300880432,water_enhanced,2.1448642805257596,winter,low
15,seg_01,2024-01-22,21,prod_008,ctx_074,0.6307542324066162,0.6307542324066162,tea,4.7928997443459895,winter,low
16,seg_01,2024-01-22,21,prod_025,ctx_066,0.5048629641532898,0.5048629641532898,tea,2.2944113780831206,winter,low
17,seg_00,2024-01-22,21,prod_001,ctx_013,0.5886931419372559,0.5886931419372559,juice,4.6559877165565915,winter,low
18,seg_00,2024-01-22,21,prod_008,ctx_025,0.5425903797149658,0.5425903797149658,tea,4.7928997443459895,winter,low
19,seg_01,2024-01-22,21,prod_026,ctx_012,0.5783183574676514,0.5783183574676514,water_enhanced,2.66605494153826,winter,low
20,seg_04,2024-01-22,21,prod_003,ctx_010,0.5578752160072327,0.5578752160072327,water_enhanced,2.1448642805257596,winter,low
21,seg_02,2024-01-22,21,prod_019,ctx_076,0.48409751057624817,0.48409751057624817,energy_drink,2.382466025999956,winter,low
22,seg_02,2024-01-22,21,prod_026,ctx_016,0.512573778629303,0.512573778629303,water_enhanced,2.66605494153826,winter,low
23,seg_01,2024-01-22,21,prod_003,ctx_016,0.47864654660224915,0.47864654660224915,water_enhanced,2.1448642805257596,winter,low
24,seg_00,2024-01-22,21,prod_008,ctx_016,0.47702115774154663,0.47702115774154663,tea,4.7928997443459895,winter,low
25,seg_01,2024-01-22,21,prod_032,ctx_044,0.6060144901275635,0.6060144901275635,sports_drink,4.424979789666951,winter,low
26,seg_00,2024-01-22,21,prod_039,ctx_066,0.550412654876709,0.550412654876709,water_enhanced,3.980187598414293,winter,low
27,seg_04,2024-01-22,21,prod_030,ctx_045,0.8551799654960632,0.8551799654960632,sports_drink,1.8971601888179592,winter,low
28,seg_00,2024-01-22,21,prod_017,ctx_066,0.7424670457839966,0.7424670457839966,energy_drink,2.649768824177834,winter,low
29,seg_04,2024-01-22,21,prod_013,ctx_069,0.7531378269195557,0.7531378269195557,sports_drink,4.014254699623839,winter,low
30,seg_00,2024-01-22,21,prod_045,ctx_048,0.5741956233978271,0.5741956233978271,coffee_drink,3.3408300585972106,winter,low
31,seg_02,2024-01-22,21,prod_030,ctx_065,0.6053072214126587,0.6053072214126587,sports_drink,1.8971601888179592,winter,low
32,seg_02,2024-01-22,21,prod_048,ctx_032,0.49501264095306396,0.49501264095306396,energy_drink,4.1292231716985945,winter,low
33,seg_01,2024-01-22,21,prod_032,ctx_052,0.5857545137405396,0.5857545137405396,sports_drink,4.424979789666951,winter,low
34,seg_00,2024-01-22,21,prod_025,ctx_017,0.5639692544937134,0.5639692544937134,tea,2.2944113780831206,winter,low
35,seg_02,2024-01-22,21,prod_048,ctx_027,0.6166727542877197,0.6166727542877197,energy_drink,4.1292231716985945,winter,low
36,seg_02,2024-01-22,21,prod_045,ctx_061,0.6668884754180908,0.6668884754180908,coffee_drink,3.3408300585972106,winter,low
37,seg_03,2024-01-22,21,prod_012,ctx_027,0.6579057574272156,0.6579057574272156,water_enhanced,3.8316604423293623,winter,low
38,seg_04,2024-01-22,21,prod_025,ctx_025,0.5552808046340942,0.5552808046340942,tea,2.2944113780831206,winter,low
39,seg_00,2024-01-22,21,prod_045,ctx_027,0.6042296886444092,0.6042296886444092,coffee_drink,3.3408300585972106,winter,low
40,seg_03,2024-01-22,21,prod_032,ctx_085,0.6235196590423584,0.6235196590423584,sports_drink,4.424979789666951,winter,low
41,seg_02,2024-01-22,21,prod_045,ctx_087,0.6221637725830078,0.6221637725830078,coffee_drink,3.3408300585972106,winter,low
42,seg_01,2024-01-22,21,prod_030,ctx_052,0.5247175693511963,0.5247175693511963,sports_drink,1.8971601888179592,winter,low
43,seg_04,2024-01-22,21,prod_003,ctx_087,0.6553370356559753,0.6553370356559753,water_enhanced,2.1448642805257596,winter,low
44,seg_01,2024-01-22,21,prod_048,ctx_083,0.5495842695236206,0.5495842695236206,energy_drink,4.1292231716985945,winter,low
45,seg_02,2024-01-22,21,prod_032,ctx_045,0.7574757933616638,0.7574757933616638,sports_drink,4.424979789666951,winter,low
46,seg_03,2024-01-22,21,prod_046,ctx_044,0.6413127183914185,0.6413127183914185,tea,2.0948173755596216,winter,low
47,seg_02,2024-01-22,21,prod_017,ctx_017,0.7433378100395203,0.7433378100395203,energy_drink,2.649768824177834,winter,low
48,seg_00,2024-01-22,21,prod_017,ctx_035,0.6754329800605774,0.6754329800605774,energy_drink,2.649768824177834,winter,low
49,seg_03,2024-01-22,21,prod_048,ctx_048,0.600459098815918,0.600459098815918,energy_drink,4.1292231716985945,winter,low
0,seg_01,2024-01-23,22,prod_001,ctx_062,0.571368932723999,0.571368932723999,juice,4.6559877165565915,winter,normal
1,seg_04,2024-01-23,22,prod_032,ctx_045,0.6050418615341187,0.6050418615341187,sports_drink,4.424979789666951,winter,normal
2,seg_04,2024-01-23,22,prod_004,ctx_083,0.6547117829322815,0.6547117829322815,water_enhanced,1.5405381286296043,winter,normal
3,seg_00,2024-01-23,22,prod_026,ctx_025,0.5601562857627869,0.5601562857627869,water_enhanced,2.66605494153826,winter,normal
4,seg_00,2024-01-23,22,prod_008,ctx_016,0.49160465598106384,0.49160465598106384,tea,4.7928997443459895,winter,normal
5,seg_02,2024-01-23,22,prod_037,ctx_044,0.567141056060791,0.567141056060791,tea,4.546698643065129,winter,normal
6,seg_00,2024-01-23,22,prod_030,ctx_044,0.7615151405334473,0.7615151405334473,sports_drink,1.8971601888179592,winter,normal
7,seg_00,2024-01-23,22,prod_048,ctx_004,0.5421214699745178,0.5421214699745178,energy_drink,4.1292231716985945,winter,normal
8,seg_00,2024-01-23,22,prod_045,ctx_063,0.5837383270263672,0.5837383270263672,coffee_drink,3.3408300585972106,winter,normal
9,seg_04,2024-01-23,22,prod_019,ctx_027,0.6022598147392273,0.6022598147392273,energy_drink,2.382466025999956,winter,normal
10,seg_01,2024-01-23,22,prod_012,ctx_099,0.5311304926872253,0.5311304926872253,water_enhanced,3.8316604423293623,winter,normal
11,seg_01,2024-01-23,22,prod_019,ctx_083,0.7067974209785461,0.7067974209785461,energy_drink,2.382466025999956,winter,normal
12,seg_03,2024-01-23,22,prod_017,ctx_085,0.6583713889122009,0.6583713889122009,energy_drink,2.649768824177834,winter,normal
13,seg_03,2024-01-23,22,prod_003,ctx_062,0.6128576397895813,0.6128576397895813,water_enhanced,2.1448642805257596,winter,normal
14,seg_03,2024-01-23,22,prod_025,ctx_035,0.7601267099380493,0.7601267099380493,tea,2.2944113780831206,winter,normal
15,seg_01,2024-01-23,22,prod_019,ctx_025,0.585986316204071,0.585986316204071,energy_drink,2.382466025999956,winter,normal
16,seg_01,2024-01-23,22,prod_048,ctx_069,0.5213804841041565,0.5213804841041565,energy_drink,4.1292231716985945,winter,normal
17,seg_00,2024-01-23,22,prod_037,ctx_027,0.5921393632888794,0.5921393632888794,tea,4.546698643065129,winter,normal
18,seg_00,2024-01-23,22,prod_004,ctx_012,0.6755704283714294,0.6755704283714294,water_enhanced,1.5405381286296043,winter,normal
19,seg_01,2024-01-23,22,prod_003,ctx_052,0.4886828064918518,0.4886828064918518,water_enhanced,2.1448642805257596,winter,normal
20,seg_04,2024-01-23,22,prod_003,ctx_010,0.5301991105079651,0.5301991105079651,water_enhanced,2.1448642805257596,winter,normal
21,seg_02,2024-01-23,22,prod_048,ctx_066,0.5502111315727234,0.5502111315727234,energy_drink,4.1292231716985945,winter,normal
22,seg_02,2024-01-23,22,prod_037,ctx_014,0.5681614279747009,0.5681614279747009,tea,4.546698643065129,winter,normal
23,seg_01,2024-01-23,22,prod_026,ctx_061,0.6197354197502136,0.6197354197502136,water_enhanced,2.66605494153826,winter,normal
24,seg_00,2024-01-23,22,prod_017,ctx_012,0.6481130123138428,0.6481130123138428,energy_drink,2.649768824177834,winter,normal
25,seg_01,2024-01-23,22,prod_017,ctx_016,0.5265691876411438,0.5265691876411438,energy_drink,2.649768824177834,winter,normal
26,seg_00,2024-01-23,22,prod_048,ctx_057,0.6692949533462524,0.6692949533462524,energy_drink,4.1292231716985945,winter,normal
27,seg_04,2024-01-23,22,prod_003,ctx_090,0.5597614645957947,0.5597614645957947,water_enhanced,2.1448642805257596,winter,normal
28,seg_00,2024-01-23,22,prod_031,ctx_062,0.5919390916824341,0.5919390916824341,juice,4.874300897774054,winter,normal
29,seg_04,2024-01-23,22,prod_003,ctx_085,0.5460032224655151,0.5460032224655151,water_enhanced,2.1448642805257596,winter,normal
30,seg_00,2024-01-23,22,prod_032,ctx_061,0.6070618629455566,0.6070618629455566,sports_drink,4.424979789666951,winter,normal
31,seg_02,2024-01-23,22,prod_030,ctx_062,0.6090118885040283,0.6090118885040283,sports_drink,1.8971601888179592,winter,normal
32,seg_02,2024-01-23,22,prod_019,ctx_087,0.5801644921302795,0.5801644921302795,energy_drink,2.382466025999956,winter,normal
33,seg_01,2024-01-23,22,prod_039,ctx_035,0.6635059118270874,0.6635059118270874,water_enhanced,3.980187598414293,winter,normal
34,seg_00,2024-01-23,22,prod_003,ctx_052,0.5383773446083069,0.5383773446083069,water_enhanced,2.1448642805257596,winter,normal
35,seg_02,2024-01-23,22,prod_048,ctx_052,0.6496226191520691,0.6496226191520691,energy_drink,4.1292231716985945,winter,normal
36,seg_02,2024-01-23,22,prod_045,ctx_090,0.5737110376358032,0.5737110376358032,coffee_drink,3.3408300585972106,winter,normal
37,seg_03,2024-01-23,22,prod_001,ctx_005,0.6148571372032166,0.6148571372032166,juice,4.6559877165565915,winter,normal
38,seg_04,2024-01-23,22,prod_048,ctx_032,0.5298006534576416,0.5298006534576416,energy_drink,4.1292231716985945,winter,normal
39,seg_00,2024-01-23,22,prod_004,ctx_061,0.6350088715553284,0.6350088715553284,water_enhanced,1.5405381286296043,winter,normal
40,seg_03,2024-01-23,22,prod_030,ctx_063,0.6158595681190491,0.6158595681190491,sports_drink,1.8971601888179592,winter,normal
41,seg_02,2024-01-23,22,prod_017,ctx_005,0.6413246989250183,0.6413246989250183,energy_drink,2.649768824177834,winter,normal
42,seg_01,2024-01-23,22,prod_030,ctx_076,0.655749499797821,0.655749499797821,sports_drink,1.8971601888179592,winter,normal
43,seg_04,2024-01-23,22,prod_045,ctx_014,0.5653784275054932,0.5653784275054932,coffee_drink,3.3408300585972106,winter,normal
44,seg_01,2024-01-23,22,prod_013,ctx_071,0.6487905979156494,0.6487905979156494,sports_drink,4.014254699623839,winter,normal
45,seg_02,2024-01-23,22,prod_003,ctx_096,0.5270416736602783,0.5270416736602783,water_enhanced,2.1448642805257596,winter,normal
46,seg_03,2024-01-23,22,prod_048,ctx_013,0.560379683971405,0.560379683971405,energy_drink,4.1292231716985945,winter,normal
47,seg_02,2024-01-23,22,prod_017,ctx_005,0.60257488489151,0.60257488489151,energy_drink,2.649768824177834,winter,normal
48,seg_00,2024-01-23,22,prod_017,ctx_027,0.6033982634544373,0.6033982634544373,energy_drink,2.649768824177834,winter,normal
49,seg_03,2024-01-23,22,prod_017,ctx_063,0.5876063108444214,0.5876063108444214,energy_drink,2.649768824177834,winter,normal
0,seg_01,2024-01-24,23,prod_045,ctx_087,0.5900179147720337,0.5900179147720337,coffee_drink,3.3408300585972106,winter,low
1,seg_04,2024-01-24,23,prod_017,ctx_057,0.6529282331466675,0.6529282331466675,energy_drink,2.649768824177834,winter,low
2,seg_04,2024-01-24,23,prod_008,ctx_010,0.5620707869529724,0.5620707869529724,tea,4.7928997443459895,winter,low
3,seg_00,2024-01-24,23,prod_045,ctx_071,0.5539554357528687,0.5539554357528687,coffee_drink,3.3408300585972106,winter,low
4,seg_00,2024-01-24,23,prod_025,ctx_062,0.7566564083099365,0.7566564083099365,tea,2.2944113780831206,winter,low
5,seg_02,2024-01-24,23,prod_019,ctx_032,0.679032027721405,0.679032027721405,energy_drink,2.382466025999956,winter,low
6,seg_00,2024-01-24,23,prod_012,ctx_004,0.5292194485664368,0.5292194485664368,water_enhanced,3.8316604423293623,winter,low
7,seg_00,2024-01-24,23,prod_017,ctx_001,0.5919623970985413,0.5919623970985413,energy_drink,2.649768824177834,winter,low
8,seg_00,2024-01-24,23,prod_013,ctx_053,0.6209954023361206,0.6209954023361206,sports_drink,4.014254699623839,winter,low
9,seg_04,2024-01-24,23,prod_012,ctx_099,0.5794837474822998,0.5794837474822998,water_enhanced,3.8316604423293623,winter,low
10,seg_01,2024-01-24,23,prod_006,ctx_071,0.539252519607544,0.539252519607544,water_enhanced,4.200491977206411,winter,low
11,seg_01,2024-01-24,23,prod_048,ctx_005,0.6409862637519836,0.6409862637519836,energy_drink,4.1292231716985945,winter,low
12,seg_03,2024-01-24,23,prod_017,ctx_057,0.5777890086174011,0.5777890086174011,energy_drink,2.649768824177834,winter,low
13,seg_03,2024-01-24,23,prod_007,ctx_025,0.5583624243736267,0.5583624243736267,tea,4.80154816319315,winter,low
14,seg_03,2024-01-24,23,prod_004,ctx_027,0.6337866187095642,0.6337866187095642,water_enhanced,1.5405381286296043,winter,low
15,seg_01,2024-01-24,23,prod_012,ctx_005,0.6719207167625427,0.6719207167625427,water_enhanced,3.8316604423293623,winter,low
16,seg_01,2024-01-24,23,prod_002,ctx_066,0.5252851247787476,0.5252851247787476,soda,3.311333500027431,winter,low
17,seg_00,2024-01-24,23,prod_037,ctx_044,0.6014123558998108,0.6014123558998108,tea,4.546698643065129,winter,low
18,seg_00,2024-01-24,23,prod_037,ctx_004,0.5396148562431335,0.5396148562431335,tea,4.546698643065129,winter,low
19,seg_01,2024-01-24,23,prod_044,ctx_032,0.6979308128356934,0.6979308128356934,juice,1.8063421721960113,winter,low
20,seg_04,2024-01-24,23,prod_012,ctx_057,0.5332298874855042,0.5332298874855042,water_enhanced,3.8316604423293623,winter,low
21,seg_02,2024-01-24,23,prod_021,ctx_027,0.615909993648529,0.615909993648529,sports_drink,3.696002701530454,winter,low
22,seg_02,2024-01-24,23,prod_017,ctx_071,0.7128730416297913,0.7128730416297913,energy_drink,2.649768824177834,winter,low
23,seg_01,2024-01-24,23,prod_008,ctx_099,0.4932795763015747,0.4932795763015747,tea,4.7928997443459895,winter,low
24,seg_00,2024-01-24,23,prod_045,ctx_004,0.5551292300224304,0.5551292300224304,coffee_drink,3.3408300585972106,winter,low
25,seg_01,2024-01-24,23,prod_019,ctx_083,0.5801365971565247,0.5801365971565247,energy_drink,2.382466025999956,winter,low
26,seg_00,2024-01-24,23,prod_017,ctx_012,0.7625444531440735,0.7625444531440735,energy_drink,2.649768824177834,winter,low
27,seg_04,2024-01-24,23,prod_013,ctx_090,0.4741611182689667,0.4741611182689667,sports_drink,4.014254699623839,winter,low
28,seg_00,2024-01-24,23,prod_017,ctx_063,0.5672484040260315,0.5672484040260315,energy_drink,2.649768824177834,winter,low
29,seg_04,2024-01-24,23,prod_013,ctx_012,0.6796312928199768,0.6796312928199768,sports_drink,4.014254699623839,winter,low
30,seg_00,2024-01-24,23,prod_017,ctx_052,0.6674805283546448,0.6674805283546448,energy_drink,2.649768824177834,winter,low
31,seg_02,2024-01-24,23,prod_013,ctx_059,0.6048822402954102,0.6048822402954102,sports_drink,4.014254699623839,winter,low
32,seg_02,2024-01-24,23,prod_004,ctx_057,0.6932530403137207,0.6932530403137207,water_enhanced,1.5405381286296043,winter,low
33,seg_01,2024-01-24,23,prod_039,ctx_053,0.9322454929351807,0.9322454929351807,water_enhanced,3.980187598414293,winter,low
34,seg_00,2024-01-24,23,prod_013,ctx_096,0.5653467178344727,0.5653467178344727,sports_drink,4.014254699623839,winter,low
35,seg_02,2024-01-24,23,prod_008,ctx_035,0.6595567464828491,0.6595567464828491,tea,4.7928997443459895,winter,low
36,seg_02,2024-01-24,23,prod_045,ctx_025,0.5540663003921509,0.5540663003921509,coffee_drink,3.3408300585972106,winter,low
37,seg_03,2024-01-24,23,prod_032,ctx_083,0.5892615914344788,0.5892615914344788,sports_drink,4.424979789666951,winter,low
38,seg_04,2024-01-24,23,prod_039,ctx_052,0.5001161098480225,0.5001161098480225,water_enhanced,3.980187598414293,winter,low
39,seg_00,2024-01-24,23,prod_019,ctx_048,0.6945452094078064,0.6945452094078064,energy_drink,2.382466025999956,winter,low
40,seg_03,2024-01-24,23,prod_004,ctx_061,0.6269596815109253,0.6269596815109253,water_enhanced,1.5405381286296043,winter,low
41,seg_02,2024-01-24,23,prod_025,ctx_066,0.6530427932739258,0.6530427932739258,tea,2.2944113780831206,winter,low
42,seg_01,2024-01-24,23,prod_008,ctx_044,0.5815295577049255,0.5815295577049255,tea,4.7928997443459895,winter,low
43,seg_04,2024-01-24,23,prod_013,ctx_094,0.60440993309021,0.60440993309021,sports_drink,4.014254699623839,winter,low
44,seg_01,2024-01-24,23,prod_019,ctx_038,0.5532798767089844,0.5532798767089844,energy_drink,2.382466025999956,winter,low
45,seg_02,2024-01-24,23,prod_048,ctx_059,0.7321556806564331,0.7321556806564331,energy_drink,4.1292231716985945,winter,low
46,seg_03,2024-01-24,23,prod_039,ctx_096,0.6003044843673706,0.6003044843673706,water_enhanced,3.980187598414293,winter,low
47,seg_02,2024-01-24,23,prod_017,ctx_066,0.5316036343574524,0.5316036343574524,energy_drink,2.649768824177834,winter,low
48,seg_00,2024-01-24,23,prod_012,ctx_005,0.6424254775047302,0.6424254775047302,water_enhanced,3.8316604423293623,winter,low
49,seg_03,2024-01-24,23,prod_012,ctx_096,0.6034249067306519,0.6034249067306519,water_enhanced,3.8316604423293623,winter,low
0,seg_01,2024-01-25,24,prod_005,ctx_048,0.6762267351150513,0.6762267351150513,energy_drink,3.111725196396816,winter,low
1,seg_04,2024-01-25,24,prod_019,ctx_044,0.6014544367790222,0.6014544367790222,energy_drink,2.382466025999956,winter,low
2,seg_04,2024-01-25,24,prod_025,ctx_065,0.5507904887199402,0.5507904887199402,tea,2.2944113780831206,winter,low
3,seg_00,2024-01-25,24,prod_004,ctx_027,0.6224849224090576,0.6224849224090576,water_enhanced,1.5405381286296043,winter,low
4,seg_00,2024-01-25,24,prod_012,ctx_099,0.5046113133430481,0.5046113133430481,water_enhanced,3.8316604423293623,winter,low
5,seg_02,2024-01-25,24,prod_019,ctx_071,0.5627111196517944,0.5627111196517944,energy_drink,2.382466025999956,winter,low
6,seg_00,2024-01-25,24,prod_019,ctx_074,0.5687912702560425,0.5687912702560425,energy_drink,2.382466025999956,winter,low
7,seg_00,2024-01-25,24,prod_019,ctx_048,0.5887542963027954,0.5887542963027954,energy_drink,2.382466025999956,winter,low
8,seg_00,2024-01-25,24,prod_045,ctx_059,0.5557685494422913,0.5557685494422913,coffee_drink,3.3408300585972106,winter,low
9,seg_04,2024-01-25,24,prod_032,ctx_032,0.4883580207824707,0.4883580207824707,sports_drink,4.424979789666951,winter,low
10,seg_01,2024-01-25,24,prod_021,ctx_038,0.6994765400886536,0.6994765400886536,sports_drink,3.696002701530454,winter,low
11,seg_01,2024-01-25,24,prod_004,ctx_044,0.60888671875,0.60888671875,water_enhanced,1.5405381286296043,winter,low
12,seg_03,2024-01-25,24,prod_024,ctx_096,0.6159483790397644,0.6159483790397644,coffee_drink,2.568857200208462,winter,low
13,seg_03,2024-01-25,24,prod_026,ctx_099,0.5289623141288757,0.5289623141288757,water_enhanced,2.66605494153826,winter,low
14,seg_03,2024-01-25,24,prod_013,ctx_065,0.6103009581565857,0.6103009581565857,sports_drink,4.014254699623839,winter,low
15,seg_01,2024-01-25,24,prod_030,ctx_014,0.5768603086471558,0.5768603086471558,sports_drink,1.8971601888179592,winter,low
16,seg_01,2024-01-25,24,prod_017,ctx_085,0.5759494304656982,0.5759494304656982,energy_drink,2.649768824177834,winter,low
17,seg_00,2024-01-25,24,prod_003,ctx_065,0.685431182384491,0.685431182384491,water_enhanced,2.1448642805257596,winter,low
18,seg_00,2024-01-25,24,prod_037,ctx_016,0.4978482723236084,0.4978482723236084,tea,4.546698643065129,winter,low
19,seg_01,2024-01-25,24,prod_019,ctx_074,0.5710393190383911,0.5710393190383911,energy_drink,2.382466025999956,winter,low
20,seg_04,2024-01-25,24,prod_008,ctx_074,0.6739462614059448,0.6739462614059448,tea,4.7928997443459895,winter,low
21,seg_02,2024-01-25,24,prod_045,ctx_014,0.6122242212295532,0.6122242212295532,coffee_drink,3.3408300585972106,winter,low
22,seg_02,2024-01-25,24,prod_032,ctx_062,0.5791527032852173,0.5791527032852173,sports_drink,4.424979789666951,winter,low
23,seg_01,2024-01-25,24,prod_025,ctx_087,0.5818988084793091,0.5818988084793091,tea,2.2944113780831206,winter,low
24,seg_00,2024-01-25,24,prod_032,ctx_010,0.6175966858863831,0.6175966858863831,sports_drink,4.424979789666951,winter,low
25,seg_01,2024-01-25,24,prod_030,ctx_044,0.5994079113006592,0.5994079113006592,sports_drink,1.8971601888179592,winter,low
26,seg_00,2024-01-25,24,prod_037,ctx_069,0.5268680453300476,0.5268680453300476,tea,4.546698643065129,winter,low
27,seg_04,2024-01-25,24,prod_013,ctx_076,0.5160860419273376,0.5160860419273376,sports_drink,4.014254699623839,winter,low
28,seg_00,2024-01-25,24,prod_025,ctx_066,0.6020850539207458,0.6020850539207458,tea,2.2944113780831206,winter,low
29,seg_04,2024-01-25,24,prod_026,ctx_027,0.6168268322944641,0.6168268322944641,water_enhanced,2.66605494153826,winter,low
30,seg_00,2024-01-25,24,prod_019,ctx_045,0.628173828125,0.628173828125,energy_drink,2.382466025999956,winter,low
31,seg_02,2024-01-25,24,prod_032,ctx_096,0.659824550151825,0.659824550151825,sports_drink,4.424979789666951,winter,low
32,seg_02,2024-01-25,24,prod_026,ctx_005,0.5847644805908203,0.5847644805908203,water_enhanced,2.66605494153826,winter,low
33,seg_01,2024-01-25,24,prod_012,ctx_071,0.49061375856399536,0.49061375856399536,water_enhanced,3.8316604423293623,winter,low
34,seg_00,2024-01-25,24,prod_025,ctx_099,0.6390620470046997,0.6390620470046997,tea,2.2944113780831206,winter,low
35,seg_02,2024-01-25,24,prod_037,ctx_083,0.5670555830001831,0.5670555830001831,tea,4.546698643065129,winter,low
36,seg_02,2024-01-25,24,prod_012,ctx_004,0.5213621258735657,0.5213621258735657,water_enhanced,3.8316604423293623,winter,low
37,seg_03,2024-01-25,24,prod_037,ctx_076,0.46553194522857666,0.46553194522857666,tea,4.546698643065129,winter,low
38,seg_04,2024-01-25,24,prod_003,ctx_066,0.752632200717926,0.752632200717926,water_enhanced,2.1448642805257596,winter,low
39,seg_00,2024-01-25,24,prod_019,ctx_059,0.5752246975898743,0.5752246975898743,energy_drink,2.382466025999956,winter,low
40,seg_03,2024-01-25,24,prod_032,ctx_035,0.7558032274246216,0.7558032274246216,sports_drink,4.424979789666951,winter,low
41,seg_02,2024-01-25,24,prod_045,ctx_044,0.6347028017044067,0.6347028017044067,coffee_drink,3.3408300585972106,winter,low
42,seg_01,2024-01-25,24,prod_019,ctx_062,0.6325127482414246,0.6325127482414246,energy_drink,2.382466025999956,winter,low
43,seg_04,2024-01-25,24,prod_048,ctx_027,0.6142170429229736,0.6142170429229736,energy_drink,4.1292231716985945,winter,low
44,seg_01,2024-01-25,24,prod_030,ctx_035,0.6161639094352722,0.6161639094352722,sports_drink,1.8971601888179592,winter,low
45,seg_02,2024-01-25,24,prod_008,ctx_087,0.6290002465248108,0.6290002465248108,tea,4.7928997443459895,winter,low
46,seg_03,2024-01-25,24,prod_026,ctx_002,0.7640637755393982,0.7640637755393982,water_enhanced,2.66605494153826,winter,low
47,seg_02,2024-01-25,24,prod_012,ctx_002,0.4629729986190796,0.4629729986190796,water_enhanced,3.8316604423293623,winter,low
48,seg_00,2024-01-25,24,prod_029,ctx_027,0.5865436792373657,0.5865436792373657,energy_drink,4.29637045825374,winter,low
49,seg_03,2024-01-25,24,prod_041,ctx_074,0.7390843033790588,0.7390843033790588,sports_drink,4.2524803186190505,winter,low
0,seg_01,2024-01-26,25,prod_003,ctx_012,0.6097820401191711,0.6097820401191711,water_enhanced,2.1448642805257596,winter,low
1,seg_04,2024-01-26,25,prod_037,ctx_016,0.49935442209243774,0.49935442209243774,tea,4.546698643065129,winter,low
2,seg_04,2024-01-26,25,prod_013,ctx_048,0.6140447854995728,0.6140447854995728,sports_drink,4.014254699623839,winter,low
3,seg_00,2024-01-26,25,prod_003,ctx_014,0.6075661182403564,0.6075661182403564,water_enhanced,2.1448642805257596,winter,low
4,seg_00,2024-01-26,25,prod_003,ctx_004,0.50938481092453,0.50938481092453,water_enhanced,2.1448642805257596,winter,low
5,seg_02,2024-01-26,25,prod_039,ctx_027,0.665612518787384,0.665612518787384,water_enhanced,3.980187598414293,winter,low
6,seg_00,2024-01-26,25,prod_039,ctx_052,0.5925523042678833,0.5925523042678833,water_enhanced,3.980187598414293,winter,low
7,seg_00,2024-01-26,25,prod_032,ctx_005,0.623479425907135,0.623479425907135,sports_drink,4.424979789666951,winter,low
8,seg_00,2024-01-26,25,prod_037,ctx_004,0.6020659804344177,0.6020659804344177,tea,4.546698643065129,winter,low
9,seg_04,2024-01-26,25,prod_037,ctx_025,0.5537791848182678,0.5537791848182678,tea,4.546698643065129,winter,low
10,seg_01,2024-01-26,25,prod_019,ctx_094,0.572260320186615,0.572260320186615,energy_drink,2.382466025999956,winter,low
11,seg_01,2024-01-26,25,prod_008,ctx_094,0.6691427826881409,0.6691427826881409,tea,4.7928997443459895,winter,low
12,seg_03,2024-01-26,25,prod_025,ctx_038,0.7291024327278137,0.7291024327278137,tea,2.2944113780831206,winter,low
13,seg_03,2024-01-26,25,prod_013,ctx_035,0.6041572690010071,0.6041572690010071,sports_drink,4.014254699623839,winter,low
14,seg_03,2024-01-26,25,prod_048,ctx_069,0.5410400629043579,0.5410400629043579,energy_drink,4.1292231716985945,winter,low
15,seg_01,2024-01-26,25,prod_012,ctx_085,0.7281306385993958,0.7281306385993958,water_enhanced,3.8316604423293623,winter,low
16,seg_01,2024-01-26,25,prod_003,ctx_014,0.6038860082626343,0.6038860082626343,water_enhanced,2.1448642805257596,winter,low
17,seg_00,2024-01-26,25,prod_017,ctx_004,0.5390381217002869,0.5390381217002869,energy_drink,2.649768824177834,winter,low
18,seg_00,2024-01-26,25,prod_001,ctx_035,0.6102499961853027,0.6102499961853027,juice,4.6559877165565915,winter,low
19,seg_01,2024-01-26,25,prod_032,ctx_001,0.5977842211723328,0.5977842211723328,sports_drink,4.424979789666951,winter,low
20,seg_04,2024-01-26,25,prod_037,ctx_025,0.5574359893798828,0.5574359893798828,tea,4.546698643065129,winter,low
21,seg_02,2024-01-26,25,prod_025,ctx_014,0.6699110865592957,0.6699110865592957,tea,2.2944113780831206,winter,low
22,seg_02,2024-01-26,25,prod_019,ctx_090,0.5398941040039062,0.5398941040039062,energy_drink,2.382466025999956,winter,low
23,seg_01,2024-01-26,25,prod_048,ctx_066,0.7406103610992432,0.7406103610992432,energy_drink,4.1292231716985945,winter,low
24,seg_00,2024-01-26,25,prod_048,ctx_004,0.5436964631080627,0.5436964631080627,energy_drink,4.1292231716985945,winter,low
25,seg_01,2024-01-26,25,prod_045,ctx_057,0.6051592230796814,0.6051592230796814,coffee_drink,3.3408300585972106,winter,low
26,seg_00,2024-01-26,25,prod_019,ctx_090,0.6192733645439148,0.6192733645439148,energy_drink,2.382466025999956,winter,low
27,seg_04,2024-01-26,25,prod_019,ctx_012,0.7465130090713501,0.7465130090713501,energy_drink,2.382466025999956,winter,low
28,seg_00,2024-01-26,25,prod_004,ctx_053,0.7113490700721741,0.7113490700721741,water_enhanced,1.5405381286296043,winter,low
29,seg_04,2024-01-26,25,prod_017,ctx_076,0.48769259452819824,0.48769259452819824,energy_drink,2.649768824177834,winter,low
30,seg_00,2024-01-26,25,prod_017,ctx_010,0.669044017791748,0.669044017791748,energy_drink,2.649768824177834,winter,low
31,seg_02,2024-01-26,25,prod_037,ctx_001,0.5764141082763672,0.5764141082763672,tea,4.546698643065129,winter,low
32,seg_02,2024-01-26,25,prod_026,ctx_038,0.4870053231716156,0.4870053231716156,water_enhanced,2.66605494153826,winter,low
33,seg_01,2024-01-26,25,prod_013,ctx_076,0.6277500987052917,0.6277500987052917,sports_drink,4.014254699623839,winter,low
34,seg_00,2024-01-26,25,prod_019,ctx_002,0.47803717851638794,0.47803717851638794,energy_drink,2.382466025999956,winter,low
35,seg_02,2024-01-26,25,prod_032,ctx_063,0.6888920664787292,0.6888920664787292,sports_drink,4.424979789666951,winter,low
36,seg_02,2024-01-26,25,prod_004,ctx_053,0.5491054654121399,0.5491054654121399,water_enhanced,1.5405381286296043,winter,low
37,seg_03,2024-01-26,25,prod_013,ctx_048,0.5982065796852112,0.5982065796852112,sports_drink,4.014254699623839,winter,low
38,seg_04,2024-01-26,25,prod_008,ctx_083,0.5560149550437927,0.5560149550437927,tea,4.7928997443459895,winter,low
39,seg_00,2024-01-26,25,prod_019,ctx_094,0.5976468324661255,0.5976468324661255,energy_drink,2.382466025999956,winter,low
40,seg_03,2024-01-26,25,prod_037,ctx_096,0.5627777576446533,0.5627777576446533,tea,4.546698643065129,winter,low
41,seg_02,2024-01-26,25,prod_039,ctx_094,0.6241841316223145,0.6241841316223145,water_enhanced,3.980187598414293,winter,low
42,seg_01,2024-01-26,25,prod_026,ctx_002,0.47733211517333984,0.47733211517333984,water_enhanced,2.66605494153826,winter,low
43,seg_04,2024-01-26,25,prod_037,ctx_025,0.6093994975090027,0.6093994975090027,tea,4.546698643065129,winter,low
44,seg_01,2024-01-26,25,prod_037,ctx_071,0.5348603129386902,0.5348603129386902,tea,4.546698643065129,winter,low
45,seg_02,2024-01-26,25,prod_012,ctx_061,0.6242071986198425,0.6242071986198425,water_enhanced,3.8316604423293623,winter,low
46,seg_03,2024-01-26,25,prod_034,ctx_063,0.5637989044189453,0.5637989044189453,coffee_drink,3.7189857873446397,winter,low
47,seg_02,2024-01-26,25,prod_049,ctx_025,0.5119264721870422,0.5119264721870422,juice,1.7307327768040282,winter,low
48,seg_00,2024-01-26,25,prod_030,ctx_027,0.6222992539405823,0.6222992539405823,sports_drink,1.8971601888179592,winter,low
49,seg_03,2024-01-26,25,prod_025,ctx_071,0.5484176278114319,0.5484176278114319,tea,2.2944113780831206,winter,low
0,seg_01,2024-01-27,26,prod_004,ctx_013,0.5364237427711487,0.5364237427711487,water_enhanced,1.5405381286296043,winter,low
1,seg_04,2024-01-27,26,prod_012,ctx_038,0.5403247475624084,0.5403247475624084,water_enhanced,3.8316604423293623,winter,low
2,seg_04,2024-01-27,26,prod_003,ctx_074,0.5715572834014893,0.5715572834014893,water_enhanced,2.1448642805257596,winter,low
3,seg_00,2024-01-27,26,prod_037,ctx_010,0.8028978705406189,0.8028978705406189,tea,4.546698643065129,winter,low
4,seg_00,2024-01-27,26,prod_032,ctx_062,0.6239718794822693,0.6239718794822693,sports_drink,4.424979789666951,winter,low
5,seg_02,2024-01-27,26,prod_032,ctx_065,0.6405963897705078,0.6405963897705078,sports_drink,4.424979789666951,winter,low
6,seg_00,2024-01-27,26,prod_030,ctx_065,0.7553023099899292,0.7553023099899292,sports_drink,1.8971601888179592,winter,low
7,seg_00,2024-01-27,26,prod_032,ctx_014,0.5924220681190491,0.5924220681190491,sports_drink,4.424979789666951,winter,low
8,seg_00,2024-01-27,26,prod_004,ctx_032,0.5106382966041565,0.5106382966041565,water_enhanced,1.5405381286296043,winter,low
9,seg_04,2024-01-27,26,prod_037,ctx_005,0.689804196357727,0.689804196357727,tea,4.546698643065129,winter,low
10,seg_01,2024-01-27,26,prod_015,ctx_012,0.7212966680526733,0.7212966680526733,water_enhanced,3.4183060322125214,winter,low
11,seg_01,2024-01-27,26,prod_032,ctx_032,0.4920969307422638,0.4920969307422638,sports_drink,4.424979789666951,winter,low
12,seg_03,2024-01-27,26,prod_003,ctx_076,0.4807998836040497,0.4807998836040497,water_enhanced,2.1448642805257596,winter,low
13,seg_03,2024-01-27,26,prod_048,ctx_048,0.5575840473175049,0.5575840473175049,energy_drink,4.1292231716985945,winter,low
14,seg_03,2024-01-27,26,prod_012,ctx_096,0.5689986944198608,0.5689986944198608,water_enhanced,3.8316604423293623,winter,low
15,seg_01,2024-01-27,26,prod_041,ctx_005,0.6113384962081909,0.6113384962081909,sports_drink,4.2524803186190505,winter,low
16,seg_01,2024-01-27,26,prod_037,ctx_017,0.7367972731590271,0.7367972731590271,tea,4.546698643065129,winter,low
17,seg_00,2024-01-27,26,prod_045,ctx_057,0.6504478454589844,0.6504478454589844,coffee_drink,3.3408300585972106,winter,low
18,seg_00,2024-01-27,26,prod_008,ctx_053,0.5459506511688232,0.5459506511688232,tea,4.7928997443459895,winter,low
19,seg_01,2024-01-27,26,prod_026,ctx_087,0.6054603457450867,0.6054603457450867,water_enhanced,2.66605494153826,winter,low
20,seg_04,2024-01-27,26,prod_005,ctx_083,0.611980140209198,0.611980140209198,energy_drink,3.111725196396816,winter,low
21,seg_02,2024-01-27,26,prod_019,ctx_013,0.6778046488761902,0.6778046488761902,energy_drink,2.382466025999956,winter,low
22,seg_02,2024-01-27,26,prod_033,ctx_005,0.6528748869895935,0.6528748869895935,energy_drink,4.796411719342673,winter,low
23,seg_01,2024-01-27,26,prod_037,ctx_044,0.5780357718467712,0.5780357718467712,tea,4.546698643065129,winter,low
24,seg_00,2024-01-27,26,prod_037,ctx_017,0.5911370515823364,0.5911370515823364,tea,4.546698643065129,winter,low
25,seg_01,2024-01-27,26,prod_008,ctx_035,0.7083569169044495,0.7083569169044495,tea,4.7928997443459895,winter,low
26,seg_00,2024-01-27,26,prod_037,ctx_069,0.5191870927810669,0.5191870927810669,tea,4.546698643065129,winter,low
27,seg_04,2024-01-27,26,prod_032,ctx_038,0.5864354968070984,0.5864354968070984,sports_drink,4.424979789666951,winter,low
28,seg_00,2024-01-27,26,prod_004,ctx_044,0.5166441202163696,0.5166441202163696,water_enhanced,1.5405381286296043,winter,low
29,seg_04,2024-01-27,26,prod_045,ctx_044,0.6074973940849304,0.6074973940849304,coffee_drink,3.3408300585972106,winter,low
30,seg_00,2024-01-27,26,prod_008,ctx_025,0.5587058663368225,0.5587058663368225,tea,4.7928997443459895,winter,low
31,seg_02,2024-01-27,26,prod_017,ctx_045,0.5967505574226379,0.5967505574226379,energy_drink,2.649768824177834,winter,low
32,seg_02,2024-01-27,26,prod_019,ctx_016,0.49006572365760803,0.49006572365760803,energy_drink,2.382466025999956,winter,low
33,seg_01,2024-01-27,26,prod_012,ctx_062,0.6070423722267151,0.6070423722267151,water_enhanced,3.8316604423293623,winter,low
34,seg_00,2024-01-27,26,prod_039,ctx_071,0.6159565448760986,0.6159565448760986,water_enhanced,3.980187598414293,winter,low
35,seg_02,2024-01-27,26,prod_019,ctx_076,0.48680946230888367,0.48680946230888367,energy_drink,2.382466025999956,winter,low
36,seg_02,2024-01-27,26,prod_012,ctx_071,0.4900282919406891,0.4900282919406891,water_enhanced,3.8316604423293623,winter,low
37,seg_03,2024-01-27,26,prod_012,ctx_076,0.4791604280471802,0.4791604280471802,water_enhanced,3.8316604423293623,winter,low
38,seg_04,2024-01-27,26,prod_030,ctx_061,0.611676037311554,0.611676037311554,sports_drink,1.8971601888179592,winter,low
39,seg_00,2024-01-27,26,prod_045,ctx_076,0.4963485300540924,0.4963485300540924,coffee_drink,3.3408300585972106,winter,low
40,seg_03,2024-01-27,26,prod_008,ctx_035,0.7586647868156433,0.7586647868156433,tea,4.7928997443459895,winter,low
41,seg_02,2024-01-27,26,prod_030,ctx_083,0.8133906126022339,0.8133906126022339,sports_drink,1.8971601888179592,winter,low
42,seg_01,2024-01-27,26,prod_013,ctx_014,0.5640195608139038,0.5640195608139038,sports_drink,4.014254699623839,winter,low
43,seg_04,2024-01-27,26,prod_048,ctx_016,0.4868326783180237,0.4868326783180237,energy_drink,4.1292231716985945,winter,low
44,seg_01,2024-01-27,26,prod_017,ctx_032,0.670284628868103,0.670284628868103,energy_drink,2.649768824177834,winter,low
45,seg_02,2024-01-27,26,prod_032,ctx_057,0.5987592935562134,0.5987592935562134,sports_drink,4.424979789666951,winter,low
46,seg_03,2024-01-27,26,prod_004,ctx_027,0.6144545078277588,0.6144545078277588,water_enhanced,1.5405381286296043,winter,low
47,seg_02,2024-01-27,26,prod_037,ctx_062,0.7099109292030334,0.7099109292030334,tea,4.546698643065129,winter,low
48,seg_00,2024-01-27,26,prod_004,ctx_048,0.5757220387458801,0.5757220387458801,water_enhanced,1.5405381286296043,winter,low
49,seg_03,2024-01-27,26,prod_019,ctx_094,0.6884008646011353,0.6884008646011353,energy_drink,2.382466025999956,winter,low
0,seg_01,2024-01-28,27,prod_037,ctx_061,0.5660032629966736,0.5660032629966736,tea,4.546698643065129,winter,low
1,seg_04,2024-01-28,27,prod_001,ctx_087,0.6168571710586548,0.6168571710586548,juice,4.6559877165565915,winter,low
2,seg_04,2024-01-28,27,prod_019,ctx_094,0.7296724915504456,0.7296724915504456,energy_drink,2.382466025999956,winter,low
3,seg_00,2024-01-28,27,prod_041,ctx_004,0.5977268815040588,0.5977268815040588,sports_drink,4.2524803186190505,winter,low
4,seg_00,2024-01-28,27,prod_003,ctx_087,0.5664669871330261,0.5664669871330261,water_enhanced,2.1448642805257596,winter,low
5,seg_02,2024-01-28,27,prod_026,ctx_004,0.5513752102851868,0.5513752102851868,water_enhanced,2.66605494153826,winter,low
6,seg_00,2024-01-28,27,prod_037,ctx_010,0.6853111982345581,0.6853111982345581,tea,4.546698643065129,winter,low
7,seg_00,2024-01-28,27,prod_048,ctx_004,0.6974626779556274,0.6974626779556274,energy_drink,4.1292231716985945,winter,low
8,seg_00,2024-01-28,27,prod_013,ctx_016,0.5437844395637512,0.5437844395637512,sports_drink,4.014254699623839,winter,low
9,seg_04,2024-01-28,27,prod_032,ctx_059,0.6564654111862183,0.6564654111862183,sports_drink,4.424979789666951,winter,low
10,seg_01,2024-01-28,27,prod_017,ctx_045,0.5942500829696655,0.5942500829696655,energy_drink,2.649768824177834,winter,low
11,seg_01,2024-01-28,27,prod_013,ctx_045,0.6247534155845642,0.6247534155845642,sports_drink,4.014254699623839,winter,low
12,seg_03,2024-01-28,27,prod_039,ctx_057,0.7102838158607483,0.7102838158607483,water_enhanced,3.980187598414293,winter,low
13,seg_03,2024-01-28,27,prod_025,ctx_063,0.6479121446609497,0.6479121446609497,tea,2.2944113780831206,winter,low
14,seg_03,2024-01-28,27,prod_045,ctx_074,0.692226231098175,0.692226231098175,coffee_drink,3.3408300585972106,winter,low
15,seg_01,2024-01-28,27,prod_005,ctx_087,0.5835743546485901,0.5835743546485901,energy_drink,3.111725196396816,winter,low
16,seg_01,2024-01-28,27,prod_003,ctx_005,0.6286799907684326,0.6286799907684326,water_enhanced,2.1448642805257596,winter,low
17,seg_00,2024-01-28,27,prod_008,ctx_096,0.6193327307701111,0.6193327307701111,tea,4.7928997443459895,winter,low
18,seg_00,2024-01-28,27,prod_000,ctx_017,0.5572842359542847,0.5572842359542847,water_enhanced,1.8173476285482877,winter,low
19,seg_01,2024-01-28,27,prod_045,ctx_076,0.6242373585700989,0.6242373585700989,coffee_drink,3.3408300585972106,winter,low
20,seg_04,2024-01-28,27,prod_039,ctx_044,0.6956915855407715,0.6956915855407715,water_enhanced,3.980187598414293,winter,low
21,seg_02,2024-01-28,27,prod_019,ctx_038,0.5693979859352112,0.5693979859352112,energy_drink,2.382466025999956,winter,low
22,seg_02,2024-01-28,27,prod_017,ctx_063,0.6683779358863831,0.6683779358863831,energy_drink,2.649768824177834,winter,low
23,seg_01,2024-01-28,27,prod_002,ctx_094,0.7395328879356384,0.7395328879356384,soda,3.311333500027431,winter,low
24,seg_00,2024-01-28,27,prod_026,ctx_014,0.5752516984939575,0.5752516984939575,water_enhanced,2.66605494153826,winter,low
25,seg_01,2024-01-28,27,prod_026,ctx_071,0.5706803798675537,0.5706803798675537,water_enhanced,2.66605494153826,winter,low
26,seg_00,2024-01-28,27,prod_017,ctx_010,0.6306633353233337,0.6306633353233337,energy_drink,2.649768824177834,winter,low
27,seg_04,2024-01-28,27,prod_025,ctx_001,0.4952270984649658,0.4952270984649658,tea,2.2944113780831206,winter,low
28,seg_00,2024-01-28,27,prod_024,ctx_062,0.7563496232032776,0.7563496232032776,coffee_drink,2.568857200208462,winter,low
29,seg_04,2024-01-28,27,prod_039,ctx_005,0.6595517992973328,0.6595517992973328,water_enhanced,3.980187598414293,winter,low
30,seg_00,2024-01-28,27,prod_030,ctx_057,0.6365508437156677,0.6365508437156677,sports_drink,1.8971601888179592,winter,low
31,seg_02,2024-01-28,27,prod_013,ctx_002,0.5202859044075012,0.5202859044075012,sports_drink,4.014254699623839,winter,low
32,seg_02,2024-01-28,27,prod_048,ctx_061,0.6344634890556335,0.6344634890556335,energy_drink,4.1292231716985945,winter,low
33,seg_01,2024-01-28,27,prod_019,ctx_074,0.5534676909446716,0.5534676909446716,energy_drink,2.382466025999956,winter,low
34,seg_00,2024-01-28,27,prod_008,ctx_035,0.7924622893333435,0.7924622893333435,tea,4.7928997443459895,winter,low
35,seg_02,2024-01-28,27,prod_003,ctx_005,0.6555173397064209,0.6555173397064209,water_enhanced,2.1448642805257596,winter,low
36,seg_02,2024-01-28,27,prod_048,ctx_038,0.6895027160644531,0.6895027160644531,energy_drink,4.1292231716985945,winter,low
37,seg_03,2024-01-28,27,prod_032,ctx_096,0.5682719945907593,0.5682719945907593,sports_drink,4.424979789666951,winter,low
38,seg_04,2024-01-28,27,prod_037,ctx_052,0.7242766618728638,0.7242766618728638,tea,4.546698643065129,winter,low
39,seg_00,2024-01-28,27,prod_037,ctx_059,0.5891522765159607,0.5891522765159607,tea,4.546698643065129,winter,low
40,seg_03,2024-01-28,27,prod_008,ctx_099,0.5175290107727051,0.5175290107727051,tea,4.7928997443459895,winter,low
41,seg_02,2024-01-28,27,prod_019,ctx_048,0.5721954703330994,0.5721954703330994,energy_drink,2.382466025999956,winter,low
42,seg_01,2024-01-28,27,prod_008,ctx_001,0.6060019135475159,0.6060019135475159,tea,4.7928997443459895,winter,low
43,seg_04,2024-01-28,27,prod_008,ctx_065,0.5761878490447998,0.5761878490447998,tea,4.7928997443459895,winter,low
44,seg_01,2024-01-28,27,prod_013,ctx_001,0.5641317963600159,0.5641317963600159,sports_drink,4.014254699623839,winter,low
45,seg_02,2024-01-28,27,prod_025,ctx_074,0.5847716927528381,0.5847716927528381,tea,2.2944113780831206,winter,low
46,seg_03,2024-01-28,27,prod_045,ctx_013,0.6279909014701843,0.6279909014701843,coffee_drink,3.3408300585972106,winter,low
47,seg_02,2024-01-28,27,prod_026,ctx_013,0.5898939371109009,0.5898939371109009,water_enhanced,2.66605494153826,winter,low
48,seg_00,2024-01-28,27,prod_039,ctx_063,0.6269065737724304,0.6269065737724304,water_enhanced,3.980187598414293,winter,low
49,seg_03,2024-01-28,27,prod_019,ctx_032,0.5060231685638428,0.5060231685638428,energy_drink,2.382466025999956,winter,low
0,seg_01,2024-01-29,28,prod_048,ctx_069,0.7332028150558472,0.7332028150558472,energy_drink,3.9234073475226987,winter,low
1,seg_04,2024-01-29,28,prod_037,ctx_052,0.5747368931770325,0.5747368931770325,tea,4.433865316276531,winter,low
2,seg_04,2024-01-29,28,prod_004,ctx_057,0.6932864785194397,0.6932864785194397,water_enhanced,1.5912218659934696,winter,low
3,seg_00,2024-01-29,28,prod_013,ctx_096,0.564724862575531,0.564724862575531,sports_drink,3.9234970028369456,winter,low
4,seg_00,2024-01-29,28,prod_026,ctx_094,0.7487221360206604,0.7487221360206604,water_enhanced,2.655695084234553,winter,low
5,seg_02,2024-01-29,28,prod_045,ctx_014,0.5668813586235046,0.5668813586235046,coffee_drink,3.141093835947152,winter,low
6,seg_00,2024-01-29,28,prod_012,ctx_074,0.5548216700553894,0.5548216700553894,water_enhanced,3.8557919240242517,winter,low
7,seg_00,2024-01-29,28,prod_039,ctx_010,0.6697538495063782,0.6697538495063782,water_enhanced,3.851954406290379,winter,low
8,seg_00,2024-01-29,28,prod_012,ctx_062,0.5526752471923828,0.5526752471923828,water_enhanced,3.8557919240242517,winter,low
9,seg_04,2024-01-29,28,prod_012,ctx_052,0.601855456829071,0.601855456829071,water_enhanced,3.8557919240242517,winter,low
10,seg_01,2024-01-29,28,prod_019,ctx_016,0.5643513202667236,0.5643513202667236,energy_drink,2.4269133201467277,winter,low
11,seg_01,2024-01-29,28,prod_012,ctx_032,0.5110997557640076,0.5110997557640076,water_enhanced,3.8557919240242517,winter,low
12,seg_03,2024-01-29,28,prod_025,ctx_066,0.875582218170166,0.875582218170166,tea,2.3046872684095696,winter,low
13,seg_03,2024-01-29,28,prod_025,ctx_032,0.6580663323402405,0.6580663323402405,tea,2.3046872684095696,winter,low
14,seg_03,2024-01-29,28,prod_004,ctx_052,0.5808889269828796,0.5808889269828796,water_enhanced,1.5912218659934696,winter,low
15,seg_01,2024-01-29,28,prod_049,ctx_059,0.681313693523407,0.681313693523407,juice,1.6975327540082579,winter,low
16,seg_01,2024-01-29,28,prod_008,ctx_010,0.7608340978622437,0.7608340978622437,tea,4.828701020274039,winter,low
17,seg_00,2024-01-29,28,prod_032,ctx_032,0.5516083836555481,0.5516083836555481,sports_drink,4.387505885195738,winter,low
18,seg_00,2024-01-29,28,prod_025,ctx_017,0.6068434715270996,0.6068434715270996,tea,2.3046872684095696,winter,low
19,seg_01,2024-01-29,28,prod_019,ctx_087,0.6211583614349365,0.6211583614349365,energy_drink,2.4269133201467277,winter,low
20,seg_04,2024-01-29,28,prod_013,ctx_010,0.7767072319984436,0.7767072319984436,sports_drink,3.9234970028369456,winter,low
21,seg_02,2024-01-29,28,prod_030,ctx_096,0.5740470290184021,0.5740470290184021,sports_drink,1.8674259758995033,winter,low
22,seg_02,2024-01-29,28,prod_045,ctx_071,0.5412227511405945,0.5412227511405945,coffee_drink,3.141093835947152,winter,low
23,seg_01,2024-01-29,28,prod_039,ctx_045,0.5933606028556824,0.5933606028556824,water_enhanced,3.851954406290379,winter,low
24,seg_00,2024-01-29,28,prod_030,ctx_059,0.735823392868042,0.735823392868042,sports_drink,1.8674259758995033,winter,low
25,seg_01,2024-01-29,28,prod_008,ctx_074,0.6651386618614197,0.6651386618614197,tea,4.828701020274039,winter,low
26,seg_00,2024-01-29,28,prod_025,ctx_053,0.576000452041626,0.576000452041626,tea,2.3046872684095696,winter,low
27,seg_04,2024-01-29,28,prod_045,ctx_062,0.5951332449913025,0.5951332449913025,coffee_drink,3.141093835947152,winter,low
28,seg_00,2024-01-29,28,prod_026,ctx_085,0.6127894520759583,0.6127894520759583,water_enhanced,2.655695084234553,winter,low
29,seg_04,2024-01-29,28,prod_019,ctx_065,0.751905620098114,0.751905620098114,energy_drink,2.4269133201467277,winter,low
30,seg_00,2024-01-29,28,prod_012,ctx_001,0.4776535928249359,0.4776535928249359,water_enhanced,3.8557919240242517,winter,low
31,seg_02,2024-01-29,28,prod_017,ctx_062,0.6102328300476074,0.6102328300476074,energy_drink,2.669099195457837,winter,low
32,seg_02,2024-01-29,28,prod_036,ctx_010,0.6194605231285095,0.6194605231285095,sports_drink,2.612033033038587,winter,low
33,seg_01,2024-01-29,28,prod_003,ctx_004,0.5843436121940613,0.5843436121940613,water_enhanced,2.1797625680022277,winter,low
34,seg_00,2024-01-29,28,prod_004,ctx_010,0.5785553455352783,0.5785553455352783,water_enhanced,1.5912218659934696,winter,low
35,seg_02,2024-01-29,28,prod_004,ctx_065,0.711700439453125,0.711700439453125,water_enhanced,1.5912218659934696,winter,low
36,seg_02,2024-01-29,28,prod_045,ctx_061,0.5910876989364624,0.5910876989364624,coffee_drink,3.141093835947152,winter,low
37,seg_03,2024-01-29,28,prod_048,ctx_083,0.6175756454467773,0.6175756454467773,energy_drink,3.9234073475226987,winter,low
38,seg_04,2024-01-29,28,prod_003,ctx_099,0.5102090239524841,0.5102090239524841,water_enhanced,2.1797625680022277,winter,low
39,seg_00,2024-01-29,28,prod_019,ctx_045,0.6083217263221741,0.6083217263221741,energy_drink,2.4269133201467277,winter,low
40,seg_03,2024-01-29,28,prod_048,ctx_096,0.5564590096473694,0.5564590096473694,energy_drink,3.9234073475226987,winter,low
41,seg_02,2024-01-29,28,prod_012,ctx_069,0.523612380027771,0.523612380027771,water_enhanced,3.8557919240242517,winter,low
42,seg_01,2024-01-29,28,prod_015,ctx_044,0.5754685401916504,0.5754685401916504,water_enhanced,3.378994772303283,winter,low
43,seg_04,2024-01-29,28,prod_008,ctx_069,0.5286867618560791,0.5286867618560791,tea,4.828701020274039,winter,low
44,seg_01,2024-01-29,28,prod_008,ctx_059,0.5594151616096497,0.5594151616096497,tea,4.828701020274039,winter,low
45,seg_02,2024-01-29,28,prod_046,ctx_044,0.6672480702400208,0.6672480702400208,tea,2.080786990722701,winter,low
46,seg_03,2024-01-29,28,prod_002,ctx_069,0.5428335666656494,0.5428335666656494,soda,3.2648528269322576,winter,low
47,seg_02,2024-01-29,28,prod_012,ctx_004,0.514155387878418,0.514155387878418,water_enhanced,3.8557919240242517,winter,low
48,seg_00,2024-01-29,28,prod_004,ctx_083,0.6000547409057617,0.6000547409057617,water_enhanced,1.5912218659934696,winter,low
49,seg_03,2024-01-29,28,prod_017,ctx_069,0.5281383991241455,0.5281383991241455,energy_drink,2.669099195457837,winter,low
0,seg_01,2024-01-30,29,prod_025,ctx_065,0.6144127249717712,0.6144127249717712,tea,2.3046872684095696,winter,low
1,seg_04,2024-01-30,29,prod_032,ctx_087,0.6961608529090881,0.6961608529090881,sports_drink,4.387505885195738,winter,low
2,seg_04,2024-01-30,29,prod_017,ctx_071,0.5138902068138123,0.5138902068138123,energy_drink,2.669099195457837,winter,low
3,seg_00,2024-01-30,29,prod_012,ctx_096,0.7128074169158936,0.7128074169158936,water_enhanced,3.8557919240242517,winter,low
4,seg_00,2024-01-30,29,prod_039,ctx_085,0.5247375965118408,0.5247375965118408,water_enhanced,3.851954406290379,winter,low
5,seg_02,2024-01-30,29,prod_032,ctx_085,0.7645121216773987,0.7645121216773987,sports_drink,4.387505885195738,winter,low
6,seg_00,2024-01-30,29,prod_012,ctx_038,0.6083852648735046,0.6083852648735046,water_enhanced,3.8557919240242517,winter,low
7,seg_00,2024-01-30,29,prod_017,ctx_010,0.5476611256599426,0.5476611256599426,energy_drink,2.669099195457837,winter,low
8,seg_00,2024-01-30,29,prod_045,ctx_016,0.48492711782455444,0.48492711782455444,coffee_drink,3.141093835947152,winter,low
9,seg_04,2024-01-30,29,prod_025,ctx_099,0.7046694755554199,0.7046694755554199,tea,2.3046872684095696,winter,low
10,seg_01,2024-01-30,29,prod_002,ctx_005,0.6016181707382202,0.6016181707382202,soda,3.2648528269322576,winter,low
11,seg_01,2024-01-30,29,prod_024,ctx_027,0.6002637147903442,0.6002637147903442,coffee_drink,2.6731013567658444,winter,low
12,seg_03,2024-01-30,29,prod_030,ctx_087,0.6089803576469421,0.6089803576469421,sports_drink,1.8674259758995033,winter,low
13,seg_03,2024-01-30,29,prod_012,ctx_096,0.5564895272254944,0.5564895272254944,water_enhanced,3.8557919240242517,winter,low
14,seg_03,2024-01-30,29,prod_013,ctx_071,0.5728936791419983,0.5728936791419983,sports_drink,3.9234970028369456,winter,low
15,seg_01,2024-01-30,29,prod_019,ctx_013,0.6176652908325195,0.6176652908325195,energy_drink,2.4269133201467277,winter,low
16,seg_01,2024-01-30,29,prod_039,ctx_014,0.5380284786224365,0.5380284786224365,water_enhanced,3.851954406290379,winter,low
17,seg_00,2024-01-30,29,prod_025,ctx_025,0.5674561858177185,0.5674561858177185,tea,2.3046872684095696,winter,low
18,seg_00,2024-01-30,29,prod_013,ctx_038,0.5687061548233032,0.5687061548233032,sports_drink,3.9234970028369456,winter,low
19,seg_01,2024-01-30,29,prod_004,ctx_027,0.6303842067718506,0.6303842067718506,water_enhanced,1.5912218659934696,winter,low
20,seg_04,2024-01-30,29,prod_008,ctx_071,0.5592853426933289,0.5592853426933289,tea,4.828701020274039,winter,low
21,seg_02,2024-01-30,29,prod_032,ctx_005,0.6786284446716309,0.6786284446716309,sports_drink,4.387505885195738,winter,low
22,seg_02,2024-01-30,29,prod_032,ctx_014,0.591381847858429,0.591381847858429,sports_drink,4.387505885195738,winter,low
23,seg_01,2024-01-30,29,prod_008,ctx_004,0.7339098453521729,0.7339098453521729,tea,4.828701020274039,winter,low
24,seg_00,2024-01-30,29,prod_032,ctx_057,0.6112681031227112,0.6112681031227112,sports_drink,4.387505885195738,winter,low
25,seg_01,2024-01-30,29,prod_026,ctx_065,0.5956850051879883,0.5956850051879883,water_enhanced,2.655695084234553,winter,low
26,seg_00,2024-01-30,29,prod_048,ctx_071,0.5222249031066895,0.5222249031066895,energy_drink,3.9234073475226987,winter,low
27,seg_04,2024-01-30,29,prod_045,ctx_052,0.5386328101158142,0.5386328101158142,coffee_drink,3.141093835947152,winter,low
28,seg_00,2024-01-30,29,prod_019,ctx_065,0.5883605480194092,0.5883605480194092,energy_drink,2.4269133201467277,winter,low
29,seg_04,2024-01-30,29,prod_019,ctx_005,0.6760599613189697,0.6760599613189697,energy_drink,2.4269133201467277,winter,low
30,seg_00,2024-01-30,29,prod_008,ctx_032,0.48007914423942566,0.48007914423942566,tea,4.828701020274039,winter,low
31,seg_02,2024-01-30,29,prod_019,ctx_013,0.5759670734405518,0.5759670734405518,energy_drink,2.4269133201467277,winter,low
32,seg_02,2024-01-30,29,prod_004,ctx_085,0.5860798358917236,0.5860798358917236,water_enhanced,1.5912218659934696,winter,low
33,seg_01,2024-01-30,29,prod_004,ctx_094,0.5296692252159119,0.5296692252159119,water_enhanced,1.5912218659934696,winter,low
34,seg_00,2024-01-30,29,prod_004,ctx_045,0.5788194537162781,0.5788194537162781,water_enhanced,1.5912218659934696,winter,low
35,seg_02,2024-01-30,29,prod_017,ctx_096,0.6531460285186768,0.6531460285186768,energy_drink,2.669099195457837,winter,low
36,seg_02,2024-01-30,29,prod_025,ctx_010,0.6671221256256104,0.6671221256256104,tea,2.3046872684095696,winter,low
37,seg_03,2024-01-30,29,prod_032,ctx_053,0.6171813607215881,0.6171813607215881,sports_drink,4.387505885195738,winter,low
38,seg_04,2024-01-30,29,prod_026,ctx_087,0.6003358364105225,0.6003358364105225,water_enhanced,2.655695084234553,winter,low
39,seg_00,2024-01-30,29,prod_048,ctx_076,0.5027993321418762,0.5027993321418762,energy_drink,3.9234073475226987,winter,low
40,seg_03,2024-01-30,29,prod_025,ctx_038,0.6978705525398254,0.6978705525398254,tea,2.3046872684095696,winter,low
41,seg_02,2024-01-30,29,prod_032,ctx_038,0.5553776025772095,0.5553776025772095,sports_drink,4.387505885195738,winter,low
42,seg_01,2024-01-30,29,prod_026,ctx_061,0.7606435418128967,0.7606435418128967,water_enhanced,2.655695084234553,winter,low
43,seg_04,2024-01-30,29,prod_030,ctx_090,0.5422074198722839,0.5422074198722839,sports_drink,1.8674259758995033,winter,low
44,seg_01,2024-01-30,29,prod_045,ctx_032,0.6029945611953735,0.6029945611953735,coffee_drink,3.141093835947152,winter,low
45,seg_02,2024-01-30,29,prod_012,ctx_083,0.5962180495262146,0.5962180495262146,water_enhanced,3.8557919240242517,winter,low
46,seg_03,2024-01-30,29,prod_003,ctx_004,0.5168793201446533,0.5168793201446533,water_enhanced,2.1797625680022277,winter,low
47,seg_02,2024-01-30,29,prod_048,ctx_032,0.5025267601013184,0.5025267601013184,energy_drink,3.9234073475226987,winter,low
48,seg_00,2024-01-30,29,prod_032,ctx_063,0.6030771136283875,0.6030771136283875,sports_drink,4.387505885195738,winter,low
49,seg_03,2024-01-30,29,prod_003,ctx_004,0.5164542198181152,0.5164542198181152,water_enhanced,2.1797625680022277,winter,low
