agent_id,segment_id,timestamp,time_step,product_id,context_id,intent_value,outcome,product_category,price,season,inflation_regime
0,seg_01,2024-01-01,0,prod_019,ctx_010,0.6631847534194482,0.6547240018844604,energy_drink,2.44,winter,normal
1,seg_04,2024-01-01,0,prod_032,ctx_090,0.5866489953285844,0.5825411081314087,sports_drink,4.47,winter,normal
2,seg_04,2024-01-01,0,prod_025,ctx_071,0.6363078409650272,0.6320250630378723,tea,2.29,winter,normal
3,seg_00,2024-01-01,0,prod_032,ctx_090,0.5791936343326644,0.5740141272544861,sports_drink,4.47,winter,normal
4,seg_00,2024-01-01,0,prod_017,ctx_052,0.5666581408689821,0.5615227818489075,energy_drink,2.64,winter,normal
5,seg_02,2024-01-01,0,prod_045,ctx_061,0.6365067219063983,0.627956748008728,coffee_drink,3.31,winter,normal
6,seg_00,2024-01-01,0,prod_045,ctx_016,0.5481889691517462,0.5431186556816101,coffee_drink,3.31,winter,normal
7,seg_00,2024-01-01,0,prod_039,ctx_066,0.5366258332857432,0.5315962433815002,water_enhanced,3.94,winter,normal
8,seg_00,2024-01-01,0,prod_003,ctx_083,0.5854286620926838,0.5802271962165833,water_enhanced,2.2,winter,normal
9,seg_04,2024-01-01,0,prod_013,ctx_027,0.6429571495273061,0.6386509537696838,sports_drink,4.03,winter,normal
10,seg_01,2024-01-01,0,prod_045,ctx_066,0.5655845389983194,0.557467520236969,coffee_drink,3.31,winter,normal
11,seg_01,2024-01-01,0,prod_037,ctx_010,0.7162232236023027,0.7075756788253784,tea,4.48,winter,normal
12,seg_03,2024-01-01,0,prod_048,ctx_069,0.5497825599300747,0.5430188179016113,energy_drink,4.06,winter,normal
13,seg_03,2024-01-01,0,prod_045,ctx_032,0.5387324001195402,0.5320075750350952,coffee_drink,3.31,winter,normal
14,seg_03,2024-01-01,0,prod_032,ctx_061,0.6055371832965545,0.598577082157135,sports_drink,4.47,winter,normal
15,seg_01,2024-01-01,0,prod_025,ctx_062,0.736341084570574,0.7276226878166199,tea,2.29,winter,normal
16,seg_01,2024-01-01,0,prod_048,ctx_025,0.5495173704829782,0.541456937789917,energy_drink,4.06,winter,normal
17,seg_00,2024-01-01,0,prod_047,ctx_057,0.6130435939406494,0.6077448725700378,tea,3.42,winter,normal
18,seg_00,2024-01-01,0,prod_016,ctx_074,0.6094825495742475,0.6041963696479797,coffee_drink,4.33,winter,normal
19,seg_01,2024-01-01,0,prod_013,ctx_013,0.6121559578531551,0.603874921798706,sports_drink,4.03,winter,normal
20,seg_04,2024-01-01,0,prod_025,ctx_017,0.6488000879632123,0.6444733142852783,tea,2.29,winter,normal
21,seg_02,2024-01-01,0,prod_048,ctx_005,0.6907870176358459,0.6820458769798279,energy_drink,4.06,winter,normal
22,seg_02,2024-01-01,0,prod_037,ctx_012,0.7554635722618377,0.7464946508407593,tea,4.48,winter,normal
23,seg_01,2024-01-01,0,prod_039,ctx_065,0.6184137154290653,0.6101106405258179,water_enhanced,3.94,winter,normal
24,seg_00,2024-01-01,0,prod_039,ctx_096,0.5731262688724906,0.5679681301116943,water_enhanced,3.94,winter,normal
25,seg_01,2024-01-01,0,prod_039,ctx_059,0.6417016081151147,0.6333165168762207,water_enhanced,3.94,winter,normal
26,seg_00,2024-01-01,0,prod_048,ctx_014,0.5821577219554124,0.5769677758216858,energy_drink,4.06,winter,normal
27,seg_04,2024-01-01,0,prod_048,ctx_038,0.5954413666375197,0.5913025140762329,energy_drink,4.06,winter,normal
28,seg_00,2024-01-01,0,prod_004,ctx_099,0.5509056008578113,0.545825719833374,water_enhanced,1.55,winter,normal
29,seg_04,2024-01-01,0,prod_045,ctx_010,0.649373178400181,0.6450443863868713,coffee_drink,3.31,winter,normal
30,seg_00,2024-01-01,0,prod_045,ctx_010,0.6231881500338573,0.6178537011146545,coffee_drink,3.31,winter,normal
31,seg_02,2024-01-01,0,prod_013,ctx_038,0.5859203203357028,0.5775485038757324,sports_drink,4.03,winter,normal
32,seg_02,2024-01-01,0,prod_032,ctx_062,0.6137893475992037,0.6053193807601929,sports_drink,4.47,winter,normal
33,seg_01,2024-01-01,0,prod_003,ctx_013,0.5884804619908655,0.5802828073501587,water_enhanced,2.2,winter,normal
34,seg_00,2024-01-01,0,prod_026,ctx_002,0.5007727787447438,0.4958694577217102,water_enhanced,2.69,winter,normal
35,seg_02,2024-01-01,0,prod_037,ctx_013,0.6511016563203814,0.6425002813339233,tea,4.48,winter,normal
36,seg_02,2024-01-01,0,prod_019,ctx_044,0.6253355557338987,0.6168249249458313,energy_drink,2.44,winter,normal
37,seg_03,2024-01-01,0,prod_012,ctx_001,0.5285364028640536,0.5218474864959717,water_enhanced,3.83,winter,normal
38,seg_04,2024-01-01,0,prod_004,ctx_062,0.6643446501589839,0.6599631309509277,water_enhanced,1.55,winter,normal
39,seg_00,2024-01-01,0,prod_030,ctx_061,0.627394900617468,0.622045636177063,sports_drink,1.86,winter,normal
40,seg_03,2024-01-01,0,prod_029,ctx_012,0.6752121440675056,0.6680066585540771,energy_drink,4.61,winter,normal
41,seg_02,2024-01-01,0,prod_026,ctx_094,0.6273664049684214,0.6188486218452454,water_enhanced,2.69,winter,normal
42,seg_01,2024-01-01,0,prod_032,ctx_045,0.6409655807873932,0.6325830817222595,sports_drink,4.47,winter,normal
43,seg_04,2024-01-01,0,prod_008,ctx_014,0.6174784016659248,0.6132619380950928,tea,4.86,winter,normal
44,seg_01,2024-01-01,0,prod_019,ctx_044,0.6078350796676514,0.5995692610740662,energy_drink,2.44,winter,normal
45,seg_02,2024-01-01,0,prod_013,ctx_090,0.6162861580594844,0.6078073978424072,sports_drink,4.03,winter,normal
46,seg_03,2024-01-01,0,prod_019,ctx_044,0.6079789038609529,0.6010102033615112,energy_drink,2.44,winter,normal
47,seg_02,2024-01-01,0,prod_026,ctx_010,0.6607856943805842,0.6521502137184143,water_enhanced,2.69,winter,normal
48,seg_00,2024-01-01,0,prod_003,ctx_096,0.5667714310566054,0.5616356730461121,water_enhanced,2.2,winter,normal
49,seg_03,2024-01-01,0,prod_004,ctx_061,0.6062823025506323,0.599319577217102,water_enhanced,1.55,winter,normal
0,seg_01,2024-01-02,1,prod_026,ctx_004,0.5866291184865736,0.5784379839897156,water_enhanced,2.69,winter,normal
1,seg_04,2024-01-02,1,prod_017,ctx_065,0.5465823712592072,0.5426155924797058,energy_drink,2.64,winter,normal
2,seg_04,2024-01-02,1,prod_004,ctx_069,0.6471508005591272,0.6428298354148865,water_enhanced,1.55,winter,normal
3,seg_00,2024-01-02,1,prod_037,ctx_071,0.5395931509349599,0.5345531105995178,tea,4.48,winter,normal
4,seg_00,2024-01-02,1,prod_037,ctx_069,0.5421278244832899,0.537078857421875,tea,4.48,winter,normal
5,seg_02,2024-01-02,1,prod_048,ctx_065,0.5970627751618143,0.588651716709137,energy_drink,4.06,winter,normal
6,seg_00,2024-01-02,1,prod_026,ctx_087,0.6115786573064984,0.6062850952148438,water_enhanced,2.69,winter,normal
7,seg_00,2024-01-02,1,prod_003,ctx_069,0.7335863274769,0.727863073348999,water_enhanced,2.2,winter,normal
8,seg_00,2024-01-02,1,prod_032,ctx_044,0.540990017752049,0.5359450578689575,sports_drink,4.47,winter,normal
9,seg_04,2024-01-02,1,prod_039,ctx_045,0.687756958679382,0.6832929849624634,water_enhanced,3.94,winter,normal
10,seg_01,2024-01-02,1,prod_025,ctx_076,0.5007718447382038,0.4928830862045288,tea,2.29,winter,normal
11,seg_01,2024-01-02,1,prod_045,ctx_085,0.6044831496074432,0.5962291359901428,coffee_drink,3.31,winter,normal
12,seg_03,2024-01-02,1,prod_004,ctx_087,0.6330147792042967,0.6259579062461853,water_enhanced,1.55,winter,normal
13,seg_03,2024-01-02,1,prod_032,ctx_059,0.6144165260589239,0.6074251532554626,sports_drink,4.47,winter,normal
14,seg_03,2024-01-02,1,prod_032,ctx_048,0.6005976354116909,0.5936549305915833,sports_drink,4.47,winter,normal
15,seg_01,2024-01-02,1,prod_004,ctx_053,0.5588370735205761,0.550743818283081,water_enhanced,1.55,winter,normal
16,seg_01,2024-01-02,1,prod_026,ctx_057,0.6258595245923957,0.6175302267074585,water_enhanced,2.69,winter,normal
17,seg_00,2024-01-02,1,prod_048,ctx_002,0.49599174141806474,0.4911052584648132,energy_drink,4.06,winter,normal
18,seg_00,2024-01-02,1,prod_008,ctx_044,0.596108624980726,0.5908695459365845,tea,4.86,winter,normal
19,seg_01,2024-01-02,1,prod_004,ctx_069,0.5385058513594578,0.5304841995239258,water_enhanced,1.55,winter,normal
20,seg_04,2024-01-02,1,prod_032,ctx_027,0.6261763246083041,0.6219292283058167,sports_drink,4.47,winter,normal
21,seg_02,2024-01-02,1,prod_045,ctx_059,0.5605261513155567,0.5522437691688538,coffee_drink,3.31,winter,normal
22,seg_02,2024-01-02,1,prod_003,ctx_035,0.5784765448927416,0.5701309442520142,water_enhanced,2.2,winter,normal
23,seg_01,2024-01-02,1,prod_017,ctx_099,0.5602694706288206,0.5521711707115173,energy_drink,2.64,winter,normal
24,seg_00,2024-01-02,1,prod_048,ctx_057,0.7615290471961305,0.7557073831558228,energy_drink,4.06,winter,normal
25,seg_01,2024-01-02,1,prod_037,ctx_002,0.7501373052172214,0.7413703203201294,tea,4.48,winter,normal
26,seg_00,2024-01-02,1,prod_013,ctx_038,0.7087671031681769,0.7031312584877014,sports_drink,4.03,winter,normal
27,seg_04,2024-01-02,1,prod_017,ctx_094,0.596279857582664,0.5921380519866943,energy_drink,2.64,winter,normal
28,seg_00,2024-01-02,1,prod_004,ctx_094,0.5307215841622372,0.525712788105011,water_enhanced,1.55,winter,normal
29,seg_04,2024-01-02,1,prod_037,ctx_014,0.5739257416225847,0.5698626637458801,tea,4.48,winter,normal
30,seg_00,2024-01-02,1,prod_032,ctx_090,0.5695820326067867,0.5644363760948181,sports_drink,4.47,winter,normal
31,seg_02,2024-01-02,1,prod_013,ctx_063,0.6303544785284646,0.621826171875,sports_drink,4.03,winter,normal
32,seg_02,2024-01-02,1,prod_030,ctx_014,0.6083876068527956,0.5999366641044617,sports_drink,1.86,winter,normal
33,seg_01,2024-01-02,1,prod_003,ctx_002,0.4572193641407786,0.4494839906692505,water_enhanced,2.2,winter,normal
34,seg_00,2024-01-02,1,prod_004,ctx_045,0.6257606268549318,0.6204171180725098,water_enhanced,1.55,winter,normal
35,seg_02,2024-01-02,1,prod_039,ctx_083,0.7051140392988445,0.6963224411010742,water_enhanced,3.94,winter,normal
36,seg_02,2024-01-02,1,prod_048,ctx_061,0.6196730800731031,0.6111823916435242,energy_drink,4.06,winter,normal
37,seg_03,2024-01-02,1,prod_012,ctx_004,0.540028298701831,0.533298909664154,water_enhanced,3.83,winter,normal
38,seg_04,2024-01-02,1,prod_037,ctx_063,0.5527669149018275,0.5487783551216125,tea,4.48,winter,normal
39,seg_00,2024-01-02,1,prod_045,ctx_027,0.6243832598272646,0.6190446019172668,coffee_drink,3.31,winter,normal
40,seg_03,2024-01-02,1,prod_032,ctx_087,0.6216156569045361,0.6145989298820496,sports_drink,4.47,winter,normal
41,seg_02,2024-01-02,1,prod_013,ctx_005,0.8608020328723213,0.8514621257781982,sports_drink,4.03,winter,normal
42,seg_01,2024-01-02,1,prod_003,ctx_002,0.4782712710038922,0.470461755990982,water_enhanced,2.2,winter,normal
43,seg_04,2024-01-02,1,prod_025,ctx_090,0.6791937398038073,0.6747599244117737,tea,2.29,winter,normal
44,seg_01,2024-01-02,1,prod_039,ctx_085,0.7096986299508975,0.7010740637779236,water_enhanced,3.94,winter,normal
45,seg_02,2024-01-02,1,prod_026,ctx_014,0.5493961380728801,0.5411529541015625,water_enhanced,2.69,winter,normal
46,seg_03,2024-01-02,1,prod_004,ctx_010,0.7397833639414357,0.7323504686355591,water_enhanced,1.55,winter,normal
47,seg_02,2024-01-02,1,prod_039,ctx_005,0.5341421586286788,0.5259526968002319,water_enhanced,3.94,winter,normal
48,seg_00,2024-01-02,1,prod_048,ctx_048,0.7395472216942176,0.7338029742240906,energy_drink,4.06,winter,normal
49,seg_03,2024-01-02,1,prod_045,ctx_014,0.6915491992388956,0.6842861771583557,coffee_drink,3.31,winter,normal
0,seg_01,2024-01-03,2,prod_037,ctx_076,0.47309790509188004,0.4653066098690033,tea,4.48,winter,normal
1,seg_04,2024-01-03,2,prod_013,ctx_001,0.5253083402610674,0.5214164853096008,sports_drink,4.03,winter,normal
2,seg_04,2024-01-03,2,prod_013,ctx_065,0.6242694725009952,0.620029091835022,sports_drink,4.03,winter,normal
3,seg_00,2024-01-03,2,prod_045,ctx_065,0.735284424169845,0.7295551896095276,coffee_drink,3.31,winter,normal
4,seg_00,2024-01-03,2,prod_045,ctx_062,0.6866015848646848,0.681043803691864,coffee_drink,3.31,winter,normal
5,seg_02,2024-01-03,2,prod_030,ctx_085,0.613723072241291,0.6052533388137817,sports_drink,1.86,winter,normal
6,seg_00,2024-01-03,2,prod_030,ctx_017,0.580545520040412,0.5753612518310547,sports_drink,1.86,winter,normal
7,seg_00,2024-01-03,2,prod_019,ctx_090,0.6498299466851791,0.6444016695022583,energy_drink,2.44,winter,normal
8,seg_00,2024-01-03,2,prod_017,ctx_035,0.64264780338618,0.6372448205947876,energy_drink,2.64,winter,normal
9,seg_04,2024-01-03,2,prod_008,ctx_048,0.7635452828800329,0.7588143944740295,tea,4.86,winter,normal
10,seg_01,2024-01-03,2,prod_032,ctx_052,0.5704713895994998,0.5623371601104736,sports_drink,4.47,winter,normal
11,seg_01,2024-01-03,2,prod_048,ctx_087,0.6385979115705542,0.6302237510681152,energy_drink,4.06,winter,normal
12,seg_03,2024-01-03,2,prod_037,ctx_083,0.7227891180142817,0.7154160737991333,tea,4.48,winter,normal
13,seg_03,2024-01-03,2,prod_032,ctx_004,0.6414937183151612,0.6344069838523865,sports_drink,4.47,winter,normal
14,seg_03,2024-01-03,2,prod_017,ctx_016,0.4867495504388904,0.4802078008651733,energy_drink,2.64,winter,normal
15,seg_01,2024-01-03,2,prod_025,ctx_096,0.5617362017221209,0.5536327362060547,tea,2.29,winter,normal
16,seg_01,2024-01-03,2,prod_003,ctx_076,0.47079361019066246,0.4630104303359985,water_enhanced,2.2,winter,normal
17,seg_00,2024-01-03,2,prod_025,ctx_052,0.6205450911529119,0.6152199506759644,tea,2.29,winter,normal
18,seg_00,2024-01-03,2,prod_009,ctx_090,0.5745736796222839,0.5694104433059692,coffee_drink,2.47,winter,normal
19,seg_01,2024-01-03,2,prod_021,ctx_069,0.7478067813047722,0.7390480041503906,sports_drink,3.63,winter,normal
20,seg_04,2024-01-03,2,prod_004,ctx_090,0.6401981685853184,0.635901689529419,water_enhanced,1.55,winter,normal
21,seg_02,2024-01-03,2,prod_039,ctx_053,0.7628280924257066,0.7538332343101501,water_enhanced,3.94,winter,normal
22,seg_02,2024-01-03,2,prod_017,ctx_052,0.5236153229213735,0.5154629349708557,energy_drink,2.64,winter,normal
23,seg_01,2024-01-03,2,prod_008,ctx_059,0.5887622518926042,0.5805636048316956,tea,4.86,winter,normal
24,seg_00,2024-01-03,2,prod_037,ctx_062,0.7062024023367492,0.700575590133667,tea,4.48,winter,normal
25,seg_01,2024-01-03,2,prod_012,ctx_069,0.5098884150001055,0.5019675493240356,water_enhanced,3.83,winter,normal
26,seg_00,2024-01-03,2,prod_013,ctx_027,0.6412394520305356,0.635841429233551,sports_drink,4.03,winter,normal
27,seg_04,2024-01-03,2,prod_000,ctx_057,0.6487305825788309,0.6444040536880493,water_enhanced,1.85,winter,normal
28,seg_00,2024-01-03,2,prod_012,ctx_027,0.769733733133683,0.7638831734657288,water_enhanced,3.83,winter,normal
29,seg_04,2024-01-03,2,prod_026,ctx_048,0.7606409507469553,0.7559202909469604,water_enhanced,2.69,winter,normal
30,seg_00,2024-01-03,2,prod_008,ctx_069,0.5020992429478769,0.4971912503242492,tea,4.86,winter,normal
31,seg_02,2024-01-03,2,prod_003,ctx_065,0.5716391770116204,0.5633176565170288,water_enhanced,2.2,winter,normal
32,seg_02,2024-01-03,2,prod_004,ctx_004,0.7311219731633426,0.7222387790679932,water_enhanced,1.55,winter,normal
33,seg_01,2024-01-03,2,prod_048,ctx_053,0.6928488978005639,0.6842836737632751,energy_drink,4.06,winter,normal
34,seg_00,2024-01-03,2,prod_012,ctx_010,0.7265254298010859,0.720827043056488,water_enhanced,3.83,winter,normal
35,seg_02,2024-01-03,2,prod_019,ctx_016,0.8212560412174493,0.8120554089546204,energy_drink,2.44,winter,normal
36,seg_02,2024-01-03,2,prod_030,ctx_057,0.6245006537070529,0.6159929633140564,sports_drink,1.86,winter,normal
37,seg_03,2024-01-03,2,prod_019,ctx_096,0.5558778591376718,0.5490926504135132,energy_drink,2.44,winter,normal
38,seg_04,2024-01-03,2,prod_015,ctx_027,0.6028313083060032,0.5986664295196533,water_enhanced,3.39,winter,normal
39,seg_00,2024-01-03,2,prod_048,ctx_045,0.6587517583140811,0.6532920598983765,energy_drink,4.06,winter,normal
40,seg_03,2024-01-03,2,prod_045,ctx_010,0.656235200226334,0.6490965485572815,coffee_drink,3.31,winter,normal
41,seg_02,2024-01-03,2,prod_003,ctx_090,0.58378054743082,0.5754162669181824,water_enhanced,2.2,winter,normal
42,seg_01,2024-01-03,2,prod_004,ctx_016,0.49601464381055743,0.4881426393985748,water_enhanced,1.55,winter,normal
43,seg_04,2024-01-03,2,prod_037,ctx_083,0.5981755840432476,0.5940271019935608,tea,4.48,winter,normal
44,seg_01,2024-01-03,2,prod_004,ctx_035,0.6735509252175896,0.66505366563797,water_enhanced,1.55,winter,normal
45,seg_02,2024-01-03,2,prod_032,ctx_014,0.7530357886634985,0.7440754175186157,sports_drink,4.47,winter,normal
46,seg_03,2024-01-03,2,prod_030,ctx_087,0.6224433212794799,0.6154236793518066,sports_drink,1.86,winter,normal
47,seg_02,2024-01-03,2,prod_004,ctx_071,0.7450773025212244,0.7361449599266052,water_enhanced,1.55,winter,normal
48,seg_00,2024-01-03,2,prod_039,ctx_061,0.5997631008534995,0.5945111513137817,water_enhanced,3.94,winter,normal
49,seg_03,2024-01-03,2,prod_003,ctx_016,0.4947764951977088,0.4882064759731293,water_enhanced,2.2,winter,normal
0,seg_01,2024-01-04,3,prod_019,ctx_025,0.5646575214018116,0.55654376745224,energy_drink,2.44,winter,normal
1,seg_04,2024-01-04,3,prod_025,ctx_001,0.5169249860075535,0.5130626559257507,tea,2.29,winter,normal
2,seg_04,2024-01-04,3,prod_025,ctx_099,0.6961955224593882,0.6917018294334412,tea,2.29,winter,normal
3,seg_00,2024-01-04,3,prod_013,ctx_074,0.6023746968840278,0.5971135497093201,sports_drink,4.03,winter,normal
4,seg_00,2024-01-04,3,prod_019,ctx_083,0.5764770624419042,0.5713071227073669,energy_drink,2.44,winter,normal
5,seg_02,2024-01-04,3,prod_025,ctx_065,0.6686809557454992,0.6600176692008972,tea,2.29,winter,normal
6,seg_00,2024-01-04,3,prod_017,ctx_052,0.6150365800871228,0.6097308397293091,energy_drink,2.64,winter,normal
7,seg_00,2024-01-04,3,prod_036,ctx_099,0.543192417281241,0.5381397008895874,sports_drink,2.66,winter,normal
8,seg_00,2024-01-04,3,prod_037,ctx_014,0.5635051565131219,0.5583809018135071,tea,4.48,winter,normal
9,seg_04,2024-01-04,3,prod_032,ctx_099,0.543349174579375,0.5393937826156616,sports_drink,4.47,winter,normal
10,seg_01,2024-01-04,3,prod_045,ctx_045,0.6759522106358247,0.667446494102478,coffee_drink,3.31,winter,normal
11,seg_01,2024-01-04,3,prod_037,ctx_059,0.5809113136686759,0.5727403163909912,tea,4.48,winter,normal
12,seg_03,2024-01-04,3,prod_026,ctx_074,0.624279232435088,0.6172531247138977,water_enhanced,2.69,winter,normal
13,seg_03,2024-01-04,3,prod_039,ctx_017,0.5406973927032851,0.5339656472206116,water_enhanced,3.94,winter,normal
14,seg_03,2024-01-04,3,prod_026,ctx_013,0.60052717298243,0.5935847163200378,water_enhanced,2.69,winter,normal
15,seg_01,2024-01-04,3,prod_026,ctx_062,0.7700692602176293,0.7612320780754089,water_enhanced,2.69,winter,normal
16,seg_01,2024-01-04,3,prod_045,ctx_099,0.5614003985999894,0.5532981157302856,coffee_drink,3.31,winter,normal
17,seg_00,2024-01-04,3,prod_045,ctx_094,0.6246513520241641,0.6193117499351501,coffee_drink,3.31,winter,normal
18,seg_00,2024-01-04,3,prod_048,ctx_063,0.5856188149472005,0.5804166793823242,energy_drink,4.06,winter,normal
19,seg_01,2024-01-04,3,prod_033,ctx_016,0.49480338388480677,0.4869356453418731,energy_drink,4.91,winter,normal
20,seg_04,2024-01-04,3,prod_048,ctx_052,0.49747337781375,0.4936795532703399,energy_drink,4.06,winter,normal
21,seg_02,2024-01-04,3,prod_039,ctx_090,0.4988644974138896,0.4907992780208587,water_enhanced,3.94,winter,normal
22,seg_02,2024-01-04,3,prod_032,ctx_044,0.7347166337311407,0.725820779800415,sports_drink,4.47,winter,normal
23,seg_01,2024-01-04,3,prod_039,ctx_085,0.6346119392776075,0.6262518167495728,water_enhanced,3.94,winter,normal
24,seg_00,2024-01-04,3,prod_019,ctx_053,0.5809909048012584,0.5758050680160522,energy_drink,2.44,winter,normal
25,seg_01,2024-01-04,3,prod_026,ctx_066,0.5636218193961636,0.5555117130279541,water_enhanced,2.69,winter,normal
26,seg_00,2024-01-04,3,prod_015,ctx_066,0.5261018088977717,0.5211092829704285,water_enhanced,3.39,winter,normal
27,seg_04,2024-01-04,3,prod_032,ctx_094,0.5596023686931896,0.5555897355079651,sports_drink,4.47,winter,normal
28,seg_00,2024-01-04,3,prod_026,ctx_005,0.6085213774385988,0.603238582611084,water_enhanced,2.69,winter,normal
29,seg_04,2024-01-04,3,prod_039,ctx_057,0.5624293596369341,0.5584067702293396,water_enhanced,3.94,winter,normal
30,seg_00,2024-01-04,3,prod_045,ctx_087,0.6591743534437318,0.6537131667137146,coffee_drink,3.31,winter,normal
31,seg_02,2024-01-04,3,prod_045,ctx_066,0.5525393725340294,0.5442851185798645,coffee_drink,3.31,winter,normal
32,seg_02,2024-01-04,3,prod_026,ctx_059,0.5994069967791029,0.5909876823425293,water_enhanced,2.69,winter,normal
33,seg_01,2024-01-04,3,prod_030,ctx_010,0.6237034819245596,0.6153817772865295,sports_drink,1.86,winter,normal
34,seg_00,2024-01-04,3,prod_004,ctx_062,0.5217848785223964,0.5168075561523438,water_enhanced,1.55,winter,normal
35,seg_02,2024-01-04,3,prod_026,ctx_074,0.5819796282286225,0.5736216902732849,water_enhanced,2.69,winter,normal
36,seg_02,2024-01-04,3,prod_039,ctx_045,0.5838967087530821,0.5755320191383362,water_enhanced,3.94,winter,normal
37,seg_03,2024-01-04,3,prod_026,ctx_052,0.7440334806211536,0.7365856170654297,water_enhanced,2.69,winter,normal
38,seg_04,2024-01-04,3,prod_000,ctx_004,0.5547220977755565,0.5507266521453857,water_enhanced,1.85,winter,normal
39,seg_00,2024-01-04,3,prod_037,ctx_013,0.6372856603716656,0.6319015622138977,tea,4.48,winter,normal
40,seg_03,2024-01-04,3,prod_032,ctx_094,0.599777567580479,0.5928377509117126,sports_drink,4.47,winter,normal
41,seg_02,2024-01-04,3,prod_012,ctx_066,0.45975686222152945,0.4518293738365173,water_enhanced,3.83,winter,normal
42,seg_01,2024-01-04,3,prod_019,ctx_071,0.565949412358669,0.5578311085700989,energy_drink,2.44,winter,normal
43,seg_04,2024-01-04,3,prod_004,ctx_027,0.6280529699866004,0.6237992644309998,water_enhanced,1.55,winter,normal
44,seg_01,2024-01-04,3,prod_000,ctx_061,0.5540046548469233,0.545928418636322,water_enhanced,1.85,winter,normal
45,seg_02,2024-01-04,3,prod_013,ctx_038,0.6295543291938095,0.6210288405418396,sports_drink,4.03,winter,normal
46,seg_03,2024-01-04,3,prod_013,ctx_057,0.6233047813017347,0.6162821054458618,sports_drink,4.03,winter,normal
47,seg_02,2024-01-04,3,prod_013,ctx_066,0.6665759953481121,0.6579201221466064,sports_drink,4.03,winter,normal
48,seg_00,2024-01-04,3,prod_004,ctx_025,0.750711628737255,0.7449280619621277,water_enhanced,1.55,winter,normal
49,seg_03,2024-01-04,3,prod_032,ctx_063,0.6177576295489315,0.6107544898986816,sports_drink,4.47,winter,normal
0,seg_01,2024-01-05,4,prod_025,ctx_099,0.7055158653045819,0.6969060301780701,tea,2.29,winter,normal
1,seg_04,2024-01-05,4,prod_004,ctx_013,0.5699578933670454,0.5659087896347046,water_enhanced,1.55,winter,normal
2,seg_04,2024-01-05,4,prod_019,ctx_065,0.5829085648625615,0.5788138508796692,energy_drink,2.44,winter,normal
3,seg_00,2024-01-05,4,prod_039,ctx_053,0.5326545755578204,0.5276389718055725,water_enhanced,3.94,winter,normal
4,seg_00,2024-01-05,4,prod_039,ctx_027,0.6390238931342489,0.6336336731910706,water_enhanced,3.94,winter,normal
5,seg_02,2024-01-05,4,prod_003,ctx_014,0.6153462203571018,0.6068707704544067,water_enhanced,2.2,winter,normal
6,seg_00,2024-01-05,4,prod_034,ctx_061,0.6203997399618219,0.6150751113891602,coffee_drink,3.84,winter,normal
7,seg_00,2024-01-05,4,prod_037,ctx_087,0.5830459194189912,0.5778528451919556,tea,4.48,winter,normal
8,seg_00,2024-01-05,4,prod_009,ctx_048,0.7477817554689529,0.7420085072517395,coffee_drink,2.47,winter,normal
9,seg_04,2024-01-05,4,prod_025,ctx_032,0.5011878484374137,0.4973809421062469,tea,2.29,winter,normal
10,seg_01,2024-01-05,4,prod_037,ctx_059,0.5867469546373751,0.5785554051399231,tea,4.48,winter,normal
11,seg_01,2024-01-05,4,prod_029,ctx_057,0.6460636990457465,0.6376632452011108,energy_drink,4.61,winter,normal
12,seg_03,2024-01-05,4,prod_013,ctx_014,0.5974445314252208,0.5905129313468933,sports_drink,4.03,winter,normal
13,seg_03,2024-01-05,4,prod_012,ctx_074,0.6918479766872474,0.6845839023590088,water_enhanced,3.83,winter,normal
14,seg_03,2024-01-05,4,prod_048,ctx_027,0.6077290553320709,0.6007612347602844,energy_drink,4.06,winter,normal
15,seg_01,2024-01-05,4,prod_008,ctx_059,0.5646602130905355,0.5565464496612549,tea,4.86,winter,normal
16,seg_01,2024-01-05,4,prod_003,ctx_005,0.5754135693577823,0.5672619342803955,water_enhanced,2.2,winter,normal
17,seg_00,2024-01-05,4,prod_026,ctx_099,0.5163255356372971,0.5113674402236938,water_enhanced,2.69,winter,normal
18,seg_00,2024-01-05,4,prod_034,ctx_010,0.6992134624728205,0.6936112642288208,coffee_drink,3.84,winter,normal
19,seg_01,2024-01-05,4,prod_039,ctx_063,0.5801907785049429,0.5720223188400269,water_enhanced,3.94,winter,normal
20,seg_04,2024-01-05,4,prod_032,ctx_061,0.7017606786189889,0.6972473859786987,sports_drink,4.47,winter,normal
21,seg_02,2024-01-05,4,prod_003,ctx_071,0.8163144596122165,0.8071312308311462,water_enhanced,2.2,winter,normal
22,seg_02,2024-01-05,4,prod_045,ctx_087,0.6198850056986307,0.6113935708999634,coffee_drink,3.31,winter,normal
23,seg_01,2024-01-05,4,prod_037,ctx_045,0.6540505974578837,0.6456220149993896,tea,4.48,winter,normal
24,seg_00,2024-01-05,4,prod_017,ctx_059,0.5533581479924101,0.5482696294784546,energy_drink,2.64,winter,normal
25,seg_01,2024-01-05,4,prod_045,ctx_038,0.5456063467671656,0.5375596880912781,coffee_drink,3.31,winter,normal
26,seg_00,2024-01-05,4,prod_025,ctx_035,0.6867678714125162,0.6812095046043396,tea,2.29,winter,normal
27,seg_04,2024-01-05,4,prod_045,ctx_002,0.7479077677003295,0.7432319521903992,coffee_drink,3.31,winter,normal
28,seg_00,2024-01-05,4,prod_045,ctx_005,0.5468910966643913,0.5418253540992737,coffee_drink,3.31,winter,normal
29,seg_04,2024-01-05,4,prod_017,ctx_045,0.7824256250036693,0.7776282429695129,energy_drink,2.64,winter,normal
30,seg_00,2024-01-05,4,prod_019,ctx_016,0.490150059103563,0.485284149646759,energy_drink,2.44,winter,normal
31,seg_02,2024-01-05,4,prod_001,ctx_017,0.6138510769939383,0.6053808927536011,juice,4.78,winter,normal
32,seg_02,2024-01-05,4,prod_000,ctx_044,0.6117163285746733,0.6032536625862122,water_enhanced,1.85,winter,normal
33,seg_01,2024-01-05,4,prod_037,ctx_010,0.5750447481873044,0.5668944120407104,tea,4.48,winter,normal
34,seg_00,2024-01-05,4,prod_048,ctx_052,0.520653172952263,0.5156798362731934,energy_drink,4.06,winter,normal
35,seg_02,2024-01-05,4,prod_032,ctx_052,0.5169298859148895,0.5088010430335999,sports_drink,4.47,winter,normal
36,seg_02,2024-01-05,4,prod_048,ctx_053,0.8275922166581822,0.8183692693710327,energy_drink,4.06,winter,normal
37,seg_03,2024-01-05,4,prod_032,ctx_076,0.5798434592290919,0.5729738473892212,sports_drink,4.47,winter,normal
38,seg_04,2024-01-05,4,prod_009,ctx_005,0.5950781082904045,0.590940535068512,coffee_drink,2.47,winter,normal
39,seg_00,2024-01-05,4,prod_039,ctx_025,0.5904935230414708,0.5852742195129395,water_enhanced,3.94,winter,normal
40,seg_03,2024-01-05,4,prod_004,ctx_096,0.7446111170213005,0.7371612191200256,water_enhanced,1.55,winter,normal
41,seg_02,2024-01-05,4,prod_004,ctx_053,0.7005990604486959,0.6918233633041382,water_enhanced,1.55,winter,normal
42,seg_01,2024-01-05,4,prod_025,ctx_017,0.6581919100978515,0.6497487425804138,tea,2.29,winter,normal
43,seg_04,2024-01-05,4,prod_017,ctx_094,0.6509055268830393,0.6465713381767273,energy_drink,2.64,winter,normal
44,seg_01,2024-01-05,4,prod_012,ctx_035,0.6709821569454236,0.6624939441680908,water_enhanced,3.83,winter,normal
45,seg_02,2024-01-05,4,prod_013,ctx_061,0.625984850869406,0.6174719333648682,sports_drink,4.03,winter,normal
46,seg_03,2024-01-05,4,prod_025,ctx_061,0.5894566759682038,0.5825532078742981,tea,2.29,winter,normal
47,seg_02,2024-01-05,4,prod_032,ctx_085,0.6234762567940452,0.6149721741676331,sports_drink,4.47,winter,normal
48,seg_00,2024-01-05,4,prod_026,ctx_059,0.6121446297221751,0.6068490743637085,water_enhanced,2.69,winter,normal
49,seg_03,2024-01-05,4,prod_044,ctx_025,0.5284735369785245,0.5217848420143127,juice,1.8,winter,normal
0,seg_01,2024-01-06,5,prod_034,ctx_044,0.5871746938832537,0.5789816379547119,coffee_drink,3.84,winter,low
1,seg_04,2024-01-06,5,prod_030,ctx_090,0.5506752933174498,0.5466940999031067,sports_drink,1.86,winter,low
2,seg_04,2024-01-06,5,prod_030,ctx_017,0.614780731411537,0.6105737686157227,sports_drink,1.86,winter,low
3,seg_00,2024-01-06,5,prod_039,ctx_014,0.7207554062219447,0.7150773406028748,water_enhanced,3.94,winter,low
4,seg_00,2024-01-06,5,prod_017,ctx_005,0.6525903033791811,0.647152304649353,energy_drink,2.64,winter,low
5,seg_02,2024-01-06,5,prod_012,ctx_014,0.7344196507419382,0.7255248427391052,water_enhanced,3.83,winter,low
6,seg_00,2024-01-06,5,prod_013,ctx_071,0.5764796943153232,0.5713097453117371,sports_drink,4.03,winter,low
7,seg_00,2024-01-06,5,prod_037,ctx_059,0.732109308151144,0.7263912558555603,tea,4.48,winter,low
8,seg_00,2024-01-06,5,prod_017,ctx_017,0.5822119146217201,0.5770217776298523,energy_drink,2.64,winter,low
9,seg_04,2024-01-06,5,prod_048,ctx_053,0.6915475143709744,0.6870701909065247,energy_drink,4.06,winter,low
10,seg_01,2024-01-06,5,prod_008,ctx_096,0.5672243157689134,0.5591015219688416,tea,4.86,winter,low
11,seg_01,2024-01-06,5,prod_037,ctx_035,0.7649239476836506,0.7561048865318298,tea,4.48,winter,low
12,seg_03,2024-01-06,5,prod_003,ctx_074,0.723705309040589,0.716329038143158,water_enhanced,2.2,winter,low
13,seg_03,2024-01-06,5,prod_045,ctx_001,0.5010489075233379,0.494456797838211,coffee_drink,3.31,winter,low
14,seg_03,2024-01-06,5,prod_012,ctx_061,0.6019307391136763,0.5949833393096924,water_enhanced,3.83,winter,low
15,seg_01,2024-01-06,5,prod_003,ctx_048,0.6492386954338375,0.6408270597457886,water_enhanced,2.2,winter,low
16,seg_01,2024-01-06,5,prod_025,ctx_032,0.6840857761757616,0.6755514144897461,tea,2.29,winter,low
17,seg_00,2024-01-06,5,prod_030,ctx_090,0.5430049561154483,0.5379528999328613,sports_drink,1.86,winter,low
18,seg_00,2024-01-06,5,prod_019,ctx_016,0.5060636219157276,0.5011416673660278,energy_drink,2.44,winter,low
19,seg_01,2024-01-06,5,prod_032,ctx_062,0.649897261941616,0.6414833068847656,sports_drink,4.47,winter,low
20,seg_04,2024-01-06,5,prod_008,ctx_071,0.5436696051681279,0.5397130846977234,tea,4.86,winter,low
21,seg_02,2024-01-06,5,prod_008,ctx_016,0.4956129673430826,0.4875591993331909,tea,4.86,winter,low
22,seg_02,2024-01-06,5,prod_026,ctx_069,0.5678038794719065,0.5594958662986755,water_enhanced,2.69,winter,low
23,seg_01,2024-01-06,5,prod_004,ctx_035,0.6773274841278177,0.6688169240951538,water_enhanced,1.55,winter,low
24,seg_00,2024-01-06,5,prod_004,ctx_094,0.6758219696785537,0.670302152633667,water_enhanced,1.55,winter,low
25,seg_01,2024-01-06,5,prod_013,ctx_065,0.6137505740684926,0.6054639220237732,sports_drink,4.03,winter,low
26,seg_00,2024-01-06,5,prod_026,ctx_099,0.564194109195828,0.55906742811203,water_enhanced,2.69,winter,low
27,seg_04,2024-01-06,5,prod_012,ctx_061,0.5829765150490134,0.578881561756134,water_enhanced,3.83,winter,low
28,seg_00,2024-01-06,5,prod_003,ctx_032,0.6315731791159106,0.6262091994285583,water_enhanced,2.2,winter,low
29,seg_04,2024-01-06,5,prod_039,ctx_035,0.7347253118980341,0.7300959229469299,water_enhanced,3.94,winter,low
30,seg_00,2024-01-06,5,prod_017,ctx_063,0.5875650853404881,0.5823560953140259,energy_drink,2.64,winter,low
31,seg_02,2024-01-06,5,prod_036,ctx_048,0.607499050497387,0.5990512371063232,sports_drink,2.66,winter,low
32,seg_02,2024-01-06,5,prod_004,ctx_062,0.709801764749762,0.7009936571121216,water_enhanced,1.55,winter,low
33,seg_01,2024-01-06,5,prod_017,ctx_001,0.4940645153300989,0.4861993789672851,energy_drink,2.64,winter,low
34,seg_00,2024-01-06,5,prod_030,ctx_059,0.7295857602495393,0.7238765954971313,sports_drink,1.86,winter,low
35,seg_02,2024-01-06,5,prod_037,ctx_059,0.5810473468852768,0.5726926922798157,tea,4.48,winter,low
36,seg_02,2024-01-06,5,prod_004,ctx_017,0.5989767452904152,0.5905589461326599,water_enhanced,1.55,winter,low
37,seg_03,2024-01-06,5,prod_026,ctx_027,0.6217843360645665,0.6147670149803162,water_enhanced,2.69,winter,low
38,seg_04,2024-01-06,5,prod_003,ctx_085,0.6728905225961158,0.6684789061546326,water_enhanced,2.2,winter,low
39,seg_00,2024-01-06,5,prod_019,ctx_085,0.7462808100212066,0.7405128479003906,energy_drink,2.44,winter,low
40,seg_03,2024-01-06,5,prod_032,ctx_045,0.76058533255271,0.7530791759490967,sports_drink,4.47,winter,low
41,seg_02,2024-01-06,5,prod_013,ctx_065,0.5945822942797919,0.5861799716949463,sports_drink,4.03,winter,low
42,seg_01,2024-01-06,5,prod_039,ctx_074,0.6384231910647212,0.6300496459007263,water_enhanced,3.94,winter,low
43,seg_04,2024-01-06,5,prod_048,ctx_048,0.6148610633661188,0.610653817653656,energy_drink,4.06,winter,low
44,seg_01,2024-01-06,5,prod_037,ctx_004,0.5314353832348476,0.5234386324882507,tea,4.48,winter,low
45,seg_02,2024-01-06,5,prod_048,ctx_063,0.5867999043953652,0.5784249901771545,energy_drink,4.06,winter,low
46,seg_03,2024-01-06,5,prod_004,ctx_053,0.7868637512263066,0.7792650461196899,water_enhanced,1.55,winter,low
47,seg_02,2024-01-06,5,prod_026,ctx_002,0.489721249525969,0.4816882312297821,water_enhanced,2.69,winter,low
48,seg_00,2024-01-06,5,prod_003,ctx_012,0.7562970024699374,0.7504937648773193,water_enhanced,2.2,winter,low
49,seg_03,2024-01-06,5,prod_026,ctx_010,0.6307592636842866,0.6237103343009949,water_enhanced,2.69,winter,low
0,seg_01,2024-01-07,6,prod_017,ctx_035,0.7423290751210454,0.7335895895957947,energy_drink,2.64,winter,low
1,seg_04,2024-01-07,6,prod_003,ctx_010,0.5257079663136077,0.5218147039413452,water_enhanced,2.2,winter,low
2,seg_04,2024-01-07,6,prod_037,ctx_014,0.6579621776722001,0.6536031365394592,tea,4.48,winter,low
3,seg_00,2024-01-07,6,prod_013,ctx_059,0.7831874513440417,0.7772895097732544,sports_drink,4.03,winter,low
4,seg_00,2024-01-07,6,prod_039,ctx_017,0.6195760233970065,0.6142542958259583,water_enhanced,3.94,winter,low
5,seg_02,2024-01-07,6,prod_019,ctx_048,0.6275336485611325,0.6190152764320374,energy_drink,2.44,winter,low
6,seg_00,2024-01-07,6,prod_025,ctx_061,0.6845834762901217,0.6790328025817871,tea,2.29,winter,low
7,seg_00,2024-01-07,6,prod_039,ctx_027,0.6262189915369578,0.6208738684654236,water_enhanced,3.94,winter,low
8,seg_00,2024-01-07,6,prod_019,ctx_016,0.505317964323905,0.5003986358642578,energy_drink,2.44,winter,low
9,seg_04,2024-01-07,6,prod_026,ctx_025,0.571334123903918,0.5672801733016968,water_enhanced,2.69,winter,low
10,seg_01,2024-01-07,6,prod_017,ctx_085,0.6239711554143242,0.6156485080718994,energy_drink,2.64,winter,low
11,seg_01,2024-01-07,6,prod_019,ctx_096,0.6459387448736529,0.637538731098175,energy_drink,2.44,winter,low
12,seg_03,2024-01-07,6,prod_045,ctx_096,0.5383599302154587,0.5316364169120789,coffee_drink,3.31,winter,low
13,seg_03,2024-01-07,6,prod_000,ctx_045,0.6035310975982916,0.596578061580658,water_enhanced,1.85,winter,low
14,seg_03,2024-01-07,6,prod_004,ctx_087,0.6262678520642981,0.6192347407341003,water_enhanced,1.55,winter,low
15,seg_01,2024-01-07,6,prod_026,ctx_076,0.5196729427726667,0.5117176175117493,water_enhanced,2.69,winter,low
16,seg_01,2024-01-07,6,prod_030,ctx_094,0.5966669042604006,0.5884404182434082,sports_drink,1.86,winter,low
17,seg_00,2024-01-07,6,prod_012,ctx_057,0.5300096624024208,0.5250033736228943,water_enhanced,3.83,winter,low
18,seg_00,2024-01-07,6,prod_036,ctx_071,0.5746531741625962,0.5694896578788757,sports_drink,2.66,winter,low
19,seg_01,2024-01-07,6,prod_025,ctx_012,0.5837429702062085,0.5755620002746582,tea,2.29,winter,low
20,seg_04,2024-01-07,6,prod_032,ctx_061,0.6290026575836939,0.6247456073760986,sports_drink,4.47,winter,low
21,seg_02,2024-01-07,6,prod_017,ctx_013,0.5773739693761312,0.5690322518348694,energy_drink,2.64,winter,low
22,seg_02,2024-01-07,6,prod_039,ctx_052,0.7163133784799876,0.7074823379516602,water_enhanced,3.94,winter,low
23,seg_01,2024-01-07,6,prod_004,ctx_059,0.5146178317185908,0.5066803097724915,water_enhanced,1.55,winter,low
24,seg_00,2024-01-07,6,prod_008,ctx_048,0.7581110212239246,0.7523013949394226,tea,4.86,winter,low
25,seg_01,2024-01-07,6,prod_037,ctx_063,0.6464539340954055,0.6380521059036255,tea,4.48,winter,low
26,seg_00,2024-01-07,6,prod_025,ctx_010,0.579601873789121,0.5744209289550781,tea,2.29,winter,low
27,seg_04,2024-01-07,6,prod_013,ctx_096,0.5725760092658161,0.5685176849365234,sports_drink,4.03,winter,low
28,seg_00,2024-01-07,6,prod_045,ctx_012,0.5904073890023064,0.5851883888244629,coffee_drink,3.31,winter,low
29,seg_04,2024-01-07,6,prod_017,ctx_090,0.8688665764979886,0.863764762878418,energy_drink,2.64,winter,low
30,seg_00,2024-01-07,6,prod_012,ctx_065,0.5963745040113414,0.5911344885826111,water_enhanced,3.83,winter,low
31,seg_02,2024-01-07,6,prod_025,ctx_013,0.6813870424589711,0.6726790070533752,tea,2.29,winter,low
32,seg_02,2024-01-07,6,prod_041,ctx_025,0.597136407802239,0.5887250900268555,sports_drink,4.29,winter,low
33,seg_01,2024-01-07,6,prod_045,ctx_048,0.5892364676304488,0.5810361504554749,coffee_drink,3.31,winter,low
34,seg_00,2024-01-07,6,prod_025,ctx_010,0.7235112169527685,0.7178234457969666,tea,2.29,winter,low
35,seg_02,2024-01-07,6,prod_039,ctx_016,0.4913415564147935,0.4833028316497803,water_enhanced,3.94,winter,low
36,seg_02,2024-01-07,6,prod_012,ctx_001,0.5165466492559125,0.5084191560745239,water_enhanced,3.83,winter,low
37,seg_03,2024-01-07,6,prod_004,ctx_076,0.49079569692864233,0.4842396974563598,water_enhanced,1.55,winter,low
38,seg_04,2024-01-07,6,prod_006,ctx_001,0.5138771569578401,0.5100255608558655,water_enhanced,4.14,winter,low
39,seg_00,2024-01-07,6,prod_032,ctx_099,0.5403871392932026,0.5353443026542664,sports_drink,4.47,winter,low
40,seg_03,2024-01-07,6,prod_030,ctx_059,0.60547557353243,0.5985156893730164,sports_drink,1.86,winter,low
41,seg_02,2024-01-07,6,prod_045,ctx_069,0.5301993131706192,0.5220237374305725,coffee_drink,3.31,winter,low
42,seg_01,2024-01-07,6,prod_048,ctx_004,0.831730824396339,0.8226764798164368,energy_drink,4.06,winter,low
43,seg_04,2024-01-07,6,prod_013,ctx_074,0.5953770053693662,0.5912383794784546,sports_drink,4.03,winter,low
44,seg_01,2024-01-07,6,prod_045,ctx_038,0.5811368173684329,0.5729650259017944,coffee_drink,3.31,winter,low
45,seg_02,2024-01-07,6,prod_048,ctx_061,0.6471335688036224,0.6385461688041687,energy_drink,4.06,winter,low
46,seg_03,2024-01-07,6,prod_017,ctx_090,0.5350151779918476,0.5283034443855286,energy_drink,2.64,winter,low
47,seg_02,2024-01-07,6,prod_019,ctx_059,0.5418101218346876,0.5335936546325684,energy_drink,2.44,winter,low
48,seg_00,2024-01-07,6,prod_003,ctx_053,0.5369807773054668,0.5319499373435974,water_enhanced,2.2,winter,low
49,seg_03,2024-01-07,6,prod_030,ctx_016,0.522146094572318,0.5154796838760376,sports_drink,1.86,winter,low
0,seg_01,2024-01-08,7,prod_032,ctx_087,0.6245606950601612,0.6162359714508057,sports_drink,4.345263509670842,winter,low
1,seg_04,2024-01-08,7,prod_030,ctx_061,0.6045554246566124,0.6003844738006592,sports_drink,1.8248998090247757,winter,low
2,seg_04,2024-01-08,7,prod_048,ctx_069,0.7478178054816467,0.743142306804657,energy_drink,3.966998106769277,winter,low
3,seg_00,2024-01-08,7,prod_025,ctx_001,0.6364981320663602,0.6311168074607849,tea,2.3147754498104662,winter,low
4,seg_00,2024-01-08,7,prod_025,ctx_027,0.6310731231663167,0.6257109045982361,tea,2.3147754498104662,winter,low
5,seg_02,2024-01-08,7,prod_048,ctx_099,0.5736591996759426,0.5653305649757385,energy_drink,3.966998106769277,winter,low
6,seg_00,2024-01-08,7,prod_033,ctx_048,0.6240892077880058,0.618751585483551,energy_drink,5.041821438072571,winter,low
7,seg_00,2024-01-08,7,prod_003,ctx_002,0.5177163611085837,0.5127533674240112,water_enhanced,2.168830126177715,winter,low
8,seg_00,2024-01-08,7,prod_039,ctx_001,0.5487179757089481,0.5436457991600037,water_enhanced,3.894881318085129,winter,low
9,seg_04,2024-01-08,7,prod_030,ctx_066,0.6908940919794238,0.6864190697669983,sports_drink,1.8248998090247757,winter,low
10,seg_01,2024-01-08,7,prod_013,ctx_057,0.6055169973386371,0.5972593426704407,sports_drink,4.074467852259146,winter,low
11,seg_01,2024-01-08,7,prod_030,ctx_090,0.6337770970660667,0.6254199147224426,sports_drink,1.8248998090247757,winter,low
12,seg_03,2024-01-08,7,prod_039,ctx_027,0.697563987045996,0.6902797818183899,water_enhanced,3.894881318085129,winter,low
13,seg_03,2024-01-08,7,prod_048,ctx_005,0.6837556837077435,0.6765201091766357,energy_drink,3.966998106769277,winter,low
14,seg_03,2024-01-08,7,prod_003,ctx_035,0.7575243441359019,0.7500289678573608,water_enhanced,2.168830126177715,winter,low
15,seg_01,2024-01-08,7,prod_032,ctx_087,0.6189279476059383,0.6106230616569519,sports_drink,4.345263509670842,winter,low
16,seg_01,2024-01-08,7,prod_017,ctx_027,0.7836182043935087,0.774733304977417,energy_drink,2.667474544311857,winter,low
17,seg_00,2024-01-08,7,prod_017,ctx_001,0.641010299597175,0.6356130838394165,energy_drink,2.667474544311857,winter,low
18,seg_00,2024-01-08,7,prod_034,ctx_066,0.5313343919617096,0.5263234376907349,coffee_drink,3.848620949567445,winter,low
19,seg_01,2024-01-08,7,prod_037,ctx_094,0.5643981622394385,0.5562853217124939,tea,4.58873345552485,winter,low
20,seg_04,2024-01-08,7,prod_039,ctx_065,0.5796458194220715,0.575562596321106,water_enhanced,3.894881318085129,winter,low
21,seg_02,2024-01-08,7,prod_012,ctx_069,0.5453333629283451,0.5371044874191284,water_enhanced,3.85379316552926,winter,low
22,seg_02,2024-01-08,7,prod_045,ctx_090,0.7953034365100534,0.7861942052841187,coffee_drink,3.211054161482858,winter,low
23,seg_01,2024-01-08,7,prod_017,ctx_061,0.7190757556812718,0.710418164730072,energy_drink,2.667474544311857,winter,low
24,seg_00,2024-01-08,7,prod_034,ctx_099,0.589079190155329,0.5838648676872253,coffee_drink,3.848620949567445,winter,low
25,seg_01,2024-01-08,7,prod_004,ctx_069,0.5536619131494146,0.545586884021759,water_enhanced,1.5393477188293476,winter,low
26,seg_00,2024-01-08,7,prod_048,ctx_096,0.5509192387473456,0.5458393096923828,energy_drink,3.966998106769277,winter,low
27,seg_04,2024-01-08,7,prod_003,ctx_052,0.5535699353711214,0.5495785474777222,water_enhanced,2.168830126177715,winter,low
28,seg_00,2024-01-08,7,prod_013,ctx_005,0.6074540929519238,0.6021750569343567,sports_drink,4.074467852259146,winter,low
29,seg_04,2024-01-08,7,prod_039,ctx_071,0.4948379154765365,0.4910533726215362,water_enhanced,3.894881318085129,winter,low
30,seg_00,2024-01-08,7,prod_036,ctx_083,0.6074096501803271,0.6021307706832886,sports_drink,2.6795120773428827,winter,low
31,seg_02,2024-01-08,7,prod_026,ctx_090,0.5631384651297449,0.5548468828201294,water_enhanced,2.6009300072242048,winter,low
32,seg_02,2024-01-08,7,prod_017,ctx_010,0.6293555031200715,0.6208307147026062,energy_drink,2.667474544311857,winter,low
33,seg_01,2024-01-08,7,prod_045,ctx_065,0.6017478555262259,0.593503475189209,coffee_drink,3.211054161482858,winter,low
34,seg_00,2024-01-08,7,prod_019,ctx_071,0.5612465904125581,0.5561302900314331,energy_drink,2.4110353704390515,winter,low
35,seg_02,2024-01-08,7,prod_019,ctx_038,0.617601616246502,0.6091182231903076,energy_drink,2.4110353704390515,winter,low
36,seg_02,2024-01-08,7,prod_008,ctx_010,0.5874767145711612,0.5790994167327881,tea,4.731054395960413,winter,low
37,seg_03,2024-01-08,7,prod_017,ctx_066,0.5409520862718701,0.5342194437980652,energy_drink,2.667474544311857,winter,low
38,seg_04,2024-01-08,7,prod_037,ctx_045,0.5830215559736599,0.5789264440536499,tea,4.58873345552485,winter,low
39,seg_00,2024-01-08,7,prod_017,ctx_065,0.5737025295206231,0.5685423612594604,energy_drink,2.667474544311857,winter,low
40,seg_03,2024-01-08,7,prod_001,ctx_025,0.5277146602043024,0.5210286378860474,juice,4.797990820307973,winter,low
41,seg_02,2024-01-08,7,prod_013,ctx_066,0.542500211008188,0.534281313419342,sports_drink,4.074467852259146,winter,low
42,seg_01,2024-01-08,7,prod_019,ctx_052,0.6426109203813498,0.6342226266860962,energy_drink,2.4110353704390515,winter,low
43,seg_04,2024-01-08,7,prod_019,ctx_013,0.5693870160963608,0.5653399229049683,energy_drink,2.4110353704390515,winter,low
44,seg_01,2024-01-08,7,prod_037,ctx_076,0.4904943790373407,0.4826418161392212,tea,4.58873345552485,winter,low
45,seg_02,2024-01-08,7,prod_004,ctx_013,0.5705284666135333,0.5622108578681946,water_enhanced,1.5393477188293476,winter,low
46,seg_03,2024-01-08,7,prod_003,ctx_096,0.5287284698083293,0.5220388770103455,water_enhanced,2.168830126177715,winter,low
47,seg_02,2024-01-08,7,prod_017,ctx_004,0.5252318315383321,0.5170737504959106,energy_drink,2.667474544311857,winter,low
48,seg_00,2024-01-08,7,prod_037,ctx_057,0.5661776445241152,0.5610439777374268,tea,4.58873345552485,winter,low
49,seg_03,2024-01-08,7,prod_025,ctx_052,0.5768540099170343,0.5699949264526367,tea,2.3147754498104662,winter,low
0,seg_01,2024-01-09,8,prod_037,ctx_074,0.7028360798263816,0.6942356824874878,tea,4.58873345552485,winter,low
1,seg_04,2024-01-09,8,prod_017,ctx_061,0.6682602796532797,0.6638649702072144,energy_drink,2.667474544311857,winter,low
2,seg_04,2024-01-09,8,prod_037,ctx_094,0.6638251542352731,0.6594454646110535,tea,4.58873345552485,winter,low
3,seg_00,2024-01-09,8,prod_004,ctx_004,0.5475653347820733,0.5424972176551819,water_enhanced,1.5393477188293476,winter,low
4,seg_00,2024-01-09,8,prod_045,ctx_099,0.6102507575360459,0.6049618721008301,coffee_drink,3.211054161482858,winter,low
5,seg_02,2024-01-09,8,prod_030,ctx_074,0.6126247436113338,0.604158878326416,sports_drink,1.8248998090247757,winter,low
6,seg_00,2024-01-09,8,prod_019,ctx_025,0.5643179268771269,0.5591908097267151,energy_drink,2.4110353704390515,winter,low
7,seg_00,2024-01-09,8,prod_048,ctx_002,0.4738434499224055,0.4690349698066711,energy_drink,3.966998106769277,winter,low
8,seg_00,2024-01-09,8,prod_039,ctx_016,0.4479551765755106,0.4432378709316253,water_enhanced,3.894881318085129,winter,low
9,seg_04,2024-01-09,8,prod_025,ctx_048,0.5719901183535826,0.5679338574409485,tea,2.3147754498104662,winter,low
10,seg_01,2024-01-09,8,prod_037,ctx_017,0.5646334158339066,0.5565197467803955,tea,4.58873345552485,winter,low
11,seg_01,2024-01-09,8,prod_017,ctx_012,0.5796379654563608,0.5714714527130127,energy_drink,2.667474544311857,winter,low
12,seg_03,2024-01-09,8,prod_026,ctx_099,0.5381906529023786,0.5314677357673645,water_enhanced,2.6009300072242048,winter,low
13,seg_03,2024-01-09,8,prod_037,ctx_053,0.7557271334826128,0.7482380867004395,tea,4.58873345552485,winter,low
14,seg_03,2024-01-09,8,prod_025,ctx_076,0.4824488300111634,0.4759222269058227,tea,2.3147754498104662,winter,low
15,seg_01,2024-01-09,8,prod_045,ctx_094,0.6588848105906858,0.6504392027854919,coffee_drink,3.211054161482858,winter,low
16,seg_01,2024-01-09,8,prod_039,ctx_001,0.5351801204028288,0.5271701812744141,water_enhanced,3.894881318085129,winter,low
17,seg_00,2024-01-09,8,prod_032,ctx_076,0.5889710440839335,0.5837571024894714,sports_drink,4.345263509670842,winter,low
18,seg_00,2024-01-09,8,prod_016,ctx_063,0.5872858674968633,0.5820778608322144,coffee_drink,4.2963348889260295,winter,low
19,seg_01,2024-01-09,8,prod_017,ctx_087,0.7478407563979982,0.739081859588623,energy_drink,2.667474544311857,winter,low
20,seg_04,2024-01-09,8,prod_030,ctx_002,0.5492136465250724,0.5452376008033752,sports_drink,1.8248998090247757,winter,low
21,seg_02,2024-01-09,8,prod_017,ctx_059,0.5572867936593122,0.5490158200263977,energy_drink,2.667474544311857,winter,low
22,seg_02,2024-01-09,8,prod_025,ctx_099,0.5489777300145776,0.5407360196113586,tea,2.3147754498104662,winter,low
23,seg_01,2024-01-09,8,prod_030,ctx_062,0.5865043437603951,0.5783136487007141,sports_drink,1.8248998090247757,winter,low
24,seg_00,2024-01-09,8,prod_030,ctx_032,0.536393271379999,0.5313645005226135,sports_drink,1.8248998090247757,winter,low
25,seg_01,2024-01-09,8,prod_026,ctx_061,0.625504580572672,0.6171765327453613,water_enhanced,2.6009300072242048,winter,low
26,seg_00,2024-01-09,8,prod_003,ctx_016,0.6811417036418407,0.6756031513214111,water_enhanced,2.168830126177715,winter,low
27,seg_04,2024-01-09,8,prod_048,ctx_001,0.5546666489878443,0.550671398639679,energy_drink,3.966998106769277,winter,low
28,seg_00,2024-01-09,8,prod_000,ctx_002,0.6281824887380784,0.6228304505348206,water_enhanced,1.8226854280684244,winter,low
29,seg_04,2024-01-09,8,prod_025,ctx_005,0.8298640068888176,0.8248995542526245,tea,2.3147754498104662,winter,low
30,seg_00,2024-01-09,8,prod_019,ctx_063,0.577489316848002,0.5723158121109009,energy_drink,2.4110353704390515,winter,low
31,seg_02,2024-01-09,8,prod_045,ctx_001,0.48234590279189954,0.4743388593196869,coffee_drink,3.211054161482858,winter,low
32,seg_02,2024-01-09,8,prod_025,ctx_014,0.5825124629653428,0.5741526484489441,tea,2.3147754498104662,winter,low
33,seg_01,2024-01-09,8,prod_019,ctx_062,0.7126308958313987,0.7039960026741028,energy_drink,2.4110353704390515,winter,low
34,seg_00,2024-01-09,8,prod_017,ctx_012,0.7205411477995229,0.7148638367652893,energy_drink,2.667474544311857,winter,low
35,seg_02,2024-01-09,8,prod_008,ctx_005,0.6801314593922337,0.671427845954895,tea,4.731054395960413,winter,low
36,seg_02,2024-01-09,8,prod_004,ctx_059,0.5554484300762,0.5471839308738708,water_enhanced,1.5393477188293476,winter,low
37,seg_03,2024-01-09,8,prod_025,ctx_085,0.6014544896554627,0.5945087671279907,tea,2.3147754498104662,winter,low
38,seg_04,2024-01-09,8,prod_026,ctx_069,0.7523193857034808,0.7476280331611633,water_enhanced,2.6009300072242048,winter,low
39,seg_00,2024-01-09,8,prod_026,ctx_094,0.5513484135605436,0.5462669730186462,water_enhanced,2.6009300072242048,winter,low
40,seg_03,2024-01-09,8,prod_046,ctx_001,0.536836075505907,0.530117928981781,tea,2.1833566865520675,winter,low
41,seg_02,2024-01-09,8,prod_048,ctx_062,0.5798567830550476,0.5715063214302063,energy_drink,3.966998106769277,winter,low
42,seg_01,2024-01-09,8,prod_003,ctx_016,0.4791586908685064,0.4713460505008697,water_enhanced,2.168830126177715,winter,low
43,seg_04,2024-01-09,8,prod_013,ctx_094,0.5357948604528193,0.5318660736083984,sports_drink,4.074467852259146,winter,low
44,seg_01,2024-01-09,8,prod_045,ctx_065,0.598710613785493,0.590476930141449,coffee_drink,3.211054161482858,winter,low
45,seg_02,2024-01-09,8,prod_008,ctx_094,0.5679123844351317,0.5596039891242981,tea,4.731054395960413,winter,low
46,seg_03,2024-01-09,8,prod_036,ctx_096,0.7525496248517127,0.7450717687606812,sports_drink,2.6795120773428827,winter,low
47,seg_02,2024-01-09,8,prod_004,ctx_045,0.6512672848998582,0.6426653265953064,water_enhanced,1.5393477188293476,winter,low
48,seg_00,2024-01-09,8,prod_013,ctx_074,0.7442629407078635,0.7385020852088928,sports_drink,4.074467852259146,winter,low
49,seg_03,2024-01-09,8,prod_045,ctx_027,0.7536025536651937,0.7461209893226624,coffee_drink,3.211054161482858,winter,low
0,seg_01,2024-01-10,9,prod_017,ctx_099,0.5546276312482414,0.5465492010116577,energy_drink,2.667474544311857,winter,low
1,seg_04,2024-01-10,9,prod_032,ctx_096,0.6487338126052996,0.6444072723388672,sports_drink,4.345263509670842,winter,low
2,seg_04,2024-01-10,9,prod_045,ctx_013,0.6593976851763034,0.6550335884094238,coffee_drink,3.211054161482858,winter,low
3,seg_00,2024-01-10,9,prod_008,ctx_069,0.5197824415577369,0.514812171459198,tea,4.731054395960413,winter,low
4,seg_00,2024-01-10,9,prod_032,ctx_065,0.6235162967969521,0.6181806921958923,sports_drink,4.345263509670842,winter,low
5,seg_02,2024-01-10,9,prod_004,ctx_017,0.5920033574057801,0.5836101174354553,water_enhanced,1.5393477188293476,winter,low
6,seg_00,2024-01-10,9,prod_039,ctx_035,0.7363696532480126,0.7306365966796875,water_enhanced,3.894881318085129,winter,low
7,seg_00,2024-01-10,9,prod_037,ctx_004,0.5492346603133251,0.5441606640815735,tea,4.58873345552485,winter,low
8,seg_00,2024-01-10,9,prod_006,ctx_076,0.6442085043235966,0.6388000249862671,water_enhanced,4.087683121485977,winter,low
9,seg_04,2024-01-10,9,prod_026,ctx_010,0.6445780844768328,0.6402661800384521,water_enhanced,2.6009300072242048,winter,low
10,seg_01,2024-01-10,9,prod_039,ctx_010,0.7216880096801549,0.7130212187767029,water_enhanced,3.894881318085129,winter,low
11,seg_01,2024-01-10,9,prod_017,ctx_027,0.615331313133076,0.6070390939712524,energy_drink,2.667474544311857,winter,low
12,seg_03,2024-01-10,9,prod_039,ctx_052,0.4954779193715021,0.4889054298400879,water_enhanced,3.894881318085129,winter,low
13,seg_03,2024-01-10,9,prod_003,ctx_071,0.5241128217999071,0.5174394845962524,water_enhanced,2.168830126177715,winter,low
14,seg_03,2024-01-10,9,prod_019,ctx_066,0.5807372793313385,0.5738645195960999,energy_drink,2.4110353704390515,winter,low
15,seg_01,2024-01-10,9,prod_016,ctx_087,0.7054268601307786,0.6968173384666443,coffee_drink,4.2963348889260295,winter,low
16,seg_01,2024-01-10,9,prod_012,ctx_014,0.5440656241416107,0.5360243916511536,water_enhanced,3.85379316552926,winter,low
17,seg_00,2024-01-10,9,prod_017,ctx_052,0.6051436669819463,0.5998727679252625,energy_drink,2.667474544311857,winter,low
18,seg_00,2024-01-10,9,prod_004,ctx_066,0.5607101069422342,0.5555956959724426,water_enhanced,1.5393477188293476,winter,low
19,seg_01,2024-01-10,9,prod_008,ctx_010,0.6503258386017643,0.6419103741645813,tea,4.731054395960413,winter,low
20,seg_04,2024-01-10,9,prod_025,ctx_002,0.4714428636716238,0.4677407145500183,tea,2.3147754498104662,winter,low
21,seg_02,2024-01-10,9,prod_048,ctx_063,0.6094797146910353,0.6010249257087708,energy_drink,3.966998106769277,winter,low
22,seg_02,2024-01-10,9,prod_025,ctx_010,0.5908378561883356,0.5824487209320068,tea,2.3147754498104662,winter,low
23,seg_01,2024-01-10,9,prod_032,ctx_069,0.5975854280836018,0.5893557071685791,sports_drink,4.345263509670842,winter,low
24,seg_00,2024-01-10,9,prod_024,ctx_035,0.5841829485512674,0.578985869884491,coffee_drink,2.560065036681424,winter,low
25,seg_01,2024-01-10,9,prod_030,ctx_032,0.4914760080072911,0.4836199879646301,sports_drink,1.8248998090247757,winter,low
26,seg_00,2024-01-10,9,prod_039,ctx_012,0.5909107347936738,0.5856899619102478,water_enhanced,3.894881318085129,winter,low
27,seg_04,2024-01-10,9,prod_004,ctx_016,0.4811291148981105,0.4773928523063659,water_enhanced,1.5393477188293476,winter,low
28,seg_00,2024-01-10,9,prod_004,ctx_032,0.48828361223476496,0.4834242761135101,water_enhanced,1.5393477188293476,winter,low
29,seg_04,2024-01-10,9,prod_017,ctx_013,0.6065467957898515,0.6023688316345215,energy_drink,2.667474544311857,winter,low
30,seg_00,2024-01-10,9,prod_045,ctx_085,0.5587015090011623,0.553594172000885,coffee_drink,3.211054161482858,winter,low
31,seg_02,2024-01-10,9,prod_013,ctx_048,0.6057289361772517,0.5972873568534851,sports_drink,4.074467852259146,winter,low
32,seg_02,2024-01-10,9,prod_026,ctx_005,0.7836506375018923,0.7745824456214905,water_enhanced,2.6009300072242048,winter,low
33,seg_01,2024-01-10,9,prod_012,ctx_032,0.48234071555493213,0.4745168685913086,water_enhanced,3.85379316552926,winter,low
34,seg_00,2024-01-10,9,prod_030,ctx_048,0.6279808513450065,0.6226295232772827,sports_drink,1.8248998090247757,winter,low
35,seg_02,2024-01-10,9,prod_032,ctx_069,0.5449071190650908,0.536679744720459,sports_drink,4.345263509670842,winter,low
36,seg_02,2024-01-10,9,prod_008,ctx_085,0.7492292622854778,0.7402822971343994,tea,4.731054395960413,winter,low
37,seg_03,2024-01-10,9,prod_013,ctx_083,0.6120894116188583,0.6051062345504761,sports_drink,4.074467852259146,winter,low
38,seg_04,2024-01-10,9,prod_037,ctx_085,0.5747189523818627,0.5706530809402466,tea,4.58873345552485,winter,low
39,seg_00,2024-01-10,9,prod_019,ctx_045,0.9039863738315016,0.8976629972457886,energy_drink,2.4110353704390515,winter,low
40,seg_03,2024-01-10,9,prod_003,ctx_013,0.5756480137381215,0.5687931776046753,water_enhanced,2.168830126177715,winter,low
41,seg_02,2024-01-10,9,prod_030,ctx_013,0.6125737809714948,0.6041080951690674,sports_drink,1.8248998090247757,winter,low
42,seg_01,2024-01-10,9,prod_019,ctx_076,0.4895745392774299,0.4817252159118652,energy_drink,2.4110353704390515,winter,low
43,seg_04,2024-01-10,9,prod_048,ctx_045,0.8764027665871367,0.8712744116783142,energy_drink,3.966998106769277,winter,low
44,seg_01,2024-01-10,9,prod_017,ctx_057,0.6581472878803399,0.6497042775154114,energy_drink,2.667474544311857,winter,low
45,seg_02,2024-01-10,9,prod_004,ctx_063,0.7138655567544817,0.7050431370735168,water_enhanced,1.5393477188293476,winter,low
46,seg_03,2024-01-10,9,prod_013,ctx_014,0.6298770477512052,0.6228312253952026,sports_drink,4.074467852259146,winter,low
47,seg_02,2024-01-10,9,prod_039,ctx_005,0.7968760406931601,0.7877612709999084,water_enhanced,3.894881318085129,winter,low
48,seg_00,2024-01-10,9,prod_032,ctx_038,0.5962441664618001,0.5910046100616455,sports_drink,4.345263509670842,winter,low
49,seg_03,2024-01-10,9,prod_037,ctx_044,0.6290017703935011,0.6219590306282043,tea,4.58873345552485,winter,low
0,seg_01,2024-01-11,10,prod_045,ctx_044,0.5948728040029702,0.5866526365280151,coffee_drink,3.211054161482858,winter,low
1,seg_04,2024-01-11,10,prod_025,ctx_059,0.6378008309772117,0.6335127949714661,tea,2.3147754498104662,winter,low
2,seg_04,2024-01-11,10,prod_030,ctx_017,0.6108415945023858,0.6066485047340393,sports_drink,1.8248998090247757,winter,low
3,seg_00,2024-01-11,10,prod_004,ctx_052,0.5488800751854312,0.543807327747345,water_enhanced,1.5393477188293476,winter,low
4,seg_00,2024-01-11,10,prod_048,ctx_045,0.6232242784780624,0.6178897023200989,energy_drink,3.966998106769277,winter,low
5,seg_02,2024-01-11,10,prod_039,ctx_017,0.5867871039201005,0.5784122347831726,water_enhanced,3.894881318085129,winter,low
6,seg_00,2024-01-11,10,prod_047,ctx_027,0.8640140784980704,0.8578314781188965,tea,3.390785015566016,winter,low
7,seg_00,2024-01-11,10,prod_017,ctx_083,0.6274438893522428,0.622094452381134,energy_drink,2.667474544311857,winter,low
8,seg_00,2024-01-11,10,prod_008,ctx_061,0.5922212881256836,0.5869958996772766,tea,4.731054395960413,winter,low
9,seg_04,2024-01-11,10,prod_032,ctx_013,0.5991868814044656,0.5950348377227783,sports_drink,4.345263509670842,winter,low
10,seg_01,2024-01-11,10,prod_003,ctx_044,0.5136412272342583,0.5057071447372437,water_enhanced,2.168830126177715,winter,low
11,seg_01,2024-01-11,10,prod_003,ctx_002,0.481293050488289,0.4734728932380676,water_enhanced,2.168830126177715,winter,low
12,seg_03,2024-01-11,10,prod_003,ctx_061,0.7571284864475751,0.7496345043182373,water_enhanced,2.168830126177715,winter,low
13,seg_03,2024-01-11,10,prod_039,ctx_012,0.7764179054419379,0.7688559889793396,water_enhanced,3.894881318085129,winter,low
14,seg_03,2024-01-11,10,prod_026,ctx_087,0.6109389240429626,0.6039597988128662,water_enhanced,2.6009300072242048,winter,low
15,seg_01,2024-01-11,10,prod_025,ctx_087,0.6840838022706974,0.6755494475364685,tea,2.3147754498104662,winter,low
16,seg_01,2024-01-11,10,prod_017,ctx_062,0.7562598203885824,0.747471272945404,energy_drink,2.667474544311857,winter,low
17,seg_00,2024-01-11,10,prod_003,ctx_052,0.5551309540012693,0.5500361919403076,water_enhanced,2.168830126177715,winter,low
18,seg_00,2024-01-11,10,prod_013,ctx_005,0.6097706798983138,0.6044834852218628,sports_drink,4.074467852259146,winter,low
19,seg_01,2024-01-11,10,prod_012,ctx_032,0.48096795430574807,0.4731489419937134,water_enhanced,3.85379316552926,winter,low
20,seg_04,2024-01-11,10,prod_017,ctx_069,0.5297563857849488,0.5258488655090332,energy_drink,2.667474544311857,winter,low
21,seg_02,2024-01-11,10,prod_045,ctx_071,0.5717332664863466,0.5634114146232605,coffee_drink,3.211054161482858,winter,low
22,seg_02,2024-01-11,10,prod_004,ctx_071,0.5252915870280024,0.5171332955360413,water_enhanced,1.5393477188293476,winter,low
23,seg_01,2024-01-11,10,prod_030,ctx_071,0.6283976076131094,0.6200593709945679,sports_drink,1.8248998090247757,winter,low
24,seg_00,2024-01-11,10,prod_004,ctx_045,0.7505524602107156,0.7447694540023804,water_enhanced,1.5393477188293476,winter,low
25,seg_01,2024-01-11,10,prod_030,ctx_012,0.6126172534851249,0.6043345928192139,sports_drink,1.8248998090247757,winter,low
26,seg_00,2024-01-11,10,prod_025,ctx_027,0.563138787770148,0.5580158233642578,tea,2.3147754498104662,winter,low
27,seg_04,2024-01-11,10,prod_003,ctx_071,0.5114524239400546,0.5076093673706055,water_enhanced,2.168830126177715,winter,low
28,seg_00,2024-01-11,10,prod_003,ctx_074,0.5367007220475722,0.531670868396759,water_enhanced,2.168830126177715,winter,low
29,seg_04,2024-01-11,10,prod_013,ctx_045,0.6181948693889194,0.6139758825302124,sports_drink,4.074467852259146,winter,low
30,seg_00,2024-01-11,10,prod_025,ctx_004,0.6064440517121101,0.6011685729026794,tea,2.3147754498104662,winter,low
31,seg_02,2024-01-11,10,prod_008,ctx_014,0.5987121821965093,0.5902953147888184,tea,4.731054395960413,winter,low
32,seg_02,2024-01-11,10,prod_012,ctx_059,0.5643234661366113,0.5560277104377747,water_enhanced,3.85379316552926,winter,low
33,seg_01,2024-01-11,10,prod_032,ctx_087,0.6169368755492242,0.6086390018463135,sports_drink,4.345263509670842,winter,low
34,seg_00,2024-01-11,10,prod_026,ctx_014,0.5788715887306771,0.5736932158470154,water_enhanced,2.6009300072242048,winter,low
35,seg_02,2024-01-11,10,prod_006,ctx_076,0.5077929186339913,0.4996962547302246,water_enhanced,4.087683121485977,winter,low
36,seg_02,2024-01-11,10,prod_019,ctx_096,0.5619756556010241,0.5536881685256958,energy_drink,2.4110353704390515,winter,low
37,seg_03,2024-01-11,10,prod_008,ctx_017,0.5775772965847962,0.5707156658172607,tea,4.731054395960413,winter,low
38,seg_04,2024-01-11,10,prod_032,ctx_069,0.5629190675387672,0.5588947534561157,sports_drink,4.345263509670842,winter,low
39,seg_00,2024-01-11,10,prod_004,ctx_014,0.6497945360246337,0.6443663835525513,water_enhanced,1.5393477188293476,winter,low
40,seg_03,2024-01-11,10,prod_013,ctx_094,0.5233863649209817,0.5167155861854553,sports_drink,4.074467852259146,winter,low
41,seg_02,2024-01-11,10,prod_012,ctx_074,0.5351405358840221,0.526947557926178,water_enhanced,3.85379316552926,winter,low
42,seg_01,2024-01-11,10,prod_032,ctx_027,0.626841333008261,0.6185085773468018,sports_drink,4.345263509670842,winter,low
43,seg_04,2024-01-11,10,prod_008,ctx_045,0.6665194150172774,0.6621302366256714,tea,4.731054395960413,winter,low
44,seg_01,2024-01-11,10,prod_004,ctx_087,0.6337284074078167,0.6253713965415955,water_enhanced,1.5393477188293476,winter,low
45,seg_02,2024-01-11,10,prod_017,ctx_062,0.6467445898753676,0.6381585597991943,energy_drink,2.667474544311857,winter,low
46,seg_03,2024-01-11,10,prod_048,ctx_032,0.5240424191859512,0.5173693299293518,energy_drink,3.966998106769277,winter,low
47,seg_02,2024-01-11,10,prod_030,ctx_062,0.8682749981841105,0.8589087724685669,sports_drink,1.8248998090247757,winter,low
48,seg_00,2024-01-11,10,prod_008,ctx_032,0.4847655750726403,0.4799186289310455,tea,4.731054395960413,winter,low
49,seg_03,2024-01-11,10,prod_017,ctx_005,0.7335756717757899,0.7261646389961243,energy_drink,2.667474544311857,winter,low
0,seg_01,2024-01-12,11,prod_019,ctx_099,0.682406282042664,0.6738778352737427,energy_drink,2.4110353704390515,winter,low
1,seg_04,2024-01-12,11,prod_030,ctx_061,0.6274145014212936,0.6231630444526672,sports_drink,1.8248998090247757,winter,low
2,seg_04,2024-01-12,11,prod_039,ctx_059,0.6375244244529207,0.633237361907959,water_enhanced,3.894881318085129,winter,low
3,seg_00,2024-01-12,11,prod_048,ctx_059,0.5515337811906623,0.5464516878128052,energy_drink,3.966998106769277,winter,low
4,seg_00,2024-01-12,11,prod_039,ctx_053,0.7328921110473562,0.7271713018417358,water_enhanced,3.894881318085129,winter,low
5,seg_02,2024-01-12,11,prod_003,ctx_045,0.6172448777676292,0.6087627410888672,water_enhanced,2.168830126177715,winter,low
6,seg_00,2024-01-12,11,prod_026,ctx_087,0.6424377918504115,0.6370355486869812,water_enhanced,2.6009300072242048,winter,low
7,seg_00,2024-01-12,11,prod_019,ctx_074,0.6874342737252465,0.6818735599517822,energy_drink,2.4110353704390515,winter,low
8,seg_00,2024-01-12,11,prod_012,ctx_052,0.5297633429765323,0.5247579216957092,water_enhanced,3.85379316552926,winter,low
9,seg_04,2024-01-12,11,prod_026,ctx_004,0.5335578876773516,0.5296369791030884,water_enhanced,2.6009300072242048,winter,low
10,seg_01,2024-01-12,11,prod_017,ctx_090,0.7176553814493273,0.7090027928352356,energy_drink,2.667474544311857,winter,low
11,seg_01,2024-01-12,11,prod_037,ctx_087,0.6712075410145707,0.6627185344696045,tea,4.58873345552485,winter,low
12,seg_03,2024-01-12,11,prod_013,ctx_057,0.6329043601513122,0.6258478760719299,sports_drink,4.074467852259146,winter,low
13,seg_03,2024-01-12,11,prod_030,ctx_001,0.5009852042235392,0.4943933188915252,sports_drink,1.8248998090247757,winter,low
14,seg_03,2024-01-12,11,prod_012,ctx_065,0.5113981814978239,0.5047696232795715,water_enhanced,3.85379316552926,winter,low
15,seg_01,2024-01-12,11,prod_009,ctx_062,0.6301031214038713,0.6217588782310486,coffee_drink,2.372772799711913,winter,low
16,seg_01,2024-01-12,11,prod_019,ctx_052,0.5524712895038805,0.5444004535675049,energy_drink,2.4110353704390515,winter,low
17,seg_00,2024-01-12,11,prod_045,ctx_014,0.5748054041137584,0.5696413516998291,coffee_drink,3.211054161482858,winter,low
18,seg_00,2024-01-12,11,prod_019,ctx_069,0.5144075578832628,0.509456217288971,energy_drink,2.4110353704390515,winter,low
19,seg_01,2024-01-12,11,prod_032,ctx_010,0.6096534051235968,0.6013811826705933,sports_drink,4.345263509670842,winter,low
20,seg_04,2024-01-12,11,prod_008,ctx_052,0.6383367761097908,0.6340468525886536,tea,4.731054395960413,winter,low
21,seg_02,2024-01-12,11,prod_025,ctx_057,0.6636467800481647,0.6550012230873108,tea,2.3147754498104662,winter,low
22,seg_02,2024-01-12,11,prod_045,ctx_074,0.7319305564559992,0.7230445146560669,coffee_drink,3.211054161482858,winter,low
23,seg_01,2024-01-12,11,prod_012,ctx_010,0.6486938976361221,0.6402841806411743,water_enhanced,3.85379316552926,winter,low
24,seg_00,2024-01-12,11,prod_003,ctx_017,0.5626791071514126,0.5575577616691589,water_enhanced,2.168830126177715,winter,low
25,seg_01,2024-01-12,11,prod_039,ctx_094,0.5234267718670043,0.5154582262039185,water_enhanced,3.894881318085129,winter,low
26,seg_00,2024-01-12,11,prod_048,ctx_025,0.5371099783642136,0.5320786833763123,energy_drink,3.966998106769277,winter,low
27,seg_04,2024-01-12,11,prod_006,ctx_012,0.77346104543171,0.7686952352523804,water_enhanced,4.087683121485977,winter,low
28,seg_00,2024-01-12,11,prod_008,ctx_016,0.6628580790006382,0.657383918762207,tea,4.731054395960413,winter,low
29,seg_04,2024-01-12,11,prod_030,ctx_052,0.5783942439807676,0.5743154287338257,sports_drink,1.8248998090247757,winter,low
30,seg_00,2024-01-12,11,prod_012,ctx_066,0.5268903540632617,0.5218950510025024,water_enhanced,3.85379316552926,winter,low
31,seg_02,2024-01-12,11,prod_003,ctx_061,0.6973708284391767,0.6886065006256104,water_enhanced,2.168830126177715,winter,low
32,seg_02,2024-01-12,11,prod_009,ctx_094,0.6466246003735872,0.6380389928817749,coffee_drink,2.372772799711913,winter,low
33,seg_01,2024-01-12,11,prod_008,ctx_013,0.6577434149411464,0.6493018269538879,tea,4.731054395960413,winter,low
34,seg_00,2024-01-12,11,prod_045,ctx_012,0.7830583699159048,0.7771608829498291,coffee_drink,3.211054161482858,winter,low
35,seg_02,2024-01-12,11,prod_037,ctx_045,0.6744022298510857,0.6657187938690186,tea,4.58873345552485,winter,low
36,seg_02,2024-01-12,11,prod_012,ctx_085,0.751549976487911,0.742594838142395,water_enhanced,3.85379316552926,winter,low
37,seg_03,2024-01-12,11,prod_039,ctx_013,0.6683954124666008,0.6612139344215393,water_enhanced,3.894881318085129,winter,low
38,seg_04,2024-01-12,11,prod_026,ctx_013,0.5933638614651162,0.589232325553894,water_enhanced,2.6009300072242048,winter,low
39,seg_00,2024-01-12,11,prod_026,ctx_032,0.6556865230106197,0.6502376198768616,water_enhanced,2.6009300072242048,winter,low
40,seg_03,2024-01-12,11,prod_004,ctx_004,0.7405908107432979,0.7331550717353821,water_enhanced,1.5393477188293476,winter,low
41,seg_02,2024-01-12,11,prod_017,ctx_002,0.6728638998377299,0.6641858816146851,energy_drink,2.667474544311857,winter,low
42,seg_01,2024-01-12,11,prod_019,ctx_065,0.6204188440824486,0.6121087074279785,energy_drink,2.4110353704390515,winter,low
43,seg_04,2024-01-12,11,prod_017,ctx_012,0.755734420910438,0.7510310411453247,energy_drink,2.667474544311857,winter,low
44,seg_01,2024-01-12,11,prod_048,ctx_057,0.698563592222603,0.6899782419204712,energy_drink,3.966998106769277,winter,low
45,seg_02,2024-01-12,11,prod_012,ctx_099,0.5161972082442466,0.5080709457397461,water_enhanced,3.85379316552926,winter,low
46,seg_03,2024-01-12,11,prod_012,ctx_002,0.46425412082080675,0.4577915966510772,water_enhanced,3.85379316552926,winter,low
47,seg_02,2024-01-12,11,prod_048,ctx_057,0.5953343521092469,0.5869293808937073,energy_drink,3.966998106769277,winter,low
48,seg_00,2024-01-12,11,prod_048,ctx_094,0.55491095330957,0.5498169660568237,energy_drink,3.966998106769277,winter,low
49,seg_03,2024-01-12,11,prod_032,ctx_074,0.6041587994087028,0.5972035527229309,sports_drink,4.345263509670842,winter,low
0,seg_01,2024-01-13,12,prod_013,ctx_062,0.608939808535241,0.6006700992584229,sports_drink,4.074467852259146,winter,low
1,seg_04,2024-01-13,12,prod_030,ctx_027,0.6251863813109622,0.6209427714347839,sports_drink,1.8248998090247757,winter,low
2,seg_04,2024-01-13,12,prod_004,ctx_071,0.7446047067442862,0.7399405241012573,water_enhanced,1.5393477188293476,winter,low
3,seg_00,2024-01-13,12,prod_012,ctx_096,0.5624143646115917,0.5572939515113831,water_enhanced,3.85379316552926,winter,low
4,seg_00,2024-01-13,12,prod_004,ctx_004,0.49254679855861994,0.4876724481582641,water_enhanced,1.5393477188293476,winter,low
5,seg_02,2024-01-13,12,prod_019,ctx_012,0.7604980470356971,0.7515113949775696,energy_drink,2.4110353704390515,winter,low
6,seg_00,2024-01-13,12,prod_002,ctx_066,0.5237011216325864,0.5187170505523682,soda,3.34,winter,low
7,seg_00,2024-01-13,12,prod_003,ctx_035,0.706149705053066,0.7005230784416199,water_enhanced,2.168830126177715,winter,low
8,seg_00,2024-01-13,12,prod_011,ctx_066,0.5334260135460873,0.5284076929092407,juice,1.8563988290823543,winter,low
9,seg_04,2024-01-13,12,prod_003,ctx_048,0.5122067547510987,0.5083610415458679,water_enhanced,2.168830126177715,winter,low
10,seg_01,2024-01-13,12,prod_003,ctx_027,0.6071861434239739,0.598922610282898,water_enhanced,2.168830126177715,winter,low
11,seg_01,2024-01-13,12,prod_030,ctx_096,0.5847990094155482,0.5766143202781677,sports_drink,1.8248998090247757,winter,low
12,seg_03,2024-01-13,12,prod_045,ctx_061,0.5903695771527374,0.5834628939628601,coffee_drink,3.211054161482858,winter,low
13,seg_03,2024-01-13,12,prod_030,ctx_061,0.6194865311239388,0.6124773025512695,sports_drink,1.8248998090247757,winter,low
14,seg_03,2024-01-13,12,prod_026,ctx_027,0.6219066583632411,0.6148889064788818,water_enhanced,2.6009300072242048,winter,low
15,seg_01,2024-01-13,12,prod_041,ctx_038,0.5982697151725198,0.5900375843048096,sports_drink,4.29986893934154,winter,low
16,seg_01,2024-01-13,12,prod_024,ctx_038,0.595707885475731,0.5874847769737244,coffee_drink,2.560065036681424,winter,low
17,seg_00,2024-01-13,12,prod_026,ctx_074,0.6287439750058819,0.6233899593353271,water_enhanced,2.6009300072242048,winter,low
18,seg_00,2024-01-13,12,prod_027,ctx_069,0.5332605045972205,0.5282427668571472,energy_drink,4.713418248783019,winter,low
19,seg_01,2024-01-13,12,prod_034,ctx_053,0.5638355992961455,0.5557247400283813,coffee_drink,3.848620949567445,winter,low
20,seg_04,2024-01-13,12,prod_012,ctx_083,0.6272224942923228,0.6229717135429382,water_enhanced,3.85379316552926,winter,low
21,seg_02,2024-01-13,12,prod_017,ctx_025,0.56101561995617,0.5527315139770508,energy_drink,2.667474544311857,winter,low
22,seg_02,2024-01-13,12,prod_045,ctx_083,0.5812834977093194,0.5729280114173889,coffee_drink,3.211054161482858,winter,low
23,seg_01,2024-01-13,12,prod_019,ctx_014,0.5641298905966241,0.5560179948806763,energy_drink,2.4110353704390515,winter,low
24,seg_00,2024-01-13,12,prod_012,ctx_014,0.5892234646709295,0.5840086340904236,water_enhanced,3.85379316552926,winter,low
25,seg_01,2024-01-13,12,prod_017,ctx_094,0.7517590775810179,0.7429863810539246,energy_drink,2.667474544311857,winter,low
26,seg_00,2024-01-13,12,prod_026,ctx_045,0.6283404609585183,0.6229878664016724,water_enhanced,2.6009300072242048,winter,low
27,seg_04,2024-01-13,12,prod_012,ctx_059,0.544326795923892,0.5403679609298706,water_enhanced,3.85379316552926,winter,low
28,seg_00,2024-01-13,12,prod_013,ctx_002,0.5254375599360206,0.5204473733901978,sports_drink,4.074467852259146,winter,low
29,seg_04,2024-01-13,12,prod_032,ctx_062,0.6425900031853674,0.6382851004600525,sports_drink,4.345263509670842,winter,low
30,seg_00,2024-01-13,12,prod_025,ctx_062,0.630878244902707,0.6255167126655579,tea,2.3147754498104662,winter,low
31,seg_02,2024-01-13,12,prod_025,ctx_059,0.6319999975683362,0.623465895652771,tea,2.3147754498104662,winter,low
32,seg_02,2024-01-13,12,prod_019,ctx_005,0.6473976533750885,0.638809323310852,energy_drink,2.4110353704390515,winter,low
33,seg_01,2024-01-13,12,prod_025,ctx_090,0.5575578035930685,0.5494690537452698,tea,2.3147754498104662,winter,low
34,seg_00,2024-01-13,12,prod_017,ctx_085,0.6045480859903068,0.5992792844772339,energy_drink,2.667474544311857,winter,low
35,seg_02,2024-01-13,12,prod_025,ctx_012,0.735819747585496,0.7269200086593628,tea,2.3147754498104662,winter,low
36,seg_02,2024-01-13,12,prod_039,ctx_002,0.4643477167860393,0.4564040601253509,water_enhanced,3.894881318085129,winter,low
37,seg_03,2024-01-13,12,prod_008,ctx_053,0.914193847048719,0.9061467051506042,tea,4.731054395960413,winter,low
38,seg_04,2024-01-13,12,prod_026,ctx_038,0.5411744097210816,0.537226676940918,water_enhanced,2.6009300072242048,winter,low
39,seg_00,2024-01-13,12,prod_008,ctx_027,0.6201265036486945,0.6148028373718262,tea,4.731054395960413,winter,low
40,seg_03,2024-01-13,12,prod_045,ctx_035,0.5978994268195582,0.5909662246704102,coffee_drink,3.211054161482858,winter,low
41,seg_02,2024-01-13,12,prod_013,ctx_065,0.6222170848090093,0.6137174367904663,sports_drink,4.074467852259146,winter,low
42,seg_01,2024-01-13,12,prod_017,ctx_074,0.6584552768856579,0.6500111818313599,energy_drink,2.667474544311857,winter,low
43,seg_04,2024-01-13,12,prod_039,ctx_063,0.5369475013796942,0.5330146551132202,water_enhanced,3.894881318085129,winter,low
44,seg_01,2024-01-13,12,prod_026,ctx_069,0.560185848832465,0.5520878434181213,water_enhanced,2.6009300072242048,winter,low
45,seg_02,2024-01-13,12,prod_004,ctx_045,0.5881225404189799,0.579742968082428,water_enhanced,1.5393477188293476,winter,low
46,seg_03,2024-01-13,12,prod_037,ctx_062,0.7482953809159516,0.740832507610321,tea,4.58873345552485,winter,low
47,seg_02,2024-01-13,12,prod_037,ctx_002,0.5136648076775057,0.5055474638938904,tea,4.58873345552485,winter,low
48,seg_00,2024-01-13,12,prod_037,ctx_005,0.7233082636229872,0.7176212072372437,tea,4.58873345552485,winter,low
49,seg_03,2024-01-13,12,prod_019,ctx_012,0.5883579884464167,0.5814583897590637,energy_drink,2.4110353704390515,winter,low
0,seg_01,2024-01-14,13,prod_017,ctx_071,0.540081984645558,0.5320547819137573,energy_drink,2.667474544311857,winter,low
1,seg_04,2024-01-14,13,prod_037,ctx_052,0.7018617664843972,0.6973481178283691,tea,4.58873345552485,winter,low
2,seg_04,2024-01-14,13,prod_013,ctx_053,0.6448672914763885,0.6405543684959412,sports_drink,4.074467852259146,winter,low
3,seg_00,2024-01-14,13,prod_017,ctx_016,0.5735185974578239,0.5683590769767761,energy_drink,2.667474544311857,winter,low
4,seg_00,2024-01-14,13,prod_005,ctx_048,0.5917746472434328,0.5865508317947388,energy_drink,3.0174059338845534,winter,low
5,seg_02,2024-01-14,13,prod_046,ctx_096,0.5656563903926818,0.5573559403419495,tea,2.1833566865520675,winter,low
6,seg_00,2024-01-14,13,prod_025,ctx_066,0.5782712823299446,0.5730950236320496,tea,2.3147754498104662,winter,low
7,seg_00,2024-01-14,13,prod_032,ctx_002,0.47130593514708913,0.4665063917636871,sports_drink,4.345263509670842,winter,low
8,seg_00,2024-01-14,13,prod_041,ctx_099,0.5518850166614775,0.5468016862869263,sports_drink,4.29986893934154,winter,low
9,seg_04,2024-01-14,13,prod_045,ctx_016,0.489723228378705,0.4859566986560821,coffee_drink,3.211054161482858,winter,low
10,seg_01,2024-01-14,13,prod_008,ctx_094,0.57324831513298,0.5651043057441711,tea,4.731054395960413,winter,low
11,seg_01,2024-01-14,13,prod_004,ctx_048,0.6102727327913114,0.6019983291625977,water_enhanced,1.5393477188293476,winter,low
12,seg_03,2024-01-14,13,prod_012,ctx_027,0.623025264381585,0.6160035729408264,water_enhanced,3.85379316552926,winter,low
13,seg_03,2024-01-14,13,prod_032,ctx_016,0.6156757578592649,0.6086799502372742,sports_drink,4.345263509670842,winter,low
14,seg_03,2024-01-14,13,prod_019,ctx_013,0.5782983700862739,0.5714341998100281,energy_drink,2.4110353704390515,winter,low
15,seg_01,2024-01-14,13,prod_027,ctx_063,0.5621436037643079,0.5540387034416199,energy_drink,4.713418248783019,winter,low
16,seg_01,2024-01-14,13,prod_013,ctx_035,0.6259870508226031,0.6176573038101196,sports_drink,4.074467852259146,winter,low
17,seg_00,2024-01-14,13,prod_030,ctx_005,0.6133471566133993,0.608047366142273,sports_drink,1.8248998090247757,winter,low
18,seg_00,2024-01-14,13,prod_011,ctx_014,0.5820730832988723,0.5768834352493286,juice,1.8563988290823543,winter,low
19,seg_01,2024-01-14,13,prod_013,ctx_052,0.5412223036196079,0.5331910848617554,sports_drink,4.074467852259146,winter,low
20,seg_04,2024-01-14,13,prod_037,ctx_053,0.5789453223855053,0.5748645663261414,tea,4.58873345552485,winter,low
21,seg_02,2024-01-14,13,prod_026,ctx_010,0.6747201481970296,0.6660355925559998,water_enhanced,2.6009300072242048,winter,low
22,seg_02,2024-01-14,13,prod_004,ctx_025,0.5516868848075208,0.5434356331825256,water_enhanced,1.5393477188293476,winter,low
23,seg_01,2024-01-14,13,prod_039,ctx_016,0.6945238459704834,0.6859527230262756,water_enhanced,3.894881318085129,winter,low
24,seg_00,2024-01-14,13,prod_008,ctx_057,0.7386911450494106,0.7329499125480652,tea,4.731054395960413,winter,low
25,seg_01,2024-01-14,13,prod_048,ctx_010,0.6148369396374548,0.6065464615821838,energy_drink,3.966998106769277,winter,low
26,seg_00,2024-01-14,13,prod_037,ctx_048,0.5667655691567178,0.5616298317909241,tea,4.58873345552485,winter,low
27,seg_04,2024-01-14,13,prod_026,ctx_035,0.744738932288651,0.7400742769241333,water_enhanced,2.6009300072242048,winter,low
28,seg_00,2024-01-14,13,prod_037,ctx_062,0.7237906142423084,0.7181018590927124,tea,4.58873345552485,winter,low
29,seg_04,2024-01-14,13,prod_030,ctx_032,0.5062925164716618,0.5024676322937012,sports_drink,1.8248998090247757,winter,low
30,seg_00,2024-01-14,13,prod_037,ctx_053,0.5833737072902561,0.5781794786453247,tea,4.58873345552485,winter,low
31,seg_02,2024-01-14,13,prod_013,ctx_083,0.6053952864060992,0.596954882144928,sports_drink,4.074467852259146,winter,low
32,seg_02,2024-01-14,13,prod_013,ctx_052,0.5462288578591309,0.5379968285560608,sports_drink,4.074467852259146,winter,low
33,seg_01,2024-01-14,13,prod_008,ctx_099,0.6672472294874584,0.6587721705436707,tea,4.731054395960413,winter,low
34,seg_00,2024-01-14,13,prod_032,ctx_027,0.6260643091582916,0.6207197308540344,sports_drink,4.345263509670842,winter,low
35,seg_02,2024-01-14,13,prod_008,ctx_038,0.5346381471375342,0.5264469385147095,tea,4.731054395960413,winter,low
36,seg_02,2024-01-14,13,prod_025,ctx_071,0.8432767466675961,0.8339985609054565,tea,2.3147754498104662,winter,low
37,seg_03,2024-01-14,13,prod_026,ctx_085,0.613696230156411,0.6067073941230774,water_enhanced,2.6009300072242048,winter,low
38,seg_04,2024-01-14,13,prod_008,ctx_087,0.5766360927216273,0.5725634694099426,tea,4.731054395960413,winter,low
39,seg_00,2024-01-14,13,prod_030,ctx_062,0.5744664905957682,0.5693036317825317,sports_drink,1.8248998090247757,winter,low
40,seg_03,2024-01-14,13,prod_048,ctx_052,0.526296499138642,0.5196154713630676,energy_drink,3.966998106769277,winter,low
41,seg_02,2024-01-14,13,prod_048,ctx_016,0.5014431352113765,0.4933688342571258,energy_drink,3.966998106769277,winter,low
42,seg_01,2024-01-14,13,prod_045,ctx_035,0.69829209055332,0.6897076964378357,coffee_drink,3.211054161482858,winter,low
43,seg_04,2024-01-14,13,prod_026,ctx_085,0.7555906249172772,0.7508877515792847,water_enhanced,2.6009300072242048,winter,low
44,seg_01,2024-01-14,13,prod_019,ctx_016,0.5265667164863798,0.5185871124267578,energy_drink,2.4110353704390515,winter,low
45,seg_02,2024-01-14,13,prod_012,ctx_017,0.7440881966381522,0.7351593375205994,water_enhanced,3.85379316552926,winter,low
46,seg_03,2024-01-14,13,prod_026,ctx_052,0.5519561882975736,0.5451847910881042,water_enhanced,2.6009300072242048,winter,low
47,seg_02,2024-01-14,13,prod_045,ctx_038,0.5333345323809017,0.5251479148864746,coffee_drink,3.211054161482858,winter,low
48,seg_00,2024-01-14,13,prod_003,ctx_074,0.6281212378657837,0.6227694153785706,water_enhanced,2.168830126177715,winter,low
49,seg_03,2024-01-14,13,prod_019,ctx_059,0.562834558552219,0.5560248494148254,energy_drink,2.4110353704390515,winter,low
0,seg_01,2024-01-15,14,prod_026,ctx_038,0.7022468392570695,0.6936485171318054,water_enhanced,2.635578137503645,winter,low
1,seg_04,2024-01-15,14,prod_045,ctx_053,0.658602859403791,0.6542415618896484,coffee_drink,3.2417244952808453,winter,low
2,seg_04,2024-01-15,14,prod_019,ctx_001,0.5065450566892677,0.5027192831039429,energy_drink,2.4107592699159364,winter,low
3,seg_00,2024-01-15,14,prod_025,ctx_066,0.5569676427558421,0.5518664121627808,tea,2.254662592241325,winter,low
4,seg_00,2024-01-15,14,prod_030,ctx_071,0.5766438873274805,0.5714733600616455,sports_drink,1.8347464149047945,winter,low
5,seg_02,2024-01-15,14,prod_048,ctx_001,0.6896559102187623,0.6809187531471252,energy_drink,4.081235791508453,winter,low
6,seg_00,2024-01-15,14,prod_017,ctx_048,0.5990277913094376,0.5937784314155579,energy_drink,2.595593824301548,winter,low
7,seg_00,2024-01-15,14,prod_008,ctx_035,0.7009250176093849,0.6953167915344238,tea,4.72433246297033,winter,low
8,seg_00,2024-01-15,14,prod_003,ctx_002,0.4599325932437729,0.4551731050014496,water_enhanced,2.1707877439111978,winter,low
9,seg_04,2024-01-15,14,prod_003,ctx_096,0.5413203590652215,0.5373721122741699,water_enhanced,2.1707877439111978,winter,low
10,seg_01,2024-01-15,14,prod_032,ctx_027,0.6287165428192378,0.6203771829605103,sports_drink,4.414007229487187,winter,low
11,seg_01,2024-01-15,14,prod_039,ctx_063,0.6316178841870668,0.6232683062553406,water_enhanced,3.898808973443362,winter,low
12,seg_03,2024-01-15,14,prod_013,ctx_071,0.5816668689859602,0.5747908353805542,sports_drink,3.905157823252153,winter,low
13,seg_03,2024-01-15,14,prod_039,ctx_063,0.5481942841370645,0.5414361357688904,water_enhanced,3.898808973443362,winter,low
14,seg_03,2024-01-15,14,prod_026,ctx_045,0.631767271203731,0.6247147917747498,water_enhanced,2.635578137503645,winter,low
15,seg_01,2024-01-15,14,prod_004,ctx_071,0.5411815693969197,0.5331504940986633,water_enhanced,1.529276579067372,winter,low
16,seg_01,2024-01-15,14,prod_008,ctx_085,0.5743602816524715,0.5662123560905457,tea,4.72433246297033,winter,low
17,seg_00,2024-01-15,14,prod_048,ctx_038,0.5167638023768514,0.5118041634559631,energy_drink,4.081235791508453,winter,low
18,seg_00,2024-01-15,14,prod_025,ctx_001,0.5572475783831268,0.5521453619003296,tea,2.254662592241325,winter,low
19,seg_01,2024-01-15,14,prod_048,ctx_052,0.5546930093765795,0.5466143488883972,energy_drink,4.081235791508453,winter,low
20,seg_04,2024-01-15,14,prod_019,ctx_035,0.5799144499567158,0.5758302807807922,energy_drink,2.4107592699159364,winter,low
21,seg_02,2024-01-15,14,prod_037,ctx_005,0.5760879403191613,0.5677507519721985,tea,4.465653320257216,winter,low
22,seg_02,2024-01-15,14,prod_039,ctx_090,0.6229922911614897,0.6144899129867554,water_enhanced,3.898808973443362,winter,low
23,seg_01,2024-01-15,14,prod_029,ctx_032,0.5352754659989595,0.527265191078186,energy_drink,4.569376607786005,winter,low
24,seg_00,2024-01-15,14,prod_004,ctx_099,0.5220256351249222,0.5170474648475647,water_enhanced,1.529276579067372,winter,low
25,seg_01,2024-01-15,14,prod_026,ctx_071,0.5855008822041288,0.5773137211799622,water_enhanced,2.635578137503645,winter,low
26,seg_00,2024-01-15,14,prod_008,ctx_087,0.6438019995109842,0.6383949518203735,tea,4.72433246297033,winter,low
27,seg_04,2024-01-15,14,prod_031,ctx_016,0.5166472635465531,0.5127859115600586,juice,5.050973734732342,winter,low
28,seg_00,2024-01-15,14,prod_039,ctx_090,0.5058351872660268,0.5009140372276306,water_enhanced,3.898808973443362,winter,low
29,seg_04,2024-01-15,14,prod_027,ctx_035,0.5817419869696274,0.5776513814926147,energy_drink,5.109786876416965,winter,low
30,seg_00,2024-01-15,14,prod_044,ctx_076,0.5177874815061994,0.5128242373466492,juice,1.7644788769427764,winter,low
31,seg_02,2024-01-15,14,prod_008,ctx_066,0.49443708817022486,0.4863874614238739,tea,4.72433246297033,winter,low
32,seg_02,2024-01-15,14,prod_025,ctx_048,0.6573048025228492,0.6486815810203552,tea,2.254662592241325,winter,low
33,seg_01,2024-01-15,14,prod_003,ctx_087,0.5879411073859028,0.579745352268219,water_enhanced,2.1707877439111978,winter,low
34,seg_00,2024-01-15,14,prod_026,ctx_016,0.48897974275406797,0.4841179549694061,water_enhanced,2.635578137503645,winter,low
35,seg_02,2024-01-15,14,prod_048,ctx_062,0.5871388777286605,0.5787627696990967,energy_drink,4.081235791508453,winter,low
36,seg_02,2024-01-15,14,prod_032,ctx_099,0.5288028052453599,0.5206321477890015,sports_drink,4.414007229487187,winter,low
37,seg_03,2024-01-15,14,prod_032,ctx_001,0.524358124365611,0.5176839232444763,sports_drink,4.414007229487187,winter,low
38,seg_04,2024-01-15,14,prod_003,ctx_083,0.6932401080558616,0.6887568235397339,water_enhanced,2.1707877439111978,winter,low
39,seg_00,2024-01-15,14,prod_039,ctx_005,0.5447299696956321,0.5396718382835388,water_enhanced,3.898808973443362,winter,low
40,seg_03,2024-01-15,14,prod_019,ctx_045,0.657593545987019,0.6504501104354858,energy_drink,2.4107592699159364,winter,low
41,seg_02,2024-01-15,14,prod_031,ctx_016,0.5138163198450082,0.5056984424591064,juice,5.050973734732342,winter,low
42,seg_01,2024-01-15,14,prod_004,ctx_059,0.5805475169838159,0.5723778009414673,water_enhanced,1.529276579067372,winter,low
43,seg_04,2024-01-15,14,prod_030,ctx_074,0.598855983137342,0.5947051048278809,sports_drink,1.8347464149047945,winter,low
44,seg_01,2024-01-15,14,prod_026,ctx_076,0.5082566534803782,0.500341534614563,water_enhanced,2.635578137503645,winter,low
45,seg_02,2024-01-15,14,prod_037,ctx_010,0.6459887636816993,0.6374053955078125,tea,4.465653320257216,winter,low
46,seg_03,2024-01-15,14,prod_026,ctx_062,0.6101918906991256,0.6032153964042664,water_enhanced,2.635578137503645,winter,low
47,seg_02,2024-01-15,14,prod_030,ctx_076,0.5568129368132976,0.5485436320304871,sports_drink,1.8347464149047945,winter,low
48,seg_00,2024-01-15,14,prod_013,ctx_013,0.5834003849162751,0.5782060623168945,sports_drink,3.905157823252153,winter,low
49,seg_03,2024-01-15,14,prod_003,ctx_059,0.6853136331411313,0.6780725717544556,water_enhanced,2.1707877439111978,winter,low
0,seg_01,2024-01-16,15,prod_013,ctx_076,0.5931133368071205,0.584899365901947,sports_drink,3.905157823252153,winter,low
1,seg_04,2024-01-16,15,prod_030,ctx_087,0.6241039635521284,0.6198641657829285,sports_drink,1.8347464149047945,winter,low
2,seg_04,2024-01-16,15,prod_013,ctx_059,0.5868967503217923,0.5827879905700684,sports_drink,3.905157823252153,winter,low
3,seg_00,2024-01-16,15,prod_026,ctx_016,0.48764394736335875,0.4827868640422821,water_enhanced,2.635578137503645,winter,low
4,seg_00,2024-01-16,15,prod_032,ctx_016,0.5111016856078856,0.5061619877815247,sports_drink,4.414007229487187,winter,low
5,seg_02,2024-01-16,15,prod_013,ctx_035,0.6216558378024257,0.6131581664085388,sports_drink,3.905157823252153,winter,low
6,seg_00,2024-01-16,15,prod_037,ctx_035,0.7196298616282236,0.7139557600021362,tea,4.465653320257216,winter,low
7,seg_00,2024-01-16,15,prod_008,ctx_099,0.516628918864132,0.5116697549819946,tea,4.72433246297033,winter,low
8,seg_00,2024-01-16,15,prod_003,ctx_014,0.6619545688189856,0.6564835906028748,water_enhanced,2.1707877439111978,winter,low
9,seg_04,2024-01-16,15,prod_032,ctx_085,0.7760052894288362,0.7712305188179016,sports_drink,4.414007229487187,winter,low
10,seg_01,2024-01-16,15,prod_025,ctx_014,0.6981699477005603,0.6895859837532043,tea,2.254662592241325,winter,low
11,seg_01,2024-01-16,15,prod_017,ctx_014,0.5606594664172598,0.5525597929954529,energy_drink,2.595593824301548,winter,low
12,seg_03,2024-01-16,15,prod_019,ctx_016,0.4928810977213027,0.4863177537918091,energy_drink,2.4107592699159364,winter,low
13,seg_03,2024-01-16,15,prod_019,ctx_063,0.7273981863391566,0.720008909702301,energy_drink,2.4107592699159364,winter,low
14,seg_03,2024-01-16,15,prod_008,ctx_005,0.578792863212505,0.5719269514083862,tea,4.72433246297033,winter,low
15,seg_01,2024-01-16,15,prod_003,ctx_045,0.6403969764982975,0.6320164799690247,water_enhanced,2.1707877439111978,winter,low
16,seg_01,2024-01-16,15,prod_003,ctx_012,0.7288573525038893,0.7201653122901917,water_enhanced,2.1707877439111978,winter,low
17,seg_00,2024-01-16,15,prod_039,ctx_090,0.6917540154199556,0.6861780881881714,water_enhanced,3.898808973443362,winter,low
18,seg_00,2024-01-16,15,prod_019,ctx_087,0.626720782130396,0.6213738918304443,energy_drink,2.4107592699159364,winter,low
19,seg_01,2024-01-16,15,prod_026,ctx_061,0.625296184050138,0.6169688701629639,water_enhanced,2.635578137503645,winter,low
20,seg_04,2024-01-16,15,prod_008,ctx_071,0.526216456221203,0.5223214030265808,tea,4.72433246297033,winter,low
21,seg_02,2024-01-16,15,prod_037,ctx_085,0.7405100450945273,0.7315937876701355,tea,4.465653320257216,winter,low
22,seg_02,2024-01-16,15,prod_025,ctx_065,0.8564644662167294,0.847139835357666,tea,2.254662592241325,winter,low
23,seg_01,2024-01-16,15,prod_030,ctx_076,0.5911008508712252,0.582893967628479,sports_drink,1.8347464149047945,winter,low
24,seg_00,2024-01-16,15,prod_019,ctx_001,0.5006709132803708,0.4957679510116577,energy_drink,2.4107592699159364,winter,low
25,seg_01,2024-01-16,15,prod_013,ctx_010,0.7344607306433693,0.7257489562034607,sports_drink,3.905157823252153,winter,low
26,seg_00,2024-01-16,15,prod_012,ctx_085,0.5520180458997426,0.5469342470169067,water_enhanced,3.7448488511448894,winter,low
27,seg_04,2024-01-16,15,prod_039,ctx_005,0.5783714543495719,0.5742927193641663,water_enhanced,3.898808973443362,winter,low
28,seg_00,2024-01-16,15,prod_011,ctx_053,0.7999520663153954,0.7939950823783875,juice,1.9397014866674775,winter,low
29,seg_04,2024-01-16,15,prod_004,ctx_061,0.7306740811073592,0.7260589599609375,water_enhanced,1.529276579067372,winter,low
30,seg_00,2024-01-16,15,prod_015,ctx_044,0.6214526687753028,0.6161243319511414,water_enhanced,3.2711775763750217,winter,low
31,seg_02,2024-01-16,15,prod_037,ctx_027,0.6311190377566595,0.622588038444519,tea,4.465653320257216,winter,low
32,seg_02,2024-01-16,15,prod_008,ctx_052,0.6548971766822868,0.646282434463501,tea,4.72433246297033,winter,low
33,seg_01,2024-01-16,15,prod_030,ctx_038,0.7306015667969702,0.721903383731842,sports_drink,1.8347464149047945,winter,low
34,seg_00,2024-01-16,15,prod_025,ctx_016,0.5103048261150042,0.5053679347038269,tea,2.254662592241325,winter,low
35,seg_02,2024-01-16,15,prod_019,ctx_074,0.5756167751618706,0.5672812461853027,energy_drink,2.4107592699159364,winter,low
36,seg_02,2024-01-16,15,prod_030,ctx_016,0.5546605428790649,0.5463988184928894,sports_drink,1.8347464149047945,winter,low
37,seg_03,2024-01-16,15,prod_026,ctx_099,0.5394009557832495,0.5326737761497498,water_enhanced,2.635578137503645,winter,low
38,seg_04,2024-01-16,15,prod_013,ctx_014,0.5953999744464767,0.5912612676620483,sports_drink,3.905157823252153,winter,low
39,seg_00,2024-01-16,15,prod_032,ctx_096,0.749479553085373,0.7437003254890442,sports_drink,4.414007229487187,winter,low
40,seg_03,2024-01-16,15,prod_026,ctx_002,0.5153952794374961,0.5087526440620422,water_enhanced,2.635578137503645,winter,low
41,seg_02,2024-01-16,15,prod_013,ctx_017,0.6225699951083639,0.6140691041946411,sports_drink,3.905157823252153,winter,low
42,seg_01,2024-01-16,15,prod_004,ctx_012,0.7605439121615263,0.7517402768135071,water_enhanced,1.529276579067372,winter,low
43,seg_04,2024-01-16,15,prod_025,ctx_016,0.5040932871536336,0.5002761483192444,tea,2.254662592241325,winter,low
44,seg_01,2024-01-16,15,prod_030,ctx_066,0.5528481259252251,0.5447759628295898,sports_drink,1.8347464149047945,winter,low
45,seg_02,2024-01-16,15,prod_008,ctx_076,0.5122830143172703,0.5041705369949341,tea,4.72433246297033,winter,low
46,seg_03,2024-01-16,15,prod_032,ctx_038,0.5549414505382829,0.5481595396995544,sports_drink,4.414007229487187,winter,low
47,seg_02,2024-01-16,15,prod_037,ctx_085,0.609293868538477,0.6008397340774536,tea,4.465653320257216,winter,low
48,seg_00,2024-01-16,15,prod_004,ctx_062,0.5508200051563915,0.5457404255867004,water_enhanced,1.529276579067372,winter,low
49,seg_03,2024-01-16,15,prod_025,ctx_065,0.6340382788877298,0.626977801322937,tea,2.254662592241325,winter,low
0,seg_01,2024-01-17,16,prod_048,ctx_004,0.5483395473127087,0.5402832627296448,energy_drink,4.081235791508453,winter,normal
1,seg_04,2024-01-17,16,prod_003,ctx_010,0.6242884937679773,0.6200480461120605,water_enhanced,2.1707877439111978,winter,normal
2,seg_04,2024-01-17,16,prod_012,ctx_066,0.5516397552948722,0.5476551651954651,water_enhanced,3.7448488511448894,winter,normal
3,seg_00,2024-01-17,16,prod_032,ctx_012,0.6141525098795874,0.6088498830795288,sports_drink,4.414007229487187,winter,normal
4,seg_00,2024-01-17,16,prod_032,ctx_066,0.5882468003712921,0.583035409450531,sports_drink,4.414007229487187,winter,normal
5,seg_02,2024-01-17,16,prod_008,ctx_038,0.5103007351103874,0.5021952390670776,tea,4.72433246297033,winter,normal
6,seg_00,2024-01-17,16,prod_026,ctx_001,0.5561354324177202,0.5510371327400208,water_enhanced,2.635578137503645,winter,normal
7,seg_00,2024-01-17,16,prod_032,ctx_027,0.6325058193510861,0.6271385550498962,sports_drink,4.414007229487187,winter,normal
8,seg_00,2024-01-17,16,prod_045,ctx_052,0.7126160385974252,0.7069666385650635,coffee_drink,3.2417244952808453,winter,normal
9,seg_04,2024-01-17,16,prod_003,ctx_087,0.5873031355037948,0.5831929445266724,water_enhanced,2.1707877439111978,winter,normal
10,seg_01,2024-01-17,16,prod_045,ctx_002,0.7533569836381291,0.7445786595344543,coffee_drink,3.2417244952808453,winter,normal
11,seg_01,2024-01-17,16,prod_008,ctx_052,0.5877372568265469,0.5795422196388245,tea,4.72433246297033,winter,normal
12,seg_03,2024-01-17,16,prod_003,ctx_062,0.6113802413630707,0.604399561882019,water_enhanced,2.1707877439111978,winter,normal
13,seg_03,2024-01-17,16,prod_019,ctx_005,0.6334523281601914,0.6263939142227173,energy_drink,2.4107592699159364,winter,normal
14,seg_03,2024-01-17,16,prod_030,ctx_001,0.6025998331151304,0.5956500768661499,sports_drink,1.8347464149047945,winter,normal
15,seg_01,2024-01-17,16,prod_037,ctx_010,0.7272209253903739,0.7185346484184265,tea,4.465653320257216,winter,normal
16,seg_01,2024-01-17,16,prod_003,ctx_065,0.524424371523383,0.5164523124694824,water_enhanced,2.1707877439111978,winter,normal
17,seg_00,2024-01-17,16,prod_012,ctx_014,0.8652388566827455,0.8590519428253174,water_enhanced,3.7448488511448894,winter,normal
18,seg_00,2024-01-17,16,prod_008,ctx_090,0.5783410269755458,0.5731645226478577,tea,4.72433246297033,winter,normal
19,seg_01,2024-01-17,16,prod_030,ctx_062,0.5847116790702841,0.5765272974967957,sports_drink,1.8347464149047945,winter,normal
20,seg_04,2024-01-17,16,prod_048,ctx_048,0.6338451850438875,0.6295710802078247,energy_drink,4.081235791508453,winter,normal
21,seg_02,2024-01-17,16,prod_003,ctx_052,0.5216340605746752,0.5134886503219604,water_enhanced,2.1707877439111978,winter,normal
22,seg_02,2024-01-17,16,prod_045,ctx_066,0.5834638852062806,0.5751007199287415,coffee_drink,3.2417244952808453,winter,normal
23,seg_01,2024-01-17,16,prod_045,ctx_010,0.6688123567574431,0.6603317856788635,coffee_drink,3.2417244952808453,winter,normal
24,seg_00,2024-01-17,16,prod_026,ctx_025,0.5302727899290073,0.5252655744552612,water_enhanced,2.635578137503645,winter,normal
25,seg_01,2024-01-17,16,prod_045,ctx_052,0.5362623587157477,0.5282486081123352,coffee_drink,3.2417244952808453,winter,normal
26,seg_00,2024-01-17,16,prod_012,ctx_057,0.6495465417702059,0.6441192626953125,water_enhanced,3.7448488511448894,winter,normal
27,seg_04,2024-01-17,16,prod_001,ctx_002,0.7598034766619954,0.7550857663154602,juice,4.663527799695422,winter,normal
28,seg_00,2024-01-17,16,prod_017,ctx_044,0.5772183535164637,0.5720458030700684,energy_drink,2.595593824301548,winter,normal
29,seg_04,2024-01-17,16,prod_017,ctx_014,0.5478758174139939,0.5439044833183289,energy_drink,2.595593824301548,winter,normal
30,seg_00,2024-01-17,16,prod_019,ctx_065,0.6548355904820404,0.6493896842002869,energy_drink,2.4107592699159364,winter,normal
31,seg_02,2024-01-17,16,prod_013,ctx_038,0.568275642782247,0.559965968132019,sports_drink,3.905157823252153,winter,normal
32,seg_02,2024-01-17,16,prod_025,ctx_094,0.702073627346948,0.6932927370071411,tea,2.254662592241325,winter,normal
33,seg_01,2024-01-17,16,prod_017,ctx_059,0.5907570923135319,0.5825514197349548,energy_drink,2.595593824301548,winter,normal
34,seg_00,2024-01-17,16,prod_032,ctx_014,0.5799511353548721,0.5747689604759216,sports_drink,4.414007229487187,winter,normal
35,seg_02,2024-01-17,16,prod_015,ctx_010,0.6861550998644704,0.677430272102356,water_enhanced,3.2711775763750217,winter,normal
36,seg_02,2024-01-17,16,prod_004,ctx_048,0.5630885193500904,0.5547971129417419,water_enhanced,1.529276579067372,winter,normal
37,seg_03,2024-01-17,16,prod_030,ctx_066,0.5322454302949645,0.5255434513092041,sports_drink,1.8347464149047945,winter,normal
38,seg_04,2024-01-17,16,prod_019,ctx_005,0.6802348850022081,0.6757974028587341,energy_drink,2.4107592699159364,winter,normal
39,seg_00,2024-01-17,16,prod_025,ctx_010,0.728438981222552,0.7227338552474976,tea,2.254662592241325,winter,normal
40,seg_03,2024-01-17,16,prod_045,ctx_057,0.5678248896310066,0.5609976053237915,coffee_drink,3.2417244952808453,winter,normal
41,seg_02,2024-01-17,16,prod_037,ctx_083,0.6529839841526505,0.6443759799003601,tea,4.465653320257216,winter,normal
42,seg_01,2024-01-17,16,prod_048,ctx_048,0.5869436273601341,0.5787513852119446,energy_drink,4.081235791508453,winter,normal
43,seg_04,2024-01-17,16,prod_032,ctx_002,0.48729051001770546,0.4835325479507446,sports_drink,4.414007229487187,winter,normal
44,seg_01,2024-01-17,16,prod_048,ctx_027,0.6113172276467909,0.6030391454696655,energy_drink,4.081235791508453,winter,normal
45,seg_02,2024-01-17,16,prod_030,ctx_053,0.6190781570498184,0.6105895638465881,sports_drink,1.8347464149047945,winter,normal
46,seg_03,2024-01-17,16,prod_019,ctx_016,0.48683353112707584,0.480291485786438,energy_drink,2.4107592699159364,winter,normal
47,seg_02,2024-01-17,16,prod_017,ctx_012,0.7511030365291353,0.7421494722366333,energy_drink,2.595593824301548,winter,normal
48,seg_00,2024-01-17,16,prod_037,ctx_096,0.5561462589879207,0.5510479211807251,tea,4.465653320257216,winter,normal
49,seg_03,2024-01-17,16,prod_045,ctx_099,0.5853537049387253,0.578464686870575,coffee_drink,3.2417244952808453,winter,normal
0,seg_01,2024-01-18,17,prod_013,ctx_087,0.6261613526213012,0.6178309917449951,sports_drink,3.905157823252153,winter,normal
1,seg_04,2024-01-18,17,prod_013,ctx_071,0.5856226843258175,0.5815184116363525,sports_drink,3.905157823252153,winter,normal
2,seg_04,2024-01-18,17,prod_025,ctx_085,0.5724748017697978,0.5684168338775635,tea,2.254662592241325,winter,normal
3,seg_00,2024-01-18,17,prod_029,ctx_062,0.5482716339032221,0.5432010293006897,energy_drink,4.569376607786005,winter,normal
4,seg_00,2024-01-18,17,prod_025,ctx_035,0.7721347792906982,0.7662757635116577,tea,2.254662592241325,winter,normal
5,seg_02,2024-01-18,17,prod_025,ctx_087,0.7206586613099212,0.7118123173713684,tea,2.254662592241325,winter,normal
6,seg_00,2024-01-18,17,prod_026,ctx_065,0.5947742651573361,0.5895398855209351,water_enhanced,2.635578137503645,winter,normal
7,seg_00,2024-01-18,17,prod_008,ctx_087,0.6082091415466275,0.6029274463653564,tea,4.72433246297033,winter,normal
8,seg_00,2024-01-18,17,prod_003,ctx_074,0.609496008017867,0.6042097806930542,water_enhanced,2.1707877439111978,winter,normal
9,seg_04,2024-01-18,17,prod_037,ctx_035,0.6860668174219988,0.6816087961196899,tea,4.465653320257216,winter,normal
10,seg_01,2024-01-18,17,prod_039,ctx_099,0.49974478604412464,0.4918596446514129,water_enhanced,3.898808973443362,winter,normal
11,seg_01,2024-01-18,17,prod_030,ctx_063,0.6225727932146107,0.6142550706863403,sports_drink,1.8347464149047945,winter,normal
12,seg_03,2024-01-18,17,prod_015,ctx_045,0.5867823934980613,0.5798883438110352,water_enhanced,3.2711775763750217,winter,normal
13,seg_03,2024-01-18,17,prod_019,ctx_002,0.5033637299182312,0.4967634677886963,energy_drink,2.4107592699159364,winter,normal
14,seg_03,2024-01-18,17,prod_017,ctx_014,0.5726713649013286,0.5658270120620728,energy_drink,2.595593824301548,winter,normal
15,seg_01,2024-01-18,17,prod_003,ctx_057,0.5779893360206305,0.5698286294937134,water_enhanced,2.1707877439111978,winter,normal
16,seg_01,2024-01-18,17,prod_039,ctx_090,0.5927740643973004,0.584561288356781,water_enhanced,3.898808973443362,winter,normal
17,seg_00,2024-01-18,17,prod_017,ctx_087,0.6695816183563913,0.6640837788581848,energy_drink,2.595593824301548,winter,normal
18,seg_00,2024-01-18,17,prod_025,ctx_001,0.5116996592117241,0.5067578554153442,tea,2.254662592241325,winter,normal
19,seg_01,2024-01-18,17,prod_037,ctx_066,0.5041585573982551,0.496257871389389,tea,4.465653320257216,winter,normal
20,seg_04,2024-01-18,17,prod_048,ctx_002,0.4738959790516199,0.4701851904392242,energy_drink,4.081235791508453,winter,normal
21,seg_02,2024-01-18,17,prod_004,ctx_017,0.6335000457865079,0.6249606609344482,water_enhanced,1.529276579067372,winter,normal
22,seg_02,2024-01-18,17,prod_008,ctx_032,0.5130917770558419,0.5049764513969421,tea,4.72433246297033,winter,normal
23,seg_01,2024-01-18,17,prod_037,ctx_076,0.5004425016690096,0.4925549030303955,tea,4.465653320257216,winter,normal
24,seg_00,2024-01-18,17,prod_004,ctx_083,0.5909496745572128,0.5857287645339966,water_enhanced,1.529276579067372,winter,normal
25,seg_01,2024-01-18,17,prod_030,ctx_059,0.6925872058412968,0.6840229034423828,sports_drink,1.8347464149047945,winter,normal
26,seg_00,2024-01-18,17,prod_039,ctx_032,0.4535005936844695,0.448763757944107,water_enhanced,3.898808973443362,winter,normal
27,seg_04,2024-01-18,17,prod_045,ctx_085,0.5876832617669131,0.58357173204422,coffee_drink,3.2417244952808453,winter,normal
28,seg_00,2024-01-18,17,prod_026,ctx_087,0.7588136117961649,0.7530015110969543,water_enhanced,2.635578137503645,winter,normal
29,seg_04,2024-01-18,17,prod_045,ctx_001,0.5865659716852787,0.5824583768844604,coffee_drink,3.2417244952808453,winter,normal
30,seg_00,2024-01-18,17,prod_012,ctx_014,0.5521779322099417,0.5470935702323914,water_enhanced,3.7448488511448894,winter,normal
31,seg_02,2024-01-18,17,prod_004,ctx_083,0.5792689780530549,0.5709205865859985,water_enhanced,1.529276579067372,winter,normal
32,seg_02,2024-01-18,17,prod_045,ctx_099,0.634668836845726,0.6261253356933594,coffee_drink,3.2417244952808453,winter,normal
33,seg_01,2024-01-18,17,prod_012,ctx_002,0.587016602032204,0.5788241028785706,water_enhanced,3.7448488511448894,winter,normal
34,seg_00,2024-01-18,17,prod_025,ctx_045,0.659520803690149,0.6540583968162537,tea,2.254662592241325,winter,normal
35,seg_02,2024-01-18,17,prod_045,ctx_059,0.5683309121240442,0.5600210428237915,coffee_drink,3.2417244952808453,winter,normal
36,seg_02,2024-01-18,17,prod_032,ctx_012,0.6399702075103855,0.6314080357551575,sports_drink,4.414007229487187,winter,normal
37,seg_03,2024-01-18,17,prod_004,ctx_017,0.5994964954623998,0.5925576686859131,water_enhanced,1.529276579067372,winter,normal
38,seg_04,2024-01-18,17,prod_004,ctx_094,0.6083043488959419,0.6041201949119568,water_enhanced,1.529276579067372,winter,normal
39,seg_00,2024-01-18,17,prod_004,ctx_062,0.5486567248366534,0.5435847640037537,water_enhanced,1.529276579067372,winter,normal
40,seg_03,2024-01-18,17,prod_004,ctx_059,0.5972759718958003,0.5903449654579163,water_enhanced,1.529276579067372,winter,normal
41,seg_02,2024-01-18,17,prod_032,ctx_090,0.5516215664944877,0.5433705449104309,sports_drink,4.414007229487187,winter,normal
42,seg_01,2024-01-18,17,prod_025,ctx_013,0.7081406805175098,0.6995216012001038,tea,2.254662592241325,winter,normal
43,seg_04,2024-01-18,17,prod_025,ctx_027,0.6233557339021919,0.6191185712814331,tea,2.254662592241325,winter,normal
44,seg_01,2024-01-18,17,prod_016,ctx_032,0.5576620018543356,0.5495728850364685,coffee_drink,4.3731217915599405,winter,normal
45,seg_02,2024-01-18,17,prod_045,ctx_090,0.5335624885081627,0.5253750681877136,coffee_drink,3.2417244952808453,winter,normal
46,seg_03,2024-01-18,17,prod_019,ctx_014,0.6178277330863626,0.6108243465423584,energy_drink,2.4107592699159364,winter,normal
47,seg_02,2024-01-18,17,prod_000,ctx_017,0.5950749929468738,0.5866709351539612,water_enhanced,1.8300176530791443,winter,normal
48,seg_00,2024-01-18,17,prod_004,ctx_099,0.7347085224135423,0.7289813160896301,water_enhanced,1.529276579067372,winter,normal
49,seg_03,2024-01-18,17,prod_004,ctx_059,0.5876348214092649,0.5807377696037292,water_enhanced,1.529276579067372,winter,normal
0,seg_01,2024-01-19,18,prod_005,ctx_083,0.718410549674641,0.7097553014755249,energy_drink,3.168060301908288,winter,low
1,seg_04,2024-01-19,18,prod_013,ctx_083,0.6970100872825424,0.6925135254859924,sports_drink,3.905157823252153,winter,low
2,seg_04,2024-01-19,18,prod_046,ctx_063,0.6070174226093974,0.6028378009796143,tea,2.088891890980225,winter,low
3,seg_00,2024-01-19,18,prod_039,ctx_057,0.5347335162975433,0.529710590839386,water_enhanced,3.898808973443362,winter,low
4,seg_00,2024-01-19,18,prod_037,ctx_096,0.5856909522050008,0.5804885625839233,tea,4.465653320257216,winter,low
5,seg_02,2024-01-19,18,prod_019,ctx_048,0.7284445802973414,0.7195708155632019,energy_drink,2.4107592699159364,winter,low
6,seg_00,2024-01-19,18,prod_003,ctx_012,0.7169854269952638,0.7113206386566162,water_enhanced,2.1707877439111978,winter,low
7,seg_00,2024-01-19,18,prod_039,ctx_096,0.6242514268950989,0.6189132332801819,water_enhanced,3.898808973443362,winter,low
8,seg_00,2024-01-19,18,prod_013,ctx_001,0.48949669652731737,0.4846330881118774,sports_drink,3.905157823252153,winter,low
9,seg_04,2024-01-19,18,prod_025,ctx_004,0.5899469719837048,0.5858274698257446,tea,2.254662592241325,winter,low
10,seg_01,2024-01-19,18,prod_019,ctx_085,0.558315663507106,0.550224244594574,energy_drink,2.4107592699159364,winter,low
11,seg_01,2024-01-19,18,prod_004,ctx_014,0.6068384968714572,0.5985761880874634,water_enhanced,1.529276579067372,winter,low
12,seg_03,2024-01-19,18,prod_004,ctx_074,0.7331981773860905,0.7257884740829468,water_enhanced,1.529276579067372,winter,low
13,seg_03,2024-01-19,18,prod_036,ctx_032,0.5029964938533351,0.4963975250720978,sports_drink,2.5701661050735582,winter,low
14,seg_03,2024-01-19,18,prod_008,ctx_069,0.7435242131145936,0.736078143119812,tea,4.72433246297033,winter,low
15,seg_01,2024-01-19,18,prod_004,ctx_061,0.752425778970273,0.7436507344245911,water_enhanced,1.529276579067372,winter,low
16,seg_01,2024-01-19,18,prod_039,ctx_085,0.876484874840109,0.8672729134559631,water_enhanced,3.898808973443362,winter,low
17,seg_00,2024-01-19,18,prod_004,ctx_087,0.6443417728230816,0.6389328241348267,water_enhanced,1.529276579067372,winter,low
18,seg_00,2024-01-19,18,prod_012,ctx_096,0.5929780115489266,0.5877499580383301,water_enhanced,3.7448488511448894,winter,low
19,seg_01,2024-01-19,18,prod_030,ctx_069,0.5701918128640451,0.5620585680007935,sports_drink,1.8347464149047945,winter,low
20,seg_04,2024-01-19,18,prod_048,ctx_094,0.5995222658194623,0.5953690409660339,energy_drink,4.081235791508453,winter,low
21,seg_02,2024-01-19,18,prod_008,ctx_016,0.49252724529766717,0.4844843447208404,tea,4.72433246297033,winter,low
22,seg_02,2024-01-19,18,prod_026,ctx_045,0.6151497270802578,0.6066749691963196,water_enhanced,2.635578137503645,winter,low
23,seg_01,2024-01-19,18,prod_032,ctx_087,0.6199574288198689,0.6116489171981812,sports_drink,4.414007229487187,winter,low
24,seg_00,2024-01-19,18,prod_026,ctx_052,0.4989690183155599,0.4940720498561859,water_enhanced,2.635578137503645,winter,low
25,seg_01,2024-01-19,18,prod_025,ctx_035,0.7442743286541484,0.7355279922485352,tea,2.254662592241325,winter,low
26,seg_00,2024-01-19,18,prod_019,ctx_062,0.5566031282873224,0.5515031814575195,energy_drink,2.4107592699159364,winter,low
27,seg_04,2024-01-19,18,prod_003,ctx_044,0.6102248388927851,0.6060339212417603,water_enhanced,2.1707877439111978,winter,low
28,seg_00,2024-01-19,18,prod_003,ctx_035,0.5649566945189586,0.5598273277282715,water_enhanced,2.1707877439111978,winter,low
29,seg_04,2024-01-19,18,prod_012,ctx_016,0.47564671321294316,0.4719297587871551,water_enhanced,3.7448488511448894,winter,low
30,seg_00,2024-01-19,18,prod_048,ctx_013,0.7287417064810322,0.7230355143547058,energy_drink,4.081235791508453,winter,low
31,seg_02,2024-01-19,18,prod_048,ctx_071,0.6685298622851316,0.6598671078681946,energy_drink,4.081235791508453,winter,low
32,seg_02,2024-01-19,18,prod_026,ctx_017,0.6103771835268854,0.6019192337989807,water_enhanced,2.635578137503645,winter,low
33,seg_01,2024-01-19,18,prod_008,ctx_016,0.48439620869510475,0.4765651226043701,tea,4.72433246297033,winter,low
34,seg_00,2024-01-19,18,prod_013,ctx_059,0.6418667949491169,0.6364665627479553,sports_drink,3.905157823252153,winter,low
35,seg_02,2024-01-19,18,prod_039,ctx_045,0.6788141469307618,0.6701151728630066,water_enhanced,3.898808973443362,winter,low
36,seg_02,2024-01-19,18,prod_032,ctx_035,0.6132798408314237,0.6048116683959961,sports_drink,4.414007229487187,winter,low
37,seg_03,2024-01-19,18,prod_003,ctx_045,0.6303800944660479,0.6233325004577637,water_enhanced,2.1707877439111978,winter,low
38,seg_04,2024-01-19,18,prod_025,ctx_038,0.9000684527394104,0.8948567509651184,tea,2.254662592241325,winter,low
39,seg_00,2024-01-19,18,prod_013,ctx_087,0.6097224687625037,0.6044354438781738,sports_drink,3.905157823252153,winter,low
40,seg_03,2024-01-19,18,prod_004,ctx_013,0.5878232994352421,0.5809255838394165,water_enhanced,1.529276579067372,winter,low
41,seg_02,2024-01-19,18,prod_045,ctx_069,0.5284693349201224,0.5202998518943787,coffee_drink,3.2417244952808453,winter,low
42,seg_01,2024-01-19,18,prod_003,ctx_012,0.7370507333488014,0.7283298373222351,water_enhanced,2.1707877439111978,winter,low
43,seg_04,2024-01-19,18,prod_017,ctx_074,0.6487225075126593,0.6443960070610046,energy_drink,2.595593824301548,winter,low
44,seg_01,2024-01-19,18,prod_047,ctx_002,0.4745006637165092,0.4667044281959533,tea,3.314873461380197,winter,low
45,seg_02,2024-01-19,18,prod_021,ctx_094,0.5297983711813694,0.5216242074966431,sports_drink,3.5160791890737566,winter,low
46,seg_03,2024-01-19,18,prod_004,ctx_085,0.7401768888328685,0.7327426075935364,water_enhanced,1.529276579067372,winter,low
47,seg_02,2024-01-19,18,prod_030,ctx_063,0.6199250819529641,0.6114335060119629,sports_drink,1.8347464149047945,winter,low
48,seg_00,2024-01-19,18,prod_048,ctx_062,0.5548463527801967,0.5497525930404663,energy_drink,4.081235791508453,winter,low
49,seg_03,2024-01-19,18,prod_039,ctx_061,0.7428532648386852,0.7354095578193665,water_enhanced,3.898808973443362,winter,low
0,seg_01,2024-01-20,19,prod_013,ctx_005,0.6471388791526782,0.6387346386909485,sports_drink,3.905157823252153,winter,low
1,seg_04,2024-01-20,19,prod_008,ctx_002,0.47873653260674937,0.4750086963176727,tea,4.72433246297033,winter,low
2,seg_04,2024-01-20,19,prod_019,ctx_065,0.6179758855574047,0.6137576699256897,energy_drink,2.4107592699159364,winter,low
3,seg_00,2024-01-20,19,prod_045,ctx_052,0.7225307244736128,0.7168464064598083,coffee_drink,3.2417244952808453,winter,low
4,seg_00,2024-01-20,19,prod_017,ctx_045,0.7440812816266534,0.73832106590271,energy_drink,2.595593824301548,winter,low
5,seg_02,2024-01-20,19,prod_019,ctx_005,0.6213014919357518,0.6128050684928894,energy_drink,2.4107592699159364,winter,low
6,seg_00,2024-01-20,19,prod_037,ctx_076,0.4854817437191101,0.4806322753429413,tea,4.465653320257216,winter,low
7,seg_00,2024-01-20,19,prod_011,ctx_052,0.7252985580807367,0.7196044921875,juice,1.9397014866674775,winter,low
8,seg_00,2024-01-20,19,prod_030,ctx_065,0.6235481185391989,0.6182124018669128,sports_drink,1.8347464149047945,winter,low
9,seg_04,2024-01-20,19,prod_017,ctx_053,0.7170287146598596,0.7124616503715515,energy_drink,2.595593824301548,winter,low
10,seg_01,2024-01-20,19,prod_008,ctx_087,0.6525036540406115,0.6440805196762085,tea,4.72433246297033,winter,low
11,seg_01,2024-01-20,19,prod_025,ctx_016,0.698102715297768,0.6895189881324768,tea,2.254662592241325,winter,low
12,seg_03,2024-01-20,19,prod_003,ctx_010,0.5363603643854381,0.5296438932418823,water_enhanced,2.1707877439111978,winter,low
13,seg_03,2024-01-20,19,prod_036,ctx_035,0.6183433410152501,0.6113381385803223,sports_drink,2.5701661050735582,winter,low
14,seg_03,2024-01-20,19,prod_003,ctx_087,0.607003435867415,0.6000381708145142,water_enhanced,2.1707877439111978,winter,low
15,seg_01,2024-01-20,19,prod_045,ctx_035,0.6074423921904882,0.5991779565811157,coffee_drink,3.2417244952808453,winter,low
16,seg_01,2024-01-20,19,prod_032,ctx_061,0.634346239692907,0.6259870529174805,sports_drink,4.414007229487187,winter,low
17,seg_00,2024-01-20,19,prod_026,ctx_052,0.5925171346240916,0.5872907042503357,water_enhanced,2.635578137503645,winter,low
18,seg_00,2024-01-20,19,prod_008,ctx_085,0.7429773901733335,0.7372210621833801,tea,4.72433246297033,winter,low
19,seg_01,2024-01-20,19,prod_019,ctx_085,0.5898709883856272,0.5816684365272522,energy_drink,2.4107592699159364,winter,low
20,seg_04,2024-01-20,19,prod_030,ctx_094,0.5517342634767333,0.5477493405342102,sports_drink,1.8347464149047945,winter,low
21,seg_02,2024-01-20,19,prod_013,ctx_057,0.6071036713314999,0.5986572504043579,sports_drink,3.905157823252153,winter,low
22,seg_02,2024-01-20,19,prod_003,ctx_045,0.6694843351066231,0.6608182191848755,water_enhanced,2.1707877439111978,winter,low
23,seg_01,2024-01-20,19,prod_019,ctx_045,0.6765622669312682,0.6680544018745422,energy_drink,2.4107592699159364,winter,low
24,seg_00,2024-01-20,19,prod_025,ctx_014,0.6264503571366025,0.6211044192314148,tea,2.254662592241325,winter,low
25,seg_01,2024-01-20,19,prod_045,ctx_061,0.6646800164132217,0.6562139987945557,coffee_drink,3.2417244952808453,winter,low
26,seg_00,2024-01-20,19,prod_012,ctx_048,0.5614055196778776,0.5562886595726013,water_enhanced,3.7448488511448894,winter,low
27,seg_04,2024-01-20,19,prod_017,ctx_013,0.7145231711650525,0.7099649310112,energy_drink,2.595593824301548,winter,low
28,seg_00,2024-01-20,19,prod_004,ctx_038,0.47539912637420423,0.4705851674079895,water_enhanced,1.529276579067372,winter,low
29,seg_04,2024-01-20,19,prod_025,ctx_063,0.5678574191175314,0.563815712928772,tea,2.254662592241325,winter,low
30,seg_00,2024-01-20,19,prod_013,ctx_066,0.5575371442745124,0.5524339079856873,sports_drink,3.905157823252153,winter,low
31,seg_02,2024-01-20,19,prod_013,ctx_035,0.7189782699472489,0.7101378440856934,sports_drink,3.905157823252153,winter,low
32,seg_02,2024-01-20,19,prod_025,ctx_057,0.7249787618964602,0.7161172032356262,tea,2.254662592241325,winter,low
33,seg_01,2024-01-20,19,prod_017,ctx_025,0.5501937021363343,0.5421308875083923,energy_drink,2.595593824301548,winter,low
34,seg_00,2024-01-20,19,prod_030,ctx_005,0.6390184499414961,0.633628249168396,sports_drink,1.8347464149047945,winter,low
35,seg_02,2024-01-20,19,prod_037,ctx_001,0.7482206566129835,0.7392772436141968,tea,4.465653320257216,winter,low
36,seg_02,2024-01-20,19,prod_019,ctx_016,0.490101973942137,0.4820676147937774,energy_drink,2.4107592699159364,winter,low
37,seg_03,2024-01-20,19,prod_004,ctx_032,0.5084215326610311,0.501803457736969,water_enhanced,1.529276579067372,winter,low
38,seg_04,2024-01-20,19,prod_039,ctx_085,0.637504266695144,0.6332172751426697,water_enhanced,3.898808973443362,winter,low
39,seg_00,2024-01-20,19,prod_041,ctx_087,0.6866061906431679,0.6810483932495117,sports_drink,4.241736393454328,winter,low
40,seg_03,2024-01-20,19,prod_008,ctx_066,0.5061643124048291,0.4995541870594024,tea,4.72433246297033,winter,low
41,seg_02,2024-01-20,19,prod_032,ctx_053,0.6211175598729526,0.6126217842102051,sports_drink,4.414007229487187,winter,low
42,seg_01,2024-01-20,19,prod_048,ctx_062,0.5539306034993638,0.5458546280860901,energy_drink,4.081235791508453,winter,low
43,seg_04,2024-01-20,19,prod_019,ctx_094,0.6757831907447234,0.6713613867759705,energy_drink,2.4107592699159364,winter,low
44,seg_01,2024-01-20,19,prod_048,ctx_090,0.6515729877105002,0.6431531310081482,energy_drink,4.081235791508453,winter,low
45,seg_02,2024-01-20,19,prod_032,ctx_087,0.7794068014291969,0.7703535556793213,sports_drink,4.414007229487187,winter,low
46,seg_03,2024-01-20,19,prod_048,ctx_085,0.5728929806062623,0.5660478472709656,energy_drink,4.081235791508453,winter,low
47,seg_02,2024-01-20,19,prod_017,ctx_001,0.5881623175967886,0.5797826051712036,energy_drink,2.595593824301548,winter,low
48,seg_00,2024-01-20,19,prod_026,ctx_035,0.5814542939689024,0.5762668251991272,water_enhanced,2.635578137503645,winter,low
49,seg_03,2024-01-20,19,prod_039,ctx_005,0.8205883379550634,0.8128708600997925,water_enhanced,3.898808973443362,winter,low
0,seg_01,2024-01-21,20,prod_037,ctx_096,0.571186421755175,0.5630496740341187,tea,4.465653320257216,winter,low
1,seg_04,2024-01-21,20,prod_046,ctx_013,0.6253328091775417,0.6210886836051941,tea,2.088891890980225,winter,low
2,seg_04,2024-01-21,20,prod_013,ctx_094,0.550968208865914,0.5469859838485718,sports_drink,3.905157823252153,winter,low
3,seg_00,2024-01-21,20,prod_045,ctx_048,0.5855046873453076,0.5803029537200928,coffee_drink,3.2417244952808453,winter,low
4,seg_00,2024-01-21,20,prod_036,ctx_069,0.5744379586952949,0.5692752003669739,sports_drink,2.5701661050735582,winter,low
5,seg_02,2024-01-21,20,prod_017,ctx_059,0.5684870300700299,0.5601766109466553,energy_drink,2.595593824301548,winter,low
6,seg_00,2024-01-21,20,prod_037,ctx_032,0.5976702829630223,0.5924257040023804,tea,4.465653320257216,winter,low
7,seg_00,2024-01-21,20,prod_012,ctx_096,0.5509819850022647,0.5459018349647522,water_enhanced,3.7448488511448894,winter,low
8,seg_00,2024-01-21,20,prod_031,ctx_001,0.5264297762149516,0.5214360952377319,juice,5.050973734732342,winter,low
9,seg_04,2024-01-21,20,prod_045,ctx_087,0.6041781097128279,0.600008487701416,coffee_drink,3.2417244952808453,winter,low
10,seg_01,2024-01-21,20,prod_019,ctx_052,0.6013606710571205,0.5931176543235779,energy_drink,2.4107592699159364,winter,low
11,seg_01,2024-01-21,20,prod_013,ctx_083,0.5983263602663315,0.5900940299034119,sports_drink,3.905157823252153,winter,low
12,seg_03,2024-01-21,20,prod_048,ctx_099,0.5213492350794365,0.5146856307983398,energy_drink,4.081235791508453,winter,low
13,seg_03,2024-01-21,20,prod_019,ctx_076,0.4833689090322941,0.4768390655517578,energy_drink,2.4107592699159364,winter,low
14,seg_03,2024-01-21,20,prod_004,ctx_066,0.5925290292929573,0.5856147408485413,water_enhanced,1.529276579067372,winter,low
15,seg_01,2024-01-21,20,prod_012,ctx_065,0.5711872591694447,0.5630505084991455,water_enhanced,3.7448488511448894,winter,low
16,seg_01,2024-01-21,20,prod_030,ctx_083,0.6093737685728371,0.6011025309562683,sports_drink,1.8347464149047945,winter,low
17,seg_00,2024-01-21,20,prod_012,ctx_066,0.4787633783872373,0.4739375710487366,water_enhanced,3.7448488511448894,winter,low
18,seg_00,2024-01-21,20,prod_013,ctx_057,0.6047688642809708,0.5994992852210999,sports_drink,3.905157823252153,winter,low
19,seg_01,2024-01-21,20,prod_012,ctx_004,0.5384218706712725,0.5304005146026611,water_enhanced,3.7448488511448894,winter,low
20,seg_04,2024-01-21,20,prod_032,ctx_013,0.7344784541344008,0.7298499345779419,sports_drink,4.414007229487187,winter,low
21,seg_02,2024-01-21,20,prod_012,ctx_012,0.6817865488809014,0.6730771064758301,water_enhanced,3.7448488511448894,winter,low
22,seg_02,2024-01-21,20,prod_019,ctx_099,0.7109855694505289,0.7021732926368713,energy_drink,2.4107592699159364,winter,low
23,seg_01,2024-01-21,20,prod_026,ctx_038,0.5526507354188065,0.544579267501831,water_enhanced,2.635578137503645,winter,low
24,seg_00,2024-01-21,20,prod_012,ctx_076,0.7592898014390737,0.7534760236740112,water_enhanced,3.7448488511448894,winter,low
25,seg_01,2024-01-21,20,prod_030,ctx_074,0.5994604584486639,0.5912241339683533,sports_drink,1.8347464149047945,winter,low
26,seg_00,2024-01-21,20,prod_045,ctx_045,0.6110247675824267,0.6057331562042236,coffee_drink,3.2417244952808453,winter,low
27,seg_04,2024-01-21,20,prod_026,ctx_094,0.5282594479626359,0.5243571996688843,water_enhanced,2.635578137503645,winter,low
28,seg_00,2024-01-21,20,prod_032,ctx_094,0.561601175540452,0.5564836263656616,sports_drink,4.414007229487187,winter,low
29,seg_04,2024-01-21,20,prod_039,ctx_059,0.5653079113735674,0.5612751841545105,water_enhanced,3.898808973443362,winter,low
30,seg_00,2024-01-21,20,prod_003,ctx_085,0.5550300455817759,0.5499356389045715,water_enhanced,2.1707877439111978,winter,low
31,seg_02,2024-01-21,20,prod_008,ctx_002,0.48670936947454563,0.4786869585514068,tea,4.72433246297033,winter,low
32,seg_02,2024-01-21,20,prod_017,ctx_012,0.685418713644919,0.6766964793205261,energy_drink,2.595593824301548,winter,low
33,seg_01,2024-01-21,20,prod_017,ctx_032,0.5095026660983195,0.5015831589698792,energy_drink,2.595593824301548,winter,low
34,seg_00,2024-01-21,20,prod_002,ctx_016,0.5038040090473267,0.4988900125026703,soda,3.2999186060697685,winter,low
35,seg_02,2024-01-21,20,prod_045,ctx_017,0.5816635641571327,0.5733067393302917,coffee_drink,3.2417244952808453,winter,low
36,seg_02,2024-01-21,20,prod_030,ctx_045,0.6278629916303268,0.6193434596061707,sports_drink,1.8347464149047945,winter,low
37,seg_03,2024-01-21,20,prod_037,ctx_069,0.5329156607872132,0.5262113213539124,tea,4.465653320257216,winter,low
38,seg_04,2024-01-21,20,prod_012,ctx_035,0.664914570384789,0.6605310440063477,water_enhanced,3.7448488511448894,winter,low
39,seg_00,2024-01-21,20,prod_048,ctx_076,0.49756401661699406,0.4926719963550567,energy_drink,4.081235791508453,winter,low
40,seg_03,2024-01-21,20,prod_045,ctx_012,0.745669788104059,0.7382161617279053,coffee_drink,3.2417244952808453,winter,low
41,seg_02,2024-01-21,20,prod_017,ctx_017,0.5776631165603819,0.5693203806877136,energy_drink,2.595593824301548,winter,low
42,seg_01,2024-01-21,20,prod_003,ctx_010,0.5486371882702661,0.5405798554420471,water_enhanced,2.1707877439111978,winter,low
43,seg_04,2024-01-21,20,prod_017,ctx_083,0.6885656017873437,0.6840987801551819,energy_drink,2.595593824301548,winter,low
44,seg_01,2024-01-21,20,prod_032,ctx_012,0.6118909162368094,0.6036108136177063,sports_drink,4.414007229487187,winter,low
45,seg_02,2024-01-21,20,prod_003,ctx_044,0.5603526869311283,0.5520709156990051,water_enhanced,2.1707877439111978,winter,low
46,seg_03,2024-01-21,20,prod_048,ctx_065,0.5871509754073193,0.5802556276321411,energy_drink,4.081235791508453,winter,low
47,seg_02,2024-01-21,20,prod_039,ctx_094,0.5425911302717505,0.5343719124794006,water_enhanced,3.898808973443362,winter,low
48,seg_00,2024-01-21,20,prod_029,ctx_038,0.5089348761851539,0.5040028095245361,energy_drink,4.569376607786005,winter,low
49,seg_03,2024-01-21,20,prod_008,ctx_061,0.6692151812212879,0.662030816078186,tea,4.72433246297033,winter,low
0,seg_01,2024-01-22,21,prod_045,ctx_065,0.7548993212769183,0.7461155652999878,coffee_drink,3.3408300585972106,winter,low
1,seg_04,2024-01-22,21,prod_004,ctx_038,0.5474831897521357,0.5435132384300232,water_enhanced,1.5405381286296045,winter,low
2,seg_04,2024-01-22,21,prod_019,ctx_096,0.8873590761841649,0.8821921348571777,energy_drink,2.382466025999956,winter,low
3,seg_00,2024-01-22,21,prod_027,ctx_087,0.6513228768820586,0.6458893418312073,energy_drink,4.799696481194843,winter,low
4,seg_00,2024-01-22,21,prod_013,ctx_062,0.6201405602453637,0.6148168444633484,sports_drink,4.014254699623839,winter,low
5,seg_02,2024-01-22,21,prod_032,ctx_012,0.6701965559429645,0.6615279316902161,sports_drink,4.424979789666951,winter,low
6,seg_00,2024-01-22,21,prod_039,ctx_014,0.5520773826822781,0.5469933748245239,water_enhanced,3.980187598414293,winter,low
7,seg_00,2024-01-22,21,prod_017,ctx_004,0.6694205357400927,0.6639232635498047,energy_drink,2.649768824177834,winter,low
8,seg_00,2024-01-22,21,prod_034,ctx_063,0.5875098758139959,0.5823010802268982,coffee_drink,3.71898578734464,winter,low
9,seg_04,2024-01-22,21,prod_025,ctx_066,0.6593224375226444,0.6549586057662964,tea,2.294411378083121,winter,low
10,seg_01,2024-01-22,21,prod_017,ctx_061,0.6406472437343144,0.6322658658027649,energy_drink,2.649768824177834,winter,low
11,seg_01,2024-01-22,21,prod_037,ctx_071,0.5526176575551551,0.5445463061332703,tea,4.546698643065129,winter,low
12,seg_03,2024-01-22,21,prod_013,ctx_025,0.5873566802411295,0.5804606080055237,sports_drink,4.014254699623839,winter,low
13,seg_03,2024-01-22,21,prod_019,ctx_045,0.656135787189465,0.6489974856376648,energy_drink,2.382466025999956,winter,low
14,seg_03,2024-01-22,21,prod_003,ctx_063,0.5452055526086665,0.5384579300880432,water_enhanced,2.14486428052576,winter,low
15,seg_01,2024-01-22,21,prod_008,ctx_074,0.6391302677848347,0.6307542324066162,tea,4.7928997443459895,winter,low
16,seg_01,2024-01-22,21,prod_025,ctx_066,0.5127940630698926,0.5048629641532898,tea,2.294411378083121,winter,low
17,seg_00,2024-01-22,21,prod_001,ctx_013,0.5939245289348565,0.5886931419372559,juice,4.655987716556592,winter,low
18,seg_00,2024-01-22,21,prod_008,ctx_025,0.5476588261037497,0.5425903797149658,tea,4.7928997443459895,winter,low
19,seg_01,2024-01-22,21,prod_026,ctx_012,0.5865090691694882,0.5783183574676514,water_enhanced,2.66605494153826,winter,low
20,seg_04,2024-01-22,21,prod_003,ctx_010,0.561895926747164,0.5578752160072327,water_enhanced,2.14486428052576,winter,low
21,seg_02,2024-01-22,21,prod_019,ctx_076,0.4921390439683772,0.4840975105762481,energy_drink,2.382466025999956,winter,low
22,seg_02,2024-01-22,21,prod_026,ctx_016,0.5207159554586087,0.512573778629303,water_enhanced,2.66605494153826,winter,low
23,seg_01,2024-01-22,21,prod_003,ctx_016,0.4864849890524961,0.4786465466022491,water_enhanced,2.14486428052576,winter,low
24,seg_00,2024-01-22,21,prod_008,ctx_016,0.4818578633748315,0.4770211577415466,tea,4.7928997443459895,winter,low
25,seg_01,2024-01-22,21,prod_032,ctx_044,0.6143030880405499,0.6060144901275635,sports_drink,4.424979789666951,winter,low
26,seg_00,2024-01-22,21,prod_039,ctx_066,0.5555087474674936,0.550412654876709,water_enhanced,3.980187598414293,winter,low
27,seg_04,2024-01-22,21,prod_030,ctx_045,0.8602514379376952,0.8551799654960632,sports_drink,1.8971601888179592,winter,low
28,seg_00,2024-01-22,21,prod_017,ctx_066,0.7482419146101281,0.7424670457839966,energy_drink,2.649768824177834,winter,low
29,seg_04,2024-01-22,21,prod_013,ctx_069,0.7578486526800964,0.7531378269195557,sports_drink,4.014254699623839,winter,low
30,seg_00,2024-01-22,21,prod_045,ctx_048,0.5793757719363143,0.5741956233978271,coffee_drink,3.3408300585972106,winter,low
31,seg_02,2024-01-22,21,prod_030,ctx_065,0.6137771452769887,0.6053072214126587,sports_drink,1.8971601888179592,winter,low
32,seg_02,2024-01-22,21,prod_048,ctx_032,0.503092751599639,0.4950126409530639,energy_drink,4.1292231716985945,winter,low
33,seg_01,2024-01-22,21,prod_032,ctx_052,0.5939715069876017,0.5857545137405396,sports_drink,4.424979789666951,winter,low
34,seg_00,2024-01-22,21,prod_025,ctx_017,0.569113260061695,0.5639692544937134,tea,2.294411378083121,winter,low
35,seg_02,2024-01-22,21,prod_048,ctx_027,0.6251828472602966,0.6166727542877197,energy_drink,4.1292231716985945,winter,low
36,seg_02,2024-01-22,21,prod_045,ctx_061,0.6755760453959218,0.6668884754180908,coffee_drink,3.3408300585972106,winter,low
37,seg_03,2024-01-22,21,prod_012,ctx_027,0.6650755434098595,0.6579057574272156,water_enhanced,3.8316604423293614,winter,low
38,seg_04,2024-01-22,21,prod_025,ctx_025,0.5592923459675023,0.5552808046340942,tea,2.294411378083121,winter,low
39,seg_00,2024-01-22,21,prod_045,ctx_027,0.6095159863297288,0.6042296886444092,coffee_drink,3.3408300585972106,winter,low
40,seg_03,2024-01-22,21,prod_032,ctx_085,0.6305679145236704,0.6235196590423584,sports_drink,4.424979789666951,winter,low
41,seg_02,2024-01-22,21,prod_045,ctx_087,0.6306932724158449,0.6221637725830078,coffee_drink,3.3408300585972106,winter,low
42,seg_01,2024-01-22,21,prod_030,ctx_052,0.5327188402337035,0.5247175693511963,sports_drink,1.8971601888179592,winter,low
43,seg_04,2024-01-22,21,prod_003,ctx_087,0.6597022048939328,0.6553370356559753,water_enhanced,2.14486428052576,winter,low
44,seg_01,2024-01-22,21,prod_048,ctx_083,0.5576734265775858,0.5495842695236206,energy_drink,4.1292231716985945,winter,low
45,seg_02,2024-01-22,21,prod_032,ctx_045,0.7664835253433596,0.7574757933616638,sports_drink,4.424979789666951,winter,low
46,seg_03,2024-01-22,21,prod_046,ctx_044,0.6484238597342993,0.6413127183914185,tea,2.0948173755596216,winter,low
47,seg_02,2024-01-22,21,prod_017,ctx_017,0.7522955742644286,0.7433378100395203,energy_drink,2.649768824177834,winter,low
48,seg_00,2024-01-22,21,prod_017,ctx_035,0.680970930946136,0.6754329800605774,energy_drink,2.649768824177834,winter,low
49,seg_03,2024-01-22,21,prod_048,ctx_048,0.6074258515511509,0.600459098815918,energy_drink,4.1292231716985945,winter,low
0,seg_01,2024-01-23,22,prod_001,ctx_062,0.5795350831318032,0.571368932723999,juice,4.655987716556592,winter,normal
1,seg_04,2024-01-23,22,prod_032,ctx_045,0.6092292729567755,0.6050418615341187,sports_drink,4.424979789666951,winter,normal
2,seg_04,2024-01-23,22,prod_004,ctx_083,0.6590747423447415,0.6547117829322815,water_enhanced,1.5405381286296045,winter,normal
3,seg_00,2024-01-23,22,prod_026,ctx_025,0.5652868151871175,0.5601562857627869,water_enhanced,2.66605494153826,winter,normal
4,seg_00,2024-01-23,22,prod_008,ctx_016,0.49649290395080065,0.4916046559810638,tea,4.7928997443459895,winter,normal
5,seg_02,2024-01-23,22,prod_037,ctx_044,0.5754760895645685,0.567141056060791,tea,4.546698643065129,winter,normal
6,seg_00,2024-01-23,22,prod_030,ctx_044,0.7673573308823177,0.7615151405334473,sports_drink,1.8971601888179592,winter,normal
7,seg_00,2024-01-23,22,prod_048,ctx_004,0.5471882590995087,0.5421214699745178,energy_drink,4.1292231716985945,winter,normal
8,seg_00,2024-01-23,22,prod_045,ctx_063,0.5889522022628663,0.5837383270263672,coffee_drink,3.3408300585972106,winter,normal
9,seg_04,2024-01-23,22,prod_019,ctx_027,0.6064373935970515,0.6022598147392273,energy_drink,2.382466025999956,winter,normal
10,seg_01,2024-01-23,22,prod_012,ctx_099,0.5391544287113054,0.5311304926872253,water_enhanced,3.8316604423293614,winter,normal
11,seg_01,2024-01-23,22,prod_019,ctx_083,0.7154422151652398,0.7067974209785461,energy_drink,2.382466025999956,winter,normal
12,seg_03,2024-01-23,22,prod_017,ctx_085,0.6655428205723268,0.6583713889122009,energy_drink,2.649768824177834,winter,normal
13,seg_03,2024-01-23,22,prod_003,ctx_062,0.6198682125849865,0.6128576397895813,water_enhanced,2.14486428052576,winter,normal
14,seg_03,2024-01-23,22,prod_025,ctx_035,0.7676577745823844,0.7601267099380493,tea,2.294411378083121,winter,normal
15,seg_01,2024-01-23,22,prod_019,ctx_025,0.5942041287086508,0.585986316204071,energy_drink,2.382466025999956,winter,normal
16,seg_01,2024-01-23,22,prod_048,ctx_069,0.5293699607540491,0.5213804841041565,energy_drink,4.1292231716985945,winter,normal
17,seg_00,2024-01-23,22,prod_037,ctx_027,0.5973829302379207,0.5921393632888794,tea,4.546698643065129,winter,normal
18,seg_00,2024-01-23,22,prod_004,ctx_012,0.6811088650394092,0.6755704283714294,water_enhanced,1.5405381286296045,winter,normal
19,seg_01,2024-01-23,22,prod_003,ctx_052,0.4965567200118965,0.4886828064918518,water_enhanced,2.14486428052576,winter,normal
20,seg_04,2024-01-23,22,prod_003,ctx_010,0.5341220058185739,0.5301991105079651,water_enhanced,2.14486428052576,winter,normal
21,seg_02,2024-01-23,22,prod_048,ctx_066,0.5584863297852877,0.5502111315727234,energy_drink,4.1292231716985945,winter,normal
22,seg_02,2024-01-23,22,prod_037,ctx_014,0.5765000677704414,0.5681614279747009,tea,4.546698643065129,winter,normal
23,seg_01,2024-01-23,22,prod_026,ctx_061,0.6280725114305684,0.6197354197502136,water_enhanced,2.66605494153826,winter,normal
24,seg_00,2024-01-23,22,prod_017,ctx_012,0.6535544064647737,0.6481130123138428,energy_drink,2.649768824177834,winter,normal
25,seg_01,2024-01-23,22,prod_017,ctx_016,0.5345770026827624,0.5265691876411438,energy_drink,2.649768824177834,winter,normal
26,seg_00,2024-01-23,22,prod_048,ctx_057,0.6748112106550804,0.6692949533462524,energy_drink,4.1292231716985945,winter,normal
27,seg_04,2024-01-23,22,prod_003,ctx_090,0.5637888418884137,0.5597614645957947,water_enhanced,2.14486428052576,winter,normal
28,seg_00,2024-01-23,22,prod_031,ctx_062,0.5971819508132036,0.5919390916824341,juice,4.874300897774054,winter,normal
29,seg_04,2024-01-23,22,prod_003,ctx_085,0.5499819741174806,0.5460032224655151,water_enhanced,2.14486428052576,winter,normal
30,seg_00,2024-01-23,22,prod_032,ctx_061,0.6123581703609371,0.6070618629455566,sports_drink,4.424979789666951,winter,normal
31,seg_02,2024-01-23,22,prod_030,ctx_062,0.617494905742426,0.6090118885040283,sports_drink,1.8971601888179592,winter,normal
32,seg_02,2024-01-23,22,prod_019,ctx_087,0.5885455542557656,0.5801644921302795,energy_drink,2.382466025999956,winter,normal
33,seg_01,2024-01-23,22,prod_039,ctx_035,0.6719977011932949,0.6635059118270874,water_enhanced,3.980187598414293,winter,normal
34,seg_00,2024-01-23,22,prod_003,ctx_052,0.5434309009021777,0.5383773446083069,water_enhanced,2.14486428052576,winter,normal
35,seg_02,2024-01-23,22,prod_048,ctx_052,0.6582491665577999,0.6496226191520691,energy_drink,4.1292231716985945,winter,normal
36,seg_02,2024-01-23,22,prod_045,ctx_090,0.5820692913707805,0.5737110376358032,coffee_drink,3.3408300585972106,winter,normal
37,seg_03,2024-01-23,22,prod_001,ctx_005,0.6218747768056893,0.6148571372032166,juice,4.655987716556592,winter,normal
38,seg_04,2024-01-23,22,prod_048,ctx_032,0.5337221405048138,0.5298006534576416,energy_drink,4.1292231716985945,winter,normal
39,seg_00,2024-01-23,22,prod_004,ctx_061,0.64040395185064,0.6350088715553284,water_enhanced,1.5405381286296045,winter,normal
40,seg_03,2024-01-23,22,prod_030,ctx_063,0.6228807506047646,0.6158595681190491,sports_drink,1.8971601888179592,winter,normal
41,seg_02,2024-01-23,22,prod_017,ctx_005,0.6499219190603528,0.6413246989250183,energy_drink,2.649768824177834,winter,normal
42,seg_01,2024-01-23,22,prod_030,ctx_076,0.6642138757415489,0.655749499797821,sports_drink,1.8971601888179592,winter,normal
43,seg_04,2024-01-23,22,prod_045,ctx_014,0.5694256567833749,0.5653784275054932,coffee_drink,3.3408300585972106,winter,normal
44,seg_01,2024-01-23,22,prod_013,ctx_071,0.6572303790703728,0.6487905979156494,sports_drink,4.014254699623839,winter,normal
45,seg_02,2024-01-23,22,prod_003,ctx_096,0.5352349842505781,0.5270416736602783,water_enhanced,2.14486428052576,winter,normal
46,seg_03,2024-01-23,22,prod_048,ctx_013,0.5672047843643273,0.560379683971405,energy_drink,4.1292231716985945,winter,normal
47,seg_02,2024-01-23,22,prod_017,ctx_005,0.6110351518816142,0.60257488489151,energy_drink,2.649768824177834,winter,normal
48,seg_00,2024-01-23,22,prod_017,ctx_027,0.6086816226406278,0.6033982634544373,energy_drink,2.649768824177834,winter,normal
49,seg_03,2024-01-23,22,prod_017,ctx_063,0.5945276380780983,0.5876063108444214,energy_drink,2.649768824177834,winter,normal
0,seg_01,2024-01-24,23,prod_045,ctx_087,0.5982499761218779,0.5900179147720337,coffee_drink,3.3408300585972106,winter,low
1,seg_04,2024-01-24,23,prod_017,ctx_057,0.6572848889739643,0.6529282331466675,energy_drink,2.649768824177834,winter,low
2,seg_04,2024-01-24,23,prod_008,ctx_010,0.5661063260643783,0.5620707869529724,tea,4.7928997443459895,winter,low
3,seg_00,2024-01-24,23,prod_045,ctx_071,0.5590640495646179,0.5539554357528687,coffee_drink,3.3408300585972106,winter,low
4,seg_00,2024-01-24,23,prod_025,ctx_062,0.7624814264819478,0.7566564083099365,tea,2.294411378083121,winter,low
5,seg_02,2024-01-24,23,prod_019,ctx_032,0.6877625165550728,0.679032027721405,energy_drink,2.382466025999956,winter,low
6,seg_00,2024-01-24,23,prod_012,ctx_004,0.5342406381845465,0.5292194485664368,water_enhanced,3.8316604423293614,winter,low
7,seg_00,2024-01-24,23,prod_017,ctx_001,0.5972053385974488,0.5919623970985413,energy_drink,2.649768824177834,winter,low
8,seg_00,2024-01-24,23,prod_013,ctx_053,0.6263409549438026,0.6209954023361206,sports_drink,4.014254699623839,winter,low
9,seg_04,2024-01-24,23,prod_012,ctx_099,0.5835808290751793,0.5794837474822998,water_enhanced,3.8316604423293614,winter,low
10,seg_01,2024-01-24,23,prod_006,ctx_071,0.5473051612437702,0.539252519607544,water_enhanced,4.200491977206411,winter,low
11,seg_01,2024-01-24,23,prod_048,ctx_005,0.6493984621134267,0.6409862637519836,energy_drink,4.1292231716985945,winter,low
12,seg_03,2024-01-24,23,prod_017,ctx_057,0.5846756386415248,0.5777890086174011,energy_drink,2.649768824177834,winter,low
13,seg_03,2024-01-24,23,prod_007,ctx_025,0.5651803951827419,0.5583624243736267,tea,4.80154816319315,winter,low
14,seg_03,2024-01-24,23,prod_004,ctx_027,0.6408711606209779,0.6337866187095642,water_enhanced,1.5405381286296045,winter,low
15,seg_01,2024-01-24,23,prod_012,ctx_005,0.6804422465037987,0.6719207167625427,water_enhanced,3.8316604423293614,winter,low
16,seg_01,2024-01-24,23,prod_002,ctx_066,0.5332884015676786,0.5252851247787476,soda,3.311333500027431,winter,low
17,seg_00,2024-01-24,23,prod_037,ctx_044,0.6066886963094593,0.6014123558998108,tea,4.546698643065129,winter,low
18,seg_00,2024-01-24,23,prod_037,ctx_004,0.5446727862640758,0.5396148562431335,tea,4.546698643065129,winter,low
19,seg_01,2024-01-24,23,prod_044,ctx_032,0.706544269843023,0.6979308128356934,juice,1.8063421721960116,winter,low
20,seg_04,2024-01-24,23,prod_012,ctx_057,0.5371634944459601,0.5332298874855042,water_enhanced,3.8316604423293614,winter,low
21,seg_02,2024-01-24,23,prod_021,ctx_027,0.6244173908025272,0.615909993648529,sports_drink,3.696002701530454,winter,low
22,seg_02,2024-01-24,23,prod_017,ctx_071,0.7217231344772623,0.7128730416297913,energy_drink,2.649768824177834,winter,low
23,seg_01,2024-01-24,23,prod_008,ctx_099,0.5011697361468997,0.4932795763015747,tea,4.7928997443459895,winter,low
24,seg_00,2024-01-24,23,prod_045,ctx_004,0.5602419923654972,0.5551292300224304,coffee_drink,3.3408300585972106,winter,low
25,seg_01,2024-01-24,23,prod_019,ctx_083,0.588333735047761,0.5801365971565247,energy_drink,2.382466025999956,winter,low
26,seg_00,2024-01-24,23,prod_017,ctx_012,0.7683902813839368,0.7625444531440735,energy_drink,2.649768824177834,winter,low
27,seg_04,2024-01-24,23,prod_013,ctx_090,0.4778859589700001,0.4741611182689667,sports_drink,4.014254699623839,winter,low
28,seg_00,2024-01-24,23,prod_017,ctx_063,0.5724039990649133,0.5672484040260315,energy_drink,2.649768824177834,winter,low
29,seg_04,2024-01-24,23,prod_013,ctx_012,0.6840823250488319,0.6796312928199768,sports_drink,4.014254699623839,winter,low
30,seg_00,2024-01-24,23,prod_017,ctx_052,0.672990372956326,0.6674805283546448,energy_drink,2.649768824177834,winter,low
31,seg_02,2024-01-24,23,prod_013,ctx_059,0.6133506621525145,0.6048822402954102,sports_drink,4.014254699623839,winter,low
32,seg_02,2024-01-24,23,prod_004,ctx_057,0.7020337903538344,0.6932530403137207,water_enhanced,1.5405381286296045,winter,low
33,seg_01,2024-01-24,23,prod_039,ctx_053,0.941687086366224,0.9322454929351808,water_enhanced,3.980187598414293,winter,low
34,seg_00,2024-01-24,23,prod_013,ctx_096,0.5704955917596751,0.5653467178344727,sports_drink,4.014254699623839,winter,low
35,seg_02,2024-01-24,23,prod_008,ctx_035,0.668218403992125,0.6595567464828491,tea,4.7928997443459895,winter,low
36,seg_02,2024-01-24,23,prod_045,ctx_025,0.5623551238957878,0.5540663003921509,coffee_drink,3.3408300585972106,winter,low
37,seg_03,2024-01-24,23,prod_032,ctx_083,0.5961887689125684,0.5892615914344788,sports_drink,4.424979789666951,winter,low
38,seg_04,2024-01-24,23,prod_039,ctx_052,0.5039326830597747,0.5001161098480225,water_enhanced,3.980187598414293,winter,low
39,seg_00,2024-01-24,23,prod_019,ctx_048,0.7001507084864791,0.6945452094078064,energy_drink,2.382466025999956,winter,low
40,seg_03,2024-01-24,23,prod_004,ctx_061,0.6340200950350173,0.6269596815109253,water_enhanced,1.5405381286296045,winter,low
41,seg_02,2024-01-24,23,prod_025,ctx_066,0.6616814285725899,0.6530427932739258,tea,2.294411378083121,winter,low
42,seg_01,2024-01-24,23,prod_008,ctx_044,0.5897316187250347,0.5815295577049255,tea,4.7928997443459895,winter,low
43,seg_04,2024-01-24,23,prod_013,ctx_094,0.608595111093427,0.60440993309021,sports_drink,4.014254699623839,winter,low
44,seg_01,2024-01-24,23,prod_019,ctx_038,0.5613820951166669,0.5532798767089844,energy_drink,2.382466025999956,winter,low
45,seg_02,2024-01-24,23,prod_048,ctx_059,0.7410739239745299,0.7321556806564331,energy_drink,4.1292231716985945,winter,low
46,seg_03,2024-01-24,23,prod_039,ctx_096,0.6072706906500449,0.6003044843673706,water_enhanced,3.980187598414293,winter,low
47,seg_02,2024-01-24,23,prod_017,ctx_066,0.5398130682474759,0.5316036343574524,energy_drink,2.649768824177834,winter,low
48,seg_00,2024-01-24,23,prod_012,ctx_005,0.6478467702487216,0.6424254775047302,water_enhanced,3.8316604423293614,winter,low
49,seg_03,2024-01-24,23,prod_012,ctx_096,0.6104021414961139,0.6034249067306519,water_enhanced,3.8316604423293614,winter,low
0,seg_01,2024-01-25,24,prod_005,ctx_048,0.6847634835811321,0.6762267351150513,energy_drink,3.111725196396816,winter,low
1,seg_04,2024-01-25,24,prod_019,ctx_044,0.6056291691962248,0.6014544367790222,energy_drink,2.382466025999956,winter,low
2,seg_04,2024-01-25,24,prod_025,ctx_065,0.554786159967185,0.5507904887199402,tea,2.294411378083121,winter,low
3,seg_00,2024-01-25,24,prod_004,ctx_027,0.6278357394151364,0.6224849224090576,water_enhanced,1.5405381286296045,winter,low
4,seg_00,2024-01-25,24,prod_012,ctx_099,0.5095455306336472,0.5046113133430481,water_enhanced,3.8316604423293614,winter,low
5,seg_02,2024-01-25,24,prod_019,ctx_071,0.5710304964681913,0.5627111196517944,energy_drink,2.382466025999956,winter,low
6,seg_00,2024-01-25,24,prod_019,ctx_074,0.5739523182342001,0.5687912702560425,energy_drink,2.382466025999956,winter,low
7,seg_00,2024-01-25,24,prod_019,ctx_048,0.5939858994377611,0.5887542963027954,energy_drink,2.382466025999956,winter,low
8,seg_00,2024-01-25,24,prod_045,ctx_059,0.5608835713266628,0.5557685494422913,coffee_drink,3.3408300585972106,winter,low
9,seg_04,2024-01-25,24,prod_032,ctx_032,0.49213303747789916,0.4883580207824707,sports_drink,4.424979789666951,winter,low
10,seg_01,2024-01-25,24,prod_021,ctx_038,0.7080954601469485,0.6994765400886536,sports_drink,3.696002701530454,winter,low
11,seg_01,2024-01-25,24,prod_004,ctx_044,0.6171854679567016,0.60888671875,water_enhanced,1.5405381286296045,winter,low
12,seg_03,2024-01-25,24,prod_024,ctx_096,0.6229698754091778,0.6159483790397644,coffee_drink,2.568857200208462,winter,low
13,seg_03,2024-01-25,24,prod_026,ctx_099,0.5356763763730451,0.5289623141288757,water_enhanced,2.66605494153826,winter,low
14,seg_03,2024-01-25,24,prod_013,ctx_065,0.6173024948933742,0.6103009581565857,sports_drink,4.014254699623839,winter,low
15,seg_01,2024-01-25,24,prod_030,ctx_014,0.5850458671791814,0.5768603086471558,sports_drink,1.8971601888179592,winter,low
16,seg_01,2024-01-25,24,prod_017,ctx_085,0.5841317696885482,0.5759494304656982,energy_drink,2.649768824177834,winter,low
17,seg_00,2024-01-25,24,prod_003,ctx_065,0.6910044698333097,0.685431182384491,water_enhanced,2.14486428052576,winter,low
18,seg_00,2024-01-25,24,prod_037,ctx_016,0.5027585870546202,0.4978482723236084,tea,4.546698643065129,winter,low
19,seg_01,2024-01-25,24,prod_019,ctx_074,0.5792043044952896,0.5710393190383911,energy_drink,2.382466025999956,winter,low
20,seg_04,2024-01-25,24,prod_008,ctx_074,0.678377201075589,0.6739462614059448,tea,4.7928997443459895,winter,low
21,seg_02,2024-01-25,24,prod_045,ctx_014,0.6207185917887671,0.6122242212295532,coffee_drink,3.3408300585972106,winter,low
22,seg_02,2024-01-25,24,prod_032,ctx_062,0.5875301894538092,0.5791527032852173,sports_drink,4.424979789666951,winter,low
23,seg_01,2024-01-25,24,prod_025,ctx_087,0.5901021745393569,0.5818988084793091,tea,2.294411378083121,winter,low
24,seg_00,2024-01-25,24,prod_032,ctx_010,0.6229302264388037,0.6175966858863831,sports_drink,4.424979789666951,winter,low
25,seg_01,2024-01-25,24,prod_030,ctx_044,0.6076731596370831,0.5994079113006592,sports_drink,1.8971601888179592,winter,low
26,seg_00,2024-01-25,24,prod_037,ctx_069,0.5318809244032693,0.5268680453300476,tea,4.546698643065129,winter,low
27,seg_04,2024-01-25,24,prod_013,ctx_076,0.5199590575371228,0.5160860419273376,sports_drink,4.014254699623839,winter,low
28,seg_00,2024-01-25,24,prod_025,ctx_066,0.607363771841411,0.6020850539207458,tea,2.294411378083121,winter,low
29,seg_04,2024-01-25,24,prod_026,ctx_027,0.621055895241195,0.6168268322944641,water_enhanced,2.66605494153826,winter,low
30,seg_00,2024-01-25,24,prod_019,ctx_045,0.6335447513832028,0.628173828125,energy_drink,2.382466025999956,winter,low
31,seg_02,2024-01-25,24,prod_032,ctx_096,0.6684871541573791,0.659824550151825,sports_drink,4.424979789666951,winter,low
32,seg_02,2024-01-25,24,prod_026,ctx_005,0.5931618004172375,0.5847644805908203,water_enhanced,2.66605494153826,winter,low
33,seg_01,2024-01-25,24,prod_012,ctx_071,0.49849449663187756,0.4906137585639953,water_enhanced,3.8316604423293614,winter,low
34,seg_00,2024-01-25,24,prod_025,ctx_099,0.6444714524042682,0.6390620470046997,tea,2.294411378083121,winter,low
35,seg_02,2024-01-25,24,prod_037,ctx_083,0.5753903144172339,0.5670555830001831,tea,4.546698643065129,winter,low
36,seg_02,2024-01-25,24,prod_012,ctx_004,0.5295353632853929,0.5213621258735657,water_enhanced,3.8316604423293614,winter,low
37,seg_03,2024-01-25,24,prod_037,ctx_076,0.47202182604786197,0.4655319452285766,tea,4.546698643065129,winter,low
38,seg_04,2024-01-25,24,prod_003,ctx_066,0.7573412394479906,0.752632200717926,water_enhanced,2.14486428052576,winter,low
39,seg_00,2024-01-25,24,prod_019,ctx_059,0.5804084831767135,0.5752246975898743,energy_drink,2.382466025999956,winter,low
40,seg_03,2024-01-25,24,prod_032,ctx_035,0.763319011620693,0.7558032274246216,sports_drink,4.424979789666951,winter,low
41,seg_02,2024-01-25,24,prod_045,ctx_044,0.6432766181235073,0.6347028017044067,coffee_drink,3.3408300585972106,winter,low
42,seg_01,2024-01-25,24,prod_019,ctx_062,0.6408949987275222,0.6325127482414246,energy_drink,2.382466025999956,winter,low
43,seg_04,2024-01-25,24,prod_048,ctx_027,0.6184368821128496,0.6142170429229736,energy_drink,4.1292231716985945,winter,low
44,seg_01,2024-01-25,24,prod_030,ctx_035,0.624488378356446,0.6161639094352722,sports_drink,1.8971601888179592,winter,low
45,seg_02,2024-01-25,24,prod_008,ctx_087,0.6375539084506016,0.6290002465248108,tea,4.7928997443459895,winter,low
46,seg_03,2024-01-25,24,prod_026,ctx_002,0.7716087549219205,0.7640637755393982,water_enhanced,2.66605494153826,winter,low
47,seg_02,2024-01-25,24,prod_012,ctx_002,0.4709398718244142,0.4629729986190796,water_enhanced,3.8316604423293614,winter,low
48,seg_00,2024-01-25,24,prod_029,ctx_027,0.5917674694068357,0.5865436792373657,energy_drink,4.29637045825374,winter,low
49,seg_03,2024-01-25,24,prod_041,ctx_074,0.7465409980210249,0.7390843033790588,sports_drink,4.2524803186190505,winter,low
0,seg_01,2024-01-26,25,prod_003,ctx_012,0.6180839536527363,0.6097820401191711,water_enhanced,2.14486428052576,winter,low
1,seg_04,2024-01-26,25,prod_037,ctx_016,0.5031683032774947,0.4993544220924377,tea,4.546698643065129,winter,low
2,seg_04,2024-01-26,25,prod_013,ctx_048,0.618264015881471,0.6140447854995728,sports_drink,4.014254699623839,winter,low
3,seg_00,2024-01-26,25,prod_003,ctx_014,0.6128642078410285,0.6075661182403564,water_enhanced,2.14486428052576,winter,low
4,seg_00,2024-01-26,25,prod_003,ctx_004,0.5143358991479023,0.50938481092453,water_enhanced,2.14486428052576,winter,low
5,seg_02,2024-01-26,25,prod_039,ctx_027,0.6742955791623146,0.665612518787384,water_enhanced,3.980187598414293,winter,low
6,seg_00,2024-01-26,25,prod_039,ctx_052,0.5977973306707899,0.5925523042678833,water_enhanced,3.980187598414293,winter,low
7,seg_00,2024-01-26,25,prod_032,ctx_005,0.6288337577786499,0.623479425907135,sports_drink,4.424979789666951,winter,low
8,seg_00,2024-01-26,25,prod_037,ctx_004,0.607344630943819,0.6020659804344177,tea,4.546698643065129,winter,low
9,seg_04,2024-01-26,25,prod_037,ctx_025,0.5577854189892586,0.5537791848182678,tea,4.546698643065129,winter,low
10,seg_01,2024-01-26,25,prod_019,ctx_094,0.5804296210177095,0.572260320186615,energy_drink,2.382466025999956,winter,low
11,seg_01,2024-01-26,25,prod_008,ctx_094,0.6776544944001179,0.6691427826881409,tea,4.7928997443459895,winter,low
12,seg_03,2024-01-26,25,prod_025,ctx_038,0.7365238485274145,0.7291024327278137,tea,2.294411378083121,winter,low
13,seg_03,2024-01-26,25,prod_013,ctx_035,0.6111370921483459,0.6041572690010071,sports_drink,4.014254699623839,winter,low
14,seg_03,2024-01-26,25,prod_048,ctx_069,0.5477968114355033,0.5410400629043579,energy_drink,4.1292231716985945,winter,low
15,seg_01,2024-01-26,25,prod_012,ctx_085,0.7368508305995739,0.7281306385993958,water_enhanced,3.8316604423293614,winter,low
16,seg_01,2024-01-26,25,prod_003,ctx_014,0.6121670834998805,0.6038860082626343,water_enhanced,2.14486428052576,winter,low
17,seg_00,2024-01-26,25,prod_017,ctx_004,0.5440940133731343,0.5390381217002869,energy_drink,2.649768824177834,winter,low
18,seg_00,2024-01-26,25,prod_001,ctx_035,0.6155575713934581,0.6102499961853027,juice,4.655987716556592,winter,low
19,seg_01,2024-01-26,25,prod_032,ctx_001,0.6060437309142499,0.5977842211723328,sports_drink,4.424979789666951,winter,low
20,seg_04,2024-01-26,25,prod_037,ctx_025,0.5614551477648008,0.5574359893798828,tea,4.546698643065129,winter,low
21,seg_02,2024-01-26,25,prod_025,ctx_014,0.6786093393265262,0.6699110865592957,tea,2.294411378083121,winter,low
22,seg_02,2024-01-26,25,prod_019,ctx_090,0.548132838831801,0.5398941040039062,energy_drink,2.382466025999956,winter,low
23,seg_01,2024-01-26,25,prod_048,ctx_066,0.7493746600787858,0.7406103610992432,energy_drink,4.1292231716985945,winter,low
24,seg_00,2024-01-26,25,prod_048,ctx_004,0.5487688187181772,0.5436964631080627,energy_drink,4.1292231716985945,winter,low
25,seg_01,2024-01-26,25,prod_045,ctx_057,0.6134447982294587,0.6051592230796814,coffee_drink,3.3408300585972106,winter,low
26,seg_00,2024-01-26,25,prod_019,ctx_090,0.62461283096776,0.6192733645439148,energy_drink,2.382466025999956,winter,low
27,seg_04,2024-01-26,25,prod_019,ctx_012,0.7512004207933072,0.7465130090713501,energy_drink,2.382466025999956,winter,low
28,seg_00,2024-01-26,25,prod_004,ctx_053,0.717013958895737,0.7113490700721741,water_enhanced,1.5405381286296045,winter,low
29,seg_04,2024-01-26,25,prod_017,ctx_076,0.4914652594131544,0.4876925945281982,energy_drink,2.649768824177834,winter,low
30,seg_00,2024-01-26,25,prod_017,ctx_010,0.6745593882211343,0.669044017791748,energy_drink,2.649768824177834,winter,low
31,seg_02,2024-01-26,25,prod_037,ctx_001,0.5847819154514121,0.5764141082763672,tea,4.546698643065129,winter,low
32,seg_02,2024-01-26,25,prod_026,ctx_038,0.49505713362159925,0.4870053231716156,water_enhanced,2.66605494153826,winter,low
33,seg_01,2024-01-26,25,prod_013,ctx_076,0.6361155165987726,0.6277500987052917,sports_drink,4.014254699623839,winter,low
34,seg_00,2024-01-26,25,prod_019,ctx_002,0.4828774750634412,0.4780371785163879,energy_drink,2.382466025999956,winter,low
35,seg_02,2024-01-26,25,prod_032,ctx_063,0.6976574035653136,0.6888920664787292,sports_drink,4.424979789666951,winter,low
36,seg_02,2024-01-26,25,prod_004,ctx_053,0.5573767558779951,0.5491054654121399,water_enhanced,1.5405381286296045,winter,low
37,seg_03,2024-01-26,25,prod_013,ctx_048,0.6051653713608278,0.5982065796852112,sports_drink,4.014254699623839,winter,low
38,seg_04,2024-01-26,25,prod_008,ctx_083,0.5600290910788837,0.5560149550437927,tea,4.7928997443459895,winter,low
39,seg_00,2024-01-26,25,prod_019,ctx_094,0.6029098644176422,0.5976468324661255,energy_drink,2.382466025999956,winter,low
40,seg_03,2024-01-26,25,prod_037,ctx_096,0.5696113335294002,0.5627777576446533,tea,4.546698643065129,winter,low
41,seg_02,2024-01-26,25,prod_039,ctx_094,0.6327207719932891,0.6241841316223145,water_enhanced,3.980187598414293,winter,low
42,seg_01,2024-01-26,25,prod_026,ctx_002,0.48516591203952736,0.4773321151733398,water_enhanced,2.66605494153826,winter,low
43,seg_04,2024-01-26,25,prod_037,ctx_025,0.6136023100882178,0.6093994975090027,tea,4.546698643065129,winter,low
44,seg_01,2024-01-26,25,prod_037,ctx_071,0.5428974312354423,0.5348603129386902,tea,4.546698643065129,winter,low
45,seg_02,2024-01-26,25,prod_012,ctx_061,0.6327439205163146,0.6242071986198425,water_enhanced,3.8316604423293614,winter,low
46,seg_03,2024-01-26,25,prod_034,ctx_063,0.5706360893342377,0.5637989044189453,coffee_drink,3.71898578734464,winter,low
47,seg_02,2024-01-26,25,prod_049,ctx_025,0.5200663612465766,0.5119264721870422,juice,1.7307327768040282,winter,low
48,seg_00,2024-01-26,25,prod_030,ctx_027,0.6276494147401381,0.6222992539405823,sports_drink,1.8971601888179592,winter,low
49,seg_03,2024-01-26,25,prod_025,ctx_071,0.5552004508088262,0.5484176278114319,tea,2.294411378083121,winter,low
0,seg_01,2024-01-27,26,prod_004,ctx_013,0.5444663866849455,0.5364237427711487,water_enhanced,1.5405381286296045,winter,low
1,seg_04,2024-01-27,26,prod_012,ctx_038,0.5442834298277849,0.5403247475624084,water_enhanced,3.8316604423293614,winter,low
2,seg_04,2024-01-27,26,prod_003,ctx_074,0.5756263505583386,0.5715572834014893,water_enhanced,2.14486428052576,winter,low
3,seg_00,2024-01-27,26,prod_037,ctx_010,0.8088863195277322,0.8028978705406189,tea,4.546698643065129,winter,low
4,seg_00,2024-01-27,26,prod_032,ctx_062,0.6293279518283561,0.6239718794822693,sports_drink,4.424979789666951,winter,low
5,seg_02,2024-01-27,26,prod_032,ctx_065,0.6491910358488592,0.6405963897705078,sports_drink,4.424979789666951,winter,low
6,seg_00,2024-01-27,26,prod_030,ctx_065,0.7611225423835181,0.7553023099899292,sports_drink,1.8971601888179592,winter,low
7,seg_00,2024-01-27,26,prod_032,ctx_014,0.5976666342294187,0.5924220681190491,sports_drink,4.424979789666951,winter,low
8,seg_00,2024-01-27,26,prod_004,ctx_032,0.5155938150115338,0.5106382966041565,water_enhanced,1.5405381286296045,winter,low
9,seg_04,2024-01-27,26,prod_037,ctx_005,0.6942911825948883,0.689804196357727,tea,4.546698643065129,winter,low
10,seg_01,2024-01-27,26,prod_015,ctx_012,0.7299927068076262,0.7212966680526733,water_enhanced,3.4183060322125214,winter,low
11,seg_01,2024-01-27,26,prod_032,ctx_032,0.49998291077323154,0.4920969307422638,sports_drink,4.424979789666951,winter,low
12,seg_03,2024-01-27,26,prod_003,ctx_076,0.487343725770863,0.4807998836040497,water_enhanced,2.14486428052576,winter,low
13,seg_03,2024-01-27,26,prod_048,ctx_048,0.5643992671150688,0.5575840473175049,energy_drink,4.1292231716985945,winter,low
14,seg_03,2024-01-27,26,prod_012,ctx_096,0.5758542569096765,0.5689986944198608,water_enhanced,3.8316604423293614,winter,low
15,seg_01,2024-01-27,26,prod_041,ctx_005,0.6196459107115573,0.6113384962081909,sports_drink,4.2524803186190505,winter,low
16,seg_01,2024-01-27,26,prod_037,ctx_017,0.7455480955735984,0.7367972731590271,tea,4.546698643065129,winter,low
17,seg_00,2024-01-27,26,prod_045,ctx_057,0.6558974915912678,0.6504478454589844,coffee_drink,3.3408300585972106,winter,low
18,seg_00,2024-01-27,26,prod_008,ctx_053,0.5510309737370396,0.5459506511688232,tea,4.7928997443459895,winter,low
19,seg_01,2024-01-27,26,prod_026,ctx_087,0.6137469851501942,0.6054603457450867,water_enhanced,2.66605494153826,winter,low
20,seg_04,2024-01-27,26,prod_005,ctx_083,0.6161920735324301,0.611980140209198,energy_drink,3.111725196396816,winter,low
21,seg_02,2024-01-27,26,prod_019,ctx_013,0.6865307997950206,0.6778046488761902,energy_drink,2.382466025999956,winter,low
22,seg_02,2024-01-27,26,prod_033,ctx_005,0.6615129288584743,0.6528748869895935,energy_drink,4.796411719342673,winter,low
23,seg_01,2024-01-27,26,prod_037,ctx_044,0.5862254848086,0.5780357718467712,tea,4.546698643065129,winter,low
24,seg_00,2024-01-27,26,prod_037,ctx_017,0.5963770760694553,0.5911370515823364,tea,4.546698643065129,winter,low
25,seg_01,2024-01-27,26,prod_008,ctx_035,0.7170072228046145,0.7083569169044495,tea,4.7928997443459895,winter,low
26,seg_00,2024-01-27,26,prod_037,ctx_069,0.524172825127622,0.5191870927810669,tea,4.546698643065129,winter,low
27,seg_04,2024-01-27,26,prod_032,ctx_038,0.5905571479097582,0.5864354968070984,sports_drink,4.424979789666951,winter,low
28,seg_00,2024-01-27,26,prod_004,ctx_044,0.521620864956154,0.5166441202163696,water_enhanced,1.5405381286296045,winter,low
29,seg_04,2024-01-27,26,prod_045,ctx_044,0.6116934840758447,0.6074973940849304,coffee_drink,3.3408300585972106,winter,low
30,seg_00,2024-01-27,26,prod_008,ctx_025,0.5638312695558475,0.5587058663368225,tea,4.7928997443459895,winter,low
31,seg_02,2024-01-27,26,prod_017,ctx_045,0.6051902395406438,0.5967505574226379,energy_drink,2.649768824177834,winter,low
32,seg_02,2024-01-27,26,prod_019,ctx_016,0.4981283504555581,0.490065723657608,energy_drink,2.382466025999956,winter,low
33,seg_01,2024-01-27,26,prod_012,ctx_062,0.6153346029748497,0.6070423722267151,water_enhanced,3.8316604423293614,winter,low
34,seg_00,2024-01-27,26,prod_039,ctx_071,0.6212842886917972,0.6159565448760986,water_enhanced,3.980187598414293,winter,low
35,seg_02,2024-01-27,26,prod_019,ctx_076,0.4948605805294502,0.4868094623088836,energy_drink,2.382466025999956,winter,low
36,seg_02,2024-01-27,26,prod_012,ctx_071,0.4980907864440336,0.4900282919406891,water_enhanced,3.8316604423293614,winter,low
37,seg_03,2024-01-27,26,prod_012,ctx_076,0.48569847589986376,0.4791604280471802,water_enhanced,3.8316604423293614,winter,low
38,seg_04,2024-01-27,26,prod_030,ctx_061,0.615886895846446,0.611676037311554,sports_drink,1.8971601888179592,winter,low
39,seg_00,2024-01-27,26,prod_045,ctx_076,0.5012535442584831,0.4963485300540924,coffee_drink,3.3408300585972106,winter,low
40,seg_03,2024-01-27,26,prod_008,ctx_035,0.7661906845972541,0.7586647868156433,tea,4.7928997443459895,winter,low
41,seg_02,2024-01-27,26,prod_030,ctx_083,0.8225959638642019,0.8133906126022339,sports_drink,1.8971601888179592,winter,low
42,seg_01,2024-01-27,26,prod_013,ctx_014,0.5721597363977338,0.5640195608139038,sports_drink,4.014254699623839,winter,low
43,seg_04,2024-01-27,26,prod_048,ctx_016,0.4906023040082752,0.4868326783180237,energy_drink,4.1292231716985945,winter,low
44,seg_01,2024-01-27,26,prod_017,ctx_032,0.6788003761975305,0.670284628868103,energy_drink,2.649768824177834,winter,low
45,seg_02,2024-01-27,26,prod_032,ctx_057,0.6072060751336177,0.5987592935562134,sports_drink,4.424979789666951,winter,low
46,seg_03,2024-01-27,26,prod_004,ctx_027,0.6214707244205808,0.6144545078277588,water_enhanced,1.5405381286296045,winter,low
47,seg_02,2024-01-27,26,prod_037,ctx_062,0.7187505530812078,0.7099109292030334,tea,4.546698643065129,winter,low
48,seg_00,2024-01-27,26,prod_004,ctx_048,0.5809075820814278,0.5757220387458801,water_enhanced,1.5405381286296045,winter,low
49,seg_03,2024-01-27,26,prod_019,ctx_094,0.6956784291872583,0.6884008646011353,energy_drink,2.382466025999956,winter,low
0,seg_01,2024-01-28,27,prod_037,ctx_061,0.5741504495626181,0.5660032629966736,tea,4.546698643065129,winter,low
1,seg_04,2024-01-28,27,prod_001,ctx_087,0.6210863412314275,0.6168571710586548,juice,4.655987716556592,winter,low
2,seg_04,2024-01-28,27,prod_019,ctx_094,0.7343003839714892,0.7296724915504456,energy_drink,2.382466025999956,winter,low
3,seg_00,2024-01-28,27,prod_041,ctx_004,0.6029901963722241,0.5977268815040588,sports_drink,4.2524803186190505,winter,low
4,seg_00,2024-01-28,27,prod_003,ctx_087,0.5716198204166867,0.5664669871330261,water_enhanced,2.14486428052576,winter,low
5,seg_02,2024-01-28,27,prod_026,ctx_004,0.5596545226914561,0.5513752102851868,water_enhanced,2.66605494153826,winter,low
6,seg_00,2024-01-28,27,prod_037,ctx_010,0.6908840616243943,0.6853111982345581,tea,4.546698643065129,winter,low
7,seg_00,2024-01-28,27,prod_048,ctx_004,0.703078488219107,0.6974626779556274,energy_drink,4.1292231716985945,winter,low
8,seg_00,2024-01-28,27,prod_013,ctx_016,0.5488571061083207,0.5437844395637512,sports_drink,4.014254699623839,winter,low
9,seg_04,2024-01-28,27,prod_032,ctx_059,0.6608345684324209,0.6564654111862183,sports_drink,4.424979789666951,winter,low
10,seg_01,2024-01-28,27,prod_017,ctx_045,0.602497102036347,0.5942500829696655,energy_drink,2.649768824177834,winter,low
11,seg_01,2024-01-28,27,prod_013,ctx_045,0.6331082423258324,0.6247534155845642,sports_drink,4.014254699623839,winter,low
12,seg_03,2024-01-28,27,prod_039,ctx_057,0.71763872117938,0.7102838158607483,water_enhanced,3.980187598414293,winter,low
13,seg_03,2024-01-28,27,prod_025,ctx_063,0.655046610301169,0.6479121446609497,tea,2.294411378083121,winter,low
14,seg_03,2024-01-28,27,prod_045,ctx_074,0.6995173156452706,0.692226231098175,coffee_drink,3.3408300585972106,winter,low
15,seg_01,2024-01-28,27,prod_005,ctx_087,0.5917836425775187,0.5835743546485901,energy_drink,3.111725196396816,winter,low
16,seg_01,2024-01-28,27,prod_003,ctx_005,0.6370486951716929,0.6286799907684326,water_enhanced,2.14486428052576,winter,low
17,seg_00,2024-01-28,27,prod_008,ctx_096,0.6246724070115154,0.6193327307701111,tea,4.7928997443459895,winter,low
18,seg_00,2024-01-28,27,prod_000,ctx_017,0.5624046147168807,0.5572842359542847,water_enhanced,1.817347628548288,winter,low
19,seg_01,2024-01-28,27,prod_045,ctx_076,0.6325903614153559,0.6242373585700989,coffee_drink,3.3408300585972106,winter,low
20,seg_04,2024-01-28,27,prod_039,ctx_044,0.7001993795285226,0.6956915855407715,water_enhanced,3.980187598414293,winter,low
21,seg_02,2024-01-28,27,prod_019,ctx_038,0.5777409960874599,0.5693979859352112,energy_drink,2.382466025999956,winter,low
22,seg_02,2024-01-28,27,prod_017,ctx_063,0.6770707700519505,0.6683779358863831,energy_drink,2.649768824177834,winter,low
23,seg_01,2024-01-28,27,prod_002,ctx_094,0.7482933788107466,0.7395328879356384,soda,3.311333500027431,winter,low
24,seg_00,2024-01-28,27,prod_026,ctx_014,0.5804355795098673,0.5752516984939575,water_enhanced,2.66605494153826,winter,low
25,seg_01,2024-01-28,27,prod_026,ctx_071,0.578844096728728,0.5706803798675537,water_enhanced,2.66605494153826,winter,low
26,seg_00,2024-01-28,27,prod_017,ctx_010,0.6360430572261078,0.6306633353233337,energy_drink,2.649768824177834,winter,low
27,seg_04,2024-01-28,27,prod_025,ctx_001,0.49902639248447733,0.4952270984649658,tea,2.294411378083121,winter,low
28,seg_00,2024-01-28,27,prod_024,ctx_062,0.7621735571072398,0.7563496232032776,coffee_drink,2.568857200208462,winter,low
29,seg_04,2024-01-28,27,prod_039,ctx_005,0.6639318647393491,0.6595517992973328,water_enhanced,3.980187598414293,winter,low
30,seg_00,2024-01-28,27,prod_030,ctx_057,0.641951373790352,0.6365508437156677,sports_drink,1.8971601888179592,winter,low
31,seg_02,2024-01-28,27,prod_013,ctx_002,0.5284553381387581,0.5202859044075012,sports_drink,4.014254699623839,winter,low
32,seg_02,2024-01-28,27,prod_048,ctx_061,0.6430364596740313,0.6344634890556335,energy_drink,4.1292231716985945,winter,low
33,seg_01,2024-01-28,27,prod_019,ctx_074,0.5615705731426442,0.5534676909446716,energy_drink,2.382466025999956,winter,low
34,seg_00,2024-01-28,27,prod_008,ctx_035,0.7984138559326495,0.7924622893333435,tea,4.7928997443459895,winter,low
35,seg_02,2024-01-28,27,prod_003,ctx_005,0.6641647207739462,0.6555173397064209,water_enhanced,2.14486428052576,winter,low
36,seg_02,2024-01-28,27,prod_048,ctx_038,0.698270211364786,0.6895027160644531,energy_drink,4.1292231716985945,winter,low
37,seg_03,2024-01-28,27,prod_032,ctx_096,0.5751249887114172,0.5682719945907593,sports_drink,4.424979789666951,winter,low
38,seg_04,2024-01-28,27,prod_037,ctx_052,0.7288854838579866,0.7242766618728638,tea,4.546698643065129,winter,low
39,seg_00,2024-01-28,27,prod_037,ctx_059,0.5943852862290815,0.5891522765159607,tea,4.546698643065129,winter,low
40,seg_03,2024-01-28,27,prod_008,ctx_099,0.5242026643879801,0.5175290107727051,tea,4.7928997443459895,winter,low
41,seg_02,2024-01-28,27,prod_019,ctx_048,0.5805483676111725,0.5721954703330994,energy_drink,2.382466025999956,winter,low
42,seg_01,2024-01-28,27,prod_008,ctx_001,0.6142904670112002,0.6060019135475159,tea,4.7928997443459895,winter,low
43,seg_04,2024-01-28,27,prod_008,ctx_065,0.5802732819712628,0.5761878490447998,tea,4.7928997443459895,winter,low
44,seg_01,2024-01-28,27,prod_013,ctx_001,0.5722723686170024,0.5641317963600159,sports_drink,4.014254699623839,winter,low
45,seg_02,2024-01-28,27,prod_025,ctx_074,0.5931690380691396,0.5847716927528381,tea,2.294411378083121,winter,low
46,seg_03,2024-01-28,27,prod_045,ctx_013,0.6350549596263957,0.6279909014701843,coffee_drink,3.3408300585972106,winter,low
47,seg_02,2024-01-28,27,prod_026,ctx_013,0.5983093859328054,0.5898939371109009,water_enhanced,2.66605494153826,winter,low
48,seg_00,2024-01-28,27,prod_039,ctx_063,0.6322730181841221,0.6269065737724304,water_enhanced,3.980187598414293,winter,low
49,seg_03,2024-01-28,27,prod_019,ctx_032,0.5126561571767603,0.5060231685638428,energy_drink,2.382466025999956,winter,low
0,seg_01,2024-01-29,28,prod_048,ctx_069,0.7419409336070605,0.7332028150558472,energy_drink,3.9234073475226983,winter,low
1,seg_04,2024-01-29,28,prod_037,ctx_052,0.5788171980022482,0.5747368931770325,tea,4.433865316276531,winter,low
2,seg_04,2024-01-29,28,prod_004,ctx_057,0.6977857721574626,0.6932864785194397,water_enhanced,1.5912218659934696,winter,low
3,seg_00,2024-01-29,28,prod_013,ctx_096,0.5698715386828674,0.564724862575531,sports_drink,3.9234970028369456,winter,low
4,seg_00,2024-01-29,28,prod_026,ctx_094,0.7545191121601553,0.7487221360206604,water_enhanced,2.655695084234553,winter,low
5,seg_02,2024-01-29,28,prod_045,ctx_014,0.575215474280791,0.5668813586235046,coffee_drink,3.141093835947152,winter,low
6,seg_00,2024-01-29,28,prod_012,ctx_074,0.5599333453918245,0.5548216700553894,water_enhanced,3.855791924024252,winter,low
7,seg_00,2024-01-29,28,prod_039,ctx_010,0.6752717286880856,0.6697538495063782,water_enhanced,3.851954406290379,winter,low
8,seg_00,2024-01-29,28,prod_012,ctx_062,0.5577793364443575,0.5526752471923828,water_enhanced,3.855791924024252,winter,low
9,seg_04,2024-01-29,28,prod_012,ctx_052,0.6060316065680988,0.601855456829071,water_enhanced,3.855791924024252,winter,low
10,seg_01,2024-01-29,28,prod_019,ctx_016,0.5724926683852265,0.5643513202667236,energy_drink,2.426913320146728,winter,low
11,seg_01,2024-01-29,28,prod_012,ctx_032,0.5190528973212923,0.5110997557640076,water_enhanced,3.855791924024252,winter,low
12,seg_03,2024-01-29,28,prod_025,ctx_066,0.8835213362563289,0.875582218170166,tea,2.3046872684095696,winter,low
13,seg_03,2024-01-29,28,prod_025,ctx_032,0.665236685841463,0.6580663323402405,tea,2.3046872684095696,winter,low
14,seg_03,2024-01-29,28,prod_004,ctx_052,0.5877865130226824,0.5808889269828796,water_enhanced,1.5912218659934696,winter,low
15,seg_01,2024-01-29,28,prod_049,ctx_059,0.6898684207842527,0.681313693523407,juice,1.697532754008258,winter,low
16,seg_01,2024-01-29,28,prod_008,ctx_010,0.769669873426309,0.7608340978622437,tea,4.828701020274039,winter,low
17,seg_00,2024-01-29,28,prod_032,ctx_032,0.5567087023006039,0.5516083836555481,sports_drink,4.387505885195738,winter,low
18,seg_00,2024-01-29,28,prod_025,ctx_017,0.6121390070835074,0.6068434715270996,tea,2.3046872684095696,winter,low
19,seg_01,2024-01-29,28,prod_019,ctx_087,0.6295004822062447,0.6211583614349365,energy_drink,2.426913320146728,winter,low
20,seg_04,2024-01-29,28,prod_013,ctx_010,0.7815013589111904,0.7767072319984436,sports_drink,3.9234970028369456,winter,low
21,seg_02,2024-01-29,28,prod_030,ctx_096,0.5824064702449264,0.5740470290184021,sports_drink,1.8674259758995035,winter,low
22,seg_02,2024-01-29,28,prod_045,ctx_071,0.5494661817950063,0.5412227511405945,coffee_drink,3.141093835947152,winter,low
23,seg_01,2024-01-29,28,prod_039,ctx_045,0.6016044782402,0.5933606028556824,water_enhanced,3.851954406290379,winter,low
24,seg_00,2024-01-29,28,prod_030,ctx_059,0.7415747810869667,0.735823392868042,sports_drink,1.8674259758995035,winter,low
25,seg_01,2024-01-29,28,prod_008,ctx_074,0.6736362218424845,0.6651386618614197,tea,4.828701020274039,winter,low
26,seg_00,2024-01-29,28,prod_025,ctx_053,0.5811869793709675,0.576000452041626,tea,2.3046872684095696,winter,low
27,seg_04,2024-01-29,28,prod_045,ctx_062,0.5992856364729799,0.5951332449913025,coffee_drink,3.141093835947152,winter,low
28,seg_00,2024-01-29,28,prod_026,ctx_085,0.6181060024619325,0.6127894520759583,water_enhanced,2.655695084234553,winter,low
29,seg_04,2024-01-29,28,prod_019,ctx_065,0.7566120908803411,0.751905620098114,energy_drink,2.426913320146728,winter,low
30,seg_00,2024-01-29,28,prod_012,ctx_001,0.48249253366827244,0.4776535928249359,water_enhanced,3.855791924024252,winter,low
31,seg_02,2024-01-29,28,prod_017,ctx_062,0.618720162449541,0.6102328300476074,energy_drink,2.669099195457837,winter,low
32,seg_02,2024-01-29,28,prod_036,ctx_010,0.6279804688892983,0.6194605231285095,sports_drink,2.612033033038587,winter,low
33,seg_01,2024-01-29,28,prod_003,ctx_004,0.5925556189035305,0.5843436121940613,water_enhanced,2.179762568002228,winter,low
34,seg_00,2024-01-29,28,prod_004,ctx_010,0.5837509026034305,0.5785553455352783,water_enhanced,1.5912218659934696,winter,low
35,seg_02,2024-01-29,28,prod_004,ctx_065,0.7205463879824825,0.711700439453125,water_enhanced,1.5912218659934696,winter,low
36,seg_02,2024-01-29,28,prod_045,ctx_061,0.5995073668608515,0.5910876989364624,coffee_drink,3.141093835947152,winter,low
37,seg_03,2024-01-29,28,prod_048,ctx_083,0.6246028930503096,0.6175756454467773,energy_drink,3.9234073475226983,winter,low
38,seg_04,2024-01-29,28,prod_003,ctx_099,0.5140612684665542,0.5102090239524841,water_enhanced,2.179762568002228,winter,low
39,seg_00,2024-01-29,28,prod_019,ctx_045,0.6136224864622009,0.6083217263221741,energy_drink,2.426913320146728,winter,low
40,seg_03,2024-01-29,28,prod_048,ctx_096,0.5632702532336593,0.5564590096473694,energy_drink,3.9234073475226983,winter,low
41,seg_02,2024-01-29,28,prod_012,ctx_069,0.5317935704941269,0.523612380027771,water_enhanced,3.855791924024252,winter,low
42,seg_01,2024-01-29,28,prod_015,ctx_044,0.5836491798080071,0.5754685401916504,water_enhanced,3.378994772303283,winter,low
43,seg_04,2024-01-29,28,prod_008,ctx_069,0.5326043120854347,0.5286867618560791,tea,4.828701020274039,winter,low
44,seg_01,2024-01-29,28,prod_008,ctx_059,0.5675390639036937,0.5594151616096497,tea,4.828701020274039,winter,low
45,seg_02,2024-01-29,28,prod_046,ctx_044,0.675936911130838,0.6672480702400208,tea,2.080786990722701,winter,low
46,seg_03,2024-01-29,28,prod_002,ctx_069,0.5495966539622114,0.5428335666656494,soda,3.2648528269322576,winter,low
47,seg_02,2024-01-29,28,prod_012,ctx_004,0.5223031545761294,0.514155387878418,water_enhanced,3.855791924024252,winter,low
48,seg_00,2024-01-29,28,prod_004,ctx_083,0.6053262831080359,0.6000547409057617,water_enhanced,1.5912218659934696,winter,low
49,seg_03,2024-01-29,28,prod_017,ctx_069,0.534849549412371,0.5281383991241455,energy_drink,2.669099195457837,winter,low
0,seg_01,2024-01-30,29,prod_025,ctx_065,0.6227310046962704,0.6144127249717712,tea,2.3046872684095696,winter,low
1,seg_04,2024-01-30,29,prod_032,ctx_087,0.7006703054245935,0.6961608529090881,sports_drink,4.387505885195738,winter,low
2,seg_04,2024-01-30,29,prod_017,ctx_071,0.5177554617018312,0.5138902068138123,energy_drink,2.669099195457837,winter,low
3,seg_00,2024-01-30,29,prod_012,ctx_096,0.7184774599625687,0.7128074169158936,water_enhanced,3.855791924024252,winter,low
4,seg_00,2024-01-30,29,prod_039,ctx_085,0.5297429459575357,0.5247375965118408,water_enhanced,3.851954406290379,winter,low
5,seg_02,2024-01-30,29,prod_032,ctx_085,0.7735447220956986,0.7645121216773987,sports_drink,4.387505885195738,winter,low
6,seg_00,2024-01-30,29,prod_012,ctx_038,0.6136862495773046,0.6083852648735046,water_enhanced,3.855791924024252,winter,low
7,seg_00,2024-01-30,29,prod_017,ctx_010,0.552747493543917,0.5476611256599426,energy_drink,2.669099195457837,winter,low
8,seg_00,2024-01-30,29,prod_045,ctx_016,0.48979176542676073,0.4849271178245544,coffee_drink,3.141093835947152,winter,low
9,seg_04,2024-01-30,29,prod_025,ctx_099,0.7092090000251283,0.7046694755554199,tea,2.3046872684095696,winter,low
10,seg_01,2024-01-30,29,prod_002,ctx_005,0.6098912307761787,0.6016181707382202,soda,3.2648528269322576,winter,low
11,seg_01,2024-01-30,29,prod_024,ctx_027,0.6085319877859191,0.6002637147903442,coffee_drink,2.6731013567658444,winter,low
12,seg_03,2024-01-30,29,prod_030,ctx_087,0.6159772269963405,0.6089803576469421,sports_drink,1.8674259758995035,winter,low
13,seg_03,2024-01-30,29,prod_012,ctx_096,0.5633008786698067,0.5564895272254944,water_enhanced,3.855791924024252,winter,low
14,seg_03,2024-01-30,29,prod_013,ctx_071,0.5797630076439001,0.5728936791419983,sports_drink,3.9234970028369456,winter,low
15,seg_01,2024-01-30,29,prod_019,ctx_013,0.6259950660734698,0.6176652908325195,energy_drink,2.426913320146728,winter,low
16,seg_01,2024-01-30,29,prod_039,ctx_014,0.5460767941407966,0.5380284786224365,water_enhanced,3.851954406290379,winter,low
17,seg_00,2024-01-30,29,prod_025,ctx_025,0.5726125152180574,0.5674561858177185,tea,2.3046872684095696,winter,low
18,seg_00,2024-01-30,29,prod_013,ctx_038,0.5738669019786953,0.5687061548233032,sports_drink,3.9234970028369456,winter,low
19,seg_01,2024-01-30,29,prod_004,ctx_027,0.6387589343715478,0.6303842067718506,water_enhanced,1.5912218659934696,winter,low
20,seg_04,2024-01-30,29,prod_008,ctx_071,0.5633110372322706,0.5592853426933289,tea,4.828701020274039,winter,low
21,seg_02,2024-01-30,29,prod_032,ctx_005,0.6873575071250848,0.6786284446716309,sports_drink,4.387505885195738,winter,low
22,seg_02,2024-01-30,29,prod_032,ctx_014,0.5998025553909048,0.591381847858429,sports_drink,4.387505885195738,winter,low
23,seg_01,2024-01-30,29,prod_008,ctx_004,0.7426504627546779,0.7339098453521729,tea,4.828701020274039,winter,low
24,seg_00,2024-01-30,29,prod_032,ctx_057,0.6165792766177419,0.6112681031227112,sports_drink,4.387505885195738,winter,low
25,seg_01,2024-01-30,29,prod_026,ctx_065,0.6039370956883233,0.5956850051879883,water_enhanced,2.655695084234553,winter,low
26,seg_00,2024-01-30,29,prod_048,ctx_071,0.5272213719609952,0.5222249031066895,energy_drink,3.9234073475226983,winter,low
27,seg_04,2024-01-30,29,prod_045,ctx_052,0.5425855125807548,0.5386328101158142,coffee_drink,3.141093835947152,winter,low
28,seg_00,2024-01-30,29,prod_019,ctx_065,0.593590759533094,0.5883605480194092,energy_drink,2.426913320146728,winter,low
29,seg_04,2024-01-30,29,prod_019,ctx_005,0.6804983714206244,0.6760599613189697,energy_drink,2.426913320146728,winter,low
30,seg_00,2024-01-30,29,prod_008,ctx_032,0.4849266576889389,0.4800791442394256,tea,4.828701020274039,winter,low
31,seg_02,2024-01-30,29,prod_019,ctx_013,0.5843333006640972,0.5759670734405518,energy_drink,2.426913320146728,winter,low
32,seg_02,2024-01-30,29,prod_004,ctx_085,0.5944818045674334,0.5860798358917236,water_enhanced,1.5912218659934696,winter,low
33,seg_01,2024-01-30,29,prod_004,ctx_094,0.5376879966945299,0.5296692252159119,water_enhanced,1.5912218659934696,winter,low
34,seg_00,2024-01-30,29,prod_004,ctx_045,0.5840159442197763,0.5788194537162781,water_enhanced,1.5912218659934696,winter,low
35,seg_02,2024-01-30,29,prod_017,ctx_096,0.6617850286808071,0.6531460285186768,energy_drink,2.669099195457837,winter,low
36,seg_02,2024-01-30,29,prod_025,ctx_010,0.6758105213914251,0.6671221256256104,tea,2.3046872684095696,winter,low
37,seg_03,2024-01-30,29,prod_032,ctx_053,0.6242072148078976,0.6171813607215881,sports_drink,4.387505885195738,winter,low
38,seg_04,2024-01-30,29,prod_026,ctx_087,0.6045066153677525,0.6003358364105225,water_enhanced,2.655695084234553,winter,low
39,seg_00,2024-01-30,29,prod_048,ctx_076,0.5077271453623968,0.5027993321418762,energy_drink,3.9234073475226983,winter,low
40,seg_03,2024-01-30,29,prod_025,ctx_038,0.7051815857652155,0.6978705525398254,tea,2.3046872684095696,winter,low
41,seg_02,2024-01-30,29,prod_032,ctx_038,0.5636710606052453,0.5553776025772095,sports_drink,4.387505885195738,winter,low
42,seg_01,2024-01-30,29,prod_026,ctx_061,0.7694786438963028,0.7606435418128967,water_enhanced,2.655695084234553,winter,low
43,seg_04,2024-01-30,29,prod_030,ctx_090,0.546172756050736,0.5422074198722839,sports_drink,1.8674259758995035,winter,low
44,seg_01,2024-01-30,29,prod_045,ctx_032,0.6112724857986693,0.6029945611953735,coffee_drink,3.141093835947152,winter,low
45,seg_02,2024-01-30,29,prod_012,ctx_083,0.6046558496059941,0.5962180495262146,water_enhanced,3.855791924024252,winter,low
46,seg_03,2024-01-30,29,prod_003,ctx_004,0.523550677563749,0.5168793201446533,water_enhanced,2.179762568002228,winter,low
47,seg_02,2024-01-30,29,prod_048,ctx_032,0.5106334278366603,0.5025267601013184,energy_drink,3.9234073475226983,winter,low
48,seg_00,2024-01-30,29,prod_032,ctx_063,0.6083593377774206,0.6030771136283875,sports_drink,4.387505885195738,winter,low
49,seg_03,2024-01-30,29,prod_003,ctx_004,0.5231240748086649,0.5164542198181152,water_enhanced,2.179762568002228,winter,low
